fonte,competencia,codigo,descricao,unidade,grupo,custo,regime,publicado_em,arquivo_sha256,localizador,assinatura_tecnica,assinatura_tipo,percentual_as,nicho_id,nicho,classe,status_composicao,motivo_exclusao,custo_recalculado_hierarquia,diferenca_reconciliacao,localizador_analitico
sinapi_es,2026-05,100716,JATEAMENTO ABRASIVO COM GRANALHA DE AÇO EM PERFIL METÁLICO EM FÁBRICA. AF_01/2020,M2,Pintura em Superfícies Metálicas,25.27,sem_desoneracao,2026-06-12,928df42a952625eb12d41baf2b5ab17e1207af6e7881cb9f1c7fcac4708400e3,SINAPI_Referência_2026_05.xlsx!CSD!S8356,582d297149e8ecf6dd756ed07852b5666b7d28db1ada1c9cdbe9a858b52d337d,cpu_hierarquica_v1,0.7796,pintura,Pintura,pintura,ok,,25.27,0.0,SINAPI_Referência_2026_05.xlsx!Analítico!B52418
sinapi_es,2026-05,100717,LIXAMENTO MANUAL EM SUPERFÍCIES METÁLICAS EM OBRA. AF_01/2020,M2,Pintura em Superfícies Metálicas,13.33,sem_desoneracao,2026-06-12,928df42a952625eb12d41baf2b5ab17e1207af6e7881cb9f1c7fcac4708400e3,SINAPI_Referência_2026_05.xlsx!CSD!S8357,fe37f7329a6705014aa7996e626d2d5f771f37347625367fac0d4a7c1b0d9204,cpu_hierarquica_v1,0.0,pintura,Pintura,pintura,ok,,13.33,0.0,SINAPI_Referência_2026_05.xlsx!Analítico!B52424
sinapi_es,2026-05,100719,PINTURA COM TINTA ALQUÍDICA DE FUNDO (TIPO ZARCÃO) PULVERIZADA SOBRE PERFIL METÁLICO EXECUTADO EM FÁBRICA (POR DEMÃO). AF_01/2020_PE,M2,Pintura em Superfícies Metálicas,13.31,sem_desoneracao,2026-06-12,928df42a952625eb12d41baf2b5ab17e1207af6e7881cb9f1c7fcac4708400e3,SINAPI_Referência_2026_05.xlsx!CSD!S8384,4da82cc71ab68a3b961f67de58bdfc7da019a3f93874c85bc78277beb0221e1f,cpu_hierarquica_v1,0.0,pintura,Pintura,pintura,ok,,13.31,0.0,SINAPI_Referência_2026_05.xlsx!Analítico!B52525
sinapi_es,2026-05,100720,PINTURA COM TINTA ALQUÍDICA DE FUNDO (TIPO ZARCÃO) APLICADA A ROLO OU PINCEL SOBRE PERFIL METÁLICO EXECUTADO EM FÁBRICA (POR DEMÃO). AF_01/2020,M2,Pintura em Superfícies Metálicas,14.1,sem_desoneracao,2026-06-12,928df42a952625eb12d41baf2b5ab17e1207af6e7881cb9f1c7fcac4708400e3,SINAPI_Referência_2026_05.xlsx!CSD!S8382,a6bc2353f4d41488eb0e7ac19eaabf17438f08e7b16c1c7b178237ee57938325,cpu_hierarquica_v1,0.0,pintura,Pintura,pintura,ok,,14.1,0.0,SINAPI_Referência_2026_05.xlsx!Analítico!B52517
sinapi_es,2026-05,100721,PINTURA COM TINTA ALQUÍDICA DE FUNDO (TIPO ZARCÃO) PULVERIZADA SOBRE SUPERFÍCIES METÁLICAS (EXCETO PERFIL) EXECUTADO EM OBRA (POR DEMÃO). AF_01/2020_PE,M2,Pintura em Superfícies Metálicas,32.73,sem_desoneracao,2026-06-12,928df42a952625eb12d41baf2b5ab17e1207af6e7881cb9f1c7fcac4708400e3,SINAPI_Referência_2026_05.xlsx!CSD!S8385,8e97aebd181313cc7d78fa3ef8c14517d8d4d444fba9ac605818727d4361cc9b,cpu_hierarquica_v1,0.0,pintura,Pintura,pintura,ok,,32.73,0.0,SINAPI_Referência_2026_05.xlsx!Analítico!B52529
sinapi_es,2026-05,100722,PINTURA COM TINTA ALQUÍDICA DE FUNDO (TIPO ZARCÃO) APLICADA A ROLO OU PINCEL SOBRE SUPERFÍCIES METÁLICAS (EXCETO PERFIL) EXECUTADO EM OBRA (POR DEMÃO). AF_01/2020,M2,Pintura em Superfícies Metálicas,32.81,sem_desoneracao,2026-06-12,928df42a952625eb12d41baf2b5ab17e1207af6e7881cb9f1c7fcac4708400e3,SINAPI_Referência_2026_05.xlsx!CSD!S8383,d3b6a0360f419a962ac6f7d16a273363469e66bf36f88c72de3ccfe4311e8070,cpu_hierarquica_v1,0.0,pintura,Pintura,pintura,ok,,32.81,0.0,SINAPI_Referência_2026_05.xlsx!Analítico!B52521
sinapi_es,2026-05,100723,PINTURA COM TINTA ALQUÍDICA DE FUNDO E ACABAMENTO (ESMALTE SINTÉTICO GRAFITE) PULVERIZADA SOBRE PERFIL METÁLICO EXECUTADO EM FÁBRICA (POR DEMÃO). AF_01/2020_PE,M2,Pintura em Superfícies Metálicas,14.26,sem_desoneracao,2026-06-12,928df42a952625eb12d41baf2b5ab17e1207af6e7881cb9f1c7fcac4708400e3,SINAPI_Referência_2026_05.xlsx!CSD!S8388,d5e48b79c3240e720756d5f670b80e2cb84a95362d6f080f269f3666221288f6,cpu_hierarquica_v1,0.0,pintura,Pintura,pintura,ok,,14.26,0.0,SINAPI_Referência_2026_05.xlsx!Analítico!B52541
sinapi_es,2026-05,100724,PINTURA COM TINTA ALQUÍDICA DE FUNDO E ACABAMENTO (ESMALTE SINTÉTICO GRAFITE) APLICADA A ROLO OU PINCEL SOBRE PERFIL METÁLICO EXECUTADO EM FÁBRICA (POR DEMÃO). AF_01/2020,M2,Pintura em Superfícies Metálicas,17.96,sem_desoneracao,2026-06-12,928df42a952625eb12d41baf2b5ab17e1207af6e7881cb9f1c7fcac4708400e3,SINAPI_Referência_2026_05.xlsx!CSD!S8386,8a9d9f5062cf753d5988c266d1ca4d528cf5e3de05380bdc2c169fede8d9faa4,cpu_hierarquica_v1,0.0,pintura,Pintura,pintura,ok,,17.96,0.0,SINAPI_Referência_2026_05.xlsx!Analítico!B52533
sinapi_es,2026-05,100725,PINTURA COM TINTA ALQUÍDICA DE FUNDO E ACABAMENTO (ESMALTE SINTÉTICO GRAFITE) PULVERIZADA SOBRE SUPERFÍCIES METÁLICAS (EXCETO PERFIL) EXECUTADO EM OBRA (POR DEMÃO). AF_01/2020_PE,M2,Pintura em Superfícies Metálicas,33.04,sem_desoneracao,2026-06-12,928df42a952625eb12d41baf2b5ab17e1207af6e7881cb9f1c7fcac4708400e3,SINAPI_Referência_2026_05.xlsx!CSD!S8389,86189036a7b7258b937dcdc6fdae76982816c9e0596686bb1384be2a1c2183bd,cpu_hierarquica_v1,0.0,pintura,Pintura,pintura,ok,,33.04,0.0,SINAPI_Referência_2026_05.xlsx!Analítico!B52545
sinapi_es,2026-05,100726,PINTURA COM TINTA ALQUÍDICA DE FUNDO E ACABAMENTO (ESMALTE SINTÉTICO GRAFITE) APLICADA A ROLO OU PINCEL SOBRE SUPERFÍCIES METÁLICAS (EXCETO PERFIL) EXECUTADO EM OBRA (POR DEMÃO). AF_01/2020,M2,Pintura em Superfícies Metálicas,36.55,sem_desoneracao,2026-06-12,928df42a952625eb12d41baf2b5ab17e1207af6e7881cb9f1c7fcac4708400e3,SINAPI_Referência_2026_05.xlsx!CSD!S8387,e45a4f902f1995876411a247a7fffadcc6eb19f92a5187f31e2c624363956837,cpu_hierarquica_v1,0.0,pintura,Pintura,pintura,ok,,36.55,0.0,SINAPI_Referência_2026_05.xlsx!Analítico!B52537
sinapi_es,2026-05,100727,PINTURA COM TINTA EPOXÍDICA DE FUNDO PULVERIZADA SOBRE PERFIL METÁLICO EXECUTADO EM FÁBRICA (POR DEMÃO). AF_01/2020_PE,M2,Pintura em Superfícies Metálicas,32.27,sem_desoneracao,2026-06-12,928df42a952625eb12d41baf2b5ab17e1207af6e7881cb9f1c7fcac4708400e3,SINAPI_Referência_2026_05.xlsx!CSD!S8397,746717620bb4f36fea6d3c01b7ed2c918792aac427591379aae5b781a6e20619,cpu_hierarquica_v1,0.0,pintura,Pintura,pintura,ok,,32.27,0.0,SINAPI_Referência_2026_05.xlsx!Analítico!B52578
sinapi_es,2026-05,100728,PINTURA COM TINTA EPOXÍDICA DE FUNDO APLICADA A ROLO OU PINCEL SOBRE PERFIL METÁLICO EXECUTADO EM FÁBRICA (POR DEMÃO). AF_01/2020,M2,Pintura em Superfícies Metálicas,29.85,sem_desoneracao,2026-06-12,928df42a952625eb12d41baf2b5ab17e1207af6e7881cb9f1c7fcac4708400e3,SINAPI_Referência_2026_05.xlsx!CSD!S8394,d7cfbe2de2e91571c55036a31036283a7aa55d8573b40703221487dfe05ed74b,cpu_hierarquica_v1,0.0,pintura,Pintura,pintura,ok,,29.85,0.0,SINAPI_Referência_2026_05.xlsx!Analítico!B52565
sinapi_es,2026-05,100729,PINTURA COM TINTA EPOXÍDICA DE ACABAMENTO PULVERIZADA SOBRE PERFIL METÁLICO EXECUTADO EM FÁBRICA (POR DEMÃO). AF_01/2020_PE,M2,Pintura em Superfícies Metálicas,24.39,sem_desoneracao,2026-06-12,928df42a952625eb12d41baf2b5ab17e1207af6e7881cb9f1c7fcac4708400e3,SINAPI_Referência_2026_05.xlsx!CSD!S8393,bc44b0d04bce6ca672e76c7bcfa250fb1cfbb234416b97a2f1c71aeb371f5554,cpu_hierarquica_v1,0.0,pintura,Pintura,pintura,ok,,24.39,0.0,SINAPI_Referência_2026_05.xlsx!Analítico!B52561
sinapi_es,2026-05,100730,PINTURA COM TINTA EPOXÍDICA DE ACABAMENTO APLICADA A ROLO OU PINCEL SOBRE PERFIL METÁLICO EXECUTADO EM FÁBRICA (POR DEMÃO). AF_01/2020,M2,Pintura em Superfícies Metálicas,29.32,sem_desoneracao,2026-06-12,928df42a952625eb12d41baf2b5ab17e1207af6e7881cb9f1c7fcac4708400e3,SINAPI_Referência_2026_05.xlsx!CSD!S8391,88da3173a8cb5211e4d71e2930f8e4b9fff729d77bcd10d939263b4d2cf385ed,cpu_hierarquica_v1,0.0,pintura,Pintura,pintura,ok,,29.32,0.0,SINAPI_Referência_2026_05.xlsx!Analítico!B52553
sinapi_es,2026-05,100733,PINTURA COM TINTA ACRÍLICA DE FUNDO PULVERIZADA SOBRE SUPERFÍCIES METÁLICAS (EXCETO PERFIL) EXECUTADO EM OBRA (POR DEMÃO). AF_01/2020_PE,M2,Pintura em Superfícies Metálicas,16.62,sem_desoneracao,2026-06-12,928df42a952625eb12d41baf2b5ab17e1207af6e7881cb9f1c7fcac4708400e3,SINAPI_Referência_2026_05.xlsx!CSD!S8363,932fdcf9c8521ae64c7fbd6a616df2488825cf6d376d2f958d7b2a3af50b1c62,cpu_hierarquica_v1,0.0,pintura,Pintura,pintura,ok,,16.62,0.0,SINAPI_Referência_2026_05.xlsx!Analítico!B52442
sinapi_es,2026-05,100734,PINTURA COM TINTA ACRÍLICA DE FUNDO APLICADA A ROLO OU PINCEL SOBRE SUPERFÍCIES METÁLICAS (EXCETO PERFIL) EXECUTADO EM OBRA (POR DEMÃO). AF_01/2020,M2,Pintura em Superfícies Metálicas,21.54,sem_desoneracao,2026-06-12,928df42a952625eb12d41baf2b5ab17e1207af6e7881cb9f1c7fcac4708400e3,SINAPI_Referência_2026_05.xlsx!CSD!S8362,6bcc324322fe468321208e28cd6b84ead5e337dd957cd84a64a3ad91ab9d8444,cpu_hierarquica_v1,0.0,pintura,Pintura,pintura,ok,,21.54,0.0,SINAPI_Referência_2026_05.xlsx!Analítico!B52439
sinapi_es,2026-05,100735,PINTURA COM TINTA ACRÍLICA DE ACABAMENTO PULVERIZADA SOBRE SUPERFÍCIES METÁLICAS (EXCETO PERFIL) EXECUTADO EM OBRA (POR DEMÃO). AF_01/2020_PE,M2,Pintura em Superfícies Metálicas,14.95,sem_desoneracao,2026-06-12,928df42a952625eb12d41baf2b5ab17e1207af6e7881cb9f1c7fcac4708400e3,SINAPI_Referência_2026_05.xlsx!CSD!S8361,4ef7f09081d11a0737f557387659bd71700872b76f27c6673368e32724aee8bd,cpu_hierarquica_v1,0.0,pintura,Pintura,pintura,ok,,14.95,0.0,SINAPI_Referência_2026_05.xlsx!Analítico!B52436
sinapi_es,2026-05,100736,PINTURA COM TINTA ACRÍLICA DE ACABAMENTO APLICADA A ROLO OU PINCEL SOBRE SUPERFÍCIES METÁLICAS (EXCETO PERFIL) EXECUTADO EM OBRA (POR DEMÃO). AF_01/2020,M2,Pintura em Superfícies Metálicas,20.13,sem_desoneracao,2026-06-12,928df42a952625eb12d41baf2b5ab17e1207af6e7881cb9f1c7fcac4708400e3,SINAPI_Referência_2026_05.xlsx!CSD!S8359,531cb8f43a7e40f710d3ad89e7bd1f6f325860e0e47dfb390ea50458e96b70f2,cpu_hierarquica_v1,0.0,pintura,Pintura,pintura,ok,,20.13,0.0,SINAPI_Referência_2026_05.xlsx!Analítico!B52430
sinapi_es,2026-05,100739,PINTURA COM TINTA ALQUÍDICA DE ACABAMENTO (ESMALTE SINTÉTICO ACETINADO) PULVERIZADA SOBRE PERFIL METÁLICO EXECUTADO EM FÁBRICA (POR DEMÃO). AF_01/2020_PE,M2,Pintura em Superfícies Metálicas,13.1,sem_desoneracao,2026-06-12,928df42a952625eb12d41baf2b5ab17e1207af6e7881cb9f1c7fcac4708400e3,SINAPI_Referência_2026_05.xlsx!CSD!S8367,9131b26ab39fdafea0dd570d66c22fe5344d359a9a3e9a2359e2cc8958324337,cpu_hierarquica_v1,0.0,pintura,Pintura,pintura,ok,,13.1,0.0,SINAPI_Referência_2026_05.xlsx!Analítico!B52457
sinapi_es,2026-05,100740,PINTURA COM TINTA ALQUÍDICA DE ACABAMENTO (ESMALTE SINTÉTICO ACETINADO) APLICADA A ROLO OU PINCEL SOBRE PERFIL METÁLICO EXECUTADO EM FÁBRICA (POR DEMÃO). AF_01/2020,M2,Pintura em Superfícies Metálicas,14.77,sem_desoneracao,2026-06-12,928df42a952625eb12d41baf2b5ab17e1207af6e7881cb9f1c7fcac4708400e3,SINAPI_Referência_2026_05.xlsx!CSD!S8364,32f9714aa77647ab00a57b26fbaf62f8e70d8b3c728e45cc76e68817c999282f,cpu_hierarquica_v1,0.0,pintura,Pintura,pintura,ok,,14.77,0.0,SINAPI_Referência_2026_05.xlsx!Analítico!B52445
sinapi_es,2026-05,100741,PINTURA COM TINTA ALQUÍDICA DE ACABAMENTO (ESMALTE SINTÉTICO ACETINADO) PULVERIZADA SOBRE SUPERFÍCIES METÁLICAS (EXCETO PERFIL) EXECUTADO EM OBRA (POR DEMÃO). AF_01/2020_PE,M2,Pintura em Superfícies Metálicas,32.28,sem_desoneracao,2026-06-12,928df42a952625eb12d41baf2b5ab17e1207af6e7881cb9f1c7fcac4708400e3,SINAPI_Referência_2026_05.xlsx!CSD!S8369,3fcfdc837a5042b13b81f9b4989ed4313500010f972b9fb8651d54bb81dc011a,cpu_hierarquica_v1,0.0,pintura,Pintura,pintura,ok,,32.28,0.0,SINAPI_Referência_2026_05.xlsx!Analítico!B52465
sinapi_es,2026-05,100742,PINTURA COM TINTA ALQUÍDICA DE ACABAMENTO (ESMALTE SINTÉTICO ACETINADO) APLICADA A ROLO OU PINCEL SOBRE SUPERFÍCIES METÁLICAS (EXCETO PERFIL) EXECUTADO EM OBRA (POR DEMÃO). AF_01/2020,M2,Pintura em Superfícies Metálicas,33.44,sem_desoneracao,2026-06-12,928df42a952625eb12d41baf2b5ab17e1207af6e7881cb9f1c7fcac4708400e3,SINAPI_Referência_2026_05.xlsx!CSD!S8366,250cc6d1c54d9066bb70134f4f9be437f159939afc213a2113c328be19e9b908,cpu_hierarquica_v1,0.0,pintura,Pintura,pintura,ok,,33.44,0.0,SINAPI_Referência_2026_05.xlsx!Analítico!B52453
sinapi_es,2026-05,100743,PINTURA COM TINTA ALQUÍDICA DE ACABAMENTO (ESMALTE SINTÉTICO BRILHANTE) PULVERIZADA SOBRE PERFIL METÁLICO EXECUTADO EM FÁBRICA (POR DEMÃO). AF_01/2020_PE,M2,Pintura em Superfícies Metálicas,12.81,sem_desoneracao,2026-06-12,928df42a952625eb12d41baf2b5ab17e1207af6e7881cb9f1c7fcac4708400e3,SINAPI_Referência_2026_05.xlsx!CSD!S8373,385db6b05ed5c560bb292febcd521e7ae04c4fa397bece2a2755e943c834b709,cpu_hierarquica_v1,0.0,pintura,Pintura,pintura,ok,,12.81,0.0,SINAPI_Referência_2026_05.xlsx!Analítico!B52481
sinapi_es,2026-05,100744,PINTURA COM TINTA ALQUÍDICA DE ACABAMENTO (ESMALTE SINTÉTICO BRILHANTE) APLICADA A ROLO OU PINCEL SOBRE PERFIL METÁLICO EXECUTADO EM FÁBRICA (POR DEMÃO). AF_01/2020,M2,Pintura em Superfícies Metálicas,14.58,sem_desoneracao,2026-06-12,928df42a952625eb12d41baf2b5ab17e1207af6e7881cb9f1c7fcac4708400e3,SINAPI_Referência_2026_05.xlsx!CSD!S8370,e3a8a7a3eee967c5dab83649a50ce57b066189d277ecb9cad5b980f52ac38aef,cpu_hierarquica_v1,0.0,pintura,Pintura,pintura,ok,,14.58,0.0,SINAPI_Referência_2026_05.xlsx!Analítico!B52469
sinapi_es,2026-05,100745,PINTURA COM TINTA ALQUÍDICA DE ACABAMENTO (ESMALTE SINTÉTICO BRILHANTE) PULVERIZADA SOBRE SUPERFÍCIES METÁLICAS (EXCETO PERFIL) EXECUTADO EM OBRA (POR DEMÃO). AF_01/2020_PE,M2,Pintura em Superfícies Metálicas,31.97,sem_desoneracao,2026-06-12,928df42a952625eb12d41baf2b5ab17e1207af6e7881cb9f1c7fcac4708400e3,SINAPI_Referência_2026_05.xlsx!CSD!S8375,d127ef81dc8560eb70836d22138b8c828ce8b32357c0032100f9f820b1f1129c,cpu_hierarquica_v1,0.0,pintura,Pintura,pintura,ok,,31.97,0.0,SINAPI_Referência_2026_05.xlsx!Analítico!B52489
sinapi_es,2026-05,100746,PINTURA COM TINTA ALQUÍDICA DE ACABAMENTO (ESMALTE SINTÉTICO BRILHANTE) APLICADA A ROLO OU PINCEL SOBRE SUPERFÍCIES METÁLICAS (EXCETO PERFIL) EXECUTADO EM OBRA (POR DEMÃO). AF_01/2020,M2,Pintura em Superfícies Metálicas,33.25,sem_desoneracao,2026-06-12,928df42a952625eb12d41baf2b5ab17e1207af6e7881cb9f1c7fcac4708400e3,SINAPI_Referência_2026_05.xlsx!CSD!S8372,ba80df7644993275978d50f2a87f62e07c84799a0f8d5b2b627245989d5de56a,cpu_hierarquica_v1,0.0,pintura,Pintura,pintura,ok,,33.25,0.0,SINAPI_Referência_2026_05.xlsx!Analítico!B52477
sinapi_es,2026-05,100747,PINTURA COM TINTA ALQUÍDICA DE ACABAMENTO (ESMALTE SINTÉTICO FOSCO) PULVERIZADA SOBRE PERFIL METÁLICO EXECUTADO EM FÁBRICA (POR DEMÃO). AF_01/2020_PE,M2,Pintura em Superfícies Metálicas,12.93,sem_desoneracao,2026-06-12,928df42a952625eb12d41baf2b5ab17e1207af6e7881cb9f1c7fcac4708400e3,SINAPI_Referência_2026_05.xlsx!CSD!S8379,2b5101f40cf5ec9a11c422039b89a8e17106a0eeb24b9db88059db8b508c3dec,cpu_hierarquica_v1,0.0,pintura,Pintura,pintura,ok,,12.93,0.0,SINAPI_Referência_2026_05.xlsx!Analítico!B52505
sinapi_es,2026-05,100748,PINTURA COM TINTA ALQUÍDICA DE ACABAMENTO (ESMALTE SINTÉTICO FOSCO) APLICADA A ROLO OU PINCEL SOBRE PERFIL METÁLICO EXECUTADO EM FÁBRICA (POR DEMÃO). AF_01/2020,M2,Pintura em Superfícies Metálicas,14.66,sem_desoneracao,2026-06-12,928df42a952625eb12d41baf2b5ab17e1207af6e7881cb9f1c7fcac4708400e3,SINAPI_Referência_2026_05.xlsx!CSD!S8376,b637eb49fe0a7f75edc9a4de5aec65f828df19d9e6961d1de219068ef890abe1,cpu_hierarquica_v1,0.0,pintura,Pintura,pintura,ok,,14.66,0.0,SINAPI_Referência_2026_05.xlsx!Analítico!B52493
sinapi_es,2026-05,100749,PINTURA COM TINTA ALQUÍDICA DE ACABAMENTO (ESMALTE SINTÉTICO FOSCO) PULVERIZADA SOBRE SUPERFÍCIES METÁLICAS (EXCETO PERFIL) EXECUTADO EM OBRA (POR DEMÃO). AF_01/2020_PE,M2,Pintura em Superfícies Metálicas,32.1,sem_desoneracao,2026-06-12,928df42a952625eb12d41baf2b5ab17e1207af6e7881cb9f1c7fcac4708400e3,SINAPI_Referência_2026_05.xlsx!CSD!S8381,c7d66f694a398fac5b35d97b4c96de319a097545f066831e4de82d07fc4d84b8,cpu_hierarquica_v1,0.0,pintura,Pintura,pintura,ok,,32.1,0.0,SINAPI_Referência_2026_05.xlsx!Analítico!B52513
sinapi_es,2026-05,100750,PINTURA COM TINTA ALQUÍDICA DE ACABAMENTO (ESMALTE SINTÉTICO FOSCO) APLICADA A ROLO OU PINCEL SOBRE SUPERFÍCIES METÁLICAS (EXCETO PERFIL) EXECUTADO EM OBRA (POR DEMÃO). AF_01/2020,M2,Pintura em Superfícies Metálicas,33.33,sem_desoneracao,2026-06-12,928df42a952625eb12d41baf2b5ab17e1207af6e7881cb9f1c7fcac4708400e3,SINAPI_Referência_2026_05.xlsx!CSD!S8378,21ebecb0452a78836c3d6cfcb285b0ad38e07e02417679c732c6b568b6265a6a,cpu_hierarquica_v1,0.0,pintura,Pintura,pintura,ok,,33.33,0.0,SINAPI_Referência_2026_05.xlsx!Analítico!B52501
sinapi_es,2026-05,100751,PINTURA COM TINTA EPOXÍDICA DE ACABAMENTO PULVERIZADA SOBRE PERFIL METÁLICO EXECUTADO EM FÁBRICA (02 DEMÃOS). AF_01/2020_PE,M2,Pintura em Superfícies Metálicas,48.77,sem_desoneracao,2026-06-12,928df42a952625eb12d41baf2b5ab17e1207af6e7881cb9f1c7fcac4708400e3,SINAPI_Referência_2026_05.xlsx!CSD!S8392,2ae51fda8d2557a7a8f78bf665cd64da0266b293c55bb9382aa51bce0324bc4e,cpu_hierarquica_v1,0.0,pintura,Pintura,pintura,ok,,48.77,0.0,SINAPI_Referência_2026_05.xlsx!Analítico!B52557
sinapi_es,2026-05,100752,PINTURA COM TINTA EPOXÍDICA DE ACABAMENTO APLICADA A ROLO OU PINCEL SOBRE PERFIL METÁLICO EXECUTADO EM FÁBRICA (02 DEMÃOS). AF_01/2020,M2,Pintura em Superfícies Metálicas,58.66,sem_desoneracao,2026-06-12,928df42a952625eb12d41baf2b5ab17e1207af6e7881cb9f1c7fcac4708400e3,SINAPI_Referência_2026_05.xlsx!CSD!S8390,d5979573b931f25ea5d23b1415f5c1879f79917267dd70cd96cbaa0256a8b57e,cpu_hierarquica_v1,0.0,pintura,Pintura,pintura,ok,,58.66,0.0,SINAPI_Referência_2026_05.xlsx!Analítico!B52549
sinapi_es,2026-05,100753,PINTURA COM TINTA ACRÍLICA DE ACABAMENTO PULVERIZADA SOBRE SUPERFÍCIES METÁLICAS (EXCETO PERFIL) EXECUTADO EM OBRA (02 DEMÃOS). AF_01/2020_PE,M2,Pintura em Superfícies Metálicas,29.91,sem_desoneracao,2026-06-12,928df42a952625eb12d41baf2b5ab17e1207af6e7881cb9f1c7fcac4708400e3,SINAPI_Referência_2026_05.xlsx!CSD!S8360,ab89fd99d447c0c8a992d7f80364ba2e4f8da4fc15f6e9b9a1887062e5231dbb,cpu_hierarquica_v1,0.0,pintura,Pintura,pintura,ok,,29.91,0.0,SINAPI_Referência_2026_05.xlsx!Analítico!B52433
sinapi_es,2026-05,100754,PINTURA COM TINTA ACRÍLICA DE ACABAMENTO APLICADA A ROLO OU PINCEL SOBRE SUPERFÍCIES METÁLICAS (EXCETO PERFIL) EXECUTADO EM OBRA (02 DEMÃOS). AF_01/2020,M2,Pintura em Superfícies Metálicas,40.26,sem_desoneracao,2026-06-12,928df42a952625eb12d41baf2b5ab17e1207af6e7881cb9f1c7fcac4708400e3,SINAPI_Referência_2026_05.xlsx!CSD!S8358,2a3cbd9b66974bb4ca5af9acaace0ba54af33d31cec859aac3decbc704c602ea,cpu_hierarquica_v1,0.0,pintura,Pintura,pintura,ok,,40.26,0.0,SINAPI_Referência_2026_05.xlsx!Analítico!B52427
sinapi_es,2026-05,100757,PINTURA COM TINTA ALQUÍDICA DE ACABAMENTO (ESMALTE SINTÉTICO ACETINADO) PULVERIZADA SOBRE SUPERFÍCIES METÁLICAS (EXCETO PERFIL) EXECUTADO EM OBRA (02 DEMÃOS). AF_01/2020_PE,M2,Pintura em Superfícies Metálicas,64.57,sem_desoneracao,2026-06-12,928df42a952625eb12d41baf2b5ab17e1207af6e7881cb9f1c7fcac4708400e3,SINAPI_Referência_2026_05.xlsx!CSD!S8368,4c9918a3fe3bde4485d4a67fd125f22ea49793ff3a8ed1dc25ec8c70d07af7b6,cpu_hierarquica_v1,0.0,pintura,Pintura,pintura,ok,,64.57,0.0,SINAPI_Referência_2026_05.xlsx!Analítico!B52461
sinapi_es,2026-05,100758,PINTURA COM TINTA ALQUÍDICA DE ACABAMENTO (ESMALTE SINTÉTICO ACETINADO) APLICADA A ROLO OU PINCEL SOBRE SUPERFÍCIES METÁLICAS (EXCETO PERFIL) EXECUTADO EM OBRA (02 DEMÃOS). AF_01/2020,M2,Pintura em Superfícies Metálicas,66.91,sem_desoneracao,2026-06-12,928df42a952625eb12d41baf2b5ab17e1207af6e7881cb9f1c7fcac4708400e3,SINAPI_Referência_2026_05.xlsx!CSD!S8365,eeb542ceff59f72ce9cebe9462b8144f5cf35bb5dd7a1fc1446d56d5a1f9c1e2,cpu_hierarquica_v1,0.0,pintura,Pintura,pintura,ok,,66.91,0.0,SINAPI_Referência_2026_05.xlsx!Analítico!B52449
sinapi_es,2026-05,100759,PINTURA COM TINTA ALQUÍDICA DE ACABAMENTO (ESMALTE SINTÉTICO BRILHANTE) PULVERIZADA SOBRE SUPERFÍCIES METÁLICAS (EXCETO PERFIL) EXECUTADO EM OBRA (02 DEMÃOS). AF_01/2020_PE,M2,Pintura em Superfícies Metálicas,63.95,sem_desoneracao,2026-06-12,928df42a952625eb12d41baf2b5ab17e1207af6e7881cb9f1c7fcac4708400e3,SINAPI_Referência_2026_05.xlsx!CSD!S8374,0dbfbf9d23482427aa95e4e88c1a6c8b5cc22d77cf38d1cb3f2a63b5c854fee2,cpu_hierarquica_v1,0.0,pintura,Pintura,pintura,ok,,63.95,0.0,SINAPI_Referência_2026_05.xlsx!Analítico!B52485
sinapi_es,2026-05,100760,PINTURA COM TINTA ALQUÍDICA DE ACABAMENTO (ESMALTE SINTÉTICO BRILHANTE) APLICADA A ROLO OU PINCEL SOBRE SUPERFÍCIES METÁLICAS (EXCETO PERFIL) EXECUTADO EM OBRA (02 DEMÃOS). AF_01/2020,M2,Pintura em Superfícies Metálicas,66.53,sem_desoneracao,2026-06-12,928df42a952625eb12d41baf2b5ab17e1207af6e7881cb9f1c7fcac4708400e3,SINAPI_Referência_2026_05.xlsx!CSD!S8371,0b3893c3365e90bf99d348ac6b5ceaf98e70569aad05f1f18d8ead81a12fa321,cpu_hierarquica_v1,0.0,pintura,Pintura,pintura,ok,,66.53,0.0,SINAPI_Referência_2026_05.xlsx!Analítico!B52473
sinapi_es,2026-05,100761,PINTURA COM TINTA ALQUÍDICA DE ACABAMENTO (ESMALTE SINTÉTICO FOSCO) PULVERIZADA SOBRE SUPERFÍCIES METÁLICAS (EXCETO PERFIL) EXECUTADO EM OBRA (02 DEMÃOS). AF_01/2020_PE,M2,Pintura em Superfícies Metálicas,64.21,sem_desoneracao,2026-06-12,928df42a952625eb12d41baf2b5ab17e1207af6e7881cb9f1c7fcac4708400e3,SINAPI_Referência_2026_05.xlsx!CSD!S8380,c2fd617a390e7771d9702dbb4742d1b770ca6cbd93a78c743b284fc2fdc1da26,cpu_hierarquica_v1,0.0,pintura,Pintura,pintura,ok,,64.21,0.0,SINAPI_Referência_2026_05.xlsx!Analítico!B52509
sinapi_es,2026-05,100762,PINTURA COM TINTA ALQUÍDICA DE ACABAMENTO (ESMALTE SINTÉTICO FOSCO) APLICADA A ROLO OU PINCEL SOBRE SUPERFÍCIES METÁLICAS (EXCETO PERFIL) EXECUTADO EM OBRA (02 DEMÃOS). AF_01/2020,M2,Pintura em Superfícies Metálicas,66.69,sem_desoneracao,2026-06-12,928df42a952625eb12d41baf2b5ab17e1207af6e7881cb9f1c7fcac4708400e3,SINAPI_Referência_2026_05.xlsx!CSD!S8377,af0fa00ea38541cf997c2d2a8edee1051c0257a21bb11e79a45f66ff15fa3833,cpu_hierarquica_v1,0.0,pintura,Pintura,pintura,ok,,66.69,0.0,SINAPI_Referência_2026_05.xlsx!Analítico!B52497
sinapi_es,2026-05,101725,"PISO EM LADRILHO HIDRÁULICO APLICADO EM AMBIENTES INTERNOS DE ÁREA MENOR QUE 5 M², INCLUSO APLICAÇÃO DE RESINA. AF_02/2026",M2,Pisos,333.91,sem_desoneracao,2026-06-12,928df42a952625eb12d41baf2b5ab17e1207af6e7881cb9f1c7fcac4708400e3,SINAPI_Referência_2026_05.xlsx!CSD!S8441,14fc2cb3d08495efb6f4ef02813a2a3158b740123b68a4dd794377394ba4fe11,cpu_hierarquica_v1,0.0,pisos,Pisos e acabamentos de borda,pisos,ok,,333.91,0.0,SINAPI_Referência_2026_05.xlsx!Analítico!B52846
sinapi_es,2026-05,101726,"PISO EM LADRILHO HIDRÁULICO APLICADO EM AMBIENTES INTERNOS DE ÁREA ENTRE 5 E 15 M², INCLUSO APLICAÇÃO DE RESINA. AF_02/2026",M2,Pisos,241.17,sem_desoneracao,2026-06-12,928df42a952625eb12d41baf2b5ab17e1207af6e7881cb9f1c7fcac4708400e3,SINAPI_Referência_2026_05.xlsx!CSD!S8440,d318b1c57c7d2a264c14ce939bd28b8d4d6352900a3deae0b329e137b3eb633c,cpu_hierarquica_v1,0.0,pisos,Pisos e acabamentos de borda,pisos,ok,,241.17,0.0,SINAPI_Referência_2026_05.xlsx!Analítico!B52839
sinapi_es,2026-05,101727,"PISO VINÍLICO SEMI-FLEXÍVEL EM PLACAS, PADRÃO LISO, ESPESSURA 3,2 MM, FIXADO COM COLA. AF_02/2026",M2,Pisos,176.93,sem_desoneracao,2026-06-12,928df42a952625eb12d41baf2b5ab17e1207af6e7881cb9f1c7fcac4708400e3,SINAPI_Referência_2026_05.xlsx!CSD!S8457,d2c9123f55c5004378a19799cb2eed5806dc2149b493215db21146ae5c164614,cpu_hierarquica_v1,0.0,pisos,Pisos e acabamentos de borda,pisos,ok,,176.93,0.0,SINAPI_Referência_2026_05.xlsx!Analítico!B52932
sinapi_es,2026-05,101729,"PISO EM TACO DE MADEIRA 7X42CM, FIXADO COM COLA PU. AF_02/2026_PS",M2,Pisos,284.36,sem_desoneracao,2026-06-12,928df42a952625eb12d41baf2b5ab17e1207af6e7881cb9f1c7fcac4708400e3,SINAPI_Referência_2026_05.xlsx!CSD!S8447,f7dd0ce741e8ce87121e7944b2583ba88d5e842683c72bfc5a1394e9b61a9146,cpu_hierarquica_v1,0.0,pisos,Pisos e acabamentos de borda,pisos,ok,,284.36,0.0,SINAPI_Referência_2026_05.xlsx!Analítico!B52882
sinapi_es,2026-05,101731,PISO EM PEDRA SÃO TOMÉ ASSENTADO SOBRE ARGAMASSA 1:3 (CIMENTO E AREIA). AF_02/2026,M2,Pisos,392.85,sem_desoneracao,2026-06-12,928df42a952625eb12d41baf2b5ab17e1207af6e7881cb9f1c7fcac4708400e3,SINAPI_Referência_2026_05.xlsx!CSD!S8445,41242971224ef6d3a3340a672133b9690014697b6186ceefcb801d27cf6e68a5,cpu_hierarquica_v1,0.7,pisos,Pisos e acabamentos de borda,pisos,ok,,392.85,0.0,SINAPI_Referência_2026_05.xlsx!Analítico!B52871
sinapi_es,2026-05,101732,PISO EM PEDRA ARDÓSIA ASSENTADO SOBRE ARGAMASSA 1:3 (CIMENTO E AREIA). AF_02/2026,M2,Pisos,128.4,sem_desoneracao,2026-06-12,928df42a952625eb12d41baf2b5ab17e1207af6e7881cb9f1c7fcac4708400e3,SINAPI_Referência_2026_05.xlsx!CSD!S8443,4fe7417a3f709d2df200b8ebdc5169797fcbd911b787a9b72cea10edebfb7497,cpu_hierarquica_v1,0.382,pisos,Pisos e acabamentos de borda,pisos,ok,,128.4,0.0,SINAPI_Referência_2026_05.xlsx!Analítico!B52859
sinapi_es,2026-05,101733,"PISO DE BORRACHA PASTILHADO/FRISADO, ESPESSURA 7MM, ASSENTADO COM ARGAMASSA. AF_02/2026",M2,Pisos,261.13,sem_desoneracao,2026-06-12,928df42a952625eb12d41baf2b5ab17e1207af6e7881cb9f1c7fcac4708400e3,SINAPI_Referência_2026_05.xlsx!CSD!S8433,a15e308669bbf113338197cba5109669c88eefb77054fe32aa02f780f0da6b9a,cpu_hierarquica_v1,0.0,pisos,Pisos e acabamentos de borda,pisos,ok,,261.13,0.0,SINAPI_Referência_2026_05.xlsx!Analítico!B52799
sinapi_es,2026-05,101734,"PISO DE BORRACHA PASTILHADO, ESPESSURA 15MM, ASSENTADO COM ARGAMASSA. AF_02/2026",M2,Pisos,384.42,sem_desoneracao,2026-06-12,928df42a952625eb12d41baf2b5ab17e1207af6e7881cb9f1c7fcac4708400e3,SINAPI_Referência_2026_05.xlsx!CSD!S8431,891724368e47ed2daee6afb4dcd1817c28699a91704cd638cc3c297a7d74ed12,cpu_hierarquica_v1,0.0,pisos,Pisos e acabamentos de borda,pisos,ok,,384.42,0.0,SINAPI_Referência_2026_05.xlsx!Analítico!B52789
sinapi_es,2026-05,101735,"PISO DE BORRACHA ESPORTIVO, ESPESSURA 15MM, ASSENTADO COM ARGAMASSA. AF_02/2026",M2,Pisos,393.37,sem_desoneracao,2026-06-12,928df42a952625eb12d41baf2b5ab17e1207af6e7881cb9f1c7fcac4708400e3,SINAPI_Referência_2026_05.xlsx!CSD!S8430,0ef21bc685dc46f19db6ee7994a37bb52df6ae9a171d18ab9a0f3c0f79bee296,cpu_hierarquica_v1,0.0,pisos,Pisos e acabamentos de borda,pisos,ok,,393.37,0.0,SINAPI_Referência_2026_05.xlsx!Analítico!B52784
sinapi_es,2026-05,101736,"PISO DE BORRACHA PASTILHADO, ESPESSURA 3,5MM, FIXADO COM ADESIVO ACRÍLICO. AF_02/2026",M2,Pisos,115.0,sem_desoneracao,2026-06-12,928df42a952625eb12d41baf2b5ab17e1207af6e7881cb9f1c7fcac4708400e3,SINAPI_Referência_2026_05.xlsx!CSD!S8432,8e10af9b348a93b86a4db2a90e8344fed1bedcc533e18d06868ea584dc8f22e3,cpu_hierarquica_v1,0.0,pisos,Pisos e acabamentos de borda,pisos,ok,,115.0,0.0,SINAPI_Referência_2026_05.xlsx!Analítico!B52794
sinapi_es,2026-05,101737,"PISO DE BORRACHA CANELADO, ESPESSURA 3,5MM, FIXADO COM ADESIVO ACRÍLICO. AF_02/2026",M2,Pisos,132.69,sem_desoneracao,2026-06-12,928df42a952625eb12d41baf2b5ab17e1207af6e7881cb9f1c7fcac4708400e3,SINAPI_Referência_2026_05.xlsx!CSD!S8429,cbbb64b5f3d26d52c41a619e09c2d78fa381b0b69f505dc40d304211d035f78d,cpu_hierarquica_v1,0.0,pisos,Pisos e acabamentos de borda,pisos,ok,,132.69,0.0,SINAPI_Referência_2026_05.xlsx!Analítico!B52779
sinapi_es,2026-05,101746,ASSOALHO DE MADEIRA. AF_02/2026_PS,M2,Pisos,387.3,sem_desoneracao,2026-06-12,928df42a952625eb12d41baf2b5ab17e1207af6e7881cb9f1c7fcac4708400e3,SINAPI_Referência_2026_05.xlsx!CSD!S8419,c7b95ca80ac1bb948dbb3dcc903ff265c980a0a54c15657467a803bf6351be63,cpu_hierarquica_v1,0.0,pisos,Pisos e acabamentos de borda,pisos,ok,,387.3,0.0,SINAPI_Referência_2026_05.xlsx!Analítico!B52712
sinapi_es,2026-05,101748,PREPARO DE CONTRAPISO COM POLITRIZ. AF_02/2026_PE,M2,Pisos,4.55,sem_desoneracao,2026-06-12,928df42a952625eb12d41baf2b5ab17e1207af6e7881cb9f1c7fcac4708400e3,SINAPI_Referência_2026_05.xlsx!CSD!S8460,6d9c19c3eddaea4c3e80d9d195d33072ea364dd21bba238508ca4b01c1e17c96,cpu_hierarquica_v1,0.011,pisos,Pisos e acabamentos de borda,pisos,ok,,4.55,0.0,SINAPI_Referência_2026_05.xlsx!Analítico!B52947
sinapi_es,2026-05,101749,"PISO CIMENTADO, TRAÇO 1:5 (CIMENTO E AREIA), ACABAMENTO LISO, ESPESSURA 4,0 CM, PREPARO MECÂNICO DA ARGAMASSA. AF_02/2026",M2,Pisos,53.92,sem_desoneracao,2026-06-12,928df42a952625eb12d41baf2b5ab17e1207af6e7881cb9f1c7fcac4708400e3,SINAPI_Referência_2026_05.xlsx!CSD!S8424,44f1e6c14a559080313ca3077a5128d515315a03c85b713e8a08e824915acf53,cpu_hierarquica_v1,0.0258,pisos,Pisos e acabamentos de borda,pisos,ok,,53.92,0.0,SINAPI_Referência_2026_05.xlsx!Analítico!B52740
sinapi_es,2026-05,101750,"PISO CIMENTADO, TRAÇO 1:5 (CIMENTO E AREIA), ACABAMENTO RUGOSO, ESPESSURA 4,0 CM, PREPARO MECÂNICO DA ARGAMASSA. AF_02/2026",M2,Pisos,48.99,sem_desoneracao,2026-06-12,928df42a952625eb12d41baf2b5ab17e1207af6e7881cb9f1c7fcac4708400e3,SINAPI_Referência_2026_05.xlsx!CSD!S8427,354345f38f72d893237f314ab5122f1d08edf9b39c2f9ae2a6d9f50211267c21,cpu_hierarquica_v1,0.0284,pisos,Pisos e acabamentos de borda,pisos,ok,,48.99,0.0,SINAPI_Referência_2026_05.xlsx!Analítico!B52756
sinapi_es,2026-05,101751,"PISO EM TACO DE MADEIRA 7X21CM, FIXADO COM COLA PU. AF_02/2026_PS",M2,Pisos,287.92,sem_desoneracao,2026-06-12,928df42a952625eb12d41baf2b5ab17e1207af6e7881cb9f1c7fcac4708400e3,SINAPI_Referência_2026_05.xlsx!CSD!S8446,689b3bc9492a83437d27a3514fc6ecedc33f47f6458f79a4538428f1e03ae656,cpu_hierarquica_v1,0.0,pisos,Pisos e acabamentos de borda,pisos,ok,,287.92,0.0,SINAPI_Referência_2026_05.xlsx!Analítico!B52877
sinapi_es,2026-05,102193,LIXAMENTO DE MADEIRA PARA APLICAÇÃO DE FUNDO OU PINTURA. AF_01/2021,M2,Pintura em Madeira,2.78,sem_desoneracao,2026-06-12,928df42a952625eb12d41baf2b5ab17e1207af6e7881cb9f1c7fcac4708400e3,SINAPI_Referência_2026_05.xlsx!CSD!S8316,c8f8d637daed9c5936752863d1c263a158b880b37b23878ce93a39e633e316c3,cpu_hierarquica_v1,0.0,pintura,Pintura,pintura,ok,,2.78,0.0,SINAPI_Referência_2026_05.xlsx!Analítico!B52262
sinapi_es,2026-05,102194,LIXAMENTO DE MASSA PARA MADEIRA. AF_01/2021,M2,Pintura em Madeira,11.2,sem_desoneracao,2026-06-12,928df42a952625eb12d41baf2b5ab17e1207af6e7881cb9f1c7fcac4708400e3,SINAPI_Referência_2026_05.xlsx!CSD!S8317,5ec1021ae423afb12be85e93dd1bb9bbbb8c5c72888fba4200f64b5cdf0cd5ec,cpu_hierarquica_v1,0.0,pintura,Pintura,pintura,ok,,11.2,0.0,SINAPI_Referência_2026_05.xlsx!Analítico!B52265
sinapi_es,2026-05,102197,PINTURA FUNDO NIVELADOR ALQUÍDICO BRANCO EM MADEIRA. AF_01/2021,M2,Pintura em Madeira,35.0,sem_desoneracao,2026-06-12,928df42a952625eb12d41baf2b5ab17e1207af6e7881cb9f1c7fcac4708400e3,SINAPI_Referência_2026_05.xlsx!CSD!S8319,66debc409493c9536287484e9494ccb0df8ad0be016787994b9f01f111dc3332,cpu_hierarquica_v1,0.0,pintura,Pintura,pintura,ok,,35.0,0.0,SINAPI_Referência_2026_05.xlsx!Analítico!B52272
sinapi_es,2026-05,102200,"APLICAÇÃO MASSA ALQUÍDICA PARA MADEIRA, PARA PINTURA COM TINTA DE ACABAMENTO (PIGMENTADA). AF_01/2021",M2,Pintura em Madeira,27.83,sem_desoneracao,2026-06-12,928df42a952625eb12d41baf2b5ab17e1207af6e7881cb9f1c7fcac4708400e3,SINAPI_Referência_2026_05.xlsx!CSD!S8314,3361fc73f1c484d1b55e155240002db888fd8dacd41afec38ed420c5beaed3c9,cpu_hierarquica_v1,0.0,pintura,Pintura,pintura,ok,,27.83,0.0,SINAPI_Referência_2026_05.xlsx!Analítico!B52254
sinapi_es,2026-05,102201,"APLICAÇÃO MASSA ACRÍLICA PARA MADEIRA, PARA PINTURA COM TINTA DE ACABAMENTO (PIGMENTADA). AF_01/2021",M2,Pintura em Madeira,25.84,sem_desoneracao,2026-06-12,928df42a952625eb12d41baf2b5ab17e1207af6e7881cb9f1c7fcac4708400e3,SINAPI_Referência_2026_05.xlsx!CSD!S8313,5115eb78d12a28a62d39316ccfac3d3333776b3f6018a9976cc14cb9bf65bfb7,cpu_hierarquica_v1,0.0,pintura,Pintura,pintura,ok,,25.84,0.0,SINAPI_Referência_2026_05.xlsx!Analítico!B52250
sinapi_es,2026-05,102202,"APLICAÇÃO MASSA EPÓXI PARA MADEIRA, PARA PINTURA COM TINTA PU DE ACABAMENTO (PIGMENTADA). AF_01/2021",M2,Pintura em Madeira,66.58,sem_desoneracao,2026-06-12,928df42a952625eb12d41baf2b5ab17e1207af6e7881cb9f1c7fcac4708400e3,SINAPI_Referência_2026_05.xlsx!CSD!S8315,e70e02f34b756835555a329fac753af082747319524bc0a9d6007a77d331e224,cpu_hierarquica_v1,0.0,pintura,Pintura,pintura,ok,,66.58,0.0,SINAPI_Referência_2026_05.xlsx!Analítico!B52258
sinapi_es,2026-05,102203,"PINTURA VERNIZ (INCOLOR) ALQUÍDICO EM MADEIRA, USO INTERNO E EXTERNO, 1 DEMÃO. AF_01/2021",M2,Pintura em Madeira,13.08,sem_desoneracao,2026-06-12,928df42a952625eb12d41baf2b5ab17e1207af6e7881cb9f1c7fcac4708400e3,SINAPI_Referência_2026_05.xlsx!CSD!S8343,48f9ffe0a9364e6fb0be1a5c452a930e7fe879bf35f06fcf6dac2d331a27ae02,cpu_hierarquica_v1,0.0,pintura,Pintura,pintura,ok,,13.08,0.0,SINAPI_Referência_2026_05.xlsx!Analítico!B52367
sinapi_es,2026-05,102204,"PINTURA VERNIZ (INCOLOR) ALQUÍDICO EM MADEIRA, USO INTERNO, 1 DEMÃO. AF_01/2021",M2,Pintura em Madeira,13.42,sem_desoneracao,2026-06-12,928df42a952625eb12d41baf2b5ab17e1207af6e7881cb9f1c7fcac4708400e3,SINAPI_Referência_2026_05.xlsx!CSD!S8346,426731ab7d0aede1116735d712f35d1384ab0164364ca0010e02ce2f6ee5f8e7,cpu_hierarquica_v1,0.0,pintura,Pintura,pintura,ok,,13.42,0.0,SINAPI_Referência_2026_05.xlsx!Analítico!B52379
sinapi_es,2026-05,102205,"PINTURA VERNIZ (INCOLOR) POLIURETÂNICO (RESINA ALQUÍDICA MODIFICADA) EM MADEIRA, 1 DEMÃO. AF_01/2021",M2,Pintura em Madeira,12.35,sem_desoneracao,2026-06-12,928df42a952625eb12d41baf2b5ab17e1207af6e7881cb9f1c7fcac4708400e3,SINAPI_Referência_2026_05.xlsx!CSD!S8349,e094a52f6422e6a27f95417a3d601461de30f9ae598c52e4afd0e05ca8480d6c,cpu_hierarquica_v1,0.0,pintura,Pintura,pintura,ok,,12.35,0.0,SINAPI_Referência_2026_05.xlsx!Analítico!B52391
sinapi_es,2026-05,102207,"PINTURA TINTA DE ACABAMENTO (PIGMENTADA) A ÓLEO EM MADEIRA, 1 DEMÃO. AF_01/2021",M2,Pintura em Madeira,11.26,sem_desoneracao,2026-06-12,928df42a952625eb12d41baf2b5ab17e1207af6e7881cb9f1c7fcac4708400e3,SINAPI_Referência_2026_05.xlsx!CSD!S8325,e7b7a500fca650a2f16ea4a481f8c2b63121aa6f74080ea1b417925c1a8cc4f3,cpu_hierarquica_v1,0.0,pintura,Pintura,pintura,ok,,11.26,0.0,SINAPI_Referência_2026_05.xlsx!Analítico!B52298
sinapi_es,2026-05,102208,"PINTURA TINTA DE ACABAMENTO (PIGMENTADA) ESMALTE SINTÉTICO FOSCO EM MADEIRA, 1 DEMÃO. AF_01/2021",M2,Pintura em Madeira,10.78,sem_desoneracao,2026-06-12,928df42a952625eb12d41baf2b5ab17e1207af6e7881cb9f1c7fcac4708400e3,SINAPI_Referência_2026_05.xlsx!CSD!S8337,7841d4e18731c73a5b540648bcbf95742e69233f7eeeb3ad673b056caf52786f,cpu_hierarquica_v1,0.0,pintura,Pintura,pintura,ok,,10.78,0.0,SINAPI_Referência_2026_05.xlsx!Analítico!B52343
sinapi_es,2026-05,102209,"PINTURA TINTA DE ACABAMENTO (PIGMENTADA) ESMALTE SINTÉTICO ACETINADO EM MADEIRA, 1 DEMÃO. AF_01/2021",M2,Pintura em Madeira,11.09,sem_desoneracao,2026-06-12,928df42a952625eb12d41baf2b5ab17e1207af6e7881cb9f1c7fcac4708400e3,SINAPI_Referência_2026_05.xlsx!CSD!S8331,958c672e89ac42604aa9ab63dbc715fea39b421aaa36da78e8901fabaaa06636,cpu_hierarquica_v1,0.0,pintura,Pintura,pintura,ok,,11.09,0.0,SINAPI_Referência_2026_05.xlsx!Analítico!B52319
sinapi_es,2026-05,102210,"PINTURA TINTA DE ACABAMENTO (PIGMENTADA) ESMALTE SINTÉTICO BRILHANTE EM MADEIRA, 1 DEMÃO. AF_01/2021",M2,Pintura em Madeira,10.63,sem_desoneracao,2026-06-12,928df42a952625eb12d41baf2b5ab17e1207af6e7881cb9f1c7fcac4708400e3,SINAPI_Referência_2026_05.xlsx!CSD!S8334,596b1bbae3f7a614b949f53e0fcb4a61cb25c29d56d610de8c88087532829a1e,cpu_hierarquica_v1,0.0,pintura,Pintura,pintura,ok,,10.63,0.0,SINAPI_Referência_2026_05.xlsx!Analítico!B52331
sinapi_es,2026-05,102213,"PINTURA VERNIZ (INCOLOR) ALQUÍDICO EM MADEIRA, USO INTERNO E EXTERNO, 2 DEMÃOS. AF_01/2021",M2,Pintura em Madeira,26.19,sem_desoneracao,2026-06-12,928df42a952625eb12d41baf2b5ab17e1207af6e7881cb9f1c7fcac4708400e3,SINAPI_Referência_2026_05.xlsx!CSD!S8344,6654834411515e212bb6b17d419e9ba87ca6b87f3cce210d442fc4f5d6369f10,cpu_hierarquica_v1,0.0,pintura,Pintura,pintura,ok,,26.19,0.0,SINAPI_Referência_2026_05.xlsx!Analítico!B52371
sinapi_es,2026-05,102214,"PINTURA VERNIZ (INCOLOR) ALQUÍDICO EM MADEIRA, USO INTERNO, 2 DEMÃOS. AF_01/2021",M2,Pintura em Madeira,26.87,sem_desoneracao,2026-06-12,928df42a952625eb12d41baf2b5ab17e1207af6e7881cb9f1c7fcac4708400e3,SINAPI_Referência_2026_05.xlsx!CSD!S8347,02e6b4218d471863237374a096705fecb92ffba37e7cef3995bf34857d3446c2,cpu_hierarquica_v1,0.0,pintura,Pintura,pintura,ok,,26.87,0.0,SINAPI_Referência_2026_05.xlsx!Analítico!B52383
sinapi_es,2026-05,102215,"PINTURA VERNIZ (INCOLOR) POLIURETÂNICO (RESINA ALQUÍDICA MODIFICADA) EM MADEIRA, 2 DEMÃOS. AF_01/2021",M2,Pintura em Madeira,24.72,sem_desoneracao,2026-06-12,928df42a952625eb12d41baf2b5ab17e1207af6e7881cb9f1c7fcac4708400e3,SINAPI_Referência_2026_05.xlsx!CSD!S8350,e4cc90272d3d0cc2b50ee196ca2ca872b41729cf18721f8e0049718ef7d80370,cpu_hierarquica_v1,0.0,pintura,Pintura,pintura,ok,,24.72,0.0,SINAPI_Referência_2026_05.xlsx!Analítico!B52395
sinapi_es,2026-05,102217,"PINTURA TINTA DE ACABAMENTO (PIGMENTADA) A ÓLEO EM MADEIRA, 2 DEMÃOS. AF_01/2021",M2,Pintura em Madeira,22.52,sem_desoneracao,2026-06-12,928df42a952625eb12d41baf2b5ab17e1207af6e7881cb9f1c7fcac4708400e3,SINAPI_Referência_2026_05.xlsx!CSD!S8326,f32db2f455913e516e7de760107eb0fcc5a42c37c0a2469db533a66636376219,cpu_hierarquica_v1,0.0,pintura,Pintura,pintura,ok,,22.52,0.0,SINAPI_Referência_2026_05.xlsx!Analítico!B52302
sinapi_es,2026-05,102218,"PINTURA TINTA DE ACABAMENTO (PIGMENTADA) ESMALTE SINTÉTICO FOSCO EM MADEIRA, 2 DEMÃOS. AF_01/2021",M2,Pintura em Madeira,21.57,sem_desoneracao,2026-06-12,928df42a952625eb12d41baf2b5ab17e1207af6e7881cb9f1c7fcac4708400e3,SINAPI_Referência_2026_05.xlsx!CSD!S8338,9ecdf76e102b4da514bacbfd565bd8e6b1c55b1ccdd875eef3b5520788d944e9,cpu_hierarquica_v1,0.0,pintura,Pintura,pintura,ok,,21.57,0.0,SINAPI_Referência_2026_05.xlsx!Analítico!B52347
sinapi_es,2026-05,102219,"PINTURA TINTA DE ACABAMENTO (PIGMENTADA) ESMALTE SINTÉTICO ACETINADO EM MADEIRA, 2 DEMÃOS. AF_01/2021",M2,Pintura em Madeira,22.19,sem_desoneracao,2026-06-12,928df42a952625eb12d41baf2b5ab17e1207af6e7881cb9f1c7fcac4708400e3,SINAPI_Referência_2026_05.xlsx!CSD!S8332,2f68a4905ea15e4a83d35e17c55357058e5fd23c92145643e5c499fedb3b052c,cpu_hierarquica_v1,0.0,pintura,Pintura,pintura,ok,,22.19,0.0,SINAPI_Referência_2026_05.xlsx!Analítico!B52323
sinapi_es,2026-05,102220,"PINTURA TINTA DE ACABAMENTO (PIGMENTADA) ESMALTE SINTÉTICO BRILHANTE EM MADEIRA, 2 DEMÃOS. AF_01/2021",M2,Pintura em Madeira,21.26,sem_desoneracao,2026-06-12,928df42a952625eb12d41baf2b5ab17e1207af6e7881cb9f1c7fcac4708400e3,SINAPI_Referência_2026_05.xlsx!CSD!S8335,e50b92dcc0760bd0affc6ba0d7280ef6283032e979626f1abc4cdfbb9fd28738,cpu_hierarquica_v1,0.0,pintura,Pintura,pintura,ok,,21.26,0.0,SINAPI_Referência_2026_05.xlsx!Analítico!B52335
sinapi_es,2026-05,102223,"PINTURA VERNIZ (INCOLOR) ALQUÍDICO EM MADEIRA, USO INTERNO E EXTERNO, 3 DEMÃOS. AF_01/2021",M2,Pintura em Madeira,39.29,sem_desoneracao,2026-06-12,928df42a952625eb12d41baf2b5ab17e1207af6e7881cb9f1c7fcac4708400e3,SINAPI_Referência_2026_05.xlsx!CSD!S8345,d3c0fd1f5e011e3ab2ed8d6f2b07c07f7b142aed1686adad9c6e14b0008a615d,cpu_hierarquica_v1,0.0,pintura,Pintura,pintura,ok,,39.29,0.0,SINAPI_Referência_2026_05.xlsx!Analítico!B52375
sinapi_es,2026-05,102224,"PINTURA VERNIZ (INCOLOR) ALQUÍDICO EM MADEIRA, USO INTERNO, 3 DEMÃOS. AF_01/2021",M2,Pintura em Madeira,40.29,sem_desoneracao,2026-06-12,928df42a952625eb12d41baf2b5ab17e1207af6e7881cb9f1c7fcac4708400e3,SINAPI_Referência_2026_05.xlsx!CSD!S8348,cb30f49a5da933031b726544d902616620bc6aae47f59800c79ec19f533277f1,cpu_hierarquica_v1,0.0,pintura,Pintura,pintura,ok,,40.29,0.0,SINAPI_Referência_2026_05.xlsx!Analítico!B52387
sinapi_es,2026-05,102225,"PINTURA VERNIZ (INCOLOR) POLIURETÂNICO (RESINA ALQUÍDICA MODIFICADA) EM MADEIRA, 3 DEMÃOS. AF_01/2021",M2,Pintura em Madeira,37.08,sem_desoneracao,2026-06-12,928df42a952625eb12d41baf2b5ab17e1207af6e7881cb9f1c7fcac4708400e3,SINAPI_Referência_2026_05.xlsx!CSD!S8351,51e75e024764bd8172be60195615368edfde785767534bb5bac9925200c60a7e,cpu_hierarquica_v1,0.0,pintura,Pintura,pintura,ok,,37.08,0.0,SINAPI_Referência_2026_05.xlsx!Analítico!B52399
sinapi_es,2026-05,102227,"PINTURA TINTA DE ACABAMENTO (PIGMENTADA) A ÓLEO EM MADEIRA, 3 DEMÃOS. AF_01/2021",M2,Pintura em Madeira,33.78,sem_desoneracao,2026-06-12,928df42a952625eb12d41baf2b5ab17e1207af6e7881cb9f1c7fcac4708400e3,SINAPI_Referência_2026_05.xlsx!CSD!S8327,df82542f79d2ee6c128318f1921d3aa355aee4bbd3f24805bd033a235c3f2337,cpu_hierarquica_v1,0.0,pintura,Pintura,pintura,ok,,33.78,0.0,SINAPI_Referência_2026_05.xlsx!Analítico!B52306
sinapi_es,2026-05,102228,"PINTURA TINTA DE ACABAMENTO (PIGMENTADA) ESMALTE SINTÉTICO FOSCO EM MADEIRA, 3 DEMÃOS. AF_01/2021",M2,Pintura em Madeira,32.38,sem_desoneracao,2026-06-12,928df42a952625eb12d41baf2b5ab17e1207af6e7881cb9f1c7fcac4708400e3,SINAPI_Referência_2026_05.xlsx!CSD!S8339,0a85499025bf89641b00452308be00a9468fbb7f98259c996c8f4f91278e27de,cpu_hierarquica_v1,0.0,pintura,Pintura,pintura,ok,,32.38,0.0,SINAPI_Referência_2026_05.xlsx!Analítico!B52351
sinapi_es,2026-05,102229,"PINTURA TINTA DE ACABAMENTO (PIGMENTADA) ESMALTE SINTÉTICO ACETINADO EM MADEIRA, 3 DEMÃOS. AF_01/2021",M2,Pintura em Madeira,33.3,sem_desoneracao,2026-06-12,928df42a952625eb12d41baf2b5ab17e1207af6e7881cb9f1c7fcac4708400e3,SINAPI_Referência_2026_05.xlsx!CSD!S8333,2cb2a59a9cbcae9c4ef4d2dbbc401d0579e8d7d189f336df73ee2fb1e15b55c0,cpu_hierarquica_v1,0.0,pintura,Pintura,pintura,ok,,33.3,0.0,SINAPI_Referência_2026_05.xlsx!Analítico!B52327
sinapi_es,2026-05,102230,"PINTURA TINTA DE ACABAMENTO (PIGMENTADA) ESMALTE SINTÉTICO BRILHANTE EM MADEIRA, 3 DEMÃOS. AF_01/2021",M2,Pintura em Madeira,31.89,sem_desoneracao,2026-06-12,928df42a952625eb12d41baf2b5ab17e1207af6e7881cb9f1c7fcac4708400e3,SINAPI_Referência_2026_05.xlsx!CSD!S8336,4abc67ced73c00209df25dfbea1af16c6f8daef450411285d5509fd1bc6c9731,cpu_hierarquica_v1,0.0,pintura,Pintura,pintura,ok,,31.89,0.0,SINAPI_Referência_2026_05.xlsx!Analítico!B52339
sinapi_es,2026-05,102233,"PINTURA IMUNIZANTE PARA MADEIRA, 1 DEMÃO. AF_01/2021",M2,Pintura em Madeira,12.19,sem_desoneracao,2026-06-12,928df42a952625eb12d41baf2b5ab17e1207af6e7881cb9f1c7fcac4708400e3,SINAPI_Referência_2026_05.xlsx!CSD!S8323,4d967eb72a26bab03b5bb93b8f6bd595395f15dd262596f8ff90e5533340232b,cpu_hierarquica_v1,0.0,pintura,Pintura,pintura,ok,,12.19,0.0,SINAPI_Referência_2026_05.xlsx!Analítico!B52292
sinapi_es,2026-05,102234,"PINTURA IMUNIZANTE PARA MADEIRA, 2 DEMÃOS. AF_01/2021",M2,Pintura em Madeira,24.37,sem_desoneracao,2026-06-12,928df42a952625eb12d41baf2b5ab17e1207af6e7881cb9f1c7fcac4708400e3,SINAPI_Referência_2026_05.xlsx!CSD!S8324,5c2427381a87243b4ebfd59b959bd9768d29fdff57d6bb7b1954defd24515b96,cpu_hierarquica_v1,0.0,pintura,Pintura,pintura,ok,,24.37,0.0,SINAPI_Referência_2026_05.xlsx!Analítico!B52295
sinapi_es,2026-05,102488,PREPARO DO PISO CIMENTADO PARA PINTURA - LIXAMENTO E LIMPEZA. AF_05/2021,M2,Pintura para Pisos,4.72,sem_desoneracao,2026-06-12,928df42a952625eb12d41baf2b5ab17e1207af6e7881cb9f1c7fcac4708400e3,SINAPI_Referência_2026_05.xlsx!CSD!S8417,f204408b19445e009ad3bb8f993ff3ed77482ccbff1f6c4878c2ff1035a1e28f,cpu_hierarquica_v1,0.0127,pintura,Pintura,pintura,ok,,4.72,0.0,SINAPI_Referência_2026_05.xlsx!Analítico!B52695
sinapi_es,2026-05,102489,"PINTURA HIDROFUGANTE COM SILICONE, APLICAÇÃO MANUAL, 2 DEMÃOS. AF_05/2021",M2,Pintura para Pisos,31.89,sem_desoneracao,2026-06-12,928df42a952625eb12d41baf2b5ab17e1207af6e7881cb9f1c7fcac4708400e3,SINAPI_Referência_2026_05.xlsx!CSD!S8416,c1db6a5b68323ff6e23ede800b8755a720ad0c9cc26946d719a1716391e8115d,cpu_hierarquica_v1,0.0,pintura,Pintura,pintura,ok,,31.89,0.0,SINAPI_Referência_2026_05.xlsx!Analítico!B52690
sinapi_es,2026-05,102491,"PINTURA DE PISO COM TINTA ACRÍLICA, APLICAÇÃO MANUAL, 2 DEMÃOS, INCLUSO FUNDO PREPARADOR. AF_05/2021",M2,Pintura para Pisos,25.24,sem_desoneracao,2026-06-12,928df42a952625eb12d41baf2b5ab17e1207af6e7881cb9f1c7fcac4708400e3,SINAPI_Referência_2026_05.xlsx!CSD!S8407,c5b212b7b44d0270cadef1e3eb8615f0dfbede83d662b277aa28738ef744ef41,cpu_hierarquica_v1,0.0,pintura,Pintura,pintura,ok,,25.24,0.0,SINAPI_Referência_2026_05.xlsx!Analítico!B52626
sinapi_es,2026-05,102492,"PINTURA DE PISO COM TINTA ACRÍLICA, APLICAÇÃO MANUAL, 3 DEMÃOS, INCLUSO FUNDO PREPARADOR. AF_05/2021",M2,Pintura para Pisos,32.14,sem_desoneracao,2026-06-12,928df42a952625eb12d41baf2b5ab17e1207af6e7881cb9f1c7fcac4708400e3,SINAPI_Referência_2026_05.xlsx!CSD!S8408,f1c9366a3a617bb666bbc5ebf108ff82d6d1e36871ace333e63c4c4f5003a369,cpu_hierarquica_v1,0.0,pintura,Pintura,pintura,ok,,32.14,0.0,SINAPI_Referência_2026_05.xlsx!Analítico!B52632
sinapi_es,2026-05,102494,"PINTURA DE PISO COM TINTA EPÓXI, APLICAÇÃO MANUAL, 2 DEMÃOS, INCLUSO PRIMER EPÓXI. AF_05/2021",M2,Pintura para Pisos,77.15,sem_desoneracao,2026-06-12,928df42a952625eb12d41baf2b5ab17e1207af6e7881cb9f1c7fcac4708400e3,SINAPI_Referência_2026_05.xlsx!CSD!S8410,89318d5cbf4c94788bc15306226b011684d3a4199bb1873e38472e033a04b09f,cpu_hierarquica_v1,0.0,pintura,Pintura,pintura,ok,,77.15,0.0,SINAPI_Referência_2026_05.xlsx!Analítico!B52646
sinapi_es,2026-05,102499,ENCERAMENTO DE PISO EM MADEIRA. AF_05/2021,M2,Pintura para Pisos,3.91,sem_desoneracao,2026-06-12,928df42a952625eb12d41baf2b5ab17e1207af6e7881cb9f1c7fcac4708400e3,SINAPI_Referência_2026_05.xlsx!CSD!S8402,712dc9c39c3596151f1588f5a6e753caf7f770087d6bfb68fd68d2ca3f07518c,cpu_hierarquica_v1,0.0,pintura,Pintura,pintura,ok,,3.91,0.0,SINAPI_Referência_2026_05.xlsx!Analítico!B52601
sinapi_es,2026-05,102520,"PINTURA DE SINALIZAÇÃO VERTICAL DE SEGURANÇA, FAIXAS AMARELA E PRETA, APLICAÇÃO MANUAL, 2 DEMÃOS. AF_05/2021",M2,Pintura para Pisos,107.41,sem_desoneracao,2026-06-12,928df42a952625eb12d41baf2b5ab17e1207af6e7881cb9f1c7fcac4708400e3,SINAPI_Referência_2026_05.xlsx!CSD!S8415,d19a13e4c6d15fc15c52fcc12d3344cc14b823cafd74d8b77fe480abaab67fb1,cpu_hierarquica_v1,0.0,pintura,Pintura,pintura,ok,,107.41,0.0,SINAPI_Referência_2026_05.xlsx!Analítico!B52683
sinapi_es,2026-05,102803,REFORÇO SUPERFICIAL PARA CONTRAPISOS DE ARGAMASSA SEMI-SECA. AF_07/2021,M2,Contrapiso,2.98,sem_desoneracao,2026-06-12,928df42a952625eb12d41baf2b5ab17e1207af6e7881cb9f1c7fcac4708400e3,SINAPI_Referência_2026_05.xlsx!CSD!S1482,7e9b34300b3b9c96111876e1ad1f6221d2ed84e442a14468385356cbd55c37a6,cpu_hierarquica_v1,0.0,pisos,Pisos e acabamentos de borda,pisos,ok,,2.98,0.0,SINAPI_Referência_2026_05.xlsx!Analítico!B11286
sinapi_es,2026-05,104162,"PISO EM GRANILITE, MARMORITE OU GRANITINA EM AMBIENTES INTERNOS, COM ESPESSURA DE 8 MM, INCLUSO MISTURA EM BETONEIRA, COLOCAÇÃO DAS JUNTAS, APLICAÇÃO DO PISO, 4 POLIMENTOS COM POLITRIZ, ESTUCAMENTO, SELADOR E CERA. AF_02/2026_PE",M2,Pisos,105.6,sem_desoneracao,2026-06-12,928df42a952625eb12d41baf2b5ab17e1207af6e7881cb9f1c7fcac4708400e3,SINAPI_Referência_2026_05.xlsx!CSD!S8438,db38ec3fee3789143761f187181c893e5db3316fbdd09b8e9c114dc5a7e6d823,cpu_hierarquica_v1,0.0247,pisos,Pisos e acabamentos de borda,pisos,ok,,105.6,0.0,SINAPI_Referência_2026_05.xlsx!Analítico!B52821
sinapi_es,2026-05,104203,"EMBOÇO OU MASSA ÚNICA EM ARGAMASSA TRAÇO 1:2:8, PREPARO MECÂNICA COM BETONEIRA 400 L, APLICADA COM PROJETOR TIPO CANEQUINHA EM PANOS DE FACHADA COM PRESENÇA DE VÃOS, ESPESSURA DE 25 MM, ACESSO POR BALANCIM MANUAL. AF_08/2022",M2,Massa Única Externa,70.79,sem_desoneracao,2026-06-12,928df42a952625eb12d41baf2b5ab17e1207af6e7881cb9f1c7fcac4708400e3,SINAPI_Referência_2026_05.xlsx!CSD!S7696,8bc796eaec64c280ee4d546ea73593ec3524989bf1d400b6788c7c7d004817ab,cpu_hierarquica_v1,0.0863,revestimentos_forros,Revestimentos e forros,revestimentos_forros,ok,,70.79,0.0,SINAPI_Referência_2026_05.xlsx!Analítico!B47517
sinapi_es,2026-05,104204,"EMBOÇO OU MASSA ÚNICA EM ARGAMASSA TRAÇO 1:2:8, PREPARO MECÂNICA COM BETONEIRA 400 L, APLICADA COM PROJETOR TIPO CANEQUINHA EM PANOS DE FACHADA COM PRESENÇA DE VÃOS, ESPESSURA DE 35 MM, ACESSO POR BALANCIM MANUAL. AF_08/2022",M2,Massa Única Externa,91.53,sem_desoneracao,2026-06-12,928df42a952625eb12d41baf2b5ab17e1207af6e7881cb9f1c7fcac4708400e3,SINAPI_Referência_2026_05.xlsx!CSD!S7698,79174f7a8ea7a1ccb3a913125b3595f76471c85f19daea7622b3ce429ef90a85,cpu_hierarquica_v1,0.0865,revestimentos_forros,Revestimentos e forros,revestimentos_forros,ok,,91.53,0.0,SINAPI_Referência_2026_05.xlsx!Analítico!B47531
sinapi_es,2026-05,104205,"EMBOÇO OU MASSA ÚNICA EM ARGAMASSA TRAÇO 1:2:8, PREPARO MECÂNICA COM BETONEIRA 400 L, APLICADA COM PROJETOR TIPO CANEQUINHA EM PANOS DE FACHADA COM PRESENÇA DE VÃOS, ESPESSURA DE 45 MM, ACESSO POR BALANCIM MANUAL. AF_08/2022",M2,Massa Única Externa,99.4,sem_desoneracao,2026-06-12,928df42a952625eb12d41baf2b5ab17e1207af6e7881cb9f1c7fcac4708400e3,SINAPI_Referência_2026_05.xlsx!CSD!S7700,1d9380a2b9261bfeec65a5b082db7a29ef1fc1095d309fb31d32cdfcbc1327b8,cpu_hierarquica_v1,0.0822,revestimentos_forros,Revestimentos e forros,revestimentos_forros,ok,,99.4,0.0,SINAPI_Referência_2026_05.xlsx!Analítico!B47545
sinapi_es,2026-05,104206,"EMBOÇO OU MASSA ÚNICA EM ARGAMASSA TRAÇO 1:2:8, PREPARO MECÂNICA COM BETONEIRA 400 L, APLICADA COM PROJETOR TIPO CANEQUINHA EM PANOS DE FACHADA COM PRESENÇA DE VÃOS, ESPESSURA DE 50 MM, ACESSO POR BALANCIM MANUAL. AF_08/2022",M2,Massa Única Externa,109.89,sem_desoneracao,2026-06-12,928df42a952625eb12d41baf2b5ab17e1207af6e7881cb9f1c7fcac4708400e3,SINAPI_Referência_2026_05.xlsx!CSD!S7702,2bdbc4b215325838b97633add1603eaf9466ddafbbfb8d55bbbae2943cd721d1,cpu_hierarquica_v1,0.0826,revestimentos_forros,Revestimentos e forros,revestimentos_forros,ok,,109.89,0.0,SINAPI_Referência_2026_05.xlsx!Analítico!B47559
sinapi_es,2026-05,104207,"EMBOÇO OU MASSA ÚNICA EM ARGAMASSA TRAÇO 1:2:8, PREPARO MECÂNICA COM BETONEIRA 400 L, APLICADA COM PROJETOR TIPO CANEQUINHA EM PANOS DE FACHADA SEM PRESENÇA DE VÃOS, ESPESSURA DE 25 MM, ACESSO POR BALANCIM MANUAL. AF_08/2022",M2,Massa Única Externa,51.52,sem_desoneracao,2026-06-12,928df42a952625eb12d41baf2b5ab17e1207af6e7881cb9f1c7fcac4708400e3,SINAPI_Referência_2026_05.xlsx!CSD!S7704,8dcfa4b1b47644ba39dbd8515e2f45cc8efe5970e29fa0931552dbcf081dc224,cpu_hierarquica_v1,0.0763,revestimentos_forros,Revestimentos e forros,revestimentos_forros,ok,,51.52,0.0,SINAPI_Referência_2026_05.xlsx!Analítico!B47573
sinapi_es,2026-05,104208,"EMBOÇO OU MASSA ÚNICA EM ARGAMASSA TRAÇO 1:2:8, PREPARO MECÂNICA COM BETONEIRA 400 L, APLICADA COM PROJETOR TIPO CANEQUINHA EM PANOS DE FACHADA SEM PRESENÇA DE VÃOS, ESPESSURA DE 35 MM, ACESSO POR BALANCIM MANUAL. AF_08/2022",M2,Massa Única Externa,71.74,sem_desoneracao,2026-06-12,928df42a952625eb12d41baf2b5ab17e1207af6e7881cb9f1c7fcac4708400e3,SINAPI_Referência_2026_05.xlsx!CSD!S7706,cd73eba0a867df8eb9feb58aa8974c17195931ae664f9f37c3dd6a28014ff9a3,cpu_hierarquica_v1,0.0799,revestimentos_forros,Revestimentos e forros,revestimentos_forros,ok,,71.74,0.0,SINAPI_Referência_2026_05.xlsx!Analítico!B47587
sinapi_es,2026-05,104209,"EMBOÇO OU MASSA ÚNICA EM ARGAMASSA TRAÇO 1:2:8, PREPARO MECÂNICA COM BETONEIRA 400 L, APLICADA COM PROJETOR TIPO CANEQUINHA EM PANOS DE FACHADA SEM PRESENÇA DE VÃOS, ESPESSURA DE 45 MM, ACESSO POR BALANCIM MANUAL. AF_08/2022",M2,Massa Única Externa,79.14,sem_desoneracao,2026-06-12,928df42a952625eb12d41baf2b5ab17e1207af6e7881cb9f1c7fcac4708400e3,SINAPI_Referência_2026_05.xlsx!CSD!S7708,3c8cbc4f51a4ec9a022ab15cb203aae0612a6284f192fe46d248ccdbb66add69,cpu_hierarquica_v1,0.0756,revestimentos_forros,Revestimentos e forros,revestimentos_forros,ok,,79.14,0.0,SINAPI_Referência_2026_05.xlsx!Analítico!B47601
sinapi_es,2026-05,104210,"EMBOÇO OU MASSA ÚNICA EM ARGAMASSA TRAÇO 1:2:8, PREPARO MECÂNICA COM BETONEIRA 400 L, APLICADA COM PROJETOR TIPO CANEQUINHA EM PANOS DE FACHADA SEM PRESENÇA DE VÃOS, ESPESSURA DE 50 MM, ACESSO POR BALANCIM MANUAL. AF_08/2022",M2,Massa Única Externa,81.79,sem_desoneracao,2026-06-12,928df42a952625eb12d41baf2b5ab17e1207af6e7881cb9f1c7fcac4708400e3,SINAPI_Referência_2026_05.xlsx!CSD!S7710,ceda5db759f9dd5a6557f4277d78c8e4301eb72eca597cd832d2cf7a4209e445,cpu_hierarquica_v1,0.0731,revestimentos_forros,Revestimentos e forros,revestimentos_forros,ok,,81.79,0.0,SINAPI_Referência_2026_05.xlsx!Analítico!B47615
sinapi_es,2026-05,104211,"EMBOÇO OU MASSA ÚNICA EM ARGAMASSA TRAÇO 1:2:8, PREPARO MECÂNICA COM BETONEIRA 400 L, APLICADA COM PROJETOR TIPO CANEQUINHA EM SUPERFÍCIES EXTERNAS DA SACADA, ESPESSURA DE 25 MM, ACESSO POR BALANCIM MANUAL, SEM USO DE TELA METÁLICA. AF_08/2022",M2,Massa Única Externa,103.31,sem_desoneracao,2026-06-12,928df42a952625eb12d41baf2b5ab17e1207af6e7881cb9f1c7fcac4708400e3,SINAPI_Referência_2026_05.xlsx!CSD!S7712,7334f1f2043d36e387a9175ab5b40e1867e0f5ea23acd9db9781161f5bce3442,cpu_hierarquica_v1,0.1012,revestimentos_forros,Revestimentos e forros,revestimentos_forros,ok,,103.31,0.0,SINAPI_Referência_2026_05.xlsx!Analítico!B47628
sinapi_es,2026-05,104212,"EMBOÇO OU MASSA ÚNICA EM ARGAMASSA TRAÇO 1:2:8, PREPARO MECÂNICA COM BETONEIRA 400 L, APLICADA COM PROJETOR TIPO CANEQUINHA EM SUPERFÍCIES EXTERNAS DA SACADA, ESPESSURA DE 35 MM, ACESSO POR BALANCIM MANUAL, SEM USO DE TELA METÁLICA. AF_08/2022",M2,Massa Única Externa,123.6,sem_desoneracao,2026-06-12,928df42a952625eb12d41baf2b5ab17e1207af6e7881cb9f1c7fcac4708400e3,SINAPI_Referência_2026_05.xlsx!CSD!S7713,df3be27a39590532fc827b520e81149f957120641ecadd08fa31b70a9442492c,cpu_hierarquica_v1,0.0992,revestimentos_forros,Revestimentos e forros,revestimentos_forros,ok,,123.6,0.0,SINAPI_Referência_2026_05.xlsx!Analítico!B47634
sinapi_es,2026-05,104213,"EMBOÇO OU MASSA ÚNICA EM ARGAMASSA TRAÇO 1:2:8, PREPARO MECÂNICA COM BETONEIRA 400 L, APLICADA COM PROJETOR TIPO CANEQUINHA EM SUPERFÍCIES EXTERNAS DA SACADA, ESPESSURA DE 45 MM, ACESSO POR BALANCIM MANUAL, SEM USO DE TELA METÁLICA. AF_08/2022",M2,Massa Única Externa,131.0,sem_desoneracao,2026-06-12,928df42a952625eb12d41baf2b5ab17e1207af6e7881cb9f1c7fcac4708400e3,SINAPI_Referência_2026_05.xlsx!CSD!S7714,24ebc813760734953717e8c126c1ca6f34b7d902b2b73d86b07f9eea7fa1d764,cpu_hierarquica_v1,0.0955,revestimentos_forros,Revestimentos e forros,revestimentos_forros,ok,,131.0,0.0,SINAPI_Referência_2026_05.xlsx!Analítico!B47640
sinapi_es,2026-05,104214,"EMBOÇO OU MASSA ÚNICA EM ARGAMASSA TRAÇO 1:2:8, PREPARO MECÂNICA COM BETONEIRA 400 L, APLICADA COM PROJETOR TIPO CANEQUINHA EM SUPERFÍCIES EXTERNAS DA SACADA, ESPESSURA DE 50 MM, ACESSO POR BALANCIM MANUAL, SEM USO DE TELA METÁLICA. AF_08/2022",M2,Massa Única Externa,156.8,sem_desoneracao,2026-06-12,928df42a952625eb12d41baf2b5ab17e1207af6e7881cb9f1c7fcac4708400e3,SINAPI_Referência_2026_05.xlsx!CSD!S7715,f728a0901aa7ede0ee1cef8c3ee1bf145184845b7cecce628e8ccd6a5bf6aad4,cpu_hierarquica_v1,0.0975,revestimentos_forros,Revestimentos e forros,revestimentos_forros,ok,,156.8,0.0,SINAPI_Referência_2026_05.xlsx!Analítico!B47646
sinapi_es,2026-05,104215,"EMBOÇO OU MASSA ÚNICA EM ARGAMASSA TRAÇO 1:2:8, PREPARO MECÂNICA COM BETONEIRA 400 L, APLICADA COM PROJETOR TIPO CANEQUINHA EM SUPERFÍCIES INTERNAS DA SACADA, ESPESSURA DE 25 MM, SEM USO DE TELA METÁLICA. AF_08/2022",M2,Massa Única Externa,95.74,sem_desoneracao,2026-06-12,928df42a952625eb12d41baf2b5ab17e1207af6e7881cb9f1c7fcac4708400e3,SINAPI_Referência_2026_05.xlsx!CSD!S7716,7e622979b43f1f382caf8cf7ae095de2f1c7989314a6a482f8cd7b29a380b996,cpu_hierarquica_v1,0.0942,revestimentos_forros,Revestimentos e forros,revestimentos_forros,ok,,95.74,0.0,SINAPI_Referência_2026_05.xlsx!Analítico!B47652
sinapi_es,2026-05,104216,"EMBOÇO OU MASSA ÚNICA EM ARGAMASSA TRAÇO 1:2:8, PREPARO MECÂNICA COM BETONEIRA 400 L, APLICADA COM PROJETOR TIPO CANEQUINHA EM SUPERFÍCIES INTERNAS DA SACADA, ESPESSURA DE 35 MM, SEM USO DE TELA METÁLICA. AF_08/2022",M2,Massa Única Externa,115.57,sem_desoneracao,2026-06-12,928df42a952625eb12d41baf2b5ab17e1207af6e7881cb9f1c7fcac4708400e3,SINAPI_Referência_2026_05.xlsx!CSD!S7717,a5bfa27ca2ec57d660fba69feb541bde3a415554b30761bc2349362f581c3030,cpu_hierarquica_v1,0.0917,revestimentos_forros,Revestimentos e forros,revestimentos_forros,ok,,115.57,0.0,SINAPI_Referência_2026_05.xlsx!Analítico!B47658
sinapi_es,2026-05,104217,"EMBOÇO OU MASSA ÚNICA EM ARGAMASSA TRAÇO 1:2:8, PREPARO MECÂNICA COM BETONEIRA 400 L, APLICADA MANUALMENTE EM PANOS DE FACHADA COM PRESENÇA DE VÃOS, ESPESSURA DE 25 MM, ACESSO POR ANDAIME. AF_08/2022",M2,Massa Única Externa,62.37,sem_desoneracao,2026-06-12,928df42a952625eb12d41baf2b5ab17e1207af6e7881cb9f1c7fcac4708400e3,SINAPI_Referência_2026_05.xlsx!CSD!S7718,b8041b2f3cc07929109805f0a356b6271c9624b904ce6b75f8f3e282f6561ee8,cpu_hierarquica_v1,0.0,revestimentos_forros,Revestimentos e forros,revestimentos_forros,ok,,62.37,0.0,SINAPI_Referência_2026_05.xlsx!Analítico!B47664
sinapi_es,2026-05,104218,"EMBOÇO OU MASSA ÚNICA EM ARGAMASSA TRAÇO 1:2:8, PREPARO MANUAL, APLICADA MANUALMENTE EM PANOS DE FACHADA COM PRESENÇA DE VÃOS, ESPESSURA DE 25 MM, ACESSO POR ANDAIME. AF_08/2022",M2,Massa Única Externa,67.08,sem_desoneracao,2026-06-12,928df42a952625eb12d41baf2b5ab17e1207af6e7881cb9f1c7fcac4708400e3,SINAPI_Referência_2026_05.xlsx!CSD!S7674,d7c3b96fd3726adc2d424520f751f9606ae9da9631c66f08ba6148892f0c8671,cpu_hierarquica_v1,0.0,revestimentos_forros,Revestimentos e forros,revestimentos_forros,ok,,67.08,0.0,SINAPI_Referência_2026_05.xlsx!Analítico!B47415
sinapi_es,2026-05,104219,"EMBOÇO OU MASSA ÚNICA EM ARGAMASSA INDUSTRIALIZADA, PREPARO MECÂNICA E APLICAÇÃO COM EQUIPAMENTO DE MISTURA E PROJEÇÃO DE 1,5 M3/H DE ARGAMASSA EM PANOS DE FACHADA COM PRESENÇA DE VÃOS, ESPESSURA DE 25 MM, ACESSO POR ANDAIME. AF_08/2022",M2,Massa Única Externa,89.76,sem_desoneracao,2026-06-12,928df42a952625eb12d41baf2b5ab17e1207af6e7881cb9f1c7fcac4708400e3,SINAPI_Referência_2026_05.xlsx!CSD!S7644,74fe76cfc573cca2a1f4536cbe3e12e76a19520d9fb318898048e8aa00cae34b,cpu_hierarquica_v1,0.0,revestimentos_forros,Revestimentos e forros,revestimentos_forros,ok,,89.76,0.0,SINAPI_Referência_2026_05.xlsx!Analítico!B47275
sinapi_es,2026-05,104220,"EMBOÇO OU MASSA ÚNICA EM ARGAMASSA TRAÇO 1:2:8, PREPARO MECÂNICA COM BETONEIRA 400 L, APLICADA COM PROJETOR TIPO CANEQUINHA EM PANOS DE FACHADA COM PRESENÇA DE VÃOS, ESPESSURA DE 25 MM, ACESSO POR ANDAIME. AF_08/2022",M2,Massa Única Externa,65.59,sem_desoneracao,2026-06-12,928df42a952625eb12d41baf2b5ab17e1207af6e7881cb9f1c7fcac4708400e3,SINAPI_Referência_2026_05.xlsx!CSD!S7695,4d3b5795168122ec60b7d8f38ba2ff142da46f208c4d65eb4d0fd90d2df83341,cpu_hierarquica_v1,0.0837,revestimentos_forros,Revestimentos e forros,revestimentos_forros,ok,,65.59,0.0,SINAPI_Referência_2026_05.xlsx!Analítico!B47510
sinapi_es,2026-05,104221,"EMBOÇO OU MASSA ÚNICA EM ARGAMASSA TRAÇO 1:2:8, PREPARO MECÂNICA COM BETONEIRA 400 L, APLICADA MANUALMENTE EM PANOS DE FACHADA COM PRESENÇA DE VÃOS, ESPESSURA DE 35 MM, ACESSO POR ANDAIME. AF_08/2022",M2,Massa Única Externa,80.42,sem_desoneracao,2026-06-12,928df42a952625eb12d41baf2b5ab17e1207af6e7881cb9f1c7fcac4708400e3,SINAPI_Referência_2026_05.xlsx!CSD!S7719,0af2bed66048914344f747b219d7c947553f92c0624e3d0e0baf124da89803b0,cpu_hierarquica_v1,0.0,revestimentos_forros,Revestimentos e forros,revestimentos_forros,ok,,80.42,0.0,SINAPI_Referência_2026_05.xlsx!Analítico!B47669
sinapi_es,2026-05,104222,"EMBOÇO OU MASSA ÚNICA EM ARGAMASSA TRAÇO 1:2:8, PREPARO MANUAL, APLICADA MANUALMENTE EM PANOS DE FACHADA COM PRESENÇA DE VÃOS, ESPESSURA DE 35 MM, ACESSO POR ANDAIME. AF_08/2022",M2,Massa Única Externa,86.74,sem_desoneracao,2026-06-12,928df42a952625eb12d41baf2b5ab17e1207af6e7881cb9f1c7fcac4708400e3,SINAPI_Referência_2026_05.xlsx!CSD!S7676,b4552d717a25948b23b3488c965b234fd92ae6bcf0f54556f619f21bc1cc0f05,cpu_hierarquica_v1,0.0,revestimentos_forros,Revestimentos e forros,revestimentos_forros,ok,,86.74,0.0,SINAPI_Referência_2026_05.xlsx!Analítico!B47425
sinapi_es,2026-05,104223,"EMBOÇO OU MASSA ÚNICA EM ARGAMASSA INDUSTRIALIZADA, PREPARO MECÂNICA E APLICAÇÃO COM EQUIPAMENTO DE MISTURA E PROJEÇÃO DE 1,5 M3/H DE ARGAMASSA EM PANOS DE FACHADA COM PRESENÇA DE VÃOS, ESPESSURA DE 35 MM, ACESSO POR ANDAIME. AF_08/2022",M2,Massa Única Externa,117.39,sem_desoneracao,2026-06-12,928df42a952625eb12d41baf2b5ab17e1207af6e7881cb9f1c7fcac4708400e3,SINAPI_Referência_2026_05.xlsx!CSD!S7645,46099ff628f46ee6178f2645cbff7d45f6bbe271b1665d0cf2278165ab820472,cpu_hierarquica_v1,0.0,revestimentos_forros,Revestimentos e forros,revestimentos_forros,ok,,117.39,0.0,SINAPI_Referência_2026_05.xlsx!Analítico!B47280
sinapi_es,2026-05,104224,"EMBOÇO OU MASSA ÚNICA EM ARGAMASSA TRAÇO 1:2:8, PREPARO MECÂNICA COM BETONEIRA 400 L, APLICADA COM PROJETOR TIPO CANEQUINHA EM PANOS DE FACHADA COM PRESENÇA DE VÃOS, ESPESSURA DE 35 MM, ACESSO POR ANDAIME. AF_08/2022",M2,Massa Única Externa,84.78,sem_desoneracao,2026-06-12,928df42a952625eb12d41baf2b5ab17e1207af6e7881cb9f1c7fcac4708400e3,SINAPI_Referência_2026_05.xlsx!CSD!S7697,069c354ea3fb40e3872366f9f83c70a124569f1f41dd5fd5d09f26050e7ee2a8,cpu_hierarquica_v1,0.0839,revestimentos_forros,Revestimentos e forros,revestimentos_forros,ok,,84.78,0.0,SINAPI_Referência_2026_05.xlsx!Analítico!B47524
sinapi_es,2026-05,104225,"EMBOÇO OU MASSA ÚNICA EM ARGAMASSA TRAÇO 1:2:8, PREPARO MECÂNICA COM BETONEIRA 400 L, APLICADA MANUALMENTE EM PANOS DE FACHADA COM PRESENÇA DE VÃOS, ESPESSURA DE 45 MM, ACESSO POR ANDAIME. AF_08/2022",M2,Massa Única Externa,87.53,sem_desoneracao,2026-06-12,928df42a952625eb12d41baf2b5ab17e1207af6e7881cb9f1c7fcac4708400e3,SINAPI_Referência_2026_05.xlsx!CSD!S7720,e66b102b9b9692105e15f5eb04d80f5ca95391aca582d44073770b15ccb243a2,cpu_hierarquica_v1,0.0,revestimentos_forros,Revestimentos e forros,revestimentos_forros,ok,,87.53,0.0,SINAPI_Referência_2026_05.xlsx!Analítico!B47674
sinapi_es,2026-05,104226,"EMBOÇO OU MASSA ÚNICA EM ARGAMASSA TRAÇO 1:2:8, PREPARO MANUAL, APLICADA MANUALMENTE EM PANOS DE FACHADA COM PRESENÇA DE VÃOS, ESPESSURA DE 45 MM, ACESSO POR ANDAIME. AF_08/2022",M2,Massa Única Externa,95.46,sem_desoneracao,2026-06-12,928df42a952625eb12d41baf2b5ab17e1207af6e7881cb9f1c7fcac4708400e3,SINAPI_Referência_2026_05.xlsx!CSD!S7678,76a735446db6de5ac21d160a93c1619887b19e611c08de90ca82c1a3935738e6,cpu_hierarquica_v1,0.0,revestimentos_forros,Revestimentos e forros,revestimentos_forros,ok,,95.46,0.0,SINAPI_Referência_2026_05.xlsx!Analítico!B47435
sinapi_es,2026-05,104227,"EMBOÇO OU MASSA ÚNICA EM ARGAMASSA INDUSTRIALIZADA, PREPARO MECÂNICA E APLICAÇÃO COM EQUIPAMENTO DE MISTURA E PROJEÇÃO DE 1,5 M3/H DE ARGAMASSA EM PANOS DE FACHADA COM PRESENÇA DE VÃOS, ESPESSURA DE 45 MM, ACESSO POR ANDAIME. AF_08/2022",M2,Massa Única Externa,135.04,sem_desoneracao,2026-06-12,928df42a952625eb12d41baf2b5ab17e1207af6e7881cb9f1c7fcac4708400e3,SINAPI_Referência_2026_05.xlsx!CSD!S7646,06a742a74c87c581b7694c54d9abd05e1695555dc9140d915a1eba33b7db7129,cpu_hierarquica_v1,0.0,revestimentos_forros,Revestimentos e forros,revestimentos_forros,ok,,135.04,0.0,SINAPI_Referência_2026_05.xlsx!Analítico!B47285
sinapi_es,2026-05,104228,"EMBOÇO OU MASSA ÚNICA EM ARGAMASSA TRAÇO 1:2:8, PREPARO MECÂNICA COM BETONEIRA 400 L, APLICADA COM PROJETOR TIPO CANEQUINHA EM PANOS DE FACHADA COM PRESENÇA DE VÃOS, ESPESSURA DE 45 MM, ACESSO POR ANDAIME. AF_08/2022",M2,Massa Única Externa,92.64,sem_desoneracao,2026-06-12,928df42a952625eb12d41baf2b5ab17e1207af6e7881cb9f1c7fcac4708400e3,SINAPI_Referência_2026_05.xlsx!CSD!S7699,24beead8f5ef156da2afd516e4799f8c2c3d6fd1b8771f044f03eae06e13583f,cpu_hierarquica_v1,0.0794,revestimentos_forros,Revestimentos e forros,revestimentos_forros,ok,,92.64,0.0,SINAPI_Referência_2026_05.xlsx!Analítico!B47538
sinapi_es,2026-05,104229,"EMBOÇO OU MASSA ÚNICA EM ARGAMASSA TRAÇO 1:2:8, PREPARO MECÂNICA COM BETONEIRA 400 L, APLICADA MANUALMENTE EM PANOS DE FACHADA COM PRESENÇA DE VÃOS, ESPESSURA DE 50 MM, ACESSO POR ANDAIME. AF_08/2022",M2,Massa Única Externa,103.59,sem_desoneracao,2026-06-12,928df42a952625eb12d41baf2b5ab17e1207af6e7881cb9f1c7fcac4708400e3,SINAPI_Referência_2026_05.xlsx!CSD!S7721,40609a360d5f5934c96b0eeb98f7e4f5f1fb30fe023fca5db1375197890b865e,cpu_hierarquica_v1,0.0,revestimentos_forros,Revestimentos e forros,revestimentos_forros,ok,,103.59,0.0,SINAPI_Referência_2026_05.xlsx!Analítico!B47679
sinapi_es,2026-05,104230,"EMBOÇO OU MASSA ÚNICA EM ARGAMASSA TRAÇO 1:2:8, PREPARO MANUAL, APLICADA MANUALMENTE EM PANOS DE FACHADA COM PRESENÇA DE VÃOS, ESPESSURA DE 50 MM, ACESSO POR ANDAIME. AF_08/2022",M2,Massa Única Externa,112.32,sem_desoneracao,2026-06-12,928df42a952625eb12d41baf2b5ab17e1207af6e7881cb9f1c7fcac4708400e3,SINAPI_Referência_2026_05.xlsx!CSD!S7680,ff14404a411c122c74789bad12c9c25639cb511d956dcc67868395d03eaeca26,cpu_hierarquica_v1,0.0,revestimentos_forros,Revestimentos e forros,revestimentos_forros,ok,,112.32,0.0,SINAPI_Referência_2026_05.xlsx!Analítico!B47445
sinapi_es,2026-05,104231,"EMBOÇO OU MASSA ÚNICA EM ARGAMASSA INDUSTRIALIZADA, PREPARO MECÂNICA E APLICAÇÃO COM EQUIPAMENTO DE MISTURA E PROJEÇÃO DE 1,5 M3/H DE ARGAMASSA EM PANOS DE FACHADA COM PRESENÇA DE VÃOS, ESPESSURA DE 50 MM, ACESSO POR ANDAIME. AF_08/2022",M2,Massa Única Externa,149.0,sem_desoneracao,2026-06-12,928df42a952625eb12d41baf2b5ab17e1207af6e7881cb9f1c7fcac4708400e3,SINAPI_Referência_2026_05.xlsx!CSD!S7647,5e2636b1219dec04722ef11e9f918ddc0f73e6eb9c194844076ca5efc848a9b5,cpu_hierarquica_v1,0.0,revestimentos_forros,Revestimentos e forros,revestimentos_forros,ok,,149.0,0.0,SINAPI_Referência_2026_05.xlsx!Analítico!B47290
sinapi_es,2026-05,104232,"EMBOÇO OU MASSA ÚNICA EM ARGAMASSA TRAÇO 1:2:8, PREPARO MECÂNICA COM BETONEIRA 400 L, APLICADA COM PROJETOR TIPO CANEQUINHA EM PANOS DE FACHADA COM PRESENÇA DE VÃOS, ESPESSURA DE 50 MM, ACESSO POR ANDAIME. AF_08/2022",M2,Massa Única Externa,102.47,sem_desoneracao,2026-06-12,928df42a952625eb12d41baf2b5ab17e1207af6e7881cb9f1c7fcac4708400e3,SINAPI_Referência_2026_05.xlsx!CSD!S7701,4ca0c025b33ba065f30bcab61104fd8fa3eb07f17b238d1871c1659610596216,cpu_hierarquica_v1,0.0799,revestimentos_forros,Revestimentos e forros,revestimentos_forros,ok,,102.47,0.0,SINAPI_Referência_2026_05.xlsx!Analítico!B47552
sinapi_es,2026-05,104233,"EMBOÇO OU MASSA ÚNICA EM ARGAMASSA TRAÇO 1:2:8, PREPARO MECÂNICA COM BETONEIRA 400 L, APLICADA MANUALMENTE EM PANOS DE FACHADA SEM PRESENÇA DE VÃOS, ESPESSURA DE 25 MM, ACESSO POR ANDAIME. AF_08/2022",M2,Massa Única Externa,45.75,sem_desoneracao,2026-06-12,928df42a952625eb12d41baf2b5ab17e1207af6e7881cb9f1c7fcac4708400e3,SINAPI_Referência_2026_05.xlsx!CSD!S7722,489c9387158e4d1b834f2f9f44cdae99d3e88a465ff7b565f67070ddfaf6e472,cpu_hierarquica_v1,0.0,revestimentos_forros,Revestimentos e forros,revestimentos_forros,ok,,45.75,0.0,SINAPI_Referência_2026_05.xlsx!Analítico!B47684
sinapi_es,2026-05,104234,"EMBOÇO OU MASSA ÚNICA EM ARGAMASSA TRAÇO 1:2:8, PREPARO MANUAL, APLICADA MANUALMENTE EM PANOS DE FACHADA SEM PRESENÇA DE VÃOS, ESPESSURA DE 25 MM, ACESSO POR ANDAIME. AF_08/2022",M2,Massa Única Externa,50.15,sem_desoneracao,2026-06-12,928df42a952625eb12d41baf2b5ab17e1207af6e7881cb9f1c7fcac4708400e3,SINAPI_Referência_2026_05.xlsx!CSD!S7681,4b5a2f7f6fd946ea2f2ba927523ffc9719951b4634c450e3649b2c74458fb12f,cpu_hierarquica_v1,0.0,revestimentos_forros,Revestimentos e forros,revestimentos_forros,ok,,50.15,0.0,SINAPI_Referência_2026_05.xlsx!Analítico!B47450
sinapi_es,2026-05,104235,"EMBOÇO OU MASSA ÚNICA EM ARGAMASSA INDUSTRIALIZADA, PREPARO MECÂNICA E APLICAÇÃO COM EQUIPAMENTO DE MISTURA E PROJEÇÃO DE 1,5 M3/H DE ARGAMASSA EM PANOS DE FACHADA SEM PRESENÇA DE VÃOS, ESPESSURA DE 25 MM, ACESSO POR ANDAIME. AF_08/2022",M2,Massa Única Externa,72.39,sem_desoneracao,2026-06-12,928df42a952625eb12d41baf2b5ab17e1207af6e7881cb9f1c7fcac4708400e3,SINAPI_Referência_2026_05.xlsx!CSD!S7648,0c25429bff9c02d67952a5922f68497c2bce3e367f3a0fdfb07d5c0919b8f381,cpu_hierarquica_v1,0.0,revestimentos_forros,Revestimentos e forros,revestimentos_forros,ok,,72.39,0.0,SINAPI_Referência_2026_05.xlsx!Analítico!B47295
sinapi_es,2026-05,104236,"EMBOÇO OU MASSA ÚNICA EM ARGAMASSA TRAÇO 1:2:8, PREPARO MECÂNICA COM BETONEIRA 400 L, APLICADA COM PROJETOR TIPO CANEQUINHA EM PANOS DE FACHADA SEM PRESENÇA DE VÃOS, ESPESSURA DE 25 MM, ACESSO POR ANDAIME. AF_08/2022",M2,Massa Única Externa,48.33,sem_desoneracao,2026-06-12,928df42a952625eb12d41baf2b5ab17e1207af6e7881cb9f1c7fcac4708400e3,SINAPI_Referência_2026_05.xlsx!CSD!S7703,38e828690c78cb6f77e114ce3ef900c2187e3f37bdd02283a11be1f537527036,cpu_hierarquica_v1,0.0735,revestimentos_forros,Revestimentos e forros,revestimentos_forros,ok,,48.33,0.0,SINAPI_Referência_2026_05.xlsx!Analítico!B47566
sinapi_es,2026-05,104237,"EMBOÇO OU MASSA ÚNICA EM ARGAMASSA TRAÇO 1:2:8, PREPARO MECÂNICA COM BETONEIRA 400 L, APLICADA MANUALMENTE EM PANOS DE FACHADA SEM PRESENÇA DE VÃOS, ESPESSURA DE 35 MM, ACESSO POR ANDAIME. AF_08/2022",M2,Massa Única Externa,63.42,sem_desoneracao,2026-06-12,928df42a952625eb12d41baf2b5ab17e1207af6e7881cb9f1c7fcac4708400e3,SINAPI_Referência_2026_05.xlsx!CSD!S7723,3297144134043283384f1b2d6ba8928b6cb18c667cfabbcbe0865554041a5260,cpu_hierarquica_v1,0.0,revestimentos_forros,Revestimentos e forros,revestimentos_forros,ok,,63.42,0.0,SINAPI_Referência_2026_05.xlsx!Analítico!B47689
sinapi_es,2026-05,104238,"EMBOÇO OU MASSA ÚNICA EM ARGAMASSA TRAÇO 1:2:8, PREPARO MANUAL, APLICADA MANUALMENTE EM PANOS DE FACHADA SEM PRESENÇA DE VÃOS, ESPESSURA DE 35 MM, ACESSO POR ANDAIME. AF_08/2022",M2,Massa Única Externa,69.32,sem_desoneracao,2026-06-12,928df42a952625eb12d41baf2b5ab17e1207af6e7881cb9f1c7fcac4708400e3,SINAPI_Referência_2026_05.xlsx!CSD!S7682,b06d43c011b70a4060ea63c95e76787abf6d4dfbbbef3a9ff83570d988cf6673,cpu_hierarquica_v1,0.0,revestimentos_forros,Revestimentos e forros,revestimentos_forros,ok,,69.32,0.0,SINAPI_Referência_2026_05.xlsx!Analítico!B47455
sinapi_es,2026-05,104239,"EMBOÇO OU MASSA ÚNICA EM ARGAMASSA INDUSTRIALIZADA, PREPARO MECÂNICA E APLICAÇÃO COM EQUIPAMENTO DE MISTURA E PROJEÇÃO DE 1,5 M3/H DE ARGAMASSA EM PANOS DE FACHADA SEM PRESENÇA DE VÃOS, ESPESSURA DE 35 MM, ACESSO POR ANDAIME. AF_08/2022",M2,Massa Única Externa,98.93,sem_desoneracao,2026-06-12,928df42a952625eb12d41baf2b5ab17e1207af6e7881cb9f1c7fcac4708400e3,SINAPI_Referência_2026_05.xlsx!CSD!S7649,325d70e2bb8a6eb2a96c3d48477c7091899d349506f6e351fdcf045497aa62cc,cpu_hierarquica_v1,0.0,revestimentos_forros,Revestimentos e forros,revestimentos_forros,ok,,98.93,0.0,SINAPI_Referência_2026_05.xlsx!Analítico!B47300
sinapi_es,2026-05,104240,"EMBOÇO OU MASSA ÚNICA EM ARGAMASSA TRAÇO 1:2:8, PREPARO MECÂNICA COM BETONEIRA 400 L, APLICADA COM PROJETOR TIPO CANEQUINHA EM PANOS DE FACHADA SEM PRESENÇA DE VÃOS, ESPESSURA DE 35 MM, ACESSO POR ANDAIME. AF_08/2022",M2,Massa Única Externa,67.14,sem_desoneracao,2026-06-12,928df42a952625eb12d41baf2b5ab17e1207af6e7881cb9f1c7fcac4708400e3,SINAPI_Referência_2026_05.xlsx!CSD!S7705,1b8f4cdedae1511d50589b9e57415bb4f61c4fa41c95092fe16f5f30417744b8,cpu_hierarquica_v1,0.0772,revestimentos_forros,Revestimentos e forros,revestimentos_forros,ok,,67.14,0.0,SINAPI_Referência_2026_05.xlsx!Analítico!B47580
sinapi_es,2026-05,104241,"EMBOÇO OU MASSA ÚNICA EM ARGAMASSA TRAÇO 1:2:8, PREPARO MECÂNICA COM BETONEIRA 400 L, APLICADA MANUALMENTE EM PANOS DE FACHADA SEM PRESENÇA DE VÃOS, ESPESSURA DE 45 MM, ACESSO POR ANDAIME. AF_08/2022",M2,Massa Única Externa,70.07,sem_desoneracao,2026-06-12,928df42a952625eb12d41baf2b5ab17e1207af6e7881cb9f1c7fcac4708400e3,SINAPI_Referência_2026_05.xlsx!CSD!S7724,732bf40895a82b122d9ceeed5c071517d2af472c26da84c9cf31b6a6c070ad20,cpu_hierarquica_v1,0.0,revestimentos_forros,Revestimentos e forros,revestimentos_forros,ok,,70.07,0.0,SINAPI_Referência_2026_05.xlsx!Analítico!B47694
sinapi_es,2026-05,104242,"EMBOÇO OU MASSA ÚNICA EM ARGAMASSA TRAÇO 1:2:8, PREPARO MANUAL, APLICADA MANUALMENTE EM PANOS DE FACHADA SEM PRESENÇA DE VÃOS, ESPESSURA DE 45 MM, ACESSO POR ANDAIME. AF_08/2022",M2,Massa Única Externa,77.47,sem_desoneracao,2026-06-12,928df42a952625eb12d41baf2b5ab17e1207af6e7881cb9f1c7fcac4708400e3,SINAPI_Referência_2026_05.xlsx!CSD!S7683,e20507586364cd592a688ec965826974bb51d85c7ecd00abf291198184ba862f,cpu_hierarquica_v1,0.0,revestimentos_forros,Revestimentos e forros,revestimentos_forros,ok,,77.47,0.0,SINAPI_Referência_2026_05.xlsx!Analítico!B47460
sinapi_es,2026-05,104243,"EMBOÇO OU MASSA ÚNICA EM ARGAMASSA INDUSTRIALIZADA, PREPARO MECÂNICA E APLICAÇÃO COM EQUIPAMENTO DE MISTURA E PROJEÇÃO DE 1,5 M3/H DE ARGAMASSA EM PANOS DE FACHADA SEM PRESENÇA DE VÃOS, ESPESSURA DE 45 MM, ACESSO POR ANDAIME. AF_08/2022",M2,Massa Única Externa,115.43,sem_desoneracao,2026-06-12,928df42a952625eb12d41baf2b5ab17e1207af6e7881cb9f1c7fcac4708400e3,SINAPI_Referência_2026_05.xlsx!CSD!S7650,283ef5a6c1f3b45ef69b2d6e0ba902fb24368006b0aedc89cfc4b60c8d84e44c,cpu_hierarquica_v1,0.0,revestimentos_forros,Revestimentos e forros,revestimentos_forros,ok,,115.43,0.0,SINAPI_Referência_2026_05.xlsx!Analítico!B47305
sinapi_es,2026-05,104244,"EMBOÇO OU MASSA ÚNICA EM ARGAMASSA TRAÇO 1:2:8, PREPARO MECÂNICA COM BETONEIRA 400 L, APLICADA COM PROJETOR TIPO CANEQUINHA EM PANOS DE FACHADA SEM PRESENÇA DE VÃOS, ESPESSURA DE 45 MM, ACESSO POR ANDAIME. AF_08/2022",M2,Massa Única Externa,74.54,sem_desoneracao,2026-06-12,928df42a952625eb12d41baf2b5ab17e1207af6e7881cb9f1c7fcac4708400e3,SINAPI_Referência_2026_05.xlsx!CSD!S7707,6713d16e051a9a2aa566bdce55f75c5ea6952bb7d610963a6052967a662aa599,cpu_hierarquica_v1,0.0728,revestimentos_forros,Revestimentos e forros,revestimentos_forros,ok,,74.54,0.0,SINAPI_Referência_2026_05.xlsx!Analítico!B47594
sinapi_es,2026-05,104245,"EMBOÇO OU MASSA ÚNICA EM ARGAMASSA TRAÇO 1:2:8, PREPARO MECÂNICA COM BETONEIRA 400 L, APLICADA MANUALMENTE EM PANOS DE FACHADA SEM PRESENÇA DE VÃOS, ESPESSURA DE 50 MM, ACESSO POR ANDAIME. AF_08/2022",M2,Massa Única Externa,76.52,sem_desoneracao,2026-06-12,928df42a952625eb12d41baf2b5ab17e1207af6e7881cb9f1c7fcac4708400e3,SINAPI_Referência_2026_05.xlsx!CSD!S7725,7c4b14f49f8b37f62a4dccfcddb6cbe893e00deb625e5f11656b64004610ecce,cpu_hierarquica_v1,0.0,revestimentos_forros,Revestimentos e forros,revestimentos_forros,ok,,76.52,0.0,SINAPI_Referência_2026_05.xlsx!Analítico!B47699
sinapi_es,2026-05,104246,"EMBOÇO OU MASSA ÚNICA EM ARGAMASSA TRAÇO 1:2:8, PREPARO MANUAL, APLICADA MANUALMENTE EM PANOS DE FACHADA SEM PRESENÇA DE VÃOS, ESPESSURA DE 50 MM, ACESSO POR ANDAIME. AF_08/2022",M2,Massa Única Externa,84.67,sem_desoneracao,2026-06-12,928df42a952625eb12d41baf2b5ab17e1207af6e7881cb9f1c7fcac4708400e3,SINAPI_Referência_2026_05.xlsx!CSD!S7684,12542271ace042205e15952ca6d18144eab723a193af9e471a9dc4d56f98589b,cpu_hierarquica_v1,0.0,revestimentos_forros,Revestimentos e forros,revestimentos_forros,ok,,84.67,0.0,SINAPI_Referência_2026_05.xlsx!Analítico!B47465
sinapi_es,2026-05,104247,"EMBOÇO OU MASSA ÚNICA EM ARGAMASSA INDUSTRIALIZADA, PREPARO MECÂNICA E APLICAÇÃO COM EQUIPAMENTO DE MISTURA E PROJEÇÃO DE 1,5 M3/H DE ARGAMASSA EM PANOS DE FACHADA SEM PRESENÇA DE VÃOS, ESPESSURA DE 50 MM, ACESSO POR ANDAIME. AF_08/2022",M2,Massa Única Externa,122.89,sem_desoneracao,2026-06-12,928df42a952625eb12d41baf2b5ab17e1207af6e7881cb9f1c7fcac4708400e3,SINAPI_Referência_2026_05.xlsx!CSD!S7651,03a1825d0fe7ec0a55f985b8d0da30fcffa5c0a29f32ed60b286f7f85b2e024c,cpu_hierarquica_v1,0.0,revestimentos_forros,Revestimentos e forros,revestimentos_forros,ok,,122.89,0.0,SINAPI_Referência_2026_05.xlsx!Analítico!B47310
sinapi_es,2026-05,104248,"EMBOÇO OU MASSA ÚNICA EM ARGAMASSA TRAÇO 1:2:8, PREPARO MECÂNICA COM BETONEIRA 400 L, APLICADA COM PROJETOR TIPO CANEQUINHA EM PANOS DE FACHADA SEM PRESENÇA DE VÃOS, ESPESSURA DE 50 MM, ACESSO POR ANDAIME. AF_08/2022",M2,Massa Única Externa,77.35,sem_desoneracao,2026-06-12,928df42a952625eb12d41baf2b5ab17e1207af6e7881cb9f1c7fcac4708400e3,SINAPI_Referência_2026_05.xlsx!CSD!S7709,35f4894dde343593d1eb789034e56dd5596da41551a8cd921fa1d2e511123b4e,cpu_hierarquica_v1,0.0703,revestimentos_forros,Revestimentos e forros,revestimentos_forros,ok,,77.35,0.0,SINAPI_Referência_2026_05.xlsx!Analítico!B47608
sinapi_es,2026-05,104249,"EMBOÇO OU MASSA ÚNICA EM ARGAMASSA TRAÇO 1:2:8, PREPARO MECÂNICA COM BETONEIRA 400 L, APLICADA MANUALMENTE EM SUPERFÍCIES EXTERNAS DA SACADA, ESPESSURA DE 25 MM, ACESSO POR ANDAIME, SEM USO DE TELA METÁLICA. AF_08/2022",M2,Massa Única Externa,89.67,sem_desoneracao,2026-06-12,928df42a952625eb12d41baf2b5ab17e1207af6e7881cb9f1c7fcac4708400e3,SINAPI_Referência_2026_05.xlsx!CSD!S7726,1b8a37463013ccb1a825282b7a5fd2a545fc99fe5d33c9da8ac29db54048f5ea,cpu_hierarquica_v1,0.0,revestimentos_forros,Revestimentos e forros,revestimentos_forros,ok,,89.67,0.0,SINAPI_Referência_2026_05.xlsx!Analítico!B47704
sinapi_es,2026-05,104250,"EMBOÇO OU MASSA ÚNICA EM ARGAMASSA TRAÇO 1:2:8, PREPARO MANUAL, APLICADA MANUALMENTE EM SUPERFÍCIES EXTERNAS DA SACADA, ESPESSURA DE 25 MM, ACESSO POR ANDAIME, SEM USO DE TELA METÁLICA. AF_08/2022",M2,Massa Única Externa,94.07,sem_desoneracao,2026-06-12,928df42a952625eb12d41baf2b5ab17e1207af6e7881cb9f1c7fcac4708400e3,SINAPI_Referência_2026_05.xlsx!CSD!S7685,9e02fcc74d9ee8feb9890b6daf2a559c475f69c93f91b0dff014c3b1828eef07,cpu_hierarquica_v1,0.0,revestimentos_forros,Revestimentos e forros,revestimentos_forros,ok,,94.07,0.0,SINAPI_Referência_2026_05.xlsx!Analítico!B47470
sinapi_es,2026-05,104251,"EMBOÇO OU MASSA ÚNICA EM ARGAMASSA INDUSTRIALIZADA, PREPARO MECÂNICO E APLICAÇÃO COM EQUIPAMENTO DE MISTURA E PROJEÇÃO DE 1,5 M3/H, NAS SUPERFÍCIES EXTERNAS DA SACADA, ESPESSURA DE 25 MM, ACESSO POR ANDAIME, SEM USO DE TELA METÁLICA. AF_08/2022",M2,Massa Única Externa,112.2,sem_desoneracao,2026-06-12,928df42a952625eb12d41baf2b5ab17e1207af6e7881cb9f1c7fcac4708400e3,SINAPI_Referência_2026_05.xlsx!CSD!S7666,491f44d361871ee88797036a5ef823be040aa7a50094ac73034424776121ebbc,cpu_hierarquica_v1,0.0,revestimentos_forros,Revestimentos e forros,revestimentos_forros,ok,,112.2,0.0,SINAPI_Referência_2026_05.xlsx!Analítico!B47379
sinapi_es,2026-05,104252,"EMBOÇO OU MASSA ÚNICA EM ARGAMASSA TRAÇO 1:2:8, PREPARO MECÂNICA COM BETONEIRA 400 L, APLICADA COM PROJETOR TIPO CANEQUINHA EM SUPERFÍCIES EXTERNAS DA SACADA, ESPESSURA DE 25 MM, ACESSO POR ANDAIME, SEM USO DE TELA METÁLICA. AF_08/2022",M2,Massa Única Externa,93.95,sem_desoneracao,2026-06-12,928df42a952625eb12d41baf2b5ab17e1207af6e7881cb9f1c7fcac4708400e3,SINAPI_Referência_2026_05.xlsx!CSD!S7711,776d7b0d756109ec9447103e4802b4978db8ca5bc6b46676bd179ae278d4b4ce,cpu_hierarquica_v1,0.0994,revestimentos_forros,Revestimentos e forros,revestimentos_forros,ok,,93.95,0.0,SINAPI_Referência_2026_05.xlsx!Analítico!B47622
sinapi_es,2026-05,104253,"EMBOÇO OU MASSA ÚNICA EM ARGAMASSA TRAÇO 1:2:8, PREPARO MECÂNICA COM BETONEIRA 400 L, APLICADA MANUALMENTE EM SUPERFÍCIES EXTERNAS DA SACADA, ESPESSURA DE 35 MM, ACESSO POR ANDAIME, SEM USO DE TELA METÁLICA. AF_08/2022",M2,Massa Única Externa,107.34,sem_desoneracao,2026-06-12,928df42a952625eb12d41baf2b5ab17e1207af6e7881cb9f1c7fcac4708400e3,SINAPI_Referência_2026_05.xlsx!CSD!S7727,0d827b81f69c814a2a3421a2c0a08cc1cf36541ef59ced5d879e673b5a37e3dc,cpu_hierarquica_v1,0.0,revestimentos_forros,Revestimentos e forros,revestimentos_forros,ok,,107.34,0.0,SINAPI_Referência_2026_05.xlsx!Analítico!B47708
sinapi_es,2026-05,104254,"EMBOÇO OU MASSA ÚNICA EM ARGAMASSA TRAÇO 1:2:8, PREPARO MANUAL, APLICADA MANUALMENTE EM SUPERFÍCIES EXTERNAS DA SACADA, ESPESSURA DE 35 MM, ACESSO POR ANDAIME, SEM USO DE TELA METÁLICA. AF_08/2022",M2,Massa Única Externa,113.24,sem_desoneracao,2026-06-12,928df42a952625eb12d41baf2b5ab17e1207af6e7881cb9f1c7fcac4708400e3,SINAPI_Referência_2026_05.xlsx!CSD!S7687,22a99aac512c3f2858c3a287410ef6f2fefe87190dcf575b35273b4488ada60e,cpu_hierarquica_v1,0.0,revestimentos_forros,Revestimentos e forros,revestimentos_forros,ok,,113.24,0.0,SINAPI_Referência_2026_05.xlsx!Analítico!B47478
sinapi_es,2026-05,104255,"EMBOÇO OU MASSA ÚNICA EM ARGAMASSA INDUSTRIALIZADA, PREPARO MECÂNICO E APLICAÇÃO COM EQUIPAMENTO DE MISTURA E PROJEÇÃO DE 1,5 M3/H, NAS SUPERFÍCIES EXTERNAS DA SACADA, ESPESSURA DE 35 MM, ACESSO POR ANDAIME, SEM USO DE TELA METÁLICA. AF_08/2022",M2,Massa Única Externa,138.74,sem_desoneracao,2026-06-12,928df42a952625eb12d41baf2b5ab17e1207af6e7881cb9f1c7fcac4708400e3,SINAPI_Referência_2026_05.xlsx!CSD!S7667,54fab38b05396e7eaabab8243282da647ff65d81b9d9bb5eb03b4af0b1247366,cpu_hierarquica_v1,0.0,revestimentos_forros,Revestimentos e forros,revestimentos_forros,ok,,138.74,0.0,SINAPI_Referência_2026_05.xlsx!Analítico!B47383
sinapi_es,2026-05,104256,"EMBOÇO OU MASSA ÚNICA EM ARGAMASSA TRAÇO 1:2:8, PREPARO MECÂNICO COM BETONEIRA 400 L, APLICADA COM PROJETOR TIPO CANEQUINHA EM SUPERFÍCIES EXTERNAS DA SACADA, ESPESSURA DE 35 MM, ACESSO POR ANDAIME, SEM USO DE TELA METÁLICA. AF_08/2022",M2,Massa Única Externa,112.76,sem_desoneracao,2026-06-12,928df42a952625eb12d41baf2b5ab17e1207af6e7881cb9f1c7fcac4708400e3,SINAPI_Referência_2026_05.xlsx!CSD!S7728,d8ef2aeb05cf8e8fa0462515604c34651d9afed0182ce90059c42fc06d2b6c0e,cpu_hierarquica_v1,0.0972,revestimentos_forros,Revestimentos e forros,revestimentos_forros,ok,,112.76,0.0,SINAPI_Referência_2026_05.xlsx!Analítico!B47712
sinapi_es,2026-05,104257,"EMBOÇO OU MASSA ÚNICA EM ARGAMASSA TRAÇO 1:2:8, PREPARO MECÂNICO COM BETONEIRA 400 L, APLICADA MANUALMENTE EM SUPERFÍCIES EXTERNAS DA SACADA, ESPESSURA DE 45 MM, ACESSO POR ANDAIME, SEM USO DE TELA METÁLICA. AF_08/2022",M2,Massa Única Externa,113.99,sem_desoneracao,2026-06-12,928df42a952625eb12d41baf2b5ab17e1207af6e7881cb9f1c7fcac4708400e3,SINAPI_Referência_2026_05.xlsx!CSD!S7741,49f787d0d27bf81b6b6b1bb61e66be17bb8f82870fd91e582c777a5db4dc3245,cpu_hierarquica_v1,0.0,revestimentos_forros,Revestimentos e forros,revestimentos_forros,ok,,113.99,0.0,SINAPI_Referência_2026_05.xlsx!Analítico!B47778
sinapi_es,2026-05,104258,"EMBOÇO OU MASSA ÚNICA EM ARGAMASSA TRAÇO 1:2:8, PREPARO MANUAL, APLICADA MANUALMENTE EM SUPERFÍCIES EXTERNAS DA SACADA, ESPESSURA DE 45 MM, ACESSO POR ANDAIME, SEM USO DE TELA METÁLICA. AF_08/2022",M2,Massa Única Externa,121.39,sem_desoneracao,2026-06-12,928df42a952625eb12d41baf2b5ab17e1207af6e7881cb9f1c7fcac4708400e3,SINAPI_Referência_2026_05.xlsx!CSD!S7689,76f0648d8a4fdd55cbf5af373a770dec13d7ceaa676c6e455b362fa57d5df78e,cpu_hierarquica_v1,0.0,revestimentos_forros,Revestimentos e forros,revestimentos_forros,ok,,121.39,0.0,SINAPI_Referência_2026_05.xlsx!Analítico!B47486
sinapi_es,2026-05,104259,"EMBOÇO OU MASSA ÚNICA EM ARGAMASSA INDUSTRIALIZADA, PREPARO MECÂNICO E APLICAÇÃO COM EQUIPAMENTO DE MISTURA E PROJEÇÃO DE 1,5 M3/H, NAS SUPERFÍCIES EXTERNAS DA SACADA, ESPESSURA DE 45 MM, ACESSO POR ANDAIME, SEM USO DE TELA METÁLICA. AF_08/2022",M2,Massa Única Externa,155.24,sem_desoneracao,2026-06-12,928df42a952625eb12d41baf2b5ab17e1207af6e7881cb9f1c7fcac4708400e3,SINAPI_Referência_2026_05.xlsx!CSD!S7668,a568234a7fdf1c529d56e5acda412040e7e7bc1c8ac610f60f034fdb609b0302,cpu_hierarquica_v1,0.0,revestimentos_forros,Revestimentos e forros,revestimentos_forros,ok,,155.24,0.0,SINAPI_Referência_2026_05.xlsx!Analítico!B47387
sinapi_es,2026-05,104260,"EMBOÇO OU MASSA ÚNICA EM ARGAMASSA TRAÇO 1:2:8, PREPARO MECÂNICO COM BETONEIRA 400 L, APLICADA COM PROJETOR TIPO CANEQUINHA EM SUPERFÍCIES EXTERNAS DA SACADA, ESPESSURA DE 45 MM, ACESSO POR ANDAIME, SEM USO DE TELA METÁLICA. AF_08/2022",M2,Massa Única Externa,120.16,sem_desoneracao,2026-06-12,928df42a952625eb12d41baf2b5ab17e1207af6e7881cb9f1c7fcac4708400e3,SINAPI_Referência_2026_05.xlsx!CSD!S7729,352e7f20f369ef3b0c86fbdba98c258986d2a0fff6792cc21b088f1db2397b3f,cpu_hierarquica_v1,0.0933,revestimentos_forros,Revestimentos e forros,revestimentos_forros,ok,,120.16,0.0,SINAPI_Referência_2026_05.xlsx!Analítico!B47718
sinapi_es,2026-05,104261,"EMBOÇO OU MASSA ÚNICA EM ARGAMASSA TRAÇO 1:2:8, PREPARO MECÂNICO COM BETONEIRA 400 L, APLICADA MANUALMENTE EM SUPERFÍCIES EXTERNAS DA SACADA, ESPESSURA DE 50 MM, ACESSO POR ANDAIME, SEM USO DE TELA METÁLICA. AF_08/2022",M2,Massa Única Externa,148.5,sem_desoneracao,2026-06-12,928df42a952625eb12d41baf2b5ab17e1207af6e7881cb9f1c7fcac4708400e3,SINAPI_Referência_2026_05.xlsx!CSD!S7743,8529e21ced1f2d5b013ac177c2b78efdaf6fc27f4849e1f1f953db4caee7227a,cpu_hierarquica_v1,0.0,revestimentos_forros,Revestimentos e forros,revestimentos_forros,ok,,148.5,0.0,SINAPI_Referência_2026_05.xlsx!Analítico!B47786
sinapi_es,2026-05,104262,"EMBOÇO OU MASSA ÚNICA EM ARGAMASSA TRAÇO 1:2:8, PREPARO MANUAL, APLICADA MANUALMENTE EM SUPERFÍCIES EXTERNAS DA SACADA, ESPESSURA DE 50 MM, ACESSO POR ANDAIME, SEM USO DE TELA METÁLICA. AF_08/2022",M2,Massa Única Externa,156.65,sem_desoneracao,2026-06-12,928df42a952625eb12d41baf2b5ab17e1207af6e7881cb9f1c7fcac4708400e3,SINAPI_Referência_2026_05.xlsx!CSD!S7691,b8f792ef7435f06d5452901f2265884c9f6d2ec13e10fee81c5786aae29beea3,cpu_hierarquica_v1,0.0,revestimentos_forros,Revestimentos e forros,revestimentos_forros,ok,,156.65,0.0,SINAPI_Referência_2026_05.xlsx!Analítico!B47494
sinapi_es,2026-05,104263,"EMBOÇO OU MASSA ÚNICA EM ARGAMASSA INDUSTRIALIZADA, PREPARO MECÂNICO E APLICAÇÃO COM EQUIPAMENTO DE MISTURA E PROJEÇÃO DE 1,5 M3/H, NAS SUPERFÍCIES EXTERNAS DA SACADA, ESPESSURA DE 50 MM, ACESSO POR ANDAIME, SEM USO DE TELA METÁLICA. AF_08/2022",M2,Massa Única Externa,180.71,sem_desoneracao,2026-06-12,928df42a952625eb12d41baf2b5ab17e1207af6e7881cb9f1c7fcac4708400e3,SINAPI_Referência_2026_05.xlsx!CSD!S7669,cf0a6ec0d12d972fae6165d875a66ccac7a46aca1a48056afa01d979958db812,cpu_hierarquica_v1,0.0,revestimentos_forros,Revestimentos e forros,revestimentos_forros,ok,,180.71,0.0,SINAPI_Referência_2026_05.xlsx!Analítico!B47391
sinapi_es,2026-05,104264,"EMBOÇO OU MASSA ÚNICA EM ARGAMASSA TRAÇO 1:2:8, PREPARO MECÂNICO COM BETONEIRA 400 L, APLICADA COM PROJETOR TIPO CANEQUINHA EM SUPERFÍCIES EXTERNAS DA SACADA, ESPESSURA DE 50 MM, ACESSO POR ANDAIME, SEM USO DE TELA METÁLICA. AF_08/2022",M2,Massa Única Externa,143.45,sem_desoneracao,2026-06-12,928df42a952625eb12d41baf2b5ab17e1207af6e7881cb9f1c7fcac4708400e3,SINAPI_Referência_2026_05.xlsx!CSD!S7730,d0798d7b17f74379e622c88a00a5919a81fb81404319130a9cfc2dbeab48f1c2,cpu_hierarquica_v1,0.0954,revestimentos_forros,Revestimentos e forros,revestimentos_forros,ok,,143.45,0.0,SINAPI_Referência_2026_05.xlsx!Analítico!B47724
sinapi_es,2026-05,104410,"CHAPISCO APLICADO EM ALVENARIA E ESTRUTURAS DE CONCRETO INTERNAS, COM EQUIPAMENTO DE PROJEÇÃO. ARGAMASSA TRAÇO 1:3 COM PREPARO MANUAL. AF_10/2022",M2,Chapisco,5.88,sem_desoneracao,2026-06-12,928df42a952625eb12d41baf2b5ab17e1207af6e7881cb9f1c7fcac4708400e3,SINAPI_Referência_2026_05.xlsx!CSD!S1313,baf8aac10a557319892783d90a7bf2f4199e37a85fe272eb464b14d6a482fd91,cpu_hierarquica_v1,0.0799,revestimentos_forros,Revestimentos e forros,revestimentos_forros,ok,,5.88,0.0,SINAPI_Referência_2026_05.xlsx!Analítico!B9768
sinapi_es,2026-05,104411,"CHAPISCO APLICADO EM ALVENARIA E ESTRUTURAS DE CONCRETO INTERNAS, COM EQUIPAMENTO DE PROJEÇÃO. ARGAMASSA TRAÇO 1:3 COM PREPARO EM BETONEIRA 400 L. AF_10/2022",M2,Chapisco,5.21,sem_desoneracao,2026-06-12,928df42a952625eb12d41baf2b5ab17e1207af6e7881cb9f1c7fcac4708400e3,SINAPI_Referência_2026_05.xlsx!CSD!S1312,6311d5526e9d8160c85bb350ccd7a091ddbe040f0a9aa041803b21676347084d,cpu_hierarquica_v1,0.0902,revestimentos_forros,Revestimentos e forros,revestimentos_forros,ok,,5.21,0.0,SINAPI_Referência_2026_05.xlsx!Analítico!B9762
sinapi_es,2026-05,104412,"ESTUCAMENTO PARA QUALQUER REVESTIMENTO, EM TETO DO SISTEMA DE PAREDES DE CONCRETO, EM AMBIENTES COM ÁREA MAIOR OU IGUAL A 10 M², UTILIZAÇÃO DE ARGAMASSA COLANTE. AF_12/2024",M2,Paredes de Concreto - Estucamento,3.92,sem_desoneracao,2026-06-12,928df42a952625eb12d41baf2b5ab17e1207af6e7881cb9f1c7fcac4708400e3,SINAPI_Referência_2026_05.xlsx!CSD!S8016,e99c33b49944ceea52e49105155e5a190246d9f35985cb99816f24e4bdcc5696,cpu_hierarquica_v1,0.0,revestimentos_forros,Revestimentos e forros,revestimentos_forros,ok,,3.92,0.0,SINAPI_Referência_2026_05.xlsx!Analítico!B49083
sinapi_es,2026-05,104413,"ESTUCAMENTO PARA QUALQUER REVESTIMENTO, EM TETO DO SISTEMA DE PAREDES DE CONCRETO, EM AMBIENTES COM ÁREA MENOR OU IGUAL A 5 M², UTILIZAÇÃO DE ARGAMASSA COLANTE. AF_12/2024",M2,Paredes de Concreto - Estucamento,6.68,sem_desoneracao,2026-06-12,928df42a952625eb12d41baf2b5ab17e1207af6e7881cb9f1c7fcac4708400e3,SINAPI_Referência_2026_05.xlsx!CSD!S8017,248f8df896f91d3a4cdae6b6443b063afb5baf50822d84c6a48a25ec20de6af0,cpu_hierarquica_v1,0.0,revestimentos_forros,Revestimentos e forros,revestimentos_forros,ok,,6.68,0.0,SINAPI_Referência_2026_05.xlsx!Analítico!B49087
sinapi_es,2026-05,104414,"ESTUCAMENTO DE DENSIDADE ALTA NAS FACES INTERNAS DE PAREDES DO SISTEMA DE PAREDES DE CONCRETO, EM AMBIENTES COM ÁREA MAIOR OU IGUAL A 10 M², UTILIZAÇÃO DE ARGAMASSA COLANTE. AF_12/2024",M2,Paredes de Concreto - Estucamento,7.19,sem_desoneracao,2026-06-12,928df42a952625eb12d41baf2b5ab17e1207af6e7881cb9f1c7fcac4708400e3,SINAPI_Referência_2026_05.xlsx!CSD!S8002,8326e3eca7a207841d61349371dbc52bc1272baf3daefc5b84972860c0a9f8a2,cpu_hierarquica_v1,0.0,revestimentos_forros,Revestimentos e forros,revestimentos_forros,ok,,7.19,0.0,SINAPI_Referência_2026_05.xlsx!Analítico!B49027
sinapi_es,2026-05,104415,"ESTUCAMENTO DE DENSIDADE ALTA NAS FACES INTERNAS DE PAREDES DO SISTEMA DE PAREDES DE CONCRETO, EM AMBIENTES COM ÁREA MENOR OU IGUAL A 5 M², UTILIZAÇÃO DE ARGAMASSA COLANTE. AF_12/2024",M2,Paredes de Concreto - Estucamento,13.81,sem_desoneracao,2026-06-12,928df42a952625eb12d41baf2b5ab17e1207af6e7881cb9f1c7fcac4708400e3,SINAPI_Referência_2026_05.xlsx!CSD!S8005,2856865426f4cb2fb01e461c0b2e16998e632e46dd9a9940adee82ae2fb31050,cpu_hierarquica_v1,0.0,revestimentos_forros,Revestimentos e forros,revestimentos_forros,ok,,13.81,0.0,SINAPI_Referência_2026_05.xlsx!Analítico!B49039
sinapi_es,2026-05,104416,"ESTUCAMENTO DE DENSIDADE BAIXA NAS FACES INTERNAS DE PAREDES DO SISTEMA DE PAREDES DE CONCRETO, EM AMBIENTES COM ÁREA MAIOR OU IGUAL A 10 M², UTILIZAÇÃO DE ARGAMASSA COLANTE. AF_12/2024",M2,Paredes de Concreto - Estucamento,2.13,sem_desoneracao,2026-06-12,928df42a952625eb12d41baf2b5ab17e1207af6e7881cb9f1c7fcac4708400e3,SINAPI_Referência_2026_05.xlsx!CSD!S8013,ec5b12f82fb927457b4896a4797c2afb6368fcb4d2be318862ccc29aadb64268,cpu_hierarquica_v1,0.0,revestimentos_forros,Revestimentos e forros,revestimentos_forros,ok,,2.13,0.0,SINAPI_Referência_2026_05.xlsx!Analítico!B49071
sinapi_es,2026-05,104417,"ESTUCAMENTO DE DENSIDADE BAIXA NAS FACES INTERNAS DE PAREDES DO SISTEMA DE PAREDES DE CONCRETO, EM AMBIENTES COM ÁREA MENOR OU IGUAL A 5 M², UTILIZAÇÃO DE ARGAMASSA COLANTE. AF_12/2024",M2,Paredes de Concreto - Estucamento,4.86,sem_desoneracao,2026-06-12,928df42a952625eb12d41baf2b5ab17e1207af6e7881cb9f1c7fcac4708400e3,SINAPI_Referência_2026_05.xlsx!CSD!S8014,9b741231b0d8ea511115740a59eb212d8e15bf1b0406c70952ac39aa9b2df6d3,cpu_hierarquica_v1,0.0,revestimentos_forros,Revestimentos e forros,revestimentos_forros,ok,,4.86,0.0,SINAPI_Referência_2026_05.xlsx!Analítico!B49075
sinapi_es,2026-05,104418,"ESTUCAMENTO DE DENSIDADE BAIXA DE PANOS DE FACHADA DO SISTEMA DE PAREDES DE CONCRETO EM EDIFICAÇÕES DE MÚLTIPLOS PAVIMENTOS, PAVIMENTO TÉRREO, UTILIZAÇÃO DE ARGAMASSA COLANTE. AF_12/2024",M2,Paredes de Concreto - Estucamento,3.33,sem_desoneracao,2026-06-12,928df42a952625eb12d41baf2b5ab17e1207af6e7881cb9f1c7fcac4708400e3,SINAPI_Referência_2026_05.xlsx!CSD!S8008,0bbf2855025634ec2428316170f86265051e6db154d2c85e6ce02f76d602c253,cpu_hierarquica_v1,0.0,revestimentos_forros,Revestimentos e forros,revestimentos_forros,ok,,3.33,0.0,SINAPI_Referência_2026_05.xlsx!Analítico!B49051
sinapi_es,2026-05,104419,"ESTUCAMENTO DE DENSIDADE BAIXA DE PANOS DE FACHADA DO SISTEMA DE PAREDES DE CONCRETO EM UNIDADES HABITACIONAIS DE DOIS PAVIMENTOS (SOBRADO), ACESSO COM ANDAIME FACHADEIRO, UTILIZAÇÃO DE ARGAMASSA COLANTE. AF_12/2024",M2,Paredes de Concreto - Estucamento,5.31,sem_desoneracao,2026-06-12,928df42a952625eb12d41baf2b5ab17e1207af6e7881cb9f1c7fcac4708400e3,SINAPI_Referência_2026_05.xlsx!CSD!S8010,95e00e1491ae2d59a2d8a0757dab148c90f38a98a1aa5f03a9e61c84f213a13e,cpu_hierarquica_v1,0.0,revestimentos_forros,Revestimentos e forros,revestimentos_forros,ok,,5.31,0.0,SINAPI_Referência_2026_05.xlsx!Analítico!B49059
sinapi_es,2026-05,104421,"ESTUCAMENTO DE DENSIDADE ALTA DE PANOS DE FACHADA DO SISTEMA DE PAREDES DE CONCRETO EM EDIFICAÇÕES DE MÚLTIPLOS PAVIMENTOS, PAVIMENTOS SUPERIORES, UTILIZAÇÃO DE ARGAMASSA COLANTE. AF_12/2024",M2,Paredes de Concreto - Estucamento,18.23,sem_desoneracao,2026-06-12,928df42a952625eb12d41baf2b5ab17e1207af6e7881cb9f1c7fcac4708400e3,SINAPI_Referência_2026_05.xlsx!CSD!S7990,c1991546fe8b9792492fb189cc5464c62e69215d04c5927eded3d43780db0e28,cpu_hierarquica_v1,0.0,revestimentos_forros,Revestimentos e forros,revestimentos_forros,ok,,18.23,0.0,SINAPI_Referência_2026_05.xlsx!Analítico!B48979
sinapi_es,2026-05,104422,"ESTUCAMENTO DE DENSIDADE ALTA DE PANOS DE FACHADA DO SISTEMA DE PAREDES DE CONCRETO EM EDIFICAÇÕES DE MÚLTIPLOS PAVIMENTOS, PAVIMENTO TÉRREO, UTILIZAÇÃO DE ARGAMASSA COLANTE. AF_12/2024",M2,Paredes de Concreto - Estucamento,11.51,sem_desoneracao,2026-06-12,928df42a952625eb12d41baf2b5ab17e1207af6e7881cb9f1c7fcac4708400e3,SINAPI_Referência_2026_05.xlsx!CSD!S7987,910b04f335fc815ed111150f0aa0ee7ccda15c7b839007388b1353e318cd923c,cpu_hierarquica_v1,0.0,revestimentos_forros,Revestimentos e forros,revestimentos_forros,ok,,11.51,0.0,SINAPI_Referência_2026_05.xlsx!Analítico!B48967
sinapi_es,2026-05,104423,"ESTUCAMENTO DE DENSIDADE ALTA DE PANOS DE FACHADA DO SISTEMA DE PAREDES DE CONCRETO EM UNIDADES HABITACIONAIS DE DOIS PAVIMENTOS (SOBRADO), ACESSO COM ANDAIME FACHADEIRO, UTILIZAÇÃO DE ARGAMASSA COLANTE. AF_12/2024",M2,Paredes de Concreto - Estucamento,16.21,sem_desoneracao,2026-06-12,928df42a952625eb12d41baf2b5ab17e1207af6e7881cb9f1c7fcac4708400e3,SINAPI_Referência_2026_05.xlsx!CSD!S7993,376780a31d93d9c7da55f88a7d2f0ceb870784c0ed689c755eb140188a5902e8,cpu_hierarquica_v1,0.0,revestimentos_forros,Revestimentos e forros,revestimentos_forros,ok,,16.21,0.0,SINAPI_Referência_2026_05.xlsx!Analítico!B48991
sinapi_es,2026-05,104425,"ESTUCAMENTO DE DENSIDADE ALTA DE PANOS DE FACHADA DO SISTEMA DE PAREDES DE CONCRETO EM UNIDADES HABITACIONAIS DE PAVIMENTO ÚNICO, UTILIZAÇÃO DE ARGAMASSA COLANTE. AF_12/2024",M2,Paredes de Concreto - Estucamento,9.46,sem_desoneracao,2026-06-12,928df42a952625eb12d41baf2b5ab17e1207af6e7881cb9f1c7fcac4708400e3,SINAPI_Referência_2026_05.xlsx!CSD!S7996,0cec546c8776b09b1588bbea6233cfc011d08cbe30b7a7184c08694273d70907,cpu_hierarquica_v1,0.0,revestimentos_forros,Revestimentos e forros,revestimentos_forros,ok,,9.46,0.0,SINAPI_Referência_2026_05.xlsx!Analítico!B49003
sinapi_es,2026-05,104588,"REVESTIMENTO CERÂMICO PARA PAREDES EXTERNAS, COM PLACAS TIPO GRÊS OU SEMIGRÊS, FORMATO MENOR OU IGUAL A 200 CM2, ALINHADAS A PRUMO. AF_02/2023",M2,Revestimentos Cerâmicos Externos,216.1,sem_desoneracao,2026-06-12,928df42a952625eb12d41baf2b5ab17e1207af6e7881cb9f1c7fcac4708400e3,SINAPI_Referência_2026_05.xlsx!CSD!S9314,762a4ac8b9b69333252ba10c0c36114e3767a9dbaf4c556addba97bd933914ca,cpu_hierarquica_v1,0.0,revestimentos_forros,Revestimentos e forros,revestimentos_forros,ok,,216.1,0.0,SINAPI_Referência_2026_05.xlsx!Analítico!B59604
sinapi_es,2026-05,104589,"REVESTIMENTO CERÂMICO PARA PAREDES EXTERNAS, COM PLACAS TIPO GRÊS OU SEMIGRÊS, FORMATO MENOR OU IGUAL A 200 CM2, ALINHADAS A PRUMO, APLICADO EM SUPERFÍCIES INTERNAS DE SACADA. AF_02/2023",M2,Revestimentos Cerâmicos Externos,257.77,sem_desoneracao,2026-06-12,928df42a952625eb12d41baf2b5ab17e1207af6e7881cb9f1c7fcac4708400e3,SINAPI_Referência_2026_05.xlsx!CSD!S9313,35d7fe54f1bacf42d7a8ae2fef6efd861b35c6d3447e5a59ca94fa33927a7b43,cpu_hierarquica_v1,0.0,revestimentos_forros,Revestimentos e forros,revestimentos_forros,ok,,257.77,0.0,SINAPI_Referência_2026_05.xlsx!Analítico!B59598
sinapi_es,2026-05,104590,"REVESTIMENTO CERÂMICO PARA PAREDES EXTERNAS, COM PLACAS TIPO GRÊS OU SEMIGRÊS, FORMATO MENOR OU IGUAL A 200 CM2, DISPOSTAS EM AMARRAÇÃO. AF_02/2023",M2,Revestimentos Cerâmicos Externos,241.07,sem_desoneracao,2026-06-12,928df42a952625eb12d41baf2b5ab17e1207af6e7881cb9f1c7fcac4708400e3,SINAPI_Referência_2026_05.xlsx!CSD!S9316,e45021ddb90dd097566ba19857c123cb777aacd515d98e51caaac3f49dfbe611,cpu_hierarquica_v1,0.0,revestimentos_forros,Revestimentos e forros,revestimentos_forros,ok,,241.07,0.0,SINAPI_Referência_2026_05.xlsx!Analítico!B59616
sinapi_es,2026-05,104591,"REVESTIMENTO CERÂMICO PARA PAREDES EXTERNAS, COM PLACAS TIPO GRÊS OU SEMIGRÊS, FORMATO MENOR OU IGUAL A 200 CM2, DISPOSTAS EM AMARRAÇÃO, APLICADO EM SUPERFÍCIES INTERNAS DE SACADA. AF_02/2023",M2,Revestimentos Cerâmicos Externos,285.35,sem_desoneracao,2026-06-12,928df42a952625eb12d41baf2b5ab17e1207af6e7881cb9f1c7fcac4708400e3,SINAPI_Referência_2026_05.xlsx!CSD!S9315,0457091c27305fa92d71a31df2598015837ff62d2a472c59a5d6cf12bf34cb58,cpu_hierarquica_v1,0.0,revestimentos_forros,Revestimentos e forros,revestimentos_forros,ok,,285.35,0.0,SINAPI_Referência_2026_05.xlsx!Analítico!B59610
sinapi_es,2026-05,104593,REVESTIMENTO CERÂMICO PARA PISO COM PLACAS TIPO ESMALTADA DE DIMENSÕES 80X80 CM APLICADA EM AMBIENTES DE ÁREA MENOR QUE 5 M². AF_02/2023_PE,M2,Revestimentos Cerâmicos Internos,88.55,sem_desoneracao,2026-06-12,928df42a952625eb12d41baf2b5ab17e1207af6e7881cb9f1c7fcac4708400e3,SINAPI_Referência_2026_05.xlsx!CSD!S9348,0e0f59748237485e65b83ca8e7ebe21e940195770abd91d4f634b19b54bea30c,cpu_hierarquica_v1,0.0,revestimentos_forros,Revestimentos e forros,revestimentos_forros,ok,,88.55,0.0,SINAPI_Referência_2026_05.xlsx!Analítico!B59808
sinapi_es,2026-05,104594,REVESTIMENTO CERÂMICO PARA PISO COM PLACAS TIPO ESMALTADA DE DIMENSÕES 80X80 CM APLICADA EM AMBIENTES DE ÁREA ENTRE 5 M² E 10 M². AF_02/2023_PE,M2,Revestimentos Cerâmicos Internos,72.93,sem_desoneracao,2026-06-12,928df42a952625eb12d41baf2b5ab17e1207af6e7881cb9f1c7fcac4708400e3,SINAPI_Referência_2026_05.xlsx!CSD!S9346,024316c6d451204b11fd0dcfd88a13e393d8eff59e112bc653bbdb88b30c8dc8,cpu_hierarquica_v1,0.0,revestimentos_forros,Revestimentos e forros,revestimentos_forros,ok,,72.93,0.0,SINAPI_Referência_2026_05.xlsx!Analítico!B59796
sinapi_es,2026-05,104595,REVESTIMENTO CERÂMICO PARA PISO COM PLACAS TIPO ESMALTADA DE DIMENSÕES 80X80 CM APLICADA EM AMBIENTES DE ÁREA MAIOR QUE 10 M². AF_02/2023_PE,M2,Revestimentos Cerâmicos Internos,59.02,sem_desoneracao,2026-06-12,928df42a952625eb12d41baf2b5ab17e1207af6e7881cb9f1c7fcac4708400e3,SINAPI_Referência_2026_05.xlsx!CSD!S9347,cdf45b3fe6831bed3da0a340c4299385879b6dc810703404fbadeaf3e6b55a7a,cpu_hierarquica_v1,0.0,revestimentos_forros,Revestimentos e forros,revestimentos_forros,ok,,59.02,0.0,SINAPI_Referência_2026_05.xlsx!Analítico!B59802
sinapi_es,2026-05,104596,REVESTIMENTO CERÂMICO PARA PISO COM PLACAS TIPO PORCELANATO DE DIMENSÕES 80X80 CM APLICADA EM AMBIENTES DE ÁREA MENOR QUE 5 M². AF_02/2023_PE,M2,Revestimentos Cerâmicos Internos,137.52,sem_desoneracao,2026-06-12,928df42a952625eb12d41baf2b5ab17e1207af6e7881cb9f1c7fcac4708400e3,SINAPI_Referência_2026_05.xlsx!CSD!S9354,8f8e641882fc788a724288687962c8776c04dbb016dfa20ce9ec73971d1368d6,cpu_hierarquica_v1,0.0,revestimentos_forros,Revestimentos e forros,revestimentos_forros,ok,,137.52,0.0,SINAPI_Referência_2026_05.xlsx!Analítico!B59844
sinapi_es,2026-05,104597,REVESTIMENTO CERÂMICO PARA PISO COM PLACAS TIPO PORCELANATO DE DIMENSÕES 80X80 CM APLICADA EM AMBIENTES DE ÁREA ENTRE 5 M² E 10 M². AF_02/2023_PE,M2,Revestimentos Cerâmicos Internos,120.69,sem_desoneracao,2026-06-12,928df42a952625eb12d41baf2b5ab17e1207af6e7881cb9f1c7fcac4708400e3,SINAPI_Referência_2026_05.xlsx!CSD!S9352,3ae4fed740d9ce3d16fa76b960d536d1748af594b64a314b8c4c14db40bcb977,cpu_hierarquica_v1,0.0,revestimentos_forros,Revestimentos e forros,revestimentos_forros,ok,,120.69,0.0,SINAPI_Referência_2026_05.xlsx!Analítico!B59832
sinapi_es,2026-05,104598,REVESTIMENTO CERÂMICO PARA PISO COM PLACAS TIPO PORCELANATO DE DIMENSÕES 80X80 CM APLICADA EM AMBIENTES DE ÁREA MAIOR QUE 10 M². AF_02/2023_PE,M2,Revestimentos Cerâmicos Internos,106.16,sem_desoneracao,2026-06-12,928df42a952625eb12d41baf2b5ab17e1207af6e7881cb9f1c7fcac4708400e3,SINAPI_Referência_2026_05.xlsx!CSD!S9353,5f4f17fe8a403b7ac9e8afec08c049fe4725c6a34903d643be8364dd06ba494c,cpu_hierarquica_v1,0.0,revestimentos_forros,Revestimentos e forros,revestimentos_forros,ok,,106.16,0.0,SINAPI_Referência_2026_05.xlsx!Analítico!B59838
sinapi_es,2026-05,104599,REVESTIMENTO CERÂMICO PARA PISO COM PLACAS TIPO ESMALTADA DE DIMENSÕES 35X35 CM APLICADA EM DIAGONAL EM AMBIENTES DE ÁREA MENOR QUE 5 M². AF_02/2023_PE,M2,Revestimentos Cerâmicos Internos,83.25,sem_desoneracao,2026-06-12,928df42a952625eb12d41baf2b5ab17e1207af6e7881cb9f1c7fcac4708400e3,SINAPI_Referência_2026_05.xlsx!CSD!S9336,497188bca008d861a307ce783a5e2de4f3738afb272a892e4566e26717dc8004,cpu_hierarquica_v1,0.0,revestimentos_forros,Revestimentos e forros,revestimentos_forros,ok,,83.25,0.0,SINAPI_Referência_2026_05.xlsx!Analítico!B59736
sinapi_es,2026-05,104601,REVESTIMENTO CERÂMICO PARA PISO COM PLACAS TIPO ESMALTADA DE DIMENSÕES 35X35 CM APLICADA EM DIAGONAL EM AMBIENTES DE ÁREA ENTRE 5 M² E 10 M². AF_02/2023_PE,M2,Revestimentos Cerâmicos Internos,64.68,sem_desoneracao,2026-06-12,928df42a952625eb12d41baf2b5ab17e1207af6e7881cb9f1c7fcac4708400e3,SINAPI_Referência_2026_05.xlsx!CSD!S9334,c4019d0f4a7379d048f33088815562f68bbc25963b964a2bc4e3ff1aba96e9bb,cpu_hierarquica_v1,0.0,revestimentos_forros,Revestimentos e forros,revestimentos_forros,ok,,64.68,0.0,SINAPI_Referência_2026_05.xlsx!Analítico!B59724
sinapi_es,2026-05,104603,REVESTIMENTO CERÂMICO PARA PISO COM PLACAS TIPO ESMALTADA DE DIMENSÕES 35X35 CM APLICADA EM DIAGONAL EM AMBIENTES DE ÁREA MAIOR QUE 10 M². AF_02/2023_PE,M2,Revestimentos Cerâmicos Internos,52.23,sem_desoneracao,2026-06-12,928df42a952625eb12d41baf2b5ab17e1207af6e7881cb9f1c7fcac4708400e3,SINAPI_Referência_2026_05.xlsx!CSD!S9335,5d8a1fcdd39a61f078481b6c4b15c4efdd5b347b1112619dead7b82362850137,cpu_hierarquica_v1,0.0,revestimentos_forros,Revestimentos e forros,revestimentos_forros,ok,,52.23,0.0,SINAPI_Referência_2026_05.xlsx!Analítico!B59730
sinapi_es,2026-05,104605,REVESTIMENTO CERÂMICO PARA PISO COM PLACAS TIPO ESMALTADA DE DIMENSÕES 45X45 CM APLICADA EM DIAGONAL EM AMBIENTES DE ÁREA MENOR QUE 5 M². AF_02/2023_PE,M2,Revestimentos Cerâmicos Internos,106.52,sem_desoneracao,2026-06-12,928df42a952625eb12d41baf2b5ab17e1207af6e7881cb9f1c7fcac4708400e3,SINAPI_Referência_2026_05.xlsx!CSD!S9342,fa4edcb4cef1ed7e266909c84e02d5d7958afdc2a76237f10529fe9f88b2f380,cpu_hierarquica_v1,0.0,revestimentos_forros,Revestimentos e forros,revestimentos_forros,ok,,106.52,0.0,SINAPI_Referência_2026_05.xlsx!Analítico!B59772
sinapi_es,2026-05,104606,REVESTIMENTO CERÂMICO PARA PISO COM PLACAS TIPO ESMALTADA DE DIMENSÕES 45X45 CM APLICADA EM DIAGONAL EM AMBIENTES DE ÁREA ENTRE 5 M² E 10 M². AF_02/2023_PE,M2,Revestimentos Cerâmicos Internos,69.81,sem_desoneracao,2026-06-12,928df42a952625eb12d41baf2b5ab17e1207af6e7881cb9f1c7fcac4708400e3,SINAPI_Referência_2026_05.xlsx!CSD!S9340,794adba807d58aa39fedb9dbd3c818ee3c5a82dcf6350fd307f19aa7c96f5ab9,cpu_hierarquica_v1,0.0,revestimentos_forros,Revestimentos e forros,revestimentos_forros,ok,,69.81,0.0,SINAPI_Referência_2026_05.xlsx!Analítico!B59760
sinapi_es,2026-05,104607,REVESTIMENTO CERÂMICO PARA PISO COM PLACAS TIPO ESMALTADA DE DIMENSÕES 45X45 CM APLICADA EM DIAGONAL EM AMBIENTES DE ÁREA MAIOR QUE 10 M². AF_02/2023_PE,M2,Revestimentos Cerâmicos Internos,53.84,sem_desoneracao,2026-06-12,928df42a952625eb12d41baf2b5ab17e1207af6e7881cb9f1c7fcac4708400e3,SINAPI_Referência_2026_05.xlsx!CSD!S9341,131d80de4a42cfb9e06da5d78aa91f8ee89a3b88208340f57b78b68deee0f0a6,cpu_hierarquica_v1,0.0,revestimentos_forros,Revestimentos e forros,revestimentos_forros,ok,,53.84,0.0,SINAPI_Referência_2026_05.xlsx!Analítico!B59766
sinapi_es,2026-05,104611,REVESTIMENTO CERÂMICO PARA PAREDES INTERNAS COM PLACAS TIPO ESMALTADA DE DIMENSÕES 60X60 CM APLICADAS NA ALTURA INTEIRA DAS PAREDES. AF_02/2023_PE,M2,Revestimentos Cerâmicos Internos,91.29,sem_desoneracao,2026-06-12,928df42a952625eb12d41baf2b5ab17e1207af6e7881cb9f1c7fcac4708400e3,SINAPI_Referência_2026_05.xlsx!CSD!S9326,bab73935b14938dd14e57721fd402aba3de4a97444e546e0d1d632645d9dc846,cpu_hierarquica_v1,0.0,revestimentos_forros,Revestimentos e forros,revestimentos_forros,ok,,91.29,0.0,SINAPI_Referência_2026_05.xlsx!Analítico!B59676
sinapi_es,2026-05,104612,REVESTIMENTO CERÂMICO PARA PAREDES INTERNAS COM PLACAS TIPO ESMALTADA DE DIMENSÕES 60X60 CM APLICADAS A MEIA ALTURA DAS PAREDES. AF_02/2023_PE,M2,Revestimentos Cerâmicos Internos,92.41,sem_desoneracao,2026-06-12,928df42a952625eb12d41baf2b5ab17e1207af6e7881cb9f1c7fcac4708400e3,SINAPI_Referência_2026_05.xlsx!CSD!S9325,3fbcf9194a0fcc54bb1d2d23bbfa0c803c9459e82e3752d17779425c0db80263,cpu_hierarquica_v1,0.0,revestimentos_forros,Revestimentos e forros,revestimentos_forros,ok,,92.41,0.0,SINAPI_Referência_2026_05.xlsx!Analítico!B59670
sinapi_es,2026-05,104613,"REVESTIMENTO CERÂMICO PARA PAREDES INTERNAS COM PLACAS TIPO ESMALTADA DE DIMENSÕES 20X20 CM APLICADAS EM DIAGONAL, NA ALTURA INTEIRA DAS PAREDES. AF_02/2023_PE",M2,Revestimentos Cerâmicos Internos,63.81,sem_desoneracao,2026-06-12,928df42a952625eb12d41baf2b5ab17e1207af6e7881cb9f1c7fcac4708400e3,SINAPI_Referência_2026_05.xlsx!CSD!S9319,e41ad66f447128a1fdeacaa5387e6849d5df6806f9dcebb9134922dcf4e9b958,cpu_hierarquica_v1,0.0,revestimentos_forros,Revestimentos e forros,revestimentos_forros,ok,,63.81,0.0,SINAPI_Referência_2026_05.xlsx!Analítico!B59634
sinapi_es,2026-05,104614,"REVESTIMENTO CERÂMICO PARA PAREDES INTERNAS COM PLACAS TIPO ESMALTADA DE DIMENSÕES 20X20 CM APLICADAS EM DIAGONAL, A MEIA ALTURA DAS PAREDES. AF_02/2023_PE",M2,Revestimentos Cerâmicos Internos,72.34,sem_desoneracao,2026-06-12,928df42a952625eb12d41baf2b5ab17e1207af6e7881cb9f1c7fcac4708400e3,SINAPI_Referência_2026_05.xlsx!CSD!S9318,379d6e62b1d50d1d947bf85f28a1047b11f797d3a6a42497f0ab59c51e2c2251,cpu_hierarquica_v1,0.0,revestimentos_forros,Revestimentos e forros,revestimentos_forros,ok,,72.34,0.0,SINAPI_Referência_2026_05.xlsx!Analítico!B59628
sinapi_es,2026-05,104615,REVESTIMENTO CERÂMICO PARA PAREDES INTERNAS COM PLACAS TIPO PASTILHA DE DIMENSÕES 5 X 5 CM (PLACAS DE 30 X 30 CM) CM APLICADAS NA ALTURA INTEIRA DAS PAREDES. AF_02/2023,M2,Revestimentos Cerâmicos Internos,253.53,sem_desoneracao,2026-06-12,928df42a952625eb12d41baf2b5ab17e1207af6e7881cb9f1c7fcac4708400e3,SINAPI_Referência_2026_05.xlsx!CSD!S9330,c4e86b5cd285755ea40ecff7e9b4b7a6914b210030a2eddee41f03ecafed156e,cpu_hierarquica_v1,0.0,revestimentos_forros,Revestimentos e forros,revestimentos_forros,ok,,253.53,0.0,SINAPI_Referência_2026_05.xlsx!Analítico!B59700
sinapi_es,2026-05,104616,"REVESTIMENTO CERÂMICO PARA PAREDES INTERNAS COM PLACAS TIPO PASTILHA DE DIMENSÕES 2,5 X 2,5 CM (PLACAS DE 30 X 30 CM) CM APLICADAS NA ALTURA INTEIRA DAS PAREDES. AF_02/2023",M2,Revestimentos Cerâmicos Internos,329.47,sem_desoneracao,2026-06-12,928df42a952625eb12d41baf2b5ab17e1207af6e7881cb9f1c7fcac4708400e3,SINAPI_Referência_2026_05.xlsx!CSD!S9328,9a6a13d2b2127e9e4299caab788a189cae540a1a00f16fbe554292b21a7263c4,cpu_hierarquica_v1,0.0,revestimentos_forros,Revestimentos e forros,revestimentos_forros,ok,,329.47,0.0,SINAPI_Referência_2026_05.xlsx!Analítico!B59688
sinapi_es,2026-05,104617,REVESTIMENTO CERÂMICO PARA PAREDES INTERNAS COM PLACAS TIPO PASTILHA DE DIMENSÕES 5 X 5 CM (PLACAS DE 30 X 30 CM) CM APLICADAS A MEIA ALTURA DAS PAREDES. AF_02/2023,M2,Revestimentos Cerâmicos Internos,266.99,sem_desoneracao,2026-06-12,928df42a952625eb12d41baf2b5ab17e1207af6e7881cb9f1c7fcac4708400e3,SINAPI_Referência_2026_05.xlsx!CSD!S9329,2e85cac71f9e3954cbea24d81498a9aa21fe0db0a21c44649bf557dfbbc866e7,cpu_hierarquica_v1,0.0,revestimentos_forros,Revestimentos e forros,revestimentos_forros,ok,,266.99,0.0,SINAPI_Referência_2026_05.xlsx!Analítico!B59694
sinapi_es,2026-05,104618,"REVESTIMENTO CERÂMICO PARA PAREDES INTERNAS COM PLACAS TIPO PASTILHA DE DIMENSÕES 2,5 X 2,5 CM (PLACAS DE 30 X 30 CM) CM APLICADAS A MEIA ALTURA DAS PAREDES. AF_02/2023",M2,Revestimentos Cerâmicos Internos,342.93,sem_desoneracao,2026-06-12,928df42a952625eb12d41baf2b5ab17e1207af6e7881cb9f1c7fcac4708400e3,SINAPI_Referência_2026_05.xlsx!CSD!S9327,8e7f97b5d2f51f997d62047ccf9e1995374040cb6270c5177980cccf661cc488,cpu_hierarquica_v1,0.0,revestimentos_forros,Revestimentos e forros,revestimentos_forros,ok,,342.93,0.0,SINAPI_Referência_2026_05.xlsx!Analítico!B59682
sinapi_es,2026-05,104627,"APLICAÇÃO MANUAL DE GESSO DESEMPENADO (SEM TALISCAS) EM TETO DE AMBIENTES COM PAREDES EM PÉ DIREITO DUPLO E ÁREA MAIOR QUE 10M², ESPESSURA DE 0,5CM. AF_03/2023",M2,Gesso,20.08,sem_desoneracao,2026-06-12,928df42a952625eb12d41baf2b5ab17e1207af6e7881cb9f1c7fcac4708400e3,SINAPI_Referência_2026_05.xlsx!CSD!S4471,6b1c1fe4b9acf3b3a4f4926aef3012f74c583053867f524848530b9eb625f613,cpu_hierarquica_v1,0.0,revestimentos_forros,Revestimentos e forros,revestimentos_forros,ok,,20.08,0.0,SINAPI_Referência_2026_05.xlsx!Analítico!B28341
sinapi_es,2026-05,104628,"APLICAÇÃO MANUAL DE GESSO DESEMPENADO (SEM TALISCAS) EM TETO DE AMBIENTES COM PAREDES EM PÉ DIREITO DUPLO E ÁREA ENTRE 5M² E 10M², ESPESSURA DE 0,5CM. AF_03/2023",M2,Gesso,32.01,sem_desoneracao,2026-06-12,928df42a952625eb12d41baf2b5ab17e1207af6e7881cb9f1c7fcac4708400e3,SINAPI_Referência_2026_05.xlsx!CSD!S4469,5833b3dca254df9fac4b1b23064330e5b596098783fa921e9d175a9dad3e9e89,cpu_hierarquica_v1,0.0,revestimentos_forros,Revestimentos e forros,revestimentos_forros,ok,,32.01,0.0,SINAPI_Referência_2026_05.xlsx!Analítico!B28333
sinapi_es,2026-05,104629,"APLICAÇÃO MANUAL DE GESSO DESEMPENADO (SEM TALISCAS) EM TETO DE AMBIENTES COM PAREDES EM PÉ DIREITO DUPLO E ÁREA MENOR QUE 5M², ESPESSURA DE 0,5CM. AF_03/2023",M2,Gesso,38.87,sem_desoneracao,2026-06-12,928df42a952625eb12d41baf2b5ab17e1207af6e7881cb9f1c7fcac4708400e3,SINAPI_Referência_2026_05.xlsx!CSD!S4473,e9a33fbe0fef4738e0aadd2e7c1135c1cf3c5f15bf212fa0b277af6bcee90024,cpu_hierarquica_v1,0.0,revestimentos_forros,Revestimentos e forros,revestimentos_forros,ok,,38.87,0.0,SINAPI_Referência_2026_05.xlsx!Analítico!B28349
sinapi_es,2026-05,104630,"APLICAÇÃO MANUAL DE GESSO DESEMPENADO (SEM TALISCAS) EM TETO DE AMBIENTES COM PAREDES EM PÉ DIREITO DUPLO E ÁREA MAIOR QUE 10M², ESPESSURA DE 1,0CM. AF_03/2023",M2,Gesso,31.26,sem_desoneracao,2026-06-12,928df42a952625eb12d41baf2b5ab17e1207af6e7881cb9f1c7fcac4708400e3,SINAPI_Referência_2026_05.xlsx!CSD!S4472,7b21b101d48b7feb35eed11992faa0e46091ce24f1a5a6ba1dec85eaaea75236,cpu_hierarquica_v1,0.0,revestimentos_forros,Revestimentos e forros,revestimentos_forros,ok,,31.26,0.0,SINAPI_Referência_2026_05.xlsx!Analítico!B28345
sinapi_es,2026-05,104631,"APLICAÇÃO MANUAL DE GESSO DESEMPENADO (SEM TALISCAS) EM TETO DE AMBIENTES COM PAREDES EM PÉ DIREITO DUPLO E ÁREA ENTRE 5M² E 10M², ESPESSURA DE 1,0CM. AF_03/2023",M2,Gesso,43.2,sem_desoneracao,2026-06-12,928df42a952625eb12d41baf2b5ab17e1207af6e7881cb9f1c7fcac4708400e3,SINAPI_Referência_2026_05.xlsx!CSD!S4470,9fb8beda37a9eb0e1af9e8a54a439448a11210fe03c1ec1f887a8b0754045d0e,cpu_hierarquica_v1,0.0,revestimentos_forros,Revestimentos e forros,revestimentos_forros,ok,,43.2,0.0,SINAPI_Referência_2026_05.xlsx!Analítico!B28337
sinapi_es,2026-05,104632,"APLICAÇÃO MANUAL DE GESSO DESEMPENADO (SEM TALISCAS) EM TETO DE AMBIENTES COM PAREDES EM PÉ DIREITO DUPLO E ÁREA MENOR QUE 5M², ESPESSURA DE 1,0CM. AF_03/2023",M2,Gesso,50.06,sem_desoneracao,2026-06-12,928df42a952625eb12d41baf2b5ab17e1207af6e7881cb9f1c7fcac4708400e3,SINAPI_Referência_2026_05.xlsx!CSD!S4474,947f59ed59ec6807593a0d95304845c782361b80417245dbd6f6835c78d76a08,cpu_hierarquica_v1,0.0,revestimentos_forros,Revestimentos e forros,revestimentos_forros,ok,,50.06,0.0,SINAPI_Referência_2026_05.xlsx!Analítico!B28353
sinapi_es,2026-05,104633,"APLICAÇÃO MANUAL DE GESSO DESEMPENADO (SEM TALISCAS) EM PAREDES COM PÉ DIREITO DUPLO, ESPESSURA DE 0,5CM. AF_03/2023",M2,Gesso,28.09,sem_desoneracao,2026-06-12,928df42a952625eb12d41baf2b5ab17e1207af6e7881cb9f1c7fcac4708400e3,SINAPI_Referência_2026_05.xlsx!CSD!S4465,b1938bfdedd0d34a18ec8007ab034f4615fcbd4cf900b84365ec79e3683552d9,cpu_hierarquica_v1,0.0,revestimentos_forros,Revestimentos e forros,revestimentos_forros,ok,,28.09,0.0,SINAPI_Referência_2026_05.xlsx!Analítico!B28317
sinapi_es,2026-05,104634,"APLICAÇÃO MANUAL DE GESSO DESEMPENADO (SEM TALISCAS) EM PAREDES COM PÉ DIREITO DUPLO, ESPESSURA DE 1,0CM. AF_03/2023",M2,Gesso,41.09,sem_desoneracao,2026-06-12,928df42a952625eb12d41baf2b5ab17e1207af6e7881cb9f1c7fcac4708400e3,SINAPI_Referência_2026_05.xlsx!CSD!S4466,22a95064d387092329005dfb5b9db53615f9515b9040ef6511605a97b8abddd7,cpu_hierarquica_v1,0.0,revestimentos_forros,Revestimentos e forros,revestimentos_forros,ok,,41.09,0.0,SINAPI_Referência_2026_05.xlsx!Analítico!B28321
sinapi_es,2026-05,104635,"APLICAÇÃO MANUAL DE GESSO SARRAFEADO (COM TALISCAS) EM PAREDES COM PÉ DIREITO DUPLO, ESPESSURA DE 1,0CM. AF_03/2023",M2,Gesso,57.71,sem_desoneracao,2026-06-12,928df42a952625eb12d41baf2b5ab17e1207af6e7881cb9f1c7fcac4708400e3,SINAPI_Referência_2026_05.xlsx!CSD!S4481,79f739531496155d4435c8b6ba5ce235fe528169b219de0bc11461b1865d681a,cpu_hierarquica_v1,0.0,revestimentos_forros,Revestimentos e forros,revestimentos_forros,ok,,57.71,0.0,SINAPI_Referência_2026_05.xlsx!Analítico!B28381
sinapi_es,2026-05,104636,"APLICAÇÃO MANUAL DE GESSO SARRAFEADO (COM TALISCAS) EM PAREDES COM PÉ DIREITO DUPLO, ESPESSURA DE 1,5CM. AF_03/2023",M2,Gesso,66.76,sem_desoneracao,2026-06-12,928df42a952625eb12d41baf2b5ab17e1207af6e7881cb9f1c7fcac4708400e3,SINAPI_Referência_2026_05.xlsx!CSD!S4482,d5e1ac08731ed6890c9904fbeb29c159b0f5b4996536d4d5b60bbebc905b6dd1,cpu_hierarquica_v1,0.0,revestimentos_forros,Revestimentos e forros,revestimentos_forros,ok,,66.76,0.0,SINAPI_Referência_2026_05.xlsx!Analítico!B28385
sinapi_es,2026-05,104639,"PINTURA LÁTEX ACRÍLICA ECONÔMICA, APLICAÇÃO MANUAL EM TETO, DUAS DEMÃOS. AF_04/2023",M2,Pintura Interna,14.72,sem_desoneracao,2026-06-12,928df42a952625eb12d41baf2b5ab17e1207af6e7881cb9f1c7fcac4708400e3,SINAPI_Referência_2026_05.xlsx!CSD!S8304,f83ca971f46a6e2ca66e0c2bb3fc308a64661cc296aaa736a33788c776f3ad47,cpu_hierarquica_v1,0.0,pintura,Pintura,pintura,ok,,14.72,0.0,SINAPI_Referência_2026_05.xlsx!Analítico!B52210
sinapi_es,2026-05,104640,"PINTURA LÁTEX ACRÍLICA STANDARD, APLICAÇÃO MANUAL EM TETO, DUAS DEMÃOS. AF_04/2023",M2,Pintura Interna,16.06,sem_desoneracao,2026-06-12,928df42a952625eb12d41baf2b5ab17e1207af6e7881cb9f1c7fcac4708400e3,SINAPI_Referência_2026_05.xlsx!CSD!S8310,688d4ac5142556d2b20a92ecc00cc100a5388be91e0600c9ce6f646eb70650f9,cpu_hierarquica_v1,0.0,pintura,Pintura,pintura,ok,,16.06,0.0,SINAPI_Referência_2026_05.xlsx!Analítico!B52238
sinapi_es,2026-05,104641,"PINTURA LÁTEX ACRÍLICA ECONÔMICA, APLICAÇÃO MANUAL EM PAREDES, DUAS DEMÃOS. AF_04/2023",M2,Pintura Interna,11.54,sem_desoneracao,2026-06-12,928df42a952625eb12d41baf2b5ab17e1207af6e7881cb9f1c7fcac4708400e3,SINAPI_Referência_2026_05.xlsx!CSD!S8303,a107a34dcfd258d0952e469fa343f9e290e50c52c9d6d70625183479c8f55dc5,cpu_hierarquica_v1,0.0,pintura,Pintura,pintura,ok,,11.54,0.0,SINAPI_Referência_2026_05.xlsx!Analítico!B52206
sinapi_es,2026-05,104642,"PINTURA LÁTEX ACRÍLICA STANDARD, APLICAÇÃO MANUAL EM PAREDES, DUAS DEMÃOS. AF_04/2023",M2,Pintura Interna,12.88,sem_desoneracao,2026-06-12,928df42a952625eb12d41baf2b5ab17e1207af6e7881cb9f1c7fcac4708400e3,SINAPI_Referência_2026_05.xlsx!CSD!S8309,2f7de111854bc4b3852b5890f5d7a2ff5ee46ad8937024178e7722881dfec1fa,cpu_hierarquica_v1,0.0,pintura,Pintura,pintura,ok,,12.88,0.0,SINAPI_Referência_2026_05.xlsx!Analítico!B52234
sinapi_es,2026-05,104756,"FORRO EM MADEIRA PINUS, PARA AMBIENTES RESIDENCIAIS E COMERCIAIS, INCLUSIVE ESTRUTURA BIDIRECIONAL DE FIXAÇÃO. AF_08/2023",M2,Forros,243.74,sem_desoneracao,2026-06-12,928df42a952625eb12d41baf2b5ab17e1207af6e7881cb9f1c7fcac4708400e3,SINAPI_Referência_2026_05.xlsx!CSD!S4198,34cc493dc2e0cec3b85bab1a09d562d255e52d3a0ed46afe235f812cc5d8a43f,cpu_hierarquica_v1,0.0,revestimentos_forros,Revestimentos e forros,revestimentos_forros,ok,,243.74,0.0,SINAPI_Referência_2026_05.xlsx!Analítico!B25693
sinapi_es,2026-05,104757,"FORRO EM FIBRA MINERAL, PARA AMBIENTES COMERCIAIS, INCLUSIVE ESTRUTURA DE FIXAÇÃO. AF_08/2023_PS",M2,Forros,95.43,sem_desoneracao,2026-06-12,928df42a952625eb12d41baf2b5ab17e1207af6e7881cb9f1c7fcac4708400e3,SINAPI_Referência_2026_05.xlsx!CSD!S4197,25c8baff9525d1559eb1efb49ea689e1a639b414eec5032c1d369413d48fa337,cpu_hierarquica_v1,0.0,revestimentos_forros,Revestimentos e forros,revestimentos_forros,ok,,95.43,0.0,SINAPI_Referência_2026_05.xlsx!Analítico!B25684
sinapi_es,2026-05,104951,"MASSA ÚNICA, EM ARGAMASSA TRAÇO 1:2:8, PREPARO MECÂNICO, APLICADA MANUALMENTE EM PAREDES INTERNAS DE AMBIENTES COM ÁREA MAIOR QUE 10M², E = 17,5MM, COM TALISCAS. AF_03/2024",M2,Massa Única Interna,40.01,sem_desoneracao,2026-06-12,928df42a952625eb12d41baf2b5ab17e1207af6e7881cb9f1c7fcac4708400e3,SINAPI_Referência_2026_05.xlsx!CSD!S7792,f032010ba1425658fabc55c31b4e34c3fb6f18c4fc34cbfaedf7d760066d4538,cpu_hierarquica_v1,0.0,revestimentos_forros,Revestimentos e forros,revestimentos_forros,ok,,40.01,0.0,SINAPI_Referência_2026_05.xlsx!Analítico!B47982
sinapi_es,2026-05,104952,"MASSA ÚNICA, EM ARGAMASSA TRAÇO 1:2:8, PREPARO MANUAL, APLICADA MANUALMENTE EM PAREDES INTERNAS DE AMBIENTES COM ÁREA MAIOR QUE 10M², E = 17,5MM, COM TALISCAS. AF_03/2024",M2,Massa Única Interna,44.57,sem_desoneracao,2026-06-12,928df42a952625eb12d41baf2b5ab17e1207af6e7881cb9f1c7fcac4708400e3,SINAPI_Referência_2026_05.xlsx!CSD!S7785,e04d83c9220e399f1219a5ec8d743102dec47d803bc4bce03f0f8af76c9c98ec,cpu_hierarquica_v1,0.0,revestimentos_forros,Revestimentos e forros,revestimentos_forros,ok,,44.57,0.0,SINAPI_Referência_2026_05.xlsx!Analítico!B47954
sinapi_es,2026-05,104953,"MASSA ÚNICA, EM ARGAMASSA INDUSTRIALIZADA, PREPARO MECÂNICO, APLICADA COM EQUIPAMENTO DE MISTURA E PROJEÇÃO DE ARGAMASSA EM PAREDES INTERNAS, E = 17,5MM, COM TALISCAS. AF_03/2024",M2,Massa Única Interna,63.74,sem_desoneracao,2026-06-12,928df42a952625eb12d41baf2b5ab17e1207af6e7881cb9f1c7fcac4708400e3,SINAPI_Referência_2026_05.xlsx!CSD!S7775,22194317e0966cde1133d698ba520b3d0651a2838a2f3e1c4bb0ca711cc9b25c,cpu_hierarquica_v1,0.0,revestimentos_forros,Revestimentos e forros,revestimentos_forros,ok,,63.74,0.0,SINAPI_Referência_2026_05.xlsx!Analítico!B47914
sinapi_es,2026-05,104954,"EMBOÇO, EM ARGAMASSA TRAÇO 1:2:8, PREPARO MANUAL, APLICADO MANUALMENTE EM PAREDES INTERNAS DE AMBIENTES COM PÉ-DIREITO DUPLO E ÁREA ENTRE 5M² E 10M², E = 17,5MM, COM TALISCAS. AF_03/2024",M2,Massa Única Interna,59.37,sem_desoneracao,2026-06-12,928df42a952625eb12d41baf2b5ab17e1207af6e7881cb9f1c7fcac4708400e3,SINAPI_Referência_2026_05.xlsx!CSD!S7750,51102345d1552ba17db86d4ab510dbdcb90888644b9e1c62853b19aef205a1bb,cpu_hierarquica_v1,0.0,revestimentos_forros,Revestimentos e forros,revestimentos_forros,ok,,59.37,0.0,SINAPI_Referência_2026_05.xlsx!Analítico!B47814
sinapi_es,2026-05,104955,"MASSA ÚNICA, EM ARGAMASSA TRAÇO 1:2:8, PREPARO MECÂNICO, APLICADA MANUALMENTE EM PAREDES INTERNAS DE AMBIENTES COM PÉ-DIREITO DUPLO E ÁREA MAIOR QUE 10M², E = 17,5MM, COM TALISCAS. AF_03/2024",M2,Massa Única Interna,50.9,sem_desoneracao,2026-06-12,928df42a952625eb12d41baf2b5ab17e1207af6e7881cb9f1c7fcac4708400e3,SINAPI_Referência_2026_05.xlsx!CSD!S7788,8e24308c439d5bb292d8e7f4698b95e8ecc7c5fd8125a8e7055ae729a4b64551,cpu_hierarquica_v1,0.0,revestimentos_forros,Revestimentos e forros,revestimentos_forros,ok,,50.9,0.0,SINAPI_Referência_2026_05.xlsx!Analítico!B47966
sinapi_es,2026-05,104956,"MASSA ÚNICA, EM ARGAMASSA TRAÇO 1:2:8, PREPARO MANUAL, APLICADA MANUALMENTE EM PAREDES INTERNAS DE AMBIENTES COM PÉ-DIREITO DUPLO E ÁREA MAIOR QUE 10M², E = 17,5MM, COM TALISCAS. AF_03/2024",M2,Massa Única Interna,55.46,sem_desoneracao,2026-06-12,928df42a952625eb12d41baf2b5ab17e1207af6e7881cb9f1c7fcac4708400e3,SINAPI_Referência_2026_05.xlsx!CSD!S7781,c8079c53d290f4f10753dba820352dfb9a59fec60c2c092f428e68b5c8719f60,cpu_hierarquica_v1,0.0,revestimentos_forros,Revestimentos e forros,revestimentos_forros,ok,,55.46,0.0,SINAPI_Referência_2026_05.xlsx!Analítico!B47938
sinapi_es,2026-05,104957,"EMBOÇO, EM ARGAMASSA TRAÇO 1:2:8, PREPARO MECÂNICO, APLICADO MANUALMENTE EM PAREDES INTERNAS DE AMBIENTES COM PÉ-DIREITO DUPLO E ÁREA MAIOR QUE 10M², E = 17,5MM, COM TALISCAS. AF_03/2024",M2,Massa Única Interna,49.6,sem_desoneracao,2026-06-12,928df42a952625eb12d41baf2b5ab17e1207af6e7881cb9f1c7fcac4708400e3,SINAPI_Referência_2026_05.xlsx!CSD!S7764,13eb370256735813fd891b4736d1e6154b67e7c26bce9a1bf14dd64da1ba9ce4,cpu_hierarquica_v1,0.0,revestimentos_forros,Revestimentos e forros,revestimentos_forros,ok,,49.6,0.0,SINAPI_Referência_2026_05.xlsx!Analítico!B47870
sinapi_es,2026-05,104958,"MASSA ÚNICA, EM ARGAMASSA TRAÇO 1:2:8 PREPARO MECÂNICO, APLICADA MANUALMENTE EM PAREDES INTERNAS DE AMBIENTES COM ÁREA MAIOR QUE 10M², E = 10MM, COM TALISCAS. AF_03/2024",M2,Massa Única Interna,27.96,sem_desoneracao,2026-06-12,928df42a952625eb12d41baf2b5ab17e1207af6e7881cb9f1c7fcac4708400e3,SINAPI_Referência_2026_05.xlsx!CSD!S7778,3515e098820d5e51c51c9d9f77f58aecc8dc92373334d247a4cc1d4df164bf0d,cpu_hierarquica_v1,0.0,revestimentos_forros,Revestimentos e forros,revestimentos_forros,ok,,27.96,0.0,SINAPI_Referência_2026_05.xlsx!Analítico!B47926
sinapi_es,2026-05,104959,"MASSA ÚNICA, EM ARGAMASSA TRAÇO 1:2:8 PREPARO MANUAL, APLICADA MANUALMENTE EM PAREDES INTERNAS DE AMBIENTES COM ÁREA MAIOR QUE 10M², E = 10MM, COM TALISCAS. AF_03/2024",M2,Massa Única Interna,30.88,sem_desoneracao,2026-06-12,928df42a952625eb12d41baf2b5ab17e1207af6e7881cb9f1c7fcac4708400e3,SINAPI_Referência_2026_05.xlsx!CSD!S7777,5386408c1e513ef9a722a4898b7af25fe4c62e1e05b5286a7fc1019375cca659,cpu_hierarquica_v1,0.0,revestimentos_forros,Revestimentos e forros,revestimentos_forros,ok,,30.88,0.0,SINAPI_Referência_2026_05.xlsx!Analítico!B47922
sinapi_es,2026-05,104960,"MASSA ÚNICA, EM ARGAMASSA INDUSTRIALIZADA, PREPARO MECÂNICO, APLICADA COM EQUIPAMENTO DE MISTURA E PROJEÇÃO DE ARGAMASSA EM PAREDES INTERNAS, E = 10MM, COM TALISCAS. AF_03/2024",M2,Massa Única Interna,41.87,sem_desoneracao,2026-06-12,928df42a952625eb12d41baf2b5ab17e1207af6e7881cb9f1c7fcac4708400e3,SINAPI_Referência_2026_05.xlsx!CSD!S7773,c907eb96db05ed1deca93aebc7a5ac6ba6b84550bad21c980aea5139fc8cd696,cpu_hierarquica_v1,0.0,revestimentos_forros,Revestimentos e forros,revestimentos_forros,ok,,41.87,0.0,SINAPI_Referência_2026_05.xlsx!Analítico!B47906
sinapi_es,2026-05,104961,"EMBOÇO, EM ARGAMASSA TRAÇO 1:2:8, PREPARO MECÂNICO, APLICADO MANUALMENTE EM PAREDES INTERNAS DE AMBIENTES COM PÉ-DIREITO DUPLO E ÁREA MENOR QUE 5M², E = 17,5MM, COM TALISCAS. AF_03/2024",M2,Massa Única Interna,63.56,sem_desoneracao,2026-06-12,928df42a952625eb12d41baf2b5ab17e1207af6e7881cb9f1c7fcac4708400e3,SINAPI_Referência_2026_05.xlsx!CSD!S7766,496c0aa7b0c2d4ec0006d0fe58406fcd81d4f72b430cd1af3caefae25d1adf7b,cpu_hierarquica_v1,0.0,revestimentos_forros,Revestimentos e forros,revestimentos_forros,ok,,63.56,0.0,SINAPI_Referência_2026_05.xlsx!Analítico!B47878
sinapi_es,2026-05,104962,"EMBOÇO, EM ARGAMASSA TRAÇO 1:2:8, PREPARO MANUAL, APLICADO MANUALMENTE EM PAREDES INTERNAS DE AMBIENTES COM PÉ-DIREITO DUPLO E ÁREA MENOR QUE 5M², E = 17,5MM, COM TALISCAS. AF_03/2024",M2,Massa Única Interna,68.12,sem_desoneracao,2026-06-12,928df42a952625eb12d41baf2b5ab17e1207af6e7881cb9f1c7fcac4708400e3,SINAPI_Referência_2026_05.xlsx!CSD!S7754,13ec839d385a7e56e7c8b8a38f1d80b46de365c7312465edeb00707acb26c41d,cpu_hierarquica_v1,0.0,revestimentos_forros,Revestimentos e forros,revestimentos_forros,ok,,68.12,0.0,SINAPI_Referência_2026_05.xlsx!Analítico!B47830
sinapi_es,2026-05,104963,"MASSA ÚNICA, EM ARGAMASSA TRAÇO 1:2:8, PREPARO MECÂNICO, APLICADA MANUALMENTE EM PAREDES INTERNAS DE AMBIENTES COM PÉ-DIREITO DUPLO E ÁREA ENTRE 5M² E 10M², E = 17,5MM, COM TALISCAS. AF_03/2024",M2,Massa Única Interna,57.35,sem_desoneracao,2026-06-12,928df42a952625eb12d41baf2b5ab17e1207af6e7881cb9f1c7fcac4708400e3,SINAPI_Referência_2026_05.xlsx!CSD!S7787,2bd58c55a8f1740912d25d45d3822f2d0d9e0e4b3b0d1e0904970b9a10dd1308,cpu_hierarquica_v1,0.0,revestimentos_forros,Revestimentos e forros,revestimentos_forros,ok,,57.35,0.0,SINAPI_Referência_2026_05.xlsx!Analítico!B47962
sinapi_es,2026-05,104964,"MASSA ÚNICA, EM ARGAMASSA TRAÇO 1:2:8, PREPARO MANUAL, APLICADA MANUALMENTE EM PAREDES INTERNAS DE AMBIENTES COM PÉ-DIREITO DUPLO E ÁREA ENTRE 5M² E 10M², E = 17,5MM, COM TALISCAS. AF_03/2024",M2,Massa Única Interna,61.91,sem_desoneracao,2026-06-12,928df42a952625eb12d41baf2b5ab17e1207af6e7881cb9f1c7fcac4708400e3,SINAPI_Referência_2026_05.xlsx!CSD!S7780,2215b289c29ff5ca969bb69eb3d0e591ee70da92796da8fd0f37ab610a14d972,cpu_hierarquica_v1,0.0,revestimentos_forros,Revestimentos e forros,revestimentos_forros,ok,,61.91,0.0,SINAPI_Referência_2026_05.xlsx!Analítico!B47934
sinapi_es,2026-05,104965,"EMBOÇO, EM ARGAMASSA TRAÇO 1:2:8, PREPARO MECÂNICO, APLICADO MANUALMENTE EM PAREDES INTERNAS DE AMBIENTES COM PÉ-DIREITO DUPLO E ÁREA ENTRE 5M² E 10M², E = 17,5MM, COM TALISCAS. AF_03/2024",M2,Massa Única Interna,54.81,sem_desoneracao,2026-06-12,928df42a952625eb12d41baf2b5ab17e1207af6e7881cb9f1c7fcac4708400e3,SINAPI_Referência_2026_05.xlsx!CSD!S7762,0ee3bb4470f67f4f68f10fefe7f1f9f89898330d16ab272a2c153567b82b3284,cpu_hierarquica_v1,0.0,revestimentos_forros,Revestimentos e forros,revestimentos_forros,ok,,54.81,0.0,SINAPI_Referência_2026_05.xlsx!Analítico!B47862
sinapi_es,2026-05,104966,"EMBOÇO, EM ARGAMASSA TRAÇO 1:2:8, PREPARO MANUAL, APLICADO MANUALMENTE EM PAREDES INTERNAS DE AMBIENTES COM PÉ-DIREITO DUPLO E ÁREA MAIOR QUE 10M², E = 17,5MM, COM TALISCAS. AF_03/2024",M2,Massa Única Interna,54.16,sem_desoneracao,2026-06-12,928df42a952625eb12d41baf2b5ab17e1207af6e7881cb9f1c7fcac4708400e3,SINAPI_Referência_2026_05.xlsx!CSD!S7752,272cbec0094762f2b5eb2722543d8aa2e467307a8fbeaa101edbfbda21b481e7,cpu_hierarquica_v1,0.0,revestimentos_forros,Revestimentos e forros,revestimentos_forros,ok,,54.16,0.0,SINAPI_Referência_2026_05.xlsx!Analítico!B47822
sinapi_es,2026-05,104967,"EMBOÇO, EM ARGAMASSA TRAÇO 1:2:8, PREPARO MECÂNICO, APLICADO MANUALMENTE EM PAREDES INTERNAS DE AMBIENTES COM PÉ-DIREITO DUPLO E ÁREA MENOR QUE 5M², E = 10MM, COM TALISCAS. AF_03/2024",M2,Massa Única Interna,48.9,sem_desoneracao,2026-06-12,928df42a952625eb12d41baf2b5ab17e1207af6e7881cb9f1c7fcac4708400e3,SINAPI_Referência_2026_05.xlsx!CSD!S7765,b217b4b9936cecdd2145362e176c7d1cf2a473ba5f890436f83fa3ffc31b2412,cpu_hierarquica_v1,0.0,revestimentos_forros,Revestimentos e forros,revestimentos_forros,ok,,48.9,0.0,SINAPI_Referência_2026_05.xlsx!Analítico!B47874
sinapi_es,2026-05,104968,"EMBOÇO, EM ARGAMASSA TRAÇO 1:2:8, PREPARO MANUAL, APLICADO MANUALMENTE EM PAREDES INTERNAS DE AMBIENTES COM PÉ-DIREITO DUPLO E ÁREA MENOR QUE 5M², E = 10MM, COM TALISCAS. AF_03/2024",M2,Massa Única Interna,51.82,sem_desoneracao,2026-06-12,928df42a952625eb12d41baf2b5ab17e1207af6e7881cb9f1c7fcac4708400e3,SINAPI_Referência_2026_05.xlsx!CSD!S7753,1fcf48c88642b1ea54edab3ac4f666923045a42c6704cd2725bfec183b5d8103,cpu_hierarquica_v1,0.0,revestimentos_forros,Revestimentos e forros,revestimentos_forros,ok,,51.82,0.0,SINAPI_Referência_2026_05.xlsx!Analítico!B47826
sinapi_es,2026-05,104969,"MASSA ÚNICA, EM ARGAMASSA TRAÇO 1:2:8, PREPARO MECÂNICO, APLICADA MANUALMENTE EM PAREDES INTERNAS DE AMBIENTES COM PÉ-DIREITO DUPLO E ÁREA ENTRE 5M² E 10M², E = 10MM, COM TALISCAS. AF_03/2024",M2,Massa Única Interna,42.68,sem_desoneracao,2026-06-12,928df42a952625eb12d41baf2b5ab17e1207af6e7881cb9f1c7fcac4708400e3,SINAPI_Referência_2026_05.xlsx!CSD!S7786,c1fdcb2550d6a8c68add014da2d00f4edfda6bc2da3011c62dac0e79999f5a19,cpu_hierarquica_v1,0.0,revestimentos_forros,Revestimentos e forros,revestimentos_forros,ok,,42.68,0.0,SINAPI_Referência_2026_05.xlsx!Analítico!B47958
sinapi_es,2026-05,104970,"MASSA ÚNICA, EM ARGAMASSA TRAÇO 1:2:8, PREPARO MANUAL, APLICADA MANUALMENTE EM PAREDES INTERNAS DE AMBIENTES COM PÉ-DIREITO DUPLO E ÁREA ENTRE 5M² E 10M², E = 10MM, COM TALISCAS. AF_03/2024",M2,Massa Única Interna,45.6,sem_desoneracao,2026-06-12,928df42a952625eb12d41baf2b5ab17e1207af6e7881cb9f1c7fcac4708400e3,SINAPI_Referência_2026_05.xlsx!CSD!S7779,27b3cddbcbd651f7834e0982b10c2ea97cf43838c4c0f0b63ff4a17031298977,cpu_hierarquica_v1,0.0,revestimentos_forros,Revestimentos e forros,revestimentos_forros,ok,,45.6,0.0,SINAPI_Referência_2026_05.xlsx!Analítico!B47930
sinapi_es,2026-05,104971,"EMBOÇO, EM ARGAMASSA TRAÇO 1:2:8, PREPARO MECÂNICO, APLICADO MANUALMENTE EM PAREDES INTERNAS DE AMBIENTES COM PÉ-DIREITO DUPLO E ÁREA ENTRE 5M² E 10M², E = 10MM, COM TALISCAS. AF_03/2024",M2,Massa Única Interna,40.15,sem_desoneracao,2026-06-12,928df42a952625eb12d41baf2b5ab17e1207af6e7881cb9f1c7fcac4708400e3,SINAPI_Referência_2026_05.xlsx!CSD!S7761,d59cfbad6a9530cef5d478b1657dcb07f2dbba2c5c1e6d273093a67aca2f3a61,cpu_hierarquica_v1,0.0,revestimentos_forros,Revestimentos e forros,revestimentos_forros,ok,,40.15,0.0,SINAPI_Referência_2026_05.xlsx!Analítico!B47858
sinapi_es,2026-05,104972,"EMBOÇO, EM ARGAMASSA TRAÇO 1:2:8, PREPARO MANUAL, APLICADO MANUALMENTE EM PAREDES INTERNAS DE AMBIENTES COM PÉ-DIREITO DUPLO E ÁREA ENTRE 5M² E 10M², E = 10MM, COM TALISCAS. AF_03/2024",M2,Massa Única Interna,43.07,sem_desoneracao,2026-06-12,928df42a952625eb12d41baf2b5ab17e1207af6e7881cb9f1c7fcac4708400e3,SINAPI_Referência_2026_05.xlsx!CSD!S7749,b0fb5cd1cb059c54e308167516459bfe24a3afd7482bd260d4463f060276f7df,cpu_hierarquica_v1,0.0,revestimentos_forros,Revestimentos e forros,revestimentos_forros,ok,,43.07,0.0,SINAPI_Referência_2026_05.xlsx!Analítico!B47810
sinapi_es,2026-05,104973,"MASSA ÚNICA, EM ARGAMASSA TRAÇO 1:2:8, PREPARO MECÂNICO, APLICADA MANUALMENTE EM PAREDES INTERNAS DE AMBIENTES COM PÉ-DIREITO DUPLO ÁREA MAIOR QUE 10M², E = 10MM, COM TALISCAS. AF_03/2024",M2,Massa Única Interna,36.24,sem_desoneracao,2026-06-12,928df42a952625eb12d41baf2b5ab17e1207af6e7881cb9f1c7fcac4708400e3,SINAPI_Referência_2026_05.xlsx!CSD!S7789,d9fe80bbf79031e583baed1285a9fb2b51ecb97471e8f70b7a42eae14c9fcb7d,cpu_hierarquica_v1,0.0,revestimentos_forros,Revestimentos e forros,revestimentos_forros,ok,,36.24,0.0,SINAPI_Referência_2026_05.xlsx!Analítico!B47970
sinapi_es,2026-05,104974,"MASSA ÚNICA, EM ARGAMASSA TRAÇO 1:2:8, PREPARO MANUAL, APLICADA MANUALMENTE EM PAREDES INTERNAS DE AMBIENTES COM PÉ-DIREITO DUPLO ÁREA MAIOR QUE 10M², E = 10MM, COM TALISCAS. AF_03/2024",M2,Massa Única Interna,39.16,sem_desoneracao,2026-06-12,928df42a952625eb12d41baf2b5ab17e1207af6e7881cb9f1c7fcac4708400e3,SINAPI_Referência_2026_05.xlsx!CSD!S7782,7594177991f51f47f14e8a1b07afaaf89ac27bec4f3d84c979fe6bf5948a5027,cpu_hierarquica_v1,0.0,revestimentos_forros,Revestimentos e forros,revestimentos_forros,ok,,39.16,0.0,SINAPI_Referência_2026_05.xlsx!Analítico!B47942
sinapi_es,2026-05,104975,"EMBOÇO, EM ARGAMASSA TRAÇO 1:2:8, PREPARO MECÂNICO, APLICADO MANUALMENTE EM PAREDES INTERNAS DE AMBIENTES COM PÉ-DIREITO DUPLO E ÁREA MAIOR QUE 10M², E = 10MM, COM TALISCAS. AF_03/2024",M2,Massa Única Interna,34.94,sem_desoneracao,2026-06-12,928df42a952625eb12d41baf2b5ab17e1207af6e7881cb9f1c7fcac4708400e3,SINAPI_Referência_2026_05.xlsx!CSD!S7763,201e21f5492be011f47bc20d9374fa7e99199ff0171eb0cfbde8ac82825b49dd,cpu_hierarquica_v1,0.0,revestimentos_forros,Revestimentos e forros,revestimentos_forros,ok,,34.94,0.0,SINAPI_Referência_2026_05.xlsx!Analítico!B47866
sinapi_es,2026-05,104976,"EMBOÇO, EM ARGAMASSA TRAÇO 1:2:8, PREPARO MANUAL, APLICADO MANUALMENTE EM PAREDES INTERNAS DE AMBIENTES COM PÉ-DIREITO DUPLO E ÁREA MAIOR QUE 10M², E = 10MM, COM TALISCAS. AF_03/2024",M2,Massa Única Interna,37.86,sem_desoneracao,2026-06-12,928df42a952625eb12d41baf2b5ab17e1207af6e7881cb9f1c7fcac4708400e3,SINAPI_Referência_2026_05.xlsx!CSD!S7751,15388740802935aeb74e6e8db2f2fbbeceef611aa6a3884c42ae931c04ecef1e,cpu_hierarquica_v1,0.0,revestimentos_forros,Revestimentos e forros,revestimentos_forros,ok,,37.86,0.0,SINAPI_Referência_2026_05.xlsx!Analítico!B47818
sinapi_es,2026-05,104977,"MASSA ÚNICA, EM ARGAMASSA TRAÇO 1:2:8, PREPARO MECÂNICO, APLICADA MANUALMENTE EM TETO DE AMBIENTES COM PAREDES EM PÉ-DIREITO DUPLO, E = 17,5MM, COM TALISCAS. AF_03/2024",M2,Massa Única Interna,60.3,sem_desoneracao,2026-06-12,928df42a952625eb12d41baf2b5ab17e1207af6e7881cb9f1c7fcac4708400e3,SINAPI_Referência_2026_05.xlsx!CSD!S7794,353f47faf6da2246b59d36d9f0b0d3cd36b8c621bfc9bb1ab60f2464bac30b35,cpu_hierarquica_v1,0.0,revestimentos_forros,Revestimentos e forros,revestimentos_forros,ok,,60.3,0.0,SINAPI_Referência_2026_05.xlsx!Analítico!B47990
sinapi_es,2026-05,104978,"MASSA ÚNICA, EM ARGAMASSA TRAÇO 1:2:8, PREPARO MECÂNICO, APLICADA MANUALMENTE EM TETO DE AMBIENTES COM PAREDES EM PÉ-DIREITO DUPLO, E = 10MM, COM TALISCAS. AF_03/2024",M2,Massa Única Interna,45.87,sem_desoneracao,2026-06-12,928df42a952625eb12d41baf2b5ab17e1207af6e7881cb9f1c7fcac4708400e3,SINAPI_Referência_2026_05.xlsx!CSD!S7793,1699e05fa7ff67a05f55b859faaba5a9831d8f3a79efa1200939c68b77dc1870,cpu_hierarquica_v1,0.0,revestimentos_forros,Revestimentos e forros,revestimentos_forros,ok,,45.87,0.0,SINAPI_Referência_2026_05.xlsx!Analítico!B47986
sinapi_es,2026-05,105185,REVESTIMENTO DECORATIVO MONOCAMADA EXECUTADO MANUALMENTE EM FACHADA DE UM EDIFÍCIO DE ESTRUTURA CONVENCIONAL E ACABAMENTO CHAPISCADO/FLOCADO. AF_03/2024,M2,Monocapa,200.01,sem_desoneracao,2026-06-12,928df42a952625eb12d41baf2b5ab17e1207af6e7881cb9f1c7fcac4708400e3,SINAPI_Referência_2026_05.xlsx!CSD!S7917,fe3fb22f7947d9f9764c258bdabba0c398b9d7eb74aede246836d79f7bffa89f,cpu_hierarquica_v1,0.0035,revestimentos_forros,Revestimentos e forros,revestimentos_forros,ok,,200.01,0.0,SINAPI_Referência_2026_05.xlsx!Analítico!B48592
sinapi_es,2026-05,105186,REVESTIMENTO DECORATIVO MONOCAMADA EXECUTADO MANUALMENTE EM FACHADA DE UM EDIFÍCIO DE ALVENARIA ESTRUTURAL E ACABAMENTO CHAPISCADO/FLOCADO. AF_03/2024,M2,Monocapa,149.07,sem_desoneracao,2026-06-12,928df42a952625eb12d41baf2b5ab17e1207af6e7881cb9f1c7fcac4708400e3,SINAPI_Referência_2026_05.xlsx!CSD!S7914,2ba7a9a96665e4c768a8ffcf72b72ea4cc051b47e2c97f5a067a80eb2ccc4071,cpu_hierarquica_v1,0.0047,revestimentos_forros,Revestimentos e forros,revestimentos_forros,ok,,149.07,0.0,SINAPI_Referência_2026_05.xlsx!Analítico!B48573
sinapi_es,2026-05,105187,REVESTIMENTO DECORATIVO MONOCAMADA EXECUTADO COM EQUIPAMENTO DE PROJEÇÃO EM FACHADA DE UM EDIFÍCIO DE ESTRUTURA CONVENCIONAL E ACABAMENTO CHAPISCADO/FLOCADO. AF_03/2024,M2,Monocapa,192.43,sem_desoneracao,2026-06-12,928df42a952625eb12d41baf2b5ab17e1207af6e7881cb9f1c7fcac4708400e3,SINAPI_Referência_2026_05.xlsx!CSD!S7911,8b06197ed112dfcb9f633e2eef600e5b857b43562043d85d94eecbbab591b01f,cpu_hierarquica_v1,0.0036,revestimentos_forros,Revestimentos e forros,revestimentos_forros,ok,,192.43,0.0,SINAPI_Referência_2026_05.xlsx!Analítico!B48557
sinapi_es,2026-05,105188,REVESTIMENTO DECORATIVO MONOCAMADA EXECUTADO COM EQUIPAMENTO DE PROJEÇÃO EM FACHADA DE UM EDIFÍCIO DE ALVENARIA ESTRUTURAL E ACABAMENTO CHAPISCADO/FLOCADO. AF_03/2024,M2,Monocapa,141.71,sem_desoneracao,2026-06-12,928df42a952625eb12d41baf2b5ab17e1207af6e7881cb9f1c7fcac4708400e3,SINAPI_Referência_2026_05.xlsx!CSD!S7908,cdbb7bb7ab48ea7cd9713cec43bd34bea5a93c8dac9dcccd56e087a14cc05225,cpu_hierarquica_v1,0.0049,revestimentos_forros,Revestimentos e forros,revestimentos_forros,ok,,141.71,0.0,SINAPI_Referência_2026_05.xlsx!Analítico!B48541
sinapi_es,2026-05,105816,"ESTUCAMENTO DE DENSIDADE ALTA NAS FACES INTERNAS DE PAREDES DO SISTEMA DE PAREDES DE CONCRETO, EM AMBIENTES COM ÁREA MAIOR OU IGUAL A 10 M², UTILIZAÇÃO DE ARGAMASSA POLIMÉRICA. AF_12/2024",M2,Paredes de Concreto - Estucamento,11.46,sem_desoneracao,2026-06-12,928df42a952625eb12d41baf2b5ab17e1207af6e7881cb9f1c7fcac4708400e3,SINAPI_Referência_2026_05.xlsx!CSD!S8003,6696ed545b315748a85b2a50385d5ac6ea1d6e09f77b17382ad43242ad051d07,cpu_hierarquica_v1,0.0,revestimentos_forros,Revestimentos e forros,revestimentos_forros,ok,,11.46,0.0,SINAPI_Referência_2026_05.xlsx!Analítico!B49031
sinapi_es,2026-05,105817,"ESTUCAMENTO DE DENSIDADE ALTA NAS FACES INTERNAS DE PAREDES DO SISTEMA DE PAREDES DE CONCRETO, EM AMBIENTES COM ÁREA MAIOR OU IGUAL A 10 M², UTILIZAÇÃO DE ARGAMASSA TRAÇO 1:1:6 (CIM:CAL:AREIA). AF_12/2024",M2,Paredes de Concreto - Estucamento,5.56,sem_desoneracao,2026-06-12,928df42a952625eb12d41baf2b5ab17e1207af6e7881cb9f1c7fcac4708400e3,SINAPI_Referência_2026_05.xlsx!CSD!S8004,a96f8e15f787f6c27c766a9c3ec262d867871234574bc63d83d2d39807cbf46f,cpu_hierarquica_v1,0.0,revestimentos_forros,Revestimentos e forros,revestimentos_forros,ok,,5.56,0.0,SINAPI_Referência_2026_05.xlsx!Analítico!B49035
sinapi_es,2026-05,105818,"ESTUCAMENTO DE DENSIDADE ALTA NAS FACES INTERNAS DE PAREDES DO SISTEMA DE PAREDES DE CONCRETO, EM AMBIENTES COM ÁREA ENTRE 5 M² E 10 M², UTILIZAÇÃO DE ARGAMASSA POLIMÉRICA. AF_12/2024",M2,Paredes de Concreto - Estucamento,12.51,sem_desoneracao,2026-06-12,928df42a952625eb12d41baf2b5ab17e1207af6e7881cb9f1c7fcac4708400e3,SINAPI_Referência_2026_05.xlsx!CSD!S8000,913ad5f4d272f34c3fbe05517f35fb8cbaa5bc610fb8b4c72d787b7ee77c5af0,cpu_hierarquica_v1,0.0,revestimentos_forros,Revestimentos e forros,revestimentos_forros,ok,,12.51,0.0,SINAPI_Referência_2026_05.xlsx!Analítico!B49019
sinapi_es,2026-05,105819,"ESTUCAMENTO DE DENSIDADE ALTA NAS FACES INTERNAS DE PAREDES DO SISTEMA DE PAREDES DE CONCRETO, EM AMBIENTES COM ÁREA ENTRE 5 M² E 10 M², UTILIZAÇÃO DE ARGAMASSA TRAÇO 1:1:6 (CIM:CAL:AREIA). AF_12/2024",M2,Paredes de Concreto - Estucamento,6.61,sem_desoneracao,2026-06-12,928df42a952625eb12d41baf2b5ab17e1207af6e7881cb9f1c7fcac4708400e3,SINAPI_Referência_2026_05.xlsx!CSD!S8001,fbd2930a852ea09fa82f00fd0849288841a55bd5fb7cb031ae02a6e9c50811f3,cpu_hierarquica_v1,0.0,revestimentos_forros,Revestimentos e forros,revestimentos_forros,ok,,6.61,0.0,SINAPI_Referência_2026_05.xlsx!Analítico!B49023
sinapi_es,2026-05,105820,"ESTUCAMENTO DE DENSIDADE ALTA NAS FACES INTERNAS DE PAREDES DO SISTEMA DE PAREDES DE CONCRETO, EM AMBIENTES COM ÁREA MENOR OU IGUAL A 5 M², UTILIZAÇÃO DE ARGAMASSA POLIMÉRICA. AF_12/2024",M2,Paredes de Concreto - Estucamento,18.08,sem_desoneracao,2026-06-12,928df42a952625eb12d41baf2b5ab17e1207af6e7881cb9f1c7fcac4708400e3,SINAPI_Referência_2026_05.xlsx!CSD!S8006,ac8cf2ea52d8c72e82c3e4f2c54c49d67423c4597ff694f462449ab72f06ced4,cpu_hierarquica_v1,0.0,revestimentos_forros,Revestimentos e forros,revestimentos_forros,ok,,18.08,0.0,SINAPI_Referência_2026_05.xlsx!Analítico!B49043
sinapi_es,2026-05,105821,"ESTUCAMENTO DE DENSIDADE ALTA NAS FACES INTERNAS DE PAREDES DO SISTEMA DE PAREDES DE CONCRETO, EM AMBIENTES COM ÁREA MENOR OU IGUAL A 5 M², UTILIZAÇÃO DE ARGAMASSA TRAÇO 1:1:6 (CIM:CAL:AREIA). AF_12/2024",M2,Paredes de Concreto - Estucamento,12.18,sem_desoneracao,2026-06-12,928df42a952625eb12d41baf2b5ab17e1207af6e7881cb9f1c7fcac4708400e3,SINAPI_Referência_2026_05.xlsx!CSD!S8007,4f0c4f22925dc2c833211749f9c7fc92719fd9a490d62158564778cc0adbe9fb,cpu_hierarquica_v1,0.0,revestimentos_forros,Revestimentos e forros,revestimentos_forros,ok,,12.18,0.0,SINAPI_Referência_2026_05.xlsx!Analítico!B49047
sinapi_es,2026-05,105822,"ESTUCAMENTO DE DENSIDADE ALTA DE PANOS DE FACHADA DO SISTEMA DE PAREDES DE CONCRETO EM EDIFICAÇÕES DE MÚLTIPLOS PAVIMENTOS, PAVIMENTOS SUPERIORES, UTILIZAÇÃO DE ARGAMASSA POLIMÉRICA. AF_12/2024",M2,Paredes de Concreto - Estucamento,20.96,sem_desoneracao,2026-06-12,928df42a952625eb12d41baf2b5ab17e1207af6e7881cb9f1c7fcac4708400e3,SINAPI_Referência_2026_05.xlsx!CSD!S7991,3fa5f9009e06708492d859144d9d825fc644116f590dfd300766a0c2549ed1e4,cpu_hierarquica_v1,0.0,revestimentos_forros,Revestimentos e forros,revestimentos_forros,ok,,20.96,0.0,SINAPI_Referência_2026_05.xlsx!Analítico!B48983
sinapi_es,2026-05,105823,"ESTUCAMENTO DE DENSIDADE ALTA DE PANOS DE FACHADA DO SISTEMA DE PAREDES DE CONCRETO EM EDIFICAÇÕES DE MÚLTIPLOS PAVIMENTOS, PAVIMENTOS SUPERIORES, UTILIZAÇÃO DE ARGAMASSA TRAÇO 1:0,5:4,5 (CIM:CAL:AREIA). AF_12/2024",M2,Paredes de Concreto - Estucamento,15.0,sem_desoneracao,2026-06-12,928df42a952625eb12d41baf2b5ab17e1207af6e7881cb9f1c7fcac4708400e3,SINAPI_Referência_2026_05.xlsx!CSD!S7992,e6c95970243e27df9970dcf6bb6594320b6e718261fb9a90a0a50e115db4a7a5,cpu_hierarquica_v1,0.0,revestimentos_forros,Revestimentos e forros,revestimentos_forros,ok,,15.0,0.0,SINAPI_Referência_2026_05.xlsx!Analítico!B48987
sinapi_es,2026-05,105824,"ESTUCAMENTO DE DENSIDADE ALTA DE PANOS DE FACHADA DO SISTEMA DE PAREDES DE CONCRETO EM EDIFICAÇÕES DE MÚLTIPLOS PAVIMENTOS, PAVIMENTO TÉRREO, UTILIZAÇÃO DE ARGAMASSA POLIMÉRICA. AF_12/2024",M2,Paredes de Concreto - Estucamento,14.24,sem_desoneracao,2026-06-12,928df42a952625eb12d41baf2b5ab17e1207af6e7881cb9f1c7fcac4708400e3,SINAPI_Referência_2026_05.xlsx!CSD!S7988,f9e3a9e6a207177ec1ff7c7226c7163c39aaa2a08a3c0c887e9eef6dfc5c8bbb,cpu_hierarquica_v1,0.0,revestimentos_forros,Revestimentos e forros,revestimentos_forros,ok,,14.24,0.0,SINAPI_Referência_2026_05.xlsx!Analítico!B48971
sinapi_es,2026-05,105825,"ESTUCAMENTO DE DENSIDADE ALTA DE PANOS DE FACHADA DO SISTEMA DE PAREDES DE CONCRETO EM EDIFICAÇÕES DE MÚLTIPLOS PAVIMENTOS, PAVIMENTO TÉRREO, UTILIZAÇÃO DE ARGAMASSA TRAÇO 1:0,5:4,5 (CIM:CAL:AREIA). AF_12/2024",M2,Paredes de Concreto - Estucamento,8.28,sem_desoneracao,2026-06-12,928df42a952625eb12d41baf2b5ab17e1207af6e7881cb9f1c7fcac4708400e3,SINAPI_Referência_2026_05.xlsx!CSD!S7989,0ff67dcdc31cfcdaab307514d03df8ba03737f6f7dc324052d1f29f40c534004,cpu_hierarquica_v1,0.0,revestimentos_forros,Revestimentos e forros,revestimentos_forros,ok,,8.28,0.0,SINAPI_Referência_2026_05.xlsx!Analítico!B48975
sinapi_es,2026-05,105826,"ESTUCAMENTO DE DENSIDADE ALTA DE PANOS DE FACHADA DO SISTEMA DE PAREDES DE CONCRETO EM UNIDADES HABITACIONAIS DE DOIS PAVIMENTOS (SOBRADO), ACESSO COM ANDAIME FACHADEIRO, UTILIZAÇÃO DE ARGAMASSA POLIMÉRICA. AF_12/2024",M2,Paredes de Concreto - Estucamento,18.94,sem_desoneracao,2026-06-12,928df42a952625eb12d41baf2b5ab17e1207af6e7881cb9f1c7fcac4708400e3,SINAPI_Referência_2026_05.xlsx!CSD!S7994,5c499ac453c9a371bb1d98a1bff6bd893194effc194ea2ac1b2876286f837a20,cpu_hierarquica_v1,0.0,revestimentos_forros,Revestimentos e forros,revestimentos_forros,ok,,18.94,0.0,SINAPI_Referência_2026_05.xlsx!Analítico!B48995
sinapi_es,2026-05,105827,"ESTUCAMENTO DE DENSIDADE ALTA DE PANOS DE FACHADA DO SISTEMA DE PAREDES DE CONCRETO EM UNIDADES HABITACIONAIS DE DOIS PAVIMENTOS (SOBRADO), ACESSO COM ANDAIME FACHADEIRO, UTILIZAÇÃO DE ARGAMASSA TRAÇO 1:0,5:4,5 (CIM:CAL:AREIA). AF_12/2024",M2,Paredes de Concreto - Estucamento,12.98,sem_desoneracao,2026-06-12,928df42a952625eb12d41baf2b5ab17e1207af6e7881cb9f1c7fcac4708400e3,SINAPI_Referência_2026_05.xlsx!CSD!S7995,e1d7098dacd3c1cf204323a7e9e2e0a9d5c8c99f002cdfc2b76c9dcc1d10e2b5,cpu_hierarquica_v1,0.0,revestimentos_forros,Revestimentos e forros,revestimentos_forros,ok,,12.98,0.0,SINAPI_Referência_2026_05.xlsx!Analítico!B48999
sinapi_es,2026-05,105828,"ESTUCAMENTO DE DENSIDADE ALTA DE PANOS DE FACHADA DO SISTEMA DE PAREDES DE CONCRETO EM UNIDADES HABITACIONAIS DE PAVIMENTO ÚNICO, UTILIZAÇÃO DE ARGAMASSA POLIMÉRICA. AF_12/2024",M2,Paredes de Concreto - Estucamento,12.19,sem_desoneracao,2026-06-12,928df42a952625eb12d41baf2b5ab17e1207af6e7881cb9f1c7fcac4708400e3,SINAPI_Referência_2026_05.xlsx!CSD!S7997,fbf4d11b26e552c857e290555883662f6385c62d45c6e8b8ec510f619c5f469c,cpu_hierarquica_v1,0.0,revestimentos_forros,Revestimentos e forros,revestimentos_forros,ok,,12.19,0.0,SINAPI_Referência_2026_05.xlsx!Analítico!B49007
sinapi_es,2026-05,105829,"ESTUCAMENTO DE DENSIDADE ALTA DE PANOS DE FACHADA DO SISTEMA DE PAREDES DE CONCRETO EM UNIDADES HABITACIONAIS DE PAVIMENTO ÚNICO, UTILIZAÇÃO DE ARGAMASSA TRAÇO 1:0,5:4,5 (CIM:CAL:AREIA). AF_12/2024",M2,Paredes de Concreto - Estucamento,6.23,sem_desoneracao,2026-06-12,928df42a952625eb12d41baf2b5ab17e1207af6e7881cb9f1c7fcac4708400e3,SINAPI_Referência_2026_05.xlsx!CSD!S7998,5070058dd13db979de7f330b22f3436e235806d71d3012f593ddb3833d8d63fe,cpu_hierarquica_v1,0.0,revestimentos_forros,Revestimentos e forros,revestimentos_forros,ok,,6.23,0.0,SINAPI_Referência_2026_05.xlsx!Analítico!B49011
sinapi_es,2026-05,106788,"PISO CIMENTADO, TRAÇO 1:3 (CIMENTO E AREIA), ACABAMENTO LISO, ESPESSURA 1,5 CM, PREPARO MECÂNICO DA ARGAMASSA. AF_02/2026",M2,Pisos,34.17,sem_desoneracao,2026-06-12,928df42a952625eb12d41baf2b5ab17e1207af6e7881cb9f1c7fcac4708400e3,SINAPI_Referência_2026_05.xlsx!CSD!S8420,5d6b24ed1e4687fb576b61ec5e4053c006a47763a9fed4eeb795e90654acdcf1,cpu_hierarquica_v1,0.0407,pisos,Pisos e acabamentos de borda,pisos,ok,,34.17,0.0,SINAPI_Referência_2026_05.xlsx!Analítico!B52718
sinapi_es,2026-05,106789,"PISO CIMENTADO, TRAÇO 1:3 (CIMENTO E AREIA), ACABAMENTO RUGOSO, ESPESSURA 1,5 CM, PREPARO MECÂNICO DA ARGAMASSA. AF_02/2026",M2,Pisos,31.88,sem_desoneracao,2026-06-12,928df42a952625eb12d41baf2b5ab17e1207af6e7881cb9f1c7fcac4708400e3,SINAPI_Referência_2026_05.xlsx!CSD!S8421,84ed323d43455fe2692457eded5007886a7f2c769eac39491a753d26830e6691,cpu_hierarquica_v1,0.0436,pisos,Pisos e acabamentos de borda,pisos,ok,,31.88,0.0,SINAPI_Referência_2026_05.xlsx!Analítico!B52723
sinapi_es,2026-05,106790,"PISO VINÍLICO SEMI-FLEXÍVEL EM RÉGUAS, PADRÃO LISO, ESPESSURA 4,0 MM, FIXADO COM COLA. AF_02/2026",M2,Pisos,191.66,sem_desoneracao,2026-06-12,928df42a952625eb12d41baf2b5ab17e1207af6e7881cb9f1c7fcac4708400e3,SINAPI_Referência_2026_05.xlsx!CSD!S8458,2efbd8926a4e8308f593ec45b6ee408af325caeb93b6a262d540e3d75e489793,cpu_hierarquica_v1,0.0,pisos,Pisos e acabamentos de borda,pisos,ok,,191.66,0.0,SINAPI_Referência_2026_05.xlsx!Analítico!B52937
sinapi_es,2026-05,106791,REVESTIMENTO DE DEGRAUS DE ESCADA EM GRANITO. AF_02/2026,M2,Pisos,256.45,sem_desoneracao,2026-06-12,928df42a952625eb12d41baf2b5ab17e1207af6e7881cb9f1c7fcac4708400e3,SINAPI_Referência_2026_05.xlsx!CSD!S8461,f444de33814524852751230fd091a0f1a3fe943a4a55800e77b34732c67afe08,cpu_hierarquica_v1,0.0,pisos,Pisos e acabamentos de borda,pisos,ok,,256.45,0.0,SINAPI_Referência_2026_05.xlsx!Analítico!B52952
sinapi_es,2026-05,106792,PREPARO DE CONTRAPISO COM MEMBRANA CIMENTÍCIA. AF_02/2026,M2,Pisos,4.79,sem_desoneracao,2026-06-12,928df42a952625eb12d41baf2b5ab17e1207af6e7881cb9f1c7fcac4708400e3,SINAPI_Referência_2026_05.xlsx!CSD!S8459,4d0314bb0f3469ae19273e6b0f69b53db6be9c0710f14c09ae8eab9a72405dfd,cpu_hierarquica_v1,0.0,pisos,Pisos e acabamentos de borda,pisos,ok,,4.79,0.0,SINAPI_Referência_2026_05.xlsx!Analítico!B52942
sinapi_es,2026-05,87244,"REVESTIMENTO CERÂMICO PARA PAREDES EXTERNAS EM PASTILHAS DE PORCELANA 5 X 5 CM (PLACAS DE 30 X 30 CM), ALINHADAS A PRUMO. AF_02/2023",M2,Revestimentos Cerâmicos Externos,257.38,sem_desoneracao,2026-06-12,928df42a952625eb12d41baf2b5ab17e1207af6e7881cb9f1c7fcac4708400e3,SINAPI_Referência_2026_05.xlsx!CSD!S9312,6e734163e279c315d263f4f4aa7a255b543fa87b8e64586a7608a7f53cbc1d85,cpu_hierarquica_v1,0.0,revestimentos_forros,Revestimentos e forros,revestimentos_forros,ok,,257.38,0.0,SINAPI_Referência_2026_05.xlsx!Analítico!B59593
sinapi_es,2026-05,87245,"REVESTIMENTO CERÂMICO PARA PAREDES EXTERNAS EM PASTILHAS DE PORCELANA 5 X 5 CM (PLACAS DE 30 X 30 CM), ALINHADAS A PRUMO, APLICADO EM SUPERFÍCIES INTERNAS DE SACADA. AF_02/2023",M2,Revestimentos Cerâmicos Externos,307.78,sem_desoneracao,2026-06-12,928df42a952625eb12d41baf2b5ab17e1207af6e7881cb9f1c7fcac4708400e3,SINAPI_Referência_2026_05.xlsx!CSD!S9311,edb3e39fae696649a7c9a46221ab38d65fe9ee6689c6c51d7efaef4268d4e675,cpu_hierarquica_v1,0.0,revestimentos_forros,Revestimentos e forros,revestimentos_forros,ok,,307.78,0.0,SINAPI_Referência_2026_05.xlsx!Analítico!B59588
sinapi_es,2026-05,87246,REVESTIMENTO CERÂMICO PARA PISO COM PLACAS TIPO ESMALTADA DE DIMENSÕES 35X35 CM APLICADA EM AMBIENTES DE ÁREA MENOR QUE 5 M2. AF_02/2023_PE,M2,Revestimentos Cerâmicos Internos,67.55,sem_desoneracao,2026-06-12,928df42a952625eb12d41baf2b5ab17e1207af6e7881cb9f1c7fcac4708400e3,SINAPI_Referência_2026_05.xlsx!CSD!S9333,1569f7b49b709b53c21ee6b7e5a624fb401f0e62c122d585b97ea67e1f3d0e80,cpu_hierarquica_v1,0.0,revestimentos_forros,Revestimentos e forros,revestimentos_forros,ok,,67.55,0.0,SINAPI_Referência_2026_05.xlsx!Analítico!B59718
sinapi_es,2026-05,87247,REVESTIMENTO CERÂMICO PARA PISO COM PLACAS TIPO ESMALTADA DE DIMENSÕES 35X35 CM APLICADA EM AMBIENTES DE ÁREA ENTRE 5 M2 E 10 M2. AF_02/2023_PE,M2,Revestimentos Cerâmicos Internos,58.75,sem_desoneracao,2026-06-12,928df42a952625eb12d41baf2b5ab17e1207af6e7881cb9f1c7fcac4708400e3,SINAPI_Referência_2026_05.xlsx!CSD!S9331,aa660b4344bfc2748b7ffb48c2e823fd0681ae0ea156816f5ad20b4c480fec48,cpu_hierarquica_v1,0.0,revestimentos_forros,Revestimentos e forros,revestimentos_forros,ok,,58.75,0.0,SINAPI_Referência_2026_05.xlsx!Analítico!B59706
sinapi_es,2026-05,87248,REVESTIMENTO CERÂMICO PARA PISO COM PLACAS TIPO ESMALTADA DE DIMENSÕES 35X35 CM APLICADA EM AMBIENTES DE ÁREA MAIOR QUE 10 M2. AF_02/2023_PE,M2,Revestimentos Cerâmicos Internos,49.29,sem_desoneracao,2026-06-12,928df42a952625eb12d41baf2b5ab17e1207af6e7881cb9f1c7fcac4708400e3,SINAPI_Referência_2026_05.xlsx!CSD!S9332,bd8abf7bfa45fc07a2eb67f7cfc73c943af2509c706ab02b83fe59d35ce4662e,cpu_hierarquica_v1,0.0,revestimentos_forros,Revestimentos e forros,revestimentos_forros,ok,,49.29,0.0,SINAPI_Referência_2026_05.xlsx!Analítico!B59712
sinapi_es,2026-05,87249,REVESTIMENTO CERÂMICO PARA PISO COM PLACAS TIPO ESMALTADA DE DIMENSÕES 45X45 CM APLICADA EM AMBIENTES DE ÁREA MENOR QUE 5 M2. AF_02/2023_PE,M2,Revestimentos Cerâmicos Internos,73.31,sem_desoneracao,2026-06-12,928df42a952625eb12d41baf2b5ab17e1207af6e7881cb9f1c7fcac4708400e3,SINAPI_Referência_2026_05.xlsx!CSD!S9339,bae48916357cc84d6e5b0e3f70815d8c0649b274755421fbcc16539d0f306d5d,cpu_hierarquica_v1,0.0,revestimentos_forros,Revestimentos e forros,revestimentos_forros,ok,,73.31,0.0,SINAPI_Referência_2026_05.xlsx!Analítico!B59754
sinapi_es,2026-05,87250,REVESTIMENTO CERÂMICO PARA PISO COM PLACAS TIPO ESMALTADA DE DIMENSÕES 45X45 CM APLICADA EM AMBIENTES DE ÁREA ENTRE 5 M2 E 10 M2. AF_02/2023_PE,M2,Revestimentos Cerâmicos Internos,60.4,sem_desoneracao,2026-06-12,928df42a952625eb12d41baf2b5ab17e1207af6e7881cb9f1c7fcac4708400e3,SINAPI_Referência_2026_05.xlsx!CSD!S9337,f97c5f6f6bac6f284b6384a603d1fe62c47ab72237cd78784faf29e16771b1cb,cpu_hierarquica_v1,0.0,revestimentos_forros,Revestimentos e forros,revestimentos_forros,ok,,60.4,0.0,SINAPI_Referência_2026_05.xlsx!Analítico!B59742
sinapi_es,2026-05,87251,REVESTIMENTO CERÂMICO PARA PISO COM PLACAS TIPO ESMALTADA DE DIMENSÕES 45X45 CM APLICADA EM AMBIENTES DE ÁREA MAIOR QUE 10 M2. AF_02/2023_PE,M2,Revestimentos Cerâmicos Internos,49.64,sem_desoneracao,2026-06-12,928df42a952625eb12d41baf2b5ab17e1207af6e7881cb9f1c7fcac4708400e3,SINAPI_Referência_2026_05.xlsx!CSD!S9338,930e86c10e767cb0656594a41370ee84a443c28998ae9e2b4f9b5a82fc839f68,cpu_hierarquica_v1,0.0,revestimentos_forros,Revestimentos e forros,revestimentos_forros,ok,,49.64,0.0,SINAPI_Referência_2026_05.xlsx!Analítico!B59748
sinapi_es,2026-05,87255,REVESTIMENTO CERÂMICO PARA PISO COM PLACAS TIPO ESMALTADA DE DIMENSÕES 60X60 CM APLICADA EM AMBIENTES DE ÁREA MENOR QUE 5 M2. AF_02/2023_PE,M2,Revestimentos Cerâmicos Internos,84.47,sem_desoneracao,2026-06-12,928df42a952625eb12d41baf2b5ab17e1207af6e7881cb9f1c7fcac4708400e3,SINAPI_Referência_2026_05.xlsx!CSD!S9345,ea3f2833df20120905dafc5520f64f1ef0a9a65cad6a0d6f04e085fc73ccb1d6,cpu_hierarquica_v1,0.0,revestimentos_forros,Revestimentos e forros,revestimentos_forros,ok,,84.47,0.0,SINAPI_Referência_2026_05.xlsx!Analítico!B59790
sinapi_es,2026-05,87256,REVESTIMENTO CERÂMICO PARA PISO COM PLACAS TIPO ESMALTADA DE DIMENSÕES 60X60 CM APLICADA EM AMBIENTES DE ÁREA ENTRE 5 M2 E 10 M2. AF_02/2023_PE,M2,Revestimentos Cerâmicos Internos,70.43,sem_desoneracao,2026-06-12,928df42a952625eb12d41baf2b5ab17e1207af6e7881cb9f1c7fcac4708400e3,SINAPI_Referência_2026_05.xlsx!CSD!S9343,6f9fff345c88acc238a464de9d98675ad9cd8bc2c4b2d21dad34ba80fc16a7c9,cpu_hierarquica_v1,0.0,revestimentos_forros,Revestimentos e forros,revestimentos_forros,ok,,70.43,0.0,SINAPI_Referência_2026_05.xlsx!Analítico!B59778
sinapi_es,2026-05,87257,REVESTIMENTO CERÂMICO PARA PISO COM PLACAS TIPO ESMALTADA DE DIMENSÕES 60X60 CM APLICADA EM AMBIENTES DE ÁREA MAIOR QUE 10 M2. AF_02/2023_PE,M2,Revestimentos Cerâmicos Internos,58.47,sem_desoneracao,2026-06-12,928df42a952625eb12d41baf2b5ab17e1207af6e7881cb9f1c7fcac4708400e3,SINAPI_Referência_2026_05.xlsx!CSD!S9344,ccef67351f6a29b21d80cddac9a64e63d45c88d5600f7bbfdff7912c8c0380ad,cpu_hierarquica_v1,0.0,revestimentos_forros,Revestimentos e forros,revestimentos_forros,ok,,58.47,0.0,SINAPI_Referência_2026_05.xlsx!Analítico!B59784
sinapi_es,2026-05,87261,REVESTIMENTO CERÂMICO PARA PISO COM PLACAS TIPO PORCELANATO DE DIMENSÕES 60X60 CM APLICADA EM AMBIENTES DE ÁREA MENOR QUE 5 M². AF_02/2023_PE,M2,Revestimentos Cerâmicos Internos,132.94,sem_desoneracao,2026-06-12,928df42a952625eb12d41baf2b5ab17e1207af6e7881cb9f1c7fcac4708400e3,SINAPI_Referência_2026_05.xlsx!CSD!S9351,6a713995cc08e479bf6770caf76417c5b5ca3e8c0b38b6576829012f810366cb,cpu_hierarquica_v1,0.0,revestimentos_forros,Revestimentos e forros,revestimentos_forros,ok,,132.94,0.0,SINAPI_Referência_2026_05.xlsx!Analítico!B59826
sinapi_es,2026-05,87262,REVESTIMENTO CERÂMICO PARA PISO COM PLACAS TIPO PORCELANATO DE DIMENSÕES 60X60 CM APLICADA EM AMBIENTES DE ÁREA ENTRE 5 M² E 10 M². AF_02/2023_PE,M2,Revestimentos Cerâmicos Internos,117.87,sem_desoneracao,2026-06-12,928df42a952625eb12d41baf2b5ab17e1207af6e7881cb9f1c7fcac4708400e3,SINAPI_Referência_2026_05.xlsx!CSD!S9349,531346d3c6db3c97883c15760cd1fc19b1d438d30b0ac7095cb613f424f9281e,cpu_hierarquica_v1,0.0,revestimentos_forros,Revestimentos e forros,revestimentos_forros,ok,,117.87,0.0,SINAPI_Referência_2026_05.xlsx!Analítico!B59814
sinapi_es,2026-05,87263,REVESTIMENTO CERÂMICO PARA PISO COM PLACAS TIPO PORCELANATO DE DIMENSÕES 60X60 CM APLICADA EM AMBIENTES DE ÁREA MAIOR QUE 10 M². AF_02/2023_PE,M2,Revestimentos Cerâmicos Internos,105.51,sem_desoneracao,2026-06-12,928df42a952625eb12d41baf2b5ab17e1207af6e7881cb9f1c7fcac4708400e3,SINAPI_Referência_2026_05.xlsx!CSD!S9350,a4d3308be07f77ad85eeb39c6a4b43e6880acac1f37130d8aa072aed263f3d61,cpu_hierarquica_v1,0.0,revestimentos_forros,Revestimentos e forros,revestimentos_forros,ok,,105.51,0.0,SINAPI_Referência_2026_05.xlsx!Analítico!B59820
sinapi_es,2026-05,87265,REVESTIMENTO CERÂMICO PARA PAREDES INTERNAS COM PLACAS TIPO ESMALTADA DE DIMENSÕES 20X20 CM APLICADAS NA ALTURA INTEIRA DAS PAREDES. AF_02/2023_PE,M2,Revestimentos Cerâmicos Internos,59.53,sem_desoneracao,2026-06-12,928df42a952625eb12d41baf2b5ab17e1207af6e7881cb9f1c7fcac4708400e3,SINAPI_Referência_2026_05.xlsx!CSD!S9320,929d5bdbe6ae3190c8ed27954c2d3ca0395228971d407df0875b706175c35328,cpu_hierarquica_v1,0.0,revestimentos_forros,Revestimentos e forros,revestimentos_forros,ok,,59.53,0.0,SINAPI_Referência_2026_05.xlsx!Analítico!B59640
sinapi_es,2026-05,87267,REVESTIMENTO CERÂMICO PARA PAREDES INTERNAS COM PLACAS TIPO ESMALTADA DE DIMENSÕES 20X20 CM APLICADAS A MEIA ALTURA DAS PAREDES. AF_02/2023_PE,M2,Revestimentos Cerâmicos Internos,66.11,sem_desoneracao,2026-06-12,928df42a952625eb12d41baf2b5ab17e1207af6e7881cb9f1c7fcac4708400e3,SINAPI_Referência_2026_05.xlsx!CSD!S9317,199cf28c309a0cfb9f5e7f01a7bf41152c715af6451835097d46433c74ce99de,cpu_hierarquica_v1,0.0,revestimentos_forros,Revestimentos e forros,revestimentos_forros,ok,,66.11,0.0,SINAPI_Referência_2026_05.xlsx!Analítico!B59622
sinapi_es,2026-05,87269,REVESTIMENTO CERÂMICO PARA PAREDES INTERNAS COM PLACAS TIPO ESMALTADA DE DIMENSÕES 25X35 CM APLICADAS NA ALTURA INTEIRA DAS PAREDES. AF_02/2023_PE,M2,Revestimentos Cerâmicos Internos,64.48,sem_desoneracao,2026-06-12,928df42a952625eb12d41baf2b5ab17e1207af6e7881cb9f1c7fcac4708400e3,SINAPI_Referência_2026_05.xlsx!CSD!S9322,d69ebc2b94a81310a8245b1a6c52e04eb7d67acf214dab4efd8fed816525b022,cpu_hierarquica_v1,0.0,revestimentos_forros,Revestimentos e forros,revestimentos_forros,ok,,64.48,0.0,SINAPI_Referência_2026_05.xlsx!Analítico!B59652
sinapi_es,2026-05,87271,REVESTIMENTO CERÂMICO PARA PAREDES INTERNAS COM PLACAS TIPO ESMALTADA DE DIMENSÕES 25X35 CM APLICADAS A MEIA ALTURA DAS PAREDES. AF_02/2023_PE,M2,Revestimentos Cerâmicos Internos,71.14,sem_desoneracao,2026-06-12,928df42a952625eb12d41baf2b5ab17e1207af6e7881cb9f1c7fcac4708400e3,SINAPI_Referência_2026_05.xlsx!CSD!S9321,0f51b5d9a1549fab376a76945b855cb03e140bb466a9d88754499a85700e9587,cpu_hierarquica_v1,0.0,revestimentos_forros,Revestimentos e forros,revestimentos_forros,ok,,71.14,0.0,SINAPI_Referência_2026_05.xlsx!Analítico!B59646
sinapi_es,2026-05,87273,REVESTIMENTO CERÂMICO PARA PAREDES INTERNAS COM PLACAS TIPO ESMALTADA DE DIMENSÕES 33X45 CM APLICADAS NA ALTURA INTEIRA DAS PAREDES. AF_02/2023_PE,M2,Revestimentos Cerâmicos Internos,67.92,sem_desoneracao,2026-06-12,928df42a952625eb12d41baf2b5ab17e1207af6e7881cb9f1c7fcac4708400e3,SINAPI_Referência_2026_05.xlsx!CSD!S9324,07e1e08be6f7c523171825855e591f8db890831ff8ca142f3fb2936ee3492521,cpu_hierarquica_v1,0.0,revestimentos_forros,Revestimentos e forros,revestimentos_forros,ok,,67.92,0.0,SINAPI_Referência_2026_05.xlsx!Analítico!B59664
sinapi_es,2026-05,87275,REVESTIMENTO CERÂMICO PARA PAREDES INTERNAS COM PLACAS TIPO ESMALTADA DE DIMENSÕES 33X45 CM APLICADAS A MEIA ALTURA DAS PAREDES. AF_02/2023_PE,M2,Revestimentos Cerâmicos Internos,76.71,sem_desoneracao,2026-06-12,928df42a952625eb12d41baf2b5ab17e1207af6e7881cb9f1c7fcac4708400e3,SINAPI_Referência_2026_05.xlsx!CSD!S9323,2cbcfd6a9dddfd52bb676682413678e5df105e0a0fdda292703a5403cf72bda0,cpu_hierarquica_v1,0.0,revestimentos_forros,Revestimentos e forros,revestimentos_forros,ok,,76.71,0.0,SINAPI_Referência_2026_05.xlsx!Analítico!B59658
sinapi_es,2026-05,87411,"APLICAÇÃO MANUAL DE GESSO DESEMPENADO (SEM TALISCAS) EM TETO DE AMBIENTES DE ÁREA MAIOR QUE 10M², ESPESSURA DE 0,5CM. AF_03/2023",M2,Gesso,17.17,sem_desoneracao,2026-06-12,928df42a952625eb12d41baf2b5ab17e1207af6e7881cb9f1c7fcac4708400e3,SINAPI_Referência_2026_05.xlsx!CSD!S4477,895e2e75885b6e0bac9a47bc973885200bdf5620673b3c2bcc0266d120945436,cpu_hierarquica_v1,0.0,revestimentos_forros,Revestimentos e forros,revestimentos_forros,ok,,17.17,0.0,SINAPI_Referência_2026_05.xlsx!Analítico!B28365
sinapi_es,2026-05,87412,"APLICAÇÃO MANUAL DE GESSO DESEMPENADO (SEM TALISCAS) EM TETO DE AMBIENTES DE ÁREA ENTRE 5M² E 10M², ESPESSURA DE 0,5CM. AF_03/2023",M2,Gesso,26.37,sem_desoneracao,2026-06-12,928df42a952625eb12d41baf2b5ab17e1207af6e7881cb9f1c7fcac4708400e3,SINAPI_Referência_2026_05.xlsx!CSD!S4475,4f9da8f51bb2d01f2021a148fb173bc573e3c9e63cb7dbc99ec9d5c224aa3318,cpu_hierarquica_v1,0.0,revestimentos_forros,Revestimentos e forros,revestimentos_forros,ok,,26.37,0.0,SINAPI_Referência_2026_05.xlsx!Analítico!B28357
sinapi_es,2026-05,87413,"APLICAÇÃO MANUAL DE GESSO DESEMPENADO (SEM TALISCAS) EM TETO DE AMBIENTES DE ÁREA MENOR QUE 5M², ESPESSURA DE 0,5CM. AF_03/2023",M2,Gesso,31.65,sem_desoneracao,2026-06-12,928df42a952625eb12d41baf2b5ab17e1207af6e7881cb9f1c7fcac4708400e3,SINAPI_Referência_2026_05.xlsx!CSD!S4479,9138396ec0360a3dda2b2c4b2f68e60ff276ee431d5def7e6a685f62ccfc9bcd,cpu_hierarquica_v1,0.0,revestimentos_forros,Revestimentos e forros,revestimentos_forros,ok,,31.65,0.0,SINAPI_Referência_2026_05.xlsx!Analítico!B28373
sinapi_es,2026-05,87414,"APLICAÇÃO MANUAL DE GESSO DESEMPENADO (SEM TALISCAS) EM TETO DE AMBIENTES DE ÁREA MAIOR QUE 10M², ESPESSURA DE 1,0CM. AF_03/2023",M2,Gesso,27.1,sem_desoneracao,2026-06-12,928df42a952625eb12d41baf2b5ab17e1207af6e7881cb9f1c7fcac4708400e3,SINAPI_Referência_2026_05.xlsx!CSD!S4478,57ffa81aed8e7f9cf8742a3a00a0187e6d946c057ba997ca1df8f2a28245a624,cpu_hierarquica_v1,0.0,revestimentos_forros,Revestimentos e forros,revestimentos_forros,ok,,27.1,0.0,SINAPI_Referência_2026_05.xlsx!Analítico!B28369
sinapi_es,2026-05,87415,"APLICAÇÃO MANUAL DE GESSO DESEMPENADO (SEM TALISCAS) EM TETO DE AMBIENTES DE ÁREA ENTRE 5M² E 10M², ESPESSURA DE 1,0CM. AF_03/2023",M2,Gesso,36.3,sem_desoneracao,2026-06-12,928df42a952625eb12d41baf2b5ab17e1207af6e7881cb9f1c7fcac4708400e3,SINAPI_Referência_2026_05.xlsx!CSD!S4476,833e3ae9216a5f006c8494f5db4c8ed7e7cde4d187458ce042d41adc95ed4e8d,cpu_hierarquica_v1,0.0,revestimentos_forros,Revestimentos e forros,revestimentos_forros,ok,,36.3,0.0,SINAPI_Referência_2026_05.xlsx!Analítico!B28361
sinapi_es,2026-05,87416,"APLICAÇÃO MANUAL DE GESSO DESEMPENADO (SEM TALISCAS) EM TETO DE AMBIENTES DE ÁREA MENOR QUE 5M², ESPESSURA DE 1,0CM. AF_03/2023",M2,Gesso,41.59,sem_desoneracao,2026-06-12,928df42a952625eb12d41baf2b5ab17e1207af6e7881cb9f1c7fcac4708400e3,SINAPI_Referência_2026_05.xlsx!CSD!S4480,c16ed675462eb9d48969e1adb39eda1d6a89db5d38ba03a64a17d95187314a0b,cpu_hierarquica_v1,0.0,revestimentos_forros,Revestimentos e forros,revestimentos_forros,ok,,41.59,0.0,SINAPI_Referência_2026_05.xlsx!Analítico!B28377
sinapi_es,2026-05,87418,"APLICAÇÃO MANUAL DE GESSO DESEMPENADO (SEM TALISCAS) EM PAREDES, ESPESSURA DE 0,5CM. AF_03/2023",M2,Gesso,20.09,sem_desoneracao,2026-06-12,928df42a952625eb12d41baf2b5ab17e1207af6e7881cb9f1c7fcac4708400e3,SINAPI_Referência_2026_05.xlsx!CSD!S4467,c488f1a2b85cb259607400c0dda23728c06d52c7c7d7b1e7bf30a33654e855c7,cpu_hierarquica_v1,0.0,revestimentos_forros,Revestimentos e forros,revestimentos_forros,ok,,20.09,0.0,SINAPI_Referência_2026_05.xlsx!Analítico!B28325
sinapi_es,2026-05,87421,"APLICAÇÃO MANUAL DE GESSO DESEMPENADO (SEM TALISCAS) EM PAREDES, ESPESSURA DE 1,0CM. AF_03/2023",M2,Gesso,30.44,sem_desoneracao,2026-06-12,928df42a952625eb12d41baf2b5ab17e1207af6e7881cb9f1c7fcac4708400e3,SINAPI_Referência_2026_05.xlsx!CSD!S4468,655f20dcd40d11aa0306a2859ca42d4ce538e8c625f39224ea571d125d3d1a43,cpu_hierarquica_v1,0.0,revestimentos_forros,Revestimentos e forros,revestimentos_forros,ok,,30.44,0.0,SINAPI_Referência_2026_05.xlsx!Analítico!B28329
sinapi_es,2026-05,87424,"APLICAÇÃO MANUAL DE GESSO SARRAFEADO (COM TALISCAS) EM PAREDES, ESPESSURA DE 1,0CM. AF_03/2023",M2,Gesso,40.72,sem_desoneracao,2026-06-12,928df42a952625eb12d41baf2b5ab17e1207af6e7881cb9f1c7fcac4708400e3,SINAPI_Referência_2026_05.xlsx!CSD!S4483,fdd76ca3aa06ddca9f433deb264e0ce724f72ff903e6ed64879416245b7adc21,cpu_hierarquica_v1,0.0,revestimentos_forros,Revestimentos e forros,revestimentos_forros,ok,,40.72,0.0,SINAPI_Referência_2026_05.xlsx!Analítico!B28389
sinapi_es,2026-05,87427,"APLICAÇÃO MANUAL DE GESSO SARRAFEADO (COM TALISCAS) EM PAREDES, ESPESSURA DE 1,5CM. AF_03/2023",M2,Gesso,47.92,sem_desoneracao,2026-06-12,928df42a952625eb12d41baf2b5ab17e1207af6e7881cb9f1c7fcac4708400e3,SINAPI_Referência_2026_05.xlsx!CSD!S4484,831a22f0c542138aff6a528c23cb892f181512c12457df00a458b32de7ced968,cpu_hierarquica_v1,0.0,revestimentos_forros,Revestimentos e forros,revestimentos_forros,ok,,47.92,0.0,SINAPI_Referência_2026_05.xlsx!Analítico!B28393
sinapi_es,2026-05,87430,"APLICAÇÃO DE GESSO PROJETADO COM EQUIPAMENTO DE PROJEÇÃO EM PAREDES, DESEMPENADO (SEM TALISCAS), ESPESSURA DE 0,5CM. AF_03/2023",M2,Gesso,20.66,sem_desoneracao,2026-06-12,928df42a952625eb12d41baf2b5ab17e1207af6e7881cb9f1c7fcac4708400e3,SINAPI_Referência_2026_05.xlsx!CSD!S4461,e2b73e1ae0b5239d02075e370b725ea4f826d3366c81c4b1e7b5b51fa046736f,cpu_hierarquica_v1,0.0,revestimentos_forros,Revestimentos e forros,revestimentos_forros,ok,,20.66,0.0,SINAPI_Referência_2026_05.xlsx!Analítico!B28301
sinapi_es,2026-05,87433,"APLICAÇÃO DE GESSO PROJETADO COM EQUIPAMENTO DE PROJEÇÃO EM PAREDES, DESEMPENADO (SEM TALISCAS), ESPESSURA DE 1,0CM. AF_03/2023",M2,Gesso,29.75,sem_desoneracao,2026-06-12,928df42a952625eb12d41baf2b5ab17e1207af6e7881cb9f1c7fcac4708400e3,SINAPI_Referência_2026_05.xlsx!CSD!S4462,6b6c08fe46d9a03996a848a0ccd70c9effb63e9e5ff904b90b5748a8b69d509c,cpu_hierarquica_v1,0.0,revestimentos_forros,Revestimentos e forros,revestimentos_forros,ok,,29.75,0.0,SINAPI_Referência_2026_05.xlsx!Analítico!B28305
sinapi_es,2026-05,87436,"APLICAÇÃO DE GESSO PROJETADO COM EQUIPAMENTO DE PROJEÇÃO EM PAREDES, SARRAFEADO (COM TALISCAS), ESPESSURA DE 1,0CM. AF_03/2023",M2,Gesso,33.93,sem_desoneracao,2026-06-12,928df42a952625eb12d41baf2b5ab17e1207af6e7881cb9f1c7fcac4708400e3,SINAPI_Referência_2026_05.xlsx!CSD!S4463,ed515730673b667639f289651b4d4a8d50a12ee6229f82b549d769801d6dcc55,cpu_hierarquica_v1,0.0,revestimentos_forros,Revestimentos e forros,revestimentos_forros,ok,,33.93,0.0,SINAPI_Referência_2026_05.xlsx!Analítico!B28309
sinapi_es,2026-05,87439,"APLICAÇÃO DE GESSO PROJETADO COM EQUIPAMENTO DE PROJEÇÃO EM PAREDES, SARRAFEADO (COM TALISCAS), ESPESSURA DE 1,5CM. AF_03/2023",M2,Gesso,41.51,sem_desoneracao,2026-06-12,928df42a952625eb12d41baf2b5ab17e1207af6e7881cb9f1c7fcac4708400e3,SINAPI_Referência_2026_05.xlsx!CSD!S4464,747b8cf6105d03f84f658b5575b2077716e58b1d970d0128ae4fd670b8260a7e,cpu_hierarquica_v1,0.0,revestimentos_forros,Revestimentos e forros,revestimentos_forros,ok,,41.51,0.0,SINAPI_Referência_2026_05.xlsx!Analítico!B28313
sinapi_es,2026-05,87527,"EMBOÇO, EM ARGAMASSA TRAÇO 1:2:8, PREPARO MECÂNICO, APLICADO MANUALMENTE EM PAREDES INTERNAS DE AMBIENTES COM ÁREA MENOR QUE 5M², E =17,5MM, COM TALISCAS. AF_03/2024",M2,Massa Única Interna,48.18,sem_desoneracao,2026-06-12,928df42a952625eb12d41baf2b5ab17e1207af6e7881cb9f1c7fcac4708400e3,SINAPI_Referência_2026_05.xlsx!CSD!S7771,cfcf94c6e41aaa655e08494755800291c86398b691dc3ebbb07238bb0214877a,cpu_hierarquica_v1,0.0,revestimentos_forros,Revestimentos e forros,revestimentos_forros,ok,,48.18,0.0,SINAPI_Referência_2026_05.xlsx!Analítico!B47898
sinapi_es,2026-05,87528,"EMBOÇO, EM ARGAMASSA TRAÇO 1:2:8, PREPARO MANUAL, APLICADO MANUALMENTE EM PAREDES INTERNAS DE AMBIENTES COM ÁREA MENOR QUE 5M², E = 17,5MM, COM TALISCAS. AF_03/2024",M2,Massa Única Interna,52.74,sem_desoneracao,2026-06-12,928df42a952625eb12d41baf2b5ab17e1207af6e7881cb9f1c7fcac4708400e3,SINAPI_Referência_2026_05.xlsx!CSD!S7759,f88acf28556017e3f8d90674b7f150b9c775ec892a5fa23531b5f3cfd7fa07c1,cpu_hierarquica_v1,0.0,revestimentos_forros,Revestimentos e forros,revestimentos_forros,ok,,52.74,0.0,SINAPI_Referência_2026_05.xlsx!Analítico!B47850
sinapi_es,2026-05,87529,"MASSA ÚNICA, EM ARGAMASSA TRAÇO 1:2:8, PREPARO MECÂNICO, APLICADA MANUALMENTE EM PAREDES INTERNAS DE AMBIENTES COM ÁREA ENTRE 5M² E 10M², E = 17,5MM, COM TALISCAS. AF_03/2024",M2,Massa Única Interna,44.17,sem_desoneracao,2026-06-12,928df42a952625eb12d41baf2b5ab17e1207af6e7881cb9f1c7fcac4708400e3,SINAPI_Referência_2026_05.xlsx!CSD!S7791,51058c9ca9bb446efbc9f66f4bc067f600037378923eb292b2a7b4e9663cd536,cpu_hierarquica_v1,0.0,revestimentos_forros,Revestimentos e forros,revestimentos_forros,ok,,44.17,0.0,SINAPI_Referência_2026_05.xlsx!Analítico!B47978
sinapi_es,2026-05,87530,"MASSA ÚNICA, EM ARGAMASSA TRAÇO 1:2:8, PREPARO MANUAL, APLICADA MANUALMENTE EM PAREDES INTERNAS DE AMBIENTES COM ÁREA ENTRE 5M² E 10M², E = 17,5MM, COM TALISCAS. AF_03/2024",M2,Massa Única Interna,48.73,sem_desoneracao,2026-06-12,928df42a952625eb12d41baf2b5ab17e1207af6e7881cb9f1c7fcac4708400e3,SINAPI_Referência_2026_05.xlsx!CSD!S7784,f4653747204ddb6ef1216b0a73411cd6b705dbd715316a1ac1b4899187e18c3a,cpu_hierarquica_v1,0.0,revestimentos_forros,Revestimentos e forros,revestimentos_forros,ok,,48.73,0.0,SINAPI_Referência_2026_05.xlsx!Analítico!B47950
sinapi_es,2026-05,87531,"EMBOÇO, EM ARGAMASSA TRAÇO 1:2:8, PREPARO MECÂNICO, APLICADO MANUALMENTE EM PAREDES INTERNAS DE AMBIENTES COM ÁREA ENTRE 5M² E 10M², E = 17,5MM, COM TALISCAS. AF_03/2024",M2,Massa Única Interna,42.53,sem_desoneracao,2026-06-12,928df42a952625eb12d41baf2b5ab17e1207af6e7881cb9f1c7fcac4708400e3,SINAPI_Referência_2026_05.xlsx!CSD!S7768,5cf5fa1559c5af2484dd3cb269a2fe37b88dd82497d46379a6484ec234b7994d,cpu_hierarquica_v1,0.0,revestimentos_forros,Revestimentos e forros,revestimentos_forros,ok,,42.53,0.0,SINAPI_Referência_2026_05.xlsx!Analítico!B47886
sinapi_es,2026-05,87532,"EMBOÇO, EM ARGAMASSA TRAÇO 1:2:8, PREPARO MANUAL, APLICADO MANUALMENTE EM PAREDES INTERNAS DE AMBIENTES COM ÁREA ENTRE 5M² E 10M², E = 17,5MM, COM TALISCAS. AF_03/2024",M2,Massa Única Interna,47.09,sem_desoneracao,2026-06-12,928df42a952625eb12d41baf2b5ab17e1207af6e7881cb9f1c7fcac4708400e3,SINAPI_Referência_2026_05.xlsx!CSD!S7756,1f5a1403d55198188bf8e9b586b0c2a826c97d9aea6daf30bf5fd471c2ab5bd5,cpu_hierarquica_v1,0.0,revestimentos_forros,Revestimentos e forros,revestimentos_forros,ok,,47.09,0.0,SINAPI_Referência_2026_05.xlsx!Analítico!B47838
sinapi_es,2026-05,87535,"EMBOÇO, EM ARGAMASSA TRAÇO 1:2:8, PREPARO MECÂNICO, APLICADO MANUALMENTE EM PAREDES INTERNAS DE AMBIENTES COM ÁREA MAIOR QUE 10M², E = 17,5MM, COM TALISCAS. AF_03/2024",M2,Massa Única Interna,39.17,sem_desoneracao,2026-06-12,928df42a952625eb12d41baf2b5ab17e1207af6e7881cb9f1c7fcac4708400e3,SINAPI_Referência_2026_05.xlsx!CSD!S7770,75f046b4c2e38c391f87c73d77eace94a5198ed8b45b2f5c69c17839505744e9,cpu_hierarquica_v1,0.0,revestimentos_forros,Revestimentos e forros,revestimentos_forros,ok,,39.17,0.0,SINAPI_Referência_2026_05.xlsx!Analítico!B47894
sinapi_es,2026-05,87536,"EMBOÇO, EM ARGAMASSA TRAÇO 1:2:8, PREPARO MANUAL, APLICADO MANUALMENTE EM PAREDES INTERNAS DE AMBIENTES COM ÁREA MAIOR QUE 10M², E = 17,5MM, COM TALISCAS. AF_03/2024",M2,Massa Única Interna,43.73,sem_desoneracao,2026-06-12,928df42a952625eb12d41baf2b5ab17e1207af6e7881cb9f1c7fcac4708400e3,SINAPI_Referência_2026_05.xlsx!CSD!S7758,ff724283229ffc52ab4e6fdbc1e4f1508678f009a51ed267e81e48606679df26,cpu_hierarquica_v1,0.0,revestimentos_forros,Revestimentos e forros,revestimentos_forros,ok,,43.73,0.0,SINAPI_Referência_2026_05.xlsx!Analítico!B47846
sinapi_es,2026-05,87539,"EMBOÇO, EM ARGAMASSA INDUSTRIALIZADA, PREPARO MECÂNICO, APLICADO COM EQUIPAMENTO DE MISTURA E PROJEÇÃO DE ARGAMASSA EM PAREDES INTERNAS, E = 17,5MM, COM TALISCAS. AF_03/2024",M2,Massa Única Interna,65.72,sem_desoneracao,2026-06-12,928df42a952625eb12d41baf2b5ab17e1207af6e7881cb9f1c7fcac4708400e3,SINAPI_Referência_2026_05.xlsx!CSD!S7748,ae2597b0cae0eb31006635ea0148a395324a12271bf9211e4287578b8001abfe,cpu_hierarquica_v1,0.0,revestimentos_forros,Revestimentos e forros,revestimentos_forros,ok,,65.72,0.0,SINAPI_Referência_2026_05.xlsx!Analítico!B47806
sinapi_es,2026-05,87543,"MASSA ÚNICA, EM ARGAMASSA INDUSTRIALIZADA, PREPARO MECÂNICO, APLICADA COM EQUIPAMENTO DE MISTURA E PROJEÇÃO DE ARGAMASSA EM PAREDES INTERNAS, E = 5MM, SEM TALISCAS. AF_03/2024",M2,Massa Única Interna,25.82,sem_desoneracao,2026-06-12,928df42a952625eb12d41baf2b5ab17e1207af6e7881cb9f1c7fcac4708400e3,SINAPI_Referência_2026_05.xlsx!CSD!S7776,a2eec91ecdc9813de633089c60375d5b18d0867ea8458057b1fc8558f16f70f4,cpu_hierarquica_v1,0.0,revestimentos_forros,Revestimentos e forros,revestimentos_forros,ok,,25.82,0.0,SINAPI_Referência_2026_05.xlsx!Analítico!B47918
sinapi_es,2026-05,87545,"EMBOÇO, EM ARGAMASSA TRAÇO 1:2:8, PREPARO MECÂNICO, APLICADO MANUALMENTE EM PAREDES INTERNAS, PARA AMBIENTES COM ÁREA MENOR QUE 5M², E = 10MM, COM TALISCAS. AF_03/2024",M2,Massa Única Interna,36.13,sem_desoneracao,2026-06-12,928df42a952625eb12d41baf2b5ab17e1207af6e7881cb9f1c7fcac4708400e3,SINAPI_Referência_2026_05.xlsx!CSD!S7772,43f2faff6be5ffd8562628950c628adbffc8ce511884293370670b8a43ab6b43,cpu_hierarquica_v1,0.0,revestimentos_forros,Revestimentos e forros,revestimentos_forros,ok,,36.13,0.0,SINAPI_Referência_2026_05.xlsx!Analítico!B47902
sinapi_es,2026-05,87546,"EMBOÇO, EM ARGAMASSA TRAÇO 1:2:8, PREPARO MANUAL, APLICADO MANUALMENTE EM PAREDES INTERNAS, PARA AMBIENTES COM ÁREA MENOR QUE 5M², E = 10MM, COM TALISCAS. AF_03/2024",M2,Massa Única Interna,39.05,sem_desoneracao,2026-06-12,928df42a952625eb12d41baf2b5ab17e1207af6e7881cb9f1c7fcac4708400e3,SINAPI_Referência_2026_05.xlsx!CSD!S7760,003c713f4c98a1e5475e12419ba8aa4da9e509a15a18f49300e61564eac78da7,cpu_hierarquica_v1,0.0,revestimentos_forros,Revestimentos e forros,revestimentos_forros,ok,,39.05,0.0,SINAPI_Referência_2026_05.xlsx!Analítico!B47854
sinapi_es,2026-05,87547,"MASSA ÚNICA, EM ARGAMASSA TRAÇO 1:2:8, PREPARO MECÂNICO, APLICADA MANUALMENTE EM PAREDES INTERNAS DE AMBIENTES COM ÁREA ENTRE 5M² E 10M², E = 10MM, COM TALISCAS. AF_03/2024",M2,Massa Única Interna,32.11,sem_desoneracao,2026-06-12,928df42a952625eb12d41baf2b5ab17e1207af6e7881cb9f1c7fcac4708400e3,SINAPI_Referência_2026_05.xlsx!CSD!S7790,b626bc9c3413e6470f2b7ee933297f8fb338123361f2f440098f98e6f79ed25c,cpu_hierarquica_v1,0.0,revestimentos_forros,Revestimentos e forros,revestimentos_forros,ok,,32.11,0.0,SINAPI_Referência_2026_05.xlsx!Analítico!B47974
sinapi_es,2026-05,87548,"MASSA ÚNICA, EM ARGAMASSA TRAÇO 1:2:8, PREPARO MANUAL, APLICADA MANUALMENTE EM PAREDES INTERNAS DE AMBIENTES COM ÁREA ENTRE 5M² E 10M², E = 10MM, COM TALISCAS. AF_03/2024",M2,Massa Única Interna,35.03,sem_desoneracao,2026-06-12,928df42a952625eb12d41baf2b5ab17e1207af6e7881cb9f1c7fcac4708400e3,SINAPI_Referência_2026_05.xlsx!CSD!S7783,82bf6042abfe153aa611289cdfe21725e0adec29c29cccc271fcc896cbd7d9d2,cpu_hierarquica_v1,0.0,revestimentos_forros,Revestimentos e forros,revestimentos_forros,ok,,35.03,0.0,SINAPI_Referência_2026_05.xlsx!Analítico!B47946
sinapi_es,2026-05,87549,"EMBOÇO, EM ARGAMASSA TRAÇO 1:2:8, PREPARO MECÂNICO, APLICADO MANUALMENTE EM PAREDES INTERNAS DE AMBIENTES COM ÁREA ENTRE 5M² E 10M², E = 10MM, COM TALISCAS. AF_03/2024",M2,Massa Única Interna,30.48,sem_desoneracao,2026-06-12,928df42a952625eb12d41baf2b5ab17e1207af6e7881cb9f1c7fcac4708400e3,SINAPI_Referência_2026_05.xlsx!CSD!S7767,8038f7ea1348c8aac8590b41982c4b2f4ba9645aafb31c11fee891fc7d2c324e,cpu_hierarquica_v1,0.0,revestimentos_forros,Revestimentos e forros,revestimentos_forros,ok,,30.48,0.0,SINAPI_Referência_2026_05.xlsx!Analítico!B47882
sinapi_es,2026-05,87550,"EMBOÇO, EM ARGAMASSA TRAÇO 1:2:8, PREPARO MANUAL, APLICADO MANUALMENTE EM PAREDES INTERNAS DE AMBIENTES COM ÁREA ENTRE 5M² E 10M², E = 10MM, COM TALISCAS. AF_03/2024",M2,Massa Única Interna,33.4,sem_desoneracao,2026-06-12,928df42a952625eb12d41baf2b5ab17e1207af6e7881cb9f1c7fcac4708400e3,SINAPI_Referência_2026_05.xlsx!CSD!S7755,acc9e048cdb128a2598f176b6b605cf91a060bae3aab81a5b005ff66a94fcc47,cpu_hierarquica_v1,0.0,revestimentos_forros,Revestimentos e forros,revestimentos_forros,ok,,33.4,0.0,SINAPI_Referência_2026_05.xlsx!Analítico!B47834
sinapi_es,2026-05,87553,"EMBOÇO, EM ARGAMASSA TRAÇO 1:2:8, PREPARO MECÂNICO, APLICADO MANUALMENTE EM PAREDES INTERNAS DE AMBIENTES COM ÁREA MAIOR QUE 10M², E = 10MM, COM TALISCAS. AF_03/2024",M2,Massa Única Interna,27.11,sem_desoneracao,2026-06-12,928df42a952625eb12d41baf2b5ab17e1207af6e7881cb9f1c7fcac4708400e3,SINAPI_Referência_2026_05.xlsx!CSD!S7769,915c59f2cdecf7213e1cdaa1dff336f743e39870802aec3d55224acc954eff34,cpu_hierarquica_v1,0.0,revestimentos_forros,Revestimentos e forros,revestimentos_forros,ok,,27.11,0.0,SINAPI_Referência_2026_05.xlsx!Analítico!B47890
sinapi_es,2026-05,87554,"EMBOÇO, EM ARGAMASSA TRAÇO 1:2:8, PREPARO MANUAL, APLICADO MANUALMENTE EM PAREDES INTERNAS DE AMBIENTES COM ÁREA MAIOR QUE 10M², E = 10MM, COM TALISCAS. AF_03/2024",M2,Massa Única Interna,30.03,sem_desoneracao,2026-06-12,928df42a952625eb12d41baf2b5ab17e1207af6e7881cb9f1c7fcac4708400e3,SINAPI_Referência_2026_05.xlsx!CSD!S7757,59391ddd449df019a3525df95a54a930385bbcd2542ea36501a2d475e156c188,cpu_hierarquica_v1,0.0,revestimentos_forros,Revestimentos e forros,revestimentos_forros,ok,,30.03,0.0,SINAPI_Referência_2026_05.xlsx!Analítico!B47842
sinapi_es,2026-05,87557,"EMBOÇO, EM ARGAMASSA INDUSTRIALIZADA, PREPARO MECÂNICO, APLICADO COM EQUIPAMENTO DE MISTURA E PROJEÇÃO DE ARGAMASSA EM PAREDES INTERNAS, E = 10MM, COM TALISCAS. AF_03/2024",M2,Massa Única Interna,43.85,sem_desoneracao,2026-06-12,928df42a952625eb12d41baf2b5ab17e1207af6e7881cb9f1c7fcac4708400e3,SINAPI_Referência_2026_05.xlsx!CSD!S7747,b488ef57ba6a2c0042980e2dfb2021443e763aecd19d722916c7e9aed65e6201,cpu_hierarquica_v1,0.0,revestimentos_forros,Revestimentos e forros,revestimentos_forros,ok,,43.85,0.0,SINAPI_Referência_2026_05.xlsx!Analítico!B47802
sinapi_es,2026-05,87561,"MASSA ÚNICA, EM ARGAMASSA INDUSTRIALIZADA, PREPARO MECÂNICO, APLICADA COM EQUIPAMENTO DE MISTURA E PROJEÇÃO DE ARGAMASSA EM PAREDES INTERNAS, E = 10MM, SEM TALISCAS. AF_03/2024",M2,Massa Única Interna,43.13,sem_desoneracao,2026-06-12,928df42a952625eb12d41baf2b5ab17e1207af6e7881cb9f1c7fcac4708400e3,SINAPI_Referência_2026_05.xlsx!CSD!S7774,65df9709501e167bb29e19d31558106a08b63c6d4f45801659236366f28d2417,cpu_hierarquica_v1,0.0,revestimentos_forros,Revestimentos e forros,revestimentos_forros,ok,,43.13,0.0,SINAPI_Referência_2026_05.xlsx!Analítico!B47910
sinapi_es,2026-05,87620,"CONTRAPISO EM ARGAMASSA TRAÇO 1:4 (CIMENTO E AREIA), PREPARO MECÂNICO COM BETONEIRA 400 L, APLICADO EM ÁREAS SECAS SOBRE LAJE, ADERIDO, ACABAMENTO NÃO REFORÇADO, ESPESSURA 2CM. AF_07/2021",M2,Contrapiso,32.78,sem_desoneracao,2026-06-12,928df42a952625eb12d41baf2b5ab17e1207af6e7881cb9f1c7fcac4708400e3,SINAPI_Referência_2026_05.xlsx!CSD!S1476,823993f757380ac172d77f7ca9fced49fe310cf511ec13ffc3c94cdb5fe517af,cpu_hierarquica_v1,0.0,pisos,Pisos e acabamentos de borda,pisos,ok,,32.78,0.0,SINAPI_Referência_2026_05.xlsx!Analítico!B11256
sinapi_es,2026-05,87622,"CONTRAPISO EM ARGAMASSA TRAÇO 1:4 (CIMENTO E AREIA), PREPARO MANUAL, APLICADO EM ÁREAS SECAS SOBRE LAJE, ADERIDO, ACABAMENTO NÃO REFORÇADO, ESPESSURA 2CM. AF_07/2021",M2,Contrapiso,37.09,sem_desoneracao,2026-06-12,928df42a952625eb12d41baf2b5ab17e1207af6e7881cb9f1c7fcac4708400e3,SINAPI_Referência_2026_05.xlsx!CSD!S1466,e1b3e79b5b478cee75031e538f091b46ef92d0ad13123cc13f0818aeffab6f37,cpu_hierarquica_v1,0.0,pisos,Pisos e acabamentos de borda,pisos,ok,,37.09,0.0,SINAPI_Referência_2026_05.xlsx!Analítico!B11204
sinapi_es,2026-05,87623,"CONTRAPISO EM ARGAMASSA PRONTA, PREPARO MECÂNICO COM MISTURADOR 300 KG, APLICADO EM ÁREAS SECAS SOBRE LAJE, ADERIDO, ACABAMENTO NÃO REFORÇADO, ESPESSURA 2CM. AF_07/2021",M2,Contrapiso,70.93,sem_desoneracao,2026-06-12,928df42a952625eb12d41baf2b5ab17e1207af6e7881cb9f1c7fcac4708400e3,SINAPI_Referência_2026_05.xlsx!CSD!S1456,8b5d4b6fb4dd9d0afd8da51843bf11c8e995d67bf27374ca4e1ac3c76af0ae35,cpu_hierarquica_v1,0.0,pisos,Pisos e acabamentos de borda,pisos,ok,,70.93,0.0,SINAPI_Referência_2026_05.xlsx!Analítico!B11152
sinapi_es,2026-05,87624,"CONTRAPISO EM ARGAMASSA PRONTA, PREPARO MANUAL, APLICADO EM ÁREAS SECAS SOBRE LAJE, ADERIDO, ACABAMENTO NÃO REFORÇADO, ESPESSURA 2CM. AF_07/2021",M2,Contrapiso,79.21,sem_desoneracao,2026-06-12,928df42a952625eb12d41baf2b5ab17e1207af6e7881cb9f1c7fcac4708400e3,SINAPI_Referência_2026_05.xlsx!CSD!S1446,f47f94c8775f7aa33d53279a216838414bd65d441b3b7f0109c18b0a72ae7588,cpu_hierarquica_v1,0.0,pisos,Pisos e acabamentos de borda,pisos,ok,,79.21,0.0,SINAPI_Referência_2026_05.xlsx!Analítico!B11100
sinapi_es,2026-05,87630,"CONTRAPISO EM ARGAMASSA TRAÇO 1:4 (CIMENTO E AREIA), PREPARO MECÂNICO COM BETONEIRA 400 L, APLICADO EM ÁREAS SECAS SOBRE LAJE, ADERIDO, ACABAMENTO NÃO REFORÇADO, ESPESSURA 3CM. AF_07/2021",M2,Contrapiso,41.96,sem_desoneracao,2026-06-12,928df42a952625eb12d41baf2b5ab17e1207af6e7881cb9f1c7fcac4708400e3,SINAPI_Referência_2026_05.xlsx!CSD!S1477,09e36112c1520de18c8292cd2973dd0298ceeeb763ef9b6a51f3116c7001c0b1,cpu_hierarquica_v1,0.0,pisos,Pisos e acabamentos de borda,pisos,ok,,41.96,0.0,SINAPI_Referência_2026_05.xlsx!Analítico!B11262
sinapi_es,2026-05,87632,"CONTRAPISO EM ARGAMASSA TRAÇO 1:4 (CIMENTO E AREIA), PREPARO MANUAL, APLICADO EM ÁREAS SECAS SOBRE LAJE, ADERIDO, ACABAMENTO NÃO REFORÇADO, ESPESSURA 3CM. AF_07/2021",M2,Contrapiso,47.96,sem_desoneracao,2026-06-12,928df42a952625eb12d41baf2b5ab17e1207af6e7881cb9f1c7fcac4708400e3,SINAPI_Referência_2026_05.xlsx!CSD!S1467,6aec3dd1464fdd7ef0c3f3b0472aebd7ec2010888b9e88d2c46682ee39e1f6ba,cpu_hierarquica_v1,0.0,pisos,Pisos e acabamentos de borda,pisos,ok,,47.96,0.0,SINAPI_Referência_2026_05.xlsx!Analítico!B11210
sinapi_es,2026-05,87633,"CONTRAPISO EM ARGAMASSA PRONTA, PREPARO MECÂNICO COM MISTURADOR 300 KG, APLICADO EM ÁREAS SECAS SOBRE LAJE, ADERIDO, ACABAMENTO NÃO REFORÇADO, ESPESSURA 3CM. AF_07/2021",M2,Contrapiso,95.01,sem_desoneracao,2026-06-12,928df42a952625eb12d41baf2b5ab17e1207af6e7881cb9f1c7fcac4708400e3,SINAPI_Referência_2026_05.xlsx!CSD!S1457,ec7d42471cf179c8558ff3d86e5f51f6a1e6053f6350bcd9670bc092f4cd930c,cpu_hierarquica_v1,0.0,pisos,Pisos e acabamentos de borda,pisos,ok,,95.01,0.0,SINAPI_Referência_2026_05.xlsx!Analítico!B11158
sinapi_es,2026-05,87634,"CONTRAPISO EM ARGAMASSA PRONTA, PREPARO MANUAL, APLICADO EM ÁREAS SECAS SOBRE LAJE, ADERIDO, ACABAMENTO NÃO REFORÇADO, ESPESSURA 3CM. AF_07/2021",M2,Contrapiso,106.52,sem_desoneracao,2026-06-12,928df42a952625eb12d41baf2b5ab17e1207af6e7881cb9f1c7fcac4708400e3,SINAPI_Referência_2026_05.xlsx!CSD!S1447,24c186ac1ec283bca9b2e672bf345e70a0f8281360dcfb500e287aec8ac2866c,cpu_hierarquica_v1,0.0,pisos,Pisos e acabamentos de borda,pisos,ok,,106.52,0.0,SINAPI_Referência_2026_05.xlsx!Analítico!B11106
sinapi_es,2026-05,87640,"CONTRAPISO EM ARGAMASSA TRAÇO 1:4 (CIMENTO E AREIA), PREPARO MECÂNICO COM BETONEIRA 400 L, APLICADO EM ÁREAS SECAS SOBRE LAJE, ADERIDO, ACABAMENTO NÃO REFORÇADO, ESPESSURA 4CM. AF_07/2021",M2,Contrapiso,49.48,sem_desoneracao,2026-06-12,928df42a952625eb12d41baf2b5ab17e1207af6e7881cb9f1c7fcac4708400e3,SINAPI_Referência_2026_05.xlsx!CSD!S1478,bc457244720c00e692cc7c5c0b0e879cffdc20a212a2d408a654fa16d1e2baa8,cpu_hierarquica_v1,0.0,pisos,Pisos e acabamentos de borda,pisos,ok,,49.48,0.0,SINAPI_Referência_2026_05.xlsx!Analítico!B11268
sinapi_es,2026-05,87642,"CONTRAPISO EM ARGAMASSA TRAÇO 1:4 (CIMENTO E AREIA), PREPARO MANUAL, APLICADO EM ÁREAS SECAS SOBRE LAJE, ADERIDO, ACABAMENTO NÃO REFORÇADO, ESPESSURA 4CM. AF_07/2021",M2,Contrapiso,56.85,sem_desoneracao,2026-06-12,928df42a952625eb12d41baf2b5ab17e1207af6e7881cb9f1c7fcac4708400e3,SINAPI_Referência_2026_05.xlsx!CSD!S1468,347063865e8891e8930e88a85d39dd817b91eb349581be92e6884848ac4c67a9,cpu_hierarquica_v1,0.0,pisos,Pisos e acabamentos de borda,pisos,ok,,56.85,0.0,SINAPI_Referência_2026_05.xlsx!Analítico!B11216
sinapi_es,2026-05,87643,"CONTRAPISO EM ARGAMASSA PRONTA, PREPARO MECÂNICO COM MISTURADOR 300 KG, APLICADO EM ÁREAS SECAS SOBRE LAJE, ADERIDO, ACABAMENTO NÃO REFORÇADO, ESPESSURA 4CM. AF_07/2021",M2,Contrapiso,114.7,sem_desoneracao,2026-06-12,928df42a952625eb12d41baf2b5ab17e1207af6e7881cb9f1c7fcac4708400e3,SINAPI_Referência_2026_05.xlsx!CSD!S1458,1dde60e980c4a91255d142944046df04a1b1dca6aff8da0ad43e3431f77910bc,cpu_hierarquica_v1,0.0,pisos,Pisos e acabamentos de borda,pisos,ok,,114.7,0.0,SINAPI_Referência_2026_05.xlsx!Analítico!B11164
sinapi_es,2026-05,87644,"CONTRAPISO EM ARGAMASSA PRONTA, PREPARO MANUAL, APLICADO EM ÁREAS SECAS SOBRE LAJE, ADERIDO, ACABAMENTO NÃO REFORÇADO, ESPESSURA 4CM. AF_07/2021",M2,Contrapiso,128.86,sem_desoneracao,2026-06-12,928df42a952625eb12d41baf2b5ab17e1207af6e7881cb9f1c7fcac4708400e3,SINAPI_Referência_2026_05.xlsx!CSD!S1448,d18039c8edf5661fea021e49192e5bccde0feca89a55d1bbf82660d49209304f,cpu_hierarquica_v1,0.0,pisos,Pisos e acabamentos de borda,pisos,ok,,128.86,0.0,SINAPI_Referência_2026_05.xlsx!Analítico!B11112
sinapi_es,2026-05,87680,"CONTRAPISO EM ARGAMASSA TRAÇO 1:4 (CIMENTO E AREIA), PREPARO MECÂNICO COM BETONEIRA 400 L, APLICADO EM ÁREAS SECAS SOBRE LAJE, NÃO ADERIDO, ACABAMENTO NÃO REFORÇADO, ESPESSURA 4CM. AF_07/2021",M2,Contrapiso,45.79,sem_desoneracao,2026-06-12,928df42a952625eb12d41baf2b5ab17e1207af6e7881cb9f1c7fcac4708400e3,SINAPI_Referência_2026_05.xlsx!CSD!S1479,4fb54be1043c871189aa28654858675b133c90aa8689ec8310e221fb4240a877,cpu_hierarquica_v1,0.0,pisos,Pisos e acabamentos de borda,pisos,ok,,45.79,0.0,SINAPI_Referência_2026_05.xlsx!Analítico!B11274
sinapi_es,2026-05,87682,"CONTRAPISO EM ARGAMASSA TRAÇO 1:4 (CIMENTO E AREIA), PREPARO MANUAL, APLICADO EM ÁREAS SECAS SOBRE LAJE, NÃO ADERIDO, ACABAMENTO NÃO REFORÇADO, ESPESSURA 4CM. AF_07/2021",M2,Contrapiso,53.16,sem_desoneracao,2026-06-12,928df42a952625eb12d41baf2b5ab17e1207af6e7881cb9f1c7fcac4708400e3,SINAPI_Referência_2026_05.xlsx!CSD!S1469,83cd781b704a3df0490781954a50b783d8414f658251135384697382a6b2fab2,cpu_hierarquica_v1,0.0,pisos,Pisos e acabamentos de borda,pisos,ok,,53.16,0.0,SINAPI_Referência_2026_05.xlsx!Analítico!B11222
sinapi_es,2026-05,87683,"CONTRAPISO EM ARGAMASSA PRONTA, PREPARO MECÂNICO COM MISTURADOR 300 KG, APLICADO EM ÁREAS SECAS SOBRE LAJE, NÃO ADERIDO, ACABAMENTO NÃO REFORÇADO, ESPESSURA 4CM. AF_07/2021",M2,Contrapiso,111.01,sem_desoneracao,2026-06-12,928df42a952625eb12d41baf2b5ab17e1207af6e7881cb9f1c7fcac4708400e3,SINAPI_Referência_2026_05.xlsx!CSD!S1459,7d95aeaf6b3fd4ae5fff95013c4af11bc4c12ad70094b990e5e9eb1274aa21fd,cpu_hierarquica_v1,0.0,pisos,Pisos e acabamentos de borda,pisos,ok,,111.01,0.0,SINAPI_Referência_2026_05.xlsx!Analítico!B11170
sinapi_es,2026-05,87684,"CONTRAPISO EM ARGAMASSA PRONTA, PREPARO MANUAL, APLICADO EM ÁREAS SECAS SOBRE LAJE, NÃO ADERIDO, ACABAMENTO NÃO REFORÇADO, ESPESSURA 4CM. AF_07/2021",M2,Contrapiso,125.17,sem_desoneracao,2026-06-12,928df42a952625eb12d41baf2b5ab17e1207af6e7881cb9f1c7fcac4708400e3,SINAPI_Referência_2026_05.xlsx!CSD!S1449,66dd57bcda835a28dae1c2d5c6e2500b141584a46394571b71e5a5e0fe7f09b4,cpu_hierarquica_v1,0.0,pisos,Pisos e acabamentos de borda,pisos,ok,,125.17,0.0,SINAPI_Referência_2026_05.xlsx!Analítico!B11118
sinapi_es,2026-05,87690,"CONTRAPISO EM ARGAMASSA TRAÇO 1:4 (CIMENTO E AREIA), PREPARO MECÂNICO COM BETONEIRA 400 L, APLICADO EM ÁREAS SECAS SOBRE LAJE, NÃO ADERIDO, ACABAMENTO NÃO REFORÇADO, ESPESSURA 5CM. AF_07/2021",M2,Contrapiso,52.48,sem_desoneracao,2026-06-12,928df42a952625eb12d41baf2b5ab17e1207af6e7881cb9f1c7fcac4708400e3,SINAPI_Referência_2026_05.xlsx!CSD!S1480,ee15db672b3c675d48ec31a7f169b3ac355b090f0aeae58a8c2d12b7aae093ea,cpu_hierarquica_v1,0.0,pisos,Pisos e acabamentos de borda,pisos,ok,,52.48,0.0,SINAPI_Referência_2026_05.xlsx!Analítico!B11278
sinapi_es,2026-05,87692,"CONTRAPISO EM ARGAMASSA TRAÇO 1:4 (CIMENTO E AREIA), PREPARO MANUAL, APLICADO EM ÁREAS SECAS SOBRE LAJE, NÃO ADERIDO, ACABAMENTO NÃO REFORÇADO, ESPESSURA 5CM. AF_07/2021",M2,Contrapiso,60.92,sem_desoneracao,2026-06-12,928df42a952625eb12d41baf2b5ab17e1207af6e7881cb9f1c7fcac4708400e3,SINAPI_Referência_2026_05.xlsx!CSD!S1470,d71d7a36329f884196f60a96cfbdc938d05055a48c380655bf8ae882ff348909,cpu_hierarquica_v1,0.0,pisos,Pisos e acabamentos de borda,pisos,ok,,60.92,0.0,SINAPI_Referência_2026_05.xlsx!Analítico!B11226
sinapi_es,2026-05,87693,"CONTRAPISO EM ARGAMASSA PRONTA, PREPARO MECÂNICO COM MISTURADOR 300 KG, APLICADO EM ÁREAS SECAS SOBRE LAJE, NÃO ADERIDO, ESPESSURA 5CM. AF_07/2021",M2,Contrapiso,127.18,sem_desoneracao,2026-06-12,928df42a952625eb12d41baf2b5ab17e1207af6e7881cb9f1c7fcac4708400e3,SINAPI_Referência_2026_05.xlsx!CSD!S1461,9ad84dae2203f75af536f5522f234ebc1c7bd0b2e5045089d0431ee444f9181e,cpu_hierarquica_v1,0.0,pisos,Pisos e acabamentos de borda,pisos,ok,,127.18,0.0,SINAPI_Referência_2026_05.xlsx!Analítico!B11178
sinapi_es,2026-05,87694,"CONTRAPISO EM ARGAMASSA PRONTA, PREPARO MANUAL, APLICADO EM ÁREAS SECAS SOBRE LAJE, NÃO ADERIDO, ACABAMENTO NÃO REFORÇADO, ESPESSURA 5CM. AF_07/2021",M2,Contrapiso,143.4,sem_desoneracao,2026-06-12,928df42a952625eb12d41baf2b5ab17e1207af6e7881cb9f1c7fcac4708400e3,SINAPI_Referência_2026_05.xlsx!CSD!S1450,627932835a8785c7c1c5d2d68ec086469a57f2f662f52c0a801a200f63d00333,cpu_hierarquica_v1,0.0,pisos,Pisos e acabamentos de borda,pisos,ok,,143.4,0.0,SINAPI_Referência_2026_05.xlsx!Analítico!B11122
sinapi_es,2026-05,87700,"CONTRAPISO EM ARGAMASSA TRAÇO 1:4 (CIMENTO E AREIA), PREPARO MECÂNICO COM BETONEIRA 400 L, APLICADO EM ÁREAS SECAS SOBRE LAJE, NÃO ADERIDO, ACABAMENTO NÃO REFORÇADO, ESPESSURA 6CM. AF_07/2021",M2,Contrapiso,56.58,sem_desoneracao,2026-06-12,928df42a952625eb12d41baf2b5ab17e1207af6e7881cb9f1c7fcac4708400e3,SINAPI_Referência_2026_05.xlsx!CSD!S1481,e525f79e28c607aa8e0d6274c296ef69cb1f160593f344bd4545b4eef61a8aff,cpu_hierarquica_v1,0.0,pisos,Pisos e acabamentos de borda,pisos,ok,,56.58,0.0,SINAPI_Referência_2026_05.xlsx!Analítico!B11282
sinapi_es,2026-05,87702,"CONTRAPISO EM ARGAMASSA TRAÇO 1:4 (CIMENTO E AREIA), PREPARO MANUAL, APLICADO EM ÁREAS SECAS SOBRE LAJE, NÃO ADERIDO, ACABAMENTO NÃO REFORÇADO, ESPESSURA 6CM. AF_07/2021",M2,Contrapiso,65.77,sem_desoneracao,2026-06-12,928df42a952625eb12d41baf2b5ab17e1207af6e7881cb9f1c7fcac4708400e3,SINAPI_Referência_2026_05.xlsx!CSD!S1471,ea4385292d1557c4794e534c04c38e93fc9444fca36bd19fde52717ec51dc9fb,cpu_hierarquica_v1,0.0,pisos,Pisos e acabamentos de borda,pisos,ok,,65.77,0.0,SINAPI_Referência_2026_05.xlsx!Analítico!B11230
sinapi_es,2026-05,87703,"CONTRAPISO EM ARGAMASSA PRONTA, PREPARO MECÂNICO COM MISTURADOR 300 KG, APLICADO EM ÁREAS SECAS SOBRE LAJE, NÃO ADERIDO, ACABAMENTO NÃO REFORÇADO, ESPESSURA 6CM. AF_07/2021",M2,Contrapiso,137.92,sem_desoneracao,2026-06-12,928df42a952625eb12d41baf2b5ab17e1207af6e7881cb9f1c7fcac4708400e3,SINAPI_Referência_2026_05.xlsx!CSD!S1460,febe5f408d5eb17ec2f812b24e826b31854d63d546de26ba948e2080a686ac27,cpu_hierarquica_v1,0.0,pisos,Pisos e acabamentos de borda,pisos,ok,,137.92,0.0,SINAPI_Referência_2026_05.xlsx!Analítico!B11174
sinapi_es,2026-05,87704,"CONTRAPISO EM ARGAMASSA PRONTA, PREPARO MANUAL, APLICADO EM ÁREAS SECAS SOBRE LAJE, NÃO ADERIDO, ACABAMENTO NÃO REFORÇADO, ESPESSURA 6CM. AF_07/2021",M2,Contrapiso,155.58,sem_desoneracao,2026-06-12,928df42a952625eb12d41baf2b5ab17e1207af6e7881cb9f1c7fcac4708400e3,SINAPI_Referência_2026_05.xlsx!CSD!S1451,a9a4724108e82b75fb6c9996ce8d855d09294f9ce0c3cb4f4be8eac57cdb3689,cpu_hierarquica_v1,0.0,pisos,Pisos e acabamentos de borda,pisos,ok,,155.58,0.0,SINAPI_Referência_2026_05.xlsx!Analítico!B11126
sinapi_es,2026-05,87735,"CONTRAPISO EM ARGAMASSA TRAÇO 1:4 (CIMENTO E AREIA), PREPARO MECÂNICO COM BETONEIRA 400 L, APLICADO EM ÁREAS MOLHADAS SOBRE LAJE, ADERIDO, ACABAMENTO NÃO REFORÇADO, ESPESSURA 2CM. AF_07/2021",M2,Contrapiso,48.79,sem_desoneracao,2026-06-12,928df42a952625eb12d41baf2b5ab17e1207af6e7881cb9f1c7fcac4708400e3,SINAPI_Referência_2026_05.xlsx!CSD!S1474,d5f710bc9c7731d7cc09d505dfdd80a287efae4d76eaa1f9831601bf38b8fa0f,cpu_hierarquica_v1,0.0,pisos,Pisos e acabamentos de borda,pisos,ok,,48.79,0.0,SINAPI_Referência_2026_05.xlsx!Analítico!B11244
sinapi_es,2026-05,87737,"CONTRAPISO EM ARGAMASSA TRAÇO 1:4 (CIMENTO E AREIA), PREPARO MANUAL, APLICADO EM ÁREAS MOLHADAS SOBRE LAJE, ADERIDO, ACABAMENTO NÃO REFORÇADO, ESPESSURA 2CM. AF_07/2021",M2,Contrapiso,53.1,sem_desoneracao,2026-06-12,928df42a952625eb12d41baf2b5ab17e1207af6e7881cb9f1c7fcac4708400e3,SINAPI_Referência_2026_05.xlsx!CSD!S1464,5f7f21639d819c4f017d8d704d226285136f75e4b14cab94c4c25f2e845e9905,cpu_hierarquica_v1,0.0,pisos,Pisos e acabamentos de borda,pisos,ok,,53.1,0.0,SINAPI_Referência_2026_05.xlsx!Analítico!B11192
sinapi_es,2026-05,87738,"CONTRAPISO EM ARGAMASSA PRONTA, PREPARO MECÂNICO COM MISTURADOR 300 KG, APLICADO EM ÁREAS MOLHADAS SOBRE LAJE, ADERIDO, ACABAMENTO NÃO REFORÇADO, ESPESSURA 2CM. AF_07/2021",M2,Contrapiso,86.94,sem_desoneracao,2026-06-12,928df42a952625eb12d41baf2b5ab17e1207af6e7881cb9f1c7fcac4708400e3,SINAPI_Referência_2026_05.xlsx!CSD!S1454,baa35cadf1a8953ace3ccecf9274a89074712fafd68c6666506adda38fd10cfd,cpu_hierarquica_v1,0.0,pisos,Pisos e acabamentos de borda,pisos,ok,,86.94,0.0,SINAPI_Referência_2026_05.xlsx!Analítico!B11140
sinapi_es,2026-05,87739,"CONTRAPISO EM ARGAMASSA PRONTA, PREPARO MANUAL, APLICADO EM ÁREAS MOLHADAS SOBRE LAJE, ADERIDO, ACABAMENTO NÃO REFORÇADO, ESPESSURA 2CM. AF_07/2021",M2,Contrapiso,95.22,sem_desoneracao,2026-06-12,928df42a952625eb12d41baf2b5ab17e1207af6e7881cb9f1c7fcac4708400e3,SINAPI_Referência_2026_05.xlsx!CSD!S1444,f74340209de5a9459a550b047bc15b324280f5ca711d42bedd5654276e983698,cpu_hierarquica_v1,0.0,pisos,Pisos e acabamentos de borda,pisos,ok,,95.22,0.0,SINAPI_Referência_2026_05.xlsx!Analítico!B11088
sinapi_es,2026-05,87745,"CONTRAPISO EM ARGAMASSA TRAÇO 1:4 (CIMENTO E AREIA), PREPARO MECÂNICO COM BETONEIRA 400 L, APLICADO EM ÁREAS MOLHADAS SOBRE LAJE, ADERIDO, ACABAMENTO NÃO REFORÇADO, ESPESSURA 3CM. AF_07/2021",M2,Contrapiso,57.97,sem_desoneracao,2026-06-12,928df42a952625eb12d41baf2b5ab17e1207af6e7881cb9f1c7fcac4708400e3,SINAPI_Referência_2026_05.xlsx!CSD!S1475,5edcc8af3c853800a24f7985c854bc6191ee77a272b70078d1d66ffee511773b,cpu_hierarquica_v1,0.0,pisos,Pisos e acabamentos de borda,pisos,ok,,57.97,0.0,SINAPI_Referência_2026_05.xlsx!Analítico!B11250
sinapi_es,2026-05,87747,"CONTRAPISO EM ARGAMASSA TRAÇO 1:4 (CIMENTO E AREIA), PREPARO MANUAL, APLICADO EM ÁREAS MOLHADAS SOBRE LAJE, ADERIDO, ACABAMENTO NÃO REFORÇADO, ESPESSURA 3CM. AF_07/2021",M2,Contrapiso,63.97,sem_desoneracao,2026-06-12,928df42a952625eb12d41baf2b5ab17e1207af6e7881cb9f1c7fcac4708400e3,SINAPI_Referência_2026_05.xlsx!CSD!S1465,9a711a174bd17731e20b56d9d4f24ed6ccb0b2f2725c62ac0a6a870c5c0bf40a,cpu_hierarquica_v1,0.0,pisos,Pisos e acabamentos de borda,pisos,ok,,63.97,0.0,SINAPI_Referência_2026_05.xlsx!Analítico!B11198
sinapi_es,2026-05,87748,"CONTRAPISO EM ARGAMASSA PRONTA, PREPARO MECÂNICO COM MISTURADOR 300 KG, APLICADO EM ÁREAS MOLHADAS SOBRE LAJE, ADERIDO, ACABAMENTO NÃO REFORÇADO, ESPESSURA 3CM. AF_07/2021",M2,Contrapiso,111.02,sem_desoneracao,2026-06-12,928df42a952625eb12d41baf2b5ab17e1207af6e7881cb9f1c7fcac4708400e3,SINAPI_Referência_2026_05.xlsx!CSD!S1455,59ae4f31c522571067c4f7b1a390a58d3c9bf705de32afcbf265d6c8ffdb2447,cpu_hierarquica_v1,0.0,pisos,Pisos e acabamentos de borda,pisos,ok,,111.02,0.0,SINAPI_Referência_2026_05.xlsx!Analítico!B11146
sinapi_es,2026-05,87749,"CONTRAPISO EM ARGAMASSA PRONTA, PREPARO MANUAL, APLICADO EM ÁREAS MOLHADAS SOBRE LAJE, ADERIDO, ACABAMENTO NÃO REFORÇADO, ESPESSURA 3CM. AF_07/2021",M2,Contrapiso,122.53,sem_desoneracao,2026-06-12,928df42a952625eb12d41baf2b5ab17e1207af6e7881cb9f1c7fcac4708400e3,SINAPI_Referência_2026_05.xlsx!CSD!S1445,591d7592df26038330bd0311febf4a8e2de8f911ed84c24da4ecc0ec84e30849,cpu_hierarquica_v1,0.0,pisos,Pisos e acabamentos de borda,pisos,ok,,122.53,0.0,SINAPI_Referência_2026_05.xlsx!Analítico!B11094
sinapi_es,2026-05,87755,"CONTRAPISO EM ARGAMASSA TRAÇO 1:4 (CIMENTO E AREIA), PREPARO MECÂNICO COM BETONEIRA 400 L, APLICADO EM ÁREAS MOLHADAS SOBRE IMPERMEABILIZAÇÃO, ACABAMENTO NÃO REFORÇADO, ESPESSURA 3CM. AF_07/2021",M2,Contrapiso,57.23,sem_desoneracao,2026-06-12,928df42a952625eb12d41baf2b5ab17e1207af6e7881cb9f1c7fcac4708400e3,SINAPI_Referência_2026_05.xlsx!CSD!S1472,f9b1ffaf42abcf9988ce18be2f3177375a4af4dd43aa90842b3a76448effc433,cpu_hierarquica_v1,0.0,pisos,Pisos e acabamentos de borda,pisos,ok,,57.23,0.0,SINAPI_Referência_2026_05.xlsx!Analítico!B11234
sinapi_es,2026-05,87757,"CONTRAPISO EM ARGAMASSA TRAÇO 1:4 (CIMENTO E AREIA), PREPARO MANUAL, APLICADO EM ÁREAS MOLHADAS SOBRE IMPERMEABILIZAÇÃO, ACABAMENTO NÃO REFORÇADO, ESPESSURA 3CM. AF_07/2021",M2,Contrapiso,63.23,sem_desoneracao,2026-06-12,928df42a952625eb12d41baf2b5ab17e1207af6e7881cb9f1c7fcac4708400e3,SINAPI_Referência_2026_05.xlsx!CSD!S1462,4af6e11535fa2de664e0e8ad10450a3c01ab4927ae465a76d1d8b05e35b81d84,cpu_hierarquica_v1,0.0,pisos,Pisos e acabamentos de borda,pisos,ok,,63.23,0.0,SINAPI_Referência_2026_05.xlsx!Analítico!B11182
sinapi_es,2026-05,87758,"CONTRAPISO EM ARGAMASSA PRONTA, PREPARO MECÂNICO COM MISTURADOR 300 KG, APLICADO EM ÁREAS MOLHADAS SOBRE IMPERMEABILIZAÇÃO, ACABAMENTO NÃO REFORÇADO, ESPESSURA 3CM. AF_07/2021",M2,Contrapiso,110.28,sem_desoneracao,2026-06-12,928df42a952625eb12d41baf2b5ab17e1207af6e7881cb9f1c7fcac4708400e3,SINAPI_Referência_2026_05.xlsx!CSD!S1452,f37636178ebf36d133bd509ba20d09c31dcae75cc793cbf0652f212208164a53,cpu_hierarquica_v1,0.0,pisos,Pisos e acabamentos de borda,pisos,ok,,110.28,0.0,SINAPI_Referência_2026_05.xlsx!Analítico!B11130
sinapi_es,2026-05,87759,"CONTRAPISO EM ARGAMASSA PRONTA, PREPARO MANUAL, APLICADO EM ÁREAS MOLHADAS SOBRE IMPERMEABILIZAÇÃO, ACABAMENTO NÃO REFORÇADO, ESPESSURA 3CM. AF_07/2021",M2,Contrapiso,121.79,sem_desoneracao,2026-06-12,928df42a952625eb12d41baf2b5ab17e1207af6e7881cb9f1c7fcac4708400e3,SINAPI_Referência_2026_05.xlsx!CSD!S1442,f04ff3746c899c43cfb405b1da8b4538370d94aed250d4828720977d1645c838,cpu_hierarquica_v1,0.0,pisos,Pisos e acabamentos de borda,pisos,ok,,121.79,0.0,SINAPI_Referência_2026_05.xlsx!Analítico!B11078
sinapi_es,2026-05,87765,"CONTRAPISO EM ARGAMASSA TRAÇO 1:4 (CIMENTO E AREIA), PREPARO MECÂNICO COM BETONEIRA 400 L, APLICADO EM ÁREAS MOLHADAS SOBRE IMPERMEABILIZAÇÃO, ACABAMENTO NÃO REFORÇADO, ESPESSURA 4CM. AF_07/2021",M2,Contrapiso,64.83,sem_desoneracao,2026-06-12,928df42a952625eb12d41baf2b5ab17e1207af6e7881cb9f1c7fcac4708400e3,SINAPI_Referência_2026_05.xlsx!CSD!S1473,feb3cfca74c40f6f1536ddd9e39c470b07b8d8e3595b1d80ff1779554cc06229,cpu_hierarquica_v1,0.0,pisos,Pisos e acabamentos de borda,pisos,ok,,64.83,0.0,SINAPI_Referência_2026_05.xlsx!Analítico!B11239
sinapi_es,2026-05,87767,"CONTRAPISO EM ARGAMASSA TRAÇO 1:4 (CIMENTO E AREIA), PREPARO MANUAL, APLICADO EM ÁREAS MOLHADAS SOBRE IMPERMEABILIZAÇÃO, ACABAMENTO NÃO REFORÇADO, ESPESSURA 4CM. AF_07/2021",M2,Contrapiso,72.2,sem_desoneracao,2026-06-12,928df42a952625eb12d41baf2b5ab17e1207af6e7881cb9f1c7fcac4708400e3,SINAPI_Referência_2026_05.xlsx!CSD!S1463,c5b1885c0d621bdcfa5cc41a4b1cbf32bcc8be095e36e16c367b6b7ef9689584,cpu_hierarquica_v1,0.0,pisos,Pisos e acabamentos de borda,pisos,ok,,72.2,0.0,SINAPI_Referência_2026_05.xlsx!Analítico!B11187
sinapi_es,2026-05,87768,"CONTRAPISO EM ARGAMASSA PRONTA, PREPARO MECÂNICO COM MISTURADOR 300 KG, APLICADO EM ÁREAS MOLHADAS SOBRE IMPERMEABILIZAÇÃO, ACABAMENTO NÃO REFORÇADO, ESPESSURA 4CM. AF_07/2021",M2,Contrapiso,130.05,sem_desoneracao,2026-06-12,928df42a952625eb12d41baf2b5ab17e1207af6e7881cb9f1c7fcac4708400e3,SINAPI_Referência_2026_05.xlsx!CSD!S1453,a3f97184ff136029ebf87576c9f1174ddfdf1d694a2e54589def66e78fa9f3ad,cpu_hierarquica_v1,0.0,pisos,Pisos e acabamentos de borda,pisos,ok,,130.05,0.0,SINAPI_Referência_2026_05.xlsx!Analítico!B11135
sinapi_es,2026-05,87769,"CONTRAPISO EM ARGAMASSA PRONTA, PREPARO MANUAL, APLICADO EM ÁREAS MOLHADAS SOBRE IMPERMEABILIZAÇÃO, ACABAMENTO NÃO REFORÇADO, ESPESSURA 4CM. AF_07/2021",M2,Contrapiso,144.21,sem_desoneracao,2026-06-12,928df42a952625eb12d41baf2b5ab17e1207af6e7881cb9f1c7fcac4708400e3,SINAPI_Referência_2026_05.xlsx!CSD!S1443,158b34b9ead3c8f9d5b170e76390dfe809264f90244aca8aa0bf30bad6a11b23,cpu_hierarquica_v1,0.0,pisos,Pisos e acabamentos de borda,pisos,ok,,144.21,0.0,SINAPI_Referência_2026_05.xlsx!Analítico!B11083
sinapi_es,2026-05,87775,"EMBOÇO OU MASSA ÚNICA EM ARGAMASSA TRAÇO 1:2:8, PREPARO MECÂNICO COM BETONEIRA 400 L, APLICADA MANUALMENTE EM PANOS DE FACHADA COM PRESENÇA DE VÃOS, ESPESSURA DE 25 MM. AF_08/2022",M2,Massa Única Externa,67.46,sem_desoneracao,2026-06-12,928df42a952625eb12d41baf2b5ab17e1207af6e7881cb9f1c7fcac4708400e3,SINAPI_Referência_2026_05.xlsx!CSD!S7735,a2482e0370e20cf913133cb42fd58c0260fcf0b0e270bd4ec7a3d632007491f6,cpu_hierarquica_v1,0.0,revestimentos_forros,Revestimentos e forros,revestimentos_forros,ok,,67.46,0.0,SINAPI_Referência_2026_05.xlsx!Analítico!B47750
sinapi_es,2026-05,87777,"EMBOÇO OU MASSA ÚNICA EM ARGAMASSA TRAÇO 1:2:8, PREPARO MANUAL, APLICADA MANUALMENTE EM PANOS DE FACHADA COM PRESENÇA DE VÃOS, ESPESSURA DE 25 MM. AF_08/2022",M2,Massa Única Externa,72.17,sem_desoneracao,2026-06-12,928df42a952625eb12d41baf2b5ab17e1207af6e7881cb9f1c7fcac4708400e3,SINAPI_Referência_2026_05.xlsx!CSD!S7675,bd97c29d8898456dd47ae5e8e25a30d804249a391007a8933d37eee55a5c65a1,cpu_hierarquica_v1,0.0,revestimentos_forros,Revestimentos e forros,revestimentos_forros,ok,,72.17,0.0,SINAPI_Referência_2026_05.xlsx!Analítico!B47420
sinapi_es,2026-05,87778,"EMBOÇO OU MASSA ÚNICA EM ARGAMASSA INDUSTRIALIZADA, PREPARO MECÂNICO E APLICAÇÃO COM EQUIPAMENTO DE MISTURA E PROJEÇÃO DE 1,5 M3/H DE ARGAMASSA EM PANOS DE FACHADA COM PRESENÇA DE VÃOS, ESPESSURA DE 25 MM. AF_08/2022",M2,Massa Única Externa,94.33,sem_desoneracao,2026-06-12,928df42a952625eb12d41baf2b5ab17e1207af6e7881cb9f1c7fcac4708400e3,SINAPI_Referência_2026_05.xlsx!CSD!S7656,0b0c3a7b5894fe54919ed820415c811468bc75fbeb85fc72bc5101f7ef98029b,cpu_hierarquica_v1,0.0,revestimentos_forros,Revestimentos e forros,revestimentos_forros,ok,,94.33,0.0,SINAPI_Referência_2026_05.xlsx!Analítico!B47335
sinapi_es,2026-05,87779,"EMBOÇO OU MASSA ÚNICA EM ARGAMASSA TRAÇO 1:2:8, PREPARO MECÂNICO COM BETONEIRA 400 L, APLICADA MANUALMENTE EM PANOS DE FACHADA COM PRESENÇA DE VÃOS, ESPESSURA DE 35 MM. AF_08/2022",M2,Massa Única Externa,86.95,sem_desoneracao,2026-06-12,928df42a952625eb12d41baf2b5ab17e1207af6e7881cb9f1c7fcac4708400e3,SINAPI_Referência_2026_05.xlsx!CSD!S7736,fee997c0f0e9b244d27aefbb410ccd5f1b0f785cbb9f94c8b38f2809523f01e7,cpu_hierarquica_v1,0.0,revestimentos_forros,Revestimentos e forros,revestimentos_forros,ok,,86.95,0.0,SINAPI_Referência_2026_05.xlsx!Analítico!B47755
sinapi_es,2026-05,87781,"EMBOÇO OU MASSA ÚNICA EM ARGAMASSA TRAÇO 1:2:8, PREPARO MANUAL, APLICADA MANUALMENTE EM PANOS DE FACHADA COM PRESENÇA DE VÃOS, ESPESSURA DE 35 MM. AF_08/2022",M2,Massa Única Externa,93.27,sem_desoneracao,2026-06-12,928df42a952625eb12d41baf2b5ab17e1207af6e7881cb9f1c7fcac4708400e3,SINAPI_Referência_2026_05.xlsx!CSD!S7677,fe3e206393ad1aefd73c69ce7e666f81c63add4b6f8e52f80a6d79a1037cf7a3,cpu_hierarquica_v1,0.0,revestimentos_forros,Revestimentos e forros,revestimentos_forros,ok,,93.27,0.0,SINAPI_Referência_2026_05.xlsx!Analítico!B47430
sinapi_es,2026-05,87783,"EMBOÇO OU MASSA ÚNICA EM ARGAMASSA INDUSTRIALIZADA, PREPARO MECÂNICO E APLICAÇÃO COM EQUIPAMENTO DE MISTURA E PROJEÇÃO DE 1,5 M3/H DE ARGAMASSA EM PANOS DE FACHADA COM PRESENÇA DE VÃOS, ESPESSURA DE 35 MM. AF_08/2022",M2,Massa Única Externa,123.33,sem_desoneracao,2026-06-12,928df42a952625eb12d41baf2b5ab17e1207af6e7881cb9f1c7fcac4708400e3,SINAPI_Referência_2026_05.xlsx!CSD!S7657,a2033e6241058e6b0933cbc7cef789034b669453706981bae6476887b8c660bc,cpu_hierarquica_v1,0.0,revestimentos_forros,Revestimentos e forros,revestimentos_forros,ok,,123.33,0.0,SINAPI_Referência_2026_05.xlsx!Analítico!B47340
sinapi_es,2026-05,87784,"EMBOÇO OU MASSA ÚNICA EM ARGAMASSA TRAÇO 1:2:8, PREPARO MECÂNICO COM BETONEIRA 400 L, APLICADA MANUALMENTE EM PANOS DE FACHADA COM PRESENÇA DE VÃOS, ESPESSURA DE 45 MM. AF_08/2022",M2,Massa Única Externa,94.06,sem_desoneracao,2026-06-12,928df42a952625eb12d41baf2b5ab17e1207af6e7881cb9f1c7fcac4708400e3,SINAPI_Referência_2026_05.xlsx!CSD!S7737,381e85c673d7b46514d378c962992a05b76d1c808f0c9a3264fd73572e3072ed,cpu_hierarquica_v1,0.0,revestimentos_forros,Revestimentos e forros,revestimentos_forros,ok,,94.06,0.0,SINAPI_Referência_2026_05.xlsx!Analítico!B47760
sinapi_es,2026-05,87786,"EMBOÇO OU MASSA ÚNICA EM ARGAMASSA TRAÇO 1:2:8, PREPARO MANUAL, APLICADA MANUALMENTE EM PANOS DE FACHADA COM PRESENÇA DE VÃOS, ESPESSURA DE 45 MM. AF_08/2022",M2,Massa Única Externa,101.99,sem_desoneracao,2026-06-12,928df42a952625eb12d41baf2b5ab17e1207af6e7881cb9f1c7fcac4708400e3,SINAPI_Referência_2026_05.xlsx!CSD!S7679,1cbf777249e57bbc3a8df738f3133564af770b3584c99ed15f15c27c208a0c64,cpu_hierarquica_v1,0.0,revestimentos_forros,Revestimentos e forros,revestimentos_forros,ok,,101.99,0.0,SINAPI_Referência_2026_05.xlsx!Analítico!B47440
sinapi_es,2026-05,87787,"EMBOÇO OU MASSA ÚNICA EM ARGAMASSA INDUSTRIALIZADA, PREPARO MECÂNICO E APLICAÇÃO COM EQUIPAMENTO DE MISTURA E PROJEÇÃO DE 1,5 M3/H DE ARGAMASSA EM PANOS DE FACHADA COM PRESENÇA DE VÃOS, ESPESSURA DE 45 MM. AF_08/2022",M2,Massa Única Externa,140.98,sem_desoneracao,2026-06-12,928df42a952625eb12d41baf2b5ab17e1207af6e7881cb9f1c7fcac4708400e3,SINAPI_Referência_2026_05.xlsx!CSD!S7658,960f1287da09493ea7c3eb387177c29d062b086894af980944d8106901ec1cda,cpu_hierarquica_v1,0.0,revestimentos_forros,Revestimentos e forros,revestimentos_forros,ok,,140.98,0.0,SINAPI_Referência_2026_05.xlsx!Analítico!B47345
sinapi_es,2026-05,87788,"EMBOÇO OU MASSA ÚNICA EM ARGAMASSA TRAÇO 1:2:8, PREPARO MECÂNICO COM BETONEIRA 400 L, APLICADA MANUALMENTE EM PANOS DE FACHADA COM PRESENÇA DE VÃOS, ESPESSURA MAIOR OU IGUAL A 50 MM. AF_08/2022",M2,Massa Única Externa,111.68,sem_desoneracao,2026-06-12,928df42a952625eb12d41baf2b5ab17e1207af6e7881cb9f1c7fcac4708400e3,SINAPI_Referência_2026_05.xlsx!CSD!S7738,1905160eb839ccf739c5c34c57a79d5e28ba3b5a2545d453f2352791f0c5ca77,cpu_hierarquica_v1,0.0,revestimentos_forros,Revestimentos e forros,revestimentos_forros,ok,,111.68,0.0,SINAPI_Referência_2026_05.xlsx!Analítico!B47765
sinapi_es,2026-05,87791,"EMBOÇO OU MASSA ÚNICA EM ARGAMASSA INDUSTRIALIZADA, PREPARO MECÂNICO E APLICAÇÃO COM EQUIPAMENTO DE MISTURA E PROJEÇÃO DE 1,5 M3/H DE ARGAMASSA EM PANOS DE FACHADA COM PRESENÇA DE VÃOS, ESPESSURA MAIOR OU IGUAL A 50 MM. AF_08/2022",M2,Massa Única Externa,155.53,sem_desoneracao,2026-06-12,928df42a952625eb12d41baf2b5ab17e1207af6e7881cb9f1c7fcac4708400e3,SINAPI_Referência_2026_05.xlsx!CSD!S7659,3b9427ad914d08d6e3ef05a389b47f99c4c3c4b77ef0ed7ca014831ab33dfb69,cpu_hierarquica_v1,0.0,revestimentos_forros,Revestimentos e forros,revestimentos_forros,ok,,155.53,0.0,SINAPI_Referência_2026_05.xlsx!Analítico!B47350
sinapi_es,2026-05,87792,"EMBOÇO OU MASSA ÚNICA EM ARGAMASSA TRAÇO 1:2:8, PREPARO MECÂNICO COM BETONEIRA 400 L, APLICADA MANUALMENTE EM PANOS CEGOS DE FACHADA (SEM PRESENÇA DE VÃOS), ESPESSURA DE 25 MM. AF_08/2022",M2,Massa Única Externa,48.75,sem_desoneracao,2026-06-12,928df42a952625eb12d41baf2b5ab17e1207af6e7881cb9f1c7fcac4708400e3,SINAPI_Referência_2026_05.xlsx!CSD!S7731,9e321dc8723a00d7dbe464f4f2a7df8663a08c1c48c614ba21bab05d0b4fbb9e,cpu_hierarquica_v1,0.0,revestimentos_forros,Revestimentos e forros,revestimentos_forros,ok,,48.75,0.0,SINAPI_Referência_2026_05.xlsx!Analítico!B47730
sinapi_es,2026-05,87794,"EMBOÇO OU MASSA ÚNICA EM ARGAMASSA TRAÇO 1:2:8, PREPARO MANUAL, APLICADA MANUALMENTE EM PANOS CEGOS DE FACHADA (SEM PRESENÇA DE VÃOS), ESPESSURA DE 25 MM. AF_09/2022",M2,Massa Única Externa,53.15,sem_desoneracao,2026-06-12,928df42a952625eb12d41baf2b5ab17e1207af6e7881cb9f1c7fcac4708400e3,SINAPI_Referência_2026_05.xlsx!CSD!S7670,d399cf2279360bc468565101dbf864ab0d076df5f9fced96cfd73b4763558cf2,cpu_hierarquica_v1,0.0,revestimentos_forros,Revestimentos e forros,revestimentos_forros,ok,,53.15,0.0,SINAPI_Referência_2026_05.xlsx!Analítico!B47395
sinapi_es,2026-05,87795,"EMBOÇO OU MASSA ÚNICA EM ARGAMASSA INDUSTRIALIZADA, PREPARO MECÂNICO E APLICAÇÃO COM EQUIPAMENTO DE MISTURA E PROJEÇÃO DE 1,5 M3/H DE ARGAMASSA EM PANOS CEGOS DE FACHADA (SEM PRESENÇA DE VÃOS), ESPESSURA DE 25 MM. AF_08/2022",M2,Massa Única Externa,75.19,sem_desoneracao,2026-06-12,928df42a952625eb12d41baf2b5ab17e1207af6e7881cb9f1c7fcac4708400e3,SINAPI_Referência_2026_05.xlsx!CSD!S7652,e69315ace1becb8f4d658843ad86cf6cf2725a5538eda8e048fcc104b22621a4,cpu_hierarquica_v1,0.0,revestimentos_forros,Revestimentos e forros,revestimentos_forros,ok,,75.19,0.0,SINAPI_Referência_2026_05.xlsx!Analítico!B47315
sinapi_es,2026-05,87797,"EMBOÇO OU MASSA ÚNICA EM ARGAMASSA TRAÇO 1:2:8, PREPARO MECÂNICO COM BETONEIRA 400 L, APLICADA MANUALMENTE EM PANOS CEGOS DE FACHADA (SEM PRESENÇA DE VÃOS), ESPESSURA DE 35 MM. AF_08/2022",M2,Massa Única Externa,67.86,sem_desoneracao,2026-06-12,928df42a952625eb12d41baf2b5ab17e1207af6e7881cb9f1c7fcac4708400e3,SINAPI_Referência_2026_05.xlsx!CSD!S7732,44f594747e7646bb59ffd54cd7b80ab5db502332c1138702c8b5df8bf142e0ce,cpu_hierarquica_v1,0.0,revestimentos_forros,Revestimentos e forros,revestimentos_forros,ok,,67.86,0.0,SINAPI_Referência_2026_05.xlsx!Analítico!B47735
sinapi_es,2026-05,87799,"EMBOÇO OU MASSA ÚNICA EM ARGAMASSA TRAÇO 1:2:8, PREPARO MANUAL, APLICADA MANUALMENTE EM PANOS CEGOS DE FACHADA (SEM PRESENÇA DE VÃOS), ESPESSURA DE 35 MM. AF_08/2022",M2,Massa Única Externa,73.76,sem_desoneracao,2026-06-12,928df42a952625eb12d41baf2b5ab17e1207af6e7881cb9f1c7fcac4708400e3,SINAPI_Referência_2026_05.xlsx!CSD!S7671,916cfcc7edb83aef2493b856db6f616b766c956fea5c2ab53a725ae032ca7ca3,cpu_hierarquica_v1,0.0,revestimentos_forros,Revestimentos e forros,revestimentos_forros,ok,,73.76,0.0,SINAPI_Referência_2026_05.xlsx!Analítico!B47400
sinapi_es,2026-05,87800,"EMBOÇO OU MASSA ÚNICA EM ARGAMASSA INDUSTRIALIZADA, PREPARO MECÂNICO E APLICAÇÃO COM EQUIPAMENTO DE MISTURA E PROJEÇÃO DE 1,5 M3/H DE ARGAMASSA EM PANOS CEGOS DE FACHADA (SEM PRESENÇA DE VÃOS), ESPESSURA DE 35 MM. AF_08/2022",M2,Massa Única Externa,102.97,sem_desoneracao,2026-06-12,928df42a952625eb12d41baf2b5ab17e1207af6e7881cb9f1c7fcac4708400e3,SINAPI_Referência_2026_05.xlsx!CSD!S7653,a370a37326e956ba6e8ca53f7d8e3ba2e85c1df19cda6af48093411859f8f437,cpu_hierarquica_v1,0.0,revestimentos_forros,Revestimentos e forros,revestimentos_forros,ok,,102.97,0.0,SINAPI_Referência_2026_05.xlsx!Analítico!B47320
sinapi_es,2026-05,87801,"EMBOÇO OU MASSA ÚNICA EM ARGAMASSA TRAÇO 1:2:8, PREPARO MECÂNICO COM BETONEIRA 400 L, APLICADA MANUALMENTE EM PANOS CEGOS DE FACHADA (SEM PRESENÇA DE VÃOS), ESPESSURA DE 45 MM. AF_08/2022",M2,Massa Única Externa,74.51,sem_desoneracao,2026-06-12,928df42a952625eb12d41baf2b5ab17e1207af6e7881cb9f1c7fcac4708400e3,SINAPI_Referência_2026_05.xlsx!CSD!S7733,7ce9df82954bda316e87553eb46aae5ebb0382e476d169b9efe77f8545250bc0,cpu_hierarquica_v1,0.0,revestimentos_forros,Revestimentos e forros,revestimentos_forros,ok,,74.51,0.0,SINAPI_Referência_2026_05.xlsx!Analítico!B47740
sinapi_es,2026-05,87803,"EMBOÇO OU MASSA ÚNICA EM ARGAMASSA TRAÇO 1:2:8, PREPARO MANUAL, APLICADA MANUALMENTE EM PANOS CEGOS DE FACHADA (SEM PRESENÇA DE VÃOS), ESPESSURA DE 45 MM. AF_08/2022",M2,Massa Única Externa,81.91,sem_desoneracao,2026-06-12,928df42a952625eb12d41baf2b5ab17e1207af6e7881cb9f1c7fcac4708400e3,SINAPI_Referência_2026_05.xlsx!CSD!S7672,00c08c41f8a0f0289858af7c4631e0e58324c2b83d3fe75963d5d74908027eda,cpu_hierarquica_v1,0.0,revestimentos_forros,Revestimentos e forros,revestimentos_forros,ok,,81.91,0.0,SINAPI_Referência_2026_05.xlsx!Analítico!B47405
sinapi_es,2026-05,87804,"EMBOÇO OU MASSA ÚNICA EM ARGAMASSA INDUSTRIALIZADA, PREPARO MECÂNICO E APLICAÇÃO COM EQUIPAMENTO DE MISTURA E PROJEÇÃO DE 1,5 M3/H DE ARGAMASSA EM PANOS CEGOS DE FACHADA (SEM PRESENÇA DE VÃOS), ESPESSURA DE 45 MM. AF_08/2022",M2,Massa Única Externa,119.47,sem_desoneracao,2026-06-12,928df42a952625eb12d41baf2b5ab17e1207af6e7881cb9f1c7fcac4708400e3,SINAPI_Referência_2026_05.xlsx!CSD!S7654,6f69b14488e1769d861c075b4ef47d6612b2dbb9a2f40ece3c587746969c5559,cpu_hierarquica_v1,0.0,revestimentos_forros,Revestimentos e forros,revestimentos_forros,ok,,119.47,0.0,SINAPI_Referência_2026_05.xlsx!Analítico!B47325
sinapi_es,2026-05,87805,"EMBOÇO OU MASSA ÚNICA EM ARGAMASSA TRAÇO 1:2:8, PREPARO MECÂNICO COM BETONEIRA 400 L, APLICADA MANUALMENTE EM PANOS CEGOS DE FACHADA (SEM PRESENÇA DE VÃOS), ESPESSURA MAIOR OU IGUAL A 50 MM. AF_08/2022",M2,Massa Única Externa,81.41,sem_desoneracao,2026-06-12,928df42a952625eb12d41baf2b5ab17e1207af6e7881cb9f1c7fcac4708400e3,SINAPI_Referência_2026_05.xlsx!CSD!S7734,5ecb8cf4d193ddcfde1e94c7d420805ec2b33cb75ae616fdbe148e6c2198d697,cpu_hierarquica_v1,0.0,revestimentos_forros,Revestimentos e forros,revestimentos_forros,ok,,81.41,0.0,SINAPI_Referência_2026_05.xlsx!Analítico!B47745
sinapi_es,2026-05,87807,"EMBOÇO OU MASSA ÚNICA EM ARGAMASSA TRAÇO 1:2:8, PREPARO MANUAL, APLICADA MANUALMENTE EM PANOS CEGOS DE FACHADA (SEM PRESENÇA DE VÃOS), ESPESSURA MAIOR OU IGUAL A 50 MM. AF_08/2022",M2,Massa Única Externa,89.56,sem_desoneracao,2026-06-12,928df42a952625eb12d41baf2b5ab17e1207af6e7881cb9f1c7fcac4708400e3,SINAPI_Referência_2026_05.xlsx!CSD!S7673,3203e854774dded8487b260f6c5bb6f208bbd83df97a9e5a5af43a8042a99855,cpu_hierarquica_v1,0.0,revestimentos_forros,Revestimentos e forros,revestimentos_forros,ok,,89.56,0.0,SINAPI_Referência_2026_05.xlsx!Analítico!B47410
sinapi_es,2026-05,87808,"EMBOÇO OU MASSA ÚNICA EM ARGAMASSA INDUSTRIALIZADA, PREPARO MECÂNICO E APLICAÇÃO COM EQUIPAMENTO DE MISTURA E PROJEÇÃO DE 1,5 M3/H DE ARGAMASSA EM PANOS CEGOS DE FACHADA (SEM PRESENÇA DE VÃOS), ESPESSURA MAIOR OU IGUAL A 50 MM. AF_08/2022",M2,Massa Única Externa,126.8,sem_desoneracao,2026-06-12,928df42a952625eb12d41baf2b5ab17e1207af6e7881cb9f1c7fcac4708400e3,SINAPI_Referência_2026_05.xlsx!CSD!S7655,9f56c16fb0c3dc5d998a714938159273a81aea8025b11be7bd3ceb80c9a4cd3b,cpu_hierarquica_v1,0.0,revestimentos_forros,Revestimentos e forros,revestimentos_forros,ok,,126.8,0.0,SINAPI_Referência_2026_05.xlsx!Analítico!B47330
sinapi_es,2026-05,87809,"EMBOÇO OU MASSA ÚNICA EM ARGAMASSA TRAÇO 1:2:8, PREPARO MECÂNICO COM BETONEIRA 400 L, APLICADA MANUALMENTE EM SUPERFÍCIES EXTERNAS DA SACADA, ESPESSURA DE 25 MM, SEM USO DE TELA METÁLICA DE REFORÇO CONTRA FISSURAÇÃO. AF_08/2022",M2,Massa Única Externa,98.8,sem_desoneracao,2026-06-12,928df42a952625eb12d41baf2b5ab17e1207af6e7881cb9f1c7fcac4708400e3,SINAPI_Referência_2026_05.xlsx!CSD!S7739,61298ad455b49d2357db2b60acda10fa387314a5a2b797ed50169e64246f1177,cpu_hierarquica_v1,0.0,revestimentos_forros,Revestimentos e forros,revestimentos_forros,ok,,98.8,0.0,SINAPI_Referência_2026_05.xlsx!Analítico!B47770
sinapi_es,2026-05,87811,"EMBOÇO OU MASSA ÚNICA EM ARGAMASSA TRAÇO 1:2:8, PREPARO MANUAL, APLICADA MANUALMENTE EM SUPERFÍCIES EXTERNAS DA SACADA, ESPESSURA DE 25 MM, SEM USO DE TELA METÁLICA DE REFORÇO CONTRA FISSURAÇÃO. AF_08/2022",M2,Massa Única Externa,103.2,sem_desoneracao,2026-06-12,928df42a952625eb12d41baf2b5ab17e1207af6e7881cb9f1c7fcac4708400e3,SINAPI_Referência_2026_05.xlsx!CSD!S7686,d79d3c1d073273df2c1498b2c4952c46dbf2e7dc1b7917b5bb7344048fc10d61,cpu_hierarquica_v1,0.0,revestimentos_forros,Revestimentos e forros,revestimentos_forros,ok,,103.2,0.0,SINAPI_Referência_2026_05.xlsx!Analítico!B47474
sinapi_es,2026-05,87812,"EMBOÇO OU MASSA ÚNICA EM ARGAMASSA INDUSTRIALIZADA, PREPARO MECÂNICO E APLICAÇÃO COM EQUIPAMENTO DE MISTURA E PROJEÇÃO DE 1,5 M3/H EM SUPERFÍCIES EXTERNAS DA SACADA, ESPESSURA 25 MM, SEM USO DE TELA METÁLICA. AF_08/2022",M2,Massa Única Externa,120.43,sem_desoneracao,2026-06-12,928df42a952625eb12d41baf2b5ab17e1207af6e7881cb9f1c7fcac4708400e3,SINAPI_Referência_2026_05.xlsx!CSD!S7661,34246ee33f6ddc025f996a0cac9c47bdf5431d13111a2ab5b3dee1c817172d2f,cpu_hierarquica_v1,0.0,revestimentos_forros,Revestimentos e forros,revestimentos_forros,ok,,120.43,0.0,SINAPI_Referência_2026_05.xlsx!Analítico!B47359
sinapi_es,2026-05,87813,"EMBOÇO OU MASSA ÚNICA EM ARGAMASSA TRAÇO 1:2:8, PREPARO MECÂNICO COM BETONEIRA 400 L, APLICADA MANUALMENTE EM SUPERFÍCIES EXTERNAS DA SACADA, ESPESSURA DE 35 MM, SEM USO DE TELA METÁLICA DE REFORÇO CONTRA FISSURAÇÃO. AF_08/2022",M2,Massa Única Externa,117.92,sem_desoneracao,2026-06-12,928df42a952625eb12d41baf2b5ab17e1207af6e7881cb9f1c7fcac4708400e3,SINAPI_Referência_2026_05.xlsx!CSD!S7740,fc48aab019bd28d1a5f34cbb6943a7007cea22d2af3f24c5796059f31dd5392e,cpu_hierarquica_v1,0.0,revestimentos_forros,Revestimentos e forros,revestimentos_forros,ok,,117.92,0.0,SINAPI_Referência_2026_05.xlsx!Analítico!B47774
sinapi_es,2026-05,87815,"EMBOÇO OU MASSA ÚNICA EM ARGAMASSA TRAÇO 1:2:8, PREPARO MANUAL, APLICADA MANUALMENTE EM SUPERFÍCIES EXTERNAS DA SACADA, ESPESSURA DE 35 MM, SEM USO DE TELA METÁLICA DE REFORÇO CONTRA FISSURAÇÃO. AF_08/2022",M2,Massa Única Externa,123.82,sem_desoneracao,2026-06-12,928df42a952625eb12d41baf2b5ab17e1207af6e7881cb9f1c7fcac4708400e3,SINAPI_Referência_2026_05.xlsx!CSD!S7688,809e898405ffd57bc8a3b5c96755d1995152f55d7b0555c127504de06ce768e1,cpu_hierarquica_v1,0.0,revestimentos_forros,Revestimentos e forros,revestimentos_forros,ok,,123.82,0.0,SINAPI_Referência_2026_05.xlsx!Analítico!B47482
sinapi_es,2026-05,87816,"EMBOÇO OU MASSA ÚNICA EM ARGAMASSA INDUSTRIALIZADA, PREPARO MECÂNICO E APLICAÇÃO COM EQUIPAMENTO DE MISTURA E PROJEÇÃO DE 1,5 M3/H EM SUPERFÍCIES EXTERNAS DA SACADA, ESPESSURA 35 MM, SEM USO DE TELA METÁLICA. AF_08/2022",M2,Massa Única Externa,148.27,sem_desoneracao,2026-06-12,928df42a952625eb12d41baf2b5ab17e1207af6e7881cb9f1c7fcac4708400e3,SINAPI_Referência_2026_05.xlsx!CSD!S7662,c82127c23ce52cf6c6b8779e44171e227a5e35074f0b3b2a231837e430a95919,cpu_hierarquica_v1,0.0,revestimentos_forros,Revestimentos e forros,revestimentos_forros,ok,,148.27,0.0,SINAPI_Referência_2026_05.xlsx!Analítico!B47363
sinapi_es,2026-05,87817,"EMBOÇO OU MASSA ÚNICA EM ARGAMASSA TRAÇO 1:2:8, PREPARO MECÂNICO COM BETONEIRA 400 L, APLICADA MANUALMENTE EM SUPERFÍCIES EXTERNAS DA SACADA, ESPESSURA DE 45 MM, SEM USO DE TELA METÁLICA DE REFORÇO CONTRA FISSURAÇÃO. AF_08/2022",M2,Massa Única Externa,124.57,sem_desoneracao,2026-06-12,928df42a952625eb12d41baf2b5ab17e1207af6e7881cb9f1c7fcac4708400e3,SINAPI_Referência_2026_05.xlsx!CSD!S7742,6b51f0076a63f4b57f5968c1b7d83158d47ad14510d48b2f44e9500a9864ea4a,cpu_hierarquica_v1,0.0,revestimentos_forros,Revestimentos e forros,revestimentos_forros,ok,,124.57,0.0,SINAPI_Referência_2026_05.xlsx!Analítico!B47782
sinapi_es,2026-05,87819,"EMBOÇO OU MASSA ÚNICA EM ARGAMASSA TRAÇO 1:2:8, PREPARO MANUAL, APLICADA MANUALMENTE EM SUPERFÍCIES EXTERNAS DA SACADA, ESPESSURA DE 45 MM, SEM USO DE TELA METÁLICA DE REFORÇO CONTRA FISSURAÇÃO. AF_08/2022",M2,Massa Única Externa,131.97,sem_desoneracao,2026-06-12,928df42a952625eb12d41baf2b5ab17e1207af6e7881cb9f1c7fcac4708400e3,SINAPI_Referência_2026_05.xlsx!CSD!S7690,33278bfffb148e3076e2fc99153ba3f0332d2d55d5d76709eb9414f21e05c05b,cpu_hierarquica_v1,0.0,revestimentos_forros,Revestimentos e forros,revestimentos_forros,ok,,131.97,0.0,SINAPI_Referência_2026_05.xlsx!Analítico!B47490
sinapi_es,2026-05,87820,"EMBOÇO OU MASSA ÚNICA EM ARGAMASSA INDUSTRIALIZADA, PREPARO MECÂNICO E APLICAÇÃO COM EQUIPAMENTO DE MISTURA E PROJEÇÃO DE 1,5 M3/H EM SUPERFÍCIES EXTERNAS DA SACADA, ESPESSURA 45 MM, SEM USO DE TELA METÁLICA. AF_08/2022",M2,Massa Única Externa,164.77,sem_desoneracao,2026-06-12,928df42a952625eb12d41baf2b5ab17e1207af6e7881cb9f1c7fcac4708400e3,SINAPI_Referência_2026_05.xlsx!CSD!S7663,63c130e848a53e4bf2a0db8391766b220a0cdfc35baf569417efa0c13d1d7bea,cpu_hierarquica_v1,0.0,revestimentos_forros,Revestimentos e forros,revestimentos_forros,ok,,164.77,0.0,SINAPI_Referência_2026_05.xlsx!Analítico!B47367
sinapi_es,2026-05,87821,"EMBOÇO OU MASSA ÚNICA EM ARGAMASSA TRAÇO 1:2:8, PREPARO MECÂNICO COM BETONEIRA 400 L, APLICADA MANUALMENTE EM SUPERFÍCIES EXTERNAS DA SACADA, ESPESSURA MAIOR OU IGUAL A 50 MM, SEM USO DE TELA METÁLICA DE REFORÇO CONTRA FISSURAÇÃO. AF_08/2022",M2,Massa Única Externa,162.92,sem_desoneracao,2026-06-12,928df42a952625eb12d41baf2b5ab17e1207af6e7881cb9f1c7fcac4708400e3,SINAPI_Referência_2026_05.xlsx!CSD!S7744,f63cbc44732c9aee8ab5d9ee0a9c0d9e98ece2656c4eb3b7704a5c61f4138e0b,cpu_hierarquica_v1,0.0,revestimentos_forros,Revestimentos e forros,revestimentos_forros,ok,,162.92,0.0,SINAPI_Referência_2026_05.xlsx!Analítico!B47790
sinapi_es,2026-05,87823,"EMBOÇO OU MASSA ÚNICA EM ARGAMASSA TRAÇO 1:2:8, PREPARO MANUAL, APLICADA MANUALMENTE EM SUPERFÍCIES EXTERNAS DA SACADA, ESPESSURA MAIOR OU IGUAL A 50 MM, SEM USO DE TELA METÁLICA DE REFORÇO CONTRA FISSURAÇÃO. AF_08/2022",M2,Massa Única Externa,171.07,sem_desoneracao,2026-06-12,928df42a952625eb12d41baf2b5ab17e1207af6e7881cb9f1c7fcac4708400e3,SINAPI_Referência_2026_05.xlsx!CSD!S7692,9f895372f655ede29491f2ecdf9e73b68791751c07de5385d8301acffa9b15a4,cpu_hierarquica_v1,0.0,revestimentos_forros,Revestimentos e forros,revestimentos_forros,ok,,171.07,0.0,SINAPI_Referência_2026_05.xlsx!Analítico!B47498
sinapi_es,2026-05,87824,"EMBOÇO OU MASSA ÚNICA EM ARGAMASSA INDUSTRIALIZADA, PREPARO MECÂNICO E APLICAÇÃO COM EQUIPAMENTO DE MISTURA E PROJEÇÃO DE 1,5 M3/H EM SUPERFÍCIES EXTERNAS DA SACADA, ESPESSURA MAIOR OU IGUAL A 50 MM, SEM USO DE TELA METÁLICA. AF_08/2022",M2,Massa Única Externa,192.45,sem_desoneracao,2026-06-12,928df42a952625eb12d41baf2b5ab17e1207af6e7881cb9f1c7fcac4708400e3,SINAPI_Referência_2026_05.xlsx!CSD!S7664,e57c17c60772b51d1534db6c1b1970b79798015dea7b98d579886116f89443e4,cpu_hierarquica_v1,0.0,revestimentos_forros,Revestimentos e forros,revestimentos_forros,ok,,192.45,0.0,SINAPI_Referência_2026_05.xlsx!Analítico!B47371
sinapi_es,2026-05,87825,"EMBOÇO OU MASSA ÚNICA EM ARGAMASSA TRAÇO 1:2:8, PREPARO MECÂNICO COM BETONEIRA 400 L, APLICADA MANUALMENTE NAS PAREDES INTERNAS DA SACADA, ESPESSURA DE 25 MM, SEM USO DE TELA METÁLICA DE REFORÇO CONTRA FISSURAÇÃO. AF_08/2022",M2,Massa Única Externa,91.52,sem_desoneracao,2026-06-12,928df42a952625eb12d41baf2b5ab17e1207af6e7881cb9f1c7fcac4708400e3,SINAPI_Referência_2026_05.xlsx!CSD!S7745,17d95b879c8a1a9fd293bb252adb49833af342814c0c8bc32dfcbe00d26fdd2f,cpu_hierarquica_v1,0.0,revestimentos_forros,Revestimentos e forros,revestimentos_forros,ok,,91.52,0.0,SINAPI_Referência_2026_05.xlsx!Analítico!B47794
sinapi_es,2026-05,87827,"EMBOÇO OU MASSA ÚNICA EM ARGAMASSA TRAÇO 1:2:8, PREPARO MANUAL, APLICADA MANUALMENTE NAS PAREDES INTERNAS DA SACADA, ESPESSURA DE 25 MM, SEM USO DE TELA METÁLICA DE REFORÇO CONTRA FISSURAÇÃO. AF_08/2022",M2,Massa Única Externa,96.9,sem_desoneracao,2026-06-12,928df42a952625eb12d41baf2b5ab17e1207af6e7881cb9f1c7fcac4708400e3,SINAPI_Referência_2026_05.xlsx!CSD!S7693,efbed24483e0fd8dae2a4ed3b9024db29574b8b75bb141999dce1bebcb367422,cpu_hierarquica_v1,0.0,revestimentos_forros,Revestimentos e forros,revestimentos_forros,ok,,96.9,0.0,SINAPI_Referência_2026_05.xlsx!Analítico!B47502
sinapi_es,2026-05,87828,"EMBOÇO OU MASSA ÚNICA EM ARGAMASSA INDUSTRIALIZADA, PREPARO MECÂNICO E APLICAÇÃO COM EQUIPAMENTO DE MISTURA E PROJEÇÃO DE 1,5 M3/H NAS PAREDES INTERNAS DA SACADA, ESPESSURA 25 MM, SEM USO DE TELA METÁLICA. AF_08/2022",M2,Massa Única Externa,120.8,sem_desoneracao,2026-06-12,928df42a952625eb12d41baf2b5ab17e1207af6e7881cb9f1c7fcac4708400e3,SINAPI_Referência_2026_05.xlsx!CSD!S7665,d0852c0ede59029a69aa6457835ef9c8b3d9710475e36f5ac372a3f946b77ff0,cpu_hierarquica_v1,0.0,revestimentos_forros,Revestimentos e forros,revestimentos_forros,ok,,120.8,0.0,SINAPI_Referência_2026_05.xlsx!Analítico!B47375
sinapi_es,2026-05,87829,"EMBOÇO OU MASSA ÚNICA EM ARGAMASSA TRAÇO 1:2:8, PREPARO MECÂNICO COM BETONEIRA 400 L, APLICADA MANUALMENTE NAS PAREDES INTERNAS DA SACADA, ESPESSURA DE 35 MM, SEM USO DE TELA METÁLICA DE REFORÇO CONTRA FISSURAÇÃO. AF_08/2022",M2,Massa Única Externa,110.25,sem_desoneracao,2026-06-12,928df42a952625eb12d41baf2b5ab17e1207af6e7881cb9f1c7fcac4708400e3,SINAPI_Referência_2026_05.xlsx!CSD!S7746,c7c8461c01fcf4501cccd715c086f5404a9a47a63158d91e15b76e67fb09db7d,cpu_hierarquica_v1,0.0,revestimentos_forros,Revestimentos e forros,revestimentos_forros,ok,,110.25,0.0,SINAPI_Referência_2026_05.xlsx!Analítico!B47798
sinapi_es,2026-05,87831,"EMBOÇO OU MASSA ÚNICA EM ARGAMASSA TRAÇO 1:2:8, PREPARO MANUAL, APLICADA MANUALMENTE NAS PAREDES INTERNAS DA SACADA, ESPESSURA DE 35 MM, SEM USO DE TELA METÁLICA DE REFORÇO CONTRA FISSURAÇÃO. AF_08/2022",M2,Massa Única Externa,117.47,sem_desoneracao,2026-06-12,928df42a952625eb12d41baf2b5ab17e1207af6e7881cb9f1c7fcac4708400e3,SINAPI_Referência_2026_05.xlsx!CSD!S7694,af99b133dfdeef5b13e6ea1e81368a1a82c50f6f92447ce31f11740a1f04cc36,cpu_hierarquica_v1,0.0,revestimentos_forros,Revestimentos e forros,revestimentos_forros,ok,,117.47,0.0,SINAPI_Referência_2026_05.xlsx!Analítico!B47506
sinapi_es,2026-05,87832,"EMBOÇO OU MASSA ÚNICA EM ARGAMASSA INDUSTRIALIZADA, PREPARO MECÂNICO E APLICAÇÃO COM EQUIPAMENTO DE MISTURA E PROJEÇÃO DE 1,5 M3/H DE ARGAMASSA NAS PAREDES INTERNAS DA SACADA, ESPESSURA 35 MM, SEM USO DE TELA METÁLICA. AF_08/2022",M2,Massa Única Externa,150.58,sem_desoneracao,2026-06-12,928df42a952625eb12d41baf2b5ab17e1207af6e7881cb9f1c7fcac4708400e3,SINAPI_Referência_2026_05.xlsx!CSD!S7660,42cd64d67ad0c7c2b04d4142e14eb0818f583079e3fa217e213dd4dfb31ca71c,cpu_hierarquica_v1,0.0,revestimentos_forros,Revestimentos e forros,revestimentos_forros,ok,,150.58,0.0,SINAPI_Referência_2026_05.xlsx!Analítico!B47355
sinapi_es,2026-05,87838,REVESTIMENTO DECORATIVO MONOCAMADA EXECUTADO MANUALMENTE EM FACHADA DE UM EDIFÍCIO DE ESTRUTURA CONVENCIONAL E ACABAMENTO RASPADO. AF_03/2024,M2,Monocapa,187.32,sem_desoneracao,2026-06-12,928df42a952625eb12d41baf2b5ab17e1207af6e7881cb9f1c7fcac4708400e3,SINAPI_Referência_2026_05.xlsx!CSD!S7918,6aa4642a9a37bc771c8768447e872b4cd110b6fa3ecefbe5472a3291218308b8,cpu_hierarquica_v1,0.0,revestimentos_forros,Revestimentos e forros,revestimentos_forros,ok,,187.32,0.0,SINAPI_Referência_2026_05.xlsx!Analítico!B48599
sinapi_es,2026-05,87839,REVESTIMENTO DECORATIVO MONOCAMADA EXECUTADO MANUALMENTE EM FACHADA DE UM EDIFÍCIO DE ALVENARIA ESTRUTURAL E ACABAMENTO RASPADO. AF_03/2024,M2,Monocapa,136.31,sem_desoneracao,2026-06-12,928df42a952625eb12d41baf2b5ab17e1207af6e7881cb9f1c7fcac4708400e3,SINAPI_Referência_2026_05.xlsx!CSD!S7915,bb9d8a35099a5c896fc8215beecb39b36d056332b3447366f563b9d69f02fe88,cpu_hierarquica_v1,0.0,revestimentos_forros,Revestimentos e forros,revestimentos_forros,ok,,136.31,0.0,SINAPI_Referência_2026_05.xlsx!Analítico!B48580
sinapi_es,2026-05,87840,REVESTIMENTO DECORATIVO MONOCAMADA EXECUTADO COM EQUIPAMENTO DE PROJEÇÃO EM FACHADA DE UM EDIFÍCIO DE ESTRUTURA CONVENCIONAL E ACABAMENTO RASPADO. AF_03/2024,M2,Monocapa,179.47,sem_desoneracao,2026-06-12,928df42a952625eb12d41baf2b5ab17e1207af6e7881cb9f1c7fcac4708400e3,SINAPI_Referência_2026_05.xlsx!CSD!S7912,3bd31b7a812d0e04f8c3b149397c11766ad16310842f451bcabb8bef01aaa893,cpu_hierarquica_v1,0.0,revestimentos_forros,Revestimentos e forros,revestimentos_forros,ok,,179.47,0.0,SINAPI_Referência_2026_05.xlsx!Analítico!B48563
sinapi_es,2026-05,87841,REVESTIMENTO DECORATIVO MONOCAMADA EXECUTADO COM EQUIPAMENTO DE PROJEÇÃO EM FACHADA DE UM EDIFÍCIO DE ALVENARIA ESTRUTURAL E ACABAMENTO RASPADO. AF_03/2024,M2,Monocapa,128.74,sem_desoneracao,2026-06-12,928df42a952625eb12d41baf2b5ab17e1207af6e7881cb9f1c7fcac4708400e3,SINAPI_Referência_2026_05.xlsx!CSD!S7909,25c259691c3a80bbb2e233684ab1f3430861a934319a2da24a78acf02520e011,cpu_hierarquica_v1,0.0,revestimentos_forros,Revestimentos e forros,revestimentos_forros,ok,,128.74,0.0,SINAPI_Referência_2026_05.xlsx!Analítico!B48547
sinapi_es,2026-05,87850,REVESTIMENTO DECORATIVO MONOCAMADA EXECUTADO MANUALMENTE EM FACHADA DE UM EDIFÍCIO DE ESTRUTURA CONVENCIONAL E ACABAMENTO TRAVERTINO. AF_03/2024,M2,Monocapa,203.68,sem_desoneracao,2026-06-12,928df42a952625eb12d41baf2b5ab17e1207af6e7881cb9f1c7fcac4708400e3,SINAPI_Referência_2026_05.xlsx!CSD!S7919,c9c6542f9eafc4c143fb1371a644c44bc414ece5d051f7162c0f1a3c0e152929,cpu_hierarquica_v1,0.0056,revestimentos_forros,Revestimentos e forros,revestimentos_forros,ok,,203.68,0.0,SINAPI_Referência_2026_05.xlsx!Analítico!B48604
sinapi_es,2026-05,87851,REVESTIMENTO DECORATIVO MONOCAMADA EXECUTADO MANUALMENTE EM FACHADA DE UM EDIFÍCIO DE ALVENARIA ESTRUTURAL E ACABAMENTO TRAVERTINO. AF_03/2024,M2,Monocapa,152.67,sem_desoneracao,2026-06-12,928df42a952625eb12d41baf2b5ab17e1207af6e7881cb9f1c7fcac4708400e3,SINAPI_Referência_2026_05.xlsx!CSD!S7916,306d53b7c6415bedd7cc92c69170242a0651ea7fd0d127953b6f9aca2aeb34ab,cpu_hierarquica_v1,0.0075,revestimentos_forros,Revestimentos e forros,revestimentos_forros,ok,,152.67,0.0,SINAPI_Referência_2026_05.xlsx!Analítico!B48585
sinapi_es,2026-05,87852,REVESTIMENTO DECORATIVO MONOCAMADA EXECUTADO COM EQUIPAMENTO DE PROJEÇÃO EM FACHADA DE UM EDIFÍCIO DE ESTRUTURA CONVENCIONAL E ACABAMENTO TRAVERTINO. AF_03/2024,M2,Monocapa,195.16,sem_desoneracao,2026-06-12,928df42a952625eb12d41baf2b5ab17e1207af6e7881cb9f1c7fcac4708400e3,SINAPI_Referência_2026_05.xlsx!CSD!S7913,b6521091a561e01735f904dc1478ad9ccd3abcafa6a4ea15b406100fae3727a3,cpu_hierarquica_v1,0.0059,revestimentos_forros,Revestimentos e forros,revestimentos_forros,ok,,195.16,0.0,SINAPI_Referência_2026_05.xlsx!Analítico!B48567
sinapi_es,2026-05,87853,REVESTIMENTO DECORATIVO MONOCAMADA EXECUTADO COM EQUIPAMENTO DE PROJEÇÃO EM FACHADA DE UM EDIFÍCIO DE ALVENARIA ESTRUTURAL E ACABAMENTO TRAVERTINO. AF_03/2024,M2,Monocapa,144.44,sem_desoneracao,2026-06-12,928df42a952625eb12d41baf2b5ab17e1207af6e7881cb9f1c7fcac4708400e3,SINAPI_Referência_2026_05.xlsx!CSD!S7910,9a0dafe3aefdcc1cbc4f4c49d7f755924ca575ba032e6ef523f4ec884b3f9f88,cpu_hierarquica_v1,0.008,revestimentos_forros,Revestimentos e forros,revestimentos_forros,ok,,144.44,0.0,SINAPI_Referência_2026_05.xlsx!Analítico!B48551
sinapi_es,2026-05,87878,"CHAPISCO APLICADO EM ALVENARIAS E ESTRUTURAS DE CONCRETO INTERNAS, COM COLHER DE PEDREIRO. ARGAMASSA TRAÇO 1:3 COM PREPARO MANUAL. AF_10/2022",M2,Chapisco,5.81,sem_desoneracao,2026-06-12,928df42a952625eb12d41baf2b5ab17e1207af6e7881cb9f1c7fcac4708400e3,SINAPI_Referência_2026_05.xlsx!CSD!S1315,c80833cdd5e781569a8a312525653a4a4788cd46cef41dfc7d1ca19b2df8b2de,cpu_hierarquica_v1,0.0,revestimentos_forros,Revestimentos e forros,revestimentos_forros,ok,,5.81,0.0,SINAPI_Referência_2026_05.xlsx!Analítico!B9778
sinapi_es,2026-05,87879,"CHAPISCO APLICADO EM ALVENARIAS E ESTRUTURAS DE CONCRETO INTERNAS, COM COLHER DE PEDREIRO. ARGAMASSA TRAÇO 1:3 COM PREPARO EM BETONEIRA 400L. AF_10/2022",M2,Chapisco,5.22,sem_desoneracao,2026-06-12,928df42a952625eb12d41baf2b5ab17e1207af6e7881cb9f1c7fcac4708400e3,SINAPI_Referência_2026_05.xlsx!CSD!S1314,6343a693f45726ae5968855f5cdc0d85ce60270a9d48469e8794f47cd9da5e25,cpu_hierarquica_v1,0.0,revestimentos_forros,Revestimentos e forros,revestimentos_forros,ok,,5.22,0.0,SINAPI_Referência_2026_05.xlsx!Analítico!B9774
sinapi_es,2026-05,87881,"CHAPISCO APLICADO NO TETO OU EM ALVENARIA E ESTRUTURA, COM ROLO PARA TEXTURA ACRÍLICA. ARGAMASSA TRAÇO 1:4 E EMULSÃO POLIMÉRICA (ADESIVO) COM PREPARO MANUAL. AF_10/2022",M2,Chapisco,5.59,sem_desoneracao,2026-06-12,928df42a952625eb12d41baf2b5ab17e1207af6e7881cb9f1c7fcac4708400e3,SINAPI_Referência_2026_05.xlsx!CSD!S1319,7f8fc0683c437842e3dd22e11f02be2098de536af8af1231311bdba7f77a3c20,cpu_hierarquica_v1,0.0,revestimentos_forros,Revestimentos e forros,revestimentos_forros,ok,,5.59,0.0,SINAPI_Referência_2026_05.xlsx!Analítico!B9794
sinapi_es,2026-05,87882,"CHAPISCO APLICADO NO TETO OU EM ALVENARIA E ESTRUTURA, COM ROLO PARA TEXTURA ACRÍLICA. ARGAMASSA TRAÇO 1:4 E EMULSÃO POLIMÉRICA (ADESIVO) COM PREPARO EM BETONEIRA 400L. AF_10/2022",M2,Chapisco,5.4,sem_desoneracao,2026-06-12,928df42a952625eb12d41baf2b5ab17e1207af6e7881cb9f1c7fcac4708400e3,SINAPI_Referência_2026_05.xlsx!CSD!S1318,f0a11a47f8fe12dd97c292e90d7dc9264f88140c6bb2a208dab922090d624a04,cpu_hierarquica_v1,0.0,revestimentos_forros,Revestimentos e forros,revestimentos_forros,ok,,5.4,0.0,SINAPI_Referência_2026_05.xlsx!Analítico!B9790
sinapi_es,2026-05,87884,"CHAPISCO APLICADO NO TETO OU EM ALVENARIA E ESTRUTURA, COM ROLO PARA TEXTURA ACRÍLICA. ARGAMASSA INDUSTRIALIZADA COM PREPARO MANUAL. AF_10/2022",M2,Chapisco,9.66,sem_desoneracao,2026-06-12,928df42a952625eb12d41baf2b5ab17e1207af6e7881cb9f1c7fcac4708400e3,SINAPI_Referência_2026_05.xlsx!CSD!S1317,0ad1b4887203d09a2fcd23d58f3eb2633bea720d9ae082249e1d4efe23b4945e,cpu_hierarquica_v1,0.0,revestimentos_forros,Revestimentos e forros,revestimentos_forros,ok,,9.66,0.0,SINAPI_Referência_2026_05.xlsx!Analítico!B9786
sinapi_es,2026-05,87885,"CHAPISCO APLICADO NO TETO OU EM ALVENARIA E ESTRUTURA, COM ROLO PARA TEXTURA ACRÍLICA. ARGAMASSA INDUSTRIALIZADA COM PREPARO EM MISTURADOR 300 KG. AF_10/2022",M2,Chapisco,9.19,sem_desoneracao,2026-06-12,928df42a952625eb12d41baf2b5ab17e1207af6e7881cb9f1c7fcac4708400e3,SINAPI_Referência_2026_05.xlsx!CSD!S1316,b56a8eb1bf1a6147ab38bcd339afd5da5e780283563f0c69d6cc0c2c571f15b7,cpu_hierarquica_v1,0.0,revestimentos_forros,Revestimentos e forros,revestimentos_forros,ok,,9.19,0.0,SINAPI_Referência_2026_05.xlsx!Analítico!B9782
sinapi_es,2026-05,87886,"CHAPISCO APLICADO NO TETO OU EM ESTRUTURA, COM DESEMPENADEIRA DENTADA. ARGAMASSA INDUSTRIALIZADA COM PREPARO MANUAL. AF_10/2022",M2,Chapisco,17.75,sem_desoneracao,2026-06-12,928df42a952625eb12d41baf2b5ab17e1207af6e7881cb9f1c7fcac4708400e3,SINAPI_Referência_2026_05.xlsx!CSD!S1321,60bbfa49a39220f9062b99976b228124a7206ed65be8b3098ffeb89ea2e5b0b8,cpu_hierarquica_v1,0.0,revestimentos_forros,Revestimentos e forros,revestimentos_forros,ok,,17.75,0.0,SINAPI_Referência_2026_05.xlsx!Analítico!B9802
sinapi_es,2026-05,87887,"CHAPISCO APLICADO NO TETO OU EM ESTRUTURA, COM DESEMPENADEIRA DENTADA. ARGAMASSA INDUSTRIALIZADA COM PREPARO EM MISTURADOR 300 KG. AF_10/2022",M2,Chapisco,16.72,sem_desoneracao,2026-06-12,928df42a952625eb12d41baf2b5ab17e1207af6e7881cb9f1c7fcac4708400e3,SINAPI_Referência_2026_05.xlsx!CSD!S1320,09b004ae000f709e45f0319395aaf3a8e573705003fa0c38e4e7b09725e7d2f0,cpu_hierarquica_v1,0.0,revestimentos_forros,Revestimentos e forros,revestimentos_forros,ok,,16.72,0.0,SINAPI_Referência_2026_05.xlsx!Analítico!B9798
sinapi_es,2026-05,87888,"CHAPISCO APLICADO EM ALVENARIA (SEM PRESENÇA DE VÃOS) E ESTRUTURAS DE CONCRETO DE FACHADA, COM ROLO PARA TEXTURA ACRÍLICA. ARGAMASSA TRAÇO 1:4 E EMULSÃO POLIMÉRICA (ADESIVO) COM PREPARO MANUAL. AF_10/2022",M2,Chapisco,7.73,sem_desoneracao,2026-06-12,928df42a952625eb12d41baf2b5ab17e1207af6e7881cb9f1c7fcac4708400e3,SINAPI_Referência_2026_05.xlsx!CSD!S1311,5322527162bdeb00b310c62d613eb210c9868cbf1bb7bb98e291decb46c645d4,cpu_hierarquica_v1,0.0,revestimentos_forros,Revestimentos e forros,revestimentos_forros,ok,,7.73,0.0,SINAPI_Referência_2026_05.xlsx!Analítico!B9758
sinapi_es,2026-05,87889,"CHAPISCO APLICADO EM ALVENARIA (SEM PRESENÇA DE VÃOS) E ESTRUTURAS DE CONCRETO DE FACHADA, COM ROLO PARA TEXTURA ACRÍLICA. ARGAMASSA TRAÇO 1:4 E EMULSÃO POLIMÉRICA (ADESIVO) COM PREPARO EM BETONEIRA 400L. AF_10/2022",M2,Chapisco,7.54,sem_desoneracao,2026-06-12,928df42a952625eb12d41baf2b5ab17e1207af6e7881cb9f1c7fcac4708400e3,SINAPI_Referência_2026_05.xlsx!CSD!S1310,4535851fe0ec9a4ff80133bc44835e64219329bde13eff7177875d2d11033f17,cpu_hierarquica_v1,0.0,revestimentos_forros,Revestimentos e forros,revestimentos_forros,ok,,7.54,0.0,SINAPI_Referência_2026_05.xlsx!Analítico!B9754
sinapi_es,2026-05,87891,"CHAPISCO APLICADO EM ALVENARIA (SEM PRESENÇA DE VÃOS) E ESTRUTURAS DE CONCRETO DE FACHADA, COM ROLO PARA TEXTURA ACRÍLICA. ARGAMASSA INDUSTRIALIZADA COM PREPARO MANUAL. AF_10/2022",M2,Chapisco,11.8,sem_desoneracao,2026-06-12,928df42a952625eb12d41baf2b5ab17e1207af6e7881cb9f1c7fcac4708400e3,SINAPI_Referência_2026_05.xlsx!CSD!S1309,9d5aa7e710433becdac73967b561201a0253a1b21d30a46bb6e92fe3dfd15a78,cpu_hierarquica_v1,0.0,revestimentos_forros,Revestimentos e forros,revestimentos_forros,ok,,11.8,0.0,SINAPI_Referência_2026_05.xlsx!Analítico!B9750
sinapi_es,2026-05,87892,"CHAPISCO APLICADO EM ALVENARIA (SEM PRESENÇA DE VÃOS) E ESTRUTURAS DE CONCRETO DE FACHADA, COM ROLO PARA TEXTURA ACRÍLICA. ARGAMASSA INDUSTRIALIZADA COM PREPARO EM MISTURADOR 300 KG. AF_10/2022",M2,Chapisco,11.33,sem_desoneracao,2026-06-12,928df42a952625eb12d41baf2b5ab17e1207af6e7881cb9f1c7fcac4708400e3,SINAPI_Referência_2026_05.xlsx!CSD!S1308,b7b4e9bf2e2af2494129b2cf5b81ea1d5e52054e086f077a54b10e9d05e81696,cpu_hierarquica_v1,0.0,revestimentos_forros,Revestimentos e forros,revestimentos_forros,ok,,11.33,0.0,SINAPI_Referência_2026_05.xlsx!Analítico!B9746
sinapi_es,2026-05,87893,"CHAPISCO APLICADO EM ALVENARIA (SEM PRESENÇA DE VÃOS) E ESTRUTURAS DE CONCRETO DE FACHADA, COM COLHER DE PEDREIRO. ARGAMASSA TRAÇO 1:3 COM PREPARO MANUAL. AF_10/2022",M2,Chapisco,9.0,sem_desoneracao,2026-06-12,928df42a952625eb12d41baf2b5ab17e1207af6e7881cb9f1c7fcac4708400e3,SINAPI_Referência_2026_05.xlsx!CSD!S1305,50943cbab4c8f607590fca7978b9c650bae5d1a54a785442dfa9215d6a180e77,cpu_hierarquica_v1,0.0,revestimentos_forros,Revestimentos e forros,revestimentos_forros,ok,,9.0,0.0,SINAPI_Referência_2026_05.xlsx!Analítico!B9730
sinapi_es,2026-05,87894,"CHAPISCO APLICADO EM ALVENARIA (SEM PRESENÇA DE VÃOS) E ESTRUTURAS DE CONCRETO DE FACHADA, COM COLHER DE PEDREIRO. ARGAMASSA TRAÇO 1:3 COM PREPARO EM BETONEIRA 400L. AF_10/2022",M2,Chapisco,8.41,sem_desoneracao,2026-06-12,928df42a952625eb12d41baf2b5ab17e1207af6e7881cb9f1c7fcac4708400e3,SINAPI_Referência_2026_05.xlsx!CSD!S1304,8f3532aa581708d7d181a350f1ab07ac4bd44b6a4986736fe155d9869de01149,cpu_hierarquica_v1,0.0,revestimentos_forros,Revestimentos e forros,revestimentos_forros,ok,,8.41,0.0,SINAPI_Referência_2026_05.xlsx!Analítico!B9726
sinapi_es,2026-05,87896,"CHAPISCO APLICADO EM ALVENARIA (SEM PRESENÇA DE VÃOS) E ESTRUTURAS DE CONCRETO DE FACHADA, COM EQUIPAMENTO DE PROJEÇÃO. ARGAMASSA TRAÇO 1:3 COM PREPARO MANUAL. AF_10/2022",M2,Chapisco,6.51,sem_desoneracao,2026-06-12,928df42a952625eb12d41baf2b5ab17e1207af6e7881cb9f1c7fcac4708400e3,SINAPI_Referência_2026_05.xlsx!CSD!S1307,672b2e847448680e02904b3dc21d0fe7739ccac2e71e1ac82c189cd8eae1b8ff,cpu_hierarquica_v1,0.0983,revestimentos_forros,Revestimentos e forros,revestimentos_forros,ok,,6.51,0.0,SINAPI_Referência_2026_05.xlsx!Analítico!B9740
sinapi_es,2026-05,87897,"CHAPISCO APLICADO EM ALVENARIA (SEM PRESENÇA DE VÃOS) E ESTRUTURAS DE CONCRETO DE FACHADA, COM EQUIPAMENTO DE PROJEÇÃO. ARGAMASSA TRAÇO 1:3 COM PREPARO EM BETONEIRA 400 L. AF_10/2022",M2,Chapisco,5.92,sem_desoneracao,2026-06-12,928df42a952625eb12d41baf2b5ab17e1207af6e7881cb9f1c7fcac4708400e3,SINAPI_Referência_2026_05.xlsx!CSD!S1306,a94e2b827ee0b7411a0bee503839ca3238917ac64cdc3c7aaceb7496de7ea9b5,cpu_hierarquica_v1,0.1081,revestimentos_forros,Revestimentos e forros,revestimentos_forros,ok,,5.92,0.0,SINAPI_Referência_2026_05.xlsx!Analítico!B9734
sinapi_es,2026-05,87899,"CHAPISCO APLICADO EM ALVENARIA (COM PRESENÇA DE VÃOS) E ESTRUTURAS DE CONCRETO DE FACHADA, COM ROLO PARA TEXTURA ACRÍLICA. ARGAMASSA TRAÇO 1:4 E EMULSÃO POLIMÉRICA (ADESIVO) COM PREPARO MANUAL. AF_10/2022",M2,Chapisco,8.68,sem_desoneracao,2026-06-12,928df42a952625eb12d41baf2b5ab17e1207af6e7881cb9f1c7fcac4708400e3,SINAPI_Referência_2026_05.xlsx!CSD!S1303,2131a95d555293f8ae0ef86d7adbf66ed981afce5877f21c47144c6fd149006a,cpu_hierarquica_v1,0.0,revestimentos_forros,Revestimentos e forros,revestimentos_forros,ok,,8.68,0.0,SINAPI_Referência_2026_05.xlsx!Analítico!B9722
sinapi_es,2026-05,87900,"CHAPISCO APLICADO EM ALVENARIA (COM PRESENÇA DE VÃOS) E ESTRUTURAS DE CONCRETO DE FACHADA, COM ROLO PARA TEXTURA ACRÍLICA. ARGAMASSA TRAÇO 1:4 E EMULSÃO POLIMÉRICA (ADESIVO) COM PREPARO EM BETONEIRA 400L. AF_10/2022",M2,Chapisco,8.49,sem_desoneracao,2026-06-12,928df42a952625eb12d41baf2b5ab17e1207af6e7881cb9f1c7fcac4708400e3,SINAPI_Referência_2026_05.xlsx!CSD!S1302,a83d747ccf5eb5f680e05eba3f18ce6565bd71d85fb6a68fcf1e9515982663a3,cpu_hierarquica_v1,0.0,revestimentos_forros,Revestimentos e forros,revestimentos_forros,ok,,8.49,0.0,SINAPI_Referência_2026_05.xlsx!Analítico!B9718
sinapi_es,2026-05,87902,"CHAPISCO APLICADO EM ALVENARIA (COM PRESENÇA DE VÃOS) E ESTRUTURAS DE CONCRETO DE FACHADA, COM ROLO PARA TEXTURA ACRÍLICA. ARGAMASSA INDUSTRIALIZADA COM PREPARO MANUAL. AF_10/2022",M2,Chapisco,12.75,sem_desoneracao,2026-06-12,928df42a952625eb12d41baf2b5ab17e1207af6e7881cb9f1c7fcac4708400e3,SINAPI_Referência_2026_05.xlsx!CSD!S1301,0617d32652a210d9cd982831829b64265666c05d4b3dab0f7b12e5899414da25,cpu_hierarquica_v1,0.0,revestimentos_forros,Revestimentos e forros,revestimentos_forros,ok,,12.75,0.0,SINAPI_Referência_2026_05.xlsx!Analítico!B9714
sinapi_es,2026-05,87903,"CHAPISCO APLICADO EM ALVENARIA (COM PRESENÇA DE VÃOS) E ESTRUTURAS DE CONCRETO DE FACHADA, COM ROLO PARA TEXTURA ACRÍLICA. ARGAMASSA INDUSTRIALIZADA COM PREPARO EM MISTURADOR 300 KG. AF_10/2022",M2,Chapisco,12.28,sem_desoneracao,2026-06-12,928df42a952625eb12d41baf2b5ab17e1207af6e7881cb9f1c7fcac4708400e3,SINAPI_Referência_2026_05.xlsx!CSD!S1300,8a82e35e700b8bf8e0ce7a374174adb7bb2bf1c63e6d56f1c809b18b0dcb1f86,cpu_hierarquica_v1,0.0,revestimentos_forros,Revestimentos e forros,revestimentos_forros,ok,,12.28,0.0,SINAPI_Referência_2026_05.xlsx!Analítico!B9710
sinapi_es,2026-05,87904,"CHAPISCO APLICADO EM ALVENARIA (COM PRESENÇA DE VÃOS) E ESTRUTURAS DE CONCRETO DE FACHADA, COM COLHER DE PEDREIRO. ARGAMASSA TRAÇO 1:3 COM PREPARO MANUAL. AF_10/2022",M2,Chapisco,10.52,sem_desoneracao,2026-06-12,928df42a952625eb12d41baf2b5ab17e1207af6e7881cb9f1c7fcac4708400e3,SINAPI_Referência_2026_05.xlsx!CSD!S1297,106fad6c1ce1c8b21e022a9ff4e0fe3c5c082f6b8db6176dd316cf6afdc99327,cpu_hierarquica_v1,0.0,revestimentos_forros,Revestimentos e forros,revestimentos_forros,ok,,10.52,0.0,SINAPI_Referência_2026_05.xlsx!Analítico!B9694
sinapi_es,2026-05,87905,"CHAPISCO APLICADO EM ALVENARIA (COM PRESENÇA DE VÃOS) E ESTRUTURAS DE CONCRETO DE FACHADA, COM COLHER DE PEDREIRO. ARGAMASSA TRAÇO 1:3 COM PREPARO EM BETONEIRA 400L. AF_10/2022",M2,Chapisco,9.93,sem_desoneracao,2026-06-12,928df42a952625eb12d41baf2b5ab17e1207af6e7881cb9f1c7fcac4708400e3,SINAPI_Referência_2026_05.xlsx!CSD!S1296,03b098a5fdfaedc5dea5d1293ca46274a54b238de0020ea75df9fac3c1960c1f,cpu_hierarquica_v1,0.0,revestimentos_forros,Revestimentos e forros,revestimentos_forros,ok,,9.93,0.0,SINAPI_Referência_2026_05.xlsx!Analítico!B9690
sinapi_es,2026-05,87907,"CHAPISCO APLICADO EM ALVENARIA (COM PRESENÇA DE VÃOS) E ESTRUTURAS DE CONCRETO DE FACHADA, COM EQUIPAMENTO DE PROJEÇÃO. ARGAMASSA TRAÇO 1:3 COM PREPARO MANUAL. AF_10/2022",M2,Chapisco,7.9,sem_desoneracao,2026-06-12,928df42a952625eb12d41baf2b5ab17e1207af6e7881cb9f1c7fcac4708400e3,SINAPI_Referência_2026_05.xlsx!CSD!S1299,9f05721f2abba41eb593237704129de2f3822d093484d46880286a1386f32870,cpu_hierarquica_v1,0.1089,revestimentos_forros,Revestimentos e forros,revestimentos_forros,ok,,7.9,0.0,SINAPI_Referência_2026_05.xlsx!Analítico!B9704
sinapi_es,2026-05,87908,"CHAPISCO APLICADO EM ALVENARIA (COM PRESENÇA DE VÃOS) E ESTRUTURAS DE CONCRETO DE FACHADA, COM EQUIPAMENTO DE PROJEÇÃO. ARGAMASSA TRAÇO 1:3 COM PREPARO EM BETONEIRA 400 L. AF_10/2022",M2,Chapisco,7.31,sem_desoneracao,2026-06-12,928df42a952625eb12d41baf2b5ab17e1207af6e7881cb9f1c7fcac4708400e3,SINAPI_Referência_2026_05.xlsx!CSD!S1298,2738856f0dc47952e8ba1be8d07a4ea3b77224184226c46ce8fcee49ea02c2d8,cpu_hierarquica_v1,0.1176,revestimentos_forros,Revestimentos e forros,revestimentos_forros,ok,,7.31,0.0,SINAPI_Referência_2026_05.xlsx!Analítico!B9698
sinapi_es,2026-05,87910,"CHAPISCO APLICADO SOMENTE NA ESTRUTURA DE CONCRETO DA FACHADA, COM DESEMPENADEIRA DENTADA. ARGAMASSA INDUSTRIALIZADA COM PREPARO MANUAL. AF_10/2022",M2,Chapisco,24.94,sem_desoneracao,2026-06-12,928df42a952625eb12d41baf2b5ab17e1207af6e7881cb9f1c7fcac4708400e3,SINAPI_Referência_2026_05.xlsx!CSD!S1323,addb53519120151f71a6a846728074ca470c5c87829b2a77e5250aa877936547,cpu_hierarquica_v1,0.0,revestimentos_forros,Revestimentos e forros,revestimentos_forros,ok,,24.94,0.0,SINAPI_Referência_2026_05.xlsx!Analítico!B9810
sinapi_es,2026-05,87911,"CHAPISCO APLICADO SOMENTE NA ESTRUTURA DE CONCRETO DA FACHADA, COM DESEMPENADEIRA DENTADA. ARGAMASSA INDUSTRIALIZADA COM PREPARO EM MISTURADOR 300 KG. AF_10/2022",M2,Chapisco,23.91,sem_desoneracao,2026-06-12,928df42a952625eb12d41baf2b5ab17e1207af6e7881cb9f1c7fcac4708400e3,SINAPI_Referência_2026_05.xlsx!CSD!S1322,07d7c05926b3b992a2a39595a826b7faf28673fb4761493af6274c42abbed3b7,cpu_hierarquica_v1,0.0,revestimentos_forros,Revestimentos e forros,revestimentos_forros,ok,,23.91,0.0,SINAPI_Referência_2026_05.xlsx!Analítico!B9806
sinapi_es,2026-05,88411,APLICAÇÃO MANUAL DE FUNDO SELADOR ACRÍLICO EM PANOS COM PRESENÇA DE VÃOS DE EDIFÍCIOS DE MÚLTIPLOS PAVIMENTOS. AF_03/2024,M2,Pintura Externa,5.98,sem_desoneracao,2026-06-12,928df42a952625eb12d41baf2b5ab17e1207af6e7881cb9f1c7fcac4708400e3,SINAPI_Referência_2026_05.xlsx!CSD!S8261,adede2b208e097e12b6c5c9ff0e5e803796b25e5dced78dbb97dc040af1d08a4,cpu_hierarquica_v1,0.0,pintura,Pintura,pintura,ok,,5.98,0.0,SINAPI_Referência_2026_05.xlsx!Analítico!B52008
sinapi_es,2026-05,88412,APLICAÇÃO MANUAL DE FUNDO SELADOR ACRÍLICO EM PANOS CEGOS DE FACHADA (SEM PRESENÇA DE VÃOS) DE EDIFÍCIOS DE MÚLTIPLOS PAVIMENTOS. AF_03/2024,M2,Pintura Externa,4.84,sem_desoneracao,2026-06-12,928df42a952625eb12d41baf2b5ab17e1207af6e7881cb9f1c7fcac4708400e3,SINAPI_Referência_2026_05.xlsx!CSD!S8260,6c546876d4a4515918690d871611d0e5a85d1ced981403eea1e4cedce853ae47,cpu_hierarquica_v1,0.0,pintura,Pintura,pintura,ok,,4.84,0.0,SINAPI_Referência_2026_05.xlsx!Analítico!B52004
sinapi_es,2026-05,88413,APLICAÇÃO MANUAL DE FUNDO SELADOR ACRÍLICO EM SUPERFÍCIES EXTERNAS DE SACADA DE EDIFÍCIOS DE MÚLTIPLOS PAVIMENTOS. AF_03/2024,M2,Pintura Externa,7.48,sem_desoneracao,2026-06-12,928df42a952625eb12d41baf2b5ab17e1207af6e7881cb9f1c7fcac4708400e3,SINAPI_Referência_2026_05.xlsx!CSD!S8263,b722bfeba1aa92ac8d4b655716bf20db749fcad7886286eac28b9d76699fde8c,cpu_hierarquica_v1,0.0,pintura,Pintura,pintura,ok,,7.48,0.0,SINAPI_Referência_2026_05.xlsx!Analítico!B52016
sinapi_es,2026-05,88414,APLICAÇÃO MANUAL DE FUNDO SELADOR ACRÍLICO EM SUPERFÍCIES INTERNAS DA SACADA DE EDIFÍCIOS DE MÚLTIPLOS PAVIMENTOS. AF_03/2024,M2,Pintura Externa,8.89,sem_desoneracao,2026-06-12,928df42a952625eb12d41baf2b5ab17e1207af6e7881cb9f1c7fcac4708400e3,SINAPI_Referência_2026_05.xlsx!CSD!S8264,fbc13804a6dfef4c1577e3a5bfb5d088591b62c9f12e88dd20c2f5f2fbe32873,cpu_hierarquica_v1,0.0,pintura,Pintura,pintura,ok,,8.89,0.0,SINAPI_Referência_2026_05.xlsx!Analítico!B52020
sinapi_es,2026-05,88415,APLICAÇÃO MANUAL DE FUNDO SELADOR ACRÍLICO EM PAREDES EXTERNAS DE CASAS. AF_03/2024,M2,Pintura Externa,6.09,sem_desoneracao,2026-06-12,928df42a952625eb12d41baf2b5ab17e1207af6e7881cb9f1c7fcac4708400e3,SINAPI_Referência_2026_05.xlsx!CSD!S8262,f581a2a735675b2785b8602de0808e9246803ebf3b8eba8d07dedf4b559b31de,cpu_hierarquica_v1,0.0,pintura,Pintura,pintura,ok,,6.09,0.0,SINAPI_Referência_2026_05.xlsx!Analítico!B52012
sinapi_es,2026-05,88416,"APLICAÇÃO MANUAL DE PINTURA COM TINTA TEXTURIZADA ACRÍLICA EM PANOS COM PRESENÇA DE VÃOS DE EDIFÍCIOS DE MÚLTIPLOS PAVIMENTOS, UMA COR. AF_03/2024",M2,Pintura Externa,23.34,sem_desoneracao,2026-06-12,928df42a952625eb12d41baf2b5ab17e1207af6e7881cb9f1c7fcac4708400e3,SINAPI_Referência_2026_05.xlsx!CSD!S8279,53fa97976177e5aba705f7a063eae70532bcfbdaed05fb495fc4a438c4a26448,cpu_hierarquica_v1,0.0,pintura,Pintura,pintura,ok,,23.34,0.0,SINAPI_Referência_2026_05.xlsx!Analítico!B52090
sinapi_es,2026-05,88417,"APLICAÇÃO MANUAL DE PINTURA COM TINTA TEXTURIZADA ACRÍLICA EM PANOS CEGOS DE FACHADA (SEM PRESENÇA DE VÃOS) DE EDIFÍCIOS DE MÚLTIPLOS PAVIMENTOS, UMA COR. AF_03/2024",M2,Pintura Externa,19.38,sem_desoneracao,2026-06-12,928df42a952625eb12d41baf2b5ab17e1207af6e7881cb9f1c7fcac4708400e3,SINAPI_Referência_2026_05.xlsx!CSD!S8277,c9d4cb4239c9427bbdf96f3a901ba08463e281cadc9cd8dc65b79ca46717365d,cpu_hierarquica_v1,0.0,pintura,Pintura,pintura,ok,,19.38,0.0,SINAPI_Referência_2026_05.xlsx!Analítico!B52082
sinapi_es,2026-05,88420,"APLICAÇÃO MANUAL DE PINTURA COM TINTA TEXTURIZADA ACRÍLICA EM SUPERFÍCIES EXTERNAS DE SACADA DE EDIFÍCIOS DE MÚLTIPLOS PAVIMENTOS, UMA COR. AF_03/2024",M2,Pintura Externa,27.76,sem_desoneracao,2026-06-12,928df42a952625eb12d41baf2b5ab17e1207af6e7881cb9f1c7fcac4708400e3,SINAPI_Referência_2026_05.xlsx!CSD!S8283,097a4e6f5ba3a28612bab287d6df064cd31585fd2d7a107c663fd09f3182ed3e,cpu_hierarquica_v1,0.0,pintura,Pintura,pintura,ok,,27.76,0.0,SINAPI_Referência_2026_05.xlsx!Analítico!B52106
sinapi_es,2026-05,88421,"APLICAÇÃO MANUAL DE PINTURA COM TINTA TEXTURIZADA ACRÍLICA EM SUPERFÍCIES INTERNAS DA SACADA DE EDIFÍCIOS DE MÚLTIPLOS PAVIMENTOS, UMA COR. AF_03/2024",M2,Pintura Externa,33.39,sem_desoneracao,2026-06-12,928df42a952625eb12d41baf2b5ab17e1207af6e7881cb9f1c7fcac4708400e3,SINAPI_Referência_2026_05.xlsx!CSD!S8285,fc5545e11b4841863eb38a9f71be1b1dcdff59d33f024ab69e0b3ccc068d8c6a,cpu_hierarquica_v1,0.0,pintura,Pintura,pintura,ok,,33.39,0.0,SINAPI_Referência_2026_05.xlsx!Analítico!B52114
sinapi_es,2026-05,88423,"APLICAÇÃO MANUAL DE PINTURA COM TINTA TEXTURIZADA ACRÍLICA EM PAREDES EXTERNAS DE CASAS, UMA COR. AF_03/2024",M2,Pintura Externa,23.52,sem_desoneracao,2026-06-12,928df42a952625eb12d41baf2b5ab17e1207af6e7881cb9f1c7fcac4708400e3,SINAPI_Referência_2026_05.xlsx!CSD!S8281,f140fc7b9b784894567fc8b1226191bd84ad68d24dd1dcbbd39d06034b49bb3e,cpu_hierarquica_v1,0.0,pintura,Pintura,pintura,ok,,23.52,0.0,SINAPI_Referência_2026_05.xlsx!Analítico!B52098
sinapi_es,2026-05,88424,"APLICAÇÃO MANUAL DE PINTURA COM TINTA TEXTURIZADA ACRÍLICA EM PANOS COM PRESENÇA DE VÃOS DE EDIFÍCIOS DE MÚLTIPLOS PAVIMENTOS, DUAS CORES. AF_03/2024",M2,Pintura Externa,28.08,sem_desoneracao,2026-06-12,928df42a952625eb12d41baf2b5ab17e1207af6e7881cb9f1c7fcac4708400e3,SINAPI_Referência_2026_05.xlsx!CSD!S8278,4e2ba751be3ad2e630b75aa2eec356e3dde77ae0ddf938c941237925b5e831be,cpu_hierarquica_v1,0.0,pintura,Pintura,pintura,ok,,28.08,0.0,SINAPI_Referência_2026_05.xlsx!Analítico!B52086
sinapi_es,2026-05,88426,"APLICAÇÃO MANUAL DE PINTURA COM TINTA TEXTURIZADA ACRÍLICA EM PANOS CEGOS DE FACHADA (SEM PRESENÇA DE VÃOS) DE EDIFÍCIOS DE MÚLTIPLOS PAVIMENTOS, DUAS CORES. AF_03/2024",M2,Pintura Externa,21.93,sem_desoneracao,2026-06-12,928df42a952625eb12d41baf2b5ab17e1207af6e7881cb9f1c7fcac4708400e3,SINAPI_Referência_2026_05.xlsx!CSD!S8276,de6268d0aabd39456e731b7e57266f97bfe456c320c0298877068f993ce7c536,cpu_hierarquica_v1,0.0,pintura,Pintura,pintura,ok,,21.93,0.0,SINAPI_Referência_2026_05.xlsx!Analítico!B52078
sinapi_es,2026-05,88428,"APLICAÇÃO MANUAL DE PINTURA COM TINTA TEXTURIZADA ACRÍLICA EM SUPERFÍCIES EXTERNAS DE SACADA DE EDIFÍCIOS DE MÚLTIPLOS PAVIMENTOS, DUAS CORES. AF_03/2024",M2,Pintura Externa,36.85,sem_desoneracao,2026-06-12,928df42a952625eb12d41baf2b5ab17e1207af6e7881cb9f1c7fcac4708400e3,SINAPI_Referência_2026_05.xlsx!CSD!S8282,838acc004e790f1c83f1c1201cef575a8f2062ea666c9942a949f4200dd5f02e,cpu_hierarquica_v1,0.0,pintura,Pintura,pintura,ok,,36.85,0.0,SINAPI_Referência_2026_05.xlsx!Analítico!B52102
sinapi_es,2026-05,88429,"APLICAÇÃO MANUAL DE PINTURA COM TINTA TEXTURIZADA ACRÍLICA EM SUPERFÍCIES INTERNAS DA SACADA DE EDIFÍCIOS DE MÚLTIPLOS PAVIMENTOS, DUAS CORES. AF_03/2024",M2,Pintura Externa,43.97,sem_desoneracao,2026-06-12,928df42a952625eb12d41baf2b5ab17e1207af6e7881cb9f1c7fcac4708400e3,SINAPI_Referência_2026_05.xlsx!CSD!S8284,2a54eb6ef19989c3ca235bd53e5dbc7808b8e8963597dba6a4112b4f40f1415f,cpu_hierarquica_v1,0.0,pintura,Pintura,pintura,ok,,43.97,0.0,SINAPI_Referência_2026_05.xlsx!Analítico!B52110
sinapi_es,2026-05,88431,"APLICAÇÃO MANUAL DE PINTURA COM TINTA TEXTURIZADA ACRÍLICA EM PAREDES EXTERNAS DE CASAS, DUAS CORES. AF_03/2024",M2,Pintura Externa,28.84,sem_desoneracao,2026-06-12,928df42a952625eb12d41baf2b5ab17e1207af6e7881cb9f1c7fcac4708400e3,SINAPI_Referência_2026_05.xlsx!CSD!S8280,b3ca1201e25f4146d031915da7bf6e6d2b55f668b1d94c03cd8e056d1ee1579c,cpu_hierarquica_v1,0.0,pintura,Pintura,pintura,ok,,28.84,0.0,SINAPI_Referência_2026_05.xlsx!Analítico!B52094
sinapi_es,2026-05,88432,APLICAÇÃO MANUAL DE PINTURA COM TINTA TEXTURIZADA ACRÍLICA EM MOLDURAS DE EPS. AF_03/2024,M2,Pintura Externa,37.62,sem_desoneracao,2026-06-12,928df42a952625eb12d41baf2b5ab17e1207af6e7881cb9f1c7fcac4708400e3,SINAPI_Referência_2026_05.xlsx!CSD!S8275,d7e6cb000dfd4289e27f5971d55245fcdb7f986eafd00b337e7bb3356b09b673,cpu_hierarquica_v1,0.0,pintura,Pintura,pintura,ok,,37.62,0.0,SINAPI_Referência_2026_05.xlsx!Analítico!B52074
sinapi_es,2026-05,88470,"CONTRAPISO COM ARGAMASSA AUTONIVELANTE, APLICADO SOBRE LAJE, NÃO ADERIDO, ESPESSURA 3CM. AF_07/2021",M2,Contrapiso,31.78,sem_desoneracao,2026-06-12,928df42a952625eb12d41baf2b5ab17e1207af6e7881cb9f1c7fcac4708400e3,SINAPI_Referência_2026_05.xlsx!CSD!S1439,1c0daf536a1cd4c33707b973d8bce201517339b0d5df721b733a23c856be7561,cpu_hierarquica_v1,0.0,pisos,Pisos e acabamentos de borda,pisos,ok,,31.78,0.0,SINAPI_Referência_2026_05.xlsx!Analítico!B11066
sinapi_es,2026-05,88471,"CONTRAPISO COM ARGAMASSA AUTONIVELANTE, APLICADO SOBRE LAJE, NÃO ADERIDO, ESPESSURA 4CM. AF_07/2021",M2,Contrapiso,39.82,sem_desoneracao,2026-06-12,928df42a952625eb12d41baf2b5ab17e1207af6e7881cb9f1c7fcac4708400e3,SINAPI_Referência_2026_05.xlsx!CSD!S1440,7497f200345c9be7da1cdf1b7e328da218047a1e2eafdac059bcac70e0c77dc1,cpu_hierarquica_v1,0.0,pisos,Pisos e acabamentos de borda,pisos,ok,,39.82,0.0,SINAPI_Referência_2026_05.xlsx!Analítico!B11070
sinapi_es,2026-05,88472,"CONTRAPISO COM ARGAMASSA AUTONIVELANTE, APLICADO SOBRE LAJE, NÃO ADERIDO, ESPESSURA 5CM. AF_07/2021",M2,Contrapiso,46.2,sem_desoneracao,2026-06-12,928df42a952625eb12d41baf2b5ab17e1207af6e7881cb9f1c7fcac4708400e3,SINAPI_Referência_2026_05.xlsx!CSD!S1441,00d5524be1977b80bed1a7086d8c98ee62c618c8ed9bffe0b252e5f32ddc0cd3,cpu_hierarquica_v1,0.0,pisos,Pisos e acabamentos de borda,pisos,ok,,46.2,0.0,SINAPI_Referência_2026_05.xlsx!Analítico!B11074
sinapi_es,2026-05,88476,"CONTRAPISO COM ARGAMASSA AUTONIVELANTE, APLICADO SOBRE LAJE, ADERIDO, ESPESSURA 2CM. AF_07/2021",M2,Contrapiso,24.7,sem_desoneracao,2026-06-12,928df42a952625eb12d41baf2b5ab17e1207af6e7881cb9f1c7fcac4708400e3,SINAPI_Referência_2026_05.xlsx!CSD!S1436,62ab9d8bc9f523ef268994b9596498b04f7e43b911c98017f88b36ce978182ce,cpu_hierarquica_v1,0.0,pisos,Pisos e acabamentos de borda,pisos,ok,,24.7,0.0,SINAPI_Referência_2026_05.xlsx!Analítico!B11051
sinapi_es,2026-05,88477,"CONTRAPISO COM ARGAMASSA AUTONIVELANTE, APLICADO SOBRE LAJE, ADERIDO, ESPESSURA 3CM. AF_07/2021",M2,Contrapiso,34.78,sem_desoneracao,2026-06-12,928df42a952625eb12d41baf2b5ab17e1207af6e7881cb9f1c7fcac4708400e3,SINAPI_Referência_2026_05.xlsx!CSD!S1437,fc7ad3f57f85c21b3705bf6e16ef01310ccfe892c0d5440bb3b603b6711a58e3,cpu_hierarquica_v1,0.0,pisos,Pisos e acabamentos de borda,pisos,ok,,34.78,0.0,SINAPI_Referência_2026_05.xlsx!Analítico!B11056
sinapi_es,2026-05,88478,"CONTRAPISO COM ARGAMASSA AUTONIVELANTE, APLICADO SOBRE LAJE, ADERIDO, ESPESSURA 4CM. AF_07/2021",M2,Contrapiso,43.12,sem_desoneracao,2026-06-12,928df42a952625eb12d41baf2b5ab17e1207af6e7881cb9f1c7fcac4708400e3,SINAPI_Referência_2026_05.xlsx!CSD!S1438,d04c41e506d0e442c65829e15cb1e58099e538018f9cd129f78e8db3f6dd44af,cpu_hierarquica_v1,0.0,pisos,Pisos e acabamentos de borda,pisos,ok,,43.12,0.0,SINAPI_Referência_2026_05.xlsx!Analítico!B11061
sinapi_es,2026-05,88484,"FUNDO SELADOR ACRÍLICO, APLICAÇÃO MANUAL EM TETO, UMA DEMÃO. AF_04/2023",M2,Pintura Interna,6.6,sem_desoneracao,2026-06-12,928df42a952625eb12d41baf2b5ab17e1207af6e7881cb9f1c7fcac4708400e3,SINAPI_Referência_2026_05.xlsx!CSD!S8300,7e45f04ef3019f71dd1e487188636823e91a74868034a17cc41edf9b8422a132,cpu_hierarquica_v1,0.0,pintura,Pintura,pintura,ok,,6.6,0.0,SINAPI_Referência_2026_05.xlsx!Analítico!B52190
sinapi_es,2026-05,88485,"FUNDO SELADOR ACRÍLICO, APLICAÇÃO MANUAL EM PAREDE, UMA DEMÃO. AF_04/2023",M2,Pintura Interna,5.31,sem_desoneracao,2026-06-12,928df42a952625eb12d41baf2b5ab17e1207af6e7881cb9f1c7fcac4708400e3,SINAPI_Referência_2026_05.xlsx!CSD!S8299,05167ce2479831231dcb9c84da06a243fb1f0d6409ab8cb66abf049efef28953,cpu_hierarquica_v1,0.0,pintura,Pintura,pintura,ok,,5.31,0.0,SINAPI_Referência_2026_05.xlsx!Analítico!B52186
sinapi_es,2026-05,88488,"PINTURA LÁTEX ACRÍLICA PREMIUM, APLICAÇÃO MANUAL EM TETO, DUAS DEMÃOS. AF_04/2023",M2,Pintura Interna,18.34,sem_desoneracao,2026-06-12,928df42a952625eb12d41baf2b5ab17e1207af6e7881cb9f1c7fcac4708400e3,SINAPI_Referência_2026_05.xlsx!CSD!S8308,a3eb4ef0b4e13344cebc3df8a33bda8a0031ae73b4cd44b67af9ad13eafaafac,cpu_hierarquica_v1,0.0,pintura,Pintura,pintura,ok,,18.34,0.0,SINAPI_Referência_2026_05.xlsx!Analítico!B52230
sinapi_es,2026-05,88489,"PINTURA LÁTEX ACRÍLICA PREMIUM, APLICAÇÃO MANUAL EM PAREDES, DUAS DEMÃOS. AF_04/2023",M2,Pintura Interna,15.16,sem_desoneracao,2026-06-12,928df42a952625eb12d41baf2b5ab17e1207af6e7881cb9f1c7fcac4708400e3,SINAPI_Referência_2026_05.xlsx!CSD!S8307,2d67591a3c55767145f4ddd5f9e271cb8664c45b526aac70f4639705eac08b53,cpu_hierarquica_v1,0.0,pintura,Pintura,pintura,ok,,15.16,0.0,SINAPI_Referência_2026_05.xlsx!Analítico!B52226
sinapi_es,2026-05,88494,"EMASSAMENTO COM MASSA LÁTEX, APLICAÇÃO EM TETO, UMA DEMÃO, LIXAMENTO MANUAL. AF_04/2023",M2,Pintura Interna,28.51,sem_desoneracao,2026-06-12,928df42a952625eb12d41baf2b5ab17e1207af6e7881cb9f1c7fcac4708400e3,SINAPI_Referência_2026_05.xlsx!CSD!S8297,326a313ce3dde9c497a5b3aa5429827fbcb7b2c5416fceb67835b56643941bd5,cpu_hierarquica_v1,0.0,pintura,Pintura,pintura,ok,,28.51,0.0,SINAPI_Referência_2026_05.xlsx!Analítico!B52174
sinapi_es,2026-05,88495,"EMASSAMENTO COM MASSA LÁTEX, APLICAÇÃO EM PAREDE, UMA DEMÃO, LIXAMENTO MANUAL. AF_04/2023",M2,Pintura Interna,15.62,sem_desoneracao,2026-06-12,928df42a952625eb12d41baf2b5ab17e1207af6e7881cb9f1c7fcac4708400e3,SINAPI_Referência_2026_05.xlsx!CSD!S8293,1f01e987e0c57a8950725c40cf19b5f7d955f538ceba323a777064e3e67c92c5,cpu_hierarquica_v1,0.0,pintura,Pintura,pintura,ok,,15.62,0.0,SINAPI_Referência_2026_05.xlsx!Analítico!B52150
sinapi_es,2026-05,88496,"EMASSAMENTO COM MASSA LÁTEX, APLICAÇÃO EM TETO, DUAS DEMÃOS, LIXAMENTO MANUAL. AF_04/2023",M2,Pintura Interna,43.13,sem_desoneracao,2026-06-12,928df42a952625eb12d41baf2b5ab17e1207af6e7881cb9f1c7fcac4708400e3,SINAPI_Referência_2026_05.xlsx!CSD!S8295,aab34823e86970f97fde794c17cd88c0a0ae05e13c8bf84f5de6812d21d9deff,cpu_hierarquica_v1,0.0,pintura,Pintura,pintura,ok,,43.13,0.0,SINAPI_Referência_2026_05.xlsx!Analítico!B52162
sinapi_es,2026-05,88497,"EMASSAMENTO COM MASSA LÁTEX, APLICAÇÃO EM PAREDE, DUAS DEMÃOS, LIXAMENTO MANUAL. AF_04/2023",M2,Pintura Interna,24.22,sem_desoneracao,2026-06-12,928df42a952625eb12d41baf2b5ab17e1207af6e7881cb9f1c7fcac4708400e3,SINAPI_Referência_2026_05.xlsx!CSD!S8291,73d285a00cb364f63d7d61a5c33e54c5ab70381974a253a9cbf5c1525de64d4b,cpu_hierarquica_v1,0.0,pintura,Pintura,pintura,ok,,24.22,0.0,SINAPI_Referência_2026_05.xlsx!Analítico!B52138
sinapi_es,2026-05,88788,"REVESTIMENTO CERÂMICO PARA PAREDES EXTERNAS EM PASTILHAS DE PORCELANA 2,5 X 2,5 CM (PLACAS DE 30 X 30 CM), ALINHADAS A PRUMO. AF_02/2023",M2,Revestimentos Cerâmicos Externos,330.92,sem_desoneracao,2026-06-12,928df42a952625eb12d41baf2b5ab17e1207af6e7881cb9f1c7fcac4708400e3,SINAPI_Referência_2026_05.xlsx!CSD!S9310,da4854d78769de03a1360e110e033a8acdddd190470342d16ead5abb1eba511a,cpu_hierarquica_v1,0.0,revestimentos_forros,Revestimentos e forros,revestimentos_forros,ok,,330.92,0.0,SINAPI_Referência_2026_05.xlsx!Analítico!B59583
sinapi_es,2026-05,88789,"REVESTIMENTO CERÂMICO PARA PAREDES EXTERNAS EM PASTILHAS DE PORCELANA 2,5 X 2,5 CM (PLACAS DE 30 X 30 CM), ALINHADAS A PRUMO, APLICADO EM SUPERFÍCIES INTERNAS DE SACADA. AF_02/2023",M2,Revestimentos Cerâmicos Externos,396.38,sem_desoneracao,2026-06-12,928df42a952625eb12d41baf2b5ab17e1207af6e7881cb9f1c7fcac4708400e3,SINAPI_Referência_2026_05.xlsx!CSD!S9309,4c38f57312bda80269ffffe23ccb8be7bb9dd3a1e398158bcc69e1122cb8b9c3,cpu_hierarquica_v1,0.0,revestimentos_forros,Revestimentos e forros,revestimentos_forros,ok,,396.38,0.0,SINAPI_Referência_2026_05.xlsx!Analítico!B59578
sinapi_es,2026-05,90406,"MASSA ÚNICA, EM ARGAMASSA TRAÇO 1:2:8, PREPARO MECÂNICO, APLICADA MANUALMENTE EM TETO, E = 17,5MM, COM TALISCAS. AF_03/2024",M2,Massa Única Interna,53.05,sem_desoneracao,2026-06-12,928df42a952625eb12d41baf2b5ab17e1207af6e7881cb9f1c7fcac4708400e3,SINAPI_Referência_2026_05.xlsx!CSD!S7796,e267d792f59a6189a617c5a52a99eb7c1488c245d040a064654d09643220eb6d,cpu_hierarquica_v1,0.0,revestimentos_forros,Revestimentos e forros,revestimentos_forros,ok,,53.05,0.0,SINAPI_Referência_2026_05.xlsx!Analítico!B47998
sinapi_es,2026-05,90408,"MASSA ÚNICA, EM ARGAMASSA TRAÇO 1:2:8, PREPARO MECÂNICO, APLICADA MANUALMENTE EM TETO, E = 10MM, COM TALISCAS. AF_03/2024",M2,Massa Única Interna,39.91,sem_desoneracao,2026-06-12,928df42a952625eb12d41baf2b5ab17e1207af6e7881cb9f1c7fcac4708400e3,SINAPI_Referência_2026_05.xlsx!CSD!S7795,e96da668908bb3973918f0cdbd0aa8461492de37e361f203b65b8959db99f335,cpu_hierarquica_v1,0.0,revestimentos_forros,Revestimentos e forros,revestimentos_forros,ok,,39.91,0.0,SINAPI_Referência_2026_05.xlsx!Analítico!B47994
sinapi_es,2026-05,90930,"CONTRAPISO ACÚSTICO EM ARGAMASSA TRAÇO 1:4 (CIMENTO E AREIA), PREPARO MECÂNICO COM BETONEIRA 400L, APLICADO EM ÁREAS SECAS, ACABAMENTO NÃO REFORÇADO, ESPESSURA 5CM. AF_07/2021",M2,Contrapiso,83.08,sem_desoneracao,2026-06-12,928df42a952625eb12d41baf2b5ab17e1207af6e7881cb9f1c7fcac4708400e3,SINAPI_Referência_2026_05.xlsx!CSD!S1433,a10428b23bf331b686624e41dbd14d0c49ee3b16866e8580699aadc512f23a41,cpu_hierarquica_v1,0.0,pisos,Pisos e acabamentos de borda,pisos,ok,,83.08,0.0,SINAPI_Referência_2026_05.xlsx!Analítico!B11033
sinapi_es,2026-05,90932,"CONTRAPISO ACÚSTICO EM ARGAMASSA TRAÇO 1:4 (CIMENTO E AREIA), PREPARO MANUAL, APLICADO EM ÁREAS SECAS, ACABAMENTO NÃO REFORÇADO, ESPESSURA 5CM. AF_07/2021",M2,Contrapiso,91.52,sem_desoneracao,2026-06-12,928df42a952625eb12d41baf2b5ab17e1207af6e7881cb9f1c7fcac4708400e3,SINAPI_Referência_2026_05.xlsx!CSD!S1430,93db822d5aea7ea673a57a28095391ff01be6b8f22f32c1ee75ca7c4d3d8831f,cpu_hierarquica_v1,0.0,pisos,Pisos e acabamentos de borda,pisos,ok,,91.52,0.0,SINAPI_Referência_2026_05.xlsx!Analítico!B11015
sinapi_es,2026-05,90933,"CONTRAPISO ACÚSTICO EM ARGAMASSA PRONTA, PREPARO MECÂNICO COM MISTURADOR 300 KG, APLICADO EM ÁREAS SECAS, ACABAMENTO NÃO REFORÇADO, ESPESSURA 5CM. AF_07/2021",M2,Contrapiso,157.78,sem_desoneracao,2026-06-12,928df42a952625eb12d41baf2b5ab17e1207af6e7881cb9f1c7fcac4708400e3,SINAPI_Referência_2026_05.xlsx!CSD!S1427,c19e38545f1c846f30c0ef71635b3f2d752cc418ed3b4b0b49020b53a774c4cf,cpu_hierarquica_v1,0.0,pisos,Pisos e acabamentos de borda,pisos,ok,,157.78,0.0,SINAPI_Referência_2026_05.xlsx!Analítico!B10997
sinapi_es,2026-05,90934,"CONTRAPISO ACÚSTICO EM ARGAMASSA PRONTA, PREPARO MANUAL, APLICADO EM ÁREAS SECAS, ACABAMENTO NÃO REFORÇADO, ESPESSURA 5CM. AF_07/2021",M2,Contrapiso,174.0,sem_desoneracao,2026-06-12,928df42a952625eb12d41baf2b5ab17e1207af6e7881cb9f1c7fcac4708400e3,SINAPI_Referência_2026_05.xlsx!CSD!S1425,0a8e2b92dff6bbc2b0cdfcdc87f7b0ce35aef66da41ffe78bfcd2c7d5ba3ca29,cpu_hierarquica_v1,0.0,pisos,Pisos e acabamentos de borda,pisos,ok,,174.0,0.0,SINAPI_Referência_2026_05.xlsx!Analítico!B10985
sinapi_es,2026-05,90940,"CONTRAPISO ACÚSTICO EM ARGAMASSA TRAÇO 1:4 (CIMENTO E AREIA), PREPARO MECÂNICO COM BETONEIRA 400L, APLICADO EM ÁREAS SECAS, ACABAMENTO NÃO REFORÇADO, ESPESSURA 6CM. AF_07/2021",M2,Contrapiso,88.91,sem_desoneracao,2026-06-12,928df42a952625eb12d41baf2b5ab17e1207af6e7881cb9f1c7fcac4708400e3,SINAPI_Referência_2026_05.xlsx!CSD!S1434,c4b405d44cbf6c9f399686d5f27e2aa593a0ac9c8fbf53f7c9075d0b9dae0534,cpu_hierarquica_v1,0.0,pisos,Pisos e acabamentos de borda,pisos,ok,,88.91,0.0,SINAPI_Referência_2026_05.xlsx!Analítico!B11039
sinapi_es,2026-05,90942,"CONTRAPISO ACÚSTICO EM ARGAMASSA TRAÇO 1:4 (CIMENTO E AREIA), PREPARO MANUAL, APLICADO EM ÁREAS SECAS, ACABAMENTO NÃO REFORÇADO, ESPESSURA 6CM. AF_07/2021",M2,Contrapiso,98.1,sem_desoneracao,2026-06-12,928df42a952625eb12d41baf2b5ab17e1207af6e7881cb9f1c7fcac4708400e3,SINAPI_Referência_2026_05.xlsx!CSD!S1431,0f8e7b1ae55c5045d39322837a2a7112aa8c56ccf15f1a38adc83fb339516ce3,cpu_hierarquica_v1,0.0,pisos,Pisos e acabamentos de borda,pisos,ok,,98.1,0.0,SINAPI_Referência_2026_05.xlsx!Analítico!B11021
sinapi_es,2026-05,90943,"CONTRAPISO ACÚSTICO EM ARGAMASSA PRONTA, PREPARO MECÂNICO COM MISTURADOR 300 KG, APLICADO EM ÁREAS SECAS, ACABAMENTO NÃO REFORÇADO, ESPESSURA 6CM. AF_07/2021",M2,Contrapiso,170.25,sem_desoneracao,2026-06-12,928df42a952625eb12d41baf2b5ab17e1207af6e7881cb9f1c7fcac4708400e3,SINAPI_Referência_2026_05.xlsx!CSD!S1428,57f49f7c60335b4054132d509b381e15f1d0c83abca9b5cb7a62fc16c4cae50b,cpu_hierarquica_v1,0.0,pisos,Pisos e acabamentos de borda,pisos,ok,,170.25,0.0,SINAPI_Referência_2026_05.xlsx!Analítico!B11003
sinapi_es,2026-05,90944,"CONTRAPISO ACÚSTICO EM ARGAMASSA PRONTA, PREPARO MANUAL, APLICADO EM ÁREAS SECA, ACABAMENTO NÃO REFORÇADO, ESPESSURA 6CM. AF_07/2021",M2,Contrapiso,187.91,sem_desoneracao,2026-06-12,928df42a952625eb12d41baf2b5ab17e1207af6e7881cb9f1c7fcac4708400e3,SINAPI_Referência_2026_05.xlsx!CSD!S1424,b1fa361e0cb7169b35673af07021bb8dc21de1223ee592bb9e7fe30879cd0442,cpu_hierarquica_v1,0.0,pisos,Pisos e acabamentos de borda,pisos,ok,,187.91,0.0,SINAPI_Referência_2026_05.xlsx!Analítico!B10979
sinapi_es,2026-05,90950,"CONTRAPISO ACÚSTICO EM ARGAMASSA TRAÇO 1:4 (CIMENTO E AREIA), PREPARO MECÂNICO COM BETONEIRA 400L, APLICADO EM ÁREAS SECAS, ACABAMENTO NÃO REFORÇADO, ESPESSURA 7CM. AF_07/2021",M2,Contrapiso,99.54,sem_desoneracao,2026-06-12,928df42a952625eb12d41baf2b5ab17e1207af6e7881cb9f1c7fcac4708400e3,SINAPI_Referência_2026_05.xlsx!CSD!S1435,36a626442ea9cdab468bfaafafd8eeebaf19212902a82bb78d2d1407fe222396,cpu_hierarquica_v1,0.0,pisos,Pisos e acabamentos de borda,pisos,ok,,99.54,0.0,SINAPI_Referência_2026_05.xlsx!Analítico!B11045
sinapi_es,2026-05,90952,"CONTRAPISO ACÚSTICO EM ARGAMASSA TRAÇO 1:4 (CIMENTO E AREIA), PREPARO MANUAL, APLICADO EM ÁREAS SECAS, ACABAMENTO NÃO REFORÇADO, ESPESSURA 7CM. AF_07/2021",M2,Contrapiso,110.11,sem_desoneracao,2026-06-12,928df42a952625eb12d41baf2b5ab17e1207af6e7881cb9f1c7fcac4708400e3,SINAPI_Referência_2026_05.xlsx!CSD!S1432,41ea3e4caf07505523c6d44a59f3a7843b6943e82df4c200727f4cefb259baec,cpu_hierarquica_v1,0.0,pisos,Pisos e acabamentos de borda,pisos,ok,,110.11,0.0,SINAPI_Referência_2026_05.xlsx!Analítico!B11027
sinapi_es,2026-05,90953,"CONTRAPISO ACÚSTICO EM ARGAMASSA PRONTA, PREPARO MECÂNICO COM MISTURADOR 300 KG, APLICADO EM ÁREAS SECAS, ACABAMENTO NÃO REFORÇADO, ESPESSURA 7CM. AF_07/2021",M2,Contrapiso,193.07,sem_desoneracao,2026-06-12,928df42a952625eb12d41baf2b5ab17e1207af6e7881cb9f1c7fcac4708400e3,SINAPI_Referência_2026_05.xlsx!CSD!S1429,cb1150269fb11d6ecc0841b242c06eacc60582cf61a1fc5b3ecd1b3794284b1b,cpu_hierarquica_v1,0.0,pisos,Pisos e acabamentos de borda,pisos,ok,,193.07,0.0,SINAPI_Referência_2026_05.xlsx!Analítico!B11009
sinapi_es,2026-05,90954,"CONTRAPISO ACÚSTICO EM ARGAMASSA PRONTA, PREPARO MANUAL, APLICADO EM ÁREAS SECAS, ACABAMENTO NÃO REFORÇADO, ESPESSURA 7CM. AF_07/2021",M2,Contrapiso,213.37,sem_desoneracao,2026-06-12,928df42a952625eb12d41baf2b5ab17e1207af6e7881cb9f1c7fcac4708400e3,SINAPI_Referência_2026_05.xlsx!CSD!S1426,886296dd0882069cdaee24828afd83cc59e6bdeaeafba8094380564918ff697a,cpu_hierarquica_v1,0.0,pisos,Pisos e acabamentos de borda,pisos,ok,,213.37,0.0,SINAPI_Referência_2026_05.xlsx!Analítico!B10991
sinapi_es,2026-05,91515,"ESTUCAMENTO DE DENSIDADE BAIXA DE PANOS DE FACHADA DO SISTEMA DE PAREDES DE CONCRETO EM EDIFICAÇÕES DE MÚLTIPLOS PAVIMENTOS, PAVIMENTOS SUPERIORES, UTILIZAÇÃO DE ARGAMASSA COLANTE. AF_12/2024",M2,Paredes de Concreto - Estucamento,6.15,sem_desoneracao,2026-06-12,928df42a952625eb12d41baf2b5ab17e1207af6e7881cb9f1c7fcac4708400e3,SINAPI_Referência_2026_05.xlsx!CSD!S8009,03906f02d6ce348f418740235230b21b8a3bcfeb2c9a7d0d4655bf37b972cd0b,cpu_hierarquica_v1,0.0,revestimentos_forros,Revestimentos e forros,revestimentos_forros,ok,,6.15,0.0,SINAPI_Referência_2026_05.xlsx!Analítico!B49055
sinapi_es,2026-05,91519,"ESTUCAMENTO DE DENSIDADE BAIXA DE PANOS DE FACHADA DO SISTEMA DE PAREDES DE CONCRETO EM UNIDADES HABITACIONAIS DE PAVIMENTO ÚNICO, UTILIZAÇÃO DE ARGAMASSA COLANTE. AF_12/2024",M2,Paredes de Concreto - Estucamento,2.54,sem_desoneracao,2026-06-12,928df42a952625eb12d41baf2b5ab17e1207af6e7881cb9f1c7fcac4708400e3,SINAPI_Referência_2026_05.xlsx!CSD!S8011,cc3581e2af944c56b76cdef5b21e86ed22bc6eed552d68a47d43ddc926a062e7,cpu_hierarquica_v1,0.0,revestimentos_forros,Revestimentos e forros,revestimentos_forros,ok,,2.54,0.0,SINAPI_Referência_2026_05.xlsx!Analítico!B49063
sinapi_es,2026-05,91520,"ESTUCAMENTO DE DENSIDADE BAIXA NAS FACES INTERNAS DE PAREDES DO SISTEMA DE PAREDES DE CONCRETO, EM AMBIENTES COM ÁREA ENTRE 5 M² E 10 M², UTILIZAÇÃO DE ARGAMASSA COLANTE. AF_12/2024",M2,Paredes de Concreto - Estucamento,2.58,sem_desoneracao,2026-06-12,928df42a952625eb12d41baf2b5ab17e1207af6e7881cb9f1c7fcac4708400e3,SINAPI_Referência_2026_05.xlsx!CSD!S8012,62142b9e9710a9ba177e3f3d8ce1e54e59b2384d1f38719bbad5f5bf30d57f5b,cpu_hierarquica_v1,0.0,revestimentos_forros,Revestimentos e forros,revestimentos_forros,ok,,2.58,0.0,SINAPI_Referência_2026_05.xlsx!Analítico!B49067
sinapi_es,2026-05,91522,"ESTUCAMENTO PARA QUALQUER REVESTIMENTO, EM TETO DO SISTEMA DE PAREDES DE CONCRETO, EM AMBIENTES COM ÁREA ENTRE 5 M² E 10 M², UTILIZAÇÃO DE ARGAMASSA COLANTE. AF_12/2024",M2,Paredes de Concreto - Estucamento,4.36,sem_desoneracao,2026-06-12,928df42a952625eb12d41baf2b5ab17e1207af6e7881cb9f1c7fcac4708400e3,SINAPI_Referência_2026_05.xlsx!CSD!S8015,c8a860a4bb40774346f3fb9de657b56c4dfaff31ae74c1387b9468bdf93a07a9,cpu_hierarquica_v1,0.0,revestimentos_forros,Revestimentos e forros,revestimentos_forros,ok,,4.36,0.0,SINAPI_Referência_2026_05.xlsx!Analítico!B49079
sinapi_es,2026-05,91525,"ESTUCAMENTO DE DENSIDADE ALTA NAS FACES INTERNAS DE PAREDES DO SISTEMA DE PAREDES DE CONCRETO, EM AMBIENTES COM ÁREA ENTRE 5 M² E 10 M², UTILIZAÇÃO DE ARGAMASSA COLANTE. AF_12/2024",M2,Paredes de Concreto - Estucamento,8.24,sem_desoneracao,2026-06-12,928df42a952625eb12d41baf2b5ab17e1207af6e7881cb9f1c7fcac4708400e3,SINAPI_Referência_2026_05.xlsx!CSD!S7999,602be55b6d93c67696ee33cea423652c93903762f4e10d92bb09e2b87197e5e0,cpu_hierarquica_v1,0.0,revestimentos_forros,Revestimentos e forros,revestimentos_forros,ok,,8.24,0.0,SINAPI_Referência_2026_05.xlsx!Analítico!B49015
sinapi_es,2026-05,95305,"TEXTURA ACRÍLICA, APLICAÇÃO MANUAL EM PAREDE, UMA DEMÃO. AF_04/2023",M2,Pintura Interna,15.82,sem_desoneracao,2026-06-12,928df42a952625eb12d41baf2b5ab17e1207af6e7881cb9f1c7fcac4708400e3,SINAPI_Referência_2026_05.xlsx!CSD!S8311,4ee62b1b950e20f48de97fe98c1d8bfe56539957a54a3ced09604331fd732c6c,cpu_hierarquica_v1,0.0,pintura,Pintura,pintura,ok,,15.82,0.0,SINAPI_Referência_2026_05.xlsx!Analítico!B52242
sinapi_es,2026-05,95306,"TEXTURA ACRÍLICA, APLICAÇÃO MANUAL EM TETO, UMA DEMÃO. AF_04/2023",M2,Pintura Interna,18.82,sem_desoneracao,2026-06-12,928df42a952625eb12d41baf2b5ab17e1207af6e7881cb9f1c7fcac4708400e3,SINAPI_Referência_2026_05.xlsx!CSD!S8312,862015a9a499d45189c497f4b7a93db4b7578f38b6dfff16e4aeefb7415d6729,cpu_hierarquica_v1,0.0,pintura,Pintura,pintura,ok,,18.82,0.0,SINAPI_Referência_2026_05.xlsx!Analítico!B52246
sinapi_es,2026-05,95622,"APLICAÇÃO MANUAL DE TINTA LÁTEX ACRÍLICA EM PANOS COM PRESENÇA DE VÃOS DE EDIFÍCIOS DE MÚLTIPLOS PAVIMENTOS, DUAS DEMÃOS. AF_03/2024",M2,Pintura Externa,17.98,sem_desoneracao,2026-06-12,928df42a952625eb12d41baf2b5ab17e1207af6e7881cb9f1c7fcac4708400e3,SINAPI_Referência_2026_05.xlsx!CSD!S8286,f4f57fb992a54d1feddeaadff859b118ae0a645f718fcc30b35eb96f5f0dd800,cpu_hierarquica_v1,0.0,pintura,Pintura,pintura,ok,,17.98,0.0,SINAPI_Referência_2026_05.xlsx!Analítico!B52118
sinapi_es,2026-05,95623,"APLICAÇÃO MANUAL DE TINTA LÁTEX ACRÍLICA EM PANOS SEM PRESENÇA DE VÃOS DE EDIFÍCIOS DE MÚLTIPLOS PAVIMENTOS, DUAS DEMÃOS. AF_03/2024",M2,Pintura Externa,12.18,sem_desoneracao,2026-06-12,928df42a952625eb12d41baf2b5ab17e1207af6e7881cb9f1c7fcac4708400e3,SINAPI_Referência_2026_05.xlsx!CSD!S8287,d90847ef7c0b9598caa3619d5d3c345b0b7b21588d79fa1f7ae04aadb3cc50a7,cpu_hierarquica_v1,0.0,pintura,Pintura,pintura,ok,,12.18,0.0,SINAPI_Referência_2026_05.xlsx!Analítico!B52122
sinapi_es,2026-05,95624,"APLICAÇÃO MANUAL DE TINTA LÁTEX ACRÍLICA EM SUPERFÍCIES EXTERNAS DE SACADA DE EDIFÍCIOS DE MÚLTIPLOS PAVIMENTOS, DUAS DEMÃOS. AF_03/2024",M2,Pintura Externa,28.18,sem_desoneracao,2026-06-12,928df42a952625eb12d41baf2b5ab17e1207af6e7881cb9f1c7fcac4708400e3,SINAPI_Referência_2026_05.xlsx!CSD!S8289,210944b43417ff3416ef931a3bc7220330732ee13218492e67f6c61eaaa05d53,cpu_hierarquica_v1,0.0,pintura,Pintura,pintura,ok,,28.18,0.0,SINAPI_Referência_2026_05.xlsx!Analítico!B52130
sinapi_es,2026-05,95625,"APLICAÇÃO MANUAL DE TINTA LÁTEX ACRÍLICA EM SUPERFÍCIES INTERNAS DE SACADA DE EDIFÍCIOS DE MÚLTIPLOS PAVIMENTOS, DUAS DEMÃOS. AF_03/2024",M2,Pintura Externa,33.24,sem_desoneracao,2026-06-12,928df42a952625eb12d41baf2b5ab17e1207af6e7881cb9f1c7fcac4708400e3,SINAPI_Referência_2026_05.xlsx!CSD!S8290,6ce2bbb347b6137217cf89f9f4fff21542b85fb9c892c830fa022477d04ea9c2,cpu_hierarquica_v1,0.0,pintura,Pintura,pintura,ok,,33.24,0.0,SINAPI_Referência_2026_05.xlsx!Analítico!B52134
sinapi_es,2026-05,95626,"APLICAÇÃO MANUAL DE TINTA LÁTEX ACRÍLICA EM PAREDE EXTERNAS DE CASAS, DUAS DEMÃOS. AF_03/2024",M2,Pintura Externa,19.19,sem_desoneracao,2026-06-12,928df42a952625eb12d41baf2b5ab17e1207af6e7881cb9f1c7fcac4708400e3,SINAPI_Referência_2026_05.xlsx!CSD!S8288,b72e91fbb85a9a704669d2127525dcc0f6c04176706239a380c4bba7c01c136a,cpu_hierarquica_v1,0.0,pintura,Pintura,pintura,ok,,19.19,0.0,SINAPI_Referência_2026_05.xlsx!Analítico!B52126
sinapi_es,2026-05,96109,"FORRO EM PLACAS DE GESSO, PARA AMBIENTES RESIDENCIAIS. AF_08/2023_PS",M2,Forros,56.1,sem_desoneracao,2026-06-12,928df42a952625eb12d41baf2b5ab17e1207af6e7881cb9f1c7fcac4708400e3,SINAPI_Referência_2026_05.xlsx!CSD!S4201,98240bb2811ffe5630efb5a290c8a604af66fc661c1285e98653fa1ae3fd6107,cpu_hierarquica_v1,0.0,revestimentos_forros,Revestimentos e forros,revestimentos_forros,ok,,56.1,0.0,SINAPI_Referência_2026_05.xlsx!Analítico!B25715
sinapi_es,2026-05,96110,"FORRO EM DRYWALL PARA AMBIENTES RESIDENCIAIS, INCLUSIVE ESTRUTURA UNIDIRECIONAL DE FIXAÇÃO. AF_08/2023_PS",M2,Forros,81.0,sem_desoneracao,2026-06-12,928df42a952625eb12d41baf2b5ab17e1207af6e7881cb9f1c7fcac4708400e3,SINAPI_Referência_2026_05.xlsx!CSD!S4195,0ab1730e98d64975e14d7ad0fa6b183c1487e0afbe920eea9b8d09199ba1224a,cpu_hierarquica_v1,0.0,revestimentos_forros,Revestimentos e forros,revestimentos_forros,ok,,81.0,0.0,SINAPI_Referência_2026_05.xlsx!Analítico!B25660
sinapi_es,2026-05,96111,"FORRO EM RÉGUAS DE PVC, FRISADO, PARA AMBIENTES RESIDENCIAIS, INCLUSIVE ESTRUTURA UNIDIRECIONAL DE FIXAÇÃO. AF_08/2023_PS",M2,Forros,66.75,sem_desoneracao,2026-06-12,928df42a952625eb12d41baf2b5ab17e1207af6e7881cb9f1c7fcac4708400e3,SINAPI_Referência_2026_05.xlsx!CSD!S4203,0a8e8babfba7a8212c71810e0ddd763d213b3b02ddd5abbb2c807460de8f6e8c,cpu_hierarquica_v1,0.0,revestimentos_forros,Revestimentos e forros,revestimentos_forros,ok,,66.75,0.0,SINAPI_Referência_2026_05.xlsx!Analítico!B25732
sinapi_es,2026-05,96112,"FORRO EM MADEIRA PINUS, PARA AMBIENTES RESIDENCIAIS, INCLUSIVE ESTRUTURA UNIDIRECIONAL DE FIXAÇÃO. AF_08/2023",M2,Forros,183.5,sem_desoneracao,2026-06-12,928df42a952625eb12d41baf2b5ab17e1207af6e7881cb9f1c7fcac4708400e3,SINAPI_Referência_2026_05.xlsx!CSD!S4199,38121af1de8d488a96ce609611095ed9978657e1bead866add440097acdc712b,cpu_hierarquica_v1,0.0,revestimentos_forros,Revestimentos e forros,revestimentos_forros,ok,,183.5,0.0,SINAPI_Referência_2026_05.xlsx!Analítico!B25700
sinapi_es,2026-05,96113,"FORRO EM PLACAS DE GESSO, PARA AMBIENTES COMERCIAIS. AF_08/2023_PS",M2,Forros,50.34,sem_desoneracao,2026-06-12,928df42a952625eb12d41baf2b5ab17e1207af6e7881cb9f1c7fcac4708400e3,SINAPI_Referência_2026_05.xlsx!CSD!S4200,1966c06084b81543bb0efb31e439b56946f85b52805c1b6db6ddea82e73729db,cpu_hierarquica_v1,0.0,revestimentos_forros,Revestimentos e forros,revestimentos_forros,ok,,50.34,0.0,SINAPI_Referência_2026_05.xlsx!Analítico!B25707
sinapi_es,2026-05,96114,"FORRO EM DRYWALL, PARA AMBIENTES COMERCIAIS, INCLUSIVE ESTRUTURA BIRECIONAL DE FIXAÇÃO. AF_08/2023_PS",M2,Forros,80.08,sem_desoneracao,2026-06-12,928df42a952625eb12d41baf2b5ab17e1207af6e7881cb9f1c7fcac4708400e3,SINAPI_Referência_2026_05.xlsx!CSD!S4196,18172ff9fc095f6232ec0c44086b53e61eeca753abe4325147b56f8d6a1742c2,cpu_hierarquica_v1,0.0,revestimentos_forros,Revestimentos e forros,revestimentos_forros,ok,,80.08,0.0,SINAPI_Referência_2026_05.xlsx!Analítico!B25672
sinapi_es,2026-05,96116,"FORRO EM RÉGUAS DE PVC, FRISADO, PARA AMBIENTES COMERCIAIS, INCLUSIVE ESTRUTURA BIDIRECIONAL DE FIXAÇÃO. AF_08/2023_PS",M2,Forros,67.29,sem_desoneracao,2026-06-12,928df42a952625eb12d41baf2b5ab17e1207af6e7881cb9f1c7fcac4708400e3,SINAPI_Referência_2026_05.xlsx!CSD!S4202,b120f3dae89aa96d7ce7b049ce1cd9eb15490b265458890736a54ab2f0cb81c2,cpu_hierarquica_v1,0.0,revestimentos_forros,Revestimentos e forros,revestimentos_forros,ok,,67.29,0.0,SINAPI_Referência_2026_05.xlsx!Analítico!B25723
sinapi_es,2026-05,96126,"APLICAÇÃO MANUAL DE MASSA ACRÍLICA EM PANOS DE FACHADA COM PRESENÇA DE VÃOS, DE EDIFÍCIOS DE MÚLTIPLOS PAVIMENTOS, UMA DEMÃO. AF_03/2024",M2,Pintura Externa,23.7,sem_desoneracao,2026-06-12,928df42a952625eb12d41baf2b5ab17e1207af6e7881cb9f1c7fcac4708400e3,SINAPI_Referência_2026_05.xlsx!CSD!S8266,d1e13dc841a01a0184174a0bccfea2745c1909107b7ad98419e3ae1a2a4ef59a,cpu_hierarquica_v1,0.0,pintura,Pintura,pintura,ok,,23.7,0.0,SINAPI_Referência_2026_05.xlsx!Analítico!B52029
sinapi_es,2026-05,96127,"APLICAÇÃO MANUAL DE MASSA ACRÍLICA EM PANOS DE FACHADA SEM PRESENÇA DE VÃOS, DE EDIFÍCIOS DE MÚLTIPLOS PAVIMENTOS, UMA DEMÃO. AF_03/2024",M2,Pintura Externa,15.2,sem_desoneracao,2026-06-12,928df42a952625eb12d41baf2b5ab17e1207af6e7881cb9f1c7fcac4708400e3,SINAPI_Referência_2026_05.xlsx!CSD!S8268,00406f7f404a9363965baf0b0a8fc3ce244951c47d4c907a49d6f8dbe3f36488,cpu_hierarquica_v1,0.0,pintura,Pintura,pintura,ok,,15.2,0.0,SINAPI_Referência_2026_05.xlsx!Analítico!B52039
sinapi_es,2026-05,96128,"APLICAÇÃO MANUAL DE MASSA ACRÍLICA EM SUPERFÍCIES EXTERNAS DE SACADA DE EDIFÍCIOS DE MÚLTIPLOS PAVIMENTOS, UMA DEMÃO. AF_03/2024",M2,Pintura Externa,39.33,sem_desoneracao,2026-06-12,928df42a952625eb12d41baf2b5ab17e1207af6e7881cb9f1c7fcac4708400e3,SINAPI_Referência_2026_05.xlsx!CSD!S8272,9ff055ba656162562db5d997ad9b9356e0c6cd748db6935569dea0b39da75020,cpu_hierarquica_v1,0.0,pintura,Pintura,pintura,ok,,39.33,0.0,SINAPI_Referência_2026_05.xlsx!Analítico!B52059
sinapi_es,2026-05,96129,"APLICAÇÃO MANUAL DE MASSA ACRÍLICA EM SUPERFÍCIES INTERNAS DE SACADA DE EDIFÍCIOS DE MÚLTIPLOS PAVIMENTOS, UMA DEMÃO. AF_03/2024",M2,Pintura Externa,46.21,sem_desoneracao,2026-06-12,928df42a952625eb12d41baf2b5ab17e1207af6e7881cb9f1c7fcac4708400e3,SINAPI_Referência_2026_05.xlsx!CSD!S8274,bb77db815232eb210841c98e9aa09c75648b46521e8475cb80d3563217564001,cpu_hierarquica_v1,0.0,pintura,Pintura,pintura,ok,,46.21,0.0,SINAPI_Referência_2026_05.xlsx!Analítico!B52069
sinapi_es,2026-05,96130,"APLICAÇÃO MANUAL DE MASSA ACRÍLICA EM PAREDES EXTERNAS DE CASAS, UMA DEMÃO. AF_03/2024",M2,Pintura Externa,25.65,sem_desoneracao,2026-06-12,928df42a952625eb12d41baf2b5ab17e1207af6e7881cb9f1c7fcac4708400e3,SINAPI_Referência_2026_05.xlsx!CSD!S8270,88b6fa345b9dc8e0725c73522847359049d8b2439a4b2880dcb2fcf1529c9e17,cpu_hierarquica_v1,0.0,pintura,Pintura,pintura,ok,,25.65,0.0,SINAPI_Referência_2026_05.xlsx!Analítico!B52049
sinapi_es,2026-05,96131,"APLICAÇÃO MANUAL DE MASSA ACRÍLICA EM PANOS DE FACHADA COM PRESENÇA DE VÃOS, DE EDIFÍCIOS DE MÚLTIPLOS PAVIMENTOS, DUAS DEMÃOS. AF_03/2024",M2,Pintura Externa,37.23,sem_desoneracao,2026-06-12,928df42a952625eb12d41baf2b5ab17e1207af6e7881cb9f1c7fcac4708400e3,SINAPI_Referência_2026_05.xlsx!CSD!S8265,f92772b671ab02520642dd54a43fcee0cb9d919858ae7221c3799dd3ab644638,cpu_hierarquica_v1,0.0,pintura,Pintura,pintura,ok,,37.23,0.0,SINAPI_Referência_2026_05.xlsx!Analítico!B52024
sinapi_es,2026-05,96132,"APLICAÇÃO MANUAL DE MASSA ACRÍLICA EM PANOS DE FACHADA SEM PRESENÇA DE VÃOS, DE EDIFÍCIOS DE MÚLTIPLOS PAVIMENTOS, DUAS DEMÃOS. AF_03/2024",M2,Pintura Externa,24.59,sem_desoneracao,2026-06-12,928df42a952625eb12d41baf2b5ab17e1207af6e7881cb9f1c7fcac4708400e3,SINAPI_Referência_2026_05.xlsx!CSD!S8267,118141423513c1f24ed7d973221f562dd9e2c97bd5abf5c5a637e551574c8fa9,cpu_hierarquica_v1,0.0,pintura,Pintura,pintura,ok,,24.59,0.0,SINAPI_Referência_2026_05.xlsx!Analítico!B52034
sinapi_es,2026-05,96133,"APLICAÇÃO MANUAL DE MASSA ACRÍLICA EM SUPERFÍCIES EXTERNAS DE SACADA DE EDIFÍCIOS DE MÚLTIPLOS PAVIMENTOS, DUAS DEMÃOS. AF_03/2024",M2,Pintura Externa,60.0,sem_desoneracao,2026-06-12,928df42a952625eb12d41baf2b5ab17e1207af6e7881cb9f1c7fcac4708400e3,SINAPI_Referência_2026_05.xlsx!CSD!S8271,8cafece627a0b82b7e562c67fefb1368c82f7e87be55c94b0aaa8111c6c54e7e,cpu_hierarquica_v1,0.0,pintura,Pintura,pintura,ok,,60.0,0.0,SINAPI_Referência_2026_05.xlsx!Analítico!B52054
sinapi_es,2026-05,96134,"APLICAÇÃO MANUAL DE MASSA ACRÍLICA EM SUPERFÍCIES INTERNAS DE SACADA DE EDIFÍCIOS DE MÚLTIPLOS PAVIMENTOS, DUAS DEMÃOS. AF_03/2024",M2,Pintura Externa,70.65,sem_desoneracao,2026-06-12,928df42a952625eb12d41baf2b5ab17e1207af6e7881cb9f1c7fcac4708400e3,SINAPI_Referência_2026_05.xlsx!CSD!S8273,34481759c2ac24ff6fb7455af4c5d7c9e9ae255c61e6261e8b66689b9534f78d,cpu_hierarquica_v1,0.0,pintura,Pintura,pintura,ok,,70.65,0.0,SINAPI_Referência_2026_05.xlsx!Analítico!B52064
sinapi_es,2026-05,96135,"APLICAÇÃO MANUAL DE MASSA ACRÍLICA EM PAREDES EXTERNAS DE CASAS, DUAS DEMÃOS. AF_03/2024",M2,Pintura Externa,40.01,sem_desoneracao,2026-06-12,928df42a952625eb12d41baf2b5ab17e1207af6e7881cb9f1c7fcac4708400e3,SINAPI_Referência_2026_05.xlsx!CSD!S8269,f2cc5340a3f477c35129744b296814b61e86d1fe25be6b945f08e42e30fe4aec,cpu_hierarquica_v1,0.0,pintura,Pintura,pintura,ok,,40.01,0.0,SINAPI_Referência_2026_05.xlsx!Analítico!B52044
sinapi_es,2026-05,96485,"FORRO EM RÉGUAS DE PVC, LISO, PARA AMBIENTES RESIDENCIAIS, INCLUSIVE ESTRUTURA UNIDIRECIONAL DE FIXAÇÃO. AF_08/2023_PS",M2,Forros,75.79,sem_desoneracao,2026-06-12,928df42a952625eb12d41baf2b5ab17e1207af6e7881cb9f1c7fcac4708400e3,SINAPI_Referência_2026_05.xlsx!CSD!S4205,f7e807f0dba91f77b0cea730a8c0c61b5dc554ae810e3d9d8b532a74c7212d85,cpu_hierarquica_v1,0.0,revestimentos_forros,Revestimentos e forros,revestimentos_forros,ok,,75.79,0.0,SINAPI_Referência_2026_05.xlsx!Analítico!B25749
sinapi_es,2026-05,96486,"FORRO EM RÉGUAS DE PVC, LISO, PARA AMBIENTES COMERCIAIS, INCLUSIVE ESTRUTURA BIDIRECIONAL DE FIXAÇÃO. AF_08/2023_PS",M2,Forros,76.33,sem_desoneracao,2026-06-12,928df42a952625eb12d41baf2b5ab17e1207af6e7881cb9f1c7fcac4708400e3,SINAPI_Referência_2026_05.xlsx!CSD!S4204,ae17b5ddb93f1be3ac3c7bc1c1d577578f340995dbe4f7d9375f0ea3b6cf5c55,cpu_hierarquica_v1,0.0,revestimentos_forros,Revestimentos e forros,revestimentos_forros,ok,,76.33,0.0,SINAPI_Referência_2026_05.xlsx!Analítico!B25740
sinapi_es,2026-05,98671,PISO EM GRANITO APLICADO EM AMBIENTES INTERNOS. AF_02/2026,M2,Pisos,262.83,sem_desoneracao,2026-06-12,928df42a952625eb12d41baf2b5ab17e1207af6e7881cb9f1c7fcac4708400e3,SINAPI_Referência_2026_05.xlsx!CSD!S8439,968d42690c57dc192c496777f4b0baca185bc885d39894fa104dbbb14d7a1e51,cpu_hierarquica_v1,0.0,pisos,Pisos e acabamentos de borda,pisos,ok,,262.83,0.0,SINAPI_Referência_2026_05.xlsx!Analítico!B52833
sinapi_es,2026-05,98672,PISO EM MÁRMORE APLICADO EM AMBIENTES INTERNOS. AF_02/2026,M2,Pisos,310.66,sem_desoneracao,2026-06-12,928df42a952625eb12d41baf2b5ab17e1207af6e7881cb9f1c7fcac4708400e3,SINAPI_Referência_2026_05.xlsx!CSD!S8442,d856db4242ee07c27eb8fc0be7e52e4321b4c150b4f44721c887018514ded3e5,cpu_hierarquica_v1,0.0,pisos,Pisos e acabamentos de borda,pisos,ok,,310.66,0.0,SINAPI_Referência_2026_05.xlsx!Analítico!B52853
sinapi_es,2026-05,98679,"PISO CIMENTADO, TRAÇO 1:5 (CIMENTO E AREIA), ACABAMENTO LISO, ESPESSURA 2,0 CM, PREPARO MECÂNICO DA ARGAMASSA. AF_02/2026",M2,Pisos,38.55,sem_desoneracao,2026-06-12,928df42a952625eb12d41baf2b5ab17e1207af6e7881cb9f1c7fcac4708400e3,SINAPI_Referência_2026_05.xlsx!CSD!S8422,a3519be328f5fe3c26d92d1bfc558878260a07b813875dbb35a30af2eaa14e4f,cpu_hierarquica_v1,0.0361,pisos,Pisos e acabamentos de borda,pisos,ok,,38.55,0.0,SINAPI_Referência_2026_05.xlsx!Analítico!B52728
sinapi_es,2026-05,98680,"PISO CIMENTADO, TRAÇO 1:5 (CIMENTO E AREIA), ACABAMENTO LISO, ESPESSURA 3,0 CM, PREPARO MECÂNICO DA ARGAMASSA. AF_02/2026",M2,Pisos,47.0,sem_desoneracao,2026-06-12,928df42a952625eb12d41baf2b5ab17e1207af6e7881cb9f1c7fcac4708400e3,SINAPI_Referência_2026_05.xlsx!CSD!S8423,035550c658c0ceaf3cfcb48aaa8cbafd49ee2d3d7a6fee1f9dce5f43624825d8,cpu_hierarquica_v1,0.0296,pisos,Pisos e acabamentos de borda,pisos,ok,,47.0,0.0,SINAPI_Referência_2026_05.xlsx!Analítico!B52734
sinapi_es,2026-05,98681,"PISO CIMENTADO, TRAÇO 1:5 (CIMENTO E AREIA), ACABAMENTO RUGOSO, ESPESSURA 2,0 CM, PREPARO MECÂNICO DA ARGAMASSA. AF_02/2026",M2,Pisos,33.63,sem_desoneracao,2026-06-12,928df42a952625eb12d41baf2b5ab17e1207af6e7881cb9f1c7fcac4708400e3,SINAPI_Referência_2026_05.xlsx!CSD!S8425,acbef16efe4dd766179e3612fcfbaf3b9c35859317e9bd8d50b1570e4505b1fb,cpu_hierarquica_v1,0.0413,pisos,Pisos e acabamentos de borda,pisos,ok,,33.63,0.0,SINAPI_Referência_2026_05.xlsx!Analítico!B52746
sinapi_es,2026-05,98682,"PISO CIMENTADO, TRAÇO 1:5 (CIMENTO E AREIA), ACABAMENTO RUGOSO, ESPESSURA 3,0 CM, PREPARO MECÂNICO DA ARGAMASSA. AF_02/2026",M2,Pisos,42.09,sem_desoneracao,2026-06-12,928df42a952625eb12d41baf2b5ab17e1207af6e7881cb9f1c7fcac4708400e3,SINAPI_Referência_2026_05.xlsx!CSD!S8426,1448c700c463e7c3baa683073dda3fd35c80d65beaa0765a535dd7bcf2e35dc4,cpu_hierarquica_v1,0.033,pisos,Pisos e acabamentos de borda,pisos,ok,,42.09,0.0,SINAPI_Referência_2026_05.xlsx!Analítico!B52751
sinapi_es,2026-05,99054,"ACABAMENTOS PARA FORRO (SANCA DE GESSO, MONTADA NA OBRA). AF_08/2023_PS",M2,Forros,64.59,sem_desoneracao,2026-06-12,928df42a952625eb12d41baf2b5ab17e1207af6e7881cb9f1c7fcac4708400e3,SINAPI_Referência_2026_05.xlsx!CSD!S4194,c9c91d1c7f9eb70e8be6eaa0e257d6157c49bbc46029c51ad8e69c531ea95d9a,cpu_hierarquica_v1,0.0,revestimentos_forros,Revestimentos e forros,revestimentos_forros,ok,,64.59,0.0,SINAPI_Referência_2026_05.xlsx!Analítico!B25651
