fonte,grupo,unidade,status,n_validacao_excluida_publicacao_tardia,n_treino,n_validacao,n_treino_teste,n_teste,servicos_treino,motivo,modelo_selecionado,mse_validacao,mse_persistencia_validacao,supera_persistencia_validacao,nicho_id,nicho
sinapi_es,Paredes de Concreto - Armação,KG,avaliado,0.0,128.0,16.0,144.0,48.0,16.0,,linear_simples,"{'linear_simples': 0.05254188973532786, 'linear_multipla': 0.0605199755681978}",0.07253749999999981,True,estruturas,Estruturas
sinapi_es,Caixas Enterradas,UN,avaliado,0.0,305.0,56.0,361.0,114.0,56.0,,linear_multipla,"{'linear_simples': 1286.023828235379, 'linear_multipla': 1237.9223559581235}",1675.444166071429,True,apoio_producao,Apoio e produção
sinapi_es,Transporte de Materiais dentro do Canteiro de Obras,KGXKM,avaliado,0.0,120.0,15.0,135.0,30.0,15.0,,linear_multipla,"{'linear_simples': 0.08397595708227358, 'linear_multipla': 0.07843527403719358}",0.10067333333333334,True,apoio_producao,Apoio e produção
sinapi_es,Transporte de Materiais dentro do Canteiro de Obras,M3XKM,avaliado,0.0,24.0,3.0,27.0,6.0,3.0,,linear_multipla,"{'linear_simples': 9864.139588067175, 'linear_multipla': 9199.294621838397}",11773.756866666648,True,apoio_producao,Apoio e produção
sinapi_es,Transporte de Materiais dentro do Canteiro de Obras,UNXKM,avaliado,0.0,144.0,18.0,162.0,36.0,18.0,,linear_multipla,"{'linear_simples': 10.298098060760541, 'linear_multipla': 9.621435897468034}",12.33735555555552,True,apoio_producao,Apoio e produção
sinapi_es,Transporte de Materiais dentro do Canteiro de Obras,M2XKM,avaliado,0.0,112.0,14.0,126.0,28.0,14.0,,linear_multipla,"{'linear_simples': 22.206247094967495, 'linear_multipla': 20.753415289125403}",26.58964285714284,True,apoio_producao,Apoio e produção
sinapi_es,Transporte de Materiais dentro do Canteiro de Obras,LXKM,avaliado,0.0,32.0,4.0,36.0,8.0,4.0,,linear_multipla,"{'linear_simples': 0.014667817083543817, 'linear_multipla': 0.013719191843792888}",0.017475000000000004,True,apoio_producao,Apoio e produção
sinapi_es,Transporte de Materiais dentro do Canteiro de Obras,KG,avaliado,0.0,24.0,3.0,27.0,6.0,3.0,,linear_simples,"{'linear_simples': 6.666666666666671e-05, 'linear_multipla': 6.666666666666664e-05}",6.666666666666668e-05,False,apoio_producao,Apoio e produção
sinapi_es,Transporte de Materiais dentro do Canteiro de Obras,UN,avaliado,0.0,40.0,5.0,45.0,10.0,5.0,,linear_multipla,"{'linear_simples': 0.010859698273706853, 'linear_multipla': 0.010132723322320313}",0.013039999999999993,True,apoio_producao,Apoio e produção
sinapi_es,Transporte de Materiais dentro do Canteiro de Obras,M2,avaliado,0.0,24.0,3.0,27.0,6.0,3.0,,linear_multipla,"{'linear_simples': 0.008011513372013281, 'linear_multipla': 0.007503625029162755}",0.009533333333333326,True,apoio_producao,Apoio e produção
sinapi_es,Transporte de Materiais dentro do Canteiro de Obras,L,dados_insuficientes,0.0,8.0,1.0,9.0,2.0,1.0,Recorte sem amostras/serviços suficientes nos cortes globais,,,,,apoio_producao,Apoio e produção
sinapi_es,Transporte de Materiais dentro do Canteiro de Obras,MXKM,avaliado,0.0,216.0,27.0,243.0,54.0,27.0,,linear_multipla,"{'linear_simples': 2.2925220155815316, 'linear_multipla': 2.1419952060637604}",2.7457888888888884,True,apoio_producao,Apoio e produção
sinapi_es,Livro SINAPI: Cálculos e Parâmetros,H,avaliado,0.0,1474.0,188.0,1662.0,564.0,189.0,,linear_simples,"{'linear_simples': 6.447241721840651, 'linear_multipla': 6.503849748538789}",7.845682978723402,True,apoio_producao,Apoio e produção
sinapi_es,Livro SINAPI: Cálculos e Parâmetros,MES,avaliado,0.0,1442.0,184.0,1626.0,460.0,184.0,,linear_simples,"{'linear_simples': 82650.77199194842, 'linear_multipla': 84050.72493095262}",108230.2589565218,True,apoio_producao,Apoio e produção
sinapi_es,Lastro,M3,avaliado,0.0,68.0,9.0,77.0,27.0,9.0,,linear_simples,"{'linear_simples': 240.00368309309164, 'linear_multipla': 253.50789077171126}",292.2919999999996,True,apoio_producao,Apoio e produção
sinapi_es,Telhamento para Cobertura,M,avaliado,0.0,118.0,15.0,133.0,45.0,15.0,,linear_simples,"{'linear_simples': 16.829716290049394, 'linear_multipla': 24.541882599226767}",19.404206666666678,True,coberturas,Coberturas
sinapi_es,Telhamento para Cobertura,M2,avaliado,0.0,208.0,26.0,234.0,78.0,26.0,,linear_multipla,"{'linear_simples': 2.405113817659508, 'linear_multipla': 1.9810358930954264}",1.7007884615384639,False,coberturas,Coberturas
sinapi_es,"Estruturas de Contenção - Perfis Pranchados, Cortinas e Muros de Arrimo",M2,dados_insuficientes,0.0,8.0,5.0,13.0,15.0,1.0,Recorte sem amostras/serviços suficientes nos cortes globais,,,,,terra_contencao,Terra e contenções
sinapi_es,"Estruturas de Contenção - Perfis Pranchados, Cortinas e Muros de Arrimo",KG,avaliado,0.0,56.0,7.0,63.0,21.0,7.0,,linear_multipla,"{'linear_simples': 0.08616541533131458, 'linear_multipla': 0.07730190700405103}",0.06682857142857164,False,terra_contencao,Terra e contenções
sinapi_es,"Estruturas de Contenção - Perfis Pranchados, Cortinas e Muros de Arrimo",M3,dados_insuficientes,0.0,8.0,1.0,9.0,3.0,1.0,Recorte sem amostras/serviços suficientes nos cortes globais,,,,,terra_contencao,Terra e contenções
sinapi_es,Estrutura e Trama para Cobertura,UN,avaliado,0.0,388.0,71.0,459.0,213.0,68.0,,linear_simples,"{'linear_simples': 337.2375881734649, 'linear_multipla': 763.8042585019972}",3814.3708971830997,True,coberturas,Coberturas
sinapi_es,Estrutura e Trama para Cobertura,KG,avaliado,0.0,15.0,3.0,18.0,9.0,3.0,,linear_multipla,"{'linear_simples': 0.38696925320290143, 'linear_multipla': 0.04658042335936033}",0.05233333333333384,True,coberturas,Coberturas
sinapi_es,Estrutura e Trama para Cobertura,M2,avaliado,0.0,229.0,35.0,264.0,105.0,37.0,,linear_simples,"{'linear_simples': 0.3887094553635677, 'linear_multipla': 0.6565702772569644}",1.703994285714285,True,coberturas,Coberturas
sinapi_es,Argamassas,M3,avaliado,0.0,1066.0,144.0,1210.0,432.0,144.0,,linear_simples,"{'linear_simples': 3986.6087519257653, 'linear_multipla': 4914.619439710571}",2986.7503222222226,False,apoio_producao,Apoio e produção
sinapi_es,"Redes de Lógica, Telefonia e Imagem",M,avaliado,0.0,270.0,45.0,315.0,135.0,45.0,,linear_simples,"{'linear_simples': 0.19270569102144317, 'linear_multipla': 0.22588776289670526}",0.08243333333333328,False,eletricas,Instalações elétricas e comunicação
sinapi_es,"Redes de Lógica, Telefonia e Imagem",UN,avaliado,0.0,91.0,16.0,107.0,48.0,16.0,,linear_multipla,"{'linear_simples': 222.49690627333985, 'linear_multipla': 221.29634219164325}",327.81883124999854,True,eletricas,Instalações elétricas e comunicação
sinapi_es,"Aterros, Bases, Sub bases e Imprimações",M3,avaliado,0.0,1058.0,223.0,1281.0,669.0,139.0,,linear_multipla,"{'linear_simples': 5.450810128319458, 'linear_multipla': 4.997428402848676}",8.267913901345294,True,urbanizacao_infraestrutura,Urbanização e infraestrutura externa
sinapi_es,"Aterros, Bases, Sub bases e Imprimações",M2,avaliado,0.0,34.0,5.0,39.0,15.0,5.0,,linear_multipla,"{'linear_simples': 0.010265111758506707, 'linear_multipla': 0.007535428706025642}",0.009160000000000007,True,urbanizacao_infraestrutura,Urbanização e infraestrutura externa
sinapi_es,Postes de Concreto e Metálicos,UN,avaliado,0.0,251.0,49.0,300.0,147.0,49.0,,linear_simples,"{'linear_simples': 5367.068206544504, 'linear_multipla': 6487.747928959161}",7029.269393877549,True,eletricas,Instalações elétricas e comunicação
sinapi_es,"Depreciação, Juros, Impostos e Seguros, Manutenção e Materiais na Operação dos Equipamentos",H,avaliado,0.0,5245.0,698.0,5943.0,2139.0,679.0,,linear_multipla,"{'linear_simples': 64.68507231604411, 'linear_multipla': 61.44458537834406}",39.42230530085969,False,apoio_producao,Apoio e produção
sinapi_es,Custos Horários Produtivo e Improdutivo dos Equipamentos,CHP,avaliado,0.0,1191.0,158.0,1349.0,480.0,155.0,,linear_simples,"{'linear_simples': 533.8190070390298, 'linear_multipla': 544.6379109865954}",387.50932594936666,False,apoio_producao,Apoio e produção
sinapi_es,Custos Horários Produtivo e Improdutivo dos Equipamentos,CHI,avaliado,0.0,1194.0,158.0,1352.0,480.0,155.0,,linear_simples,"{'linear_simples': 72.86841612645115, 'linear_multipla': 76.09609087591191}",67.82260696202535,False,apoio_producao,Apoio e produção
sinapi_es,Estacas em Hélice Contínua,M,dados_insuficientes,0.0,28.0,5.0,33.0,0.0,5.0,Recorte sem amostras/serviços suficientes nos cortes globais,,,,,fundacoes,Fundações
sinapi_es,Estacas Pré-Moldadas,M,avaliado,0.0,21.0,3.0,24.0,9.0,3.0,,linear_simples,"{'linear_simples': 0.5023156643223102, 'linear_multipla': 6.858331795147007}",3.167633333333384,True,fundacoes,Fundações
sinapi_es,Esquadrias - Portas,M,dados_insuficientes,0.0,10.0,3.0,13.0,9.0,2.0,Recorte sem amostras/serviços suficientes nos cortes globais,,,,,esquadrias_vidros,Esquadrias e vidros
sinapi_es,Esquadrias - Janelas,M2,avaliado,0.0,95.0,16.0,111.0,48.0,16.0,,linear_simples,"{'linear_simples': 295.08625373116945, 'linear_multipla': 364.6656352913166}",85.89744375000032,False,esquadrias_vidros,Esquadrias e vidros
sinapi_es,Esquadrias - Portas,UN,avaliado,0.0,506.0,121.0,627.0,223.0,116.0,,linear_simples,"{'linear_simples': 515.5462251750366, 'linear_multipla': 573.0869303781421}",799.9970586776868,True,esquadrias_vidros,Esquadrias e vidros
sinapi_es,Esquadrias - Portas,M2,avaliado,0.0,27.0,3.0,30.0,9.0,4.0,,linear_simples,"{'linear_simples': 3251.779358918326, 'linear_multipla': 3804.382242982238}",2131.5971666666665,False,esquadrias_vidros,Esquadrias e vidros
sinapi_es,Pintura em Superfícies Metálicas,M2,avaliado,0.0,318.0,40.0,358.0,120.0,40.0,,linear_multipla,"{'linear_simples': 0.7715553476514077, 'linear_multipla': 0.46731824399221644}",1.388630000000002,True,pintura,Pintura
sinapi_es,Pintura em Superfícies Metálicas,M,dados_insuficientes,0.0,8.0,1.0,9.0,3.0,1.0,Recorte sem amostras/serviços suficientes nos cortes globais,,,,,pintura,Pintura
sinapi_es,Instalações de Gás em PEX Multicamadas,UN,dados_insuficientes,0.0,8.0,1.0,9.0,3.0,1.0,Recorte sem amostras/serviços suficientes nos cortes globais,,,,,gas_incendio,Gás e combate a incêndio
sinapi_es,Instalações de Gás em PEX Multicamadas,M,avaliado,0.0,128.0,16.0,144.0,48.0,16.0,,linear_multipla,"{'linear_simples': 0.8737711737284638, 'linear_multipla': 0.6464404310159819}",1.4126187500000014,True,gas_incendio,Gás e combate a incêndio
sinapi_es,Louças e Metais,UN,avaliado,0.0,750.0,102.0,852.0,108.0,102.0,,linear_simples,"{'linear_simples': 25.63249083061129, 'linear_multipla': 53.845713614900916}",15.85739901960791,False,hidrossanitarias,Instalações hidráulicas e sanitárias
sinapi_es,Estacas Metálicas,KG,avaliado,0.0,35.0,5.0,40.0,15.0,5.0,,linear_multipla,"{'linear_simples': 0.0035851931176593592, 'linear_multipla': 0.0033294550619789457}",0.004359999999999949,True,fundacoes,Fundações
sinapi_es,Estacas Escavadas Sem Fluido Estabilizante,M,avaliado,0.0,30.0,5.0,35.0,5.0,5.0,,linear_simples,"{'linear_simples': 3.802770667386381, 'linear_multipla': 6.14039959065686}",3.791700000000033,False,fundacoes,Fundações
sinapi_es,Iluminação Predial e Monitoramento,UN,avaliado,0.0,104.0,13.0,117.0,39.0,13.0,,linear_simples,"{'linear_simples': 8.953325326722215, 'linear_multipla': 9.139625648831288}",9.199369230769221,True,eletricas,Instalações elétricas e comunicação
sinapi_es,"Transporte, Carga e Descarga de Materiais",M3XKM,avaliado,0.0,240.0,30.0,270.0,35.0,30.0,,linear_simples,"{'linear_simples': 0.023492262159309163, 'linear_multipla': 0.025472380571604482}",0.017659999999999995,False,apoio_producao,Apoio e produção
sinapi_es,"Transporte, Carga e Descarga de Materiais",TXKM,avaliado,0.0,304.0,38.0,342.0,48.0,38.0,,linear_simples,"{'linear_simples': 0.009559679703443194, 'linear_multipla': 0.010443723050951644}",0.007194736842105233,False,apoio_producao,Apoio e produção
sinapi_es,"Transporte, Carga e Descarga de Materiais",M3,avaliado,0.0,160.0,20.0,180.0,22.0,20.0,,linear_simples,"{'linear_simples': 0.10141524211091535, 'linear_multipla': 0.1110226791351421}",0.07451500000000005,False,apoio_producao,Apoio e produção
sinapi_es,"Transporte, Carga e Descarga de Materiais",T,avaliado,0.0,416.0,52.0,468.0,104.0,52.0,,linear_simples,"{'linear_simples': 27.6746658905852, 'linear_multipla': 28.66811288841623}",26.70882500000006,False,apoio_producao,Apoio e produção
sinapi_es,Pisos,M2,avaliado,0.0,208.0,28.0,236.0,28.0,29.0,,linear_simples,"{'linear_simples': 62.8418563411683, 'linear_multipla': 64.90739860484867}",65.16069999999995,True,pisos,Pisos e acabamentos de borda
sinapi_es,Pisos,M,avaliado,0.0,92.0,11.0,103.0,12.0,12.0,,linear_multipla,"{'linear_simples': 11.193931955641377, 'linear_multipla': 10.82081724449598}",10.460309090909067,False,pisos,Pisos e acabamentos de borda
sinapi_es,Tubulões,M3,avaliado,0.0,92.0,18.0,110.0,8.0,18.0,,linear_simples,"{'linear_simples': 1253.8796715544245, 'linear_multipla': 1372.7510014282782}",1541.8321666666675,True,fundacoes,Fundações
sinapi_es,Escavação Horizontal,M3,avaliado,0.0,320.0,40.0,360.0,60.0,40.0,,linear_multipla,"{'linear_simples': 0.14702481960252525, 'linear_multipla': 0.12061929760502728}",0.14443750000000008,True,terra_contencao,Terra e contenções
sinapi_es,Alvenarias Diversas,M2,avaliado,0.0,64.0,10.0,74.0,30.0,10.0,,linear_simples,"{'linear_simples': 18.613609481662515, 'linear_multipla': 25.79170168687936}",69.98473000000011,True,alvenaria_vedacoes,Alvenaria e vedações
sinapi_es,Alvenarias Diversas,M3,dados_insuficientes,0.0,12.0,2.0,14.0,5.0,2.0,Recorte sem amostras/serviços suficientes nos cortes globais,,,,,alvenaria_vedacoes,Alvenaria e vedações
sinapi_es,Pavimentações Diversas - Paralelepípedos e Pedras Poliédricas,M2,avaliado,0.0,28.0,4.0,32.0,12.0,4.0,,linear_simples,"{'linear_simples': 3.0068513508683195, 'linear_multipla': 3.658099468174503}",4.270874999999992,True,urbanizacao_infraestrutura,Urbanização e infraestrutura externa
sinapi_es,"Estacas Broca, Strauss e Escavada com Fluido Estabilizante",M,avaliado,0.0,23.0,4.0,27.0,12.0,4.0,,linear_multipla,"{'linear_simples': 25.87316790467404, 'linear_multipla': 25.061082572176584}",30.804050000000082,True,fundacoes,Fundações
sinapi_es,"Cercas, Protetores e Alambrados",M,dados_insuficientes,0.0,111.0,0.0,111.0,81.0,17.0,Recorte sem amostras/serviços suficientes nos cortes globais,,,,,urbanizacao_infraestrutura,Urbanização e infraestrutura externa
sinapi_es,Escavação Vertical a Céu Aberto,M3,avaliado,0.0,576.0,72.0,648.0,216.0,72.0,,linear_simples,"{'linear_simples': 0.3690276122852163, 'linear_multipla': 0.3834657110006182}",0.25219444444444444,False,terra_contencao,Terra e contenções
sinapi_es,Instalações Elétricas - Rede de Distribuição,UN,dados_insuficientes,0.0,264.0,0.0,264.0,195.0,65.0,Recorte sem amostras/serviços suficientes nos cortes globais,,,,,eletricas,Instalações elétricas e comunicação
sinapi_es,Instalações Elétricas - Rede de Distribuição,M,dados_insuficientes,0.0,64.0,0.0,64.0,48.0,8.0,Recorte sem amostras/serviços suficientes nos cortes globais,,,,,eletricas,Instalações elétricas e comunicação
sinapi_es,Escoramento e Preparo de Fundo de Valas,M2,avaliado,0.0,256.0,32.0,288.0,68.0,32.0,,linear_multipla,"{'linear_simples': 40.71126007214358, 'linear_multipla': 40.245417586316606}",42.94575624999999,True,terra_contencao,Terra e contenções
sinapi_es,Escoramento e Preparo de Fundo de Valas,M3,avaliado,0.0,64.0,8.0,72.0,16.0,8.0,,linear_multipla,"{'linear_simples': 851.5307924975565, 'linear_multipla': 845.9253298047346}",873.3206500000001,True,terra_contencao,Terra e contenções
sinapi_es,Luminárias Externas,UN,avaliado,0.0,126.0,18.0,144.0,54.0,18.0,,linear_simples,"{'linear_simples': 8.363283922827252, 'linear_multipla': 20.513751818972523}",5.202061111111122,False,eletricas,Instalações elétricas e comunicação
sinapi_es,Fôrmas para Estruturas de Concreto Armado,M,avaliado,0.0,24.0,3.0,27.0,9.0,3.0,,linear_simples,"{'linear_simples': 0.1219322019160789, 'linear_multipla': 0.14797434885770563}",0.13379999999999892,True,estruturas,Estruturas
sinapi_es,Fôrmas para Estruturas de Concreto Armado,M3,dados_insuficientes,0.0,16.0,2.0,18.0,6.0,2.0,Recorte sem amostras/serviços suficientes nos cortes globais,,,,,estruturas,Estruturas
sinapi_es,Poços de Visita e Caixas para Bocas de Lobo,UN,avaliado,0.0,419.0,99.0,518.0,200.0,99.0,,linear_multipla,"{'linear_simples': 119313.24148193751, 'linear_multipla': 117957.76483512862}",134510.70044949488,True,urbanizacao_infraestrutura,Urbanização e infraestrutura externa
sinapi_es,Fossas e Sumidouros,UN,avaliado,0.0,231.0,49.0,280.0,98.0,49.0,,linear_simples,"{'linear_simples': 108831.13380135287, 'linear_multipla': 110798.37772265046}",145497.0095163265,True,hidrossanitarias,Instalações hidráulicas e sanitárias
sinapi_es,Recomposição de Pavimentos,M2,avaliado,0.0,192.0,25.0,217.0,75.0,25.0,,linear_multipla,"{'linear_simples': 8.760414628752605, 'linear_multipla': 8.174678575186363}",9.942139999999998,True,urbanizacao_infraestrutura,Urbanização e infraestrutura externa
sinapi_es,Recomposição de Pavimentos,M3,avaliado,0.0,226.0,29.0,255.0,87.0,29.0,,linear_simples,"{'linear_simples': 173.02614305448088, 'linear_multipla': 185.06960496254231}",119.53161034482758,False,urbanizacao_infraestrutura,Urbanização e infraestrutura externa
sinapi_es,"Instalações Elétricas - Quadros, Cabos, Disjuntores, Contatores e Barramentos Blindados",UN,avaliado,0.0,310.0,58.0,368.0,174.0,58.0,,linear_simples,"{'linear_simples': 181.304715514089, 'linear_multipla': 2299.816488774083}",43.61894827586351,False,eletricas,Instalações elétricas e comunicação
sinapi_es,"Instalações Elétricas - Quadros, Cabos, Disjuntores, Contatores e Barramentos Blindados",M,avaliado,0.0,39.0,3.0,42.0,9.0,10.0,,linear_simples,"{'linear_simples': 0.8902001990132417, 'linear_multipla': 2.52366090910853}",0.860300000000001,False,eletricas,Instalações elétricas e comunicação
sinapi_es,Instalações de Gás e Incêndio em Aço e Ferro Galvanizado,UN,avaliado,0.0,2248.0,278.0,2526.0,558.0,281.0,,linear_multipla,"{'linear_simples': 1282.2456666931037, 'linear_multipla': 1271.6763457031352}",1223.6551723021573,False,gas_incendio,Gás e combate a incêndio
sinapi_es,Instalações de Gás e Incêndio em Aço e Ferro Galvanizado,M,avaliado,0.0,304.0,38.0,342.0,82.0,38.0,,linear_simples,"{'linear_simples': 2.9536247701917686, 'linear_multipla': 13.55697297338897}",2.2932052631579,False,gas_incendio,Gás e combate a incêndio
sinapi_es,Lajes Pré-Moldadas,M2,avaliado,0.0,12.0,4.0,16.0,89.0,4.0,,linear_multipla,"{'linear_simples': 379.34924681160055, 'linear_multipla': 132.08037689112723}",232.21320000000006,True,estruturas,Estruturas
sinapi_es,Peitoris e Chapins,M,avaliado,0.0,19.0,3.0,22.0,9.0,3.0,,linear_multipla,"{'linear_simples': 17.122779629757872, 'linear_multipla': 3.8816014149691953}",7.711400000000026,True,pisos,Pisos e acabamentos de borda
sinapi_es,Escadas,M2,avaliado,0.0,640.0,80.0,720.0,240.0,80.0,,linear_multipla,"{'linear_simples': 66.9196311218524, 'linear_multipla': 61.302637058947525}",105.05688999999998,True,estruturas,Estruturas
sinapi_es,Escadas,M3,avaliado,0.0,56.0,8.0,64.0,24.0,8.0,,linear_simples,"{'linear_simples': 14714.817326735289, 'linear_multipla': 15218.754228324477}",16976.857387499975,True,estruturas,Estruturas
sinapi_es,Transformadores,UN,avaliado,0.0,96.0,12.0,108.0,36.0,12.0,,linear_multipla,"{'linear_simples': 1122525.93122227, 'linear_multipla': 895471.1917827328}",1021438.3202333329,True,eletricas,Instalações elétricas e comunicação
sinapi_es,"Bombas Hidráulicas - Centrífugas, Horizontais e Submersíveis",UN,avaliado,0.0,113.0,18.0,131.0,53.0,19.0,,linear_simples,"{'linear_simples': 18387.350073939044, 'linear_multipla': 21294.368430976207}",11477.387261111136,False,hidrossanitarias,Instalações hidráulicas e sanitárias
sinapi_es,Vidros e Espelhos,M2,avaliado,0.0,214.0,28.0,242.0,84.0,31.0,,linear_simples,"{'linear_simples': 160.73179986591165, 'linear_multipla': 163.76406525995245}",152.42557499999995,False,esquadrias_vidros,Esquadrias e vidros
sinapi_es,Vidros e Espelhos,UN,avaliado,0.0,42.0,9.0,51.0,27.0,6.0,,linear_simples,"{'linear_simples': 44.06009515206637, 'linear_multipla': 810.9662184876513}",208.9215555555536,True,esquadrias_vidros,Esquadrias e vidros
sinapi_es,Pintura em Madeira,M2,avaliado,0.0,232.0,29.0,261.0,87.0,29.0,,linear_multipla,"{'linear_simples': 0.4062339994775569, 'linear_multipla': 0.2843810402335375}",0.6677586206896557,True,pintura,Pintura
sinapi_es,Instalações de Divisórias Diversas,M2,avaliado,0.0,46.0,4.0,50.0,12.0,7.0,,linear_simples,"{'linear_simples': 131.54057523193126, 'linear_multipla': 133.70132008098713}",116.10009999999974,False,alvenaria_vedacoes,Alvenaria e vedações
sinapi_es,Assentamento de Tubos de Esgoto em PVC e PEAD,M,avaliado,0.0,336.0,42.0,378.0,126.0,42.0,,linear_simples,"{'linear_simples': 292.50682693463614, 'linear_multipla': 346.90359275869963}",287.6291666666665,False,urbanizacao_infraestrutura,Urbanização e infraestrutura externa
sinapi_es,Assentamento de Tubos de Esgoto em PVC e PEAD,UN,avaliado,0.0,112.0,14.0,126.0,42.0,14.0,,linear_multipla,"{'linear_simples': 64.82544401325354, 'linear_multipla': 58.625693978197695}",76.13715000000003,True,urbanizacao_infraestrutura,Urbanização e infraestrutura externa
sinapi_es,Escavação de Valas,M3,avaliado,0.0,584.0,73.0,657.0,219.0,73.0,,linear_multipla,"{'linear_simples': 1.012809734987189, 'linear_multipla': 0.9744607354792306}",1.1464821917808221,True,terra_contencao,Terra e contenções
sinapi_es,Escavação em Material de 3ª Categoria,M3,avaliado,0.0,32.0,4.0,36.0,12.0,4.0,,linear_simples,"{'linear_simples': 33.66763705537222, 'linear_multipla': 44.103821446252965}",27.899449999999895,False,terra_contencao,Terra e contenções
sinapi_es,"Cercas, Protetores e Alambrados",M2,dados_insuficientes,0.0,18.0,0.0,18.0,21.0,3.0,Recorte sem amostras/serviços suficientes nos cortes globais,,,,,urbanizacao_infraestrutura,Urbanização e infraestrutura externa
sinapi_es,Produção de Concreto,M3,avaliado,0.0,182.0,29.0,211.0,87.0,29.0,,linear_simples,"{'linear_simples': 207.28346718935111, 'linear_multipla': 226.7287656562631}",271.9848586206896,True,apoio_producao,Apoio e produção
sinapi_es,Pintura para Pisos e para Sinalização Horizontal e Vertical,M2,avaliado,0.0,88.0,11.0,99.0,33.0,11.0,,linear_multipla,"{'linear_simples': 2.2205667671747524, 'linear_multipla': 1.6484816564861384}",3.5490363636363664,True,pintura,Pintura
sinapi_es,Pintura para Pisos e para Sinalização Horizontal e Vertical,M,avaliado,0.0,70.0,9.0,79.0,27.0,9.0,,linear_multipla,"{'linear_simples': 0.11935066411580565, 'linear_multipla': 0.08220004708887046}",0.19608888888888887,True,pintura,Pintura
sinapi_es,Arrasamento de Estacas,UN,avaliado,0.0,82.0,11.0,93.0,33.0,11.0,,linear_multipla,"{'linear_simples': 76.8713150548459, 'linear_multipla': 70.1475439322985}",90.54881818181808,True,fundacoes,Fundações
sinapi_es,Caixas de Água para Edificações,UN,avaliado,0.0,296.0,37.0,333.0,111.0,37.0,,linear_simples,"{'linear_simples': 70.27755572554899, 'linear_multipla': 300.2045702121142}",495.7081972972982,True,hidrossanitarias,Instalações hidráulicas e sanitárias
sinapi_es,Drenos,M,avaliado,0.0,280.0,35.0,315.0,105.0,35.0,,linear_simples,"{'linear_simples': 17.65323623754778, 'linear_multipla': 28.714711745065827}",16.28351142857145,False,urbanizacao_infraestrutura,Urbanização e infraestrutura externa
sinapi_es,Drenos,UN,avaliado,0.0,48.0,6.0,54.0,18.0,6.0,,linear_simples,"{'linear_simples': 15.740340416008328, 'linear_multipla': 16.667384432739752}",17.432500000000033,True,urbanizacao_infraestrutura,Urbanização e infraestrutura externa
sinapi_es,Drenos,M2,avaliado,0.0,32.0,4.0,36.0,12.0,4.0,,linear_multipla,"{'linear_simples': 0.4161411301335486, 'linear_multipla': 0.17392850739323934}",1.1170499999999992,True,urbanizacao_infraestrutura,Urbanização e infraestrutura externa
sinapi_es,Drenos,M3,avaliado,0.0,32.0,4.0,36.0,12.0,4.0,,linear_multipla,"{'linear_simples': 4.393580871619404, 'linear_multipla': 3.7159348645529766}",5.915449999999989,True,urbanizacao_infraestrutura,Urbanização e infraestrutura externa
sinapi_es,Bocas para Bueiros,M2,dados_insuficientes,0.0,8.0,1.0,9.0,3.0,1.0,Recorte sem amostras/serviços suficientes nos cortes globais,,,,,urbanizacao_infraestrutura,Urbanização e infraestrutura externa
sinapi_es,Bocas para Bueiros,KG,avaliado,0.0,64.0,8.0,72.0,24.0,8.0,,linear_multipla,"{'linear_simples': 0.05842944672669669, 'linear_multipla': 0.05024995520314174}",0.04182499999999976,False,urbanizacao_infraestrutura,Urbanização e infraestrutura externa
sinapi_es,Bocas para Bueiros,M3,dados_insuficientes,0.0,8.0,1.0,9.0,3.0,1.0,Recorte sem amostras/serviços suficientes nos cortes globais,,,,,urbanizacao_infraestrutura,Urbanização e infraestrutura externa
sinapi_es,Bocas para Bueiros,UN,avaliado,0.0,456.0,66.0,522.0,198.0,66.0,,linear_simples,"{'linear_simples': 4920268.593164622, 'linear_multipla': 5606760.83030005}",3352728.260677273,False,urbanizacao_infraestrutura,Urbanização e infraestrutura externa
sinapi_es,Contrapiso,M2,avaliado,0.0,446.0,59.0,505.0,177.0,59.0,,linear_simples,"{'linear_simples': 7.022175978941804, 'linear_multipla': 7.64675598533256}",6.194920338983052,False,pisos,Pisos e acabamentos de borda
sinapi_es,Graute e Armação,KG,avaliado,0.0,80.0,10.0,90.0,30.0,10.0,,linear_multipla,"{'linear_simples': 0.05537131076112188, 'linear_multipla': 0.049773221283726174}",0.05154999999999983,True,estruturas,Estruturas
sinapi_es,"Canaletas, Grelhas e Caixas com Grelha para Drenagem",M,avaliado,0.0,104.0,37.0,141.0,80.0,43.0,,linear_multipla,"{'linear_simples': 305.9704102689445, 'linear_multipla': 256.06062787952595}",317.61919189189155,True,urbanizacao_infraestrutura,Urbanização e infraestrutura externa
sinapi_es,"Canaletas, Grelhas e Caixas com Grelha para Drenagem",UN,avaliado,0.0,30.0,6.0,36.0,15.0,6.0,,linear_simples,"{'linear_simples': 95.76004218231132, 'linear_multipla': 1920.7780637988226}",359.6207166666689,True,urbanizacao_infraestrutura,Urbanização e infraestrutura externa
sinapi_es,Válvulas e Registros para Sistemas Prediais,UN,avaliado,0.0,666.0,84.0,750.0,252.0,84.0,,linear_simples,"{'linear_simples': 55.04285895768255, 'linear_multipla': 59.47873619654187}",58.639140476190526,True,hidrossanitarias,Instalações hidráulicas e sanitárias
sinapi_es,"Radier, Piso de Concreto e Laje sobre Solo",M2,avaliado,0.0,136.0,17.0,153.0,51.0,17.0,,linear_simples,"{'linear_simples': 5.600887581542105, 'linear_multipla': 8.505160098411986}",4.009335294117661,False,fundacoes,Fundações
sinapi_es,Tubulação Flangeada para Redes de Água,M,avaliado,0.0,128.0,16.0,144.0,48.0,16.0,,linear_simples,"{'linear_simples': 24.84671249530249, 'linear_multipla': 25.47417066579258}",24.06690000000003,False,urbanizacao_infraestrutura,Urbanização e infraestrutura externa
sinapi_es,Tubulação Flangeada para Redes de Água,UN,avaliado,0.0,384.0,48.0,432.0,144.0,48.0,,linear_simples,"{'linear_simples': 676.1821844952502, 'linear_multipla': 699.0292008910538}",650.1490687500004,False,urbanizacao_infraestrutura,Urbanização e infraestrutura externa
sinapi_es,Paredes de Concreto - Concretagem,M3,avaliado,0.0,96.0,12.0,108.0,36.0,12.0,,linear_simples,"{'linear_simples': 9.428108404728267, 'linear_multipla': 12.434951410919716}",10.771616666666645,True,estruturas,Estruturas
sinapi_es,Parquinhos e Equipamentos de Ginástica ao Ar Livre,UN,avaliado,0.0,124.0,17.0,141.0,51.0,17.0,,linear_multipla,"{'linear_simples': 68.58542826501032, 'linear_multipla': 65.7253909042983}",73.79465294117713,True,urbanizacao_infraestrutura,Urbanização e infraestrutura externa
sinapi_es,Instalações de ar condicionado,UN,avaliado,0.0,288.0,36.0,324.0,23.0,36.0,,linear_multipla,"{'linear_simples': 215108.7155233202, 'linear_multipla': 182129.4155625918}",168840.01132499968,False,climatizacao,Climatização e ventilação
sinapi_es,Instalações de ar condicionado,M,avaliado,0.0,16.0,4.0,20.0,12.0,4.0,,linear_simples,"{'linear_simples': 6.813042126558139, 'linear_multipla': 74.34499864109583}",7.828100000000002,True,climatizacao,Climatização e ventilação
sinapi_es,Mobiliário Urbano,UN,avaliado,0.0,22.0,3.0,25.0,9.0,3.0,,linear_multipla,"{'linear_simples': 27.329554425770596, 'linear_multipla': 25.612739506825218}",30.499000000000308,True,urbanizacao_infraestrutura,Urbanização e infraestrutura externa
sinapi_es,Mobiliário Urbano,M2,dados_insuficientes,0.0,14.0,2.0,16.0,6.0,2.0,Recorte sem amostras/serviços suficientes nos cortes globais,,,,,urbanizacao_infraestrutura,Urbanização e infraestrutura externa
sinapi_es,Alvenaria de Vedação,M2,avaliado,0.0,392.0,56.0,448.0,168.0,56.0,,linear_simples,"{'linear_simples': 19.717038287690904, 'linear_multipla': 21.269401361321503}",25.82469464285714,True,alvenaria_vedacoes,Alvenaria e vedações
sinapi_es,Redes de Água e Esgoto em PEAD Liso (Tubos e Conexões),M,avaliado,0.0,96.0,12.0,108.0,36.0,12.0,,linear_multipla,"{'linear_simples': 1.3145014698944069, 'linear_multipla': 1.1590018135490088}",1.2724416666662133,True,urbanizacao_infraestrutura,Urbanização e infraestrutura externa
sinapi_es,Redes de Água e Esgoto em PEAD Liso (Tubos e Conexões),UN,avaliado,0.0,368.0,46.0,414.0,138.0,46.0,,linear_multipla,"{'linear_simples': 32.09179013991849, 'linear_multipla': 31.833677079206293}",35.36185869565201,True,urbanizacao_infraestrutura,Urbanização e infraestrutura externa
sinapi_es,Redes Enterradas de Distribuição Elétrica,M3,dados_insuficientes,0.0,11.0,2.0,13.0,6.0,2.0,Recorte sem amostras/serviços suficientes nos cortes globais,,,,,eletricas,Instalações elétricas e comunicação
sinapi_es,Energia Solar para Edificações,UN,avaliado,0.0,46.0,6.0,52.0,12.0,6.0,,linear_simples,"{'linear_simples': 13321.296635705075, 'linear_multipla': 166283.6811463104}",475.75099999999856,False,hidrossanitarias,Instalações hidráulicas e sanitárias
sinapi_es,Concretagem para Estruturas de Concreto Armado,M3,avaliado,0.0,160.0,20.0,180.0,60.0,20.0,,linear_simples,"{'linear_simples': 426.22176029211033, 'linear_multipla': 433.6385975111846}",473.88891500000045,True,estruturas,Estruturas
sinapi_es,Sinalização Vertical Viária,M2,dados_insuficientes,0.0,8.0,1.0,9.0,3.0,1.0,Recorte sem amostras/serviços suficientes nos cortes globais,,,,,urbanizacao_infraestrutura,Urbanização e infraestrutura externa
sinapi_es,Sinalização Vertical Viária,UN,avaliado,0.0,32.0,4.0,36.0,12.0,4.0,,linear_multipla,"{'linear_simples': 19.468323081881984, 'linear_multipla': 16.754828028690596}",25.308350000000008,True,urbanizacao_infraestrutura,Urbanização e infraestrutura externa
sinapi_es,Fôrmas para Estruturas de Concreto Armado,M2,avaliado,0.0,768.0,96.0,864.0,288.0,96.0,,linear_multipla,"{'linear_simples': 12.985932410473914, 'linear_multipla': 12.330231678126852}",17.526243750000006,True,estruturas,Estruturas
sinapi_es,Quadras e seus Equipamentos,UN,dados_insuficientes,0.0,6.0,1.0,7.0,2.0,1.0,Recorte sem amostras/serviços suficientes nos cortes globais,,,,,urbanizacao_infraestrutura,Urbanização e infraestrutura externa
sinapi_es,Dissipadores de Energia,M2,dados_insuficientes,0.0,16.0,2.0,18.0,6.0,2.0,Recorte sem amostras/serviços suficientes nos cortes globais,,,,,urbanizacao_infraestrutura,Urbanização e infraestrutura externa
sinapi_es,Dissipadores de Energia,KG,dados_insuficientes,0.0,8.0,1.0,9.0,3.0,1.0,Recorte sem amostras/serviços suficientes nos cortes globais,,,,,urbanizacao_infraestrutura,Urbanização e infraestrutura externa
sinapi_es,Dissipadores de Energia,M3,avaliado,0.0,84.0,12.0,96.0,36.0,12.0,,linear_multipla,"{'linear_simples': 726.1282464596749, 'linear_multipla': 715.6749465390911}",833.4921916666686,True,urbanizacao_infraestrutura,Urbanização e infraestrutura externa
sinapi_es,Instalações em Cobre,M,avaliado,0.0,336.0,42.0,378.0,122.0,42.0,,linear_simples,"{'linear_simples': 47.81699182399414, 'linear_multipla': 77.57475315890132}",59.35432857142862,True,apoio_producao,Apoio e produção
sinapi_es,Instalações em Cobre,UN,avaliado,0.0,1600.0,200.0,1800.0,600.0,200.0,,linear_simples,"{'linear_simples': 122.20948232014808, 'linear_multipla': 124.73858957086878}",122.58497250000008,True,apoio_producao,Apoio e produção
sinapi_es,Pavimento Rígido de Concreto,M2,avaliado,0.0,182.0,23.0,205.0,69.0,23.0,,linear_simples,"{'linear_simples': 3.3342183646239945, 'linear_multipla': 4.599381916710845}",1.7425956521738981,False,urbanizacao_infraestrutura,Urbanização e infraestrutura externa
sinapi_es,Paisagismo - Plantio,M2,avaliado,0.0,64.0,8.0,72.0,24.0,8.0,,linear_simples,"{'linear_simples': 0.29043172374274867, 'linear_multipla': 0.3530039365122698}",0.21936250000000102,False,urbanizacao_infraestrutura,Urbanização e infraestrutura externa
sinapi_es,Instalações Prediais de Água Fria em PVC,UN,avaliado,0.0,1698.0,220.0,1918.0,660.0,220.0,,linear_simples,"{'linear_simples': 0.2679163326774331, 'linear_multipla': 0.3069773611397699}",0.42866272727272703,True,hidrossanitarias,Instalações hidráulicas e sanitárias
sinapi_es,Instalações Prediais de Água Fria em PVC,M,avaliado,0.0,120.0,15.0,135.0,45.0,15.0,,linear_simples,"{'linear_simples': 0.6797247622399694, 'linear_multipla': 0.7364213217368315}",1.0146266666666668,True,hidrossanitarias,Instalações hidráulicas e sanitárias
sinapi_es,Instalações Prediais de Água Quente em CPVC,UN,avaliado,0.0,968.0,124.0,1092.0,372.0,124.0,,linear_simples,"{'linear_simples': 0.2870285849472566, 'linear_multipla': 0.4635037016205495}",0.4474233870967741,True,hidrossanitarias,Instalações hidráulicas e sanitárias
sinapi_es,Instalações Prediais de Água Quente em CPVC,M,avaliado,0.0,104.0,13.0,117.0,39.0,13.0,,linear_simples,"{'linear_simples': 1.1535206957689164, 'linear_multipla': 1.5439817556024937}",1.3206923076923083,True,hidrossanitarias,Instalações hidráulicas e sanitárias
sinapi_es,Ligações Prediais de Água e Esgoto,UN,avaliado,0.0,256.0,32.0,288.0,96.0,32.0,,linear_simples,"{'linear_simples': 32.85140178790299, 'linear_multipla': 38.3257043023153}",37.57486562499996,True,hidrossanitarias,Instalações hidráulicas e sanitárias
sinapi_es,Ligações Prediais de Água e Esgoto,M,avaliado,0.0,32.0,4.0,36.0,12.0,4.0,,linear_simples,"{'linear_simples': 27.01295674692148, 'linear_multipla': 33.04747616838969}",30.142825000000055,True,hidrossanitarias,Instalações hidráulicas e sanitárias
sinapi_es,Armação para Estruturas de Concreto Armado,KG,avaliado,0.0,448.0,56.0,504.0,168.0,56.0,,linear_multipla,"{'linear_simples': 0.07217433137591546, 'linear_multipla': 0.06517409377911333}",0.060394642857142924,False,estruturas,Estruturas
sinapi_es,"Instalações Prediais de Águas Pluviais - Tubos, Conexões, Caixas e Ralos",M,avaliado,0.0,64.0,8.0,72.0,24.0,8.0,,linear_multipla,"{'linear_simples': 19.00578346957028, 'linear_multipla': 18.469552637866542}",21.03015,True,hidrossanitarias,Instalações hidráulicas e sanitárias
sinapi_es,"Instalações Prediais de Águas Pluviais - Tubos, Conexões, Caixas e Ralos",UN,avaliado,0.0,624.0,78.0,702.0,234.0,78.0,,linear_simples,"{'linear_simples': 57.937727859598375, 'linear_multipla': 87.50230986975689}",65.96069743589739,True,hidrossanitarias,Instalações hidráulicas e sanitárias
sinapi_es,Esgotamento de Vala e Rebaixamento do Lençol Freático,UN,avaliado,0.0,24.0,3.0,27.0,9.0,3.0,,linear_multipla,"{'linear_simples': 883.9694889586052, 'linear_multipla': 852.7902920340716}",1156.2177,True,terra_contencao,Terra e contenções
sinapi_es,Esgotamento de Vala e Rebaixamento do Lençol Freático,M,avaliado,0.0,19.0,3.0,22.0,9.0,3.0,,linear_simples,"{'linear_simples': 99.30400873547262, 'linear_multipla': 7181.101926649685}",12.466033333333732,False,terra_contencao,Terra e contenções
sinapi_es,Esgotamento de Vala e Rebaixamento do Lençol Freático,M3,dados_insuficientes,0.0,8.0,1.0,9.0,3.0,1.0,Recorte sem amostras/serviços suficientes nos cortes globais,,,,,terra_contencao,Terra e contenções
sinapi_es,Instalações Hidráulicas em PPR,UN,avaliado,0.0,544.0,69.0,613.0,207.0,69.0,,linear_simples,"{'linear_simples': 0.8248648154721225, 'linear_multipla': 4.860822013535513}",1.9177376811594162,True,hidrossanitarias,Instalações hidráulicas e sanitárias
sinapi_es,Instalações Hidráulicas em PPR,M,avaliado,0.0,208.0,26.0,234.0,78.0,26.0,,linear_simples,"{'linear_simples': 2.1561025927151642, 'linear_multipla': 12.49817494379992}",1.7396000000000014,False,hidrossanitarias,Instalações hidráulicas e sanitárias
sinapi_es,Massa Única Externa,M2,avaliado,0.0,720.0,103.0,823.0,309.0,103.0,,linear_multipla,"{'linear_simples': 21.59544795507649, 'linear_multipla': 20.813857037128763}",24.155876699029136,True,revestimentos_forros,Revestimentos e forros
sinapi_es,Drenagem de ar condicionado,M,avaliado,0.0,24.0,3.0,27.0,9.0,3.0,,linear_simples,"{'linear_simples': 1.1074374931494184, 'linear_multipla': 1.2724397664488223}",1.5079999999999998,True,climatizacao,Climatização e ventilação
sinapi_es,Drenagem de ar condicionado,UN,avaliado,0.0,96.0,12.0,108.0,36.0,12.0,,linear_simples,"{'linear_simples': 0.23537461304273036, 'linear_multipla': 0.25378561190511}",0.2978166666666665,True,climatizacao,Climatização e ventilação
sinapi_es,Instalações Prediais de Esgoto - Caixas e Ralos,UN,avaliado,0.0,64.0,8.0,72.0,24.0,8.0,,linear_simples,"{'linear_simples': 1.4563256459104195, 'linear_multipla': 126.74316544415977}",2.425349999999998,True,hidrossanitarias,Instalações hidráulicas e sanitárias
sinapi_es,Instalações Prediais de Esgoto - Tubos e Conexões,UN,avaliado,0.0,648.0,81.0,729.0,243.0,81.0,,linear_simples,"{'linear_simples': 7.818436339316274, 'linear_multipla': 7.975630285360819}",8.901351851851851,True,hidrossanitarias,Instalações hidráulicas e sanitárias
sinapi_es,"Instalações Elétricas - Eletrodutos, Conexões e Conduletes Aparentes",UN,avaliado,0.0,336.0,42.0,378.0,114.0,42.0,,linear_simples,"{'linear_simples': 68.77218978152294, 'linear_multipla': 70.12876855460252}",63.229392857142884,False,eletricas,Instalações elétricas e comunicação
sinapi_es,Chapisco,M2,avaliado,0.0,207.0,28.0,235.0,84.0,28.0,,linear_multipla,"{'linear_simples': 0.23290297485208517, 'linear_multipla': 0.23129474467276134}",0.21691071428571446,False,revestimentos_forros,Revestimentos e forros
sinapi_es,Paredes de Concreto - Estucamento,M2,avaliado,0.0,234.0,31.0,265.0,93.0,31.0,,linear_multipla,"{'linear_simples': 0.2525923315698027, 'linear_multipla': 0.21907740899735453}",0.2828225806451616,True,revestimentos_forros,Revestimentos e forros
sinapi_es,Pavimento Intertravado,M2,avaliado,0.0,144.0,18.0,162.0,54.0,18.0,,linear_multipla,"{'linear_simples': 11.89603303185777, 'linear_multipla': 10.578804950865228}",3.58896666666666,False,urbanizacao_infraestrutura,Urbanização e infraestrutura externa
sinapi_es,Esgotamento de Vala e Rebaixamento do Lençol Freático,H,dados_insuficientes,0.0,8.0,1.0,9.0,3.0,1.0,Recorte sem amostras/serviços suficientes nos cortes globais,,,,,terra_contencao,Terra e contenções
sinapi_es,Galerias com Aduelas de Concreto,M,avaliado,0.0,32.0,4.0,36.0,12.0,4.0,,linear_multipla,"{'linear_simples': 17790.44194473345, 'linear_multipla': 1948.489860574452}",1748.278649999966,False,urbanizacao_infraestrutura,Urbanização e infraestrutura externa
sinapi_es,Galerias com Aduelas de Concreto,M2,dados_insuficientes,0.0,8.0,1.0,9.0,3.0,1.0,Recorte sem amostras/serviços suficientes nos cortes globais,,,,,urbanizacao_infraestrutura,Urbanização e infraestrutura externa
sinapi_es,Instalações Hidráulicas em PEX,UN,avaliado,0.0,614.0,79.0,693.0,237.0,79.0,,linear_multipla,"{'linear_simples': 1.7252691948659662, 'linear_multipla': 1.5267748490948212}",2.027260759493671,True,hidrossanitarias,Instalações hidráulicas e sanitárias
sinapi_es,Revestimentos Cerâmicos Externos,M2,avaliado,0.0,48.0,8.0,56.0,24.0,8.0,,linear_simples,"{'linear_simples': 3.3472135832466368, 'linear_multipla': 3.5487716553200035}",1.5134750000000077,False,revestimentos_forros,Revestimentos e forros
sinapi_es,Revestimentos Cerâmicos Internos,M2,avaliado,0.0,228.0,38.0,266.0,114.0,38.0,,linear_multipla,"{'linear_simples': 2.5806949652120763, 'linear_multipla': 2.0970765148365262}",1.9702026315789511,False,revestimentos_forros,Revestimentos e forros
sinapi_es,Revestimentos Cerâmicos Internos,M,avaliado,0.0,24.0,4.0,28.0,12.0,4.0,,linear_multipla,"{'linear_simples': 0.027619218912436072, 'linear_multipla': 0.008004129174884243}",0.016424999999999877,True,revestimentos_forros,Revestimentos e forros
sinapi_es,Passeios de Concreto,M3,avaliado,0.0,22.0,3.0,25.0,9.0,3.0,,linear_simples,"{'linear_simples': 319.3019631366255, 'linear_multipla': 326.84612277169754}",388.7405666666661,True,urbanizacao_infraestrutura,Urbanização e infraestrutura externa
sinapi_es,Gesso,M2,avaliado,0.0,192.0,24.0,216.0,72.0,24.0,,linear_simples,"{'linear_simples': 3.733988543306639, 'linear_multipla': 3.7348719062679456}",3.842637500000001,True,revestimentos_forros,Revestimentos e forros
sinapi_es,Pintura Interna,M2,avaliado,0.0,112.0,14.0,126.0,42.0,14.0,,linear_multipla,"{'linear_simples': 0.4415334491793325, 'linear_multipla': 0.26378322809069293}",0.6957214285714272,True,pintura,Pintura
sinapi_es,Acessibilidade,M2,avaliado,0.0,20.0,3.0,23.0,9.0,3.0,,linear_multipla,"{'linear_simples': 53.89002605091569, 'linear_multipla': 52.43652514088988}",63.62596666666676,True,urbanizacao_infraestrutura,Urbanização e infraestrutura externa
sinapi_es,Paredes em Drywall,M2,avaliado,0.0,126.0,21.0,147.0,63.0,21.0,,linear_multipla,"{'linear_simples': 17.24555739069252, 'linear_multipla': 5.923206004995114}",13.470785714285713,True,alvenaria_vedacoes,Alvenaria e vedações
sinapi_es,Aterro e Reaterro de Valas,M3,avaliado,0.0,288.0,36.0,324.0,108.0,36.0,,linear_multipla,"{'linear_simples': 0.8873201045236827, 'linear_multipla': 0.8144744029512376}",0.9675749999999991,True,terra_contencao,Terra e contenções
sinapi_es,Aterro e Reaterro de Valas,M2,dados_insuficientes,0.0,8.0,1.0,9.0,3.0,1.0,Recorte sem amostras/serviços suficientes nos cortes globais,,,,,terra_contencao,Terra e contenções
sinapi_es,Sistema de Proteção contra Descargas Atmosféricas - SPDA,UN,avaliado,0.0,120.0,15.0,135.0,45.0,15.0,,linear_multipla,"{'linear_simples': 4.799156036709282, 'linear_multipla': 3.629822682926298}",5.808553333333337,True,eletricas,Instalações elétricas e comunicação
sinapi_es,Forros,M2,avaliado,0.0,76.0,12.0,88.0,36.0,11.0,,linear_multipla,"{'linear_simples': 8.708335955513483, 'linear_multipla': 7.986584764922377}",10.911524999999974,True,revestimentos_forros,Revestimentos e forros
sinapi_es,Rasgos e Fixações,UN,avaliado,0.0,336.0,42.0,378.0,126.0,42.0,,linear_simples,"{'linear_simples': 3.7581792968096943, 'linear_multipla': 3.7951211450628906}",4.274852380952379,True,apoio_producao,Apoio e produção
sinapi_es,Rasgos e Fixações,M,avaliado,0.0,344.0,43.0,387.0,115.0,43.0,,linear_simples,"{'linear_simples': 1.3110230409542982, 'linear_multipla': 1.3647658729542356}",1.4134720930232552,True,apoio_producao,Apoio e produção
sinapi_es,Demolições e Remoções,M3,avaliado,0.0,88.0,11.0,99.0,33.0,11.0,,linear_multipla,"{'linear_simples': 414.58976302085597, 'linear_multipla': 395.81638087220193}",479.7555363636359,True,preliminares,Serviços preliminares
sinapi_es,Demolições e Remoções,M2,avaliado,0.0,168.0,23.0,191.0,69.0,23.0,,linear_simples,"{'linear_simples': 1.3206378565468524, 'linear_multipla': 1.3211272822414268}",1.501539130434782,True,preliminares,Serviços preliminares
sinapi_es,Demolições e Remoções,M,avaliado,0.0,86.0,11.0,97.0,33.0,11.0,,linear_multipla,"{'linear_simples': 0.28843532611868733, 'linear_multipla': 0.2869518524412691}",0.29238181818181846,True,preliminares,Serviços preliminares
sinapi_es,Demolições e Remoções,UN,avaliado,0.0,102.0,14.0,116.0,42.0,14.0,,linear_simples,"{'linear_simples': 124.87920637737201, 'linear_multipla': 164.67016269826723}",159.24332142857156,True,preliminares,Serviços preliminares
sinapi_es,Execução de Tirantes,M,avaliado,0.0,176.0,25.0,201.0,27.0,25.0,,linear_simples,"{'linear_simples': 7.879427281455172, 'linear_multipla': 8.350513571840272}",10.376423999999997,True,terra_contencao,Terra e contenções
sinapi_es,Execução de Tirantes,UN,avaliado,0.0,24.0,4.0,28.0,12.0,4.0,,linear_multipla,"{'linear_simples': 32.76840281891402, 'linear_multipla': 25.52480438261321}",36.441174999999824,True,terra_contencao,Terra e contenções
sinapi_es,"Fundações Rasas (Blocos, Sapatas, Vigas Baldrame)",KG,avaliado,0.0,96.0,12.0,108.0,36.0,12.0,,linear_multipla,"{'linear_simples': 0.22252364008179604, 'linear_multipla': 0.207683422310302}",0.19645000000000026,False,fundacoes,Fundações
sinapi_es,"Fundações Rasas (Blocos, Sapatas, Vigas Baldrame)",M3,avaliado,0.0,106.0,14.0,120.0,42.0,14.0,,linear_simples,"{'linear_simples': 299.0406690389833, 'linear_multipla': 317.7249597035162}",327.17719999999963,True,fundacoes,Fundações
sinapi_es,"Fundações Rasas (Blocos, Sapatas, Vigas Baldrame)",M2,avaliado,0.0,160.0,20.0,180.0,60.0,20.0,,linear_multipla,"{'linear_simples': 38.684200978978375, 'linear_multipla': 35.656251990330674}",48.10792,True,fundacoes,Fundações
sinapi_es,Dragagem,M3,avaliado,0.0,24.0,3.0,27.0,9.0,3.0,,linear_simples,"{'linear_simples': 0.0923357712450578, 'linear_multipla': 0.13445194064493585}",0.07483333333333315,False,urbanizacao_infraestrutura,Urbanização e infraestrutura externa
sinapi_es,Massa Única Interna,M2,avaliado,0.0,352.0,50.0,402.0,150.0,50.0,,linear_multipla,"{'linear_simples': 4.17204763638566, 'linear_multipla': 3.9903033803605594}",4.904325999999998,True,revestimentos_forros,Revestimentos e forros
sinapi_es,Equipamentos de Proteção Coletiva,UN,dados_insuficientes,0.0,16.0,2.0,18.0,6.0,2.0,Recorte sem amostras/serviços suficientes nos cortes globais,,,,,preliminares,Serviços preliminares
sinapi_es,Equipamentos de Proteção Coletiva,M,avaliado,0.0,100.0,13.0,113.0,39.0,13.0,,linear_multipla,"{'linear_simples': 13.36102505854047, 'linear_multipla': 11.927376687395833}",16.571869230769416,True,preliminares,Serviços preliminares
sinapi_es,Sistemas de Medição,UN,avaliado,0.0,366.0,46.0,412.0,138.0,46.0,,linear_simples,"{'linear_simples': 251.76301600053202, 'linear_multipla': 337.7228900711556}",348.3041282608694,True,hidrossanitarias,Instalações hidráulicas e sanitárias
sinapi_es,Acessibilidade,M,dados_insuficientes,0.0,12.0,2.0,14.0,6.0,2.0,Recorte sem amostras/serviços suficientes nos cortes globais,,,,,urbanizacao_infraestrutura,Urbanização e infraestrutura externa
sinapi_es,Acessibilidade,UN,dados_insuficientes,0.0,12.0,2.0,14.0,6.0,2.0,Recorte sem amostras/serviços suficientes nos cortes globais,,,,,urbanizacao_infraestrutura,Urbanização e infraestrutura externa
sinapi_es,Locação de Obras,UN,avaliado,0.0,32.0,4.0,36.0,12.0,4.0,,linear_multipla,"{'linear_simples': 24.103527073532906, 'linear_multipla': 21.128906174306884}",35.83587500000012,True,preliminares,Serviços preliminares
sinapi_es,Locação de Obras,M,avaliado,0.0,29.0,4.0,33.0,12.0,4.0,,linear_multipla,"{'linear_simples': 4.175591817536318, 'linear_multipla': 3.669123546685351}",6.295100000000025,True,preliminares,Serviços preliminares
sinapi_es,"Vergas, contravergas e fixação de alvenaria",M,avaliado,0.0,176.0,30.0,206.0,90.0,30.0,,linear_multipla,"{'linear_simples': 4.113654650115196, 'linear_multipla': 4.09886977486578}",4.599196666666669,True,alvenaria_vedacoes,Alvenaria e vedações
sinapi_es,Estruturas de Madeira,M,avaliado,0.0,264.0,33.0,297.0,99.0,33.0,,linear_simples,"{'linear_simples': 0.3992765483038084, 'linear_multipla': 6.376291003245729}",2.8042878787878798,True,estruturas,Estruturas
sinapi_es,Estruturas de Madeira,M2,dados_insuficientes,0.0,8.0,1.0,9.0,3.0,1.0,Recorte sem amostras/serviços suficientes nos cortes globais,,,,,estruturas,Estruturas
sinapi_es,Montagem de gruas e cremalheiras,M,avaliado,0.0,32.0,4.0,36.0,12.0,4.0,,linear_multipla,"{'linear_simples': 113.1189605482925, 'linear_multipla': 98.41573692510157}",138.9001499999997,True,preliminares,Serviços preliminares
sinapi_es,Montagem de gruas e cremalheiras,UN,avaliado,0.0,32.0,4.0,36.0,12.0,4.0,,linear_multipla,"{'linear_simples': 127403.23522241457, 'linear_multipla': 113964.10102441051}",153350.9825749999,True,preliminares,Serviços preliminares
sinapi_es,Instalações para Canteiros de Obras,UN,avaliado,0.0,40.0,5.0,45.0,15.0,5.0,,linear_multipla,"{'linear_simples': 11328.225457676386, 'linear_multipla': 643.8095204153024}",18257.58405999991,True,preliminares,Serviços preliminares
sinapi_es,Instalações para Canteiros de Obras,M3,dados_insuficientes,0.0,6.0,1.0,7.0,3.0,1.0,Recorte sem amostras/serviços suficientes nos cortes globais,,,,,preliminares,Serviços preliminares
sinapi_es,Instalações para Canteiros de Obras,M,avaliado,0.0,32.0,4.0,36.0,12.0,4.0,,linear_simples,"{'linear_simples': 29.022326341809432, 'linear_multipla': 34.29407582137689}",19.693899999999996,False,preliminares,Serviços preliminares
sinapi_es,Instalações Hidráulicas - Reservação e Bombas de Recalque,UN,avaliado,0.0,1960.0,245.0,2205.0,735.0,245.0,,linear_simples,"{'linear_simples': 58.24658256315676, 'linear_multipla': 75.90514395190735}",79.29876489795893,True,hidrossanitarias,Instalações hidráulicas e sanitárias
sinapi_es,Monocapa,M2,avaliado,0.0,96.0,12.0,108.0,36.0,12.0,,linear_simples,"{'linear_simples': 6.179226376385215, 'linear_multipla': 11.558380078493265}",4.003941666666676,False,revestimentos_forros,Revestimentos e forros
sinapi_es,Assentamento de Tubos de PVC e Metálicos em Redes de Água,UN,avaliado,0.0,1086.0,132.0,1218.0,396.0,138.0,,linear_multipla,"{'linear_simples': 16.598389596185662, 'linear_multipla': 16.33743712991962}",19.074859090909076,True,urbanizacao_infraestrutura,Urbanização e infraestrutura externa
sinapi_es,Assentamento de Tubos de PVC e Metálicos em Redes de Água,M,avaliado,0.0,710.0,94.0,804.0,282.0,94.0,,linear_simples,"{'linear_simples': 5.537695392291356, 'linear_multipla': 61.79625528657109}",6.860025531914898,True,urbanizacao_infraestrutura,Urbanização e infraestrutura externa
sinapi_es,Fôrmas para Pilares Circulares,M2,avaliado,0.0,32.0,4.0,36.0,12.0,4.0,,linear_simples,"{'linear_simples': 19.30788881177577, 'linear_multipla': 19.849992402740394}",21.870949999999922,True,estruturas,Estruturas
sinapi_es,Esquadrias - Janelas,M,avaliado,0.0,35.0,5.0,40.0,15.0,5.0,,linear_multipla,"{'linear_simples': 2.86664394664038, 'linear_multipla': 2.764431109213434}",3.406320000000003,True,esquadrias_vidros,Esquadrias e vidros
sinapi_es,Pintura Externa,M2,avaliado,0.0,248.0,31.0,279.0,93.0,31.0,,linear_multipla,"{'linear_simples': 0.7532324987884211, 'linear_multipla': 0.37250914479371416}",1.2366709677419359,True,pintura,Pintura
sinapi_es,Alvenaria Estrutural - Blocos Cerâmicos,M2,avaliado,0.0,56.0,8.0,64.0,24.0,8.0,,linear_simples,"{'linear_simples': 5.631273273915206, 'linear_multipla': 6.291416842469859}",11.867037500000022,True,estruturas,Estruturas
sinapi_es,Alvenaria Estrutural - Blocos de Concreto,M2,avaliado,0.0,48.0,8.0,56.0,24.0,8.0,,linear_multipla,"{'linear_simples': 35.13624591684941, 'linear_multipla': 19.327434159285758}",36.70228750000004,True,estruturas,Estruturas
sinapi_es,Instalações Prediais de Esgoto - Tubos e Conexões,M,avaliado,0.0,72.0,9.0,81.0,27.0,9.0,,linear_multipla,"{'linear_simples': 9.239924084340918, 'linear_multipla': 8.456034265482256}",10.192477777777777,True,hidrossanitarias,Instalações hidráulicas e sanitárias
sinapi_es,Graute e Armação,M3,avaliado,0.0,66.0,11.0,77.0,33.0,11.0,,linear_simples,"{'linear_simples': 695.9771517733554, 'linear_multipla': 741.3735757698779}",863.6738727272709,True,estruturas,Estruturas
sinapi_es,Concreto Projetado,M2,avaliado,0.0,160.0,32.0,192.0,96.0,32.0,,linear_simples,"{'linear_simples': 104.5127912564816, 'linear_multipla': 106.78022561746951}",116.61870312500001,True,terra_contencao,Terra e contenções
sinapi_es,"Instalações Elétricas - Eletrodutos Embutidos, Cabos, Caixas, Tomadas e Interruptores",M,avaliado,0.0,351.0,48.0,399.0,126.0,48.0,,linear_multipla,"{'linear_simples': 0.4696601773637359, 'linear_multipla': 0.4396567902766891}",0.5426708333333333,True,eletricas,Instalações elétricas e comunicação
sinapi_es,"Instalações Elétricas - Eletrodutos Embutidos, Cabos, Caixas, Tomadas e Interruptores",UN,avaliado,0.0,1160.0,145.0,1305.0,435.0,145.0,,linear_simples,"{'linear_simples': 4.648803869639551, 'linear_multipla': 5.116111967910801}",6.149642068965517,True,eletricas,Instalações elétricas e comunicação
sinapi_es,Peneiramento e Ensacamento de Areia em Obra,M3,dados_insuficientes,0.0,24.0,2.0,26.0,4.0,3.0,Recorte sem amostras/serviços suficientes nos cortes globais,,,,,apoio_producao,Apoio e produção
sinapi_es,Assentamento de tubos de esgoto ou drenagem pluvial em concreto,M,avaliado,0.0,624.0,78.0,702.0,234.0,78.0,,linear_multipla,"{'linear_simples': 49.944872272651196, 'linear_multipla': 13.48229075091755}",9.451392307692357,False,urbanizacao_infraestrutura,Urbanização e infraestrutura externa
sinapi_es,Gabiões - Execução de Muro e Proteção Superficial,M3,avaliado,0.0,104.0,13.0,117.0,39.0,13.0,,linear_simples,"{'linear_simples': 10400.820075414631, 'linear_multipla': 11867.769701563435}",6749.304484615371,False,terra_contencao,Terra e contenções
sinapi_es,Gabiões - Execução de Muro e Proteção Superficial,M2,avaliado,0.0,24.0,3.0,27.0,9.0,3.0,,linear_simples,"{'linear_simples': 501.6188468312175, 'linear_multipla': 562.9209206179767}",323.3831,False,terra_contencao,Terra e contenções
sinapi_es,Redes Enterradas de Distribuição Elétrica,M,avaliado,0.0,142.0,19.0,161.0,57.0,19.0,,linear_simples,"{'linear_simples': 40.06553207944195, 'linear_multipla': 72.48765027543492}",39.94545263157895,False,eletricas,Instalações elétricas e comunicação
sinapi_es,Redes Enterradas de Distribuição Elétrica,UN,avaliado,0.0,80.0,10.0,90.0,30.0,10.0,,linear_multipla,"{'linear_simples': 2.5157104527665544, 'linear_multipla': 2.4439247418245156}",3.967559999999998,True,eletricas,Instalações elétricas e comunicação
sinapi_es,Execução de Grampo para Solo Grampeado,M,avaliado,0.0,36.0,6.0,42.0,6.0,6.0,,linear_multipla,"{'linear_simples': 350.1233628463687, 'linear_multipla': 225.96590931805744}",163.83764999999963,False,terra_contencao,Terra e contenções
sinapi_es,Telhamento para Cobertura,UN,dados_insuficientes,0.0,8.0,1.0,9.0,3.0,1.0,Recorte sem amostras/serviços suficientes nos cortes globais,,,,,coberturas,Coberturas
sinapi_es,Guias e sarjetas,M,avaliado,0.0,254.0,32.0,286.0,96.0,32.0,,linear_simples,"{'linear_simples': 2.7660268942820383, 'linear_multipla': 2.796268126979073}",3.2070843749999973,True,urbanizacao_infraestrutura,Urbanização e infraestrutura externa
sinapi_es,Instalações Hidráulicas - Reservação e Bombas de Recalque,M,avaliado,0.0,328.0,41.0,369.0,123.0,41.0,,linear_simples,"{'linear_simples': 35.25340402663923, 'linear_multipla': 109.02498753325143}",46.41006585365861,True,hidrossanitarias,Instalações hidráulicas e sanitárias
sinapi_es,Passeios de Concreto,M2,avaliado,0.0,28.0,4.0,32.0,12.0,4.0,,linear_simples,"{'linear_simples': 1.7491031304021163, 'linear_multipla': 3.075058954729085}",0.9946249999999952,False,urbanizacao_infraestrutura,Urbanização e infraestrutura externa
sinapi_es,Lastro,M2,avaliado,0.0,24.0,4.0,28.0,12.0,4.0,,linear_simples,"{'linear_simples': 1.5674564075199795, 'linear_multipla': 1.6102062245729076}",1.9228749999999935,True,apoio_producao,Apoio e produção
sinapi_es,Armação de Estacas,KG,avaliado,0.0,88.0,11.0,99.0,33.0,11.0,,linear_multipla,"{'linear_simples': 0.09571132794658878, 'linear_multipla': 0.0862406852943752}",0.08093636363636357,False,fundacoes,Fundações
sinapi_es,"Instalações Elétricas - Eletrodutos, Conexões e Conduletes Aparentes",M,avaliado,0.0,21.0,3.0,24.0,9.0,3.0,,linear_multipla,"{'linear_simples': 19.073079671384537, 'linear_multipla': 18.936202814763806}",18.763566666666666,False,eletricas,Instalações elétricas e comunicação
sinapi_es,Escadas,KG,avaliado,0.0,48.0,6.0,54.0,18.0,6.0,,linear_multipla,"{'linear_simples': 0.3859129797620957, 'linear_multipla': 0.36420299524775274}",0.3484333333333331,False,estruturas,Estruturas
sinapi_es,Asfalto,M3,dados_insuficientes,0.0,14.0,0.0,14.0,6.0,2.0,Recorte sem amostras/serviços suficientes nos cortes globais,,,,,urbanizacao_infraestrutura,Urbanização e infraestrutura externa
sinapi_es,Asfalto,M2,dados_insuficientes,0.0,7.0,6.0,13.0,18.0,1.0,Recorte sem amostras/serviços suficientes nos cortes globais,,,,,urbanizacao_infraestrutura,Urbanização e infraestrutura externa
sinapi_es,Forros,M,avaliado,0.0,28.0,4.0,32.0,12.0,4.0,,linear_multipla,"{'linear_simples': 0.5296987418308151, 'linear_multipla': 0.4749107381924103}",0.8184249999999997,True,revestimentos_forros,Revestimentos e forros
sinapi_es,Paredes em Drywall,M,dados_insuficientes,0.0,12.0,2.0,14.0,6.0,2.0,Recorte sem amostras/serviços suficientes nos cortes globais,,,,,alvenaria_vedacoes,Alvenaria e vedações
sinapi_es,Usinagens,M3,avaliado,0.0,15.0,16.0,31.0,48.0,3.0,,linear_multipla,"{'linear_simples': 3.0235176873512097, 'linear_multipla': 0.8826454949330329}",6.6269687499999765,True,apoio_producao,Apoio e produção
sinapi_es,Rasgos e Fixações,M2,dados_insuficientes,0.0,16.0,2.0,18.0,6.0,2.0,Recorte sem amostras/serviços suficientes nos cortes globais,,,,,apoio_producao,Apoio e produção
sinapi_es,Instalações Hidráulicas em PEX,M,avaliado,0.0,32.0,4.0,36.0,12.0,4.0,,linear_multipla,"{'linear_simples': 0.087400585138944, 'linear_multipla': 0.05725067741909192}",0.17985000000000076,True,hidrossanitarias,Instalações hidráulicas e sanitárias
sinapi_es,Sistema de Proteção contra Descargas Atmosféricas - SPDA,M,avaliado,0.0,56.0,7.0,63.0,21.0,7.0,,linear_simples,"{'linear_simples': 28.847300045537576, 'linear_multipla': 45.39050032655913}",30.64497142857144,True,eletricas,Instalações elétricas e comunicação
sinapi_es,Equipamentos de Proteção Coletiva,M2,avaliado,0.0,70.0,9.0,79.0,26.0,9.0,,linear_multipla,"{'linear_simples': 10.936325627495126, 'linear_multipla': 9.948341268791346}",13.150544444444462,True,preliminares,Serviços preliminares
sinapi_es,Equipamentos de Proteção Coletiva,M3,dados_insuficientes,0.0,6.0,1.0,7.0,2.0,1.0,Recorte sem amostras/serviços suficientes nos cortes globais,,,,,preliminares,Serviços preliminares
sinapi_es,"Radier, Piso de Concreto e Laje sobre Solo",M3,dados_insuficientes,0.0,16.0,2.0,18.0,6.0,2.0,Recorte sem amostras/serviços suficientes nos cortes globais,,,,,fundacoes,Fundações
sinapi_es,"Radier, Piso de Concreto e Laje sobre Solo",KG,avaliado,0.0,48.0,6.0,54.0,18.0,6.0,,linear_simples,"{'linear_simples': 0.054663874911779764, 'linear_multipla': 0.05501134900973453}",0.2419499999999999,True,fundacoes,Fundações
sinapi_es,Pavimento Rígido de Concreto,M,dados_insuficientes,0.0,8.0,1.0,9.0,3.0,1.0,Recorte sem amostras/serviços suficientes nos cortes globais,,,,,urbanizacao_infraestrutura,Urbanização e infraestrutura externa
sinapi_es,Pavimento Rígido de Concreto,KG,avaliado,0.0,48.0,6.0,54.0,18.0,6.0,,linear_multipla,"{'linear_simples': 0.9267585746088146, 'linear_multipla': 0.908979834808211}",0.6827166666666682,False,urbanizacao_infraestrutura,Urbanização e infraestrutura externa
sinapi_es,Instalações de ar condicionado em cobre,M,avaliado,0.0,34.0,5.0,39.0,15.0,9.0,,linear_multipla,"{'linear_simples': 11.567716494259582, 'linear_multipla': 6.154529857620087}",13.983600000000019,True,climatizacao,Climatização e ventilação
sinapi_es,Estruturas Pré-Fabricadas e Pré-Moldadas,M3,avaliado,0.0,40.0,8.0,48.0,24.0,8.0,,linear_simples,"{'linear_simples': 21755.372950441368, 'linear_multipla': 21846.863062608696}",26861.39196250004,True,estruturas,Estruturas
sinapi_es,Poços de Visita e Caixas para Bocas de Lobo,M,avaliado,0.0,456.0,76.0,532.0,228.0,76.0,,linear_multipla,"{'linear_simples': 20393.9303685012, 'linear_multipla': 18512.57493039267}",23031.333306578945,True,urbanizacao_infraestrutura,Urbanização e infraestrutura externa
sinapi_es,Dutos para ar condicionado,M2,dados_insuficientes,0.0,8.0,1.0,9.0,3.0,1.0,Recorte sem amostras/serviços suficientes nos cortes globais,,,,,climatizacao,Climatização e ventilação
sinapi_es,Instalações para Canteiros de Obras,M2,avaliado,0.0,120.0,15.0,135.0,45.0,15.0,,linear_simples,"{'linear_simples': 12.051632459642342, 'linear_multipla': 12.202690437822602}",13.652073333333341,True,preliminares,Serviços preliminares
sinapi_es,Paisagismo - Plantio,UN,avaliado,0.0,32.0,4.0,36.0,12.0,4.0,,linear_multipla,"{'linear_simples': 41.43025500037505, 'linear_multipla': 37.55911610706221}",45.481849999999774,True,urbanizacao_infraestrutura,Urbanização e infraestrutura externa
sinapi_es,Supressão Vegetal,M2,dados_insuficientes,0.0,16.0,2.0,18.0,6.0,2.0,Recorte sem amostras/serviços suficientes nos cortes globais,,,,,preliminares,Serviços preliminares
sinapi_es,Supressão Vegetal,UN,avaliado,0.0,80.0,10.0,90.0,30.0,10.0,,linear_multipla,"{'linear_simples': 339.09343051876823, 'linear_multipla': 327.9301018254908}",376.53960000000063,True,preliminares,Serviços preliminares
sinapi_es,"Impermeabilização, Proteção Mecânica e Tratamento de Junta",M2,avaliado,0.0,150.0,19.0,169.0,55.0,19.0,,linear_multipla,"{'linear_simples': 9.340792213913263, 'linear_multipla': 7.933820217237249}",9.255952631578934,True,impermeabilizacao,Impermeabilização
sinapi_es,"Impermeabilização, Proteção Mecânica e Tratamento de Junta",UN,dados_insuficientes,0.0,8.0,1.0,9.0,1.0,1.0,Recorte sem amostras/serviços suficientes nos cortes globais,,,,,impermeabilizacao,Impermeabilização
sinapi_es,"Impermeabilização, Proteção Mecânica e Tratamento de Junta",M,avaliado,0.0,32.0,4.0,36.0,10.0,4.0,,linear_multipla,"{'linear_simples': 5.31045360825944, 'linear_multipla': 3.528062955683472}",5.78027500000002,True,impermeabilizacao,Impermeabilização
sinapi_es,"Estruturas de Contenção - Estacas, Paredes Diafragma e Mureta Guia",M2,avaliado,0.0,24.0,4.0,28.0,4.0,4.0,,linear_multipla,"{'linear_simples': 6.52451994877237, 'linear_multipla': 2.6340322771750357}",6.658874999999951,True,terra_contencao,Terra e contenções
sinapi_es,"Estruturas de Contenção - Estacas, Paredes Diafragma e Mureta Guia",M,dados_insuficientes,0.0,5.0,1.0,6.0,1.0,1.0,Recorte sem amostras/serviços suficientes nos cortes globais,,,,,terra_contencao,Terra e contenções
sinapi_es,Solda de Topo em Elementos de Aço,M,avaliado,0.0,48.0,6.0,54.0,18.0,6.0,,linear_simples,"{'linear_simples': 5.472366271726009, 'linear_multipla': 15.532187066961496}",6.367250000000006,True,estruturas,Estruturas
sinapi_es,Limpeza de Obra,M2,avaliado,0.0,143.0,22.0,165.0,64.0,21.0,,linear_multipla,"{'linear_simples': 0.24030122285382846, 'linear_multipla': 0.23435942578939092}",0.2505954545454544,True,preliminares,Serviços preliminares
sinapi_es,Limpeza de Obra,UN,avaliado,0.0,28.0,5.0,33.0,15.0,4.0,,linear_multipla,"{'linear_simples': 0.2218497912993284, 'linear_multipla': 0.21296460446818263}",0.2411200000000003,True,preliminares,Serviços preliminares
sinapi_es,"Guarda-Corpo, Corrimão e Grade para Esquadrias",M,avaliado,0.0,30.0,3.0,33.0,9.0,5.0,,linear_simples,"{'linear_simples': 125.76008943346183, 'linear_multipla': 136.97376475992357}",67.5822999999998,False,esquadrias_vidros,Esquadrias e vidros
sinapi_es,"Guarda-Corpo, Corrimão e Grade para Esquadrias",M2,dados_insuficientes,0.0,14.0,2.0,16.0,6.0,2.0,Recorte sem amostras/serviços suficientes nos cortes globais,,,,,esquadrias_vidros,Esquadrias e vidros
sinapi_es,"Canaletas, Grelhas e Caixas com Grelha para Drenagem",M3,dados_insuficientes,0.0,2.0,1.0,3.0,2.0,1.0,Recorte sem amostras/serviços suficientes nos cortes globais,,,,,urbanizacao_infraestrutura,Urbanização e infraestrutura externa
sinapi_es,"Canaletas, Grelhas e Caixas com Grelha para Drenagem",M2,dados_insuficientes,0.0,4.0,1.0,5.0,3.0,1.0,Recorte sem amostras/serviços suficientes nos cortes globais,,,,,urbanizacao_infraestrutura,Urbanização e infraestrutura externa
sinapi_es,Instalações de ar condicionado em cobre,UN,avaliado,0.0,20.0,10.0,30.0,30.0,10.0,,linear_multipla,"{'linear_simples': 33.241759303167, 'linear_multipla': 32.21154624432196}",33.28316999999997,True,climatizacao,Climatização e ventilação
sinapi_es,Remoção de Entulho e Descarte,M3,dados_insuficientes,0.0,10.0,10.0,20.0,30.0,10.0,Recorte sem amostras/serviços suficientes nos cortes globais,,,,,preliminares,Serviços preliminares
sinapi_es,Quadros de automação de bombas,UN,dados_insuficientes,0.0,0.0,18.0,18.0,54.0,0.0,Recorte sem amostras/serviços suficientes nos cortes globais,,,,,eletricas,Instalações elétricas e comunicação
sinapi_es,Estacas Raiz,M,dados_insuficientes,0.0,0.0,8.0,8.0,24.0,0.0,Recorte sem amostras/serviços suficientes nos cortes globais,,,,,fundacoes,Fundações
sinapi_es,Tunnel Liner,M3,dados_insuficientes,0.0,0.0,2.0,2.0,6.0,0.0,Recorte sem amostras/serviços suficientes nos cortes globais,,,,,urbanizacao_infraestrutura,Urbanização e infraestrutura externa
sinapi_es,Reservatórios de Concreto e Metálicos,M,dados_insuficientes,0.0,0.0,0.0,0.0,2.0,0.0,Recorte sem amostras/serviços suficientes nos cortes globais,,,,,hidrossanitarias,Instalações hidráulicas e sanitárias
sinapi_es,"Cercas, Protetores e Alambrados",UN,dados_insuficientes,0.0,0.0,0.0,0.0,12.0,0.0,Recorte sem amostras/serviços suficientes nos cortes globais,,,,,urbanizacao_infraestrutura,Urbanização e infraestrutura externa
sinapi_es,Drenagem com geocompostos,M,dados_insuficientes,0.0,0.0,0.0,0.0,8.0,0.0,Recorte sem amostras/serviços suficientes nos cortes globais,,,,,urbanizacao_infraestrutura,Urbanização e infraestrutura externa
sinapi_es,Drenagem com geocompostos,UN,dados_insuficientes,0.0,0.0,0.0,0.0,2.0,0.0,Recorte sem amostras/serviços suficientes nos cortes globais,,,,,urbanizacao_infraestrutura,Urbanização e infraestrutura externa
sinapi_es,Geodrenos Verticais,M,dados_insuficientes,0.0,0.0,0.0,0.0,2.0,0.0,Recorte sem amostras/serviços suficientes nos cortes globais,,,,,terra_contencao,Terra e contenções
sinapi_es,Eletrocalhas,M,sem_janela_modelavel,,,,,,,Sem sequência histórica elegível para construir as entradas e o alvo.,,,,,eletricas,Instalações elétricas e comunicação
sinapi_es,Eletrocalhas,UN,sem_janela_modelavel,,,,,,,Sem sequência histórica elegível para construir as entradas e o alvo.,,,,,eletricas,Instalações elétricas e comunicação
sinapi_es,Pintura para Pisos,M2,sem_janela_modelavel,,,,,,,Sem sequência histórica elegível para construir as entradas e o alvo.,,,,,pintura,Pintura
sinapi_es,Pintura para Pisos,M,sem_janela_modelavel,,,,,,,Sem sequência histórica elegível para construir as entradas e o alvo.,,,,,pintura,Pintura
sinapi_es,Sinalização Horizontal Viária,M,sem_janela_modelavel,,,,,,,Sem sequência histórica elegível para construir as entradas e o alvo.,,,,,urbanizacao_infraestrutura,Urbanização e infraestrutura externa
sinapi_es,Sinalização Horizontal Viária,M2,sem_janela_modelavel,,,,,,,Sem sequência histórica elegível para construir as entradas e o alvo.,,,,,urbanizacao_infraestrutura,Urbanização e infraestrutura externa
der_es,SERVIÇOS PRELIMINARES / DEMOLIÇÕES E RETIRADAS,m2,avaliado,0.0,284.0,79.0,363.0,119.0,41.0,,linear_multipla,"{'linear_simples': 0.937901278756987, 'linear_multipla': 0.29725043018236963}",0.05112025316455693,False,preliminares,Serviços preliminares
der_es,SERVIÇOS PRELIMINARES / DEMOLIÇÕES E RETIRADAS,m3,avaliado,0.0,30.0,8.0,38.0,12.0,4.0,,linear_multipla,"{'linear_simples': 56.06990849641702, 'linear_multipla': 15.14600492327078}",0.2346124999999967,False,preliminares,Serviços preliminares
der_es,SERVIÇOS PRELIMINARES / DEMOLIÇÕES E RETIRADAS,m,avaliado,0.0,42.0,12.0,54.0,18.0,6.0,,linear_multipla,"{'linear_simples': 0.468673078402007, 'linear_multipla': 0.12483683939605779}",0.0,False,preliminares,Serviços preliminares
der_es,SERVIÇOS PRELIMINARES / DEMOLIÇÕES E RETIRADAS,und,avaliado,0.0,70.0,20.0,90.0,30.0,10.0,,linear_simples,"{'linear_simples': 5.261607600923226, 'linear_multipla': 6.5144693700182685}",5.676005000000006,True,preliminares,Serviços preliminares
der_es,SERVIÇOS PRELIMINARES / LIMPEZA DO TERRENO,m2,dados_insuficientes,0.0,14.0,4.0,18.0,6.0,2.0,Recorte sem amostras/serviços suficientes nos cortes globais,,,,,preliminares,Serviços preliminares
der_es,SERVIÇOS PRELIMINARES / LIMPEZA DO TERRENO,und,dados_insuficientes,0.0,14.0,4.0,18.0,6.0,2.0,Recorte sem amostras/serviços suficientes nos cortes globais,,,,,preliminares,Serviços preliminares
der_es,SERVIÇOS PRELIMINARES / LOCAÇÃO,m2,dados_insuficientes,0.0,9.0,2.0,11.0,3.0,1.0,Recorte sem amostras/serviços suficientes nos cortes globais,,,,,preliminares,Serviços preliminares
der_es,SERVIÇOS PRELIMINARES / LOCAÇÃO,mês,dados_insuficientes,0.0,9.0,2.0,11.0,3.0,1.0,Recorte sem amostras/serviços suficientes nos cortes globais,,,,,preliminares,Serviços preliminares
der_es,SERVIÇOS PRELIMINARES / SERVIÇOS ADMINISTRATIVOS E TÉCNICOS - MENSALISTAS,mês,avaliado,0.0,135.0,30.0,165.0,45.0,15.0,,linear_multipla,"{'linear_simples': 594012.4332155494, 'linear_multipla': 593060.588160903}",622614.4065166658,True,apoio_producao,Apoio e produção
der_es,"INSTALAÇÃO DO CANTEIRO DE OBRAS / TAPUMES, BARRACÕES E COBERTURAS",m2,avaliado,0.0,27.0,6.0,33.0,9.0,3.0,,linear_simples,"{'linear_simples': 0.8955948833037229, 'linear_multipla': 0.9082409552338735}",1.0909833333333323,True,preliminares,Serviços preliminares
der_es,"INSTALAÇÃO DO CANTEIRO DE OBRAS / TAPUMES, BARRACÕES E COBERTURAS",mês,dados_insuficientes,0.0,9.0,2.0,11.0,3.0,1.0,Recorte sem amostras/serviços suficientes nos cortes globais,,,,,preliminares,Serviços preliminares
der_es,"INSTALAÇÃO DO CANTEIRO DE OBRAS / TAPUMES, BARRACÕES E COBERTURAS",und,dados_insuficientes,0.0,9.0,2.0,11.0,3.0,1.0,Recorte sem amostras/serviços suficientes nos cortes globais,,,,,preliminares,Serviços preliminares
der_es,"INSTALAÇÃO DO CANTEIRO DE OBRAS / TAPUMES, BARRACÕES E COBERTURAS",m,avaliado,0.0,27.0,6.0,33.0,9.0,3.0,,linear_simples,"{'linear_simples': 47.20143616965047, 'linear_multipla': 47.30062828893987}",47.02936666666665,False,preliminares,Serviços preliminares
der_es,"INSTALAÇÃO DO CANTEIRO DE OBRAS / TAPUMES, BARRACÕES E COBERTURAS",ms,avaliado,0.0,45.0,10.0,55.0,10.0,5.0,,linear_simples,"{'linear_simples': 5.90007701544491, 'linear_multipla': 5.903068163224338}",0.0,False,preliminares,Serviços preliminares
der_es,"INSTALAÇÃO DO CANTEIRO DE OBRAS / INSTALAÇÃO DO CANTEIRO DE OBRAS (UTILIZAÇÃO 1 VEZ), PROJETO PADRÃO LABOR - NR.18 (OBRAS COM PRAZO DE EXECUÇÃO SUPERIOR A 12 MESES)",m2,avaliado,0.0,54.0,12.0,66.0,18.0,6.0,,linear_simples,"{'linear_simples': 6.45081106995996, 'linear_multipla': 7.1757799917458165}",0.1494166666666739,False,preliminares,Serviços preliminares
der_es,"INSTALAÇÃO DO CANTEIRO DE OBRAS / INSTALAÇÃO DO CANTEIRO DE OBRAS (UTILIZAÇÃO 1 VEZ), PROJETO PADRÃO LABOR - NR.18 (OBRAS COM PRAZO DE EXECUÇÃO SUPERIOR A 12 MESES)",und,avaliado,0.0,45.0,10.0,55.0,15.0,5.0,,linear_simples,"{'linear_simples': 12822.056969744706, 'linear_multipla': 35615.299878693375}",87.79604000000246,False,preliminares,Serviços preliminares
der_es,"INSTALAÇÃO DO CANTEIRO DE OBRAS / INSTALAÇÃO DO CANTEIRO DE OBRAS (UTILIZAÇÃO 1 VEZ), PROJETO PADRÃO LABOR - NR.18 (OBRAS COM PRAZO DE EXECUÇÃO SUPERIOR A 12 MESES)",m,avaliado,0.0,27.0,6.0,33.0,9.0,3.0,,linear_multipla,"{'linear_simples': 3.547691426156838, 'linear_multipla': 3.0783756558983524}",0.006150000000001508,False,preliminares,Serviços preliminares
der_es,"INSTALAÇÃO DO CANTEIRO DE OBRAS / INSTALAÇÃO DO CANTEIRO DE OBRAS (UTILIZAÇÃO 2 VEZES), PROJETO PADRÃO LABOR - NR.18 (OBRAS COM PRAZO DE EXECUÇÃO DE 6 A 12 MESES)",m2,avaliado,0.0,54.0,12.0,66.0,18.0,6.0,,linear_simples,"{'linear_simples': 5.549999278989624, 'linear_multipla': 9.466148067835308}",0.09833333333333466,False,preliminares,Serviços preliminares
der_es,"INSTALAÇÃO DO CANTEIRO DE OBRAS / INSTALAÇÃO DO CANTEIRO DE OBRAS (UTILIZAÇÃO 2 VEZES), PROJETO PADRÃO LABOR - NR.18 (OBRAS COM PRAZO DE EXECUÇÃO DE 6 A 12 MESES)",und,avaliado,0.0,45.0,10.0,55.0,15.0,5.0,,linear_simples,"{'linear_simples': 8784.49469870567, 'linear_multipla': 25526.794463337646}",61.16510000000712,False,preliminares,Serviços preliminares
der_es,"INSTALAÇÃO DO CANTEIRO DE OBRAS / INSTALAÇÃO DO CANTEIRO DE OBRAS (UTILIZAÇÃO 2 VEZES), PROJETO PADRÃO LABOR - NR.18 (OBRAS COM PRAZO DE EXECUÇÃO DE 6 A 12 MESES)",m,dados_insuficientes,0.0,9.0,2.0,11.0,3.0,1.0,Recorte sem amostras/serviços suficientes nos cortes globais,,,,,preliminares,Serviços preliminares
der_es,MOVIMENTO DE TERRA / ESCAVAÇÕES,m3,avaliado,0.0,36.0,8.0,44.0,12.0,4.0,,linear_simples,"{'linear_simples': 0.4006479254021635, 'linear_multipla': 0.6558839270696979}",0.06223749999999981,False,terra_contencao,Terra e contenções
der_es,MOVIMENTO DE TERRA / ESCAVAÇÕES,m2,dados_insuficientes,0.0,9.0,2.0,11.0,3.0,1.0,Recorte sem amostras/serviços suficientes nos cortes globais,,,,,terra_contencao,Terra e contenções
der_es,MOVIMENTO DE TERRA / REATERRO E COMPACTAÇÃO,m3,avaliado,0.0,81.0,18.0,99.0,27.0,9.0,,linear_simples,"{'linear_simples': 3.978919942465275, 'linear_multipla': 4.201881797085714}",4.224588888888861,True,terra_contencao,Terra e contenções
der_es,MOVIMENTO DE TERRA / TRANSPORTES,m3,dados_insuficientes,0.0,9.0,2.0,11.0,3.0,1.0,Recorte sem amostras/serviços suficientes nos cortes globais,,,,,terra_contencao,Terra e contenções
der_es,MOVIMENTO DE TERRA / TRANSPORTES,und,dados_insuficientes,0.0,18.0,4.0,22.0,6.0,2.0,Recorte sem amostras/serviços suficientes nos cortes globais,,,,,terra_contencao,Terra e contenções
der_es,ESTRUTURAS / INFRA-ESTRUTURA (FUNDAÇÃO),m3,avaliado,0.0,81.0,18.0,99.0,27.0,9.0,,linear_multipla,"{'linear_simples': 54.652630949934945, 'linear_multipla': 50.85611521561394}",27.535327777777702,False,fundacoes,Fundações
der_es,ESTRUTURAS / INFRA-ESTRUTURA (FUNDAÇÃO),m2,avaliado,0.0,36.0,8.0,44.0,12.0,4.0,,linear_simples,"{'linear_simples': 1.2929275528067898, 'linear_multipla': 3.632736128158452}",0.0,False,fundacoes,Fundações
der_es,ESTRUTURAS / INFRA-ESTRUTURA (FUNDAÇÃO),kg,avaliado,0.0,27.0,6.0,33.0,9.0,3.0,,linear_simples,"{'linear_simples': 0.012586888159943098, 'linear_multipla': 0.01894831951923633}",0.007800000000000081,False,fundacoes,Fundações
der_es,ESTRUTURAS / SUPER-ESTRUTURA,m3,avaliado,0.0,63.0,14.0,77.0,21.0,7.0,,linear_multipla,"{'linear_simples': 108.82247218856917, 'linear_multipla': 103.64302109926062}",28.609685714285778,False,estruturas,Estruturas
der_es,ESTRUTURAS / SUPER-ESTRUTURA,kg,avaliado,0.0,27.0,6.0,33.0,9.0,3.0,,linear_simples,"{'linear_simples': 0.012586888159943098, 'linear_multipla': 0.01894831951923633}",0.007800000000000081,False,estruturas,Estruturas
der_es,ESTRUTURAS / SUPER-ESTRUTURA,m2,dados_insuficientes,0.0,18.0,4.0,22.0,6.0,2.0,Recorte sem amostras/serviços suficientes nos cortes globais,,,,,estruturas,Estruturas
der_es,ESTRUTURAS / ESTRUTURAS DE CONCRETO APARENTE,m2,dados_insuficientes,0.0,9.0,2.0,11.0,3.0,1.0,Recorte sem amostras/serviços suficientes nos cortes globais,,,,,estruturas,Estruturas
der_es,ESTRUTURAS / LAJES PRÉ-MOLDADAS,m2,dados_insuficientes,0.0,18.0,4.0,22.0,6.0,2.0,Recorte sem amostras/serviços suficientes nos cortes globais,,,,,estruturas,Estruturas
der_es,ESTRUTURAS / DIVERSOS,m,dados_insuficientes,0.0,9.0,2.0,11.0,3.0,1.0,Recorte sem amostras/serviços suficientes nos cortes globais,,,,,estruturas,Estruturas
der_es,ESTRUTURAS / RECUPERAÇÃO DE ESTRUTURAS,m3,avaliado,0.0,27.0,6.0,33.0,9.0,3.0,,linear_multipla,"{'linear_simples': 4854.760940646625, 'linear_multipla': 4543.813425152096}",388.0156999999884,False,estruturas,Estruturas
der_es,ESTRUTURAS / RECUPERAÇÃO DE ESTRUTURAS,m2,avaliado,0.0,63.0,14.0,77.0,21.0,7.0,,linear_multipla,"{'linear_simples': 16.90918903582821, 'linear_multipla': 16.34975912698733}",12.396614285714278,False,estruturas,Estruturas
der_es,ESTRUTURAS / RECUPERAÇÃO DE ESTRUTURAS,kg,dados_insuficientes,0.0,9.0,2.0,11.0,3.0,1.0,Recorte sem amostras/serviços suficientes nos cortes globais,,,,,estruturas,Estruturas
der_es,"ESTRUTURAS / MURO DE ARRIMO (Conc. ciclópico 15MPa c/ 30% de pedra de mão, c/ forn., preparo e aplicação de concreto, forma de tábua pinho-reap.5 vezes, exclusive escav. e reaterro) seções tipicas nas seguintes dimensões:",m,avaliado,0.0,36.0,8.0,44.0,12.0,4.0,,linear_simples,"{'linear_simples': 1212.506988488341, 'linear_multipla': 1887.114796824577}",68.1999500000009,False,terra_contencao,Terra e contenções
der_es,PAREDES E PAINÉIS / ALVENARIA DE VEDAÇÃO,m2,dados_insuficientes,0.0,18.0,4.0,22.0,6.0,2.0,Recorte sem amostras/serviços suficientes nos cortes globais,,,,,alvenaria_vedacoes,Alvenaria e vedações
der_es,PAREDES E PAINÉIS / ALVENARIA DE VEDAÇÃO,m3,dados_insuficientes,0.0,9.0,2.0,11.0,3.0,1.0,Recorte sem amostras/serviços suficientes nos cortes globais,,,,,alvenaria_vedacoes,Alvenaria e vedações
der_es,PAREDES E PAINÉIS / PLACAS E PAINÉIS DIVISÓRIOS,m2,avaliado,0.0,36.0,8.0,44.0,12.0,4.0,,linear_simples,"{'linear_simples': 55.26080916584316, 'linear_multipla': 65.5606777040476}",38.15156249999999,False,alvenaria_vedacoes,Alvenaria e vedações
der_es,PAREDES E PAINÉIS / PLACAS E PAINÉIS DIVISÓRIOS,und,dados_insuficientes,0.0,9.0,2.0,11.0,3.0,1.0,Recorte sem amostras/serviços suficientes nos cortes globais,,,,,alvenaria_vedacoes,Alvenaria e vedações
der_es,PAREDES E PAINÉIS / VERGAS/CONTRAVERGA,m,dados_insuficientes,0.0,18.0,4.0,22.0,6.0,2.0,Recorte sem amostras/serviços suficientes nos cortes globais,,,,,alvenaria_vedacoes,Alvenaria e vedações
der_es,PAREDES E PAINÉIS / ALVENARIA ESTRUTURAL,m2,avaliado,0.0,27.0,6.0,33.0,9.0,3.0,,linear_simples,"{'linear_simples': 21.975419867372228, 'linear_multipla': 22.687753496053418}",23.349166666666648,True,estruturas,Estruturas
der_es,"PAREDES E PAINÉIS / ALVENARIA DE VEDAÇÃO EMPREGANDO ARGAMASSA DE CIMENTO, CAL E AREIA",m2,avaliado,0.0,63.0,14.0,77.0,21.0,7.0,,linear_multipla,"{'linear_simples': 15.317927048487999, 'linear_multipla': 15.281534542464737}",16.216449999999995,True,alvenaria_vedacoes,Alvenaria e vedações
der_es,ESQUADRIAS DE MADEIRA / MARCOS E ALIZARES,und,avaliado,0.0,36.0,8.0,44.0,12.0,4.0,,linear_simples,"{'linear_simples': 30.249333551941483, 'linear_multipla': 34.33101891980929}",0.0018000000000001363,False,esquadrias_vidros,Esquadrias e vidros
der_es,ESQUADRIAS DE MADEIRA / MARCOS E ALIZARES,m,avaliado,0.0,36.0,8.0,44.0,12.0,4.0,,linear_simples,"{'linear_simples': 0.3582669759960992, 'linear_multipla': 0.39366417124653286}",2.499999999999005e-05,False,esquadrias_vidros,Esquadrias e vidros
der_es,ESQUADRIAS DE MADEIRA / FERRAGENS,und,avaliado,0.0,72.0,16.0,88.0,24.0,8.0,,linear_simples,"{'linear_simples': 2.60977429607564, 'linear_multipla': 4.004380570471676}",0.0,False,esquadrias_vidros,Esquadrias e vidros
der_es,"ESQUADRIAS DE MADEIRA / PORTA EM MADEIRA DE LEI TIPO ANGELIM PEDRA OU EQUIV.C/ENCHIMENTO EM MADEIRA 1A.QUALIDADE ESP. 30MM P/ PINTURA, INCLUSIVE ALIZARES, DOBRADIÇAS E FECHADURA EXTERNA, EXCLUSIVE MARCO",und,avaliado,0.0,36.0,8.0,44.0,12.0,4.0,,linear_multipla,"{'linear_simples': 239.2369142952151, 'linear_multipla': 227.42347623881244}",0.0,False,esquadrias_vidros,Esquadrias e vidros
der_es,"ESQUADRIAS DE MADEIRA / PORTA EM MADEIRA DE LEI TIPO ANGELIM PEDRA/EQUIV, ESP. 30MM C/ ACAB. LISO P/ PINTURA, INCL. FECHADURA TIPO ""LIVRE/OCUPADO"" E FERRAGENS P/ FIXAÇÃO EM GRANITO, EXCLUSIVE MARCO",und,avaliado,0.0,36.0,8.0,44.0,12.0,4.0,,linear_simples,"{'linear_simples': 2.0198535353454394, 'linear_multipla': 2002.0127090321564}",0.0,False,esquadrias_vidros,Esquadrias e vidros
der_es,"ESQUADRIAS DE MADEIRA / PORTA EM VENEZIANA, EM MADEIRA DE LEI, ESP. 30MM, INCL. DOBRADIÇAS, EXCLUSIVE ALIZAR, MARCO E FECHADURA",und,avaliado,0.0,27.0,6.0,33.0,9.0,3.0,,linear_simples,"{'linear_simples': 41.33241062160311, 'linear_multipla': 249.75871526558637}",0.0,False,esquadrias_vidros,Esquadrias e vidros
der_es,"ESQUADRIAS DE MADEIRA / PORTA EM MADEIRA DE LEI TIPO ANGELIM PEDRA OU EQUIV. C/ ENCHIMENTO EM MADEIRA DE 1ª QUALIDADE ESP 30MM, COM VISOR DE VIDRO, INCL. ALIZARES, DOBRADIÇAS E FECHADURAS EXT EM LATÃO CROMADO LAFONTE/EQUIV , EXCL. MARCO, NAS DIMENSÕES:",und,avaliado,0.0,27.0,6.0,33.0,9.0,3.0,,linear_simples,"{'linear_simples': 180.94871815034594, 'linear_multipla': 681.5050945901784}",0.0,False,esquadrias_vidros,Esquadrias e vidros
der_es,ESQUADRIAS DE MADEIRA / REVISÕES E REPAROS,und,avaliado,0.0,72.0,16.0,88.0,24.0,8.0,,linear_multipla,"{'linear_simples': 0.12029614860761186, 'linear_multipla': 0.11757299826911065}",0.0,False,esquadrias_vidros,Esquadrias e vidros
der_es,ESQUADRIAS DE MADEIRA / REVISÕES E REPAROS,m,dados_insuficientes,0.0,18.0,4.0,22.0,6.0,2.0,Recorte sem amostras/serviços suficientes nos cortes globais,,,,,esquadrias_vidros,Esquadrias e vidros
der_es,"ESQUADRIAS DE MADEIRA / PORTA EM MADEIRA DE LEI COM ENCHIMENTO EM MADEIRA DE 1ª QUALIDADE, ESP. 30MM, PARA PINTURA, INCL. ALIZARES, DOBRADIÇAS, FECHADURA TIPO ""LIVRE/OCUPADO"" EXCLUSIVE MARCO",und,dados_insuficientes,0.0,18.0,4.0,22.0,6.0,2.0,Recorte sem amostras/serviços suficientes nos cortes globais,,,,,esquadrias_vidros,Esquadrias e vidros
der_es,"ESQUADRIAS DE MADEIRA / PORTA EM MADEIRA DE LEI TIPO ANGELIM PEDRA OU EQUIV.,ESP. 30 MM, MACIÇA C/ FRISO P/ VERNIZ, PADRÃO SEDU, COM VISOR, INCLUSIVE ALIZARES, DOBRADIÇAS E FECHADURA DE BOLA EXTERNA, EXCLUSIVE MARCO",und,avaliado,0.0,45.0,10.0,55.0,15.0,5.0,,linear_simples,"{'linear_simples': 33.562376080890026, 'linear_multipla': 35.224963259621695}",0.0,False,esquadrias_vidros,Esquadrias e vidros
der_es,ESQUADRIAS METÁLICAS / GRADES E PORTÕES,m2,avaliado,0.0,54.0,12.0,66.0,18.0,6.0,,linear_simples,"{'linear_simples': 158.20138961689256, 'linear_multipla': 187.7301780013714}",102.03318333333372,False,esquadrias_vidros,Esquadrias e vidros
der_es,ESQUADRIAS METÁLICAS / ESQUADRIAS METÁLICAS (M2),m2,avaliado,0.0,45.0,10.0,55.0,15.0,5.0,,linear_simples,"{'linear_simples': 234.62294071436386, 'linear_multipla': 246.0199002993201}",122.15281000000031,False,esquadrias_vidros,Esquadrias e vidros
der_es,ESQUADRIAS METÁLICAS / REVISÕES E REPAROS,m2,dados_insuficientes,0.0,9.0,2.0,11.0,3.0,1.0,Recorte sem amostras/serviços suficientes nos cortes globais,,,,,esquadrias_vidros,Esquadrias e vidros
der_es,VIDROS E ESPELHOS / VIDROS PARA ESQUADRIAS,m2,avaliado,0.0,27.0,6.0,33.0,9.0,3.0,,linear_simples,"{'linear_simples': 228.56770653043841, 'linear_multipla': 240.7790209733365}",0.0,False,esquadrias_vidros,Esquadrias e vidros
der_es,VIDROS E ESPELHOS / ESPELHOS,m2,avaliado,0.0,27.0,6.0,33.0,9.0,3.0,,linear_simples,"{'linear_simples': 113.96301771911658, 'linear_multipla': 138.7928454690409}",0.0,False,esquadrias_vidros,Esquadrias e vidros
der_es,COBERTURA / ESTRUTURA PARA TELHADO,m2,avaliado,0.0,45.0,10.0,55.0,15.0,5.0,,linear_simples,"{'linear_simples': 1.3456188428754026, 'linear_multipla': 1.8911001182223486}",9.99999999998181e-06,False,coberturas,Coberturas
der_es,COBERTURA / TELHADO,m2,avaliado,0.0,61.0,14.0,75.0,21.0,7.0,,linear_multipla,"{'linear_simples': 24.80077540576247, 'linear_multipla': 24.717574327647384}",28.898750000000028,True,coberturas,Coberturas
der_es,COBERTURA / TELHADO,m,dados_insuficientes,0.0,18.0,4.0,22.0,6.0,2.0,Recorte sem amostras/serviços suficientes nos cortes globais,,,,,coberturas,Coberturas
der_es,COBERTURA / RUFOS E CALHAS,m,avaliado,0.0,43.0,10.0,53.0,15.0,5.0,,linear_simples,"{'linear_simples': 4.361583730558206, 'linear_multipla': 7.180456903665086}",0.1226899999999996,False,coberturas,Coberturas
der_es,COBERTURA / PLATIBANDA,m,dados_insuficientes,0.0,9.0,2.0,11.0,3.0,1.0,Recorte sem amostras/serviços suficientes nos cortes globais,,,,,coberturas,Coberturas
der_es,COBERTURA / REVISÕES E REPAROS,m2,avaliado,0.0,43.0,10.0,53.0,15.0,5.0,,linear_simples,"{'linear_simples': 0.26960861998488195, 'linear_multipla': 0.45684515749768356}",9.999999999996021e-06,False,coberturas,Coberturas
der_es,COBERTURA / REVISÕES E REPAROS,m3,dados_insuficientes,0.0,9.0,2.0,11.0,3.0,1.0,Recorte sem amostras/serviços suficientes nos cortes globais,,,,,coberturas,Coberturas
der_es,IMPERMEABILIZAÇÃO / IMPERMEABILIZAÇÃO DE CAIXAS DE ÁGUA,m2,dados_insuficientes,0.0,18.0,4.0,22.0,6.0,2.0,Recorte sem amostras/serviços suficientes nos cortes globais,,,,,impermeabilizacao,Impermeabilização
der_es,"IMPERMEABILIZAÇÃO / IMPERMEABILIZAÇÃO CALHAS, LAJES DESCOBERTAS, BALDRAMES, PAREDES E JARDINEIRAS",m2,avaliado,0.0,36.0,8.0,44.0,12.0,4.0,,linear_simples,"{'linear_simples': 44.14519237195215, 'linear_multipla': 134.39923832469384}",0.5747749999999953,False,impermeabilizacao,Impermeabilização
der_es,IMPERMEABILIZAÇÃO / IMPERMEABILIZAÇÃO DE FOSSAS E FILTROS,m2,dados_insuficientes,0.0,9.0,2.0,11.0,3.0,1.0,Recorte sem amostras/serviços suficientes nos cortes globais,,,,,impermeabilizacao,Impermeabilização
der_es,TETOS E FORROS / REVESTIMENTO COM ARGAMASSA,m2,dados_insuficientes,0.0,9.0,2.0,11.0,3.0,1.0,Recorte sem amostras/serviços suficientes nos cortes globais,,,,,revestimentos_forros,Revestimentos e forros
der_es,TETOS E FORROS / REBAIXAMENTOS,m2,dados_insuficientes,0.0,18.0,4.0,22.0,6.0,2.0,Recorte sem amostras/serviços suficientes nos cortes globais,,,,,revestimentos_forros,Revestimentos e forros
der_es,"TETOS E FORROS / REVESTIMENTO EMPREGANDO ARGAMASSA DE CIMENTO, CAL E AREIA",m2,dados_insuficientes,0.0,18.0,4.0,22.0,6.0,2.0,Recorte sem amostras/serviços suficientes nos cortes globais,,,,,revestimentos_forros,Revestimentos e forros
der_es,TETOS E FORROS / REVISÕES E REPAROS,m2,dados_insuficientes,0.0,7.0,2.0,9.0,3.0,1.0,Recorte sem amostras/serviços suficientes nos cortes globais,,,,,revestimentos_forros,Revestimentos e forros
der_es,REVESTIMENTO DE PAREDES / REVESTIMENTO COM ARGAMASSA,m2,dados_insuficientes,0.0,9.0,2.0,11.0,3.0,1.0,Recorte sem amostras/serviços suficientes nos cortes globais,,,,,revestimentos_forros,Revestimentos e forros
der_es,REVESTIMENTO DE PAREDES / ACABAMENTOS,m2,avaliado,0.0,42.0,10.0,52.0,15.0,5.0,,linear_simples,"{'linear_simples': 9.030333910964925, 'linear_multipla': 9.87321448848669}",9.111909999999973,True,revestimentos_forros,Revestimentos e forros
der_es,REVESTIMENTO DE PAREDES / ACABAMENTOS,m,avaliado,0.0,45.0,10.0,55.0,15.0,5.0,,linear_multipla,"{'linear_simples': 0.015223313930745963, 'linear_multipla': 0.01275429809143685}",0.0002700000000000418,False,revestimentos_forros,Revestimentos e forros
der_es,"REVESTIMENTO DE PAREDES / REVESTIMENTO EMPREGANDO ARGAMASSA DE CIMENTO, CAL E AREIA",m2,avaliado,0.0,45.0,10.0,55.0,15.0,5.0,,linear_simples,"{'linear_simples': 0.23079055366111473, 'linear_multipla': 0.2935050153433247}",0.008620000000000563,False,revestimentos_forros,Revestimentos e forros
der_es,PISOS INTERNOS E EXTERNOS / LASTRO DE CONTRAPISO,m2,avaliado,0.0,63.0,14.0,77.0,21.0,7.0,,linear_multipla,"{'linear_simples': 0.37964778708138697, 'linear_multipla': 0.3746243189010861}",0.0619428571428573,False,pisos,Pisos e acabamentos de borda
der_es,PISOS INTERNOS E EXTERNOS / ACABAMENTOS,m2,avaliado,0.0,144.0,32.0,176.0,48.0,16.0,,linear_simples,"{'linear_simples': 21.408415614641022, 'linear_multipla': 21.441863364329325}",20.813131250000016,False,pisos,Pisos e acabamentos de borda
der_es,PISOS INTERNOS E EXTERNOS / ACABAMENTOS,m,dados_insuficientes,0.0,9.0,2.0,11.0,3.0,1.0,Recorte sem amostras/serviços suficientes nos cortes globais,,,,,pisos,Pisos e acabamentos de borda
der_es,"PISOS INTERNOS E EXTERNOS / DEGRAUS, RODAPÉS, SOLEIRAS E PEITORIS",m,avaliado,0.0,108.0,24.0,132.0,36.0,12.0,,linear_simples,"{'linear_simples': 2.8965667386608236, 'linear_multipla': 5.150888787084207}",0.017633333333333515,False,pisos,Pisos e acabamentos de borda
der_es,PISOS INTERNOS E EXTERNOS / REVISÕES E REPAROS,m2,dados_insuficientes,0.0,9.0,2.0,11.0,3.0,1.0,Recorte sem amostras/serviços suficientes nos cortes globais,,,,,pisos,Pisos e acabamentos de borda
der_es,"INSTALAÇÕES HIDRO-SANITÁRIAS / SUMIDOUROS, FOSSAS SÉPTICAS E FILTROS ANAERÓBIOS",und,avaliado,0.0,36.0,8.0,44.0,12.0,4.0,,linear_multipla,"{'linear_simples': 482.7343192209157, 'linear_multipla': 466.9205522995652}",115.99782499999802,False,hidrossanitarias,Instalações hidráulicas e sanitárias
der_es,INSTALAÇÕES HIDRO-SANITÁRIAS / ENTRADA DE ÁGUA,und,avaliado,0.0,36.0,8.0,44.0,12.0,4.0,,linear_simples,"{'linear_simples': 62.9700652359807, 'linear_multipla': 100.00665945879086}",32.89417499999992,False,hidrossanitarias,Instalações hidráulicas e sanitárias
der_es,INSTALAÇÕES HIDRO-SANITÁRIAS / PONTOS HIDRO-SANITÁRIOS,pt,avaliado,0.0,81.0,18.0,99.0,27.0,9.0,,linear_simples,"{'linear_simples': 0.7023733353604391, 'linear_multipla': 0.8616339980936303}",0.0,False,hidrossanitarias,Instalações hidráulicas e sanitárias
der_es,INSTALAÇÕES HIDRO-SANITÁRIAS / PONTOS HIDRO-SANITÁRIOS,und,avaliado,0.0,45.0,10.0,55.0,15.0,5.0,,linear_simples,"{'linear_simples': 14.16225043569774, 'linear_multipla': 18.791574786534227}",0.0,False,hidrossanitarias,Instalações hidráulicas e sanitárias
der_es,INSTALAÇÕES HIDRO-SANITÁRIAS / TUBULAÇÃO DE LIGAÇÃO DE CAIXAS,m,avaliado,0.0,54.0,12.0,66.0,18.0,6.0,,linear_simples,"{'linear_simples': 3.628393717996749, 'linear_multipla': 3.6658445727530764}",3.684150000000009,True,hidrossanitarias,Instalações hidráulicas e sanitárias
der_es,"INSTALAÇÕES HIDRO-SANITÁRIAS / CAIXAS EMPREGANDO ARGAMASSA DE CIMENTO, CAL E AREIA",und,avaliado,0.0,117.0,26.0,143.0,39.0,13.0,,linear_simples,"{'linear_simples': 23.716436941530656, 'linear_multipla': 30.329133166338423}",16.704119230769262,False,hidrossanitarias,Instalações hidráulicas e sanitárias
der_es,"INSTALAÇÕES HIDRO-SANITÁRIAS / CAIXAS EMPREGANDO ARGAMASSA DE CIMENTO, CAL E AREIA",m,dados_insuficientes,0.0,9.0,2.0,11.0,3.0,1.0,Recorte sem amostras/serviços suficientes nos cortes globais,,,,,hidrossanitarias,Instalações hidráulicas e sanitárias
der_es,INSTALAÇÕES HIDRO-SANITÁRIAS / REDE DE ÁGUA FRIA - TUBOS METÁLICOS,m,avaliado,0.0,81.0,18.0,99.0,27.0,9.0,,linear_simples,"{'linear_simples': 25.319020006497468, 'linear_multipla': 29.479963311746346}",14.44866666666664,False,hidrossanitarias,Instalações hidráulicas e sanitárias
der_es,INSTALAÇÕES HIDRO-SANITÁRIAS / REDE DE ÁGUA FRIA - TUBOS SOLDÁVEIS DE PVC,m,avaliado,0.0,72.0,16.0,88.0,24.0,8.0,,linear_simples,"{'linear_simples': 0.3312598764692201, 'linear_multipla': 0.41108736609695234}",0.0,False,hidrossanitarias,Instalações hidráulicas e sanitárias
der_es,INSTALAÇÕES HIDRO-SANITÁRIAS / REDE DE ÁGUA FRIA - CONEXÕES SOLDÁVEIS DE PVC,und,avaliado,0.0,63.0,14.0,77.0,21.0,7.0,,linear_simples,"{'linear_simples': 0.2734648189995306, 'linear_multipla': 0.31739151397966836}",0.0,False,hidrossanitarias,Instalações hidráulicas e sanitárias
der_es,INSTALAÇÕES HIDRO-SANITÁRIAS / REDE DE ESGOTO - TUBOS DE PVC,m,avaliado,0.0,45.0,10.0,55.0,15.0,5.0,,linear_simples,"{'linear_simples': 0.04695913898426041, 'linear_multipla': 0.06256620345166732}",0.0,False,hidrossanitarias,Instalações hidráulicas e sanitárias
der_es,INSTALAÇÕES HIDRO-SANITÁRIAS / CAIXAS DE PVC / EQUIPAMENTOS,und,avaliado,0.0,152.0,8.0,160.0,48.0,17.0,,linear_multipla,"{'linear_simples': 0.11006080831805308, 'linear_multipla': 0.09052563311194292}",0.0,False,hidrossanitarias,Instalações hidráulicas e sanitárias
der_es,INSTALAÇÕES HIDRO-SANITÁRIAS / ABERTURA E FECHAMENTO DE RASGOS (inclusive preparo e aplicação de argamassa),m,avaliado,0.0,54.0,12.0,66.0,18.0,6.0,,linear_simples,"{'linear_simples': 0.08199197939381568, 'linear_multipla': 0.13460338201134}",0.0,False,hidrossanitarias,Instalações hidráulicas e sanitárias
der_es,INSTALAÇÕES HIDRO-SANITÁRIAS / REVISÕES E REPAROS,und,avaliado,0.0,36.0,4.0,40.0,12.0,4.0,,linear_simples,"{'linear_simples': 0.029368552520830815, 'linear_multipla': 0.036089201427345424}",0.0,False,hidrossanitarias,Instalações hidráulicas e sanitárias
der_es,INSTALAÇÕES HIDRO-SANITÁRIAS / FURO EM CONCRETO,cm,avaliado,0.0,27.0,6.0,33.0,9.0,3.0,,linear_simples,"{'linear_simples': 0.0014893891147492722, 'linear_multipla': 0.0037081210591222726}",0.0019333333333333457,True,hidrossanitarias,Instalações hidráulicas e sanitárias
der_es,INSTALAÇÕES ELÉTRICAS / PADRÃO DE ENTRADA,und,dados_insuficientes,0.0,18.0,4.0,22.0,6.0,2.0,Recorte sem amostras/serviços suficientes nos cortes globais,,,,,eletricas,Instalações elétricas e comunicação
der_es,INSTALAÇÕES ELÉTRICAS / QUADRO DE DISTRIBUIÇÃO,und,avaliado,0.0,90.0,20.0,110.0,30.0,10.0,,linear_simples,"{'linear_simples': 66.44023364454924, 'linear_multipla': 86.02872826894534}",0.0,False,eletricas,Instalações elétricas e comunicação
der_es,INSTALAÇÕES ELÉTRICAS / CAIXAS DE PASSAGEM,und,avaliado,0.0,126.0,28.0,154.0,42.0,14.0,,linear_simples,"{'linear_simples': 32.317400210601164, 'linear_multipla': 61.18568000170844}",0.6439392857142796,False,eletricas,Instalações elétricas e comunicação
der_es,INSTALAÇÕES ELÉTRICAS / ENVELOPAMENTO DE ELETRODUTOS,m,avaliado,0.0,36.0,8.0,44.0,12.0,4.0,,linear_simples,"{'linear_simples': 4.342187008278545, 'linear_multipla': 4.746769991369768}",0.7440625000000026,False,eletricas,Instalações elétricas e comunicação
der_es,INSTALAÇÕES ELÉTRICAS / INSTALAÇÕES APARENTES,m,avaliado,0.0,95.0,22.0,117.0,33.0,11.0,,linear_simples,"{'linear_simples': 0.24542248060441574, 'linear_multipla': 0.2929850918500697}",0.0,False,eletricas,Instalações elétricas e comunicação
der_es,INSTALAÇÕES ELÉTRICAS / INSTALAÇÕES APARENTES,und,avaliado,0.0,207.0,46.0,253.0,69.0,23.0,,linear_simples,"{'linear_simples': 1.8712909183611488, 'linear_multipla': 4.639765857020248}",0.0,False,eletricas,Instalações elétricas e comunicação
der_es,INSTALAÇÕES ELÉTRICAS / COMPOSIÇÕES INTERMEDIÁRIAS P/ ELETRICA,m,dados_insuficientes,0.0,18.0,4.0,22.0,6.0,2.0,Recorte sem amostras/serviços suficientes nos cortes globais,,,,,eletricas,Instalações elétricas e comunicação
der_es,INSTALAÇÕES ELÉTRICAS / COMPOSIÇÕES INTERMEDIÁRIAS P/ ELETRICA,und,avaliado,0.0,63.0,14.0,77.0,21.0,7.0,,linear_simples,"{'linear_simples': 0.02983821995707205, 'linear_multipla': 0.03128295855510946}",0.0,False,eletricas,Instalações elétricas e comunicação
der_es,"INSTALAÇÕES ELÉTRICAS / CAIXAS DE PASSAGEM EMPREGANDO ARGAMASSA DE CIMENTO, CAL E AREIA",und,avaliado,0.0,54.0,12.0,66.0,18.0,6.0,,linear_simples,"{'linear_simples': 9.788377842427886, 'linear_multipla': 11.647258081397865}",14.73854999999997,True,eletricas,Instalações elétricas e comunicação
der_es,INSTALAÇÕES ELÉTRICAS / ELETRODUTOS E CONEXÕES,m,avaliado,0.0,153.0,34.0,187.0,51.0,17.0,,linear_simples,"{'linear_simples': 1.3500522416194758, 'linear_multipla': 1.6482459578535131}",0.0,False,eletricas,Instalações elétricas e comunicação
der_es,"INSTALAÇÕES ELÉTRICAS / CHAVES, FUSIVEIS E DISJUNTORES",und,avaliado,0.0,405.0,90.0,495.0,135.0,45.0,,linear_simples,"{'linear_simples': 2.3019202113702035, 'linear_multipla': 2.6864297686331624}",0.0,False,eletricas,Instalações elétricas e comunicação
der_es,INSTALAÇÕES ELÉTRICAS / FIOS E CABOS,m,avaliado,0.0,324.0,72.0,396.0,108.0,36.0,,linear_simples,"{'linear_simples': 0.4848166056613332, 'linear_multipla': 0.5248662052710559}",0.0,False,eletricas,Instalações elétricas e comunicação
der_es,INSTALAÇÕES ELÉTRICAS / SERVIÇOS DIVERSOS,und,dados_insuficientes,0.0,90.0,2.0,92.0,30.0,10.0,Recorte sem amostras/serviços suficientes nos cortes globais,,,,,eletricas,Instalações elétricas e comunicação
der_es,INSTALAÇÕES ELÉTRICAS / ABERTURA E FECHAMENTO DE RASGOS (inclusive preparo e aplicação de argamassa),m,avaliado,0.0,54.0,12.0,66.0,18.0,6.0,,linear_simples,"{'linear_simples': 0.08199082076155494, 'linear_multipla': 0.13460141738912204}",0.0,False,eletricas,Instalações elétricas e comunicação
der_es,INSTALAÇÕES ELÉTRICAS / PADRAO DE ENTRADA DE ENERGIA - NORTEC-01 - ESCELSA,und,avaliado,0.0,117.0,26.0,143.0,39.0,13.0,,linear_simples,"{'linear_simples': 17230.14169303188, 'linear_multipla': 30035.776672906006}",1396.630446153868,False,eletricas,Instalações elétricas e comunicação
der_es,INSTALAÇÕES ELÉTRICAS / PONTOS ELETRICOS REVISAO NR-10,und,avaliado,0.0,153.0,34.0,187.0,51.0,17.0,,linear_simples,"{'linear_simples': 6.956053905146355, 'linear_multipla': 7.125504051296429}",0.0,False,eletricas,Instalações elétricas e comunicação
der_es,"INSTALAÇÕES ELÉTRICAS / QUADROS DE DISTRIBUIÇÃO COM BARRAMENTO, TRINCO E FECHADURA",und,avaliado,0.0,45.0,10.0,55.0,15.0,5.0,,linear_multipla,"{'linear_simples': 15.355911990860486, 'linear_multipla': 15.056906388150646}",0.0,False,eletricas,Instalações elétricas e comunicação
der_es,"INSTALAÇÕES ELÉTRICAS / TERMINAIS, CONECTORES E ABRAÇADEIRAS",und,avaliado,0.0,216.0,48.0,264.0,72.0,24.0,,linear_simples,"{'linear_simples': 2.3675500067765545, 'linear_multipla': 3.464687689337042}",0.0,False,eletricas,Instalações elétricas e comunicação
der_es,"INSTALAÇÕES ELÉTRICAS / (COMPOSIÇÃO REPRESENTATIVA) - MONTAGEM MECANICA E ELETRICA, TESTE DE ACEITAÇÃO DE QUADROS DE FABRICAÇÃO ESPECIAL COM ATESTADOS TTA/PTTA",und,avaliado,0.0,297.0,66.0,363.0,100.0,33.0,,linear_simples,"{'linear_simples': 4.770874744003986, 'linear_multipla': 8.012336558362845}",0.0,False,eletricas,Instalações elétricas e comunicação
der_es,"INSTALAÇÕES ELÉTRICAS / (COMPOSIÇÃO REPRESENTATIVA) - MONTAGEM MECANICA E ELETRICA, TESTE DE ACEITAÇÃO DE QUADROS DE FABRICAÇÃO ESPECIAL COM ATESTADOS TTA/PTTA",m,avaliado,0.0,36.0,8.0,44.0,12.0,4.0,,linear_simples,"{'linear_simples': 0.060796373847130575, 'linear_multipla': 0.10193866262512111}",0.0,False,eletricas,Instalações elétricas e comunicação
der_es,OUTRAS INSTALAÇÕES / INSTALAÇÃO DE TELEFONE,und,avaliado,0.0,81.0,18.0,99.0,27.0,9.0,,linear_simples,"{'linear_simples': 1711.8823875033968, 'linear_multipla': 4758.828095785087}",0.49098888888889786,False,eletricas,Instalações elétricas e comunicação
der_es,OUTRAS INSTALAÇÕES / INSTALAÇÃO DE TELEFONE,m,avaliado,0.0,36.0,8.0,44.0,12.0,4.0,,linear_simples,"{'linear_simples': 0.0898169959852362, 'linear_multipla': 0.1105706981720928}",0.0,False,eletricas,Instalações elétricas e comunicação
der_es,OUTRAS INSTALAÇÕES / INSTALAÇÃO DE GÁS,und,dados_insuficientes,0.0,16.0,4.0,20.0,6.0,2.0,Recorte sem amostras/serviços suficientes nos cortes globais,,,,,gas_incendio,Gás e combate a incêndio
der_es,OUTRAS INSTALAÇÕES / INSTALAÇÃO DE PÁRA-RAIO,und,avaliado,0.0,189.0,42.0,231.0,63.0,21.0,,linear_simples,"{'linear_simples': 1.8377990633871792, 'linear_multipla': 2.792967403477099}",0.00046190476190476087,False,eletricas,Instalações elétricas e comunicação
der_es,OUTRAS INSTALAÇÕES / INSTALAÇÃO DE PÁRA-RAIO,m,avaliado,0.0,81.0,18.0,99.0,27.0,9.0,,linear_simples,"{'linear_simples': 0.30393457316529127, 'linear_multipla': 0.40016090956692096}",0.0,False,eletricas,Instalações elétricas e comunicação
der_es,OUTRAS INSTALAÇÕES / INSTALAÇÃO DE INCÊNDIO,und,avaliado,0.0,414.0,97.0,511.0,137.0,50.0,,linear_simples,"{'linear_simples': 28.42852426395931, 'linear_multipla': 28.493315055766175}",26.33028865979383,False,gas_incendio,Gás e combate a incêndio
der_es,OUTRAS INSTALAÇÕES / INSTALAÇÃO DE INCÊNDIO,m,avaliado,0.0,32.0,8.0,40.0,12.0,4.0,,linear_simples,"{'linear_simples': 57.76127842792228, 'linear_multipla': 105.99081839394904}",15.506312500000076,False,gas_incendio,Gás e combate a incêndio
der_es,OUTRAS INSTALAÇÕES / DEPÓSITO DE GÁS,m2,avaliado,0.0,99.0,22.0,121.0,30.0,11.0,,linear_simples,"{'linear_simples': 828.2337291678159, 'linear_multipla': 828.3771488802885}",865.8623909090908,True,gas_incendio,Gás e combate a incêndio
der_es,OUTRAS INSTALAÇÕES / DEPÓSITO DE GÁS,m3,dados_insuficientes,0.0,18.0,4.0,22.0,6.0,2.0,Recorte sem amostras/serviços suficientes nos cortes globais,,,,,gas_incendio,Gás e combate a incêndio
der_es,OUTRAS INSTALAÇÕES / INSTALAÇÕES DE REDE LOGICA,und,avaliado,0.0,396.0,72.0,468.0,132.0,44.0,,linear_simples,"{'linear_simples': 66.50860649025024, 'linear_multipla': 77.8929435274452}",0.0,False,eletricas,Instalações elétricas e comunicação
der_es,OUTRAS INSTALAÇÕES / INSTALAÇÕES DE REDE LOGICA,m,avaliado,0.0,27.0,6.0,33.0,9.0,3.0,,linear_simples,"{'linear_simples': 0.0012659335935787201, 'linear_multipla': 0.0020043949630594022}",0.0,False,eletricas,Instalações elétricas e comunicação
der_es,OUTRAS INSTALAÇÕES / INSTALAÇÃO DO SISTEMA DE CLIMATIZAÇÃO,m,avaliado,0.0,70.0,20.0,90.0,30.0,10.0,,linear_simples,"{'linear_simples': 3.5087249794915443, 'linear_multipla': 3.6631386362906135}",0.10997499999999952,False,climatizacao,Climatização e ventilação
der_es,OUTRAS INSTALAÇÕES / INSTALAÇÃO DO SISTEMA DE CLIMATIZAÇÃO,und,avaliado,0.0,21.0,6.0,27.0,9.0,3.0,,linear_simples,"{'linear_simples': 0.0365761875003135, 'linear_multipla': 0.1289036696130789}",0.0,False,climatizacao,Climatização e ventilação
der_es,OUTRAS INSTALAÇÕES / INSTALAÇÃO DO SISTEMA DE CLIMATIZAÇÃO,kg,avaliado,0.0,21.0,6.0,27.0,9.0,3.0,,linear_simples,"{'linear_simples': 12.47312167210182, 'linear_multipla': 30.208864612508236}",0.6612499999999956,False,climatizacao,Climatização e ventilação
der_es,OUTRAS INSTALAÇÕES / INSTALAÇÃO DO SISTEMA DE CLIMATIZAÇÃO,m2,avaliado,0.0,27.0,6.0,33.0,9.0,3.0,,linear_simples,"{'linear_simples': 137.5391643315401, 'linear_multipla': 178.62671020279757}",107.89734999999985,False,climatizacao,Climatização e ventilação
der_es,APARELHOS HIDRO-SANITÁRIOS / LOUÇAS,und,avaliado,0.0,198.0,44.0,242.0,66.0,22.0,,linear_simples,"{'linear_simples': 142.14330395560336, 'linear_multipla': 243.3870471074797}",1.8181818181823867e-05,False,hidrossanitarias,Instalações hidráulicas e sanitárias
der_es,APARELHOS HIDRO-SANITÁRIOS / BANCADAS,m2,avaliado,0.0,23.0,6.0,29.0,9.0,3.0,,linear_simples,"{'linear_simples': 58.60280912364843, 'linear_multipla': 135.54882148813343}",0.0037999999999990563,False,hidrossanitarias,Instalações hidráulicas e sanitárias
der_es,APARELHOS HIDRO-SANITÁRIOS / BANCADAS,und,dados_insuficientes,0.0,7.0,2.0,9.0,3.0,1.0,Recorte sem amostras/serviços suficientes nos cortes globais,,,,,hidrossanitarias,Instalações hidráulicas e sanitárias
der_es,"APARELHOS HIDRO-SANITÁRIOS / TORNEIRAS, REGISTROS, VÁLVULAS E METAIS",und,avaliado,0.0,450.0,100.0,550.0,150.0,50.0,,linear_simples,"{'linear_simples': 3.307428678316265, 'linear_multipla': 3.39444075095846}",0.0,False,hidrossanitarias,Instalações hidráulicas e sanitárias
der_es,APARELHOS HIDRO-SANITÁRIOS / OUTROS APARELHOS,und,avaliado,0.0,259.0,62.0,321.0,93.0,31.0,,linear_simples,"{'linear_simples': 569.3132904107898, 'linear_multipla': 665.9847320901688}",0.6259983870964791,False,hidrossanitarias,Instalações hidráulicas e sanitárias
der_es,APARELHOS HIDRO-SANITÁRIOS / OUTROS APARELHOS,m,avaliado,0.0,36.0,8.0,44.0,12.0,4.0,,linear_simples,"{'linear_simples': 147.75087992270443, 'linear_multipla': 389.24213808122556}",14.090512499999239,False,hidrossanitarias,Instalações hidráulicas e sanitárias
der_es,APARELHOS HIDRO-SANITÁRIOS / ACESSIBILIDADE - NBR 9050,und,avaliado,0.0,83.0,22.0,105.0,33.0,11.0,,linear_simples,"{'linear_simples': 31.78538105557183, 'linear_multipla': 45.424236649481834}",0.021640909090912513,False,hidrossanitarias,Instalações hidráulicas e sanitárias
der_es,APARELHOS ELÉTRICOS / LUMINÁRIAS,und,avaliado,0.0,26.0,6.0,32.0,9.0,3.0,,linear_multipla,"{'linear_simples': 4.102192207836921, 'linear_multipla': 4.072640059803999}",0.0,False,eletricas,Instalações elétricas e comunicação
der_es,APARELHOS ELÉTRICOS / INTERRUPTORES E TOMADAS,und,avaliado,0.0,126.0,28.0,154.0,42.0,14.0,,linear_simples,"{'linear_simples': 0.07808859438181351, 'linear_multipla': 0.094454907676662}",0.0,False,eletricas,Instalações elétricas e comunicação
der_es,APARELHOS ELÉTRICOS / BOMBAS,und,avaliado,0.0,45.0,10.0,55.0,15.0,5.0,,linear_simples,"{'linear_simples': 6955.5994465007725, 'linear_multipla': 19194.682856347416}",0.0,False,hidrossanitarias,Instalações hidráulicas e sanitárias
der_es,APARELHOS ELÉTRICOS / POSTES,und,dados_insuficientes,0.0,9.0,2.0,11.0,3.0,1.0,Recorte sem amostras/serviços suficientes nos cortes globais,,,,,eletricas,Instalações elétricas e comunicação
der_es,APARELHOS ELÉTRICOS / AR REFRIGERADO,und,avaliado,0.0,56.0,16.0,72.0,24.0,8.0,,linear_simples,"{'linear_simples': 539992.5289875388, 'linear_multipla': 543740.2872375917}",503389.1820500005,False,climatizacao,Climatização e ventilação
der_es,APARELHOS ELÉTRICOS / VENTILADORES,und,dados_insuficientes,0.0,9.0,2.0,11.0,3.0,1.0,Recorte sem amostras/serviços suficientes nos cortes globais,,,,,climatizacao,Climatização e ventilação
der_es,APARELHOS ELÉTRICOS / OUTROS APARELHOS,und,avaliado,0.0,27.0,6.0,33.0,9.0,3.0,,linear_simples,"{'linear_simples': 367.79641266825246, 'linear_multipla': 1306.645974689983}",0.0,False,eletricas,Instalações elétricas e comunicação
der_es,APARELHOS ELÉTRICOS / LUMINARIAS PARA LÂMPADAS LED,und,avaliado,0.0,54.0,12.0,66.0,18.0,6.0,,linear_simples,"{'linear_simples': 1.4526710357552102, 'linear_multipla': 2.9242695703849715}",0.0,False,eletricas,Instalações elétricas e comunicação
der_es,PINTURA / SOBRE PAREDES E FORROS,m2,avaliado,0.0,117.0,26.0,143.0,39.0,13.0,,linear_simples,"{'linear_simples': 0.06999037409587182, 'linear_multipla': 0.20931952388127562}",6.153846153846164e-05,False,pintura,Pintura
der_es,PINTURA / SOBRE PAREDES E FORROS,und,dados_insuficientes,0.0,9.0,2.0,11.0,3.0,1.0,Recorte sem amostras/serviços suficientes nos cortes globais,,,,,pintura,Pintura
der_es,PINTURA / SOBRE CONCRETO OU BLOCOS CERÂMICOS APARENTES,m2,avaliado,0.0,54.0,12.0,66.0,18.0,6.0,,linear_simples,"{'linear_simples': 0.07298492937549793, 'linear_multipla': 0.2202862820426236}",0.0,False,pintura,Pintura
der_es,PINTURA / SOBRE MADEIRA,m2,avaliado,0.0,45.0,10.0,55.0,15.0,5.0,,linear_simples,"{'linear_simples': 0.013620592796240888, 'linear_multipla': 0.025965395503131723}",0.0,False,pintura,Pintura
der_es,PINTURA / SOBRE METAL,m2,dados_insuficientes,0.0,18.0,4.0,22.0,6.0,2.0,Recorte sem amostras/serviços suficientes nos cortes globais,,,,,pintura,Pintura
der_es,PINTURA / SOBRE ELEMENTOS ESPECIAIS,und,dados_insuficientes,0.0,9.0,2.0,11.0,3.0,1.0,Recorte sem amostras/serviços suficientes nos cortes globais,,,,,pintura,Pintura
der_es,PINTURA / SOBRE PISOS,m,dados_insuficientes,0.0,18.0,4.0,22.0,6.0,2.0,Recorte sem amostras/serviços suficientes nos cortes globais,,,,,pintura,Pintura
der_es,PINTURA / SOBRE PISOS,m2,avaliado,0.0,27.0,6.0,33.0,9.0,3.0,,linear_simples,"{'linear_simples': 0.23154162099877276, 'linear_multipla': 0.46691388519289784}",0.0,False,pintura,Pintura
der_es,SERVIÇOS COMPLEMENTARES EXTERNOS / MUROS E FECHAMENTOS,m2,dados_insuficientes,0.0,16.0,4.0,20.0,6.0,2.0,Recorte sem amostras/serviços suficientes nos cortes globais,,,,,urbanizacao_infraestrutura,Urbanização e infraestrutura externa
der_es,SERVIÇOS COMPLEMENTARES EXTERNOS / MUROS E FECHAMENTOS,m,avaliado,0.0,75.0,18.0,93.0,25.0,9.0,,linear_simples,"{'linear_simples': 8674.285855314858, 'linear_multipla': 8726.003054124476}",8410.47048333333,False,urbanizacao_infraestrutura,Urbanização e infraestrutura externa
der_es,SERVIÇOS COMPLEMENTARES EXTERNOS / MUROS E FECHAMENTOS,m3,dados_insuficientes,0.0,9.0,2.0,11.0,3.0,1.0,Recorte sem amostras/serviços suficientes nos cortes globais,,,,,urbanizacao_infraestrutura,Urbanização e infraestrutura externa
der_es,SERVIÇOS COMPLEMENTARES EXTERNOS / MUROS E FECHAMENTOS,und,dados_insuficientes,0.0,18.0,4.0,22.0,6.0,2.0,Recorte sem amostras/serviços suficientes nos cortes globais,,,,,urbanizacao_infraestrutura,Urbanização e infraestrutura externa
der_es,SERVIÇOS COMPLEMENTARES EXTERNOS / PAVIMENTAÇÃO,m,avaliado,0.0,25.0,6.0,31.0,9.0,3.0,,linear_multipla,"{'linear_simples': 15.620897763409888, 'linear_multipla': 14.748603685998704}",20.73481666666661,True,urbanizacao_infraestrutura,Urbanização e infraestrutura externa
der_es,SERVIÇOS COMPLEMENTARES EXTERNOS / PAVIMENTAÇÃO,m2,avaliado,0.0,48.0,12.0,60.0,18.0,6.0,,linear_simples,"{'linear_simples': 148.93886053908048, 'linear_multipla': 155.28127305457306}",130.2656916666667,False,urbanizacao_infraestrutura,Urbanização e infraestrutura externa
der_es,SERVIÇOS COMPLEMENTARES EXTERNOS / PAVIMENTAÇÃO,m3,dados_insuficientes,0.0,8.0,2.0,10.0,3.0,1.0,Recorte sem amostras/serviços suficientes nos cortes globais,,,,,urbanizacao_infraestrutura,Urbanização e infraestrutura externa
der_es,SERVIÇOS COMPLEMENTARES EXTERNOS / PAISAGISMO,m2,dados_insuficientes,0.0,18.0,4.0,22.0,6.0,2.0,Recorte sem amostras/serviços suficientes nos cortes globais,,,,,urbanizacao_infraestrutura,Urbanização e infraestrutura externa
der_es,SERVIÇOS COMPLEMENTARES EXTERNOS / PAISAGISMO,m3,avaliado,0.0,36.0,8.0,44.0,12.0,4.0,,linear_simples,"{'linear_simples': 13.907113031537058, 'linear_multipla': 23.113320218864896}",12.206912499999994,False,urbanizacao_infraestrutura,Urbanização e infraestrutura externa
der_es,"SERVIÇOS COMPLEMENTARES EXTERNOS / TRATAMENTO, CONSERVAÇÃO E LIMPEZA",m2,avaliado,0.0,25.0,6.0,31.0,9.0,3.0,,linear_multipla,"{'linear_simples': 0.0022420160116834475, 'linear_multipla': 0.0004556780693769686}",0.0,False,urbanizacao_infraestrutura,Urbanização e infraestrutura externa
der_es,SERVIÇOS COMPLEMENTARES EXTERNOS / DIVERSOS EXTERNOS,und,avaliado,0.0,68.0,16.0,84.0,23.0,8.0,,linear_multipla,"{'linear_simples': 378.983507068, 'linear_multipla': 376.25066320156844}",351.3440499999987,False,outros_complementares,Outros serviços complementares
der_es,SERVIÇOS COMPLEMENTARES EXTERNOS / DIVERSOS EXTERNOS,m,dados_insuficientes,0.0,18.0,4.0,22.0,6.0,2.0,Recorte sem amostras/serviços suficientes nos cortes globais,,,,,outros_complementares,Outros serviços complementares
der_es,SERVIÇOS COMPLEMENTARES EXTERNOS / QUADRA DE ESPORTES (Ver nota 9 da planilha),m2,avaliado,0.0,90.0,12.0,102.0,30.0,10.0,,linear_simples,"{'linear_simples': 16.7442312442134, 'linear_multipla': 17.91384365587754}",1.5152833333333307,False,urbanizacao_infraestrutura,Urbanização e infraestrutura externa
der_es,SERVIÇOS COMPLEMENTARES EXTERNOS / QUADRA DE ESPORTES (Ver nota 9 da planilha),m,avaliado,0.0,27.0,6.0,33.0,9.0,3.0,,linear_simples,"{'linear_simples': 0.002124307508979899, 'linear_multipla': 0.004156121965493358}",0.0,False,urbanizacao_infraestrutura,Urbanização e infraestrutura externa
der_es,SERVIÇOS COMPLEMENTARES EXTERNOS / QUADRA DE ESPORTES (Ver nota 9 da planilha),und,avaliado,0.0,54.0,4.0,58.0,18.0,6.0,,linear_simples,"{'linear_simples': 244.43330862398855, 'linear_multipla': 294.4812341530754}",0.0,False,urbanizacao_infraestrutura,Urbanização e infraestrutura externa
der_es,SERVIÇOS COMPLEMENTARES EXTERNOS / QUADRA DE ESPORTES (Ver nota 9 da planilha),kg,dados_insuficientes,0.0,9.0,2.0,11.0,3.0,1.0,Recorte sem amostras/serviços suficientes nos cortes globais,,,,,urbanizacao_infraestrutura,Urbanização e infraestrutura externa
der_es,SERVIÇOS COMPLEMENTARES INTERNOS / QUADROS DE GIZ / AVISO,m2,dados_insuficientes,0.0,9.0,2.0,11.0,3.0,1.0,Recorte sem amostras/serviços suficientes nos cortes globais,,,,,outros_complementares,Outros serviços complementares
der_es,SERVIÇOS COMPLEMENTARES INTERNOS / QUADROS DE GIZ / AVISO,und,dados_insuficientes,0.0,18.0,4.0,22.0,6.0,2.0,Recorte sem amostras/serviços suficientes nos cortes globais,,,,,outros_complementares,Outros serviços complementares
der_es,SERVIÇOS COMPLEMENTARES INTERNOS / ARMÁRIOS E PRATELEIRAS,m2,dados_insuficientes,0.0,7.0,2.0,9.0,3.0,1.0,Recorte sem amostras/serviços suficientes nos cortes globais,,,,,outros_complementares,Outros serviços complementares
der_es,SERVIÇOS COMPLEMENTARES INTERNOS / DIVERSOS INTERNOS,m,avaliado,0.0,36.0,8.0,44.0,12.0,4.0,,linear_simples,"{'linear_simples': 176.54445743735934, 'linear_multipla': 195.72226137881958}",68.66785000000009,False,outros_complementares,Outros serviços complementares
der_es,SERVIÇOS COMPLEMENTARES INTERNOS / DIVERSOS INTERNOS,und,dados_insuficientes,0.0,18.0,4.0,22.0,6.0,2.0,Recorte sem amostras/serviços suficientes nos cortes globais,,,,,outros_complementares,Outros serviços complementares
der_es,"APOIO / Locação de veículo tipo Gol 1.000 a gasolina ou equivalente, com até 1 (um) ano de uso, em bom estado de conservação com:",mês,dados_insuficientes,0.0,9.0,2.0,11.0,3.0,1.0,Recorte sem amostras/serviços suficientes nos cortes globais,,,,,apoio_producao,Apoio e produção
der_es,SERVIÇOS GERAIS / ENCARGOS COMPLEMENTARES - EQUIPAMENTOS DE PROTEÇÃO INDIVIDUAL,und,avaliado,0.0,81.0,18.0,99.0,27.0,9.0,,linear_simples,"{'linear_simples': 0.037330661196038624, 'linear_multipla': 0.03733815168500651}",0.0,False,apoio_producao,Apoio e produção
der_es,SERVIÇOS GERAIS / ENCARGOS COMPLEMENTARES - FERRAMENTAS MANUAIS,und,avaliado,0.0,126.0,28.0,154.0,42.0,14.0,,linear_simples,"{'linear_simples': 3.575798755696139, 'linear_multipla': 3.87848146021746}",0.0,False,apoio_producao,Apoio e produção
der_es,ITENS DE SERVIÇOS AUXILIARES / SERVIÇOS AUXILIARES 01,m3,avaliado,0.0,31.0,10.0,41.0,13.0,6.0,,linear_simples,"{'linear_simples': 389.8759360971395, 'linear_multipla': 613.3108522997991}",46.403920000000014,False,apoio_producao,Apoio e produção
der_es,ITENS DE SERVIÇOS AUXILIARES / SERVIÇOS AUXILIARES 01,m2,avaliado,0.0,54.0,34.0,88.0,29.0,20.0,,linear_multipla,"{'linear_simples': 426.7983334121338, 'linear_multipla': 416.0832338039925}",0.009941176470588176,False,apoio_producao,Apoio e produção
der_es,ITENS DE SERVIÇOS AUXILIARES / SERVIÇOS AUXILIARES 01,m,avaliado,0.0,29.0,26.0,55.0,18.0,15.0,,linear_simples,"{'linear_simples': 98.45996850228997, 'linear_multipla': 120.6350149294924}",0.029161538461538485,False,apoio_producao,Apoio e produção
der_es,ITENS DE SERVIÇOS AUXILIARES / SERVIÇOS AUXILIARES 01,und,avaliado,0.0,26.0,30.0,56.0,23.0,16.0,,linear_simples,"{'linear_simples': 77031.42801918884, 'linear_multipla': 3978790.0552614257}",0.2203100000000064,False,apoio_producao,Apoio e produção
der_es,ITENS DE SERVIÇOS AUXILIARES / SERVIÇOS AUXILIARES 01,cj,dados_insuficientes,0.0,1.0,2.0,3.0,1.0,1.0,Recorte sem amostras/serviços suficientes nos cortes globais,,,,,apoio_producao,Apoio e produção
der_es,ITENS DE SERVIÇOS AUXILIARES / SERVIÇOS AUXILIARES 02,chp,avaliado,0.0,100.0,24.0,124.0,36.0,12.0,,linear_simples,"{'linear_simples': 2.4031495591435217, 'linear_multipla': 3.8852433330427836}",1.7355541666666854,False,apoio_producao,Apoio e produção
der_es,ITENS DE SERVIÇOS AUXILIARES / SERVIÇOS AUXILIARES 02,chi,avaliado,0.0,35.0,10.0,45.0,12.0,5.0,,linear_multipla,"{'linear_simples': 0.3853991488540077, 'linear_multipla': 0.3160080696949929}",0.41618999999999867,True,apoio_producao,Apoio e produção
der_es,ITENS DE SERVIÇOS AUXILIARES / SERVIÇOS AUXILIARES 02,h,avaliado,0.0,364.0,104.0,468.0,151.0,52.0,,linear_multipla,"{'linear_simples': 0.26391060771756086, 'linear_multipla': 0.16289217102982834}",0.25674615384615235,True,apoio_producao,Apoio e produção
der_es,"INSTALAÇÃO DO CANTEIRO DE OBRAS / TAPUMES, BARRACÕES E COBERTURAS",Mês,sem_janela_modelavel,,,,,,,Sem sequência histórica elegível para construir as entradas e o alvo.,,,,,preliminares,Serviços preliminares
