fonte,grupo,unidade,n,n_servicos,n_meses,modelos,competencia_inicio,competencia_fim,mape,mdape,p90,q1_ape,q3_ape,mape_persistencia,mdape_persistencia,p90_persistencia,ganho_mape_pct,dentro_5_pct,dentro_5_pct_persistencia,vies_pct,vies_pct_persistencia,mae,rmse,mse,r2,mae_persistencia,rmse_persistencia,mse_persistencia,r2_persistencia,ganho_mse_pct,nicho_id,nicho
der_es,APARELHOS ELÉTRICOS / AR REFRIGERADO,und,24,8,3,linear_simples,2026-03,2026-05,4.659712368880707,0.8972754973510848,15.742988728420524,0.3693061820689061,4.995249413006542,4.218379968321404,0.09640481043253313,15.36388602898127,-10.462130103820876,75.0,75.0,3.298196386584079,2.7611737759234387,251.13944592839616,494.8162003073455,244843.0720865991,0.9687938650172164,234.70875,489.92212617159896,240023.6897125001,0.9694081127295086,-2.0078777973422692,climatizacao,Climatização e ventilação
der_es,APARELHOS ELÉTRICOS / BOMBAS,und,15,5,3,linear_simples,2026-03,2026-05,4.073073634926602,2.7609981797875496,9.35646164025172,2.3483879930975897,4.13357318817367,2.776820960103653,0.16287660020027475,9.871339660266003,-46.68117582829549,80.0,80.0,0.4465164525607287,-2.164104311790707,117.05880593973461,188.57371153624132,35560.04468255355,0.9864795086825053,91.13799999999998,210.12955630594502,44154.43043333332,0.983211787312638,19.464379149349526,hidrossanitarias,Instalações hidráulicas e sanitárias
der_es,APARELHOS ELÉTRICOS / INTERRUPTORES E TOMADAS,und,42,14,3,linear_simples,2026-03,2026-05,3.253609566380478,1.9454003973120577,8.802305629219552,0.5397314116433332,4.419620385039442,2.970320781981494,2.0532149676395406,8.938882928530015,-9.537312808686034,76.19047619047619,80.95238095238095,-1.0853420164595025,-1.7899808978807954,1.8101925585631637,3.475907649747342,12.08193398957209,0.9870355010292347,1.7588095238095232,3.4184711843301017,11.685945238095249,0.9874604160937754,-3.388589826571744,eletricas,Instalações elétricas e comunicação
der_es,APARELHOS ELÉTRICOS / LUMINARIAS PARA LÂMPADAS LED,und,18,6,3,linear_simples,2026-03,2026-05,3.5974390150779123,2.233220811135469,8.454918588361277,0.6714543332377264,5.433659452059797,3.2089871112675348,1.7824280418424319,8.065828720590275,-12.105125085932205,66.66666666666666,66.66666666666666,-3.5974390150779123,-3.2089871112675348,7.38236558404834,11.413615570580758,130.27062039300353,0.9429809041069249,6.522777777777776,10.74730224547331,115.50450555555565,0.9494439923715281,-12.784016317307751,eletricas,Instalações elétricas e comunicação
der_es,APARELHOS ELÉTRICOS / LUMINÁRIAS,und,9,3,3,linear_multipla,2026-03,2026-05,3.266529330622717,2.8821976388419963,6.851935651080533,0.6351963719368314,5.0054503814400135,3.099965758792879,2.869945588392188,6.358806194534436,-5.373077794726925,66.66666666666666,66.66666666666666,-0.9355880525104295,-0.8958064149147336,6.391361166264338,10.894812254717035,118.69693406553249,0.9967708629760501,5.442222222222224,9.798745951509426,96.01542222222236,0.9973879110087479,-23.62277988093937,eletricas,Instalações elétricas e comunicação
der_es,APARELHOS ELÉTRICOS / OUTROS APARELHOS,und,9,3,3,linear_simples,2026-03,2026-05,2.39137747192832,2.3255931126255556,4.397746588235172,1.1917215701129462,2.516340643626282,2.1708393993819888,0.48333058713681304,6.417806857269886,-10.159115068996607,88.88888888888889,77.77777777777779,-0.44663331092367187,-2.1708393993819888,12.550045736900373,19.059464605389984,363.2631910441135,0.9981300302031662,9.82333333333333,23.137288566775073,535.3341222222205,0.9972442607331262,32.14271686322272,eletricas,Instalações elétricas e comunicação
der_es,APARELHOS HIDRO-SANITÁRIOS / ACESSIBILIDADE - NBR 9050,und,33,11,3,linear_simples,2026-03,2026-05,3.1895123532568492,0.8241973991624363,10.19931526083593,0.3698017669182667,7.423692363768216,2.9346003881498635,1.294665976178146,9.066908558272551,-8.686428521455236,69.6969696969697,72.72727272727273,2.2900410338481216,1.5494166723755498,24.755458342637027,61.80086390594342,3819.346779520941,0.9944282228500158,23.501515151515136,61.617083252007724,3796.6649484848504,0.9944613117825433,-0.5974146084484534,hidrossanitarias,Instalações hidráulicas e sanitárias
der_es,APARELHOS HIDRO-SANITÁRIOS / BANCADAS,m2,9,3,3,linear_simples,2026-03,2026-05,5.850460038994974,6.451472409836576,10.758193864119598,0.929484838496249,9.583815734627319,3.739203904102296,1.2730480506451813,11.690961746137233,-56.46271744037308,44.44444444444444,77.77777777777779,0.041859313720087284,-3.739203904102296,24.72164561904751,48.103736058008074,2313.969422738506,0.9781274872813603,25.15777777777778,51.04949014872178,2606.0504444444423,0.9753666271769188,11.207803836974534,hidrossanitarias,Instalações hidráulicas e sanitárias
der_es,APARELHOS HIDRO-SANITÁRIOS / LOUÇAS,und,66,22,3,linear_simples,2026-03,2026-05,2.3280495392649208,0.6719406439285747,5.954756940548172,0.47882361394491846,2.8519799278589324,2.2724757022318514,0.8512481104287759,6.254824801907517,-2.445519526500945,81.81818181818183,86.36363636363636,-0.8115044078551367,-1.2825200692521592,23.01531753694803,58.112457599245445,3377.0577282240997,0.9966926675872768,21.10530303030303,56.05400665537845,3142.051662121212,0.9969228215384849,-7.479382625562379,hidrossanitarias,Instalações hidráulicas e sanitárias
der_es,APARELHOS HIDRO-SANITÁRIOS / OUTROS APARELHOS,m,12,4,3,linear_simples,2026-03,2026-05,2.018916288642869,0.6392219402399106,4.665308698671342,0.4200609655205422,3.482639893374546,1.8861332283606886,0.8564676336972059,3.916492964874388,-7.039961879977447,91.66666666666666,91.66666666666666,0.32668641094512596,-0.2387200061831257,36.445615038633434,57.763826572232595,3336.6596602669647,0.9107599931261532,33.95750000000002,56.1820292294016,3156.4204083333357,0.9155805483278207,-5.710242255999086,hidrossanitarias,Instalações hidráulicas e sanitárias
der_es,APARELHOS HIDRO-SANITÁRIOS / OUTROS APARELHOS,und,93,31,3,linear_simples,2026-03,2026-05,2.1784164224065705,0.42424116943355905,6.2240882746207475,0.3501379736223939,2.7761918937979857,2.153624198097178,0.4488778054862836,6.19432914842701,-1.1511861879754863,84.94623655913979,82.79569892473118,-0.5045647290562392,-0.9490437381718462,41.746466935269,95.43350103464027,9107.553119728685,0.9994119661653433,41.07279569892474,102.96889474470551,10602.59328494624,0.999315438130891,14.100702771842064,hidrossanitarias,Instalações hidráulicas e sanitárias
der_es,"APARELHOS HIDRO-SANITÁRIOS / TORNEIRAS, REGISTROS, VÁLVULAS E METAIS",und,150,50,3,linear_simples,2026-03,2026-05,3.304471231879517,0.9213731113298526,9.60567309671355,0.4277475851461602,3.628766234335785,2.761067847445605,1.0561659581539748,8.568337060566712,-19.680913851379646,82.0,85.33333333333334,0.07700519546695314,-1.2912314655516521,8.983196652250477,27.06291412441938,732.4013209056978,0.9905895246022127,8.715133333333334,27.177766341870942,738.6309833333331,0.9905094809385294,0.8434065952015342,hidrossanitarias,Instalações hidráulicas e sanitárias
der_es,COBERTURA / ESTRUTURA PARA TELHADO,m2,15,5,3,linear_simples,2026-03,2026-05,5.1906034215091,2.8559963512402615,9.635520522103485,0.8222504564151445,7.384880824464859,4.7874268708278285,2.4236233633577857,9.164915864886877,-8.42157095156955,66.66666666666666,66.66666666666666,3.6512032113689705,3.047381194351795,7.942908584452287,11.188780207772632,125.1888025378446,0.9895890144824028,7.363333333333329,10.784815560159876,116.31224666666657,0.9903272090553003,-7.631660573642691,coberturas,Coberturas
der_es,COBERTURA / REVISÕES E REPAROS,m2,15,5,3,linear_simples,2026-03,2026-05,2.948596206112405,0.7812410650457846,5.949826967957429,0.7262984261934802,4.571745635926356,2.7937779608600533,0.040655915435678175,6.629080183052468,-5.541537209517242,73.33333333333333,73.33333333333333,-2.0600387437446814,-2.783089162126076,1.3736746021741955,2.4050640624360513,5.784333144421402,0.9958729224169321,1.274666666666666,2.6168377863367844,6.847840000000002,0.9951141183865436,15.530544749564825,coberturas,Coberturas
der_es,COBERTURA / RUFOS E CALHAS,m,15,5,3,linear_simples,2026-03,2026-05,5.728306212020571,2.6550655573536477,13.548151796709728,1.3734665300449937,4.081694486953424,5.069621281994474,1.8255222046691268,13.958574060091912,-12.99278374827556,73.33333333333333,73.33333333333333,2.9367331041256413,1.6369470757537279,7.4834530778904655,12.206471575514312,148.99794832383887,0.9816727390749321,6.7873333333333346,11.819901578834456,139.71007333333327,0.9828151796944529,-6.647963721517578,coberturas,Coberturas
der_es,COBERTURA / TELHADO,m2,21,7,3,linear_multipla,2026-03,2026-05,1.3493025197837636,0.9434885699947266,3.9047539280147068,0.8034942242556674,0.9999120878110546,1.0552008164617468,0.0,4.892761394101877,-27.871633411750548,100.0,95.23809523809523,-0.11281542451676756,-1.0552008164617468,1.7246986462479295,2.564442481713372,6.576365242016237,0.9975914250620326,1.4128571428571426,3.088655895061028,9.539795238095241,0.9965060773119754,31.063874245907773,coberturas,Coberturas
der_es,ESQUADRIAS DE MADEIRA / FERRAGENS,und,24,8,3,linear_simples,2026-03,2026-05,3.707321609787705,2.129635604201132,8.81411812740709,0.6953431918760524,4.6245019764336615,3.2548871105145687,2.4334913303166403,8.508210224472503,-13.900159480542186,75.0,79.16666666666666,-0.6972060653144333,-0.7752526095674428,3.6023194347480234,5.934245695935306,35.2152719797267,0.9954729541169002,3.467916666666667,5.591087029072851,31.26025416666668,0.995981385433816,-12.651905489870652,esquadrias_vidros,Esquadrias e vidros
der_es,ESQUADRIAS DE MADEIRA / MARCOS E ALIZARES,m,12,4,3,linear_simples,2026-03,2026-05,3.9591799787048814,2.1677867772123314,9.229913597630384,0.7372381114874651,3.9409694129844186,3.873944322656581,1.1193851465967553,9.82855705419142,-2.200229248257488,75.0,75.0,-1.1941765239145579,-1.5362013347856687,1.8023396715379192,2.62533242929487,6.892370364307305,0.9834070470870181,1.7533333333333323,2.8255854850514313,7.983933333333333,0.9807791771396341,13.6719950361897,esquadrias_vidros,Esquadrias e vidros
der_es,ESQUADRIAS DE MADEIRA / MARCOS E ALIZARES,und,12,4,3,linear_simples,2026-03,2026-05,2.08323654092309,1.4116487125488768,5.149527508474805,0.7113218306126945,3.052599247108673,2.0985492489709494,1.2371681897126443,5.272905621573738,0.7296806617889958,83.33333333333334,75.0,1.3486599064637854,1.28415659293338,7.6389441368661535,10.248539412609318,105.03256009180654,0.29354961682439373,7.6475000000000035,10.970181934073235,120.34489166666678,0.19055867288361283,12.723707141033108,esquadrias_vidros,Esquadrias e vidros
der_es,"ESQUADRIAS DE MADEIRA / PORTA EM MADEIRA DE LEI TIPO ANGELIM PEDRA OU EQUIV. C/ ENCHIMENTO EM MADEIRA DE 1ª QUALIDADE ESP 30MM, COM VISOR DE VIDRO, INCL. ALIZARES, DOBRADIÇAS E FECHADURAS EXT EM LATÃO CROMADO LAFONTE/EQUIV , EXCL. MARCO, NAS DIMENSÕES:",und,9,3,3,linear_simples,2026-03,2026-05,1.3425308683033066,1.143172339168822,2.2271845052718846,0.7924776742127381,1.9927442101993877,1.3161014950068717,0.9258373381808495,2.98518376714616,-2.008156163996829,100.0,100.0,-0.5139524360673597,-0.5499684862979473,18.229263081295056,20.049774512636027,401.9934580075493,0.6862021914521179,17.857777777777805,24.897355504372616,619.8783111111135,0.5161203454475702,35.149617142276206,esquadrias_vidros,Esquadrias e vidros
der_es,"ESQUADRIAS DE MADEIRA / PORTA EM MADEIRA DE LEI TIPO ANGELIM PEDRA OU EQUIV.,ESP. 30 MM, MACIÇA C/ FRISO P/ VERNIZ, PADRÃO SEDU, COM VISOR, INCLUSIVE ALIZARES, DOBRADIÇAS E FECHADURA DE BOLA EXTERNA, EXCLUSIVE MARCO",und,15,5,3,linear_simples,2026-03,2026-05,5.439540527576972,0.5936330504698246,17.254969221282305,0.2962266297770415,11.995095750674265,5.414911968283631,0.6872564839230207,17.23801810472025,-0.45482843373255843,66.66666666666666,66.66666666666666,-5.303339308361251,-5.414911968283631,130.00018402208315,233.47834931764024,54512.139600090035,0.8914088460657787,128.9906666666667,233.64786259097977,54591.32369333336,0.8912511070351407,0.14504886103905912,esquadrias_vidros,Esquadrias e vidros
der_es,"ESQUADRIAS DE MADEIRA / PORTA EM MADEIRA DE LEI TIPO ANGELIM PEDRA OU EQUIV.C/ENCHIMENTO EM MADEIRA 1A.QUALIDADE ESP. 30MM P/ PINTURA, INCLUSIVE ALIZARES, DOBRADIÇAS E FECHADURA EXTERNA, EXCLUSIVE MARCO",und,12,4,3,linear_multipla,2026-03,2026-05,5.135243940493916,3.0601967788397917,10.397495570361615,1.4907482505544685,9.874307445541568,4.137046923548563,1.1045791840291672,11.29991400289136,-24.12824982147282,58.333333333333336,66.66666666666666,-4.497610358967987,-4.137046923548563,58.26930894003581,75.56793526289319,5710.512839896815,-0.1338317586741271,47.144166666666656,74.8299018329794,5599.514208333335,-0.11179279699685729,-1.9822903815171977,esquadrias_vidros,Esquadrias e vidros
der_es,"ESQUADRIAS DE MADEIRA / PORTA EM MADEIRA DE LEI TIPO ANGELIM PEDRA/EQUIV, ESP. 30MM C/ ACAB. LISO P/ PINTURA, INCL. FECHADURA TIPO ""LIVRE/OCUPADO"" E FERRAGENS P/ FIXAÇÃO EM GRANITO, EXCLUSIVE MARCO",und,12,4,3,linear_simples,2026-03,2026-05,0.4858340816074289,0.23959752089318348,1.1564354862847266,0.061469237644376784,1.1564354862847266,0.4163102336021949,0.1782378446931333,1.0706928561134512,-16.700009366492665,100.0,100.0,-0.4858340816074289,-0.4163102336021949,5.717846312800627,8.050242950964378,64.80641156955166,-0.5339707346866072,4.903333333333269,7.3901578693105225,54.61443333333224,-0.2927261423032679,-18.661693647929987,esquadrias_vidros,Esquadrias e vidros
der_es,"ESQUADRIAS DE MADEIRA / PORTA EM VENEZIANA, EM MADEIRA DE LEI, ESP. 30MM, INCL. DOBRADIÇAS, EXCLUSIVE ALIZAR, MARCO E FECHADURA",und,9,3,3,linear_simples,2026-03,2026-05,6.016795123981945,2.4642412646562124,17.912905359714912,0.7301793017654586,7.996055245356966,5.331824331531325,0.3967658893804289,17.947167219268295,-12.846837214794224,66.66666666666666,66.66666666666666,-5.823931577045428,-5.331824331531325,97.30336794656215,158.70493470210434,25187.256298799206,0.14083166280570558,86.1855555555556,156.77068096781082,24577.04641111112,0.1616466737114185,-2.4828446733624294,esquadrias_vidros,Esquadrias e vidros
der_es,ESQUADRIAS DE MADEIRA / REVISÕES E REPAROS,und,24,8,3,linear_multipla,2026-03,2026-05,3.035076839599933,1.1936353552839027,6.37661668100426,0.2520165217661084,5.677554012984675,2.9865994502600457,1.1989777769932655,9.748092863921299,-1.623163405312558,70.83333333333334,75.0,-0.22574712576209335,-1.0406095898159196,2.1776817100280144,3.528578948984876,12.450869399219213,0.9868977669417196,2.15625,3.5373406913480445,12.512779166666661,0.986832618382557,0.4947723173471481,esquadrias_vidros,Esquadrias e vidros
der_es,ESQUADRIAS METÁLICAS / ESQUADRIAS METÁLICAS (M2),m2,15,5,3,linear_simples,2026-03,2026-05,1.7611479303304918,0.8550142846894943,3.2732471927317475,0.37809771267428277,2.327640963291948,1.2986234018578626,0.6355737050569539,3.129240256589945,-35.616524991843136,93.33333333333333,93.33333333333333,1.4077600097576668,0.43050187628435044,10.3317749782335,16.4151439493298,269.45695087721873,0.9949733997179039,8.164000000000003,14.612379226760684,213.52162666666715,0.996016848460052,-26.19656148361652,esquadrias_vidros,Esquadrias e vidros
der_es,ESQUADRIAS METÁLICAS / GRADES E PORTÕES,m2,18,6,3,linear_simples,2026-03,2026-05,1.8571055542151491,1.4158265992333945,3.2030627378212317,1.2028037257269055,2.7192530375363217,0.6446739384964764,0.0603628450842882,1.8719247656590206,-188.06896685576186,100.0,100.0,-0.8607361570988945,-0.529777452795527,9.590416147196107,11.437947172394688,130.82663551849163,0.997685542506997,3.2655555555555558,5.2830441561239585,27.910555555555504,0.9995062336183804,-368.7353329749505,esquadrias_vidros,Esquadrias e vidros
der_es,ESTRUTURAS / INFRA-ESTRUTURA (FUNDAÇÃO),kg,9,3,3,linear_simples,2026-03,2026-05,1.5360180151576046,1.049877896559014,2.968609918806766,0.6625058000040205,2.6466413137684395,1.192413832729284,0.7582938388625599,2.692728067618763,-28.81585008468531,100.0,100.0,-1.2384030083818147,-1.023904090759826,0.1734393920363861,0.21915586429178838,0.04802929285348076,0.6636487825830032,0.13444444444444434,0.1916304313573973,0.036722222222222156,0.742832687785309,-30.790812611596856,fundacoes,Fundações
der_es,ESTRUTURAS / INFRA-ESTRUTURA (FUNDAÇÃO),m2,12,4,3,linear_simples,2026-03,2026-05,2.269782532157205,1.7863850308467168,4.249732267046212,0.8358101338937913,3.332966724037497,2.0129221204438132,1.749381499316904,4.65179411942749,-12.76057375020345,100.0,100.0,0.11211276272790831,-0.5990349635496043,2.4672135571511347,3.0206680901248686,9.12443571069862,0.9821202213460174,2.1908333333333316,2.962635369621668,8.777208333333318,0.982800630397792,-3.9560115720009965,fundacoes,Fundações
der_es,ESTRUTURAS / INFRA-ESTRUTURA (FUNDAÇÃO),m3,27,9,3,linear_multipla,2026-03,2026-05,1.0677284538466327,0.8050294955165436,2.3346925273076464,0.5897935778931587,1.1130663651105144,0.8446217655749814,0.1358750487670336,2.735180773282248,-26.41498210974591,100.0,100.0,-0.19739491110572896,-0.7610429793836604,8.18476559145397,10.158242436774737,103.18988940429115,0.8886795574061316,6.545185185185182,11.179975816577569,124.99185925925927,0.8651597634836439,17.442711856734824,fundacoes,Fundações
der_es,"ESTRUTURAS / MURO DE ARRIMO (Conc. ciclópico 15MPa c/ 30% de pedra de mão, c/ forn., preparo e aplicação de concreto, forma de tábua pinho-reap.5 vezes, exclusive escav. e reaterro) seções tipicas nas seguintes dimensões:",m,12,4,3,linear_simples,2026-03,2026-05,1.7917669314431273,1.301358629943376,4.247545367034702,0.4625317595268078,2.9023794187717367,1.3864820688232247,1.0359167802151474,3.155803319829022,-29.231165100020927,100.0,100.0,-1.4334086940633046,-0.7012273351267115,31.815241390480463,47.46577121081466,2252.9994366374017,0.9946517925880817,23.313333333333418,34.64938094685107,1200.5796000000057,0.9971500442428423,-87.65931360464486,terra_contencao,Terra e contenções
der_es,ESTRUTURAS / RECUPERAÇÃO DE ESTRUTURAS,m2,21,7,3,linear_multipla,2026-03,2026-05,1.9797053323917084,1.460836446029592,5.909908706025346,0.5349130123518905,2.1973239075014646,1.4443693677918823,0.0,6.11374407582938,-37.063647051601144,85.71428571428571,85.71428571428571,-0.8861568970411658,-0.7839988000877889,2.0566174641220716,3.4640487494557086,11.999633738605658,0.9993317780525931,1.6519047619047624,3.5655234037735797,12.712957142857132,0.9992920553106576,5.610995114950577,estruturas,Estruturas
der_es,ESTRUTURAS / RECUPERAÇÃO DE ESTRUTURAS,m3,9,3,3,linear_multipla,2026-03,2026-05,1.4729053179764886,1.0530925534329136,2.5176822025032632,0.8492364614515793,1.315657381657043,1.1468975636898773,0.07545736268711711,3.096627084070871,-28.42518500412163,88.88888888888889,88.88888888888889,-0.16009746432674585,-0.9912840646029262,70.66771635837853,93.02701434435953,8654.025397825673,0.9981511371735456,56.08222222222225,101.09165093561828,10219.521888888892,0.9978166814567877,15.318686217261245,estruturas,Estruturas
der_es,ESTRUTURAS / SUPER-ESTRUTURA,kg,9,3,3,linear_simples,2026-03,2026-05,1.5360180151576046,1.049877896559014,2.968609918806766,0.6625058000040205,2.6466413137684395,1.192413832729284,0.7582938388625599,2.692728067618763,-28.81585008468531,100.0,100.0,-1.2384030083818147,-1.023904090759826,0.1734393920363861,0.21915586429178838,0.04802929285348076,0.6636487825830032,0.13444444444444434,0.1916304313573973,0.036722222222222156,0.742832687785309,-30.790812611596856,estruturas,Estruturas
der_es,ESTRUTURAS / SUPER-ESTRUTURA,m3,21,7,3,linear_multipla,2026-03,2026-05,0.9235310378627695,0.7024246433742528,2.4391566245384966,0.19498402058951478,1.3238325288620685,0.6464458838220989,0.05430076754868791,3.184211926166292,-42.86285379410414,100.0,100.0,-0.028580827128404113,-0.598014777217883,8.282840786087652,11.663687253690272,136.04160035189693,0.9914489034858044,5.971904761904777,13.072923854105433,170.90133809523883,0.9892577429795195,20.39758034189029,estruturas,Estruturas
der_es,"IMPERMEABILIZAÇÃO / IMPERMEABILIZAÇÃO CALHAS, LAJES DESCOBERTAS, BALDRAMES, PAREDES E JARDINEIRAS",m2,12,4,3,linear_simples,2026-03,2026-05,3.076328490748987,2.8266134262022655,2.998360374923922,2.577783660124976,2.9839383779104445,1.9613042482822431,0.04950495049504669,4.955028685208031,-56.85116133528536,91.66666666666666,83.33333333333334,0.8766157392670051,-1.9613042482822431,6.240601071705491,12.762625373300777,162.88460641922077,0.9930453787154947,4.837500000000001,14.87219189180488,221.1820916666668,0.9905562734485946,26.357235709346416,impermeabilizacao,Impermeabilização
der_es,"INSTALAÇÃO DO CANTEIRO DE OBRAS / INSTALAÇÃO DO CANTEIRO DE OBRAS (UTILIZAÇÃO 1 VEZ), PROJETO PADRÃO LABOR - NR.18 (OBRAS COM PRAZO DE EXECUÇÃO SUPERIOR A 12 MESES)",m,9,3,3,linear_multipla,2026-03,2026-05,1.4900706336038827,1.4351489346454893,2.6719445428018744,0.7398571815529692,2.218579130614159,1.712708088735503,1.9444282408757596,2.982336213515886,12.999147758798417,100.0,100.0,-0.7783899287888524,-1.34021251902311,5.049059789468787,7.169405507408478,51.40037532965901,0.9986850400232926,5.667777777777763,8.004513310210255,64.07223333333313,0.9983608597814465,19.777456386995755,preliminares,Serviços preliminares
der_es,"INSTALAÇÃO DO CANTEIRO DE OBRAS / INSTALAÇÃO DO CANTEIRO DE OBRAS (UTILIZAÇÃO 1 VEZ), PROJETO PADRÃO LABOR - NR.18 (OBRAS COM PRAZO DE EXECUÇÃO SUPERIOR A 12 MESES)",m2,18,6,3,linear_simples,2026-03,2026-05,1.7355281544202947,1.8867404242953814,3.42480843705286,0.4313664343563974,2.2727300944599245,1.5927962902313704,1.8685732195418914,3.1194503861937255,-8.961087181348914,100.0,100.0,0.26199506494807007,-0.14459481239235975,8.708300114462444,11.201100008544762,125.46464140142146,0.9973287425174174,7.996111111111097,11.064367984159263,122.42023888888853,0.9973935606438693,-2.486845753745095,preliminares,Serviços preliminares
der_es,"INSTALAÇÃO DO CANTEIRO DE OBRAS / INSTALAÇÃO DO CANTEIRO DE OBRAS (UTILIZAÇÃO 1 VEZ), PROJETO PADRÃO LABOR - NR.18 (OBRAS COM PRAZO DE EXECUÇÃO SUPERIOR A 12 MESES)",und,15,5,3,linear_simples,2026-03,2026-05,3.5837941047780717,1.958697867371002,10.487715590663374,0.9611346421816573,2.435232991154481,3.3394461557995014,1.4833160314400125,10.981025417701968,-7.317020175762366,86.66666666666667,86.66666666666667,1.982163445068396,2.1299037222853037,257.0317382859314,329.6979342927303,108700.7278768935,0.9992253253914005,230.02266666666674,328.21527904715236,107725.2694000001,0.999232277165584,-0.905505720548608,preliminares,Serviços preliminares
der_es,"INSTALAÇÃO DO CANTEIRO DE OBRAS / INSTALAÇÃO DO CANTEIRO DE OBRAS (UTILIZAÇÃO 2 VEZES), PROJETO PADRÃO LABOR - NR.18 (OBRAS COM PRAZO DE EXECUÇÃO DE 6 A 12 MESES)",m2,18,6,3,linear_simples,2026-03,2026-05,2.064930707910931,2.3539349537631833,3.7065654594352786,0.49652434720089883,3.094473176891544,1.8904104331618932,2.333584548044396,3.7365612130231756,-9.23187217376578,100.0,100.0,0.15434607362330482,-0.33937019397660634,8.183661979353118,10.442449318171715,109.04474776258492,0.9963305857766372,7.521666666666672,10.405017753201797,108.26439444444456,0.9963568450841563,-0.7207848177091978,preliminares,Serviços preliminares
der_es,"INSTALAÇÃO DO CANTEIRO DE OBRAS / INSTALAÇÃO DO CANTEIRO DE OBRAS (UTILIZAÇÃO 2 VEZES), PROJETO PADRÃO LABOR - NR.18 (OBRAS COM PRAZO DE EXECUÇÃO DE 6 A 12 MESES)",und,15,5,3,linear_simples,2026-03,2026-05,3.5773287460414944,2.2552622287884763,10.321356897217427,0.6483541472776517,2.5068046592406663,3.3697493603521083,1.6368303342154555,10.806458595457757,-6.160083836849397,86.66666666666667,86.66666666666667,1.787577915873308,1.7755081193662174,214.51702975806637,283.2864346917314,80251.20408035262,0.9991261151786329,192.92200000000022,291.7995808427425,85146.99538000023,0.999072803109931,5.749810991918521,preliminares,Serviços preliminares
der_es,"INSTALAÇÃO DO CANTEIRO DE OBRAS / TAPUMES, BARRACÕES E COBERTURAS",m,9,3,3,linear_simples,2026-03,2026-05,2.314626866962705,1.9230173553494543,4.875956041730723,0.31722237100757394,4.875956041730723,0.6499669430820469,0.0,2.3604011249534183,-256.1145519166078,100.0,100.0,1.2386573619067993,-0.4812119634518782,1.9863145319962365,3.3081939252850825,10.944147047293121,0.999210344896195,1.565555555555556,3.2549773851407586,10.594877777777771,0.9992355457876014,-3.2965861130359144,preliminares,Serviços preliminares
der_es,"INSTALAÇÃO DO CANTEIRO DE OBRAS / TAPUMES, BARRACÕES E COBERTURAS",m2,9,3,3,linear_simples,2026-03,2026-05,2.5619787767282975,2.4021345907139846,4.065399465678976,1.4707531656406128,3.4487503099244994,1.3920333816730872,0.1734605377276735,4.391688717527438,-84.04578585960712,88.88888888888889,88.88888888888889,0.47514867961054563,-1.3920333816730872,2.7817035931720895,5.728570509163515,32.816520078457934,0.9970042270596791,2.1655555555555552,5.366740165128172,28.801899999999957,0.9973707159551488,-13.938733480978627,preliminares,Serviços preliminares
der_es,"INSTALAÇÃO DO CANTEIRO DE OBRAS / TAPUMES, BARRACÕES E COBERTURAS",ms,10,5,2,linear_simples,2026-03,2026-04,2.5403051869624305,0.7435713850521103,7.79081811263878,0.17774252675566696,2.469397740980629,2.4470709784565705,0.4576271186440678,7.937227789159992,-3.8100328648687225,80.0,80.0,2.4391963551959415,2.4470709784565705,24.144956318827248,39.275627194084606,1542.574891488718,0.9668001077272316,23.42499999999999,39.67342347214315,1573.980529999999,0.9661241834521218,1.9953003174239288,preliminares,Serviços preliminares
der_es,"INSTALAÇÕES ELÉTRICAS / (COMPOSIÇÃO REPRESENTATIVA) - MONTAGEM MECANICA E ELETRICA, TESTE DE ACEITAÇÃO DE QUADROS DE FABRICAÇÃO ESPECIAL COM ATESTADOS TTA/PTTA",m,12,4,3,linear_simples,2026-03,2026-05,2.568045642221016,1.4569838752233928,5.9579385694755,0.6539197710876985,4.911093575566758,2.1966621647119484,0.0,6.582372300225436,-16.906717995835635,75.0,66.66666666666666,-1.1746057961527623,-2.1966621647119484,0.6844943681336648,1.1662111062549891,1.3600483443524853,0.9952098182637081,0.624166666666667,1.269826103580067,1.6124583333333355,0.9943208133071606,15.65373713930695,eletricas,Instalações elétricas e comunicação
der_es,"INSTALAÇÕES ELÉTRICAS / (COMPOSIÇÃO REPRESENTATIVA) - MONTAGEM MECANICA E ELETRICA, TESTE DE ACEITAÇÃO DE QUADROS DE FABRICAÇÃO ESPECIAL COM ATESTADOS TTA/PTTA",und,100,34,3,linear_simples,2026-03,2026-05,2.4757775065978214,0.8067020951895226,5.900998284874378,0.7269202789343001,5.785680761620193,2.1960995678322504,0.0,6.5761771918615635,-12.735212139841115,69.0,67.0,-1.4003010069104287,-2.1960995678322504,3.0449360554825606,8.901660336433382,79.23955674523127,0.9986673755285461,2.7639000000000027,9.801952611597361,96.07827500000032,0.9983841875737426,17.526041401939192,eletricas,Instalações elétricas e comunicação
der_es,INSTALAÇÕES ELÉTRICAS / ABERTURA E FECHAMENTO DE RASGOS (inclusive preparo e aplicação de argamassa),m,18,6,3,linear_simples,2026-03,2026-05,2.442754885279732,0.8361897704159587,5.87670413296799,0.6777833809324756,5.715089011795365,2.1791881830028816,0.0,6.54576389772294,-12.094719691149404,66.66666666666666,66.66666666666666,-1.4382596011741855,-2.1791881830028816,0.8231168885561595,1.3065084184918558,1.7069642475900904,0.9924467939454297,0.7505555555555556,1.4258311416308898,2.032994444444446,0.9910041314758848,16.036944800577142,eletricas,Instalações elétricas e comunicação
der_es,INSTALAÇÕES ELÉTRICAS / CAIXAS DE PASSAGEM,und,42,14,3,linear_simples,2026-03,2026-05,5.42574529438612,2.5076005152947953,14.032207506637992,1.5603469244141013,9.359872806937146,3.535415390496747,2.017279156279036,10.906514664908892,-53.46839607505839,61.904761904761905,80.95238095238095,-3.6266652333644127,-3.035540973743475,10.121218849166025,22.78542675668521,519.1756724842663,0.9833728816245751,9.199285714285713,24.67337494045719,608.7754309523809,0.9805033600552571,14.718031298987029,eletricas,Instalações elétricas e comunicação
der_es,"INSTALAÇÕES ELÉTRICAS / CAIXAS DE PASSAGEM EMPREGANDO ARGAMASSA DE CIMENTO, CAL E AREIA",und,18,6,3,linear_simples,2026-03,2026-05,3.4484018540993797,0.8780028176065271,11.257262175661273,0.7489484984675496,2.501805945066976,2.8696314425823126,0.1333171397813274,11.014657597882637,-20.16880645119519,83.33333333333334,83.33333333333334,1.9960035825885731,1.2527486941490862,10.581908783192763,16.918710708400095,286.2427720345321,0.9979649209133663,7.915000000000002,15.135432490241772,229.08131666666628,0.9983713174890907,-24.952473732740422,eletricas,Instalações elétricas e comunicação
der_es,"INSTALAÇÕES ELÉTRICAS / CHAVES, FUSIVEIS E DISJUNTORES",und,135,45,3,linear_simples,2026-03,2026-05,3.6304252701245483,1.7189393208967498,11.023015013495382,0.48710802871654585,3.6355660212426932,3.529812877845414,1.6745419878968715,10.484868939138254,-2.8503605080773546,78.51851851851852,81.48148148148148,0.8640120929780026,0.37576081335182865,4.782414459479016,11.116150271408927,123.56879685654475,0.9966856119253786,4.597555555555554,10.724366751571964,115.0120422222222,0.9969151229851196,-7.43987713720402,eletricas,Instalações elétricas e comunicação
der_es,INSTALAÇÕES ELÉTRICAS / COMPOSIÇÕES INTERMEDIÁRIAS P/ ELETRICA,und,21,7,3,linear_simples,2026-03,2026-05,5.0541225250008734,2.876237345290116,11.812347155941977,0.9919963832513836,6.127342295013683,4.064142483618463,1.2875536480686673,9.349593495934952,-24.358891091362352,61.904761904761905,76.19047619047619,-1.772688648316097,-0.6106029389442308,0.7848724447896658,1.2650243058552952,1.6002864944046717,0.9900655744735096,0.6833333333333333,1.2501104713089122,1.5627761904761908,0.9902984348532957,-2.4002351812802627,eletricas,Instalações elétricas e comunicação
der_es,INSTALAÇÕES ELÉTRICAS / ELETRODUTOS E CONEXÕES,m,51,17,3,linear_simples,2026-03,2026-05,3.4541608821895795,2.7387182813531994,7.24072924312173,1.2812855538958123,4.109838534811001,2.4127059506742423,1.5961138098542709,5.35003977724741,-43.1654313789999,80.3921568627451,80.3921568627451,0.8577249406736878,-1.0813380388983476,1.3982866762510195,2.4217014791545752,5.864638054139457,0.9974789226354551,1.153137254901961,2.295007796133539,5.267060784313725,0.9977358078028972,-11.345554841619194,eletricas,Instalações elétricas e comunicação
der_es,INSTALAÇÕES ELÉTRICAS / ENVELOPAMENTO DE ELETRODUTOS,m,12,4,3,linear_simples,2026-03,2026-05,1.6284561790236458,0.9641268220778327,3.254594363616556,0.7322613227736883,3.1910916647570513,1.366025736365585,0.13002769118813204,4.061698330860499,-19.21123707056039,100.0,100.0,-0.5329106973286212,-1.2797823945518743,2.2419655615672056,3.127998857619688,9.784376853270073,0.9979290575640775,1.9233333333333331,3.5781559496478037,12.803199999999975,0.9972900992476857,23.578661168535273,eletricas,Instalações elétricas e comunicação
der_es,INSTALAÇÕES ELÉTRICAS / FIOS E CABOS,m,108,36,3,linear_simples,2026-03,2026-05,3.368177902713644,1.391723124218224,10.484470207955313,0.6579480830441898,4.349816101209206,3.674320391412201,1.5302614245897415,11.491120960187086,8.331948662236643,75.92592592592592,73.14814814814815,-1.7557655039581832,-3.40946888855788,2.249014937500156,6.0121331383946846,36.14574487378352,0.9956260327818447,2.3732407407407408,6.295207098055424,39.629632407407385,0.9952044503821177,8.791117459299652,eletricas,Instalações elétricas e comunicação
der_es,INSTALAÇÕES ELÉTRICAS / INSTALAÇÕES APARENTES,m,33,11,3,linear_simples,2026-03,2026-05,5.598886410745149,1.9798624300434025,19.516994963092355,0.7102978270346462,4.411943754771029,5.20322665834391,1.4522218995062446,19.042507896827967,-7.604122948723715,75.75757575757575,75.75757575757575,-5.073353977334274,-4.850261180216698,4.334271338493051,8.56110176999932,73.2924635162855,0.9524902079507986,4.00969696969697,8.293171707476999,68.77669696969697,0.95541742746667,-6.565838060787029,eletricas,Instalações elétricas e comunicação
der_es,INSTALAÇÕES ELÉTRICAS / INSTALAÇÕES APARENTES,und,69,23,3,linear_simples,2026-03,2026-05,2.971110914738064,1.7482202212704052,6.815571751701709,1.220933157778486,3.9816848215002656,2.95303406610602,1.434977578475348,6.931137126289644,-0.6121449406738728,84.05797101449275,79.71014492753623,-1.3687303927505896,-2.65879454663712,1.8358689876208931,3.993121923364531,15.945022694854453,0.9883573071003774,1.7621739130434784,4.341599084288605,18.849482608695656,0.9862365365337084,15.408698340087678,eletricas,Instalações elétricas e comunicação
der_es,INSTALAÇÕES ELÉTRICAS / PADRAO DE ENTRADA DE ENERGIA - NORTEC-01 - ESCELSA,und,39,13,3,linear_simples,2026-03,2026-05,2.611502249553354,1.0775156753414878,7.805430335162626,0.7137004466575552,3.9455292036503744,2.702121420226137,1.253634186886395,8.256769028391489,3.3536305953712104,74.35897435897436,76.92307692307693,-2.227260175145438,-2.702121420226137,433.2362369563399,919.2665521288689,845050.9938628984,0.9990128663227998,400.3076923076922,867.0310643120305,751742.8664820523,0.9991218628159855,-12.412239815124856,eletricas,Instalações elétricas e comunicação
der_es,INSTALAÇÕES ELÉTRICAS / PONTOS ELETRICOS REVISAO NR-10,und,51,17,3,linear_simples,2026-03,2026-05,1.6487304047130402,0.7828884887008113,3.8645151813133327,0.458686448856391,3.7518872773386605,1.8687460729216867,1.1415376609860775,4.593370475770575,11.77343842465785,100.0,100.0,-1.1088437592876947,-1.8687460729216867,4.710079843059075,6.830688371785863,46.658303632450604,0.9959551092770973,5.339215686274511,8.148447223665546,66.39719215686274,0.994243910179467,29.728498876547672,eletricas,Instalações elétricas e comunicação
der_es,INSTALAÇÕES ELÉTRICAS / QUADRO DE DISTRIBUIÇÃO,und,30,10,3,linear_simples,2026-03,2026-05,20.68222320566391,6.074246608913567,70.46301556589452,0.7405948599088541,21.053231992620503,20.186070893551875,6.489219207205941,70.32396668337839,-2.457894429918615,43.333333333333336,43.333333333333336,14.502932948092148,13.848831447770971,87.93707694213339,142.80777155166214,20394.05961555172,0.9153942526855832,84.00500000000001,138.96657661706527,19311.70941666667,0.9198844350798108,-5.604631757512599,eletricas,Instalações elétricas e comunicação
der_es,"INSTALAÇÕES ELÉTRICAS / QUADROS DE DISTRIBUIÇÃO COM BARRAMENTO, TRINCO E FECHADURA",und,15,5,3,linear_multipla,2026-03,2026-05,3.3037705533342656,0.9179105440146855,9.729884623855241,0.4402151797830649,2.7919320194780815,3.1004844200214974,1.0025882842947682,9.567202541104777,-6.5565926408157456,80.0,80.0,2.616613819307399,2.2793591867027776,20.722679166381454,37.753928135859475,1425.359089687642,0.9444750518498795,19.42800000000001,36.51823106340174,1333.5811999999999,0.9480502650036051,-6.882062351182071,eletricas,Instalações elétricas e comunicação
der_es,"INSTALAÇÕES ELÉTRICAS / TERMINAIS, CONECTORES E ABRAÇADEIRAS",und,72,24,3,linear_simples,2026-03,2026-05,2.758804859072021,2.347855121342141,4.8559793920171,1.139417275990943,3.303917770839324,2.1947123125030905,1.2729838967550493,4.509325134533612,-25.702345740502892,90.27777777777779,93.05555555555556,-0.016749488955286978,-1.2401826411020376,1.3716273227119218,2.4625621263189794,6.064212225980654,0.9983936057737607,1.0063888888888886,2.3200772257261892,5.3827583333333315,0.9985741211577551,-12.65993846365614,eletricas,Instalações elétricas e comunicação
der_es,INSTALAÇÕES HIDRO-SANITÁRIAS / ABERTURA E FECHAMENTO DE RASGOS (inclusive preparo e aplicação de argamassa),m,18,6,3,linear_simples,2026-03,2026-05,2.443182839403854,0.8362759808374588,5.878196665602998,0.677829465516278,5.715996835507368,2.1795580533886247,0.0,6.546092154025465,-12.095332152560196,66.66666666666666,66.66666666666666,-1.438482505974993,-2.1795580533886247,0.823116839786223,1.3065070189840438,1.7069605906545726,0.9924495104320467,0.7505555555555559,1.42583114163089,2.032994444444447,0.9910073475459685,16.037124679844815,hidrossanitarias,Instalações hidráulicas e sanitárias
der_es,INSTALAÇÕES HIDRO-SANITÁRIAS / CAIXAS DE PVC / EQUIPAMENTOS,und,48,16,3,linear_multipla,2026-03,2026-05,3.6862968835207526,1.5871071918817963,11.432656946528066,0.603900341336407,3.4515230906029872,3.1450175998336114,0.9453757309213501,10.99101269770637,-17.21069172127297,79.16666666666666,83.33333333333334,-2.2272993287025105,-1.509365271346331,2.79552573964016,7.4019141523956895,54.7883331194356,0.9874068285414327,2.660624999999999,7.368502929134702,54.29483541666668,0.9875202596467709,-0.9089219977954531,hidrossanitarias,Instalações hidráulicas e sanitárias
der_es,"INSTALAÇÕES HIDRO-SANITÁRIAS / CAIXAS EMPREGANDO ARGAMASSA DE CIMENTO, CAL E AREIA",und,39,13,3,linear_simples,2026-03,2026-05,1.530324973161323,0.8784928423903727,3.5708883494530226,0.665878786885482,2.57555782484517,1.464656596036807,0.1988187825273396,4.340559885419523,-4.4835340449226955,100.0,100.0,-0.717405628661909,-1.4435283193936732,13.271048399848187,17.66529808283567,312.06275635543756,0.9898256133570112,12.953846153846156,20.75483101006631,430.76301025641015,0.985955551155696,27.555814003230385,hidrossanitarias,Instalações hidráulicas e sanitárias
der_es,INSTALAÇÕES HIDRO-SANITÁRIAS / ENTRADA DE ÁGUA,und,12,4,3,linear_simples,2026-03,2026-05,1.5310557774984968,0.8606379456520018,3.3239722011351884,0.47670914026489747,2.444380838647961,1.5156544089491595,0.8166177578311036,3.7470582216303034,-1.0161530529915073,100.0,100.0,-0.9517392013962369,-1.3837867850400614,6.982415365206478,8.924215195013101,79.6416168469027,0.9977038429458015,7.092499999999997,10.155715550040444,103.13855833333326,0.9970263997938139,22.78191770966087,hidrossanitarias,Instalações hidráulicas e sanitárias
der_es,INSTALAÇÕES HIDRO-SANITÁRIAS / FURO EM CONCRETO,cm,9,3,3,linear_simples,2026-03,2026-05,1.3752184325048793,0.8004505218688465,2.770535665696438,0.6706786073124896,2.5736231357669337,1.1345471071670779,0.0,3.4092822507593086,-21.21298655802392,100.0,100.0,-0.4441762381793569,-1.1345471071670779,0.10062383849923309,0.13037232912618157,0.016996944201785415,0.9957995616347597,0.08444444444444442,0.15231546211727812,0.02319999999999998,0.9942666064607462,26.73730947506281,hidrossanitarias,Instalações hidráulicas e sanitárias
der_es,INSTALAÇÕES HIDRO-SANITÁRIAS / PONTOS HIDRO-SANITÁRIOS,pt,27,9,3,linear_simples,2026-03,2026-05,2.188476942550808,2.682289558389519,3.8396508958661824,0.8018231115043946,3.4322390938904146,2.271345146815526,2.400213352297972,4.43984384174933,3.6484197208381537,100.0,100.0,-1.5584607078195063,-2.0094582937366314,4.670445076783892,6.7902811138014085,46.1079176044481,0.9970961649620317,4.75,6.943561632775221,48.213048148148104,0.9969635857402863,4.366308757810548,hidrossanitarias,Instalações hidráulicas e sanitárias
der_es,INSTALAÇÕES HIDRO-SANITÁRIAS / PONTOS HIDRO-SANITÁRIOS,und,15,5,3,linear_simples,2026-03,2026-05,2.3710594336589796,1.5790176299719614,5.476921563679616,0.595918640805185,3.7335686109610373,2.19172531068688,1.2222222222222217,5.161848897668407,-8.18232659438042,80.0,86.66666666666667,-2.0487568735188155,-2.028762347723917,17.298516027558037,27.186732891708875,739.1184453251252,0.996760041648589,15.008666666666672,24.983380208984272,624.169286666667,0.9972639263627897,-18.416343308453435,hidrossanitarias,Instalações hidráulicas e sanitárias
der_es,INSTALAÇÕES HIDRO-SANITÁRIAS / REDE DE ESGOTO - TUBOS DE PVC,m,15,5,3,linear_simples,2026-03,2026-05,2.600396535200764,3.162508629615355,4.767560337074471,0.6854392750917082,4.092049659926534,2.627926938887576,3.311804314964973,4.830672679189063,1.0476091735817392,93.33333333333333,93.33333333333333,-1.7673462090635077,-1.99690341402437,1.5875757826892951,2.061740802218109,4.250775135530972,0.9926103729879285,1.574000000000001,2.072816119839546,4.29656666666667,0.9925307681336101,1.0657702926142003,hidrossanitarias,Instalações hidráulicas e sanitárias
der_es,INSTALAÇÕES HIDRO-SANITÁRIAS / REDE DE ÁGUA FRIA - CONEXÕES SOLDÁVEIS DE PVC,und,21,7,3,linear_simples,2026-03,2026-05,4.964240497011436,1.997075718318305,11.686840661755983,0.7517076347802442,5.838884777642352,4.323991618174971,1.0114632501685796,12.39782016348774,-14.8068945403436,66.66666666666666,71.42857142857143,-2.156826781995259,-1.2882335727202268,6.097627349678711,21.372048800949866,456.76446995018256,0.9640312156689426,5.813333333333334,21.162684814820373,447.8592285714288,0.9647324757879779,-1.988401892969697,hidrossanitarias,Instalações hidráulicas e sanitárias
der_es,INSTALAÇÕES HIDRO-SANITÁRIAS / REDE DE ÁGUA FRIA - TUBOS METÁLICOS,m,27,9,3,linear_simples,2026-03,2026-05,1.6269320466686539,0.9580139048448375,3.704055358116231,0.5992701279699268,3.318469953603274,1.0462935085132608,0.01405086412815107,3.3915161303203174,-55.49480460606662,100.0,100.0,-1.4827920871332745,-1.0462935085132608,2.8046442556030455,4.026653548011981,16.21393879571748,0.9972708990536826,1.6051851851851837,2.9277889521186755,8.571948148148172,0.9985571851418932,-89.15115345419153,hidrossanitarias,Instalações hidráulicas e sanitárias
der_es,INSTALAÇÕES HIDRO-SANITÁRIAS / REDE DE ÁGUA FRIA - TUBOS SOLDÁVEIS DE PVC,m,24,8,3,linear_simples,2026-03,2026-05,2.442439192889909,2.1909724892899325,5.234556574306474,0.7182363001266666,3.6229742684613058,2.501625871562974,2.720915906506868,5.156499504438701,2.3659284685957447,79.16666666666666,83.33333333333334,-1.6942596280699387,-2.098584154961935,1.341334657304883,1.8976674326914804,3.601141685097874,0.996917942398138,1.3687499999999997,1.9563731324400606,3.8273958333333353,0.9967243014979736,5.911438431974598,hidrossanitarias,Instalações hidráulicas e sanitárias
der_es,INSTALAÇÕES HIDRO-SANITÁRIAS / REVISÕES E REPAROS,und,12,4,3,linear_simples,2026-03,2026-05,3.1159231223371697,0.9139910828428524,6.432594648436058,0.1754642392671001,5.7297426503088635,2.931077661242245,0.0,6.583560576548504,-6.306399299450281,66.66666666666666,66.66666666666666,-2.458207280986293,-2.931077661242245,1.008875927209157,1.9035930017945937,3.623666316481352,0.8822694889370395,0.9650000000000002,1.9448093308428294,3.7822833333333334,0.8771161274444728,4.193684155126267,hidrossanitarias,Instalações hidráulicas e sanitárias
der_es,"INSTALAÇÕES HIDRO-SANITÁRIAS / SUMIDOUROS, FOSSAS SÉPTICAS E FILTROS ANAERÓBIOS",und,12,4,3,linear_multipla,2026-03,2026-05,1.4969974000739479,0.8654270927977341,2.659636565413673,0.3691726256815491,2.270863819817326,1.3941845540350721,0.9810351029020773,2.6081831975231102,-7.3744071931734645,91.66666666666666,91.66666666666666,0.5802095451944201,0.30842547250776436,69.61434420532919,93.71718930851367,8782.91157188779,0.998548274031271,66.49166666666683,94.24557566980725,8882.228533333366,0.9985318579475059,1.1181536376018497,hidrossanitarias,Instalações hidráulicas e sanitárias
der_es,INSTALAÇÕES HIDRO-SANITÁRIAS / TUBULAÇÃO DE LIGAÇÃO DE CAIXAS,m,18,6,3,linear_simples,2026-03,2026-05,1.9820588623725743,1.8421754463582012,3.6351831677729174,0.11086676442548113,3.2730789894876726,1.9122199286950032,1.711881069943333,3.6930355755546715,-3.6522437942184176,94.44444444444444,94.44444444444444,-1.2441109489082032,-1.3021865599953422,2.525320833304258,4.599833275053957,21.15846615829361,0.9910949186892225,2.4361111111111113,4.534125543524842,20.558294444444446,0.991347516295886,-2.919365297890026,hidrossanitarias,Instalações hidráulicas e sanitárias
der_es,ITENS DE SERVIÇOS AUXILIARES / SERVIÇOS AUXILIARES 01,m,18,13,2,linear_simples,2026-03,2026-04,30.98292538946022,11.4690863435949,82.68958918969398,7.3056033858798335,45.07631096398825,15.043823160580452,0.0,58.817155596553675,-105.95114060264434,11.11111111111111,72.22222222222221,15.905670013947706,3.848449101164585,12.955569535684493,26.661151294051226,710.8169883242895,0.6391112171969737,10.101666666666667,26.858479418363707,721.3779166666668,0.6337493299076231,1.4639938509868906,apoio_producao,Apoio e produção
der_es,ITENS DE SERVIÇOS AUXILIARES / SERVIÇOS AUXILIARES 01,m2,29,17,3,linear_multipla,2026-03,2026-05,309.47734226190005,42.43325652962945,785.7113868091064,21.283421250886434,166.30696901053975,126.2189163713013,0.0,222.4525173155493,-145.19093584316863,6.896551724137931,62.06896551724138,294.95282399896314,115.12678524827942,21.781911552125024,40.12906381219699,1610.3417624433778,0.4524400409961534,18.26793103448276,45.7861468659199,2096.371244827587,0.2871768095159254,23.184323081295744,apoio_producao,Apoio e produção
der_es,ITENS DE SERVIÇOS AUXILIARES / SERVIÇOS AUXILIARES 01,m3,13,5,3,linear_simples,2026-03,2026-05,11.387735537868783,1.176570271272872,40.27963920816809,0.5772114753991024,8.37475668439869,11.188092095471506,0.4798052134058987,40.244081448057216,-1.784427949767107,69.23076923076923,69.23076923076923,-2.9136829087714466,-2.0018408456331183,71.08053474210092,132.07805762208304,17444.613305222287,0.0972488332927105,68.34384615384616,136.52044820071123,18637.83277692308,0.035500243549349664,6.402136374880493,apoio_producao,Apoio e produção
der_es,ITENS DE SERVIÇOS AUXILIARES / SERVIÇOS AUXILIARES 01,und,23,15,2,linear_simples,2026-03,2026-04,229.10121319192794,201.12020865538446,451.24456429930046,52.232104514646124,423.0057785233676,37.35750004984074,0.0,81.5434603682103,-513.2669822291939,0.0,69.56521739130434,214.89527506556806,21.11883400351905,97.4007427431101,188.58728789188862,35565.16515441808,0.8302192505870979,52.36913043478262,156.85623152927405,24603.877369565227,0.882546173478151,-44.55105843769106,apoio_producao,Apoio e produção
der_es,ITENS DE SERVIÇOS AUXILIARES / SERVIÇOS AUXILIARES 02,chi,12,5,3,linear_multipla,2026-03,2026-05,3723.9437833485954,9.105538480121266,7036.589086916483,0.3902588700643586,25.669193974975357,3704.027337534306,0.0,6993.993243243246,-0.5376970524074887,50.0,75.0,3723.9437833485954,3702.760131753163,16.067783241179573,47.45239810703535,2251.7300861085723,0.3145962300728591,15.846666666666666,47.30852636329594,2238.096666666667,0.3187461044917016,-0.6091523947538242,apoio_producao,Apoio e produção
der_es,ITENS DE SERVIÇOS AUXILIARES / SERVIÇOS AUXILIARES 02,chp,36,12,3,linear_simples,2026-03,2026-05,11.95683477160178,1.8590806022006516,36.045312421023105,0.10052415993863002,6.4797984989624835,11.939906350505623,1.866347555051814,36.08200378898749,-0.14178018318745217,72.22222222222221,72.22222222222221,-3.777002462314297,-3.69529587713644,22.318242223991536,62.394949158942374,3893.1296805470038,0.749572024232192,22.31027777777778,62.40050665303572,3893.8232305555553,0.7495274111987236,0.01781154324390145,apoio_producao,Apoio e produção
der_es,ITENS DE SERVIÇOS AUXILIARES / SERVIÇOS AUXILIARES 02,h,151,52,3,linear_multipla,2026-03,2026-05,2479.5702335717274,5.1972090041298875,695.0630479105009,1.0423250684631262,86.22983125570545,2464.5296415655534,0.4981884057970989,691.1764705882352,-0.6102824552201223,49.668874172185426,59.60264900662252,2458.5567450718054,2442.4827827304416,10.929735247962757,30.109250801405715,906.5669838219507,0.4631835253835871,10.856092715231787,29.613383843272736,876.9525026490066,0.48071950635857497,-3.3769766416639073,apoio_producao,Apoio e produção
der_es,MOVIMENTO DE TERRA / ESCAVAÇÕES,m3,12,4,3,linear_simples,2026-03,2026-05,2.5736338896175206,1.602216713606416,5.776569951391541,0.7732251784558745,4.808752515549041,2.5042953747215577,1.593612175624974,6.4544595020485325,-2.768783410929405,83.33333333333334,66.66666666666666,-1.324895009950948,-1.9048961889005342,1.4000994739307482,2.3652291674814956,5.594309014705208,0.9960039590527857,1.3058333333333332,2.6084589959079927,6.804058333333333,0.995139829488188,17.77981991573351,terra_contencao,Terra e contenções
der_es,MOVIMENTO DE TERRA / REATERRO E COMPACTAÇÃO,m3,27,9,3,linear_simples,2026-03,2026-05,1.6106408878831173,0.6703795218904898,4.543015028290719,0.6334466249773893,1.9452102846518384,1.4873772987549803,0.935035368729158,4.409126524894587,-8.287311446215814,92.5925925925926,88.88888888888889,-0.21299753333553045,-0.8822477373483453,2.021243438866866,2.8891248498322506,8.347042397918225,0.9988877555715339,1.9218518518518497,2.9397297683819685,8.642011111111103,0.99884845095414,3.4131952551372486,terra_contencao,Terra e contenções
der_es,OUTRAS INSTALAÇÕES / DEPÓSITO DE GÁS,m2,30,11,3,linear_simples,2026-03,2026-05,2.996665498189862,1.7558085974555306,7.294459962877848,1.202788530742261,2.575774991315715,1.9687265902914268,0.07783194895569526,5.180662353227361,-52.21339077592645,80.0,86.66666666666667,1.2157244753071725,-0.8524368182980927,5.519124465270883,12.155245538247808,147.74999409509323,0.9992889834705357,3.633999999999998,10.556500051311195,111.43969333333328,0.9994637193423681,-32.58291518548086,gas_incendio,Gás e combate a incêndio
der_es,OUTRAS INSTALAÇÕES / INSTALAÇÃO DE INCÊNDIO,m,12,4,3,linear_simples,2026-03,2026-05,2.0765594938631966,2.0017956178277303,3.4393630151098304,1.1818500655910782,2.9183111205745025,0.6470439807341662,0.029509573786908733,1.9605802069953409,-220.930192644252,100.0,100.0,-2.0749393960507927,-0.6470439807341662,3.9413515718213588,4.979094626722074,24.79138330185263,0.9868448398311876,1.0849999999999937,1.8782216766576432,3.5277166666666484,0.9981280722735338,-602.7600469194737,gas_incendio,Gás e combate a incêndio
der_es,OUTRAS INSTALAÇÕES / INSTALAÇÃO DE INCÊNDIO,und,137,47,3,linear_simples,2026-03,2026-05,3.0040488306616155,0.8023290885695357,8.874524818765014,0.26757119664957435,3.3973241405569348,2.740651893783268,0.61953120010219,9.059666292112986,-9.610740330642557,83.21167883211679,84.67153284671532,-0.6803947119551808,-0.39350079364855023,18.14155335085592,57.86207514243566,3348.01973978887,0.993692245373643,17.84905109489051,57.68292785931863,3327.3201664233575,0.9937312438980865,-0.6221094553627894,gas_incendio,Gás e combate a incêndio
der_es,OUTRAS INSTALAÇÕES / INSTALAÇÃO DE PÁRA-RAIO,m,27,9,3,linear_simples,2026-03,2026-05,3.2560128949086593,0.9334801748211737,9.389662479836673,0.7159957335127145,3.4658349044641086,3.3463088567211403,1.4965180026670484,9.971918026183124,2.6983750059747007,77.77777777777779,81.48148148148148,-2.2081323899763676,-2.9157732910958725,2.208380633698733,3.876255566895684,15.02535721988978,0.9679344901463892,2.307777777777778,4.100983170285263,16.818062962962966,0.964108689346589,10.659406776042598,eletricas,Instalações elétricas e comunicação
der_es,OUTRAS INSTALAÇÕES / INSTALAÇÃO DE PÁRA-RAIO,und,63,21,3,linear_simples,2026-03,2026-05,3.4711990952547014,2.6659245734825987,6.405074571586546,0.7939475668437943,4.657260125913004,2.6123450857848507,2.2169437846397555,4.78810913597029,-32.876744123252664,77.77777777777779,90.47619047619048,-1.8217123754518707,-0.8873131360186758,7.238231214162998,19.577128772536277,383.2639709764677,0.997447992563936,7.198095238095241,20.197327420246346,407.93203492063486,0.9972837374098228,6.047101436631828,eletricas,Instalações elétricas e comunicação
der_es,OUTRAS INSTALAÇÕES / INSTALAÇÃO DE TELEFONE,m,12,4,3,linear_simples,2026-03,2026-05,1.9444558716491749,0.7083531218570795,7.419493001679349,0.30133387188969235,1.6057091010855364,2.0348434880485895,0.945501210954727,7.677986743979615,4.441993545464086,83.33333333333334,83.33333333333334,-1.7587324377280182,-2.0348434880485895,0.8516935181334307,1.4369709654244356,2.0648855554728347,0.9982555116141659,0.9125000000000009,1.5380263326744452,2.3655250000000034,0.9980015207729248,12.709205970225144,eletricas,Instalações elétricas e comunicação
der_es,OUTRAS INSTALAÇÕES / INSTALAÇÃO DE TELEFONE,und,27,9,3,linear_simples,2026-03,2026-05,3.7518006278337253,1.5693836424338539,10.941046986007953,0.8378471489941546,3.007494568590235,2.8721360932295052,1.359149799305798,7.558963412926068,-30.62753665043435,81.48148148148148,88.88888888888889,1.8349580643267591,1.0324027354424197,58.194359493520125,154.1073236625954,23749.06720644794,0.972651430556663,47.56259259259259,135.70904927658864,18416.946055555563,0.9787917090066678,-28.95225481362539,eletricas,Instalações elétricas e comunicação
der_es,OUTRAS INSTALAÇÕES / INSTALAÇÃO DO SISTEMA DE CLIMATIZAÇÃO,kg,9,3,3,linear_simples,2026-03,2026-05,3.179957002692952,2.333872229642624,6.102640859313913,1.7318085711030833,4.802956716683167,2.390164874808419,0.8982035928143678,6.869757854266642,-33.0434162182154,77.77777777777779,77.77777777777779,-2.7951106535589334,-2.390164874808419,3.5367607597431947,4.610353292335824,21.25535748015177,0.7960482247687858,2.6077777777777778,4.172152388822294,17.406855555555573,0.8329757993925053,-22.109116217534805,climatizacao,Climatização e ventilação
der_es,OUTRAS INSTALAÇÕES / INSTALAÇÃO DO SISTEMA DE CLIMATIZAÇÃO,m,30,10,3,linear_simples,2026-03,2026-05,4.976366595541049,2.000852980896478,14.02384900266254,1.1905826913683835,10.335023655783871,4.1453748568056135,0.5860972610804647,13.837486173946306,-20.046238698320998,70.0,70.0,-4.633017281950882,-4.1453748568056135,4.139735685542263,6.614998963994756,43.7582112936517,0.9712149308725542,3.206000000000001,5.881249300389615,34.58909333333334,0.9772465689702421,-26.508697039139,climatizacao,Climatização e ventilação
der_es,OUTRAS INSTALAÇÕES / INSTALAÇÃO DO SISTEMA DE CLIMATIZAÇÃO,m2,9,3,3,linear_simples,2026-03,2026-05,1.9889904381964374,0.6328233916439819,5.367881533243172,0.47281551659065557,4.281843297032403,1.6633634025090829,0.0,5.101191522241364,-19.57642179671417,77.77777777777779,77.77777777777779,-1.7788502086005904,-1.6633634025090829,5.198450276397602,8.079220261744206,65.27380003777813,0.9569343276687002,4.321111111111116,7.613907596555727,57.97158888888901,0.9617521049767475,-12.59618942459016,climatizacao,Climatização e ventilação
der_es,OUTRAS INSTALAÇÕES / INSTALAÇÃO DO SISTEMA DE CLIMATIZAÇÃO,und,9,3,3,linear_simples,2026-03,2026-05,2.5397386983368397,2.2375086051930944,5.148899886316743,0.5176861600099154,4.9755534806779265,2.450879500709477,1.9195275009228483,5.551385591770621,-3.6256045065308142,77.77777777777779,66.66666666666666,0.9177215193063637,1.2276708013479276,0.7528901996949158,1.0413300615900793,1.0843682971711983,0.9924252303705027,0.7177777777777775,1.0962258485873744,1.2017111111111092,0.9916055413537816,9.764644169047834,climatizacao,Climatização e ventilação
der_es,OUTRAS INSTALAÇÕES / INSTALAÇÕES DE REDE LOGICA,m,9,3,3,linear_simples,2026-03,2026-05,3.664828916878818,0.7820137441853741,11.560342080935657,0.5732030680410842,3.4972860433347104,3.594846787612927,1.5037593984962419,11.789187493464393,-1.946734684410884,77.77777777777779,77.77777777777779,0.7330097990112514,0.1651772687739475,0.18273891667243142,0.2955859362764123,0.08737104572440325,0.9067058098000107,0.18000000000000002,0.29522119767312704,0.08715555555555554,0.9069359086918349,-0.24724777149788515,eletricas,Instalações elétricas e comunicação
der_es,OUTRAS INSTALAÇÕES / INSTALAÇÕES DE REDE LOGICA,und,132,44,3,linear_simples,2026-03,2026-05,8.182982469975261,5.119564259469102,18.934414519322658,0.7103122538767306,13.295293755050688,3.4506284111537195,0.20141706188217667,13.191189593482912,-137.14470220916303,48.484848484848484,76.51515151515152,-6.712826516685296,-1.3447127433832329,26.922673255659674,85.55633994092791,7319.887304087618,0.9942861677951771,23.778333333333332,85.6835515667442,7341.671009090913,0.9942691636487992,0.29671317301362304,eletricas,Instalações elétricas e comunicação
der_es,"PAREDES E PAINÉIS / ALVENARIA DE VEDAÇÃO EMPREGANDO ARGAMASSA DE CIMENTO, CAL E AREIA",m2,21,7,3,linear_multipla,2026-03,2026-05,0.8994186427892439,0.494217979758757,1.8866246964259241,0.38753335600325317,1.5087132458666845,0.8701632164969529,0.042188159189988944,2.6160231417431747,-3.362061937077225,100.0,100.0,-0.334423739890799,-0.8701632164969529,0.8256736553239064,1.0908411931091035,1.1899345085836923,0.9983511755351374,0.8095238095238105,1.438421754165705,2.069057142857144,0.997133025379353,42.48904566548019,alvenaria_vedacoes,Alvenaria e vedações
der_es,PAREDES E PAINÉIS / ALVENARIA ESTRUTURAL,m2,9,3,3,linear_simples,2026-03,2026-05,0.993621090388066,0.658787546663529,1.7094342966770253,0.6517886044060842,1.4610349049139641,0.7733326764665265,0.010188487009684274,2.346910124488844,-28.485594961287617,100.0,100.0,-0.11961783355242714,-0.7671674231001071,1.435700813306828,1.6216576275630274,2.6297734610333467,0.9982475983753086,1.1233333333333302,1.969768739951185,3.8799888888888785,0.9974144925662146,32.2221393838465,estruturas,Estruturas
der_es,PAREDES E PAINÉIS / PLACAS E PAINÉIS DIVISÓRIOS,m2,12,4,3,linear_simples,2026-03,2026-05,4.123341990939355,1.0921706801292037,14.32087028244194,0.9752502790266752,3.250445762801836,3.591973651895566,0.07746653445711452,14.111885951018905,-14.79321371868567,75.0,75.0,-3.2652152806554073,-3.591973651895566,18.736911039514005,38.24895520993821,1462.9825746518593,0.9529854778254724,17.227500000000006,37.51905504762434,1407.6794916666659,0.9547627020155458,-3.9286700781380026,alvenaria_vedacoes,Alvenaria e vedações
der_es,PINTURA / SOBRE CONCRETO OU BLOCOS CERÂMICOS APARENTES,m2,18,6,3,linear_simples,2026-03,2026-05,2.5290049351698682,1.6189375196729618,5.227860638283099,0.7482529068367911,4.196074613298077,2.333743622381069,2.28711369682505,5.5229203263558055,-8.36687076147543,83.33333333333334,77.77777777777779,-0.05870529108663236,-0.8146261903141069,0.645966947750533,0.8883317660823769,0.7891333266310347,0.9887876481142625,0.5950000000000003,0.8916433018745662,0.7950277777777788,0.9887038971710439,0.7414144903489912,pintura,Pintura
der_es,PINTURA / SOBRE MADEIRA,m2,15,5,3,linear_simples,2026-03,2026-05,1.652129459879741,1.5070345892354786,3.493706702223316,0.3888900790677088,2.828096407102093,1.7189202303764641,1.9310867095797106,3.8296066318118682,3.885623620945763,100.0,100.0,-1.3986604025719456,-1.6884091701171218,0.5780614211679852,0.7459888404594349,0.5564993500900122,0.993695192102075,0.5986666666666662,0.8099465002908112,0.656013333333333,0.9925677576362397,15.16950619550226,pintura,Pintura
der_es,PINTURA / SOBRE PAREDES E FORROS,m2,39,13,3,linear_simples,2026-03,2026-05,3.317008230137246,3.490387609492297,6.4008839951085506,1.0059541785198225,4.910357737137234,2.9437317706216217,4.099636741048257,5.472905322620743,-12.680382881379181,74.35897435897436,74.35897435897436,0.8181487188751475,-0.21942644605434525,0.6938490662288357,0.924345364190573,0.8544143523006031,0.9923190192300537,0.6271794871794872,0.9003702941938204,0.8106666666666666,0.9927123004655328,-5.3965072739230875,pintura,Pintura
der_es,PINTURA / SOBRE PISOS,m2,9,3,3,linear_simples,2026-03,2026-05,2.508255052291707,0.7535342504700083,5.761690113923118,0.6681635296476008,4.449376119692357,2.2727733822743197,0.1440230436869954,6.072667936456398,-10.360983275056904,77.77777777777779,66.66666666666666,-0.11704554417021981,-0.7715599980545886,1.2185727982681678,2.0879421129302043,4.3595022669474455,0.9941268497404895,1.1133333333333337,1.96757606093273,3.871355555555558,0.9947844842155137,-12.609193456575605,pintura,Pintura
der_es,PISOS INTERNOS E EXTERNOS / ACABAMENTOS,m2,48,16,3,linear_simples,2026-03,2026-05,1.6361727356751519,0.5983641465327696,3.879461242375901,0.3023226040534407,2.575910516626129,1.5552368628900342,0.022555745086942712,4.983674170819727,-5.204086574614611,97.91666666666666,93.75,-0.3578944539015003,-1.0044812754736006,1.6286543064228252,3.179759379502879,10.110869711536536,0.9991570998164468,1.513749999999999,3.196846753703819,10.219829166666647,0.9991480163303226,1.066157304130854,pisos,Pisos e acabamentos de borda
der_es,"PISOS INTERNOS E EXTERNOS / DEGRAUS, RODAPÉS, SOLEIRAS E PEITORIS",m,36,12,3,linear_simples,2026-03,2026-05,3.618409661434908,3.3094259664903847,6.641807711398775,0.7113503996985866,5.339342252731235,2.608120399419879,0.3578528827037768,6.361594713983447,-38.73629692247898,63.888888888888886,75.0,-1.3594194843782876,-2.3157826899723815,2.1969679284667896,4.093414582757085,16.756042946328364,0.9886581988148839,1.5091666666666674,3.0936642244001433,9.570758333333341,0.9935217617575249,-75.07539489289877,pisos,Pisos e acabamentos de borda
der_es,PISOS INTERNOS E EXTERNOS / LASTRO DE CONTRAPISO,m2,21,7,3,linear_multipla,2026-03,2026-05,1.4748746609591936,0.8220498367901979,3.1958320954738015,0.6238879555412635,2.7347156896027873,1.2751742630735532,0.10553294135384803,3.8106429410777287,-15.660635857275105,100.0,100.0,-0.5257767559577304,-1.2284170206345169,0.9413295524121466,1.229342360691648,1.5112826397909143,0.9966132706766911,0.8157142857142855,1.4158137488485445,2.0045285714285694,0.9955079245182048,24.606580253736823,pisos,Pisos e acabamentos de borda
der_es,REVESTIMENTO DE PAREDES / ACABAMENTOS,m,15,5,3,linear_multipla,2026-03,2026-05,2.7977497142012155,2.3114382007670113,5.390719695284615,0.15270871542795922,4.089873857521557,2.6710766000994477,2.361809045226125,5.216164626180822,-4.7423991545975,86.66666666666667,86.66666666666667,-0.2018695551223325,-0.2287832520956987,1.4927537001569315,2.6981715655453553,7.280129797117473,0.9850770467690205,1.3986666666666656,2.6040711715824236,6.781186666666657,0.9860997902101586,-7.357755433918401,revestimentos_forros,Revestimentos e forros
der_es,REVESTIMENTO DE PAREDES / ACABAMENTOS,m2,15,5,3,linear_simples,2026-03,2026-05,1.8350972357644995,0.7732092217501758,4.542238242801732,0.6097561828382383,1.5618894343700236,1.1135140967025878,0.7197857381988613,3.287342200158684,-64.80233534525622,86.66666666666667,93.33333333333333,0.7396216339728346,-1.1135140967025878,1.1728337632018069,1.5521251503124038,2.4090924822323023,0.9995401288884862,0.7393333333333335,1.0470434565957605,1.0962999999999983,0.9997907275443882,-119.74755835376322,revestimentos_forros,Revestimentos e forros
der_es,"REVESTIMENTO DE PAREDES / REVESTIMENTO EMPREGANDO ARGAMASSA DE CIMENTO, CAL E AREIA",m2,15,5,3,linear_simples,2026-03,2026-05,2.0765594266564253,0.8130817508601851,5.004080607865437,0.656647661309474,3.8485853464015234,1.833300037680803,0.07574609907591481,5.624563091056707,-13.268934924768507,86.66666666666667,73.33333333333333,-1.0025609758661678,-1.833300037680803,0.9299571242675431,1.4995476896208355,2.2486432734471857,0.9961736871799218,0.8493333333333336,1.66837246041364,2.783466666666663,0.9952636265980065,19.214291287344725,revestimentos_forros,Revestimentos e forros
der_es,SERVIÇOS COMPLEMENTARES EXTERNOS / DIVERSOS EXTERNOS,und,23,8,3,linear_multipla,2026-03,2026-05,5.438422994908191,2.1733869683524887,10.42927342442266,0.5403100354620317,3.661069048271699,4.304406014138902,0.2906825849987035,9.973351677292223,-26.345492898307583,82.6086956521739,82.6086956521739,-5.3089707812212215,-3.991060443172249,131.9613044583526,564.7290904868229,318918.9456420742,0.8042365621881737,128.87217391304347,566.0524489756266,320415.3749913043,0.8033180022912131,0.46702794747932735,outros_complementares,Outros serviços complementares
der_es,SERVIÇOS COMPLEMENTARES EXTERNOS / MUROS E FECHAMENTOS,m,25,9,3,linear_simples,2026-03,2026-05,1.2077860320920846,1.0125502006095115,2.6314717274517223,0.5038336079380156,1.4158050210319917,0.9997368875270674,0.8347978910369115,2.8250948728860967,-20.810389929658804,100.0,100.0,0.20123472320481914,-0.9608752404898097,5.780684577722158,12.347358002976907,152.45724965367788,0.999497153150641,5.235599999999997,11.78439289908477,138.87191599999954,0.9995419613984663,-9.78263571568954,urbanizacao_infraestrutura,Urbanização e infraestrutura externa
der_es,SERVIÇOS COMPLEMENTARES EXTERNOS / PAISAGISMO,m3,12,4,3,linear_simples,2026-03,2026-05,1.2535827507539248,0.8882310469820309,2.1685036093733205,0.6206532862701762,1.3885098851368474,1.2765078435400856,1.390934796765836,2.5184529736296812,1.7959225947710311,100.0,100.0,0.3325046379349314,-0.43150359776431707,2.7607619338264677,3.3077809301287595,10.941414681723481,0.9949576112475871,2.9066666666666663,3.669241520169167,13.463333333333338,0.9937953763252035,18.731755273160605,urbanizacao_infraestrutura,Urbanização e infraestrutura externa
der_es,SERVIÇOS COMPLEMENTARES EXTERNOS / PAVIMENTAÇÃO,m,9,3,3,linear_multipla,2026-03,2026-05,1.5303246890249156,1.2148597253392308,2.713387566018213,0.7265607803615323,1.9498912582236239,1.0825470684710579,0.209174311926603,3.4415921498985504,-41.36333962700386,100.0,100.0,-0.5398148746963077,-1.036063888042924,2.0069600028834835,2.7395411271134433,7.505085587145995,0.9990868241212713,1.2688888888888892,2.1210846282032243,4.49900000000001,0.9994525874181319,-66.8167501032669,urbanizacao_infraestrutura,Urbanização e infraestrutura externa
der_es,SERVIÇOS COMPLEMENTARES EXTERNOS / PAVIMENTAÇÃO,m2,18,6,3,linear_simples,2026-03,2026-05,1.20492908484149,0.656929688394527,2.593267683878768,0.3959809302978692,1.278095036506711,0.9332982351584318,0.5787115388287278,1.8745193921400864,-29.104399799593274,94.44444444444444,94.44444444444444,0.6005220297385346,-0.10991770946148738,1.5614253299953842,2.818791319332992,7.945584501947029,0.9909956559685121,1.2994444444444468,2.8031658689576124,7.857738888888887,0.9910952071244326,-1.1179502691589622,urbanizacao_infraestrutura,Urbanização e infraestrutura externa
der_es,SERVIÇOS COMPLEMENTARES EXTERNOS / QUADRA DE ESPORTES (Ver nota 9 da planilha),m,9,3,3,linear_simples,2026-03,2026-05,2.591080328291466,1.5238053093463317,5.363915928213134,0.8377141044043824,5.066806173819453,2.447269948382497,1.80831826401446,5.583176015524956,-5.876359492095232,66.66666666666666,66.66666666666666,-1.0519430369506995,-1.2295561338521854,0.23498492520305683,0.3223943402290814,0.10393811061174471,0.9799155805154078,0.2244444444444443,0.3190611226708762,0.10179999999999993,0.9803287370580658,-2.1003051195921216,urbanizacao_infraestrutura,Urbanização e infraestrutura externa
der_es,SERVIÇOS COMPLEMENTARES EXTERNOS / QUADRA DE ESPORTES (Ver nota 9 da planilha),m2,30,10,3,linear_simples,2026-03,2026-05,4.240083325051013,2.1871599638335537,11.150089600491254,1.8253408126763513,6.044190011189391,1.1605660312926607,0.12711167942588247,4.152602068204374,-265.3461509922298,70.0,93.33333333333333,0.9698592102792706,-0.8047022423275116,3.503885227722648,4.642176805205565,21.549805490788547,0.9956139497969767,1.1563333333333305,2.63413426638304,6.938663333333316,0.9985877679622266,-210.5757471653561,urbanizacao_infraestrutura,Urbanização e infraestrutura externa
der_es,SERVIÇOS COMPLEMENTARES EXTERNOS / QUADRA DE ESPORTES (Ver nota 9 da planilha),und,18,6,3,linear_simples,2026-03,2026-05,3.120240867793227,1.5378716281500115,6.697163422293704,0.7898827924318411,5.2562015314149955,1.3783431419040435,0.0,3.9575659790375735,-126.37620291583745,72.22222222222221,88.88888888888889,1.883859246932145,-0.6283345353524693,24.388210721451408,32.89703053517644,1082.2146180323314,0.9992567645503928,15.929444444444442,33.91805263343467,1150.4342944444443,0.9992099131393831,5.929906361584678,urbanizacao_infraestrutura,Urbanização e infraestrutura externa
der_es,"SERVIÇOS COMPLEMENTARES EXTERNOS / TRATAMENTO, CONSERVAÇÃO E LIMPEZA",m2,9,3,3,linear_multipla,2026-03,2026-05,2.378285893394015,0.8399243706648831,6.15368011443978,0.32144540426596047,6.01993443006061,2.2163554847519857,0.10131712259373418,6.516942321952486,-7.3061568758294095,66.66666666666666,66.66666666666666,-1.7090193157778097,-2.15268830524556,0.13554684086934024,0.2514968887693357,0.06325068506065559,0.995004272403997,0.13000000000000023,0.26023493659042474,0.06772222222222239,0.9946510970735928,6.602762010516996,urbanizacao_infraestrutura,Urbanização e infraestrutura externa
der_es,SERVIÇOS COMPLEMENTARES INTERNOS / DIVERSOS INTERNOS,m,12,4,3,linear_simples,2026-03,2026-05,2.3088563390703984,2.3325099217619663,3.682556457595436,1.5728176037272656,2.821401176113928,0.5986853752509936,0.25920370885633304,1.0721530445401433,-285.6543744871721,100.0,100.0,-1.2663839957120773,-0.3282160115815358,5.754474515810635,6.878639834756037,47.31568597629256,0.9908631312545788,1.4316666666666695,2.5650471080794364,6.579466666666679,0.9987294758153072,-619.1416625910783,outros_complementares,Outros serviços complementares
der_es,SERVIÇOS GERAIS / ENCARGOS COMPLEMENTARES - EQUIPAMENTOS DE PROTEÇÃO INDIVIDUAL,und,27,9,3,linear_simples,2026-03,2026-05,3.8718246184230414,0.5717027856449143,10.672601234580108,0.3917136150967475,3.3464320820624085,3.2171256521584555,0.0,10.362068965517246,-20.350431939931564,77.77777777777779,77.77777777777779,-0.9138279448520442,-0.08961816314553799,0.9605236465904831,2.0391180320077247,4.158002348459056,0.9983297724307366,0.8696296296296295,2.025992212335586,4.104644444444442,0.9983512057621431,-1.2999397325834954,apoio_producao,Apoio e produção
der_es,SERVIÇOS GERAIS / ENCARGOS COMPLEMENTARES - FERRAMENTAS MANUAIS,und,42,14,3,linear_simples,2026-03,2026-05,3.9261941189696095,2.3319997304698754,12.436448587490537,1.138288990978605,5.026697234438358,2.8245391455520568,0.0,12.149913040609146,-39.002998954798834,73.80952380952381,78.57142857142857,1.0680399146883146,-0.5230604208141749,4.938928964867247,12.66804727544733,160.47942177296852,0.9960664935319518,4.079761904761908,12.362345766768662,152.82759285714306,0.9962540472893138,-5.0068372947404045,apoio_producao,Apoio e produção
der_es,SERVIÇOS PRELIMINARES / DEMOLIÇÕES E RETIRADAS,m,18,6,3,linear_multipla,2026-03,2026-05,10.646370563330038,6.518987712656922,26.211354952824063,1.9951598987740868,19.328852733191436,2.174314476371452,0.0,6.6136363636363615,-389.6426289308875,27.77777777777778,66.66666666666666,9.843029103895159,-2.174314476371452,0.2405266114639319,0.28824288655540753,0.08308396164979354,0.9927097865468149,0.10055555555555551,0.21938044073658375,0.048127777777777735,0.9957770216289592,-72.6320339023762,preliminares,Serviços preliminares
der_es,SERVIÇOS PRELIMINARES / DEMOLIÇÕES E RETIRADAS,m2,119,40,3,linear_multipla,2026-03,2026-05,4.159432634548657,3.1270800576663196,7.779048714017831,1.8847823006053421,4.822694990947923,2.1800362555732127,0.0,6.591332439171458,-90.79648899944497,78.99159663865547,68.90756302521008,0.7439148847737013,-2.1325559244396968,0.6637417087226491,1.1223042723866776,1.25956687981739,0.995573218959084,0.4216806722689075,0.9893058427100122,0.9787260504201674,0.9965602414657976,-28.69452890077439,preliminares,Serviços preliminares
der_es,SERVIÇOS PRELIMINARES / DEMOLIÇÕES E RETIRADAS,m3,12,4,3,linear_multipla,2026-03,2026-05,2.6652952238061407,2.040924351010212,4.85734142726734,1.6865737556406908,3.1334441669676325,1.737292691345399,0.0,6.580489815298556,-53.41659106054694,91.66666666666666,75.0,0.3489133536952003,-1.7233660845631418,4.478236770326672,5.996256860029839,35.955096331454904,0.9952746911422787,3.2949999999999995,7.124157260102181,50.75361666666661,0.9933298325170505,29.157568085056116,preliminares,Serviços preliminares
der_es,SERVIÇOS PRELIMINARES / DEMOLIÇÕES E RETIRADAS,und,30,10,3,linear_simples,2026-03,2026-05,8.864064607974314,4.340562364882433,14.016818945500408,2.7380372795248293,9.250607062057846,2.214032763006395,0.0,6.6008315098468335,-300.3583305577629,53.333333333333336,66.66666666666666,-8.864064607974314,-2.214032763006395,0.9549389159635439,1.4609573703393803,2.1343964379489573,0.9938211904875057,0.45233333333333337,1.0757400553417473,1.1572166666666657,0.996650003148015,-84.44224832131343,preliminares,Serviços preliminares
der_es,SERVIÇOS PRELIMINARES / SERVIÇOS ADMINISTRATIVOS E TÉCNICOS - MENSALISTAS,mês,45,15,3,linear_multipla,2026-03,2026-05,0.8063266027400349,0.716824800659351,1.7703666909544715,0.3288821550070444,0.9468293053638482,0.12157658005883663,0.0,0.0,-563.2252711417079,97.77777777777777,97.77777777777777,-0.21650486778489458,-0.11926785085528091,98.93696265936329,149.1303533617835,22239.86229381041,0.9997939395935774,11.976444444444414,77.79128980090812,6051.484768888871,0.9999439307944238,-267.5108364834227,apoio_producao,Apoio e produção
der_es,VIDROS E ESPELHOS / ESPELHOS,m2,9,3,3,linear_simples,2026-03,2026-05,1.8334004253985503,1.4511475541181864,4.634289387856304,0.6642743886172002,1.823971692001291,1.8154734939766146,1.0545013321991856,5.850185993157689,-0.9874521154626457,100.0,77.77777777777779,-1.1704403227323683,-1.8154734939766146,14.353255771244891,18.915441885307246,357.7939417164357,0.8492260932035915,14.265555555555567,22.90142669015284,524.4753444444448,0.7789867645021434,31.78059836245836,esquadrias_vidros,Esquadrias e vidros
der_es,VIDROS E ESPELHOS / VIDROS PARA ESQUADRIAS,m2,9,3,3,linear_simples,2026-03,2026-05,5.087714700329294,4.204400535250512,7.6313147165320006,3.169461500983466,5.419751288448688,2.9085603651605667,0.0,10.361802379113572,-74.92209414909041,55.55555555555556,77.77777777777779,1.9770597007805621,-0.289358639162723,22.4223470612496,28.021651059018915,785.2129280734158,0.9931497570339062,12.447777777777763,21.867242116411855,478.1762777777765,0.9958283625163468,-64.20992938472973,esquadrias_vidros,Esquadrias e vidros
sinapi_es,Acessibilidade,M2,9,3,3,linear_multipla,2026-03,2026-05,0.9746552604715549,0.6251788414399787,2.0068156516166096,0.4372215419184788,1.515832020685465,1.000191775681326,0.7333528894103843,1.8160502870239776,2.553161886616755,100.0,100.0,-0.5498756682517012,-1.000191775681326,1.8375466602288288,2.2633119050867467,5.122580779707398,0.9970324003781934,1.785555555555558,2.034652577496,4.139811111111116,0.9976017358405842,-23.739480913961543,urbanizacao_infraestrutura,Urbanização e infraestrutura externa
sinapi_es,Alvenaria Estrutural - Blocos Cerâmicos,M2,24,8,3,linear_simples,2026-03,2026-05,1.1301903606959043,1.604518461322265,1.6921593200301643,0.1750725835586565,1.6776701027531469,0.6741401501516106,0.16785267558160905,1.7652294745288004,-67.64916915892496,100.0,100.0,1.093688293703121,-0.6741401501516106,1.0695337550467787,1.2872007505497687,1.6568857722158878,0.9869264800118019,0.6462500000000002,1.0029975905587558,1.0060041666666695,0.9920622074245119,-64.69969281597243,estruturas,Estruturas
sinapi_es,Alvenaria Estrutural - Blocos de Concreto,M2,24,8,3,linear_multipla,2026-03,2026-05,4.530071215138681,4.5975227216482,4.933964714424069,4.354473726766128,4.786480840461041,1.1679913315811816,1.6296551047735668,1.816083354937455,-287.85144141489855,100.0,100.0,-4.530071215138681,-1.1679913315811816,6.1782124084300145,6.278472628582468,39.41921854785924,0.9345853331874525,1.593749999999999,1.9538327717591395,3.8174625000000013,0.9936650687987711,-932.6026397864872,estruturas,Estruturas
sinapi_es,Alvenaria de Vedação,M2,168,56,3,linear_simples,2026-03,2026-05,1.0317191086460133,1.1306647153747809,1.3296657559916831,0.9985026550703129,1.2264727598238603,0.8900411647736429,0.10060926608774434,2.302354614653329,-15.91813384366354,100.0,100.0,0.34319245818108746,-0.8900411647736429,1.125269331507604,1.2504377667058164,1.5635946084042298,0.9986207366481752,1.0070833333333333,1.6214046306183039,2.628952976190478,0.9976809727571068,40.5240556767212,alvenaria_vedacoes,Alvenaria e vedações
sinapi_es,Alvenarias Diversas,M2,30,10,3,linear_simples,2026-03,2026-05,1.2435371940694644,1.1890600888840042,2.6197319205119207,0.42856979174155674,1.4367832568402348,1.2519226442263818,1.1347016339248577,2.355356163159452,0.6698057739900635,100.0,100.0,0.6523017027094559,-0.8319784692027867,2.8737355268093507,3.8689656852399326,14.9688954735641,0.9998239649520606,4.3580000000000005,6.718988515146213,45.14480666666672,0.9994690945487718,66.84248625962864,alvenaria_vedacoes,Alvenaria e vedações
sinapi_es,Argamassas,M3,432,144,3,linear_simples,2026-03,2026-05,1.3855934681272968,0.5997030439303984,1.8865094615136793,0.2858777895811695,1.2952033476893285,1.9862568618598555,1.2419519764935123,2.5611032735192447,30.24097261872366,92.5925925925926,92.5925925925926,-0.4672003379881914,-0.9235141743452282,27.377738413975518,71.94709589078973,5176.384607118492,0.9961555469066674,31.686712962962957,72.6402825986967,5276.610656018519,0.9960811099447777,1.8994399138717797,apoio_producao,Apoio e produção
sinapi_es,Armação de Estacas,KG,33,11,3,linear_multipla,2026-03,2026-05,5.111024224601679,0.9150116562991197,16.646469511957854,0.1319440291856454,11.981503420467227,5.301487610975314,1.1035207566999519,17.532615842474993,3.5926404124633082,66.66666666666666,66.66666666666666,4.960772963552377,5.123191528606666,0.5857754160657807,0.9493671279675279,0.9012979436653124,0.9217436175359245,0.6024242424242423,0.9540376715769029,0.9101878787878784,0.9209717371961079,0.9767142948997573,fundacoes,Fundações
sinapi_es,Armação para Estruturas de Concreto Armado,KG,168,56,3,linear_multipla,2026-03,2026-05,5.443379025450868,0.9482603345526696,17.271340898753355,0.18656972946443917,13.08912693093,5.650189141145963,1.1607632222517887,17.99063606435183,3.6602334988939753,66.66666666666666,66.66666666666666,5.339488445660275,5.5544970993419005,0.5871438002783055,0.9452328703060914,0.8934651791070921,0.9150867800047335,0.6060119047619047,0.9625230362116509,0.926450595238095,0.9119519092094706,3.5604074626910642,estruturas,Estruturas
sinapi_es,Arrasamento de Estacas,UN,33,11,3,linear_multipla,2026-03,2026-05,2.2338226425450554,2.4088894615700593,2.6611191916669648,2.229313825329192,2.5049924677444797,0.13863714174078481,0.0,0.4158577603217185,-1511.2728627381248,100.0,100.0,1.0606341622013464,0.09938331866598024,2.508620075189087,3.2877359774459634,10.809207857392565,0.9984741098780008,0.14757575757575803,0.3231708432693072,0.10443939393939511,0.9999852567328095,-10249.742036673455,fundacoes,Fundações
sinapi_es,Assentamento de Tubos de Esgoto em PVC e PEAD,M,126,42,3,linear_simples,2026-03,2026-05,9.626183678929182,2.8984653751168517,24.4682724749932,1.1263120521212533,16.443190379121727,0.8142622384390387,0.4014151109843971,2.4065771548007437,-1082.1969906627157,59.523809523809526,100.0,9.223599772122503,0.05035415726860597,3.272199222451902,5.50216075194084,30.27377294019819,0.9999164146443054,2.4823809523809506,5.315095453756185,28.250239682539664,0.9999220015841108,-7.162888812264446,urbanizacao_infraestrutura,Urbanização e infraestrutura externa
sinapi_es,Assentamento de Tubos de Esgoto em PVC e PEAD,UN,42,14,3,linear_multipla,2026-03,2026-05,2.816044770048062,2.4078566501495056,3.820384588087728,2.262180562519145,3.739942935582,0.1677874079874355,0.11422715054530519,0.3493747726564056,-1578.3409457394664,100.0,100.0,0.2870378599715304,0.0640200971585424,2.93911275843159,3.5073677457170955,12.30162850369662,0.9967723144433817,0.17476190476190484,0.25114025677184504,0.06307142857142825,0.9999834513992213,-19404.28075331297,urbanizacao_infraestrutura,Urbanização e infraestrutura externa
sinapi_es,Assentamento de Tubos de PVC e Metálicos em Redes de Água,M,282,94,3,linear_simples,2026-03,2026-05,1.1223515058774374,1.00666122712222,2.433953079320975,0.5256514617480204,1.265259971995979,0.47792592017065866,0.13891177205739277,0.7426846640190442,-134.83796515507382,100.0,100.0,-0.12243630999043174,-0.2118237497674796,0.8407508189466678,2.266494408804658,5.136996905142777,0.9993500952592613,0.5153191489361697,2.6353645097577627,6.945146099290774,0.9991213381167248,26.03471789214978,urbanizacao_infraestrutura,Urbanização e infraestrutura externa
sinapi_es,Assentamento de Tubos de PVC e Metálicos em Redes de Água,UN,396,132,3,linear_multipla,2026-03,2026-05,1.0481994500427605,0.9083348792013515,1.6564267755675408,0.4761170018111966,1.4216017612709015,0.5934772847013512,0.49344057537046615,0.7354194362068353,-76.6199780620473,98.98989898989899,98.98989898989899,0.720839966330114,-0.05464295487867509,0.7399786726925848,1.17033373091132,1.36968104170881,0.999578504741859,0.4580808080808085,0.9889163541753959,0.977955555555557,0.9996990513727013,-40.055550983676525,urbanizacao_infraestrutura,Urbanização e infraestrutura externa
sinapi_es,Assentamento de tubos de esgoto ou drenagem pluvial em concreto,M,234,78,3,linear_multipla,2026-03,2026-05,1.718946038898082,1.1955733796801598,2.7837010256553656,0.6438463916769145,1.5882613204499056,1.0112820945484775,0.24978128323414467,1.3482396906389724,-69.97690833887116,97.00854700854701,97.43589743589743,-0.24728249136244282,-0.5520617470972623,4.574494077570133,7.8573992860686435,61.73872354071203,0.9994459565472092,2.0285897435897438,6.037058100831937,36.44607051282051,0.999672932876005,-69.39747597479517,urbanizacao_infraestrutura,Urbanização e infraestrutura externa
sinapi_es,Aterro e Reaterro de Valas,M3,108,36,3,linear_multipla,2026-03,2026-05,1.4466616477771639,0.5792888982953048,3.7366816081520575,0.12236284292444073,2.747166157281456,1.4124709455069235,0.5273649965539009,3.8870804882556604,-2.420630482984526,100.0,100.0,-1.1607312437281863,-1.0904208212055873,0.8610009073996068,1.5009856911673392,2.252958045089095,0.9977461679199703,0.8669444444444451,1.523207811507359,2.3201620370370386,0.9976789378562376,2.8965214875149963,terra_contencao,Terra e contenções
sinapi_es,"Aterros, Bases, Sub bases e Imprimações",M2,15,5,3,linear_multipla,2026-03,2026-05,3.415742736004118,2.655384407342999,6.7070387472984,1.3254495713227912,3.6504526957349546,1.1534899074688807,1.5479876160990658,1.861196319018401,-196.1224640013826,80.0,100.0,2.228194588484487,-1.1534899074688807,0.06038219419020775,0.07051347330720732,0.004972149917846239,0.9970800839081497,0.024666666666666705,0.0329646275068697,0.0010866666666666707,0.9993618503989413,-357.5598083907565,urbanizacao_infraestrutura,Urbanização e infraestrutura externa
sinapi_es,"Aterros, Bases, Sub bases e Imprimações",M3,669,223,3,linear_multipla,2026-03,2026-05,1.4002032101896624,1.1290223865973816,3.018425306303483,0.3565548974268673,2.4124311721533194,1.057620997344898,1.1078055272841199,2.470149661137237,-32.39177490847847,100.0,100.0,-1.3546293249588557,-1.0563241799553198,2.4902255938599547,3.4847247003463693,12.143306237204094,0.9986339129742579,1.8239013452914798,2.7088565092016124,7.337903587443946,0.9991745069513077,-65.48740512184955,urbanizacao_infraestrutura,Urbanização e infraestrutura externa
sinapi_es,Bocas para Bueiros,KG,24,8,3,linear_multipla,2026-03,2026-05,4.749433781046837,0.31264605856187955,14.043557551750771,0.13006453879751115,12.37799222492205,4.8914468466977565,0.44334454851843186,14.280653266331667,2.9032936491335604,66.66666666666666,66.66666666666666,4.701322097959138,4.846932801545141,0.566354469392624,0.9470855382156648,0.8969710166972553,0.8248743327802227,0.5825000000000001,0.9529078304502139,0.9080333333333336,0.8227145131808972,1.2182720864958987,urbanizacao_infraestrutura,Urbanização e infraestrutura externa
sinapi_es,Bocas para Bueiros,UN,198,66,3,linear_simples,2026-03,2026-05,2.218182952152474,2.0772081782926595,5.170838918843562,0.4961815718908768,3.3449713037325814,1.7975770255911054,0.7353636524746308,4.654389431562327,-23.398492558228966,87.87878787878788,93.43434343434343,0.9970632504390518,0.7152040554550657,588.8553608555468,957.0930180082729,916027.0451201842,0.9986749087499185,540.4327777777778,946.8257962732025,896479.088488384,0.9987031861096621,-2.1805256678949796,urbanizacao_infraestrutura,Urbanização e infraestrutura externa
sinapi_es,"Bombas Hidráulicas - Centrífugas, Horizontais e Submersíveis",UN,53,18,3,linear_simples,2026-03,2026-05,2.7373176608854566,1.5295752839493708,5.554211409221722,0.5887427358719806,5.337773521603181,0.35566499345870856,0.011351167278358134,1.3228198870542645,-669.6337034089495,73.58490566037736,100.0,2.6119599021505846,-0.3525883968450632,16.481991696484673,19.538981177432788,381.77178545207283,0.9999398855621952,7.078301886792413,17.12001537426572,293.09492641509456,0.9999538487719725,-30.255337450430655,hidrossanitarias,Instalações hidráulicas e sanitárias
sinapi_es,Caixas Enterradas,UN,114,56,3,linear_multipla,2026-03,2026-05,1.2120225138419833,1.0055952665263557,1.758458295457542,0.8419853691922073,1.2561682075585499,1.091035387459572,0.41901558164109,2.2258355710214692,-11.089202767668665,99.12280701754386,98.24561403508771,0.4610413343017837,-0.8369082584202818,8.158718584246436,13.234885598339059,175.16219680112263,0.9992949656289833,7.8481578947368495,13.663996776007261,186.70480789473683,0.9992485061890991,6.182278444656798,apoio_producao,Apoio e produção
sinapi_es,Caixas de Água para Edificações,UN,111,37,3,linear_simples,2026-03,2026-05,11.429889889683084,5.553116764515643,25.326215952677778,4.449099259490989,18.98599528484045,1.4524466397756157,0.0,4.99678663239075,-686.9404339321446,37.83783783783784,90.09009009009009,8.09615136881898,-1.4524466397756157,46.53740442815066,122.97129249719343,15121.9387784303,0.9978653003304638,38.7963063063063,108.87433185115778,11853.620136036028,0.9983266749483672,-27.572324782521928,hidrossanitarias,Instalações hidráulicas e sanitárias
sinapi_es,"Canaletas, Grelhas e Caixas com Grelha para Drenagem",M,80,37,3,linear_multipla,2026-03,2026-05,10.91878392899394,5.632031522956556,15.492361590339188,2.8002953799937935,7.690053257405333,2.3122323853693088,0.9681203650509083,2.8975938826705026,-372.21827693802487,48.75,92.5,4.128058693194891,-2.311596267496137,23.65882346896987,46.617991472351,2173.2371289161906,0.9894102847928363,4.550374999999998,9.951557352997568,99.03349374999996,0.9995174311717627,-2094.4465923844996,urbanizacao_infraestrutura,Urbanização e infraestrutura externa
sinapi_es,"Canaletas, Grelhas e Caixas com Grelha para Drenagem",UN,15,6,3,linear_simples,2026-03,2026-05,3.4698045436448584,2.994764714963009,7.073770622251946,2.245083219240666,3.88060371460541,1.0499835552894834,0.19927464030927425,3.624637008983128,-230.46275117025272,80.0,100.0,3.4698045436448584,0.46126294136445206,12.986587253739645,14.23335758415817,202.5884681185129,0.9980165015439326,4.452666666666664,6.755696361836678,45.639433333333336,0.9995531544989051,-343.8890961657709,urbanizacao_infraestrutura,Urbanização e infraestrutura externa
sinapi_es,Chapisco,M2,84,28,3,linear_multipla,2026-03,2026-05,1.4716446057613903,0.8499686626517292,3.9495237798137657,0.28961424693250004,1.877457127153797,1.4733779605001658,0.789310904924015,3.2964138509998864,0.11764494822408163,91.66666666666666,94.04761904761905,-0.5409589876911318,-0.7260671913425126,0.12178747685762395,0.17526162977092044,0.030716638869959182,0.9987815235168588,0.1274999999999999,0.17232651731938578,0.02969642857142857,0.9988219935130026,-3.435464625238376,revestimentos_forros,Revestimentos e forros
sinapi_es,Concretagem para Estruturas de Concreto Armado,M3,60,20,3,linear_simples,2026-03,2026-05,0.40679556481116447,0.3029734680318709,0.38514173794681045,0.23190566468869464,0.35784898363573603,0.13891615400990207,0.0023819572785965092,0.5320877401524228,-192.83532049279722,100.0,100.0,0.02775912935813618,-0.13891615400990207,2.6346489931587493,3.0540597398956955,9.327280894851764,0.9999062125381516,1.278166666666665,2.7562423091351493,7.596871666666659,0.9999236121095058,-22.77791838682423,estruturas,Estruturas
sinapi_es,Concreto Projetado,M2,96,32,3,linear_simples,2026-03,2026-05,0.3044958114908242,0.181295065386405,0.7335053922329192,0.06291961531445128,0.5982010608149071,0.6800501258825443,0.8164123217159491,1.1205974160800083,55.224504797251434,100.0,100.0,0.208104181849511,-0.6800501258825443,0.7619767646243497,1.0344264430677441,1.070038066117785,0.9997784272335031,1.6628125000000002,1.9008975401986634,3.613411458333329,0.9992517709428608,70.38704065516703,terra_contencao,Terra e contenções
sinapi_es,Contrapiso,M2,177,59,3,linear_simples,2026-03,2026-05,1.125228085166745,0.8444902247535796,1.531457091552447,0.4621283838547475,1.1415857455879364,0.9759755211675445,0.887628111273791,1.8643931426469627,-15.292654453121127,98.30508474576271,100.0,0.035661195876604566,-0.6343866573732703,0.7156085181130665,0.9205823414683864,0.8474718474234166,0.9996103491111089,0.8014124293785309,0.9768868458549941,0.9543079096045191,0.9995612279907778,11.195135354728125,pisos,Pisos e acabamentos de borda
sinapi_es,Custos Horários Produtivo e Improdutivo dos Equipamentos,CHI,480,160,3,linear_simples,2026-03,2026-05,55.899739418339735,0.9655145847798843,88.39907124616462,0.36232041578197516,7.147996858908906,1.0260245167050122,0.0,4.0000000000000036,-5348.187495349219,69.79166666666666,96.04166666666667,55.59724147457622,-0.02458210363070464,0.8828482446413887,2.481743794421212,6.159052261148196,0.9996052035999439,0.5999166666666671,2.3985855206767166,5.753212499999995,0.9996312180044183,-7.054141684288595,apoio_producao,Apoio e produção
sinapi_es,Custos Horários Produtivo e Improdutivo dos Equipamentos,CHP,480,160,3,linear_simples,2026-03,2026-05,28.545178934308172,2.3603268698448314,15.134461387247217,0.7220130183553346,5.691354321113886,1.9367822035853257,0.899995434750813,4.994826397603739,-1373.8455816800672,71.25,90.0,25.851716384133933,-1.3058599981144166,8.482574132480785,42.12638729105254,1774.6325061957527,0.9970906261420773,7.567229166666667,39.38389825645757,1551.0914418750015,0.9974571045687016,-14.411855954187251,apoio_producao,Apoio e produção
sinapi_es,Demolições e Remoções,M,33,11,3,linear_multipla,2026-03,2026-05,1.8890117326379983,1.6723894530932324,3.9819960789820175,0.9270004345958655,2.4666259462309346,0.2901832488740572,0.0,1.3049819033425551,-550.9720116400828,100.0,100.0,1.1060641101979551,-0.28111602583603457,0.07696873463043369,0.12664026529834269,0.01603775679483462,0.9996882380784643,0.043939393939393785,0.1137114903178345,0.012930303030302969,0.9997486446408724,-24.03233518386335,preliminares,Serviços preliminares
sinapi_es,Demolições e Remoções,M2,69,23,3,linear_simples,2026-03,2026-05,1.276881593851479,1.2866433654203429,1.791149300912539,1.1669285686656872,1.5258739359153513,0.3239865979632422,0.0,1.4737422673425347,-294.1155596801406,100.0,100.0,1.0532580916133236,-0.28510308564873427,0.17722040350066112,0.2226262954371971,0.04956246742009018,0.9996347279495665,0.0669565217391305,0.17259318004226423,0.029788405797101437,0.9997804614533731,-66.38173844440126,preliminares,Serviços preliminares
sinapi_es,Demolições e Remoções,M3,33,11,3,linear_multipla,2026-03,2026-05,1.0849737858773132,0.9839349702203268,1.7848176981368666,0.8054537435904039,1.4421279993968001,0.3372868334250552,0.0,0.8160558339758551,-221.6768869569269,100.0,100.0,0.38158142977766873,-0.2598050422705056,2.5689051708127524,3.5205309462697505,12.394138143642984,0.9996548491624987,0.6645454545454575,1.4202976640639409,2.017245454545487,0.9999438239311187,-514.4090257194582,preliminares,Serviços preliminares
sinapi_es,Demolições e Remoções,UN,42,14,3,linear_simples,2026-03,2026-05,1.3357222969383533,1.0849009615922376,1.6022031604116485,1.0619811062561142,1.1827505955932982,0.03750082135839986,0.0,0.18170432475345097,-3461.848110399222,100.0,100.0,0.26309066737621184,0.017783145476822197,2.0967498725193217,3.2396375613396735,10.495251528842868,0.9997852505425863,0.1438095238095227,0.3922159269246126,0.15383333333333304,0.9999968523265236,-6722.482033917369,preliminares,Serviços preliminares
sinapi_es,"Depreciação, Juros, Impostos e Seguros, Manutenção e Materiais na Operação dos Equipamentos",H,2139,713,3,linear_multipla,2026-03,2026-05,26.061989848373106,1.6980131433845969,32.46476185046397,0.45930075850031576,10.00169024704452,1.6539926169552244,0.0,5.263157894736847,-1475.7017039380555,67.27442730247779,88.77980364656382,24.156201755016436,-0.9346156992216481,1.934980989237296,18.974694449309677,360.0390294446635,0.9964981458394584,2.2610378681626933,19.12137473271743,365.62697166900455,0.9964437957353673,1.5283178368470265,apoio_producao,Apoio e produção
sinapi_es,Dissipadores de Energia,M3,36,12,3,linear_multipla,2026-03,2026-05,0.7927106034898521,0.6628158680081793,1.662876641358615,0.26338158911909426,1.2007254889766235,0.8543937335528732,0.8024364496785426,1.7183389390256167,7.2195204202306895,100.0,100.0,-0.27397313690255753,-0.5475432393568498,8.134263959526804,13.025869456678391,169.673275102427,0.9993496902128697,8.267777777777777,11.97390310448333,143.37435555555552,0.9994504865507842,-18.342833657362817,urbanizacao_infraestrutura,Urbanização e infraestrutura externa
sinapi_es,Dragagem,M3,9,3,3,linear_simples,2026-03,2026-05,0.8249499162516315,0.20955179710479624,2.267186119143677,0.17691490316100347,1.5371092537834932,0.8309365595497573,0.21367521367520914,2.269108083380725,0.7204693582587913,100.0,100.0,-0.702067106233527,-0.7210726422691683,0.0825426708606056,0.12601619719202997,0.015880081954740586,0.9985750361663699,0.08333333333333343,0.12758439472669755,0.016277777777777773,0.9985393498162473,2.44318253060388,urbanizacao_infraestrutura,Urbanização e infraestrutura externa
sinapi_es,Drenagem de ar condicionado,M,9,3,3,linear_simples,2026-03,2026-05,1.6995024474401255,1.2554139545124163,2.5584375265341515,1.2496877386533007,2.3268998164649406,0.4490608217813119,0.0,1.2968488007797865,-278.45707418844165,100.0,100.0,1.6995024474401255,0.4490608217813119,0.42117163013783254,0.467486036479503,0.21854319430331517,0.9877265079031196,0.11444444444444418,0.21563858652847745,0.04649999999999966,0.9973885373812518,-369.9853640931544,climatizacao,Climatização e ventilação
sinapi_es,Drenagem de ar condicionado,UN,36,12,3,linear_simples,2026-03,2026-05,1.5638422754144417,1.0865695021607336,2.737612282700473,1.069267802185462,2.2005372364232167,0.48028009028291063,0.0,1.6351879876574738,-225.61047335800555,100.0,100.0,1.5638422754144417,0.48028009028291063,0.1693820086159886,0.19614514876969122,0.0384729193858843,0.9960762001096247,0.052777777777777764,0.10071963286492078,0.01014444444444443,0.9989653821276263,-279.2511220952456,climatizacao,Climatização e ventilação
sinapi_es,Drenos,M,105,35,3,linear_simples,2026-03,2026-05,2.3878294557508104,1.5748196710731326,4.321799330438371,0.816218727250085,2.617148190622029,2.42578405315225,1.6836961350510848,4.120681049303975,1.5646321589144903,91.42857142857143,90.47619047619048,-1.8001625300041677,-1.9489797539087441,3.214412574812992,5.12447520196712,26.26024609557595,0.9952820377252951,3.259523809523811,5.1539337726957015,26.563033333333344,0.9952276384344506,1.1398820080439835,urbanizacao_infraestrutura,Urbanização e infraestrutura externa
sinapi_es,Drenos,M2,12,4,3,linear_multipla,2026-03,2026-05,11.96903687345391,11.24623795715507,17.323604002896666,7.486124413227847,16.95970383253526,5.45772826045059,4.166897348962149,12.333891095965853,-119.30437541545434,0.0,66.66666666666666,-11.96903687345391,-5.45772826045059,2.404771123173783,2.797072436554216,7.823614215331339,0.8992431255879285,1.0908333333333333,1.6217711511389843,2.6301416666666664,0.966127566326701,-197.4598028115598,urbanizacao_infraestrutura,Urbanização e infraestrutura externa
sinapi_es,Drenos,M3,12,4,3,linear_multipla,2026-03,2026-05,1.6947415317563879,1.228615430794278,3.7969445424235606,0.31221084668324023,3.2293179509115064,1.5367141132820226,0.9546341982730133,3.737019937909582,-10.283462428600966,100.0,100.0,-1.439503855465297,-1.5350253234688018,2.655200079739693,3.4892363071908377,12.174770007418752,0.9888498783789001,2.3333333333333344,3.2649119436824026,10.659650000000005,0.99023748342959,-14.213599953270014,urbanizacao_infraestrutura,Urbanização e infraestrutura externa
sinapi_es,Drenos,UN,18,6,3,linear_simples,2026-03,2026-05,1.0751898788890115,1.0577255805025438,1.7550068364007985,0.7802104935070677,1.5512345874501636,1.0150182679463686,0.7807828508096152,2.2640806642208338,-5.928130836934083,100.0,100.0,0.19921268426732944,-0.6661674548590588,0.6427638313070617,0.902393487951245,0.8143140070968138,0.9990771861111911,0.5261111111111114,0.6602650982749274,0.4359499999999996,0.9995059636561324,-86.79068863328695,urbanizacao_infraestrutura,Urbanização e infraestrutura externa
sinapi_es,Energia Solar para Edificações,UN,12,6,2,linear_simples,2026-04,2026-05,30.226173271817505,1.7234978902037255,155.3184515380832,1.6205319111392105,1.8233653309784286,0.23925937756167356,0.0,1.0308581981084228,-12533.22406831312,83.33333333333334,100.0,27.47936486139464,-0.23399307807390726,102.89798650952714,119.13754217363588,14193.753955174869,0.9988529342769807,0.26750000000001206,0.5847862857489344,0.3419750000000344,0.9999999723633507,-4150423.8555957135,hidrossanitarias,Instalações hidráulicas e sanitárias
sinapi_es,Equipamentos de Proteção Coletiva,M,39,15,3,linear_multipla,2026-03,2026-05,3.754569052127664,2.959779114721963,4.30457805929889,2.239219583728815,3.6715854849105938,2.5182808060480326,2.8838305976240073,3.7394480498419926,-49.09254929436376,94.87179487179486,100.0,-1.1125111498927422,-2.485275463308176,3.177424225429402,6.577203655403687,43.25960792465562,0.9983461449186497,3.2792307692307707,6.887395585322366,47.43621794871802,0.9981864692294213,8.804685965010146,preliminares,Serviços preliminares
sinapi_es,Equipamentos de Proteção Coletiva,M2,26,9,3,linear_multipla,2026-03,2026-05,8.16193062553195,1.3436134048092767,29.918023317813663,0.5502646266209139,10.491897970317874,1.08731699966637,0.0,5.195376861693535,-650.6486726535443,65.38461538461539,88.46153846153845,-7.816317214607411,-0.42190864170668346,0.6395440494175053,1.1598603184771101,1.3452759583778233,0.9999246689422052,0.33076923076923,1.1509694910078043,1.3247307692307642,0.9999258194056632,-1.5508954441353549,preliminares,Serviços preliminares
sinapi_es,Escadas,KG,18,6,3,linear_multipla,2026-03,2026-05,4.291495671660574,0.7848504152233611,13.306000443895247,0.20206739454322353,8.452118132759255,4.295757822799755,1.1037151702786423,13.374080568757984,0.09921767741560172,66.66666666666666,66.66666666666666,3.7787844267006694,3.8141724585227306,0.6370776482432966,1.0001580593211925,1.000316143625134,0.9757664604664475,0.6144444444444449,0.9340176063056251,0.8723888888888898,0.9788656108748722,-14.66401697288667,estruturas,Estruturas
sinapi_es,Escadas,M2,240,80,3,linear_multipla,2026-03,2026-05,1.1604306562211568,0.6420727515511824,2.7078003325941102,0.3362101340182661,1.8899163929017053,1.3433363148333257,1.3292421755012636,3.301854561977679,13.615775632095742,97.91666666666666,100.0,-1.0906073317042597,-1.336042204991312,4.2276547285988455,6.464474961437362,41.789436527050576,0.9978041249499309,5.0309583333333325,7.179964107384752,51.55188458333332,0.9972911456447299,18.93713127112124,estruturas,Estruturas
sinapi_es,Escadas,M3,24,8,3,linear_simples,2026-03,2026-05,1.579489723735428,0.5475783216317921,4.089180473465617,0.48067411720168807,3.464731237920689,1.4239673402570723,0.8625687334226602,3.6260324608616803,-10.921766186735635,100.0,100.0,1.3011939873624303,0.8498439605403404,85.98192239974696,122.5151681448196,15009.966425553417,0.9536585191913249,77.6766666666665,109.88213355682525,12074.08327499998,0.9627227081988542,-24.315578116247842,estruturas,Estruturas
sinapi_es,Escavação Horizontal,M3,60,40,3,linear_multipla,2026-03,2026-05,0.7030554302659734,0.2787227253445122,1.8500814527992764,0.17332145903306065,1.282851396609946,0.49373427898484556,0.24348685989100807,1.810777457836282,-42.3955070957414,100.0,100.0,-0.11997883900406085,-0.2198619405926274,0.05433893266317973,0.07036317760609635,0.0049509767628270595,0.9998774033077561,0.04249999999999987,0.05572252686302007,0.0031049999999999936,0.9999231136101717,-59.45174759507471,terra_contencao,Terra e contenções
sinapi_es,Escavação Vertical a Céu Aberto,M3,216,72,3,linear_simples,2026-03,2026-05,2.188465800162141,1.6210948905424034,4.8439375530249364,0.2421508645330413,4.611628625882362,2.1297257765181334,1.4305728942826565,4.657729313274851,-2.7581026764882797,99.53703703703704,100.0,-2.0384526054033794,-1.8524519193599334,0.4836032321860169,0.667531967551844,0.4455989277036361,0.9896190408438537,0.4705555555555555,0.6382789358893178,0.40739999999999993,0.9905089476269413,-9.37627091400005,terra_contencao,Terra e contenções
sinapi_es,Escavação de Valas,M3,219,73,3,linear_multipla,2026-03,2026-05,1.9736831981481424,1.6966421178047995,3.9788256357901126,0.809927310554694,2.9601363917128856,0.9999689273873177,0.39556962025317016,2.670681688385863,-97.37445275473807,98.17351598173516,100.0,-1.9035411349390192,-0.8847659956447679,0.22017004515368638,0.31011842833089764,0.09617343959042611,0.9993952091106585,0.11182648401826481,0.1655087631665813,0.027393150684931502,0.9998277369715052,-251.08571736265975,terra_contencao,Terra e contenções
sinapi_es,Escavação em Material de 3ª Categoria,M3,12,4,3,linear_simples,2026-03,2026-05,0.9933827665857589,0.48953067239816345,3.0556846924346144,0.2565037772787585,0.9495691816929016,1.004879231065247,0.4903671648783687,3.131302684442899,1.1440642939053527,100.0,100.0,-0.7595682112489422,-0.8084520445293205,1.5805714125486192,2.8995223357203694,8.407229775341307,0.9987489150972038,1.6066666666666694,2.9712735765436817,8.828466666666682,0.9986862305828845,4.771348267257139,terra_contencao,Terra e contenções
sinapi_es,Escoramento e Preparo de Fundo de Valas,M2,68,34,2,linear_multipla,2026-04,2026-05,0.9234683881041903,0.5073505389648705,2.5051292962878655,0.2899450768595364,1.224298102797782,1.1327845506225602,1.0928873458718675,2.168727299505817,18.478020591235385,100.0,100.0,-0.6961665137660741,-1.1144858208057022,0.5240986952716057,0.8345917038209965,0.6965433120868338,0.9996140368038899,0.6423529411764703,0.8922081002309085,0.7960352941176468,0.9995589070758377,12.498438544875498,terra_contencao,Terra e contenções
sinapi_es,Escoramento e Preparo de Fundo de Valas,M3,16,8,2,linear_multipla,2026-04,2026-05,2.086791193479311,1.9838811513611674,3.9655524066589223,0.8005250360283644,3.3836416096404927,1.1690243464236574,1.256256080166906,2.218038372899076,-78.5070772788724,100.0,100.0,-1.2746636234848898,-1.1591025823928738,6.311630044438589,7.997009922491263,63.95216770042372,0.9830600533448411,3.2787500000000005,4.064597151010172,16.52095000000001,0.9956238541748337,-287.09739875989993,terra_contencao,Terra e contenções
sinapi_es,Esgotamento de Vala e Rebaixamento do Lençol Freático,M,9,3,3,linear_simples,2026-03,2026-05,1.7452438508107824,0.7865459399436514,4.156904852640735,0.05376100202227655,2.27900970377781,1.5016337343085289,0.15156674612236054,4.071599586952355,-16.223005046861903,88.88888888888889,88.88888888888889,-1.014098103524056,-0.7397666700421266,18.887127425255144,42.76854564218947,1829.1484963480439,0.9946364055099849,15.21333333333331,38.72543493766223,1499.6593111111101,0.9956025634692675,-21.970935851611017,terra_contencao,Terra e contenções
sinapi_es,Esgotamento de Vala e Rebaixamento do Lençol Freático,UN,9,3,3,linear_multipla,2026-03,2026-05,1.4172397544326563,1.4819580491836126,2.056265762260774,1.029657262471524,1.9905310559631872,0.3611551239667059,0.0,1.3001225820920614,-292.41856487222606,100.0,100.0,1.081745868303675,-0.09696775415519548,5.7323552229206065,9.66459379793374,93.40437327905933,0.9995088210372599,0.15888888888888808,0.3132091952673147,0.09809999999999888,0.9999994841284776,-95113.42841902182,terra_contencao,Terra e contenções
sinapi_es,Esquadrias - Janelas,M,15,5,3,linear_multipla,2026-03,2026-05,1.0829206147291752,0.5940752955167795,2.0187432981717355,0.3102176718028112,1.5740481129588242,1.3191055035880253,0.39034776437189295,2.4695210184387446,17.904927863345026,100.0,93.33333333333333,0.09474950465952939,-1.3191055035880253,0.4134573876630012,0.557947996949292,0.3113059672997271,0.9995305179555171,0.5080000000000008,0.7762473832484084,0.6025600000000014,0.999091276331201,48.336104736503195,esquadrias_vidros,Esquadrias e vidros
sinapi_es,Esquadrias - Janelas,M2,48,16,3,linear_simples,2026-03,2026-05,2.8374658454294566,1.4818999584098833,7.802757136412606,0.781069502007673,4.670047130301827,2.1390772486473453,0.25348186555981383,7.543773844994629,-32.64905917837891,75.0,72.91666666666666,-1.4696080049020057,-2.1390772486473453,23.16513646537366,37.25271563766273,1387.7648223805616,0.9834189103743118,17.803749999999997,34.16461888172226,1167.2211833333333,0.9860539777765426,-18.894759810424524,esquadrias_vidros,Esquadrias e vidros
sinapi_es,Esquadrias - Portas,M2,9,3,3,linear_simples,2026-03,2026-05,3.2605900996118495,1.8982042223113786,5.560862288115052,1.3150676369342014,3.7281895661991022,2.5884223508247692,0.5755674836707074,6.462874610608081,-25.96824079242332,88.88888888888889,77.77777777777779,1.992345988149082,0.3334269645242979,19.876529090447498,31.210599546221044,974.1015240345732,0.9103394850062461,16.27,30.402572076863624,924.3163888888877,0.9149219240498764,-5.386157353060874,esquadrias_vidros,Esquadrias e vidros
sinapi_es,Esquadrias - Portas,UN,223,121,3,linear_simples,2026-03,2026-05,2.4083096281061445,1.6763657979060302,4.943657044946163,1.346288234301952,3.216795629854056,1.0278574903363378,0.5527519690609939,2.924413895867686,-134.30384569344258,90.13452914798206,98.20627802690582,2.128324326636179,-0.7053796164273537,15.807487041602943,26.145195350669518,683.571239924671,0.9972444648996027,9.610179372197312,21.269026354367522,452.3714820627803,0.9981764512249226,-51.10838481852061,esquadrias_vidros,Esquadrias e vidros
sinapi_es,"Estacas Broca, Strauss e Escavada com Fluido Estabilizante",M,12,4,3,linear_multipla,2026-03,2026-05,1.7889386265501679,1.5603696709004593,3.655149737036141,0.5135394979441108,2.811167884350629,1.5670115266371685,1.456976790185236,2.9070077742662446,-14.16244208421737,100.0,100.0,0.5517898546961663,0.23319498564718524,2.1435177231632196,2.9292534927548135,8.580526024816274,0.9937053104506686,1.8916666666666646,2.4153536663050645,5.833933333333317,0.9957202158610532,-47.07960366618801,fundacoes,Fundações
sinapi_es,Estacas Escavadas Sem Fluido Estabilizante,M,5,5,1,linear_simples,2026-05,2026-05,7.384624720331392,6.734140903823248,13.156955013223977,4.989522166252221,7.646863115764261,7.171334401491744,6.533506137074043,12.937840825904052,-2.9742068476862706,40.0,40.0,7.384624720331392,7.171334401491744,14.525508172890184,21.460997711996374,460.57442279431353,0.9320692148949803,14.290000000000001,21.3427135107043,455.51141999999993,0.9328159644706948,-1.111498542520318,fundacoes,Fundações
sinapi_es,Estacas Metálicas,KG,15,5,3,linear_multipla,2026-03,2026-05,0.1636878391632539,0.17707794187896647,0.2751078599112797,0.08781159799110225,0.20252577768422864,0.053490061755059076,0.07818608287724618,0.08235187912382383,-206.0154237862183,100.0,100.0,-0.006036899380227711,-0.021671021482712605,0.02036889818651287,0.02335373306244583,0.0005453968479519755,0.9927923661551314,0.00666666666666688,0.008944271909999498,8.000000000000606e-05,0.9989427685367915,-581.7460599399177,fundacoes,Fundações
sinapi_es,Estacas Pré-Moldadas,M,9,3,3,linear_simples,2026-03,2026-05,0.8332469921050613,0.8677420822286062,0.9764314782150604,0.6889832561069844,0.9477630143087867,0.10669117163563213,0.030888030888024744,0.30597749904356697,-680.9896351600079,100.0,100.0,0.8332469921050613,-0.08728695380575974,1.8395870435020387,2.0356008024890127,4.143670627093913,0.9996543589856464,0.20555555555555807,0.301717306983439,0.09103333333333878,0.9999924065263616,-4451.8168734093715,fundacoes,Fundações
sinapi_es,Estrutura e Trama para Cobertura,KG,9,3,3,linear_multipla,2026-03,2026-05,3.475017688440719,1.8638501533865837,8.40202493929192,0.7344248315705687,7.428244376376096,0.08322030076938909,0.06844626967830107,0.21041058021549788,-4075.685086827917,66.66666666666666,100.0,-2.3351626800281777,0.08322030076938909,0.46599266722329563,0.6461723612531712,0.41753872044749885,0.5674745393313578,0.01111111111111127,0.016329931618554776,0.00026666666666667503,0.9997237618520233,-156477.02016780715,coberturas,Coberturas
sinapi_es,Estrutura e Trama para Cobertura,M2,105,35,3,linear_simples,2026-03,2026-05,1.1799508644771057,1.443228058806253,1.7138971219075851,0.7498855828548628,1.5617374757604063,1.418350014398276,1.5132798023471339,3.026040866582627,16.808203017666916,100.0,100.0,0.058602807058136246,-1.376350525313685,0.7951726266384981,1.0523332440694633,1.1074052565737604,0.9992599086379941,0.7101904761904761,1.1126463520642598,1.2379819047619045,0.9991726427984741,10.547540936251188,coberturas,Coberturas
sinapi_es,Estrutura e Trama para Cobertura,UN,213,71,3,linear_simples,2026-03,2026-05,0.9528081841750752,0.5510807307634352,2.1805175978806246,0.270514832661997,1.5669377335734,1.5227313344471212,2.036260039608906,2.7165797265988796,37.42768913854234,100.0,100.0,0.10983215359263594,-1.4531162869551437,15.659270680759448,20.975084528823732,439.9541709913007,0.9996759944783574,38.370000000000005,51.66139208726732,2668.899432394367,0.9980344812941402,83.51552083037457,coberturas,Coberturas
sinapi_es,Estruturas Pré-Fabricadas e Pré-Moldadas,M3,24,8,3,linear_simples,2026-03,2026-05,1.4574377472046482,0.9934493841292922,3.0157047583081167,0.7954522745459334,2.1827366357071574,1.3036972912910556,1.4153449711530608,2.2991761403031394,-11.792649792295187,100.0,100.0,0.9266376343592241,-0.27895780549845944,47.978567201022855,59.26771400695373,3512.6619236100596,0.9961539384249248,41.98624999999999,52.512077063281296,2757.5182374999936,0.9969807555732781,-27.38490269405037,estruturas,Estruturas
sinapi_es,"Estruturas de Contenção - Estacas, Paredes Diafragma e Mureta Guia",M2,4,4,1,linear_multipla,2026-05,2026-05,8.190294784362292,8.251301238084656,9.053468983815739,7.482217093033159,8.959378929413788,7.56154895128687,7.610770970553741,8.410914118249249,-8.315040173989994,0.0,0.0,8.190294784362292,7.56154895128687,32.504946822076064,34.26263869148391,1173.92841010317,0.8671600027075246,30.045,31.714888459523245,1005.8341500000006,0.8861812998026543,-16.711926126505986,terra_contencao,Terra e contenções
sinapi_es,"Estruturas de Contenção - Perfis Pranchados, Cortinas e Muros de Arrimo",KG,21,7,3,linear_multipla,2026-03,2026-05,4.925060599317678,0.6095799471864684,15.378223575431086,0.11338229094666263,11.572703051347426,5.10253129012193,0.8595988538681935,15.946843853820612,3.4780911808972124,66.66666666666666,66.66666666666666,4.74561095606836,4.919426162520941,0.5790791644337232,0.9484625542986996,0.8995812169068138,0.9243094478432088,0.595714285714286,0.9481586164269997,0.8990047619047624,0.9243579506315939,-0.06412146258603,terra_contencao,Terra e contenções
sinapi_es,Estruturas de Madeira,M,99,33,3,linear_simples,2026-03,2026-05,2.4006368161118012,2.035495507037091,4.644457012461701,1.1199486150959905,3.118525594953348,2.852742200423979,2.937720329024677,5.381802510296668,15.848098164810864,90.9090909090909,86.86868686868688,-1.9629736465965373,-2.8326593030010856,4.170154901810296,6.484895068344888,42.05386404744385,0.9939362267000714,4.925151515151515,7.435513133305299,55.28685555555558,0.9920281532708487,23.93514945847195,estruturas,Estruturas
sinapi_es,Execução de Grampo para Solo Grampeado,M,6,6,1,linear_multipla,2026-05,2026-05,1.4872161181627312,1.196160028460199,2.679663328659026,0.8102433817484145,2.058953211817998,1.828816160368506,1.8165204085215105,2.113829620053064,18.678752386841467,100.0,100.0,1.3575727034190896,1.828816160368506,3.637767767191434,4.059856575936034,16.482435417171057,0.9921352619807734,4.845000000000003,4.84680135071919,23.491483333333367,0.9887908335495602,29.83654891735501,terra_contencao,Terra e contenções
sinapi_es,Execução de Tirantes,M,27,25,3,linear_simples,2026-03,2026-05,1.1238968196534669,1.1464218785307472,1.2271520703134562,1.063932557514473,1.1971457910107972,0.22511927592220365,0.15791918253598466,0.19285971175316,-399.2450402345205,100.0,100.0,1.0238702884436073,0.061070881070036505,1.0280514755864425,1.0901372410483734,1.1883992043205593,0.9991507783796754,0.262592592592593,0.7256389266376608,0.5265518518518565,0.9996237297911436,-125.69462060403337,terra_contencao,Terra e contenções
sinapi_es,Execução de Tirantes,UN,12,4,3,linear_multipla,2026-03,2026-05,0.7778300339171436,0.2846125487044394,2.097906088616891,0.1500189576365549,0.8856881915649781,0.4110071567907498,0.020328367555159637,1.9815849733564972,-89.24975418692019,100.0,100.0,0.7115752989475149,-0.39768163065460665,1.485766198049758,1.9197663073879594,3.6855026749820006,0.9999958488367452,0.24833333333336416,0.39382737335032486,0.15510000000001617,0.999999825303228,-2276.210622167386,terra_contencao,Terra e contenções
sinapi_es,Forros,M,12,4,3,linear_multipla,2026-03,2026-05,1.802142854507515,1.94811402106468,2.854142712352004,1.5411326691464458,2.230819333656366,1.469696223370697,1.2915322231729265,2.6500643256343137,-22.62009154343225,100.0,100.0,-0.8258255315407171,-0.7806164001893136,0.5647749945017179,0.8177491990064796,0.6687137524757389,0.9983447864074986,0.5566666666666665,0.8501078362968616,0.7226833333333317,0.9982111998265641,7.467943201161346,revestimentos_forros,Revestimentos e forros
sinapi_es,Forros,M2,36,12,3,linear_multipla,2026-03,2026-05,1.2647680644996089,1.4000793019878017,2.2213923054745415,0.6792608310994814,1.7639724183784722,1.1678021165626982,1.239286762977964,2.1304165986924506,-8.303285853113515,100.0,100.0,-0.3233140729260389,-0.4731857063848222,1.2805933880785938,1.8081312990060565,3.2693387944453294,0.9988837941882328,1.28388888888889,1.956359998682361,3.8273444444444475,0.998693281919946,14.579446874949731,revestimentos_forros,Revestimentos e forros
sinapi_es,Fossas e Sumidouros,UN,98,49,2,linear_simples,2026-04,2026-05,1.3154300130241905,1.2105095270370483,2.2886931001202386,0.5979858458899223,1.9508383804870846,0.9944222497443558,0.7993239629190344,1.896455484087253,-32.28083073989533,100.0,100.0,0.9547236451828472,-0.4572988619172425,103.46487941066732,136.33645670521912,18587.629426934087,0.9991652943191828,89.37724489795934,124.77919612954219,15569.847786734756,0.9993008123791076,-19.38221671486365,hidrossanitarias,Instalações hidráulicas e sanitárias
sinapi_es,"Fundações Rasas (Blocos, Sapatas, Vigas Baldrame)",KG,36,12,3,linear_multipla,2026-03,2026-05,4.178515636962002,0.3837107474878115,12.817642825025587,0.0877898553575493,9.808885741779255,4.207710128746302,0.5751369424184134,12.880227642208727,0.6938332463742807,66.66666666666666,66.66666666666666,3.915922182731605,3.9458602419379125,0.599271120861283,0.9809378667141098,0.9622390983536285,0.9404833133958522,0.5961111111111114,0.948730145451745,0.9000888888888893,0.9443274458421682,-6.904896864293071,fundacoes,Fundações
sinapi_es,"Fundações Rasas (Blocos, Sapatas, Vigas Baldrame)",M2,60,20,3,linear_multipla,2026-03,2026-05,0.7039871488116887,0.7977679650053373,1.097730227439232,0.35840923075520964,1.0355283057686755,0.1267995424391152,0.027305103972498832,0.5739151000409249,-455.19691575363464,100.0,100.0,0.47716210303544926,-0.10518555467797941,1.1727548183020136,1.4289953025660262,2.042027574755769,0.9995052500476821,0.2238333333333313,0.5236999777226132,0.2742616666666656,0.9999335508745408,-644.5544977445298,fundacoes,Fundações
sinapi_es,"Fundações Rasas (Blocos, Sapatas, Vigas Baldrame)",M3,42,14,3,linear_simples,2026-03,2026-05,0.7701921720971004,0.7029495419611882,1.4655809968835527,0.35678444180978197,1.085456336169502,0.6534497573313627,0.25005354888795756,1.7386340314779911,-17.86555331239307,100.0,100.0,0.22479112416332858,-0.631572403538926,3.028558574479543,4.792827097111242,22.971191582803772,0.9998319463177626,2.9759523809523873,5.98868595969179,35.86435952380958,0.9997376218966554,35.94980675019809,fundacoes,Fundações
sinapi_es,Fôrmas para Estruturas de Concreto Armado,M,9,3,3,linear_simples,2026-03,2026-05,0.36609118269422847,0.22238288337540535,0.6245749363791122,0.08736354110358964,0.40215128623076196,0.2697082574832952,0.11367942402425592,0.4509314368268419,-35.73599344354628,100.0,100.0,0.02980345859696058,-0.20138414229616478,0.1152956944749535,0.2151166799715947,0.04627518600200149,0.9995364995352294,0.09777777777777806,0.22813251509691557,0.05204444444444441,0.9994787136201314,11.085253198545319,estruturas,Estruturas
sinapi_es,Fôrmas para Estruturas de Concreto Armado,M2,288,96,3,linear_multipla,2026-03,2026-05,1.0208296995575727,0.8047783080779631,2.0566116634520673,0.32598882772075755,1.4216315436804674,1.2276651342566889,1.3591095728554785,2.4868380873130573,16.847870720410107,99.30555555555556,99.30555555555556,-0.939744302501577,-1.2257634179029506,1.7119762370926062,2.898031929516534,8.398589064497324,0.998826237069082,1.9901041666666661,3.2688130172383176,10.685138541666674,0.9985066754146897,21.3993432864998,estruturas,Estruturas
sinapi_es,Fôrmas para Pilares Circulares,M2,12,4,3,linear_simples,2026-03,2026-05,0.6257561909628554,0.3831167546373968,1.59919747783792,0.2759054665869295,0.8248960188281782,0.6456262778276279,0.17953958883591375,1.9548811725305668,3.0776453107872945,100.0,100.0,-0.25597744636585845,-0.6456262778276279,1.2281684356805844,1.681401165546983,2.827109879502753,0.9962162721410234,1.284999999999999,2.0613911160508387,4.249333333333323,0.994312806505335,33.469331357795106,estruturas,Estruturas
sinapi_es,Gabiões - Execução de Muro e Proteção Superficial,M2,9,3,3,linear_simples,2026-03,2026-05,1.9258737961649612,2.163343164731972,3.190416789502147,1.0825089212641628,3.0044212943255197,1.8097087037273505,2.499214083621499,2.812867342194095,-6.418993962860009,100.0,100.0,-0.4037267338445083,-0.13523364311600364,6.312410102714675,7.387670588293181,54.57767672113212,0.965127633559658,5.869999999999992,7.083494900118144,50.17589999999976,0.967940145561446,-8.772691114922473,terra_contencao,Terra e contenções
sinapi_es,Gabiões - Execução de Muro e Proteção Superficial,M3,39,13,3,linear_simples,2026-03,2026-05,2.288847584296124,2.765153249279048,3.666711776982232,0.9711168278089214,3.24652239266488,2.1450093762229594,2.793234227500493,3.562103535330247,-6.705714654098258,100.0,100.0,-0.438101848922678,0.09185250109532053,28.78324193515166,39.167970511389115,1534.1299139810474,0.995626850732423,26.289230769230787,38.194918778717444,1458.8518205128223,0.9958414364310102,-5.160091820824061,terra_contencao,Terra e contenções
sinapi_es,Galerias com Aduelas de Concreto,M,12,4,3,linear_multipla,2026-03,2026-05,1.3945510543784503,1.4160864453303545,1.4497886100001616,1.3244019120569788,1.447554429579294,0.28641405797952774,0.060334955427790896,0.8087434015756935,-386.9003512663229,100.0,100.0,1.3945510543784503,-0.28641405797952774,90.34408247582844,93.71756363097766,8782.981732926348,0.9970016140001768,18.424999999999955,30.7374573335747,944.7912833333252,0.9996774615907396,-829.621376473653,urbanizacao_infraestrutura,Urbanização e infraestrutura externa
sinapi_es,Gesso,M2,72,24,3,linear_simples,2026-03,2026-05,1.199545819732761,1.1518573402669028,1.6468517943411947,1.0392403747119823,1.292999653808625,0.9669722758540354,0.5059448843890963,2.298486837667968,-24.05172823319214,100.0,100.0,0.2473827816229165,-0.4268073410277341,0.42833745972396814,0.4668710680464489,0.21796859417883194,0.9984362757525016,0.34652777777777716,0.492393530510798,0.24245138888888812,0.9982606342116692,10.09802204980409,revestimentos_forros,Revestimentos e forros
sinapi_es,Graute e Armação,KG,30,10,3,linear_multipla,2026-03,2026-05,4.927200378199943,1.0081131054070294,14.780092091401567,0.05528341107859768,12.106125202373486,4.9463168756023155,0.868637674356221,15.148545323804258,0.38647943274043206,66.66666666666666,66.66666666666666,4.915446310406745,4.900262980491817,0.4940018660549088,0.8070691745968844,0.6513606525844963,0.9370340553251476,0.49233333333333335,0.8063808033429366,0.6502499999999999,0.9371414202525666,-0.17080393456307355,estruturas,Estruturas
sinapi_es,Graute e Armação,M3,33,11,3,linear_simples,2026-03,2026-05,0.7746335890158107,0.9273464976918004,1.2132613454208596,0.3892394554617463,1.1278153299477525,1.3561286528512635,1.635740184738565,2.0694750659168357,42.87904857793972,100.0,100.0,-0.5105235029974196,-1.3561286528512635,5.833767463300726,6.783453265588162,46.0152382064187,0.9990799316496833,10.22030303030302,11.936940245483434,142.4905424242421,0.9971509212292697,67.7064614790953,estruturas,Estruturas
sinapi_es,"Guarda-Corpo, Corrimão e Grade para Esquadrias",M,9,3,3,linear_simples,2026-03,2026-05,3.9015785898568414,3.749967528032983,7.38372452952016,1.337863021192618,6.054943156602716,1.075924939361675,0.7792930698580605,2.410195798269296,-262.6255370724626,66.66666666666666,100.0,-3.9015785898568414,-1.075924939361675,4.883503343997693,5.216222296151704,27.20897504287016,0.9996305050810949,1.791111111111113,2.707421897919369,7.330133333333318,0.9999004575873477,-271.19345318234616,esquadrias_vidros,Esquadrias e vidros
sinapi_es,Guias e sarjetas,M,96,32,3,linear_simples,2026-03,2026-05,0.34595688525915547,0.3406416429594423,0.4592573966459774,0.2588255638063924,0.4078982211169266,0.3891719187481297,0.16956441263967315,0.9072013512907278,11.104355532122241,100.0,100.0,0.10884771294120749,-0.3891719187481297,0.22717492512278858,0.24955853668952105,0.06227946323461503,0.9999479474533459,0.2532291666666665,0.3624698263304132,0.1313843749999999,0.9998901902657135,52.59751151184067,urbanizacao_infraestrutura,Urbanização e infraestrutura externa
sinapi_es,Iluminação Predial e Monitoramento,UN,39,13,3,linear_simples,2026-03,2026-05,1.2617813879470932,0.9658679146543272,4.169956513963172,0.3154178883833999,1.417172938018679,1.0785975277516788,0.0,4.663344313177206,-16.983523091996926,100.0,97.43589743589743,1.0899050397700354,0.9657262960891038,0.8035500074176058,1.3922358341301553,1.9383206178360892,0.99766194241724,0.8266666666666662,1.6027748374263855,2.5688871794871764,0.9969013350557246,24.546292522545357,eletricas,Instalações elétricas e comunicação
sinapi_es,"Impermeabilização, Proteção Mecânica e Tratamento de Junta",M,10,4,3,linear_multipla,2026-03,2026-05,5.25510151132425,3.3628377799722835,11.898209335451917,2.2324356930381968,6.35984368031125,3.0727283627212882,2.5643857733840516,7.392696935203553,-71.02395301451885,70.0,80.0,-5.25510151132425,-3.0727283627212882,1.6272076471608141,1.7451479366570266,3.0455413208182773,0.9953362204228455,1.0530000000000004,1.389363163467349,1.9303299999999992,0.9970439955716149,-57.773091689932734,impermeabilizacao,Impermeabilização
sinapi_es,"Impermeabilização, Proteção Mecânica e Tratamento de Junta",M2,55,19,3,linear_multipla,2026-03,2026-05,2.9659551368993995,2.1062646272608982,6.639752102175074,1.3177658867344033,3.932742007022137,1.8071926196392447,1.2609015446043952,3.594144466137056,-64.11948038452421,85.45454545454545,94.54545454545455,-2.6862302942962897,-1.6219437418378577,3.006225802214957,5.141982319756787,26.43998217669139,0.9882225515358841,1.7338181818181815,3.3861240915885475,11.465836363636367,0.9948926479613984,-130.59793754379035,impermeabilizacao,Impermeabilização
sinapi_es,"Instalações Elétricas - Eletrodutos Embutidos, Cabos, Caixas, Tomadas e Interruptores",M,126,48,3,linear_multipla,2026-03,2026-05,1.0295160948243844,0.8338951415254525,1.6201003212684895,0.48243894229450573,1.379582056026576,0.6660564841683265,0.0,1.5159359522297877,-54.568887068173034,100.0,97.61904761904762,0.2233605864488919,-0.6660564841683265,0.1577336046857748,0.24608748293243823,0.060559049256023074,0.9986065892008138,0.10261904761904762,0.2819813682914034,0.07951349206349208,0.9981704640366152,23.83802083844305,eletricas,Instalações elétricas e comunicação
sinapi_es,"Instalações Elétricas - Eletrodutos Embutidos, Cabos, Caixas, Tomadas e Interruptores",UN,435,145,3,linear_simples,2026-03,2026-05,1.3423432856938213,1.0972499539308214,2.315357429466852,0.9030658048924927,1.4564774014974085,0.7273437999354564,0.0,3.203391464322563,-84.55416624338301,99.54022988505747,99.54022988505747,0.3511227565560122,-0.7246640725383929,0.7671112618038239,1.1632037780957496,1.353043029376226,0.9990177223621917,0.5437011494252876,1.366010804218393,1.8659855172413804,0.9986453380962279,27.48909266045505,eletricas,Instalações elétricas e comunicação
sinapi_es,"Instalações Elétricas - Eletrodutos, Conexões e Conduletes Aparentes",M,9,6,2,linear_multipla,2026-04,2026-05,2.8500603331058674,0.919865163903889,7.845391103114064,0.1278116013673073,4.118120090733751,0.06678218981054128,0.0,0.20585752339397428,-4167.695236097211,77.77777777777779,100.0,2.57076597612085,-0.06678218981054128,0.34801097521437974,0.47790583747886634,0.2283939894963766,0.9862445075181878,0.013333333333333839,0.023094010767585906,0.0005333333333333738,0.9999678789154078,-42723.87303056736,eletricas,Instalações elétricas e comunicação
sinapi_es,"Instalações Elétricas - Eletrodutos, Conexões e Conduletes Aparentes",UN,114,57,2,linear_simples,2026-04,2026-05,1.4799853722293166,0.8816837299867049,3.6547519442181278,0.4933524123275639,2.3672885077046573,1.0679028783995275,0.6300795756553031,3.3950141994456033,-38.588012277612705,100.0,100.0,-0.27663696166984214,-0.16857554826345714,0.5551052388106499,0.8903280090001244,0.7926839636101256,0.9953289781322693,0.46131578947368435,0.8282389900031296,0.6859798245614042,0.9959577499880844,-15.55499669643273,eletricas,Instalações elétricas e comunicação
sinapi_es,"Instalações Elétricas - Quadros, Cabos, Disjuntores, Contatores e Barramentos Blindados",M,9,3,3,linear_simples,2026-03,2026-05,2.251679111435079,0.2968250950877148,6.4341402152255736,0.1739027615849957,6.156383617878275,2.3395506524433713,0.39880358923229464,6.632498782031492,3.755915304356469,66.66666666666666,66.66666666666666,-2.048683414582087,-2.3395506524433713,0.49018551890313944,0.8402350671829355,0.7059949681239122,0.9870976422947028,0.5122222222222221,0.884087728175836,0.7816111111111109,0.9857157251859897,9.674394582199005,eletricas,Instalações elétricas e comunicação
sinapi_es,"Instalações Elétricas - Quadros, Cabos, Disjuntores, Contatores e Barramentos Blindados",UN,174,58,3,linear_simples,2026-03,2026-05,2.2071752559064444,1.4366395372415832,6.099269606932628,0.5858257385831683,2.3583710713217996,1.0913770082232657,0.1304292726324703,2.9807573663304376,-102.23765383326796,84.48275862068965,94.25287356321839,1.3496724070162025,-0.4777608358158562,26.10226612743188,108.44112054598764,11759.476625269424,0.9957958168924266,25.95103448275863,109.26997637929203,11939.927737931039,0.9957313030076874,1.5113249981266899,eletricas,Instalações elétricas e comunicação
sinapi_es,Instalações Hidráulicas - Reservação e Bombas de Recalque,M,123,41,3,linear_simples,2026-03,2026-05,2.5630753043384535,1.6952836462748186,6.541681948468321,1.009904176864572,3.134750459462997,1.000110301809561,0.0,3.507124527443653,-156.27926236745327,84.5528455284553,90.2439024390244,2.0554233143791167,0.4271085501144592,3.958797544070554,10.89585358464337,118.71962533798578,0.997186756787884,2.7601626016260155,11.322236341481204,128.1930357723577,0.996962269829437,7.38995716677978,hidrossanitarias,Instalações hidráulicas e sanitárias
sinapi_es,Instalações Hidráulicas - Reservação e Bombas de Recalque,UN,735,245,3,linear_simples,2026-03,2026-05,2.252599733559812,1.3845941481796389,5.7612647192076265,0.7393779523142261,3.0524076848697677,1.008157764463666,0.0,3.7253266539378282,-123.43722510119059,87.89115646258503,93.33333333333333,1.9416506274081866,0.6626699055227562,3.195378071063019,12.056346652951044,145.35549461612385,0.9988605251714685,2.3012517006802717,12.221840760074803,149.37339156462585,0.9988290279621711,2.689834452050766,hidrossanitarias,Instalações hidráulicas e sanitárias
sinapi_es,Instalações Hidráulicas em PEX,M,12,4,3,linear_multipla,2026-03,2026-05,0.8550280404226062,0.6556822792873905,1.4412777079211332,0.5301420779307581,1.4304174229114126,0.0,0.0,0.0,,100.0,100.0,0.4371955669121786,0.0,0.12759041500621557,0.151651656109648,0.022998224800798942,0.9992679087775505,0.0,0.0,0.0,1.0,,hidrossanitarias,Instalações hidráulicas e sanitárias
sinapi_es,Instalações Hidráulicas em PEX,UN,237,79,3,linear_multipla,2026-03,2026-05,0.7481273599825814,0.748367149650476,0.9932928398162452,0.6140758622571201,0.8685312340335309,0.0049959092333495565,0.0,0.02460159364991365,-14874.798881223709,100.0,100.0,0.7481273599825814,9.219761599631396e-07,0.3252208969084555,0.41035768362651115,0.16839342851131583,0.9999602869205768,0.0017721518987337047,0.004209693455268723,1.7721518987332326e-05,0.9999999958206439,-950120.0608857889,hidrossanitarias,Instalações hidráulicas e sanitárias
sinapi_es,Instalações Hidráulicas em PPR,M,78,26,3,linear_simples,2026-03,2026-05,2.0416346149256204,2.038796139990743,2.0747595971162083,2.019957482623692,2.065919752414822,0.00020607470766285233,0.0,0.0,-990625.4694573332,100.0,100.0,2.0416346149256204,0.00020607470766285233,1.4965575595515839,2.1447068389655484,4.599767425105594,0.9992246398592738,0.0002564102564100232,0.001601281538049415,2.5641025640979e-06,0.9999999995677818,-179390829.57944447,hidrossanitarias,Instalações hidráulicas e sanitárias
sinapi_es,Instalações Hidráulicas em PPR,UN,207,69,3,linear_simples,2026-03,2026-05,1.784021589758325,1.8028549682042216,1.948320040685288,1.6878000829068571,1.8812212754633986,5.192017694231316e-05,0.0,0.0,-3435985.342583663,100.0,100.0,1.784021589758325,5.192017694231316e-05,0.9132100063372517,1.6251281686411003,2.6410415645107768,0.9994244344621964,9.661835748790349e-05,0.0009829463743657853,9.661835748788425e-07,0.9999999997894384,-273347701.9269742,hidrossanitarias,Instalações hidráulicas e sanitárias
sinapi_es,Instalações Prediais de Esgoto - Caixas e Ralos,UN,24,8,3,linear_simples,2026-03,2026-05,1.8588226309625357,1.2929493015607179,3.774642274708148,1.0639871872965898,2.796667009589782,1.5232009941612754,0.2054853397962295,4.585368347070478,-22.033969127368163,100.0,95.83333333333334,-0.4052912984610555,-1.3574609222916252,1.1796956214667516,1.8577905645324455,3.4513857816657825,0.9978265923728573,1.0183333333333329,2.075132525888406,4.306174999999997,0.9972883142653806,19.8503130582063,hidrossanitarias,Instalações hidráulicas e sanitárias
sinapi_es,Instalações Prediais de Esgoto - Tubos e Conexões,M,27,9,3,linear_multipla,2026-03,2026-05,6.333574920447908,5.647418021435069,12.12341251480009,1.7844006716799006,11.717449425035447,1.0842087199101098,1.1217948717948765,1.8637956032155105,-484.16565040843943,48.148148148148145,100.0,5.424805188083253,0.12823813958430455,2.693484785972575,3.5470595690174975,12.581631586158595,0.9557337734074343,0.46222222222222226,0.5844972515222274,0.34163703703703796,0.9987980110218351,-3582.748128035831,hidrossanitarias,Instalações hidráulicas e sanitárias
sinapi_es,Instalações Prediais de Esgoto - Tubos e Conexões,UN,243,81,3,linear_simples,2026-03,2026-05,1.6741016565348605,1.3444631082429452,3.5659606923545217,0.517105839604343,3.240711676320392,1.2235294810931558,0.9638554216867408,2.478719862114904,-36.825608406194135,100.0,100.0,1.5551065690060333,0.5625956265601243,0.7607213954582747,1.1583580521687535,1.3417933770241888,0.9983239576319695,0.5628395061728391,0.8405081257578767,0.7064539094650187,0.9991175640723834,-89.93360487456258,hidrossanitarias,Instalações hidráulicas e sanitárias
sinapi_es,Instalações Prediais de Água Fria em PVC,M,45,15,3,linear_simples,2026-03,2026-05,2.208259702246615,1.3283383653885092,5.247758990819879,1.269447188188503,2.9007830948327755,0.9015442869683985,0.0,3.8872499385211294,-144.94189960121398,84.44444444444444,100.0,2.208259702246615,0.8987994077155135,0.7298940094433861,1.1030661857394688,1.21675501012182,0.9969980718789084,0.3131111111111112,0.7585351379834394,0.5753755555555554,0.9985804569974707,-111.47144649671101,hidrossanitarias,Instalações hidráulicas e sanitárias
sinapi_es,Instalações Prediais de Água Fria em PVC,UN,660,220,3,linear_simples,2026-03,2026-05,1.995377209019352,1.1764217736416402,4.286058147532143,1.1527352931095087,2.9323862873986277,0.8294149857137588,0.0,3.0707370690778077,-140.57645972024682,97.42424242424242,100.0,1.995377209019352,0.8263353685748157,0.6270883160187094,1.2816459458449858,1.6426163305008883,0.998435873012291,0.28803030303030297,0.908736552149258,0.825802121212121,0.999213657285447,-98.91161433320596,hidrossanitarias,Instalações hidráulicas e sanitárias
sinapi_es,Instalações Prediais de Água Quente em CPVC,M,39,13,3,linear_simples,2026-03,2026-05,2.96133709312999,2.5270043250680994,6.699966830212281,0.8487454076358386,4.540329547518388,2.1490901943280383,1.7152910130479428,5.90831890949543,-37.794919028790176,76.92307692307693,84.61538461538461,2.96133709312999,2.1490901943280383,2.7279630831264225,4.315451750100028,18.62312380744139,0.9952825131368764,2.054871794871794,3.6998094199012113,13.688589743589736,0.9965324967520073,-36.04852038291571,hidrossanitarias,Instalações hidráulicas e sanitárias
sinapi_es,Instalações Prediais de Água Quente em CPVC,UN,372,124,3,linear_simples,2026-03,2026-05,2.6207274776621605,2.1103191798473677,5.725038280161817,0.7722375200722226,4.090702372246849,1.8628095992039015,1.366773996971152,4.958823971709471,-40.686814088899155,81.18279569892472,90.59139784946237,2.6207274776621605,1.8628095992039015,1.6589239176087316,3.2588613664880404,10.620177405988299,0.9972728701136756,1.2476881720430106,2.7937823631187015,7.805219892473116,0.9979957163026207,-36.06506353818114,hidrossanitarias,Instalações hidráulicas e sanitárias
sinapi_es,"Instalações Prediais de Águas Pluviais - Tubos, Conexões, Caixas e Ralos",M,24,8,3,linear_multipla,2026-03,2026-05,6.435335972088102,7.000131672296227,10.840333666906375,1.9691856512022994,10.281816083199283,1.4157106843089806,1.558758358151162,2.264614196423279,-354.5657558012454,33.33333333333333,100.0,5.374824218272505,0.16689962527037205,3.9382289048970627,5.071994576207003,25.725128981073258,0.9705686286877263,0.8887499999999999,1.139563147292272,1.2986041666666686,0.9985143047700576,-1880.9830925697697,hidrossanitarias,Instalações hidráulicas e sanitárias
sinapi_es,"Instalações Prediais de Águas Pluviais - Tubos, Conexões, Caixas e Ralos",UN,234,78,3,linear_simples,2026-03,2026-05,1.8189368083410142,1.4567841733948754,3.773152542390784,0.5877185464132924,3.5260551958388113,1.4751825978445607,1.3377648598481535,2.754937196718851,-23.30248546849213,100.0,99.57264957264957,1.4595782024821342,0.48102544404949676,2.0052974746879335,3.310876577968974,10.961903714543542,0.9986779185815334,1.6112393162393162,2.54034951158805,6.453375641025644,0.9992216782555693,-69.8630968396774,hidrossanitarias,Instalações hidráulicas e sanitárias
sinapi_es,Instalações de Divisórias Diversas,M2,12,4,3,linear_simples,2026-03,2026-05,2.3681395360505686,0.8473289489416062,6.013335387300267,0.2567228556042422,4.648861702676774,2.3500530881371606,0.4194121940823846,6.926250131884066,-0.7696186951991253,75.0,75.0,0.2536072527923492,0.018078978695196923,12.43529884035712,19.403225603283186,376.4851638119042,0.8969239376171518,12.371666666666647,20.289156381344853,411.6498666666666,0.8872963627389483,8.542381694304538,alvenaria_vedacoes,Alvenaria e vedações
sinapi_es,Instalações de Gás e Incêndio em Aço e Ferro Galvanizado,M,82,41,2,linear_simples,2026-04,2026-05,1.7045950600318769,0.2821893506738684,7.260932898119617,0.06471063199835841,0.3929030435197041,1.6237593227044436,0.1934771921742815,7.099960015398169,-4.978307819215337,78.04878048780488,78.04878048780488,-1.6930998881167982,-1.5165959352576956,2.525755644868157,5.590793496672676,31.256971922437483,0.9929854506884125,2.420487804878049,5.470662554068547,29.928148780487803,0.9932836592122168,-4.440044560377322,gas_incendio,Gás e combate a incêndio
sinapi_es,Instalações de Gás e Incêndio em Aço e Ferro Galvanizado,UN,558,279,2,linear_multipla,2026-04,2026-05,0.9306870056454443,0.4622394684275699,2.0909339542609215,0.26598570852869335,1.0127605586109716,0.22426133678050122,0.006556524393478617,0.029878050825018373,-315.0010960455331,98.02867383512545,97.84946236559139,-0.2806546629542742,0.08905858279117211,1.1997508599451818,2.645182797797717,6.996992033764958,0.999800597020294,0.28725806451612956,1.462827759431518,2.139865053763435,0.999939017299744,-226.98286377728215,gas_incendio,Gás e combate a incêndio
sinapi_es,Instalações de Gás em PEX Multicamadas,M,48,16,3,linear_multipla,2026-03,2026-05,0.8614477673967288,0.9768109372120359,1.417712244909988,0.1993051297596795,1.3896966316085402,0.0,0.0,0.0,,100.0,100.0,0.7428529376190287,0.0,0.30951677639731917,0.38300817686897787,0.14669526354849824,0.9990205462117174,0.0,0.0,0.0,1.0,,gas_incendio,Gás e combate a incêndio
sinapi_es,Instalações de ar condicionado,M,12,4,3,linear_simples,2026-03,2026-05,3.1579735575690093,2.6900452574253135,5.705819612359794,1.5560321428682506,5.531464707828816,2.7042847085277995,1.257939426264747,6.895082488200017,-16.77666732391487,66.66666666666666,66.66666666666666,-0.657590966294224,-1.8193432775977438,2.51876415011932,3.0491265139738397,9.297172498218261,0.9834458651256515,2.1425000000000005,3.3280161758420985,11.075691666666666,0.9802791124170455,16.057860962318273,climatizacao,Climatização e ventilação
sinapi_es,Instalações de ar condicionado,UN,23,16,3,linear_multipla,2026-03,2026-05,6.362853008649352,2.5914843546658592,21.074256256021723,2.580856503872519,5.505202818575126,1.4093511420720806,1.41439754800894,3.4355537087778685,-351.473931421693,73.91304347826086,100.0,6.362853008649352,1.3661618020232469,403.4766468345087,719.4009748934424,517537.76267763524,0.9960088805748328,166.6552173913045,362.9823284415781,131756.1707608697,0.998983929965248,-292.79963867266474,climatizacao,Climatização e ventilação
sinapi_es,Instalações de ar condicionado em cobre,M,15,5,3,linear_multipla,2026-03,2026-05,3.1749542832258713,3.0989477940998906,6.419034851059528,0.17146639108126788,5.536152310458936,2.9097343899467663,1.3502210538893482,7.403092548791777,-9.114917643185885,73.33333333333333,66.66666666666666,-0.8309832172779409,-1.7471693278101488,2.9108455791619843,4.002864079040429,16.02292083527218,0.9911056474038202,2.6973333333333342,4.104962850014606,16.850720000000035,0.990646134576814,4.912544773919759,climatizacao,Climatização e ventilação
sinapi_es,Instalações de ar condicionado em cobre,UN,30,10,3,linear_multipla,2026-03,2026-05,1.6251674792337942,1.3634496759373378,3.934392913813193,0.640179309125634,1.9044540345571241,1.3526767178350598,0.009987515630390534,5.485740846327353,-20.144559140106445,96.66666666666667,86.66666666666667,-0.12027211345074712,-1.351274808293072,2.090490951681169,3.398744361713979,11.551463236282563,0.9958420496831911,1.802,3.9589299901193855,15.673126666666679,0.994358456530047,26.297646398468753,climatizacao,Climatização e ventilação
sinapi_es,Instalações em Cobre,M,122,42,3,linear_simples,2026-03,2026-05,3.557791517490762,1.0785904443711636,7.548790750751472,0.8477733043027129,5.3280726555769355,3.2583363970422647,0.0,8.246936397279807,-9.19042983776402,73.77049180327869,68.85245901639344,-1.785915132430365,-2.6089766632100675,8.80117781117276,27.70962831044821,767.8235011031929,0.9445213527996623,8.236721311475412,28.290398388562977,800.3466409836067,0.9421714119595079,4.063631708436183,apoio_producao,Apoio e produção
sinapi_es,Instalações em Cobre,UN,600,200,3,linear_simples,2026-03,2026-05,2.3273561323429734,0.5047664589872665,7.344692590106232,0.3834534135670966,4.662219125741933,2.1849952722816544,0.017858737529657356,7.704757126203934,-6.515385267294447,76.66666666666667,75.33333333333333,-1.7874016371489878,-2.1805137368456378,4.956298755056511,18.188598663984543,330.82512135950026,0.9970409516640901,4.624283333333333,19.26573121287294,371.1683991666666,0.9966801032842274,10.86926524395491,apoio_producao,Apoio e produção
sinapi_es,Instalações para Canteiros de Obras,M,12,4,3,linear_simples,2026-03,2026-05,2.5096206255856184,2.448745842690588,5.465978093356224,0.2152997948301917,4.369177678368573,2.3900065719517816,2.019012390494697,5.653174164636523,-5.004758356633089,83.33333333333334,83.33333333333334,-0.010623744590579477,0.35104135298924644,1.4067156226842525,2.1209179131507465,4.498292794323718,0.9952475123335058,1.3008333333333335,2.0981122467589772,4.402075000000003,0.995349167317236,-2.1857372789812852,preliminares,Serviços preliminares
sinapi_es,Instalações para Canteiros de Obras,M2,45,15,3,linear_simples,2026-03,2026-05,0.8425462185078603,0.45637268702531747,1.8394700277447702,0.4056563424675378,1.2174921415345563,0.7284303432543768,0.03844970778220774,2.229943134262226,-15.665996935774649,100.0,100.0,-0.2435319431498121,-0.6663596309784081,1.1392422144891334,1.468172652425083,2.1555309373289036,0.9987008344603684,0.9815555555555553,1.717916696984399,2.951237777777788,0.9982212519645396,26.961800449980437,preliminares,Serviços preliminares
sinapi_es,Instalações para Canteiros de Obras,UN,15,5,3,linear_multipla,2026-03,2026-05,2.505602440329109,1.219753788428931,7.855806762219249,0.9896286108556049,1.6018211600678594,0.9353220023795861,0.3734823044114296,3.041131042679253,-167.8866138030022,80.0,100.0,1.4889715802621903,-0.911761792955504,63.0701541508292,83.7428792788737,7012.869829916013,0.9996641087464744,67.16399999999996,127.24485639899164,16191.253480000005,0.9992244971660036,56.687295158595646,preliminares,Serviços preliminares
sinapi_es,Lajes Pré-Moldadas,M2,89,43,3,linear_multipla,2026-03,2026-05,9.651068479674473,8.673798049489514,19.404012699392617,3.506511222253351,13.706562601156847,7.349186871735391,1.9004022749341163,18.095261855235357,-31.321582211931563,30.337078651685395,51.68539325842697,-1.0199790783701679,6.197290189040793,24.711098523589733,33.455441243194024,1119.266548776808,0.8296712233019999,16.29370786516854,22.265174499779196,495.7379955056178,0.9245591263051065,-125.77784211097939,estruturas,Estruturas
sinapi_es,Lastro,M2,12,4,3,linear_simples,2026-03,2026-05,0.6087682141852659,0.3890818098645777,1.2104189459672727,0.31152516621430987,1.076141815765505,1.3316851489098769,1.2142243114863507,2.17424127636746,54.28587495448108,100.0,100.0,-0.35434767177843973,-1.3316851489098769,0.1962489134183801,0.24715237795045006,0.06108429792656211,0.999456605376492,0.4316666666666669,0.5014312847572774,0.2514333333333338,0.9977632955417072,75.70556890100941,apoio_producao,Apoio e produção
sinapi_es,Lastro,M3,27,9,3,linear_simples,2026-03,2026-05,1.0111761798598409,0.5680215486019684,1.8610548084559384,0.42502352221937556,1.7475941024126778,1.0796323453910566,0.6672528213713568,2.325611698510035,6.340692349896205,100.0,100.0,-0.5269476067517345,-1.0796323453910566,3.3162500931171497,4.105203781727919,16.852698089513208,0.9997349848533796,4.453333333333338,6.8095809410412755,46.37039259259259,0.9992708077765057,63.656339428522905,apoio_producao,Apoio e produção
sinapi_es,Ligações Prediais de Água e Esgoto,M,12,4,3,linear_simples,2026-03,2026-05,1.9378375495856615,1.296774744145026,4.326854700361027,0.5749736167931324,3.455684690195807,1.6555867420899746,1.2960845563197347,4.124401975281882,-17.04838534400076,91.66666666666666,100.0,1.5786425428925883,0.7837690081615526,1.2709036695128895,1.9348474192433784,3.743634535752762,0.998699780401263,1.020833333333335,1.510913079344193,2.2828583333333516,0.9992071295641194,-63.98891166787537,hidrossanitarias,Instalações hidráulicas e sanitárias
sinapi_es,Ligações Prediais de Água e Esgoto,UN,96,32,3,linear_simples,2026-03,2026-05,1.5720157008681699,1.3007250540820634,3.6446898321489885,0.9987209697726139,1.6704891360744933,0.9142579089515838,0.49865440982238707,2.5979666878291368,-71.9444464714408,100.0,100.0,1.188137949101606,-0.05698494059224963,1.1160433577079456,2.4655013852704393,6.078697080770456,0.9991076433911907,0.8409375000000002,1.914879511004976,3.6667635416666564,0.9994617167732048,-65.77826772018962,hidrossanitarias,Instalações hidráulicas e sanitárias
sinapi_es,Limpeza de Obra,M2,64,22,3,linear_multipla,2026-03,2026-05,4.481376137587797,2.1748879863686508,9.387934304116747,1.236724676115525,4.389822319639556,0.23539359057098047,0.0,0.7821038251366174,-1803.7800165746164,78.125,100.0,4.346361127445775,-0.19427516951834883,0.08460584958642503,0.09813158741898453,0.009629808449369804,0.999613005227827,0.009843749999999991,0.017365554986812245,0.00030156249999999964,0.9999878810558281,-3093.304356267711,preliminares,Serviços preliminares
sinapi_es,Limpeza de Obra,UN,15,5,3,linear_multipla,2026-03,2026-05,1.3824276181538089,0.8107462582004201,3.5350637985906865,0.34078840735530025,1.7067534779126514,0.5560281070693863,0.739371534195934,1.2194177955284637,-148.6254922327689,100.0,100.0,0.6873710913850951,-0.5560281070693863,0.08798638770465453,0.10826772255533686,0.011721899747319398,0.9979556974916847,0.045999999999999965,0.06223610956135779,0.0038733333333333306,0.9993244896117897,-202.63080242649067,preliminares,Serviços preliminares
sinapi_es,Livro SINAPI: Cálculos e Parâmetros,H,564,188,3,linear_simples,2026-03,2026-05,5.059187801393833,2.5935479247961557,11.195566969336843,1.6068194839350587,7.325707024009158,0.4414500420208637,0.0,0.9803921568627445,-1046.0385819047508,61.170212765957444,97.87234042553192,4.8690467205506724,-0.17471141151005207,0.40250274763409083,0.6531675827888344,0.42662789120620875,0.9995621906045408,0.06124113475177306,0.2661399940893904,0.07083049645390073,0.9999273131047647,-502.32232239664586,apoio_producao,Apoio e produção
sinapi_es,Livro SINAPI: Cálculos e Parâmetros,MES,460,184,3,linear_simples,2026-03,2026-05,8.203806006647348,4.666744787411062,18.28730630764775,1.2555314541594051,12.167141329792228,0.4620407139909131,0.0,1.2514911539726534,-1675.5591137816245,50.21739130434783,97.3913043478261,-7.194057553394957,-0.2257593281725187,48.8037488603337,88.10548156808653,7762.575882344436,0.9997003534320787,12.136304347826092,49.25710485057838,2426.262378260872,0.9999063427906482,-219.93967148386466,apoio_producao,Apoio e produção
sinapi_es,Locação de Obras,M,12,4,3,linear_multipla,2026-03,2026-05,0.9099334794721146,0.7460107622039207,1.9194333662990335,0.42959407595560073,1.370662524501967,0.8254270797376791,1.0789854724402452,1.4228830073697136,-10.237900089404816,100.0,100.0,0.027146314589055028,-0.8254270797376791,0.33127034065937094,0.5681033984225399,0.32274147129923914,0.9998233783480012,0.5991666666666667,0.8258884105414405,0.6820916666666669,0.9996267224150144,52.683563357920264,preliminares,Serviços preliminares
sinapi_es,Locação de Obras,UN,12,4,3,linear_multipla,2026-03,2026-05,1.1699192722234304,1.05175382781343,2.5985582795441067,0.5156172776176708,1.51929902451219,0.6653726391215983,0.5952604109043799,1.347358036049613,-75.82918254166823,100.0,100.0,0.36113318096473157,-0.6653726391215983,0.8918315494314245,1.3752143916972355,1.8912146231311973,0.999780052837875,1.3041666666666643,1.9272108516368043,3.7141416666666562,0.999568047481591,49.080708468815295,preliminares,Serviços preliminares
sinapi_es,Louças e Metais,UN,108,108,1,linear_simples,2026-05,2026-05,1.221331887635753,0.4320428112282503,3.4436240631450867,0.18345778991864176,1.8406562966280478,0.923156320574634,0.12156861747036707,2.7026604113216397,-32.299574884079725,97.22222222222221,97.22222222222221,0.291976149581902,0.14134221480060916,3.2088685250244606,5.822627314536738,33.902988843989306,0.9996819561113817,2.950370370370371,5.999589800792865,35.99507777777777,0.9996623302281623,5.812152835741495,hidrossanitarias,Instalações hidráulicas e sanitárias
sinapi_es,Luminárias Externas,UN,54,18,3,linear_simples,2026-03,2026-05,1.5784147595325595,1.4124163622712036,3.0471460648813817,0.5924090599878198,1.7313400118836793,0.9385006404811392,0.4275173100747105,2.0937241504889603,-68.1847290720395,98.14814814814815,96.29629629629629,-0.10156889604678566,-0.37666110679657866,2.6492903671520276,3.943774267646495,15.55335547415065,0.9997107213228006,1.6746296296296361,2.5931637333859534,6.724498148148176,0.9998749302726117,-131.2939215907704,eletricas,Instalações elétricas e comunicação
sinapi_es,Massa Única Externa,M2,309,103,3,linear_multipla,2026-03,2026-05,0.7302113969982401,0.6736849644114329,1.4264212217590788,0.3109534292508073,1.1079762717079629,0.8577624264771878,0.5267470443638099,2.0994791635680294,14.870204795842724,100.0,100.0,-0.4018192753097017,-0.7483826481555415,0.7375731459741474,0.9415835031490942,0.8865794934025204,0.9990980714184107,0.8530097087378642,1.1431914675117139,1.306886731391586,0.9986704875256947,32.160953806724955,revestimentos_forros,Revestimentos e forros
sinapi_es,Massa Única Interna,M2,150,50,3,linear_multipla,2026-03,2026-05,1.0765632409210142,1.0269514658883647,2.0362587255261144,0.4270534276946561,1.6729513656932606,1.02494189140196,0.5052483390597116,2.5162714902684957,-5.036514748016042,100.0,100.0,-0.8546070327651512,-0.9587397429304989,0.49005953165759014,0.5975846404406621,0.3571074024905954,0.9967812804650396,0.45693333333333347,0.6341713753657867,0.4021733333333335,0.996375087283512,11.205598956354986,revestimentos_forros,Revestimentos e forros
sinapi_es,Mobiliário Urbano,UN,9,3,3,linear_multipla,2026-03,2026-05,0.09817712571929535,0.09536185747357916,0.17405765306996757,0.038829749855308536,0.1251576324952247,0.06329469922156014,0.015393970181883257,0.15961964108530804,-55.11113399185436,100.0,100.0,-0.08618492384933406,-0.06329469922156014,1.295159912445418,1.6426398340656765,2.698265624459313,0.9985692221345926,0.8377777777777737,1.4129716518348625,1.9964888888889396,0.9989413451052187,-35.150545513975636,urbanizacao_infraestrutura,Urbanização e infraestrutura externa
sinapi_es,Monocapa,M2,36,12,3,linear_simples,2026-03,2026-05,0.8309583901650733,0.967016778201904,1.2481775764804253,0.34234984482595443,1.1868544323607835,0.8693801814296648,0.9500604444479201,1.3118097980147612,4.4194464154230175,100.0,100.0,0.13418925660330744,0.23506874595899355,1.3819427923483987,1.572705950305873,2.473404006127499,0.9964879588069976,1.4583333333333333,1.6151539314326115,2.6087222222222213,0.9962958174714491,5.18714545159402,revestimentos_forros,Revestimentos e forros
sinapi_es,Montagem de gruas e cremalheiras,M,12,4,3,linear_multipla,2026-03,2026-05,2.4807560828475075,2.5061980555115895,2.6213264074522593,2.392294783725416,2.5682450364743907,0.18707466226294614,0.0,0.587294433978147,-1226.0780764423546,100.0,100.0,0.7396043935000095,0.18707466226294614,4.518481281847387,4.904132652162208,24.050517070003536,0.995561052964243,0.3291666666666669,0.6044901432888161,0.3654083333333334,0.999932557448417,-6481.81953613634,preliminares,Serviços preliminares
sinapi_es,Montagem de gruas e cremalheiras,UN,12,4,3,linear_multipla,2026-03,2026-05,2.0612198914554516,2.0140511000102053,3.453162837509619,1.3969427151903466,2.584100291209386,0.3192715825709204,0.08264993339860126,0.6025308550609911,-545.6008000641864,100.0,100.0,-0.1373991627723006,-0.035151718486890214,146.33687489323077,182.43181532888684,33281.367244193076,0.9993779695865908,20.22916666666659,37.58663647716638,1412.7552416666542,0.9999735955340845,-2255.7772969173634,preliminares,Serviços preliminares
sinapi_es,Paisagismo - Plantio,M2,24,8,3,linear_simples,2026-03,2026-05,7.281564140839424,2.6760378695098557,30.31988939847274,1.651083485186603,3.7841709890669386,0.8919040018367682,0.06105006105005975,2.6394279510938503,-716.4067125883419,83.33333333333334,91.66666666666666,6.2273758735324,-0.44602162237112397,0.3161423580057134,0.4054671342857088,0.164403596985865,0.9997644674138226,0.19374999999999978,0.40847786557739757,0.1668541666666665,0.9997609566085537,1.468689532756541,urbanizacao_infraestrutura,Urbanização e infraestrutura externa
sinapi_es,Paisagismo - Plantio,UN,12,4,3,linear_multipla,2026-03,2026-05,0.5355304562954223,0.5628335324325642,0.8076114135168329,0.40638970282192044,0.6909999105684294,0.17454845996985677,0.013431111827432495,0.3115407529539982,-206.8090411040604,100.0,100.0,0.38229785554402973,-0.17454845996985677,0.9415488093738537,1.2891760803601529,1.6619749661727674,0.9998843051354089,0.4833333333333301,1.132467806753607,1.2824833333333245,0.9999107226410685,-29.590375404965275,urbanizacao_infraestrutura,Urbanização e infraestrutura externa
sinapi_es,Paredes de Concreto - Armação,KG,48,16,3,linear_simples,2026-03,2026-05,4.057960707895606,1.9410959288910976,8.34868492541128,1.481131638869118,7.0288790299778015,3.072931222860388,0.5679949082483475,7.750707749028939,-32.055044958615085,66.66666666666666,70.83333333333334,-1.2694575780704067,0.5891852817477613,0.4173733979355146,0.5850473215359234,0.3422803684363582,0.8762730162665046,0.31666666666666665,0.5899646882088225,0.3480583333333332,0.8741844063585318,1.6600564743385986,estruturas,Estruturas
sinapi_es,Paredes de Concreto - Concretagem,M3,36,12,3,linear_simples,2026-03,2026-05,0.07288356193457421,0.0631903494157033,0.10318737908135321,0.05223364616059098,0.09037943785359281,0.0529251024288307,0.0,0.15296902175441784,-37.71076217109261,100.0,100.0,0.0072416774188103295,-0.0529251024288307,0.6457670910107348,0.7741418900290945,0.5992956658978187,0.9997753708565974,0.4683333333333432,0.9159027119611646,0.838877777777816,0.9996855702329176,28.559835321260913,estruturas,Estruturas
sinapi_es,Paredes de Concreto - Estucamento,M2,93,31,3,linear_multipla,2026-03,2026-05,1.8125664603697316,1.876226785417179,3.0377399887964645,0.7914241308678919,2.844978361077441,1.3857162417809719,0.3084515731030272,3.860688374902178,-30.8035805397039,100.0,100.0,-1.5476334462482362,-1.3294089854287545,0.1686075743182167,0.21114290495264984,0.04458132631184373,0.9983500058968737,0.13903225806451608,0.22745199186234993,0.0517344086021505,0.9980852640290426,13.826546941544489,revestimentos_forros,Revestimentos e forros
sinapi_es,Paredes em Drywall,M2,63,21,3,linear_multipla,2026-03,2026-05,1.4273081763817135,1.5519820551870338,2.2539804431031936,0.9903831533803863,1.8394441078222536,1.302116805144962,1.203028801924838,2.144294952115522,-9.614450158548879,100.0,100.0,-0.28600790075628707,-0.38134268255715725,2.0618866911530502,2.4311101514420606,5.910296568444638,0.9969468506298056,1.8755555555555559,2.271285210610174,5.158736507936503,0.9973350925900576,-14.568684780699515,alvenaria_vedacoes,Alvenaria e vedações
sinapi_es,Parquinhos e Equipamentos de Ginástica ao Ar Livre,UN,51,17,3,linear_multipla,2026-03,2026-05,0.08293882540833768,0.07547486683008739,0.18111836108356308,0.013127776242000875,0.11956675692951119,0.05116828780715158,0.018610999100469084,0.15314317018813178,-62.09028865872205,100.0,100.0,-0.07611983750792811,-0.05116828780715158,2.4320183284683963,3.1828949961469526,10.13082055649731,0.9999951003491858,1.4874509803921192,2.3469755255747557,5.508294117646901,0.9999973359790939,-83.91938302715606,urbanizacao_infraestrutura,Urbanização e infraestrutura externa
sinapi_es,Passeios de Concreto,M2,12,4,3,linear_simples,2026-03,2026-05,1.393132830723939,1.0095222979734353,3.0580452245261283,0.6141803529153862,2.2928872956782795,0.974427241917514,0.5415075566599155,2.5264138640409053,-42.96940508174635,100.0,100.0,-1.393132830723939,-0.9190868158858345,1.2940446456140957,1.6107471485540477,2.5945063765749956,0.9677635071518913,0.8958333333333334,1.2706658359563563,1.614591666666666,0.9799388534231219,-60.69117846565933,urbanizacao_infraestrutura,Urbanização e infraestrutura externa
sinapi_es,Passeios de Concreto,M3,9,3,3,linear_simples,2026-03,2026-05,0.3147749589329712,0.18071238086200261,0.9580101094665936,0.025228730436280416,0.29208447729142684,0.3757107779713071,0.03712119507750916,1.3678533133809934,16.21881048165979,100.0,100.0,-0.18957372030000375,-0.37419275719139333,2.7068140252451434,4.147693353733097,17.20336015660171,0.8986821293632674,3.2233333333333323,5.76304992555543,33.21274444444445,0.8043960880617986,48.20253356244596,urbanizacao_infraestrutura,Urbanização e infraestrutura externa
sinapi_es,Pavimentações Diversas - Paralelepípedos e Pedras Poliédricas,M2,12,4,3,linear_simples,2026-03,2026-05,0.6059874532575221,0.41021042404555585,1.3773936539216936,0.08635247897900766,1.1527116417434708,1.017781199098515,0.9757641386734808,1.7475366490535638,40.459948189820494,100.0,100.0,-0.5766192487929924,-1.017781199098515,0.848549686171611,1.4171758323198447,2.0083873397114442,0.9997037404137428,1.3458333333333314,1.8243469151087095,3.328241666666665,0.9995090471446247,39.656204661276746,urbanizacao_infraestrutura,Urbanização e infraestrutura externa
sinapi_es,Pavimento Intertravado,M2,54,18,3,linear_multipla,2026-03,2026-05,1.7083277501045029,1.426862155389305,3.221576207043963,0.6989236422737174,2.524137487892023,1.9192123376367727,2.569057603982854,2.9404693713054035,10.988080026201953,96.29629629629629,100.0,-0.8000885875749263,-1.9192123376367727,2.056779854661609,2.862770680854407,8.195455971159605,0.980860996497467,2.1188888888888893,2.5009612966632284,6.254807407407418,0.9853930298327134,-31.026511886743698,urbanizacao_infraestrutura,Urbanização e infraestrutura externa
sinapi_es,Pavimento Rígido de Concreto,KG,18,6,3,linear_multipla,2026-03,2026-05,4.102780400865816,1.1601430688520287,12.140102066422083,0.457777047382131,7.470386235159355,4.105839486998446,1.0518930968468807,12.54161279896574,0.0745057409651863,66.66666666666666,66.66666666666666,2.1354738590952174,2.562837663789567,0.9578743792797275,1.6044972273884048,2.574411352697078,0.9932940435470783,0.963888888888889,1.5795727270372828,2.495049999999998,0.9935007679987374,-3.1807519968369395,urbanizacao_infraestrutura,Urbanização e infraestrutura externa
sinapi_es,Pavimento Rígido de Concreto,M2,69,23,3,linear_simples,2026-03,2026-05,3.244472976980089,0.6900436029435953,1.8463973994830283,0.48548072436707834,0.8676227913601223,0.6755988348250587,0.3907356022424813,1.640954939816196,-380.2366152422718,95.65217391304348,100.0,2.159848813832801,-0.054900631259073,1.6523199499043069,2.068608789430545,4.279142323709306,0.9986745821784135,1.3639130434782611,1.9308010652636363,3.7279927536231923,0.9988452947668929,-14.784083728447643,urbanizacao_infraestrutura,Urbanização e infraestrutura externa
sinapi_es,Peitoris e Chapins,M,9,3,3,linear_multipla,2026-03,2026-05,1.3014300129763907,1.3040409856492838,2.1386173740386654,0.5887314744384146,1.9997097437241327,0.6472536681993523,0.06416426050690009,1.841856405780742,-101.06954613280831,100.0,100.0,-0.41873844304960095,-0.1282089335294977,0.9162437818858069,1.1088101219467026,1.2294598865314614,0.9981492567500462,0.41444444444444567,0.6752036729757946,0.4559000000000039,0.9993137199050598,-169.67753597969968,pisos,Pisos e acabamentos de borda
sinapi_es,Pintura Externa,M2,93,31,3,linear_multipla,2026-03,2026-05,1.0867776871678283,1.204978218230481,1.8516493262005358,0.548745147145242,1.5729302604901922,0.39628379941826836,0.44792833146695576,0.7362636354462003,-174.24227000023274,100.0,100.0,0.7817814712655934,0.031488324804865596,0.33843915279895354,0.4542310433491724,0.20632584074207774,0.9990986392619434,0.10161290322580649,0.14591572173505654,0.02129139784946245,0.9999069858142304,-869.0572793804936,pintura,Pintura
sinapi_es,Pintura Interna,M2,42,14,3,linear_multipla,2026-03,2026-05,1.27770288788339,1.5377720522239513,1.995774463437881,0.6585204033746456,1.7834295026296458,0.2722369920677579,0.30303030303031003,0.5012942436180118,-369.33478003069416,100.0,100.0,1.1114750619336877,0.020414354769847855,0.23866705184169423,0.31617450899691735,0.09996632013944176,0.9988106691747819,0.04809523809523825,0.07040698017343792,0.00495714285714288,0.9999410233086825,-1916.6116454642336,pintura,Pintura
sinapi_es,Pintura em Madeira,M2,87,29,3,linear_multipla,2026-03,2026-05,1.7738374893274202,1.469017348708094,2.6588178036480508,0.984230602431504,2.25347729469169,0.47540885044725567,0.22935779816513271,1.2834377394594563,-273.1183144063531,96.55172413793103,100.0,1.5135092451381746,-0.10592345722902807,0.3370577482711868,0.4229854986926918,0.1789167321043052,0.9989221850803314,0.128850574712644,0.29387032874202035,0.0863597701149431,0.9994797588375649,-107.17601710399491,pintura,Pintura
sinapi_es,Pintura em Superfícies Metálicas,M2,120,40,3,linear_multipla,2026-03,2026-05,1.1619020924791728,1.2887342949159017,1.8852480251759645,0.4856127408038348,1.6982485980678403,0.4058524523180632,0.2404026866910186,1.0250312673313322,-186.28682316513382,100.0,100.0,1.152102292223862,-0.3375156910057351,0.38771081363852067,0.5122970146278819,0.26244823119664024,0.9991386637639394,0.11566666666666663,0.1876255135458216,0.03520333333333329,0.9998844651896038,-645.5209673230961,pintura,Pintura
sinapi_es,Pintura para Pisos e para Sinalização Horizontal e Vertical,M,27,9,3,linear_multipla,2026-03,2026-05,1.6697694379948198,2.063546197898589,2.6005271031940054,0.9551430120456816,2.1684171783388915,0.16246694548317195,0.07137758743754309,0.49055961795847897,-927.7594824159304,100.0,100.0,1.6680858327488375,-0.06942930865185774,0.15330211853465806,0.1836854788475715,0.033740355139461636,0.9984383526424618,0.01777777777777776,0.035381518506868194,0.0012518518518518564,0.9999420589638611,-2595.2354697202986,pintura,Pintura
sinapi_es,Pintura para Pisos e para Sinalização Horizontal e Vertical,M2,33,11,3,linear_multipla,2026-03,2026-05,1.4564812978375825,1.4187940658950275,2.3459768271662416,0.7314338421733607,1.7225720430486837,0.5770112957124507,0.2197802197802151,1.858963754915496,-152.41816038267112,100.0,100.0,0.3494373408607736,-0.39895281896659773,0.5078611746907283,0.6980308252104684,0.4872470329440075,0.9994369563918252,0.16212121212121164,0.2862664577775132,0.08194848484848473,0.9999053035370687,-494.57723208047446,pintura,Pintura
sinapi_es,Pisos,M,12,12,1,linear_multipla,2026-05,2026-05,0.692924909017213,0.3528352123986469,1.993413379872256,0.18928294923797814,0.7243846415301229,0.5559114367405416,0.0672639386368803,1.943523706130479,-24.64663671609607,100.0,100.0,-0.3596282564862994,-0.5209702049212632,0.720146604361427,1.641290439545512,2.6938343069434993,0.9983043010688957,0.6216666666666685,1.5409196388304442,2.374433333333347,0.9985053557099137,-13.45167156838055,pisos,Pisos e acabamentos de borda
sinapi_es,Pisos,M2,28,28,1,linear_simples,2026-05,2026-05,1.8217397258797337,0.6352945723314534,3.10963247791758,0.301500328659432,1.7039924165521803,1.2039262518325509,1.0288215812829327,3.403412928480025,-51.3165547396928,92.85714285714286,100.0,0.4520843289006603,-1.1220379645332328,2.2366721727956005,3.9479943598002456,15.58665946501455,0.9991138740861915,2.389642857142859,4.403706636784193,19.39263214285715,0.9988974986001771,19.625869504488307,pisos,Pisos e acabamentos de borda
sinapi_es,Postes de Concreto e Metálicos,UN,147,49,3,linear_simples,2026-03,2026-05,1.5235560758796298,1.5930330205916357,2.1379397727675946,1.2302043290805877,1.8885830352899027,1.2498378847276654,0.41668489966986905,3.8922621766131225,-21.900295590064182,100.0,100.0,0.6146569793464655,-1.2498378847276654,19.365650850863403,20.369300878139015,414.9084182641548,0.998874343632243,16.422517006802718,24.310519922691178,591.0013789115646,0.9983965992584383,29.795693704085206,eletricas,Instalações elétricas e comunicação
sinapi_es,Poços de Visita e Caixas para Bocas de Lobo,M,228,76,3,linear_multipla,2026-03,2026-05,1.788391043451388,1.6619277084688733,2.5890005094952055,1.4504522633759465,2.388739269150036,1.003069435422796,1.1033536895077458,2.191446702081472,-78.29184902813606,100.0,100.0,-1.2140750177445176,-0.9797705974030756,50.812519840968044,59.785434170422455,3574.298138945917,0.9978735837462457,30.25548245614035,42.86027295534896,1837.0029978070177,0.9989071328465386,-94.57225400355101,urbanizacao_infraestrutura,Urbanização e infraestrutura externa
sinapi_es,Poços de Visita e Caixas para Bocas de Lobo,UN,200,99,3,linear_multipla,2026-03,2026-05,1.1099780444082192,0.6776495834537394,1.958281808402783,0.4352042833284153,1.4310823461091537,1.2111576859157391,1.2413825960525096,1.8315999728598842,8.353961064204404,98.0,100.0,0.21224075808060797,-0.355677329983746,59.67506642898983,88.70933682441424,7869.346439827375,0.9996883844919123,89.05420000000004,120.24854274792698,14459.71203300002,0.9994274149007901,45.57743320290254,urbanizacao_infraestrutura,Urbanização e infraestrutura externa
sinapi_es,Produção de Concreto,M3,87,29,3,linear_simples,2026-03,2026-05,0.6339399348993928,0.6981237880208472,1.1779084693596666,0.1590686220592838,0.9896314190470166,1.258299876339794,1.3626897654905945,1.8918430878950159,49.6193278868127,100.0,100.0,-0.5751107988252446,-1.258299876339794,3.9325724992763047,4.78606428065844,22.90641129859459,0.9984041168658518,7.706321839080455,8.3975770315014,70.51929999999989,0.9950869405060915,67.51752882034475,apoio_producao,Apoio e produção
sinapi_es,"Radier, Piso de Concreto e Laje sobre Solo",KG,18,6,3,linear_simples,2026-03,2026-05,4.014040054950085,2.5122696478995805,7.720804158002273,1.942909173501966,7.542096805146393,2.0160781611088914,0.5603432830472654,5.43350613168966,-99.10141047023032,66.66666666666666,66.66666666666666,-4.014040054950085,-1.6389199653979263,0.558259077058404,0.6721206275110196,0.45174613792580676,0.671963656793776,0.2805555555555556,0.4413426484414729,0.19478333333333356,0.8585577008415293,-131.92237764651642,fundacoes,Fundações
sinapi_es,"Radier, Piso de Concreto e Laje sobre Solo",M2,51,17,3,linear_simples,2026-03,2026-05,6.569885644939404,1.3077276141463352,18.894922184149387,0.5809656320309888,2.3765310864190097,0.7418640542854675,0.09861932938856856,1.8112900353608457,-785.5915860847637,80.3921568627451,98.0392156862745,4.53316454458968,-0.7181428915947478,2.6030406540905386,3.5351515325992766,12.497296358439014,0.9992591237923757,1.413333333333333,2.4861672210413324,6.18102745098038,0.9996335706503422,-102.18800931642525,fundacoes,Fundações
sinapi_es,Rasgos e Fixações,M,115,43,3,linear_simples,2026-03,2026-05,0.6712018671433476,0.6839247357894095,1.3588123044628944,0.35622155458969407,0.7982434367614542,0.3694919489929971,0.2932551319648161,0.8141043403783694,-81.65534295743716,100.0,100.0,0.5899570562749292,-0.12048822535223204,0.14256951199599294,0.2233327092055878,0.04987749900110764,0.9997193468086663,0.08947826086956534,0.20236213772000194,0.040950434782609034,0.9997695780574726,-21.799681165509337,apoio_producao,Apoio e produção
sinapi_es,Rasgos e Fixações,UN,126,42,3,linear_simples,2026-03,2026-05,1.4031236700533176,1.2007739233863448,2.1081376472389985,1.040088320886636,1.750794973731972,0.2310702684464078,0.0,0.7723043893129761,-507.22812999143787,100.0,100.0,1.3445767019426014,-0.06927226138063133,0.2727625703707096,0.41728655446900553,0.17412806854061433,0.9997056098366949,0.0703968253968254,0.3171487558438989,0.100583333333333,0.9998299484731328,-73.1182123021855,apoio_producao,Apoio e produção
sinapi_es,Recomposição de Pavimentos,M2,75,25,3,linear_multipla,2026-03,2026-05,1.7100946680351403,1.36889276223831,3.9438572254294906,0.24593388411726352,3.892718530515422,1.1607798973853207,0.797702616464582,2.5771719959559887,-47.3229052197718,100.0,100.0,-1.4962632689658104,-1.1607798973853207,0.8711507869055519,1.2268395326596,1.5051352388964256,0.9948382926424673,0.5959999999999999,0.7299954337756728,0.5328933333333327,0.9981724968173201,-182.4458751400707,urbanizacao_infraestrutura,Urbanização e infraestrutura externa
sinapi_es,Recomposição de Pavimentos,M3,87,29,3,linear_simples,2026-03,2026-05,1.3386149102091671,0.7727743216435151,1.9851913452393517,0.3808386574238939,1.1630885208174147,0.9332631324252976,0.5993073332329496,2.1373101843785913,-43.43381450529073,95.40229885057471,98.85057471264368,0.3191457724753395,-0.9244980083780999,6.7030741503212,39.13842698697416,1531.816467014707,0.9920189960982689,6.027126436781609,37.06463314110984,1373.7870298850578,0.9928423542364524,-11.503197634852567,urbanizacao_infraestrutura,Urbanização e infraestrutura externa
sinapi_es,Redes Enterradas de Distribuição Elétrica,M,57,19,3,linear_simples,2026-03,2026-05,1.5154409051116597,0.6067242757857259,5.8189065617344164,0.5271859014137164,1.1054163589851356,1.3718015852479752,0.16688918558077673,6.331152708438833,-10.470852447492934,82.45614035087719,82.45614035087719,-0.7846581884309763,-1.3718015852479752,2.1519205567331134,5.3519856275894195,28.643750157923716,0.9977176316964107,2.1819298245614034,5.788346883966337,33.50495964912281,0.9973302847045311,14.508925072907422,eletricas,Instalações elétricas e comunicação
sinapi_es,Redes Enterradas de Distribuição Elétrica,UN,30,10,3,linear_multipla,2026-03,2026-05,1.284741091600406,1.22493921105223,1.8988322044177648,0.946762239870711,1.700587557437362,0.19055716070050402,0.0,0.6792571059671879,-574.2024738811128,100.0,100.0,1.284741091600406,-0.19055716070050402,0.5746377798803005,0.6457127284034258,0.41694492762219626,0.9991950891927539,0.10533333333333322,0.22802046691762876,0.051993333333333426,0.9998996270415295,-701.919978757909,eletricas,Instalações elétricas e comunicação
sinapi_es,"Redes de Lógica, Telefonia e Imagem",M,135,45,3,linear_simples,2026-03,2026-05,1.472207620438896,1.2555189761414605,3.509010081154624,0.4238059888138816,1.840769276688747,1.6360189907101264,1.3215859030836918,4.6867150641527795,10.012803714468298,99.25925925925925,91.85185185185185,-0.49063206326321557,-1.6360189907101264,0.25769272263933135,0.579336081573878,0.33563029541337497,0.9991412761447299,0.32399999999999984,0.8259127386424377,0.6821318518518517,0.9982547377229363,50.79685921391798,eletricas,Instalações elétricas e comunicação
sinapi_es,"Redes de Lógica, Telefonia e Imagem",UN,48,16,3,linear_multipla,2026-03,2026-05,3.67712997667306,1.42119452454866,9.996754715669782,0.48478738931593085,4.376592121945836,0.6560000055775973,0.0,2.3730973837295166,-460.53810143422294,77.08333333333334,97.91666666666666,-3.3253433734342828,-0.4595591649093769,6.249167420427248,8.1882341750224,67.04717890500477,0.9999497270436116,1.2258333333333329,2.6617710269668198,7.085024999999997,0.9999946875445224,-846.322404014168,eletricas,Instalações elétricas e comunicação
sinapi_es,Redes de Água e Esgoto em PEAD Liso (Tubos e Conexões),M,36,12,3,linear_multipla,2026-03,2026-05,3.1472330247280436,1.41639199265465,8.06738419308284,0.030090775531532526,8.013618188189673,3.1410688515000085,1.4232793269972877,8.061296204039273,-0.1962444479716324,66.66666666666666,66.66666666666666,2.2150147746348594,2.188148790552899,62.41332113797047,127.71626080784138,16311.443274736559,0.9957556909593188,62.47333333333334,127.66264628134404,16297.751255555564,0.9957592536827281,-0.0840117079117136,urbanizacao_infraestrutura,Urbanização e infraestrutura externa
sinapi_es,Redes de Água e Esgoto em PEAD Liso (Tubos e Conexões),UN,138,46,3,linear_multipla,2026-03,2026-05,2.885563260728726,1.320603689067204,7.880485552933784,0.7991657391359657,3.678953791234664,1.0538625438644553,0.0,6.053166957863083,-173.80831376239314,78.98550724637681,88.40579710144928,2.7437080829214526,0.7654958503372085,6.525077929513377,26.964031533863473,727.0589965591837,0.9977074915423733,5.888623188405798,26.781411179820388,717.2439847826085,0.9977384395089289,-1.36843417091187,urbanizacao_infraestrutura,Urbanização e infraestrutura externa
sinapi_es,Revestimentos Cerâmicos Externos,M2,24,8,3,linear_simples,2026-03,2026-05,2.1974284936904804,2.1611929394834704,3.9181040352934957,0.82374154880821,3.577619471651468,2.0369879034225917,2.7240254021680927,3.312793690008565,-7.876364410329238,100.0,100.0,-0.7458254242645316,-0.2150383802566785,6.293594680151311,7.518024137888755,56.52068693787796,0.9801845381961121,5.776666666666671,7.182118420076357,51.582825000000106,0.9819156922199553,-9.572686137057916,revestimentos_forros,Revestimentos e forros
sinapi_es,Revestimentos Cerâmicos Internos,M,12,4,3,linear_multipla,2026-03,2026-05,2.289109331102004,0.5372420309465589,6.278470993399938,0.42401559143662426,5.379286832747569,1.8415563565762565,2.1627293591827743,3.3346366874690134,-24.30297465117054,66.66666666666666,100.0,-1.7271653893518515,-0.4138484949628705,0.24026964768013545,0.3827671117017371,0.14651066180049008,0.9705492846907899,0.18833333333333369,0.242039941607441,0.05858333333333345,0.9882239213811347,-150.08932313028126,revestimentos_forros,Revestimentos e forros
sinapi_es,Revestimentos Cerâmicos Internos,M2,114,38,3,linear_multipla,2026-03,2026-05,2.2710807165363414,0.8443044471273247,5.6752048994324795,0.3397564104753957,5.191878625114356,1.8127792093950006,2.0721356116427234,3.2945002752206727,-25.28170583412058,66.66666666666666,100.0,-1.5361836814274166,-0.4079108892797295,2.4693631733116312,4.882838061869627,23.84210753844274,0.9953024216071539,1.8895614035087722,2.9889487971995594,8.933814912280694,0.9982397824592499,-166.8748767748552,revestimentos_forros,Revestimentos e forros
sinapi_es,Sinalização Vertical Viária,UN,12,4,3,linear_multipla,2026-03,2026-05,0.8319997418742756,0.835429306557957,0.9191573166140726,0.7818270538749283,0.8690234660489924,0.3290047469537693,0.23979682681919778,0.650782102205751,-152.8838108196614,100.0,100.0,0.29312292847636406,-0.16824283425392197,1.1796156033036702,1.2011182022978728,1.442684935891274,0.9963532670965132,0.45666666666667055,0.5298112871579866,0.28070000000000256,0.9992904632878998,-413.9597206595157,urbanizacao_infraestrutura,Urbanização e infraestrutura externa
sinapi_es,Sistema de Proteção contra Descargas Atmosféricas - SPDA,M,21,7,3,linear_simples,2026-03,2026-05,1.8797496172572128,0.66569092848144,6.0066252951647865,0.4117057968324315,3.4357731208751603,1.8802201071251803,0.33112582781457717,6.6111260413867265,0.025023127142644156,85.71428571428571,85.71428571428571,-1.2077478234550167,-1.8802201071251803,2.27130128120472,3.44466802544358,11.865737805513374,0.9912629872140849,2.278571428571427,3.8914405460972272,15.143309523809487,0.9888496365671322,21.643694947546702,eletricas,Instalações elétricas e comunicação
sinapi_es,Sistema de Proteção contra Descargas Atmosféricas - SPDA,UN,45,15,3,linear_multipla,2026-03,2026-05,1.003239818914803,0.9748446948500464,1.9421156407055529,0.5175275410675412,1.4313918069115366,0.3251182323896064,0.15756302521007134,0.8613080302659177,-208.57691724669797,100.0,100.0,0.9892018756206766,-0.04284412764986741,0.6159963959538447,1.0078392158028353,1.015739884910074,0.9996279278636735,0.2988888888888887,0.5999203650856052,0.35990444444444586,0.9998681646575986,-182.22487957268382,eletricas,Instalações elétricas e comunicação
sinapi_es,Sistemas de Medição,UN,138,46,3,linear_simples,2026-03,2026-05,2.7077357334751384,1.8060857847318181,5.8716643892512534,1.109749683882631,3.3517106464539452,1.3224334732550076,0.4530342540902993,4.25812310456735,-104.75402265872621,82.6086956521739,94.92753623188406,2.5801805222604477,0.5434015440141359,22.09941430384385,35.6593200568826,1271.5871069191899,0.9968858409716225,13.098405797101455,27.984930831131056,783.1563536231896,0.9980820240972906,-62.36695278488482,hidrossanitarias,Instalações hidráulicas e sanitárias
sinapi_es,Solda de Topo em Elementos de Aço,M,18,6,3,linear_simples,2026-03,2026-05,0.43875178519190877,0.4240515941424362,0.7754664616588951,0.2027867345775707,0.6567648118890095,0.10459210663723328,0.0,0.37363038672043264,-319.4884291925328,100.0,100.0,0.3816634016146787,0.10459210663723328,0.4799222882297561,0.521308181734771,0.271762220343613,0.9998881108201766,0.15722222222222212,0.3329581221581937,0.11086111111111065,0.9999543565739901,-145.13755781433503,estruturas,Estruturas
sinapi_es,Supressão Vegetal,UN,30,10,3,linear_multipla,2026-03,2026-05,1.0315097294434699,1.043628954627656,2.3157071050020974,0.5741232118008536,1.1063870988623572,0.5006847556162353,0.15800823029537195,1.9672727738618998,-106.01979945922324,100.0,100.0,-0.13311146945269223,-0.4124004786473613,2.9366503332523237,4.626253612440667,21.402222486620325,0.9995644849309951,1.5686666666666658,3.5926341311076944,12.907019999999937,0.9997373543000283,-65.81846535157169,preliminares,Serviços preliminares
sinapi_es,Telhamento para Cobertura,M,45,15,3,linear_simples,2026-03,2026-05,1.0437441651810102,0.9107572631935656,2.559469877991659,0.2231313864284382,1.33534928602594,1.1136651555009895,0.6716032374720176,2.2980178065306056,6.278457216211001,100.0,100.0,0.22751494346937168,-0.4381693470032362,1.0581587941798185,1.8072398466895019,3.266115863462294,0.9988530936087106,1.0697777777777762,1.6484969585116653,2.717542222222211,0.9990457268898104,-20.1863888904548,coberturas,Coberturas
sinapi_es,Telhamento para Cobertura,M2,78,26,3,linear_multipla,2026-03,2026-05,1.616043060193077,0.80329446566655,3.1857293866363867,0.6364122173635387,1.4628903186935942,0.9357723638031741,0.06506412385118544,3.1229017178172347,-72.69617299074115,92.3076923076923,97.43589743589743,0.005039258593088599,-0.3485225093360266,2.1606277220981713,5.604430328233229,31.409639304020413,0.998770039570708,1.4105128205128223,4.385644121332051,19.23387435897438,0.9992468266147684,-63.30375626772727,coberturas,Coberturas
sinapi_es,Transformadores,UN,36,12,3,linear_multipla,2026-03,2026-05,1.934832627085681,0.4612092600356994,4.837579246456218,0.0664978112472243,0.8763745145555755,0.7668163510790682,0.6281807829826748,1.5250282140818505,-152.32020996461196,91.66666666666666,100.0,1.9287114511785295,0.42061568229787194,166.74824804397915,289.8306484128806,84001.8047594308,0.9999373156029978,342.6152777777771,537.9326203392005,289371.5040249984,0.9997840632318393,70.97094786770226,eletricas,Instalações elétricas e comunicação
sinapi_es,Transporte de Materiais dentro do Canteiro de Obras,KG,6,3,2,linear_simples,2026-03,2026-04,2.486772486772279,2.38095238095234,3.968253968253503,1.42857142857133,3.5714285714282124,0.0,0.0,0.0,,100.0,100.0,2.486772486772279,0.0,0.0006878306878306331,0.000694916695056225,4.829092130678663e-07,0.996895583630278,0.0,0.0,0.0,1.0,,apoio_producao,Apoio e produção
sinapi_es,Transporte de Materiais dentro do Canteiro de Obras,KGXKM,30,15,2,linear_multipla,2026-03,2026-04,4.215888896783465,2.7610430998911344,5.391322748987963,0.6427935719515386,5.1729898454420855,4.802062819226225,2.564102564102566,7.325340981091806,12.206710834682761,70.0,50.0,-4.215888896783465,-4.802062819226225,0.0908906731680548,0.16891262405030077,0.028531474563558246,0.9971677364279106,0.11100000000000002,0.22815930107419835,0.05205666666666669,0.9948324367057875,45.191506889495614,apoio_producao,Apoio e produção
sinapi_es,Transporte de Materiais dentro do Canteiro de Obras,LXKM,8,4,2,linear_multipla,2026-03,2026-04,9.009777942419637,2.840769872049113,19.78291647968616,0.8529413434010412,5.260824461157872,9.594738820950111,4.397981254506124,21.160454057370753,6.096683708088143,62.5,50.0,-9.009777942419637,-9.594738820950111,0.09548601939276061,0.16862496988004477,0.028434380467046005,0.9686504547062906,0.10499999999999997,0.18013883534651817,0.032449999999999986,0.9642231436707455,12.374790548394401,apoio_producao,Apoio e produção
sinapi_es,Transporte de Materiais dentro do Canteiro de Obras,M2,6,3,2,linear_multipla,2026-03,2026-04,2.68330512303798,2.5611214694695317,4.743866252314085,0.7857655075484388,4.636248131449074,3.292618935701004,3.164556962025319,6.713299845077692,18.505445803533284,100.0,50.0,-2.68330512303798,-3.292618935701004,0.03367695987977289,0.0443724360994676,0.0019689130854013354,0.9876369854927445,0.041666666666666664,0.06231639698613307,0.0038833333333333346,0.9756161373031238,49.29837548322743,apoio_producao,Apoio e produção
sinapi_es,Transporte de Materiais dentro do Canteiro de Obras,M2XKM,28,14,2,linear_multipla,2026-03,2026-04,9.592876602136789,3.003162889633394,23.658480765114696,0.7047579572719633,5.243811892429203,9.831164605121147,3.974786324786318,22.173411981315454,2.4238023932610373,67.85714285714286,50.0,-8.126257674329777,-8.679984690573374,3.06841111210953,7.078512317951893,50.10533663539669,0.9789654719329968,3.007857142857142,6.77335958000164,45.87839999999999,0.9807399658944221,-9.21334797071541,apoio_producao,Apoio e produção
sinapi_es,Transporte de Materiais dentro do Canteiro de Obras,M3XKM,6,3,2,linear_multipla,2026-03,2026-04,8.930894240397892,3.2608326291648506,22.8948098362842,1.0791434248434975,4.807688729566165,9.276191553241757,4.003799644663788,23.824775015061483,3.7224038643660147,83.33333333333334,50.0,-8.930894240397892,-9.276191553241757,99.91275884627476,169.3591222929407,28682.512303835247,0.9007101428032567,107.93833333333332,176.7269344214401,31232.40934999999,0.8918831993717274,8.164266219713673,apoio_producao,Apoio e produção
sinapi_es,Transporte de Materiais dentro do Canteiro de Obras,MXKM,54,27,2,linear_multipla,2026-03,2026-04,3.7966230187600103,0.8918360998343983,5.319541799595444,0.6543112337951922,5.3051903156594,4.415528751796692,1.5503875968992262,7.2340209708074426,14.016571238152324,51.85185185185185,51.85185185185185,-3.7966230187600103,-4.415528751796692,0.8871744977880776,2.967162083529748,8.804050829936596,0.9619546518870931,1.0022222222222226,3.120489040495392,9.737451851851851,0.95792110329751,9.585680485164533,apoio_producao,Apoio e produção
sinapi_es,Transporte de Materiais dentro do Canteiro de Obras,UN,10,5,2,linear_multipla,2026-03,2026-04,2.8616928980176746,2.7446449532192188,5.607294017776659,0.6064922150110982,5.1052395919743425,3.577145598539775,3.3472803347280364,7.561683599419455,20.000659207557973,70.0,50.0,-2.71842228239179,-3.577145598539775,0.036622619156942156,0.05562744083128425,0.00309441217343803,0.9959600653648016,0.04600000000000004,0.0772010362624752,0.00596000000000001,0.9922188741912068,48.08033266043583,apoio_producao,Apoio e produção
sinapi_es,Transporte de Materiais dentro do Canteiro de Obras,UNXKM,36,18,2,linear_multipla,2026-03,2026-04,9.032530200988056,4.743516624174655,29.724457553695544,0.7651791025587255,5.263281915895165,9.509934159326182,5.791139240506334,30.49724740444538,5.020055347806446,63.888888888888886,50.0,-9.032530200988056,-9.509934159326182,1.4081219972997046,2.869013782283598,8.231240082933239,0.9942025703724883,1.6019444444444448,3.3325528252877463,11.10590833333334,0.99217788311805,25.884134499580334,apoio_producao,Apoio e produção
sinapi_es,"Transporte, Carga e Descarga de Materiais",M3,22,22,1,linear_simples,2026-05,2026-05,0.2747208545459643,0.28814015201755633,0.39121367114662325,0.18336702335223998,0.3620244806688839,0.38099857979066215,0.39471429461615204,0.5118351434140805,27.894520053878328,100.0,100.0,0.2747208545459643,0.38099857979066215,0.03414264061120364,0.042637656219343435,0.0018179697278789162,0.9999427839661779,0.04681818181818183,0.05708844812298636,0.003259090909090904,0.9998974282944186,44.21850207345018,apoio_producao,Apoio e produção
sinapi_es,"Transporte, Carga e Descarga de Materiais",M3XKM,35,35,1,linear_simples,2026-05,2026-05,0.3744302675316134,0.3343860815682911,0.5143488284969193,0.25330515128858383,0.44725518253154345,0.454088793835791,0.43103448275863065,0.6032423825721942,17.542499921939044,100.0,100.0,0.34567722496878184,0.454088793835791,0.015102312365739438,0.019559136748363046,0.0003825598303411658,0.9999515899401199,0.018571428571428582,0.023603873774083278,0.0005571428571428564,0.9999294977754146,31.335415066970153,apoio_producao,Apoio e produção
sinapi_es,"Transporte, Carga e Descarga de Materiais",T,104,104,1,linear_simples,2026-05,2026-05,0.623461394987199,0.6664302396435001,0.7863097140730504,0.5319786693059303,0.7418134439665822,0.35031965572846835,0.3445837554880068,0.39364083870662453,-77.96928741858605,100.0,100.0,0.4876779308792338,0.35031965572846835,0.7311163093665617,1.4396436669226407,2.072573887710467,0.9999153392169892,0.3345192307692329,0.6082201334790228,0.3699317307692403,0.9999848889778197,-460.2584788822341,apoio_producao,Apoio e produção
sinapi_es,"Transporte, Carga e Descarga de Materiais",TXKM,48,48,1,linear_simples,2026-05,2026-05,0.41673001547355176,0.3433051596710366,0.6283059324761016,0.2374380405174839,0.45196993493145254,0.47674862220157066,0.4301095160574223,0.7312280701754397,12.589151584929565,100.0,100.0,0.3658915002812872,0.47674862220157066,0.01029364679516079,0.012771602457967641,0.0001631138293443651,0.9999558139833171,0.01229166666666671,0.015343293866268355,0.00023541666666666814,0.9999362278183122,30.71270965903119,apoio_producao,Apoio e produção
sinapi_es,Tubulação Flangeada para Redes de Água,M,48,16,3,linear_simples,2026-03,2026-05,0.8478008759730086,0.7052284594816337,1.6655401399640137,0.1665265469325577,1.626713545341134,1.0153341664167639,0.6751423411778719,2.1720296149351697,16.50031053667783,100.0,100.0,-0.3721060539033621,-0.8856535285161081,0.7076715228537115,1.0258023306555297,1.0522704215783165,0.9996209050333863,0.8483333333333313,1.2893053685350613,1.6623083333333302,0.9994011304421335,36.698240604481605,urbanizacao_infraestrutura,Urbanização e infraestrutura externa
sinapi_es,Tubulação Flangeada para Redes de Água,UN,144,48,3,linear_simples,2026-03,2026-05,0.977430225474833,0.6833200606328753,1.9625103537751778,0.3137432951428271,1.820053082968664,1.1271789634830351,0.7259193810041515,2.4162641352313816,13.285267278717797,100.0,100.0,-0.5230365799031227,-0.9839139464774225,3.8214514406695526,6.034191287500536,36.411464494147374,0.9996896705908038,4.45444444444445,7.410369423989608,54.91357500000008,0.9995319798990964,33.69314510274132,urbanizacao_infraestrutura,Urbanização e infraestrutura externa
sinapi_es,Tubulões,M3,8,8,1,linear_simples,2026-05,2026-05,2.709725146781735,2.7648314235657514,2.95017924377838,2.4739575915579266,2.8465580118589506,2.1548225688865386,2.14590067289588,2.400214842100132,-25.751659830717813,100.0,100.0,2.709725146781735,2.1548225688865386,27.089751562354976,27.291788660860878,744.8417283090944,0.7763458483433872,21.49624999999999,21.63764514682685,468.1876874999994,0.8594169525093655,-59.09041356605417,fundacoes,Fundações
sinapi_es,Usinagens,M3,48,16,3,linear_multipla,2026-03,2026-05,2.024271030825621,2.0646273410521507,3.5127403269631077,1.192827477758751,2.608833545489375,1.1707308718676506,1.1494762706238926,2.6172505708973075,-72.9066072714329,100.0,100.0,-2.0055202356363027,-1.1704015778739734,4.615623065958324,5.785016919947044,33.46642076407358,0.9964052876141148,2.0718750000000004,2.9278408569000716,8.572252083333344,0.9990792328538471,-290.40406696789614,apoio_producao,Apoio e produção
sinapi_es,"Vergas, contravergas e fixação de alvenaria",M,90,30,3,linear_multipla,2026-03,2026-05,1.5637622123678776,1.545566401056618,2.4036187169388166,0.9193436906820609,2.047776743097692,1.5139709642328136,1.514506040809203,2.2803583751613217,-3.288784878400563,100.0,100.0,-0.27159553823018556,-0.4878698559758407,0.7778499573203528,0.9131604570867248,0.8338620203868361,0.9980452790020639,0.7582222222222221,0.8937959001422587,0.7988711111111105,0.998127303921566,-4.380044388769853,alvenaria_vedacoes,Alvenaria e vedações
sinapi_es,Vidros e Espelhos,M2,84,28,3,linear_simples,2026-03,2026-05,3.622063273302513,3.7993950379760943,6.269354432288519,2.15342436143324,5.12525523629493,3.1227980388421748,3.156894002280292,6.000909129773313,-15.98775291422459,73.80952380952381,78.57142857142857,2.4541029114354367,1.6036814376722608,10.898122184748749,14.443833104052683,208.62431473772813,0.9888351541650895,10.436071428571427,14.046832340763657,197.3134988095238,0.9894404695918374,-5.732408576426495,esquadrias_vidros,Esquadrias e vidros
sinapi_es,Vidros e Espelhos,UN,27,9,3,linear_simples,2026-03,2026-05,3.594897865887287,3.3894785249818007,6.13993141825304,2.494792423733408,4.953890576768053,3.717341742465788,3.8090976465817312,6.302990760764337,3.293855799689847,77.77777777777779,77.77777777777779,-0.35437570958170744,-0.8077432415515917,75.3449892732666,94.6082624633508,8950.723326334271,0.992361557374607,77.87296296296299,95.4305447064145,9106.988862962975,0.9922282021928696,1.715885886983091,esquadrias_vidros,Esquadrias e vidros
sinapi_es,Válvulas e Registros para Sistemas Prediais,UN,252,84,3,linear_simples,2026-03,2026-05,1.4640571811242011,0.8051225755184366,3.9728004647969724,0.4460515437506283,1.8923965944835586,1.322578520762701,0.6805461922488607,3.792654698170515,-10.697184185322516,100.0,100.0,-0.022669863443808825,-0.6834850664460987,1.9497389281259208,3.273524571146322,10.715963117898712,0.999715806553059,1.6388492063492057,3.5698846742299093,12.744076587301585,0.9996620198284021,15.91416573424959,hidrossanitarias,Instalações hidráulicas e sanitárias
