fonte,competencia,codigo,descricao,unidade,grupo,custo,regime,publicado_em,arquivo_sha256,localizador,assinatura_tecnica,assinatura_tipo,percentual_as,status_composicao,motivo_exclusao,custo_recalculado_hierarquia,diferenca_reconciliacao,localizador_analitico,nicho_id,nicho,classe,custo_folhas_sem_truncamento,fracao_mao_obra,n_mao_obra,fracao_material,n_material,fracao_equipamento,n_equipamento,fracao_outros,n_outros,horas_mao_obra,horas_equipamento,n_recursos,n_recursos_preco_sp,diferenca_folhas_pct,assinatura_recursos,descricao_normalizada,grupo_particao
sinapi_es,2026-05,100716,JATEAMENTO ABRASIVO COM GRANALHA DE AÇO EM PERFIL METÁLICO EM FÁBRICA. AF_01/2020,M2,Pintura em Superfícies Metálicas,25.27,sem_desoneracao,2026-06-12,928df42a952625eb12d41baf2b5ab17e1207af6e7881cb9f1c7fcac4708400e3,SINAPI_Referência_2026_05.xlsx!CSD!S8356,582d297149e8ecf6dd756ed07852b5666b7d28db1ada1c9cdbe9a858b52d337d,cpu_hierarquica_v1,0.7796,ok,,25.27,0.0,SINAPI_Referência_2026_05.xlsx!Analítico!B52418,pintura,Pintura,pintura,25.3024014578921,0.18756243311441642,10,0.7858930035985835,2,0.026544563287000084,2,0.0,0,0.163678212,0.0,14,3,0.1282210442900652,8d2b532bcaafc397937a6df7b6a5b0c716baac6ea1492112292ce76a833b4cb4,jateamento abrasivo com granalha de aco em perfil metalico em fabrica,v_86a9d22ec1d41eb4
sinapi_es,2026-05,100717,LIXAMENTO MANUAL EM SUPERFÍCIES METÁLICAS EM OBRA. AF_01/2020,M2,Pintura em Superfícies Metálicas,13.33,sem_desoneracao,2026-06-12,928df42a952625eb12d41baf2b5ab17e1207af6e7881cb9f1c7fcac4708400e3,SINAPI_Referência_2026_05.xlsx!CSD!S8357,fe37f7329a6705014aa7996e626d2d5f771f37347625367fac0d4a7c1b0d9204,cpu_hierarquica_v1,0.0,ok,,13.33,0.0,SINAPI_Referência_2026_05.xlsx!Analítico!B52424,pintura,Pintura,pintura,13.343210882720001,0.8952276170789994,7,0.10477238292100041,1,0.0,0,0.0,0,0.303007336,0.0,8,0,0.0991063969992576,99c392172eee8cb095f7bf42dff367ae5db529dd45c11e842b3497ba9977a30f,lixamento manual em superficies metalicas em obra,v_4c83cc4b48fe9743
sinapi_es,2026-05,100719,PINTURA COM TINTA ALQUÍDICA DE FUNDO (TIPO ZARCÃO) PULVERIZADA SOBRE PERFIL METÁLICO EXECUTADO EM FÁBRICA (POR DEMÃO). AF_01/2020_PE,M2,Pintura em Superfícies Metálicas,13.31,sem_desoneracao,2026-06-12,928df42a952625eb12d41baf2b5ab17e1207af6e7881cb9f1c7fcac4708400e3,SINAPI_Referência_2026_05.xlsx!CSD!S8384,4da82cc71ab68a3b961f67de58bdfc7da019a3f93874c85bc78277beb0221e1f,cpu_hierarquica_v1,0.0,ok,,13.31,0.0,SINAPI_Referência_2026_05.xlsx!Analítico!B52525,pintura,Pintura,pintura,13.318544505199998,0.1907308643379312,7,0.8092691356620688,2,0.0,0,0.0,0,0.06443726,0.0,9,0,0.0641961322313895,84efd68be837f3c2c3062c8c97273d9d72f21c9178364956ac25542fe4a461fa,pintura com tinta alquidica de fundo tipo zarcao pulverizada sobre perfil metalico executado em fabrica por demao pe,v_af0ea1cb6acc9fe0
sinapi_es,2026-05,100720,PINTURA COM TINTA ALQUÍDICA DE FUNDO (TIPO ZARCÃO) APLICADA A ROLO OU PINCEL SOBRE PERFIL METÁLICO EXECUTADO EM FÁBRICA (POR DEMÃO). AF_01/2020,M2,Pintura em Superfícies Metálicas,14.1,sem_desoneracao,2026-06-12,928df42a952625eb12d41baf2b5ab17e1207af6e7881cb9f1c7fcac4708400e3,SINAPI_Referência_2026_05.xlsx!CSD!S8382,a6bc2353f4d41488eb0e7ac19eaabf17438f08e7b16c1c7b178237ee57938325,cpu_hierarquica_v1,0.0,ok,,14.1,0.0,SINAPI_Referência_2026_05.xlsx!Analítico!B52517,pintura,Pintura,pintura,14.109577462479999,0.6092933318053418,7,0.39070666819465816,2,0.0,0,0.0,0,0.218071924,0.0,9,0,0.06792526581559827,84efd68be837f3c2c3062c8c97273d9d72f21c9178364956ac25542fe4a461fa,pintura com tinta alquidica de fundo tipo zarcao aplicada a rolo ou pincel sobre perfil metalico executado em fabrica por demao,v_af0ea1cb6acc9fe0
sinapi_es,2026-05,100721,PINTURA COM TINTA ALQUÍDICA DE FUNDO (TIPO ZARCÃO) PULVERIZADA SOBRE SUPERFÍCIES METÁLICAS (EXCETO PERFIL) EXECUTADO EM OBRA (POR DEMÃO). AF_01/2020_PE,M2,Pintura em Superfícies Metálicas,32.73,sem_desoneracao,2026-06-12,928df42a952625eb12d41baf2b5ab17e1207af6e7881cb9f1c7fcac4708400e3,SINAPI_Referência_2026_05.xlsx!CSD!S8385,8e97aebd181313cc7d78fa3ef8c14517d8d4d444fba9ac605818727d4361cc9b,cpu_hierarquica_v1,0.0,ok,,32.73,0.0,SINAPI_Referência_2026_05.xlsx!Analítico!B52529,pintura,Pintura,pintura,32.74860246832,0.6432682276655541,7,0.35673177233444575,2,0.0,0,0.0,0,0.534372616,0.0,9,0,0.05683613907731306,84efd68be837f3c2c3062c8c97273d9d72f21c9178364956ac25542fe4a461fa,pintura com tinta alquidica de fundo tipo zarcao pulverizada sobre superficies metalicas exceto perfil executado em obra por demao pe,v_af0ea1cb6acc9fe0
sinapi_es,2026-05,100722,PINTURA COM TINTA ALQUÍDICA DE FUNDO (TIPO ZARCÃO) APLICADA A ROLO OU PINCEL SOBRE SUPERFÍCIES METÁLICAS (EXCETO PERFIL) EXECUTADO EM OBRA (POR DEMÃO). AF_01/2020,M2,Pintura em Superfícies Metálicas,32.81,sem_desoneracao,2026-06-12,928df42a952625eb12d41baf2b5ab17e1207af6e7881cb9f1c7fcac4708400e3,SINAPI_Referência_2026_05.xlsx!CSD!S8383,d3b6a0360f419a962ac6f7d16a273363469e66bf36f88c72de3ccfe4311e8070,cpu_hierarquica_v1,0.0,ok,,32.81,0.0,SINAPI_Referência_2026_05.xlsx!Analítico!B52521,pintura,Pintura,pintura,32.819251020079996,0.8263061519438021,7,0.1736938480561981,2,0.0,0,0.0,0,0.687905804,0.0,9,0,0.028195733252037686,84efd68be837f3c2c3062c8c97273d9d72f21c9178364956ac25542fe4a461fa,pintura com tinta alquidica de fundo tipo zarcao aplicada a rolo ou pincel sobre superficies metalicas exceto perfil executado em obra por demao,v_af0ea1cb6acc9fe0
sinapi_es,2026-05,100723,PINTURA COM TINTA ALQUÍDICA DE FUNDO E ACABAMENTO (ESMALTE SINTÉTICO GRAFITE) PULVERIZADA SOBRE PERFIL METÁLICO EXECUTADO EM FÁBRICA (POR DEMÃO). AF_01/2020_PE,M2,Pintura em Superfícies Metálicas,14.26,sem_desoneracao,2026-06-12,928df42a952625eb12d41baf2b5ab17e1207af6e7881cb9f1c7fcac4708400e3,SINAPI_Referência_2026_05.xlsx!CSD!S8388,d5e48b79c3240e720756d5f670b80e2cb84a95362d6f080f269f3666221288f6,cpu_hierarquica_v1,0.0,ok,,14.26,0.0,SINAPI_Referência_2026_05.xlsx!Analítico!B52541,pintura,Pintura,pintura,14.2716995052,0.1779926423110603,7,0.8220073576889397,2,0.0,0,0.0,0,0.06443726,0.0,9,0,0.0820442159887873,1a6f1b76db8ec650c417b24195182d148bcfcde6aee6f53efd9cc67fcbbf2ce5,pintura com tinta alquidica de fundo e acabamento esmalte sintetico grafite pulverizada sobre perfil metalico executado em fabrica por demao pe,v_f6a95d0670cb6769
sinapi_es,2026-05,100724,PINTURA COM TINTA ALQUÍDICA DE FUNDO E ACABAMENTO (ESMALTE SINTÉTICO GRAFITE) APLICADA A ROLO OU PINCEL SOBRE PERFIL METÁLICO EXECUTADO EM FÁBRICA (POR DEMÃO). AF_01/2020,M2,Pintura em Superfícies Metálicas,17.96,sem_desoneracao,2026-06-12,928df42a952625eb12d41baf2b5ab17e1207af6e7881cb9f1c7fcac4708400e3,SINAPI_Referência_2026_05.xlsx!CSD!S8386,8a9d9f5062cf753d5988c266d1ca4d528cf5e3de05380bdc2c169fede8d9faa4,cpu_hierarquica_v1,0.0,ok,,17.96,0.0,SINAPI_Referência_2026_05.xlsx!Analítico!B52533,pintura,Pintura,pintura,17.97235246248,0.4783386860694651,7,0.5216613139305348,2,0.0,0,0.0,0,0.218071924,0.0,9,0,0.0687776307349616,1a6f1b76db8ec650c417b24195182d148bcfcde6aee6f53efd9cc67fcbbf2ce5,pintura com tinta alquidica de fundo e acabamento esmalte sintetico grafite aplicada a rolo ou pincel sobre perfil metalico executado em fabrica por demao,v_f6a95d0670cb6769
sinapi_es,2026-05,100725,PINTURA COM TINTA ALQUÍDICA DE FUNDO E ACABAMENTO (ESMALTE SINTÉTICO GRAFITE) PULVERIZADA SOBRE SUPERFÍCIES METÁLICAS (EXCETO PERFIL) EXECUTADO EM OBRA (POR DEMÃO). AF_01/2020_PE,M2,Pintura em Superfícies Metálicas,33.04,sem_desoneracao,2026-06-12,928df42a952625eb12d41baf2b5ab17e1207af6e7881cb9f1c7fcac4708400e3,SINAPI_Referência_2026_05.xlsx!CSD!S8389,86189036a7b7258b937dcdc6fdae76982816c9e0596686bb1384be2a1c2183bd,cpu_hierarquica_v1,0.0,ok,,33.04,0.0,SINAPI_Referência_2026_05.xlsx!Analítico!B52545,pintura,Pintura,pintura,33.06358546832,0.6371400793330353,7,0.36285992066696465,2,0.0,0,0.0,0,0.534372616,0.0,9,0,0.07138458934624789,1a6f1b76db8ec650c417b24195182d148bcfcde6aee6f53efd9cc67fcbbf2ce5,pintura com tinta alquidica de fundo e acabamento esmalte sintetico grafite pulverizada sobre superficies metalicas exceto perfil executado em obra por demao pe,v_f6a95d0670cb6769
sinapi_es,2026-05,100726,PINTURA COM TINTA ALQUÍDICA DE FUNDO E ACABAMENTO (ESMALTE SINTÉTICO GRAFITE) APLICADA A ROLO OU PINCEL SOBRE SUPERFÍCIES METÁLICAS (EXCETO PERFIL) EXECUTADO EM OBRA (POR DEMÃO). AF_01/2020,M2,Pintura em Superfícies Metálicas,36.55,sem_desoneracao,2026-06-12,928df42a952625eb12d41baf2b5ab17e1207af6e7881cb9f1c7fcac4708400e3,SINAPI_Referência_2026_05.xlsx!CSD!S8387,e45a4f902f1995876411a247a7fffadcc6eb19f92a5187f31e2c624363956837,cpu_hierarquica_v1,0.0,ok,,36.55,0.0,SINAPI_Referência_2026_05.xlsx!Analítico!B52537,pintura,Pintura,pintura,36.564959020079996,0.7416594944134214,7,0.25834050558657873,2,0.0,0,0.0,0,0.687905804,0.0,9,0,0.04092755151846557,1a6f1b76db8ec650c417b24195182d148bcfcde6aee6f53efd9cc67fcbbf2ce5,pintura com tinta alquidica de fundo e acabamento esmalte sintetico grafite aplicada a rolo ou pincel sobre superficies metalicas exceto perfil executado em obra por demao,v_f6a95d0670cb6769
sinapi_es,2026-05,100727,PINTURA COM TINTA EPOXÍDICA DE FUNDO PULVERIZADA SOBRE PERFIL METÁLICO EXECUTADO EM FÁBRICA (POR DEMÃO). AF_01/2020_PE,M2,Pintura em Superfícies Metálicas,32.27,sem_desoneracao,2026-06-12,928df42a952625eb12d41baf2b5ab17e1207af6e7881cb9f1c7fcac4708400e3,SINAPI_Referência_2026_05.xlsx!CSD!S8397,746717620bb4f36fea6d3c01b7ed2c918792aac427591379aae5b781a6e20619,cpu_hierarquica_v1,0.0,ok,,32.27,0.0,SINAPI_Referência_2026_05.xlsx!Analítico!B52578,pintura,Pintura,pintura,32.2769823052,0.07870182785925282,7,0.9212981721407472,2,0.0,0,0.0,0,0.06443726,0.0,9,0,0.021637140378052495,0af2f2ba31241c18d3cbda058db0d3c54a10fca6dea9f8cdbb870453d7502af5,pintura com tinta epoxidica de fundo pulverizada sobre perfil metalico executado em fabrica por demao pe,v_c6ebaf06283f25ef
sinapi_es,2026-05,100728,PINTURA COM TINTA EPOXÍDICA DE FUNDO APLICADA A ROLO OU PINCEL SOBRE PERFIL METÁLICO EXECUTADO EM FÁBRICA (POR DEMÃO). AF_01/2020,M2,Pintura em Superfícies Metálicas,29.85,sem_desoneracao,2026-06-12,928df42a952625eb12d41baf2b5ab17e1207af6e7881cb9f1c7fcac4708400e3,SINAPI_Referência_2026_05.xlsx!CSD!S8394,d7cfbe2de2e91571c55036a31036283a7aa55d8573b40703221487dfe05ed74b,cpu_hierarquica_v1,0.0,ok,,29.85,0.0,SINAPI_Referência_2026_05.xlsx!Analítico!B52565,pintura,Pintura,pintura,29.86975866248,0.2878118822325371,7,0.7121881177674628,2,0.0,0,0.0,0,0.218071924,0.0,9,0,0.06619317413734495,0af2f2ba31241c18d3cbda058db0d3c54a10fca6dea9f8cdbb870453d7502af5,pintura com tinta epoxidica de fundo aplicada a rolo ou pincel sobre perfil metalico executado em fabrica por demao,v_c6ebaf06283f25ef
sinapi_es,2026-05,100729,PINTURA COM TINTA EPOXÍDICA DE ACABAMENTO PULVERIZADA SOBRE PERFIL METÁLICO EXECUTADO EM FÁBRICA (POR DEMÃO). AF_01/2020_PE,M2,Pintura em Superfícies Metálicas,24.39,sem_desoneracao,2026-06-12,928df42a952625eb12d41baf2b5ab17e1207af6e7881cb9f1c7fcac4708400e3,SINAPI_Referência_2026_05.xlsx!CSD!S8393,bc44b0d04bce6ca672e76c7bcfa250fb1cfbb234416b97a2f1c71aeb371f5554,cpu_hierarquica_v1,0.0,ok,,24.39,0.0,SINAPI_Referência_2026_05.xlsx!Analítico!B52561,pintura,Pintura,pintura,24.3904225052,0.10414979505412097,7,0.8958502049458791,2,0.0,0,0.0,0,0.06443726,0.0,9,0,0.00173228864288452,b71473ba6e34c3bf80ca05d9a4937a7b54b03ea27eb5650bcad1fdbfb566b069,pintura com tinta epoxidica de acabamento pulverizada sobre perfil metalico executado em fabrica por demao pe,v_237f3923d6588a83
sinapi_es,2026-05,100730,PINTURA COM TINTA EPOXÍDICA DE ACABAMENTO APLICADA A ROLO OU PINCEL SOBRE PERFIL METÁLICO EXECUTADO EM FÁBRICA (POR DEMÃO). AF_01/2020,M2,Pintura em Superfícies Metálicas,29.32,sem_desoneracao,2026-06-12,928df42a952625eb12d41baf2b5ab17e1207af6e7881cb9f1c7fcac4708400e3,SINAPI_Referência_2026_05.xlsx!CSD!S8391,88da3173a8cb5211e4d71e2930f8e4b9fff729d77bcd10d939263b4d2cf385ed,cpu_hierarquica_v1,0.0,ok,,29.32,0.0,SINAPI_Referência_2026_05.xlsx!Analítico!B52553,pintura,Pintura,pintura,29.344594462479996,0.29296269449121065,7,0.7070373055087893,2,0.0,0,0.0,0,0.218071924,0.0,9,0,0.08388288703955007,b71473ba6e34c3bf80ca05d9a4937a7b54b03ea27eb5650bcad1fdbfb566b069,pintura com tinta epoxidica de acabamento aplicada a rolo ou pincel sobre perfil metalico executado em fabrica por demao,v_237f3923d6588a83
sinapi_es,2026-05,100733,PINTURA COM TINTA ACRÍLICA DE FUNDO PULVERIZADA SOBRE SUPERFÍCIES METÁLICAS (EXCETO PERFIL) EXECUTADO EM OBRA (POR DEMÃO). AF_01/2020_PE,M2,Pintura em Superfícies Metálicas,16.62,sem_desoneracao,2026-06-12,928df42a952625eb12d41baf2b5ab17e1207af6e7881cb9f1c7fcac4708400e3,SINAPI_Referência_2026_05.xlsx!CSD!S8363,932fdcf9c8521ae64c7fbd6a616df2488825cf6d376d2f958d7b2a3af50b1c62,cpu_hierarquica_v1,0.0,ok,,16.62,0.0,SINAPI_Referência_2026_05.xlsx!Analítico!B52442,pintura,Pintura,pintura,16.63564034768,0.7295920141344395,7,0.2704079858655604,1,0.0,0,0.0,0,0.307878184,0.0,8,0,0.09410558170877256,6cae549a7e952a94d3550bd417f33035ac49ef55b71b16739101e789046cceee,pintura com tinta acrilica de fundo pulverizada sobre superficies metalicas exceto perfil executado em obra por demao pe,v_dc384fd97a4fbc12
sinapi_es,2026-05,100734,PINTURA COM TINTA ACRÍLICA DE FUNDO APLICADA A ROLO OU PINCEL SOBRE SUPERFÍCIES METÁLICAS (EXCETO PERFIL) EXECUTADO EM OBRA (POR DEMÃO). AF_01/2020,M2,Pintura em Superfícies Metálicas,21.54,sem_desoneracao,2026-06-12,928df42a952625eb12d41baf2b5ab17e1207af6e7881cb9f1c7fcac4708400e3,SINAPI_Referência_2026_05.xlsx!CSD!S8362,6bcc324322fe468321208e28cd6b84ead5e337dd957cd84a64a3ad91ab9d8444,cpu_hierarquica_v1,0.0,ok,,21.54,0.0,SINAPI_Referência_2026_05.xlsx!Analítico!B52439,pintura,Pintura,pintura,21.550834304960002,0.8442292324976309,7,0.1557707675023689,1,0.0,0,0.0,0,0.461512848,0.0,8,0,0.05029853741876991,6cae549a7e952a94d3550bd417f33035ac49ef55b71b16739101e789046cceee,pintura com tinta acrilica de fundo aplicada a rolo ou pincel sobre superficies metalicas exceto perfil executado em obra por demao,v_dc384fd97a4fbc12
sinapi_es,2026-05,100735,PINTURA COM TINTA ACRÍLICA DE ACABAMENTO PULVERIZADA SOBRE SUPERFÍCIES METÁLICAS (EXCETO PERFIL) EXECUTADO EM OBRA (POR DEMÃO). AF_01/2020_PE,M2,Pintura em Superfícies Metálicas,14.95,sem_desoneracao,2026-06-12,928df42a952625eb12d41baf2b5ab17e1207af6e7881cb9f1c7fcac4708400e3,SINAPI_Referência_2026_05.xlsx!CSD!S8361,4ef7f09081d11a0737f557387659bd71700872b76f27c6673368e32724aee8bd,cpu_hierarquica_v1,0.0,ok,,14.95,0.0,SINAPI_Referência_2026_05.xlsx!Analítico!B52436,pintura,Pintura,pintura,14.960480347679999,0.8112861395899086,7,0.18871386041009144,1,0.0,0,0.0,0,0.307878184,0.0,8,0,0.07010266006688778,cea61e30e8cf15c00c7da38b8d6a73095c07c616b795e1d6872e6d553f9d7ce8,pintura com tinta acrilica de acabamento pulverizada sobre superficies metalicas exceto perfil executado em obra por demao pe,v_668ee793060cfe21
sinapi_es,2026-05,100736,PINTURA COM TINTA ACRÍLICA DE ACABAMENTO APLICADA A ROLO OU PINCEL SOBRE SUPERFÍCIES METÁLICAS (EXCETO PERFIL) EXECUTADO EM OBRA (POR DEMÃO). AF_01/2020,M2,Pintura em Superfícies Metálicas,20.13,sem_desoneracao,2026-06-12,928df42a952625eb12d41baf2b5ab17e1207af6e7881cb9f1c7fcac4708400e3,SINAPI_Referência_2026_05.xlsx!CSD!S8359,531cb8f43a7e40f710d3ad89e7bd1f6f325860e0e47dfb390ea50458e96b70f2,cpu_hierarquica_v1,0.0,ok,,20.13,0.0,SINAPI_Referência_2026_05.xlsx!Analítico!B52430,pintura,Pintura,pintura,20.138204304960002,0.9034491869008842,7,0.09655081309911569,1,0.0,0,0.0,0,0.461512848,0.0,8,0,0.04075660685545519,cea61e30e8cf15c00c7da38b8d6a73095c07c616b795e1d6872e6d553f9d7ce8,pintura com tinta acrilica de acabamento aplicada a rolo ou pincel sobre superficies metalicas exceto perfil executado em obra por demao,v_668ee793060cfe21
sinapi_es,2026-05,100739,PINTURA COM TINTA ALQUÍDICA DE ACABAMENTO (ESMALTE SINTÉTICO ACETINADO) PULVERIZADA SOBRE PERFIL METÁLICO EXECUTADO EM FÁBRICA (POR DEMÃO). AF_01/2020_PE,M2,Pintura em Superfícies Metálicas,13.1,sem_desoneracao,2026-06-12,928df42a952625eb12d41baf2b5ab17e1207af6e7881cb9f1c7fcac4708400e3,SINAPI_Referência_2026_05.xlsx!CSD!S8367,9131b26ab39fdafea0dd570d66c22fe5344d359a9a3e9a2359e2cc8958324337,cpu_hierarquica_v1,0.0,ok,,13.1,0.0,SINAPI_Referência_2026_05.xlsx!Analítico!B52457,pintura,Pintura,pintura,13.1122745052,0.1937312633435639,7,0.8062687366564362,2,0.0,0,0.0,0,0.06443726,0.0,9,0,0.09369851297710396,80a2efc9bddfa058fc48d6e46315016796b20c2fff2468738a194a80f2234c53,pintura com tinta alquidica de acabamento esmalte sintetico acetinado pulverizada sobre perfil metalico executado em fabrica por demao pe,v_71c9f5e34a029aaf
sinapi_es,2026-05,100740,PINTURA COM TINTA ALQUÍDICA DE ACABAMENTO (ESMALTE SINTÉTICO ACETINADO) APLICADA A ROLO OU PINCEL SOBRE PERFIL METÁLICO EXECUTADO EM FÁBRICA (POR DEMÃO). AF_01/2020,M2,Pintura em Superfícies Metálicas,14.77,sem_desoneracao,2026-06-12,928df42a952625eb12d41baf2b5ab17e1207af6e7881cb9f1c7fcac4708400e3,SINAPI_Referência_2026_05.xlsx!CSD!S8364,32f9714aa77647ab00a57b26fbaf62f8e70d8b3c728e45cc76e68817c999282f,cpu_hierarquica_v1,0.0,ok,,14.77,0.0,SINAPI_Referência_2026_05.xlsx!Analítico!B52445,pintura,Pintura,pintura,14.78194946248,0.581579005144135,7,0.418420994855865,2,0.0,0,0.0,0,0.218071924,0.0,9,0,0.08090360514556875,80a2efc9bddfa058fc48d6e46315016796b20c2fff2468738a194a80f2234c53,pintura com tinta alquidica de acabamento esmalte sintetico acetinado aplicada a rolo ou pincel sobre perfil metalico executado em fabrica por demao,v_71c9f5e34a029aaf
sinapi_es,2026-05,100741,PINTURA COM TINTA ALQUÍDICA DE ACABAMENTO (ESMALTE SINTÉTICO ACETINADO) PULVERIZADA SOBRE SUPERFÍCIES METÁLICAS (EXCETO PERFIL) EXECUTADO EM OBRA (POR DEMÃO). AF_01/2020_PE,M2,Pintura em Superfícies Metálicas,32.28,sem_desoneracao,2026-06-12,928df42a952625eb12d41baf2b5ab17e1207af6e7881cb9f1c7fcac4708400e3,SINAPI_Referência_2026_05.xlsx!CSD!S8369,3fcfdc837a5042b13b81f9b4989ed4313500010f972b9fb8651d54bb81dc011a,cpu_hierarquica_v1,0.0,ok,,32.28,0.0,SINAPI_Referência_2026_05.xlsx!Analítico!B52465,pintura,Pintura,pintura,32.29984646832,0.6522054366104145,7,0.34779456338958553,2,0.0,0,0.0,0,0.534372616,0.0,9,0,0.0614822438661625,80a2efc9bddfa058fc48d6e46315016796b20c2fff2468738a194a80f2234c53,pintura com tinta alquidica de acabamento esmalte sintetico acetinado pulverizada sobre superficies metalicas exceto perfil executado em obra por demao pe,v_71c9f5e34a029aaf
sinapi_es,2026-05,100742,PINTURA COM TINTA ALQUÍDICA DE ACABAMENTO (ESMALTE SINTÉTICO ACETINADO) APLICADA A ROLO OU PINCEL SOBRE SUPERFÍCIES METÁLICAS (EXCETO PERFIL) EXECUTADO EM OBRA (POR DEMÃO). AF_01/2020,M2,Pintura em Superfícies Metálicas,33.44,sem_desoneracao,2026-06-12,928df42a952625eb12d41baf2b5ab17e1207af6e7881cb9f1c7fcac4708400e3,SINAPI_Referência_2026_05.xlsx!CSD!S8366,250cc6d1c54d9066bb70134f4f9be437f159939afc213a2113c328be19e9b908,cpu_hierarquica_v1,0.0,ok,,33.44,0.0,SINAPI_Referência_2026_05.xlsx!Analítico!B52453,pintura,Pintura,pintura,33.46274202008,0.8104162236258715,7,0.18958377637412852,2,0.0,0,0.0,0,0.687905804,0.0,9,0,0.06800843325359626,80a2efc9bddfa058fc48d6e46315016796b20c2fff2468738a194a80f2234c53,pintura com tinta alquidica de acabamento esmalte sintetico acetinado aplicada a rolo ou pincel sobre superficies metalicas exceto perfil executado em obra por demao,v_71c9f5e34a029aaf
sinapi_es,2026-05,100743,PINTURA COM TINTA ALQUÍDICA DE ACABAMENTO (ESMALTE SINTÉTICO BRILHANTE) PULVERIZADA SOBRE PERFIL METÁLICO EXECUTADO EM FÁBRICA (POR DEMÃO). AF_01/2020_PE,M2,Pintura em Superfícies Metálicas,12.81,sem_desoneracao,2026-06-12,928df42a952625eb12d41baf2b5ab17e1207af6e7881cb9f1c7fcac4708400e3,SINAPI_Referência_2026_05.xlsx!CSD!S8373,385db6b05ed5c560bb292febcd521e7ae04c4fa397bece2a2755e943c834b709,cpu_hierarquica_v1,0.0,ok,,12.81,0.0,SINAPI_Referência_2026_05.xlsx!Analítico!B52481,pintura,Pintura,pintura,12.818579505199999,0.1981699691584014,7,0.8018300308415987,2,0.0,0,0.0,0,0.06443726,0.0,9,0,0.06697506010927708,3f79c8ff7edb5c9cea70b4250c88084c0009bc64eea9ed52f3149bfce76d5b01,pintura com tinta alquidica de acabamento esmalte sintetico brilhante pulverizada sobre perfil metalico executado em fabrica por demao pe,v_01efd623610d396e
sinapi_es,2026-05,100744,PINTURA COM TINTA ALQUÍDICA DE ACABAMENTO (ESMALTE SINTÉTICO BRILHANTE) APLICADA A ROLO OU PINCEL SOBRE PERFIL METÁLICO EXECUTADO EM FÁBRICA (POR DEMÃO). AF_01/2020,M2,Pintura em Superfícies Metálicas,14.58,sem_desoneracao,2026-06-12,928df42a952625eb12d41baf2b5ab17e1207af6e7881cb9f1c7fcac4708400e3,SINAPI_Referência_2026_05.xlsx!CSD!S8370,e3a8a7a3eee967c5dab83649a50ce57b066189d277ecb9cad5b980f52ac38aef,cpu_hierarquica_v1,0.0,ok,,14.58,0.0,SINAPI_Referência_2026_05.xlsx!Analítico!B52469,pintura,Pintura,pintura,14.59440746248,0.5890524493427532,7,0.4109475506572468,2,0.0,0,0.0,0,0.218071924,0.0,9,0,0.09881661508915958,3f79c8ff7edb5c9cea70b4250c88084c0009bc64eea9ed52f3149bfce76d5b01,pintura com tinta alquidica de acabamento esmalte sintetico brilhante aplicada a rolo ou pincel sobre perfil metalico executado em fabrica por demao,v_01efd623610d396e
sinapi_es,2026-05,100745,PINTURA COM TINTA ALQUÍDICA DE ACABAMENTO (ESMALTE SINTÉTICO BRILHANTE) PULVERIZADA SOBRE SUPERFÍCIES METÁLICAS (EXCETO PERFIL) EXECUTADO EM OBRA (POR DEMÃO). AF_01/2020_PE,M2,Pintura em Superfícies Metálicas,31.97,sem_desoneracao,2026-06-12,928df42a952625eb12d41baf2b5ab17e1207af6e7881cb9f1c7fcac4708400e3,SINAPI_Referência_2026_05.xlsx!CSD!S8375,d127ef81dc8560eb70836d22138b8c828ce8b32357c0032100f9f820b1f1129c,cpu_hierarquica_v1,0.0,ok,,31.97,0.0,SINAPI_Referência_2026_05.xlsx!Analítico!B52489,pintura,Pintura,pintura,31.987729468319998,0.6585692644794772,7,0.34143073552052283,2,0.0,0,0.0,0,0.534372616,0.0,9,0,0.055456579042849195,3f79c8ff7edb5c9cea70b4250c88084c0009bc64eea9ed52f3149bfce76d5b01,pintura com tinta alquidica de acabamento esmalte sintetico brilhante pulverizada sobre superficies metalicas exceto perfil executado em obra por demao pe,v_01efd623610d396e
sinapi_es,2026-05,100746,PINTURA COM TINTA ALQUÍDICA DE ACABAMENTO (ESMALTE SINTÉTICO BRILHANTE) APLICADA A ROLO OU PINCEL SOBRE SUPERFÍCIES METÁLICAS (EXCETO PERFIL) EXECUTADO EM OBRA (POR DEMÃO). AF_01/2020,M2,Pintura em Superfícies Metálicas,33.25,sem_desoneracao,2026-06-12,928df42a952625eb12d41baf2b5ab17e1207af6e7881cb9f1c7fcac4708400e3,SINAPI_Referência_2026_05.xlsx!CSD!S8372,ba80df7644993275978d50f2a87f62e07c84799a0f8d5b2b627245989d5de56a,cpu_hierarquica_v1,0.0,ok,,33.25,0.0,SINAPI_Referência_2026_05.xlsx!Analítico!B52477,pintura,Pintura,pintura,33.27036802008,0.8151021654979215,7,0.1848978345020786,2,0.0,0,0.0,0,0.687905804,0.0,9,0,0.061257203248118446,3f79c8ff7edb5c9cea70b4250c88084c0009bc64eea9ed52f3149bfce76d5b01,pintura com tinta alquidica de acabamento esmalte sintetico brilhante aplicada a rolo ou pincel sobre superficies metalicas exceto perfil executado em obra por demao,v_01efd623610d396e
sinapi_es,2026-05,100747,PINTURA COM TINTA ALQUÍDICA DE ACABAMENTO (ESMALTE SINTÉTICO FOSCO) PULVERIZADA SOBRE PERFIL METÁLICO EXECUTADO EM FÁBRICA (POR DEMÃO). AF_01/2020_PE,M2,Pintura em Superfícies Metálicas,12.93,sem_desoneracao,2026-06-12,928df42a952625eb12d41baf2b5ab17e1207af6e7881cb9f1c7fcac4708400e3,SINAPI_Referência_2026_05.xlsx!CSD!S8379,2b5101f40cf5ec9a11c422039b89a8e17106a0eeb24b9db88059db8b508c3dec,cpu_hierarquica_v1,0.0,ok,,12.93,0.0,SINAPI_Referência_2026_05.xlsx!Analítico!B52505,pintura,Pintura,pintura,12.9411145052,0.19629356530144862,7,0.8037064346985514,2,0.0,0,0.0,0,0.06443726,0.0,9,0,0.08595905027068929,2b5fb1deefd6b3578a1c5aaff63942483209ad06c3ffaca914e0970d5183b0b0,pintura com tinta alquidica de acabamento esmalte sintetico fosco pulverizada sobre perfil metalico executado em fabrica por demao pe,v_0d1e444b92a64fd4
sinapi_es,2026-05,100748,PINTURA COM TINTA ALQUÍDICA DE ACABAMENTO (ESMALTE SINTÉTICO FOSCO) APLICADA A ROLO OU PINCEL SOBRE PERFIL METÁLICO EXECUTADO EM FÁBRICA (POR DEMÃO). AF_01/2020,M2,Pintura em Superfícies Metálicas,14.66,sem_desoneracao,2026-06-12,928df42a952625eb12d41baf2b5ab17e1207af6e7881cb9f1c7fcac4708400e3,SINAPI_Referência_2026_05.xlsx!CSD!S8376,b637eb49fe0a7f75edc9a4de5aec65f828df19d9e6961d1de219068ef890abe1,cpu_hierarquica_v1,0.0,ok,,14.66,0.0,SINAPI_Referência_2026_05.xlsx!Analítico!B52493,pintura,Pintura,pintura,14.67265346248,0.5859111635440302,7,0.4140888364559698,2,0.0,0,0.0,0,0.218071924,0.0,9,0,0.08631284092769054,2b5fb1deefd6b3578a1c5aaff63942483209ad06c3ffaca914e0970d5183b0b0,pintura com tinta alquidica de acabamento esmalte sintetico fosco aplicada a rolo ou pincel sobre perfil metalico executado em fabrica por demao,v_0d1e444b92a64fd4
sinapi_es,2026-05,100749,PINTURA COM TINTA ALQUÍDICA DE ACABAMENTO (ESMALTE SINTÉTICO FOSCO) PULVERIZADA SOBRE SUPERFÍCIES METÁLICAS (EXCETO PERFIL) EXECUTADO EM OBRA (POR DEMÃO). AF_01/2020_PE,M2,Pintura em Superfícies Metálicas,32.1,sem_desoneracao,2026-06-12,928df42a952625eb12d41baf2b5ab17e1207af6e7881cb9f1c7fcac4708400e3,SINAPI_Referência_2026_05.xlsx!CSD!S8381,c7d66f694a398fac5b35d97b4c96de319a097545f066831e4de82d07fc4d84b8,cpu_hierarquica_v1,0.0,ok,,32.1,0.0,SINAPI_Referência_2026_05.xlsx!Analítico!B52513,pintura,Pintura,pintura,32.11795046832,0.6558991206210024,7,0.34410087937899764,2,0.0,0,0.0,0,0.534372616,0.0,9,0,0.05592046205605962,2b5fb1deefd6b3578a1c5aaff63942483209ad06c3ffaca914e0970d5183b0b0,pintura com tinta alquidica de acabamento esmalte sintetico fosco pulverizada sobre superficies metalicas exceto perfil executado em obra por demao pe,v_0d1e444b92a64fd4
sinapi_es,2026-05,100750,PINTURA COM TINTA ALQUÍDICA DE ACABAMENTO (ESMALTE SINTÉTICO FOSCO) APLICADA A ROLO OU PINCEL SOBRE SUPERFÍCIES METÁLICAS (EXCETO PERFIL) EXECUTADO EM OBRA (POR DEMÃO). AF_01/2020,M2,Pintura em Superfícies Metálicas,33.33,sem_desoneracao,2026-06-12,928df42a952625eb12d41baf2b5ab17e1207af6e7881cb9f1c7fcac4708400e3,SINAPI_Referência_2026_05.xlsx!CSD!S8378,21ebecb0452a78836c3d6cfcb285b0ad38e07e02417679c732c6b568b6265a6a,cpu_hierarquica_v1,0.0,ok,,33.33,0.0,SINAPI_Referência_2026_05.xlsx!Analítico!B52501,pintura,Pintura,pintura,33.35063002008,0.8131405314907737,7,0.1868594685092264,2,0.0,0,0.0,0,0.687905804,0.0,9,0,0.06189624986498261,2b5fb1deefd6b3578a1c5aaff63942483209ad06c3ffaca914e0970d5183b0b0,pintura com tinta alquidica de acabamento esmalte sintetico fosco aplicada a rolo ou pincel sobre superficies metalicas exceto perfil executado em obra por demao,v_0d1e444b92a64fd4
sinapi_es,2026-05,100751,PINTURA COM TINTA EPOXÍDICA DE ACABAMENTO PULVERIZADA SOBRE PERFIL METÁLICO EXECUTADO EM FÁBRICA (02 DEMÃOS). AF_01/2020_PE,M2,Pintura em Superfícies Metálicas,48.77,sem_desoneracao,2026-06-12,928df42a952625eb12d41baf2b5ab17e1207af6e7881cb9f1c7fcac4708400e3,SINAPI_Referência_2026_05.xlsx!CSD!S8392,2ae51fda8d2557a7a8f78bf665cd64da0266b293c55bb9382aa51bce0324bc4e,cpu_hierarquica_v1,0.0,ok,,48.77,0.0,SINAPI_Referência_2026_05.xlsx!Analítico!B52557,pintura,Pintura,pintura,48.7713510104,0.10417006921371999,7,0.89582993078628,2,0.0,0,0.0,0,0.12887452,0.0,9,0,0.002770166905871259,b71473ba6e34c3bf80ca05d9a4937a7b54b03ea27eb5650bcad1fdbfb566b069,pintura com tinta epoxidica de acabamento pulverizada sobre perfil metalico executado em fabrica # demaos pe,v_237f3923d6588a83
sinapi_es,2026-05,100752,PINTURA COM TINTA EPOXÍDICA DE ACABAMENTO APLICADA A ROLO OU PINCEL SOBRE PERFIL METÁLICO EXECUTADO EM FÁBRICA (02 DEMÃOS). AF_01/2020,M2,Pintura em Superfícies Metálicas,58.66,sem_desoneracao,2026-06-12,928df42a952625eb12d41baf2b5ab17e1207af6e7881cb9f1c7fcac4708400e3,SINAPI_Referência_2026_05.xlsx!CSD!S8390,d5979573b931f25ea5d23b1415f5c1879f79917267dd70cd96cbaa0256a8b57e,cpu_hierarquica_v1,0.0,ok,,58.66,0.0,SINAPI_Referência_2026_05.xlsx!Analítico!B52549,pintura,Pintura,pintura,58.67969492496,0.29301009398476724,7,0.7069899060152327,2,0.0,0,0.0,0,0.436143848,0.0,9,0,0.0335747101261621,b71473ba6e34c3bf80ca05d9a4937a7b54b03ea27eb5650bcad1fdbfb566b069,pintura com tinta epoxidica de acabamento aplicada a rolo ou pincel sobre perfil metalico executado em fabrica # demaos,v_237f3923d6588a83
sinapi_es,2026-05,100753,PINTURA COM TINTA ACRÍLICA DE ACABAMENTO PULVERIZADA SOBRE SUPERFÍCIES METÁLICAS (EXCETO PERFIL) EXECUTADO EM OBRA (02 DEMÃOS). AF_01/2020_PE,M2,Pintura em Superfícies Metálicas,29.91,sem_desoneracao,2026-06-12,928df42a952625eb12d41baf2b5ab17e1207af6e7881cb9f1c7fcac4708400e3,SINAPI_Referência_2026_05.xlsx!CSD!S8360,ab89fd99d447c0c8a992d7f80364ba2e4f8da4fc15f6e9b9a1887062e5231dbb,cpu_hierarquica_v1,0.0,ok,,29.91,0.0,SINAPI_Referência_2026_05.xlsx!Analítico!B52433,pintura,Pintura,pintura,29.92496110088,0.8113113670903334,7,0.18868863290966661,1,0.0,0,0.0,0,0.615857844,0.0,8,0,0.05002039745904647,cea61e30e8cf15c00c7da38b8d6a73095c07c616b795e1d6872e6d553f9d7ce8,pintura com tinta acrilica de acabamento pulverizada sobre superficies metalicas exceto perfil executado em obra # demaos pe,v_668ee793060cfe21
sinapi_es,2026-05,100754,PINTURA COM TINTA ACRÍLICA DE ACABAMENTO APLICADA A ROLO OU PINCEL SOBRE SUPERFÍCIES METÁLICAS (EXCETO PERFIL) EXECUTADO EM OBRA (02 DEMÃOS). AF_01/2020,M2,Pintura em Superfícies Metálicas,40.26,sem_desoneracao,2026-06-12,928df42a952625eb12d41baf2b5ab17e1207af6e7881cb9f1c7fcac4708400e3,SINAPI_Referência_2026_05.xlsx!CSD!S8358,2a3cbd9b66974bb4ca5af9acaace0ba54af33d31cec859aac3decbc704c602ea,cpu_hierarquica_v1,0.0,ok,,40.26,0.0,SINAPI_Referência_2026_05.xlsx!Analítico!B52427,pintura,Pintura,pintura,40.28040901544,0.9034587757410953,7,0.09654122425890471,1,0.0,0,0.0,0,0.923127172,0.0,8,0,0.050693033879786555,cea61e30e8cf15c00c7da38b8d6a73095c07c616b795e1d6872e6d553f9d7ce8,pintura com tinta acrilica de acabamento aplicada a rolo ou pincel sobre superficies metalicas exceto perfil executado em obra # demaos,v_668ee793060cfe21
sinapi_es,2026-05,100757,PINTURA COM TINTA ALQUÍDICA DE ACABAMENTO (ESMALTE SINTÉTICO ACETINADO) PULVERIZADA SOBRE SUPERFÍCIES METÁLICAS (EXCETO PERFIL) EXECUTADO EM OBRA (02 DEMÃOS). AF_01/2020_PE,M2,Pintura em Superfícies Metálicas,64.57,sem_desoneracao,2026-06-12,928df42a952625eb12d41baf2b5ab17e1207af6e7881cb9f1c7fcac4708400e3,SINAPI_Referência_2026_05.xlsx!CSD!S8368,4c9918a3fe3bde4485d4a67fd125f22ea49793ff3a8ed1dc25ec8c70d07af7b6,cpu_hierarquica_v1,0.0,ok,,64.57,0.0,SINAPI_Referência_2026_05.xlsx!Analítico!B52461,pintura,Pintura,pintura,64.59569253112,0.652183897723893,7,0.3478161022761071,2,0.0,0,0.0,0,1.068643756,0.0,9,0,0.03979019842032011,80a2efc9bddfa058fc48d6e46315016796b20c2fff2468738a194a80f2234c53,pintura com tinta alquidica de acabamento esmalte sintetico acetinado pulverizada sobre superficies metalicas exceto perfil executado em obra # demaos pe,v_71c9f5e34a029aaf
sinapi_es,2026-05,100758,PINTURA COM TINTA ALQUÍDICA DE ACABAMENTO (ESMALTE SINTÉTICO ACETINADO) APLICADA A ROLO OU PINCEL SOBRE SUPERFÍCIES METÁLICAS (EXCETO PERFIL) EXECUTADO EM OBRA (02 DEMÃOS). AF_01/2020,M2,Pintura em Superfícies Metálicas,66.91,sem_desoneracao,2026-06-12,928df42a952625eb12d41baf2b5ab17e1207af6e7881cb9f1c7fcac4708400e3,SINAPI_Referência_2026_05.xlsx!CSD!S8365,eeb542ceff59f72ce9cebe9462b8144f5cf35bb5dd7a1fc1446d56d5a1f9c1e2,cpu_hierarquica_v1,0.0,ok,,66.91,0.0,SINAPI_Referência_2026_05.xlsx!Analítico!B52449,pintura,Pintura,pintura,66.93651044568,0.8103424884943442,7,0.18965751150565574,2,0.0,0,0.0,0,1.375913084,0.0,9,0,0.039621051681367744,80a2efc9bddfa058fc48d6e46315016796b20c2fff2468738a194a80f2234c53,pintura com tinta alquidica de acabamento esmalte sintetico acetinado aplicada a rolo ou pincel sobre superficies metalicas exceto perfil executado em obra # demaos,v_71c9f5e34a029aaf
sinapi_es,2026-05,100759,PINTURA COM TINTA ALQUÍDICA DE ACABAMENTO (ESMALTE SINTÉTICO BRILHANTE) PULVERIZADA SOBRE SUPERFÍCIES METÁLICAS (EXCETO PERFIL) EXECUTADO EM OBRA (02 DEMÃOS). AF_01/2020_PE,M2,Pintura em Superfícies Metálicas,63.95,sem_desoneracao,2026-06-12,928df42a952625eb12d41baf2b5ab17e1207af6e7881cb9f1c7fcac4708400e3,SINAPI_Referência_2026_05.xlsx!CSD!S8374,0dbfbf9d23482427aa95e4e88c1a6c8b5cc22d77cf38d1cb3f2a63b5c854fee2,cpu_hierarquica_v1,0.0,ok,,63.95,0.0,SINAPI_Referência_2026_05.xlsx!Analítico!B52485,pintura,Pintura,pintura,63.97145853112,0.6585479133733677,7,0.34145208662663223,2,0.0,0,0.0,0,1.068643756,0.0,9,0,0.03355516985144151,3f79c8ff7edb5c9cea70b4250c88084c0009bc64eea9ed52f3149bfce76d5b01,pintura com tinta alquidica de acabamento esmalte sintetico brilhante pulverizada sobre superficies metalicas exceto perfil executado em obra # demaos pe,v_01efd623610d396e
sinapi_es,2026-05,100760,PINTURA COM TINTA ALQUÍDICA DE ACABAMENTO (ESMALTE SINTÉTICO BRILHANTE) APLICADA A ROLO OU PINCEL SOBRE SUPERFÍCIES METÁLICAS (EXCETO PERFIL) EXECUTADO EM OBRA (02 DEMÃOS). AF_01/2020,M2,Pintura em Superfícies Metálicas,66.53,sem_desoneracao,2026-06-12,928df42a952625eb12d41baf2b5ab17e1207af6e7881cb9f1c7fcac4708400e3,SINAPI_Referência_2026_05.xlsx!CSD!S8371,0b3893c3365e90bf99d348ac6b5ceaf98e70569aad05f1f18d8ead81a12fa321,cpu_hierarquica_v1,0.0,ok,,66.53,0.0,SINAPI_Referência_2026_05.xlsx!Analítico!B52473,pintura,Pintura,pintura,66.55161144568,0.8150290769435745,7,0.1849709230564255,2,0.0,0,0.0,0,1.375913084,0.0,9,0,0.03248376022845978,3f79c8ff7edb5c9cea70b4250c88084c0009bc64eea9ed52f3149bfce76d5b01,pintura com tinta alquidica de acabamento esmalte sintetico brilhante aplicada a rolo ou pincel sobre superficies metalicas exceto perfil executado em obra # demaos,v_01efd623610d396e
sinapi_es,2026-05,100761,PINTURA COM TINTA ALQUÍDICA DE ACABAMENTO (ESMALTE SINTÉTICO FOSCO) PULVERIZADA SOBRE SUPERFÍCIES METÁLICAS (EXCETO PERFIL) EXECUTADO EM OBRA (02 DEMÃOS). AF_01/2020_PE,M2,Pintura em Superfícies Metálicas,64.21,sem_desoneracao,2026-06-12,928df42a952625eb12d41baf2b5ab17e1207af6e7881cb9f1c7fcac4708400e3,SINAPI_Referência_2026_05.xlsx!CSD!S8380,c2fd617a390e7771d9702dbb4742d1b770ca6cbd93a78c743b284fc2fdc1da26,cpu_hierarquica_v1,0.0,ok,,64.21,0.0,SINAPI_Referência_2026_05.xlsx!Analítico!B52509,pintura,Pintura,pintura,64.23190053112,0.6558776897891895,7,0.34412231021081047,2,0.0,0,0.0,0,1.068643756,0.0,9,0,0.03410766410218139,2b5fb1deefd6b3578a1c5aaff63942483209ad06c3ffaca914e0970d5183b0b0,pintura com tinta alquidica de acabamento esmalte sintetico fosco pulverizada sobre superficies metalicas exceto perfil executado em obra # demaos pe,v_0d1e444b92a64fd4
sinapi_es,2026-05,100762,PINTURA COM TINTA ALQUÍDICA DE ACABAMENTO (ESMALTE SINTÉTICO FOSCO) APLICADA A ROLO OU PINCEL SOBRE SUPERFÍCIES METÁLICAS (EXCETO PERFIL) EXECUTADO EM OBRA (02 DEMÃOS). AF_01/2020,M2,Pintura em Superfícies Metálicas,66.69,sem_desoneracao,2026-06-12,928df42a952625eb12d41baf2b5ab17e1207af6e7881cb9f1c7fcac4708400e3,SINAPI_Referência_2026_05.xlsx!CSD!S8377,af0fa00ea38541cf997c2d2a8edee1051c0257a21bb11e79a45f66ff15fa3833,cpu_hierarquica_v1,0.0,ok,,66.69,0.0,SINAPI_Referência_2026_05.xlsx!Analítico!B52497,pintura,Pintura,pintura,66.71219844568,0.8130671707640665,7,0.18693282923593338,2,0.0,0,0.0,0,1.375913084,0.0,9,0,0.03328601841356185,2b5fb1deefd6b3578a1c5aaff63942483209ad06c3ffaca914e0970d5183b0b0,pintura com tinta alquidica de acabamento esmalte sintetico fosco aplicada a rolo ou pincel sobre superficies metalicas exceto perfil executado em obra # demaos,v_0d1e444b92a64fd4
sinapi_es,2026-05,101725,"PISO EM LADRILHO HIDRÁULICO APLICADO EM AMBIENTES INTERNOS DE ÁREA MENOR QUE 5 M², INCLUSO APLICAÇÃO DE RESINA. AF_02/2026",M2,Pisos,333.91,sem_desoneracao,2026-06-12,928df42a952625eb12d41baf2b5ab17e1207af6e7881cb9f1c7fcac4708400e3,SINAPI_Referência_2026_05.xlsx!CSD!S8441,14fc2cb3d08495efb6f4ef02813a2a3158b740123b68a4dd794377394ba4fe11,cpu_hierarquica_v1,0.0,ok,,333.91,0.0,SINAPI_Referência_2026_05.xlsx!Analítico!B52846,pisos,Pisos e acabamentos de borda,pisos,333.95247981924143,0.5921814981768764,10,0.4078185018231237,4,0.0,0,0.0,0,5.958241338704,0.0,14,0,0.012721936821720617,430397c1af3e5060e224ed161aa4cdc267758458c31e73d67d34bd42d6c60a25,piso em ladrilho hidraulico aplicado em ambientes internos de area menor que # m# incluso aplicacao de resina,v_6c8c73d2ea749832
sinapi_es,2026-05,101726,"PISO EM LADRILHO HIDRÁULICO APLICADO EM AMBIENTES INTERNOS DE ÁREA ENTRE 5 E 15 M², INCLUSO APLICAÇÃO DE RESINA. AF_02/2026",M2,Pisos,241.17,sem_desoneracao,2026-06-12,928df42a952625eb12d41baf2b5ab17e1207af6e7881cb9f1c7fcac4708400e3,SINAPI_Referência_2026_05.xlsx!CSD!S8440,d318b1c57c7d2a264c14ce939bd28b8d4d6352900a3deae0b329e137b3eb633c,cpu_hierarquica_v1,0.0,ok,,241.17,0.0,SINAPI_Referência_2026_05.xlsx!Analítico!B52839,pisos,Pisos e acabamentos de borda,pisos,241.216845752689,0.43539598333180746,10,0.5646040166681923,4,0.0,0,0.0,0,3.1642488839359997,0.0,14,0,0.019424369817565765,430397c1af3e5060e224ed161aa4cdc267758458c31e73d67d34bd42d6c60a25,piso em ladrilho hidraulico aplicado em ambientes internos de area entre # e # m# incluso aplicacao de resina,v_6c8c73d2ea749832
sinapi_es,2026-05,101727,"PISO VINÍLICO SEMI-FLEXÍVEL EM PLACAS, PADRÃO LISO, ESPESSURA 3,2 MM, FIXADO COM COLA. AF_02/2026",M2,Pisos,176.93,sem_desoneracao,2026-06-12,928df42a952625eb12d41baf2b5ab17e1207af6e7881cb9f1c7fcac4708400e3,SINAPI_Referência_2026_05.xlsx!CSD!S8457,d2c9123f55c5004378a19799cb2eed5806dc2149b493215db21146ae5c164614,cpu_hierarquica_v1,0.0,ok,,176.93,0.0,SINAPI_Referência_2026_05.xlsx!Analítico!B52932,pisos,Pisos e acabamentos de borda,pisos,176.95497421120558,0.036322370929986476,10,0.9636776290700135,2,0.0,0,0.0,0,0.19387951752,0.0,12,0,0.014115306169430956,a514319e874a9982041f81a2b69646a544f5dab36b992900113069df8728527c,piso vinilico semi flexivel em placas padrao liso espessura # mm fixado com cola,v_b5fd4dbd160ea990
sinapi_es,2026-05,101729,"PISO EM TACO DE MADEIRA 7X42CM, FIXADO COM COLA PU. AF_02/2026_PS",M2,Pisos,284.36,sem_desoneracao,2026-06-12,928df42a952625eb12d41baf2b5ab17e1207af6e7881cb9f1c7fcac4708400e3,SINAPI_Referência_2026_05.xlsx!CSD!S8447,f7dd0ce741e8ce87121e7944b2583ba88d5e842683c72bfc5a1394e9b61a9146,cpu_hierarquica_v1,0.0,ok,,284.36,0.0,SINAPI_Referência_2026_05.xlsx!Analítico!B52882,pisos,Pisos e acabamentos de borda,pisos,284.3889601994174,0.1146507240525582,10,0.8853492759474417,2,0.0,0,0.0,0,0.9482183838880001,0.0,12,0,0.010184343584675619,68f77ba8c1416d9575c9d5ccf3dd29913fb4ad4f912ee8bd5da312664b96237d,piso em taco de madeira #x#cm fixado com cola pu ps,v_6668cccc2c19cdee
sinapi_es,2026-05,101731,PISO EM PEDRA SÃO TOMÉ ASSENTADO SOBRE ARGAMASSA 1:3 (CIMENTO E AREIA). AF_02/2026,M2,Pisos,392.85,sem_desoneracao,2026-06-12,928df42a952625eb12d41baf2b5ab17e1207af6e7881cb9f1c7fcac4708400e3,SINAPI_Referência_2026_05.xlsx!CSD!S8445,41242971224ef6d3a3340a672133b9690014697b6186ceefcb801d27cf6e68a5,cpu_hierarquica_v1,0.7,ok,,392.85,0.0,SINAPI_Referência_2026_05.xlsx!Analítico!B52871,pisos,Pisos e acabamentos de borda,pisos,392.8810214286988,0.21990845100222928,13,0.7798323593892483,4,0.00016260769712846544,1,9.65819113939725e-05,1,2.68982161714,0.0,19,1,0.007896507241631727,38c64e69a10df57b3ffddbc8f87643263615aca4e6bc5f39a76e986a91ac2f71,piso em pedra sao tome assentado sobre argamassa # # cimento e areia,v_9c69fc24df07e041
sinapi_es,2026-05,101732,PISO EM PEDRA ARDÓSIA ASSENTADO SOBRE ARGAMASSA 1:3 (CIMENTO E AREIA). AF_02/2026,M2,Pisos,128.4,sem_desoneracao,2026-06-12,928df42a952625eb12d41baf2b5ab17e1207af6e7881cb9f1c7fcac4708400e3,SINAPI_Referência_2026_05.xlsx!CSD!S8443,4fe7417a3f709d2df200b8ebdc5169797fcbd911b787a9b72cea10edebfb7497,cpu_hierarquica_v1,0.382,ok,,128.4,0.0,SINAPI_Referência_2026_05.xlsx!Analítico!B52859,pisos,Pisos e acabamentos de borda,pisos,128.4160474286988,0.37292366343192984,13,0.6262833618567395,4,0.0004974882767317029,1,0.0002954864345989822,1,1.4848056171400001,0.0,19,1,0.012497997428959117,0059181f5d18865f70582e605790460abbe8ca30e10c61c2782a0ac2170c5901,piso em pedra ardosia assentado sobre argamassa # # cimento e areia,v_1b5b86bf89858a8f
sinapi_es,2026-05,101733,"PISO DE BORRACHA PASTILHADO/FRISADO, ESPESSURA 7MM, ASSENTADO COM ARGAMASSA. AF_02/2026",M2,Pisos,261.13,sem_desoneracao,2026-06-12,928df42a952625eb12d41baf2b5ab17e1207af6e7881cb9f1c7fcac4708400e3,SINAPI_Referência_2026_05.xlsx!CSD!S8433,a15e308669bbf113338197cba5109669c88eefb77054fe32aa02f780f0da6b9a,cpu_hierarquica_v1,0.0,ok,,261.13,0.0,SINAPI_Referência_2026_05.xlsx!Analítico!B52799,pisos,Pisos e acabamentos de borda,pisos,261.1602334473648,0.13838107345178383,10,0.8616189265482161,2,0.0,0,0.0,0,1.090131,0.0,12,0,0.011577929523540607,056497cfc8216252b78c49ed45a6aaf30309ab3cee764c524919d1cb1609a297,piso de borracha pastilhado frisado espessura #mm assentado com argamassa,v_888400de40318751
sinapi_es,2026-05,101734,"PISO DE BORRACHA PASTILHADO, ESPESSURA 15MM, ASSENTADO COM ARGAMASSA. AF_02/2026",M2,Pisos,384.42,sem_desoneracao,2026-06-12,928df42a952625eb12d41baf2b5ab17e1207af6e7881cb9f1c7fcac4708400e3,SINAPI_Referência_2026_05.xlsx!CSD!S8431,891724368e47ed2daee6afb4dcd1817c28699a91704cd638cc3c297a7d74ed12,cpu_hierarquica_v1,0.0,ok,,384.42,0.0,SINAPI_Referência_2026_05.xlsx!Analítico!B52789,pisos,Pisos e acabamentos de borda,pisos,384.4488334473648,0.09400375369408608,10,0.905996246305914,2,0.0,0,0.0,0,1.090131,0.0,12,0,0.007500506572180196,66b3c2013a13c6e7881bd8cd34a5a413460bd8fcd11869dd65cfbabc5920ae64,piso de borracha pastilhado espessura #mm assentado com argamassa,v_330357891af16f79
sinapi_es,2026-05,101735,"PISO DE BORRACHA ESPORTIVO, ESPESSURA 15MM, ASSENTADO COM ARGAMASSA. AF_02/2026",M2,Pisos,393.37,sem_desoneracao,2026-06-12,928df42a952625eb12d41baf2b5ab17e1207af6e7881cb9f1c7fcac4708400e3,SINAPI_Referência_2026_05.xlsx!CSD!S8430,0ef21bc685dc46f19db6ee7994a37bb52df6ae9a171d18ab9a0f3c0f79bee296,cpu_hierarquica_v1,0.0,ok,,393.37,0.0,SINAPI_Referência_2026_05.xlsx!Analítico!B52784,pisos,Pisos e acabamentos de borda,pisos,393.3952334473648,0.09186596678020043,10,0.9081340332197996,2,0.0,0,0.0,0,1.090131,0.0,12,0,0.006414685249197776,46f1690154cd86df2db47ffe9943090b23351c0692916067a51737544fa7db79,piso de borracha esportivo espessura #mm assentado com argamassa,v_04ed0baac6ab0a23
sinapi_es,2026-05,101736,"PISO DE BORRACHA PASTILHADO, ESPESSURA 3,5MM, FIXADO COM ADESIVO ACRÍLICO. AF_02/2026",M2,Pisos,115.0,sem_desoneracao,2026-06-12,928df42a952625eb12d41baf2b5ab17e1207af6e7881cb9f1c7fcac4708400e3,SINAPI_Referência_2026_05.xlsx!CSD!S8432,8e10af9b348a93b86a4db2a90e8344fed1bedcc533e18d06868ea584dc8f22e3,cpu_hierarquica_v1,0.0,ok,,115.0,0.0,SINAPI_Referência_2026_05.xlsx!Analítico!B52794,pisos,Pisos e acabamentos de borda,pisos,115.01775569805719,0.21766983320193659,10,0.7823301667980636,2,0.0,0,0.0,0,0.7551932286,0.0,12,0,0.015439737441031708,7394726f548ceb2b3c6f26fdbed5257c9fb841c83fac8750c612bf1cd91caccb,piso de borracha pastilhado espessura #mm fixado com adesivo acrilico,v_510ada8b53cbacd4
sinapi_es,2026-05,101737,"PISO DE BORRACHA CANELADO, ESPESSURA 3,5MM, FIXADO COM ADESIVO ACRÍLICO. AF_02/2026",M2,Pisos,132.69,sem_desoneracao,2026-06-12,928df42a952625eb12d41baf2b5ab17e1207af6e7881cb9f1c7fcac4708400e3,SINAPI_Referência_2026_05.xlsx!CSD!S8429,cbbb64b5f3d26d52c41a619e09c2d78fa381b0b69f505dc40d304211d035f78d,cpu_hierarquica_v1,0.0,ok,,132.69,0.0,SINAPI_Referência_2026_05.xlsx!Analítico!B52779,pisos,Pisos e acabamentos de borda,pisos,132.7091556980572,0.18865236212503245,10,0.8113476378749676,2,0.0,0,0.0,0,0.7551932286,0.0,12,0,0.014436429314345104,bb6934bcf46212f3cc815ec89fdf07538177b75272ebf7ac33c2159815bf0ba9,piso de borracha canelado espessura #mm fixado com adesivo acrilico,v_f169610a59f76e28
sinapi_es,2026-05,101746,ASSOALHO DE MADEIRA. AF_02/2026_PS,M2,Pisos,387.3,sem_desoneracao,2026-06-12,928df42a952625eb12d41baf2b5ab17e1207af6e7881cb9f1c7fcac4708400e3,SINAPI_Referência_2026_05.xlsx!CSD!S8419,c7b95ca80ac1bb948dbb3dcc903ff265c980a0a54c15657467a803bf6351be63,cpu_hierarquica_v1,0.0,ok,,387.3,0.0,SINAPI_Referência_2026_05.xlsx!Analítico!B52712,pisos,Pisos e acabamentos de borda,pisos,387.33428902304826,0.06638491543803958,10,0.9336150845619603,3,0.0,0,0.0,0,0.747780588592,0.0,13,0,0.008853349612250278,7ff734136fe8595e6805c60af28d956fe3318f3e04eee58b04efdb931b849e2f,assoalho de madeira ps,v_21e66ea964589279
sinapi_es,2026-05,101748,PREPARO DE CONTRAPISO COM POLITRIZ. AF_02/2026_PE,M2,Pisos,4.55,sem_desoneracao,2026-06-12,928df42a952625eb12d41baf2b5ab17e1207af6e7881cb9f1c7fcac4708400e3,SINAPI_Referência_2026_05.xlsx!CSD!S8460,6d9c19c3eddaea4c3e80d9d195d33072ea364dd21bba238508ca4b01c1e17c96,cpu_hierarquica_v1,0.011,ok,,4.55,0.0,SINAPI_Referência_2026_05.xlsx!Analítico!B52947,pisos,Pisos e acabamentos de borda,pisos,4.582817707687516,0.9704278486895562,10,0.0,0,0.015151232326662581,1,0.0144209189837813,1,0.13415004011999998,0.0,12,1,0.7212683008245327,0508875ea711878e337e0833dc654074422072cc203081bbe9181bc296bc9a94,preparo de contrapiso com politriz pe,v_dc9e77e1358ef4e4
sinapi_es,2026-05,101749,"PISO CIMENTADO, TRAÇO 1:5 (CIMENTO E AREIA), ACABAMENTO LISO, ESPESSURA 4,0 CM, PREPARO MECÂNICO DA ARGAMASSA. AF_02/2026",M2,Pisos,53.92,sem_desoneracao,2026-06-12,928df42a952625eb12d41baf2b5ab17e1207af6e7881cb9f1c7fcac4708400e3,SINAPI_Referência_2026_05.xlsx!CSD!S8424,44f1e6c14a559080313ca3077a5128d515315a03c85b713e8a08e824915acf53,cpu_hierarquica_v1,0.0258,ok,,53.92,0.0,SINAPI_Referência_2026_05.xlsx!Analítico!B52740,pisos,Pisos e acabamentos de borda,pisos,53.9426153485,0.5647123285494734,13,0.432036338049895,3,0.0020369317707369075,1,0.0012144016298946765,1,0.90454981,0.0,18,1,0.04194241190652246,a93453389ca706870c20347e4545f176eeef6a1f5a31c60d3f594dd00baa6c54,piso cimentado traco # # cimento e areia acabamento liso espessura # cm preparo mecanico da argamassa,v_8ef16f32e3aa1ae0
sinapi_es,2026-05,101750,"PISO CIMENTADO, TRAÇO 1:5 (CIMENTO E AREIA), ACABAMENTO RUGOSO, ESPESSURA 4,0 CM, PREPARO MECÂNICO DA ARGAMASSA. AF_02/2026",M2,Pisos,48.99,sem_desoneracao,2026-06-12,928df42a952625eb12d41baf2b5ab17e1207af6e7881cb9f1c7fcac4708400e3,SINAPI_Referência_2026_05.xlsx!CSD!S8427,354345f38f72d893237f314ab5122f1d08edf9b39c2f9ae2a6d9f50211267c21,cpu_hierarquica_v1,0.0284,ok,,48.99,0.0,SINAPI_Referência_2026_05.xlsx!Analítico!B52756,pisos,Pisos e acabamentos de borda,pisos,49.017744038446,0.528118727600804,13,0.4683032736471024,3,0.002241584739473527,1,0.0013364140126200061,1,0.7665514797999999,0.0,18,1,0.05663204418451734,a93453389ca706870c20347e4545f176eeef6a1f5a31c60d3f594dd00baa6c54,piso cimentado traco # # cimento e areia acabamento rugoso espessura # cm preparo mecanico da argamassa,v_8ef16f32e3aa1ae0
sinapi_es,2026-05,101751,"PISO EM TACO DE MADEIRA 7X21CM, FIXADO COM COLA PU. AF_02/2026_PS",M2,Pisos,287.92,sem_desoneracao,2026-06-12,928df42a952625eb12d41baf2b5ab17e1207af6e7881cb9f1c7fcac4708400e3,SINAPI_Referência_2026_05.xlsx!CSD!S8446,689b3bc9492a83437d27a3514fc6ecedc33f47f6458f79a4538428f1e03ae656,cpu_hierarquica_v1,0.0,ok,,287.92,0.0,SINAPI_Referência_2026_05.xlsx!Analítico!B52877,pisos,Pisos e acabamentos de borda,pisos,287.9512583879744,0.1256035434276291,10,0.874396456572371,2,0.0,0,0.0,0,1.05181585246,0.0,12,0,0.010856622664069787,68f77ba8c1416d9575c9d5ccf3dd29913fb4ad4f912ee8bd5da312664b96237d,piso em taco de madeira #x#cm fixado com cola pu ps,v_6668cccc2c19cdee
sinapi_es,2026-05,102193,LIXAMENTO DE MADEIRA PARA APLICAÇÃO DE FUNDO OU PINTURA. AF_01/2021,M2,Pintura em Madeira,2.78,sem_desoneracao,2026-06-12,928df42a952625eb12d41baf2b5ab17e1207af6e7881cb9f1c7fcac4708400e3,SINAPI_Referência_2026_05.xlsx!CSD!S8316,c8f8d637daed9c5936752863d1c263a158b880b37b23878ce93a39e633e316c3,cpu_hierarquica_v1,0.0,ok,,2.78,0.0,SINAPI_Referência_2026_05.xlsx!Analítico!B52262,pintura,Pintura,pintura,2.78821938632,0.7762012548002618,7,0.22379874519973816,1,0.0,0,0.0,0,0.054898516,0.0,8,0,0.29566137841728096,0ffcead6044f653ce4cf922246275b974a7745bd426974a60e76efa38da049ff,lixamento de madeira para aplicacao de fundo ou pintura,v_3900c7a693ce613e
sinapi_es,2026-05,102194,LIXAMENTO DE MASSA PARA MADEIRA. AF_01/2021,M2,Pintura em Madeira,11.2,sem_desoneracao,2026-06-12,928df42a952625eb12d41baf2b5ab17e1207af6e7881cb9f1c7fcac4708400e3,SINAPI_Referência_2026_05.xlsx!CSD!S8317,5ec1021ae423afb12be85e93dd1bb9bbbb8c5c72888fba4200f64b5cdf0cd5ec,cpu_hierarquica_v1,0.0,ok,,11.2,0.0,SINAPI_Referência_2026_05.xlsx!Analítico!B52265,pintura,Pintura,pintura,11.20505678512,0.9303885723242546,7,0.0696114276757453,1,0.0,0,0.0,0,0.264446456,0.0,8,0,0.04514986714286375,0ffcead6044f653ce4cf922246275b974a7745bd426974a60e76efa38da049ff,lixamento de massa para madeira,v_3900c7a693ce613e
sinapi_es,2026-05,102197,PINTURA FUNDO NIVELADOR ALQUÍDICO BRANCO EM MADEIRA. AF_01/2021,M2,Pintura em Madeira,35.0,sem_desoneracao,2026-06-12,928df42a952625eb12d41baf2b5ab17e1207af6e7881cb9f1c7fcac4708400e3,SINAPI_Referência_2026_05.xlsx!CSD!S8319,66debc409493c9536287484e9494ccb0df8ad0be016787994b9f01f111dc3332,cpu_hierarquica_v1,0.0,ok,,35.0,0.0,SINAPI_Referência_2026_05.xlsx!Analítico!B52272,pintura,Pintura,pintura,35.02332188912,0.3205046604276304,7,0.6794953395723696,3,0.0,0,0.0,0,0.284741656,0.0,10,0,0.06663396891428063,8079709665b6093bdce8586ef30d61ecbd0cf59a8b8c8a05fad076a50d1bec41,pintura fundo nivelador alquidico branco em madeira,v_1697dd7f9d0493eb
sinapi_es,2026-05,102200,"APLICAÇÃO MASSA ALQUÍDICA PARA MADEIRA, PARA PINTURA COM TINTA DE ACABAMENTO (PIGMENTADA). AF_01/2021",M2,Pintura em Madeira,27.83,sem_desoneracao,2026-06-12,928df42a952625eb12d41baf2b5ab17e1207af6e7881cb9f1c7fcac4708400e3,SINAPI_Referência_2026_05.xlsx!CSD!S8314,3361fc73f1c484d1b55e155240002db888fd8dacd41afec38ed420c5beaed3c9,cpu_hierarquica_v1,0.0,ok,,27.83,0.0,SINAPI_Referência_2026_05.xlsx!Analítico!B52254,pintura,Pintura,pintura,27.84087196048,0.5279105446604914,7,0.4720894553395085,2,0.0,0,0.0,0,0.372822824,0.0,9,0,0.03906561437298937,8ba98248f1632b8da61d97e5277528eddba5f6cbffd86b71fc60917e29bf5da0,aplicacao massa alquidica para madeira para pintura com tinta de acabamento pigmentada,v_728ff95b73eb03a8
sinapi_es,2026-05,102201,"APLICAÇÃO MASSA ACRÍLICA PARA MADEIRA, PARA PINTURA COM TINTA DE ACABAMENTO (PIGMENTADA). AF_01/2021",M2,Pintura em Madeira,25.84,sem_desoneracao,2026-06-12,928df42a952625eb12d41baf2b5ab17e1207af6e7881cb9f1c7fcac4708400e3,SINAPI_Referência_2026_05.xlsx!CSD!S8313,5115eb78d12a28a62d39316ccfac3d3333776b3f6018a9976cc14cb9bf65bfb7,cpu_hierarquica_v1,0.0,ok,,25.84,0.0,SINAPI_Referência_2026_05.xlsx!Analítico!B52250,pintura,Pintura,pintura,25.85522854488,0.6991944593914594,7,0.30080554060854064,2,0.0,0,0.0,0,0.458570044,0.0,9,0,0.05893399721361982,8ba98248f1632b8da61d97e5277528eddba5f6cbffd86b71fc60917e29bf5da0,aplicacao massa acrilica para madeira para pintura com tinta de acabamento pigmentada,v_728ff95b73eb03a8
sinapi_es,2026-05,102202,"APLICAÇÃO MASSA EPÓXI PARA MADEIRA, PARA PINTURA COM TINTA PU DE ACABAMENTO (PIGMENTADA). AF_01/2021",M2,Pintura em Madeira,66.58,sem_desoneracao,2026-06-12,928df42a952625eb12d41baf2b5ab17e1207af6e7881cb9f1c7fcac4708400e3,SINAPI_Referência_2026_05.xlsx!CSD!S8315,e70e02f34b756835555a329fac753af082747319524bc0a9d6007a77d331e224,cpu_hierarquica_v1,0.0,ok,,66.58,0.0,SINAPI_Referência_2026_05.xlsx!Analítico!B52258,pintura,Pintura,pintura,66.59026588047999,0.22071529053300215,7,0.779284709466998,2,0.0,0,0.0,0,0.372822824,0.0,9,0,0.015418865244805575,9dc5af77da6bb6d0630e640fc4a4acda9df0c06469acc4e12f0ad8e09d0799c3,aplicacao massa epoxi para madeira para pintura com tinta pu de acabamento pigmentada,v_eb9403a2e10f2765
sinapi_es,2026-05,102203,"PINTURA VERNIZ (INCOLOR) ALQUÍDICO EM MADEIRA, USO INTERNO E EXTERNO, 1 DEMÃO. AF_01/2021",M2,Pintura em Madeira,13.08,sem_desoneracao,2026-06-12,928df42a952625eb12d41baf2b5ab17e1207af6e7881cb9f1c7fcac4708400e3,SINAPI_Referência_2026_05.xlsx!CSD!S8343,48f9ffe0a9364e6fb0be1a5c452a930e7fe879bf35f06fcf6dac2d331a27ae02,cpu_hierarquica_v1,0.0,ok,,13.08,0.0,SINAPI_Referência_2026_05.xlsx!Analítico!B52367,pintura,Pintura,pintura,13.101055621680002,0.7203203233534444,7,0.2796796766465554,2,0.0,0,0.0,0,0.239381884,0.0,9,0,0.16097570091744792,54186d00407f58c62f40c4add7175f9b093445f01abdf007c1d113f640f9960f,pintura verniz incolor alquidico em madeira uso interno e externo # demao,v_2bad7d8d26809fca
sinapi_es,2026-05,102204,"PINTURA VERNIZ (INCOLOR) ALQUÍDICO EM MADEIRA, USO INTERNO, 1 DEMÃO. AF_01/2021",M2,Pintura em Madeira,13.42,sem_desoneracao,2026-06-12,928df42a952625eb12d41baf2b5ab17e1207af6e7881cb9f1c7fcac4708400e3,SINAPI_Referência_2026_05.xlsx!CSD!S8346,426731ab7d0aede1116735d712f35d1384ab0164364ca0010e02ce2f6ee5f8e7,cpu_hierarquica_v1,0.0,ok,,13.42,0.0,SINAPI_Referência_2026_05.xlsx!Analítico!B52379,pintura,Pintura,pintura,13.438482621680002,0.7022337928580992,7,0.29776620714190066,2,0.0,0,0.0,0,0.239381884,0.0,9,0,0.13772445365128355,0e4e556c5fdc973c692a645e4a04a71c6967af108dcf22b8a1512c924090a211,pintura verniz incolor alquidico em madeira uso interno # demao,v_230ff573f6ae9d5e
sinapi_es,2026-05,102205,"PINTURA VERNIZ (INCOLOR) POLIURETÂNICO (RESINA ALQUÍDICA MODIFICADA) EM MADEIRA, 1 DEMÃO. AF_01/2021",M2,Pintura em Madeira,12.35,sem_desoneracao,2026-06-12,928df42a952625eb12d41baf2b5ab17e1207af6e7881cb9f1c7fcac4708400e3,SINAPI_Referência_2026_05.xlsx!CSD!S8349,e094a52f6422e6a27f95417a3d601461de30f9ae598c52e4afd0e05ca8480d6c,cpu_hierarquica_v1,0.0,ok,,12.35,0.0,SINAPI_Referência_2026_05.xlsx!Analítico!B52391,pintura,Pintura,pintura,12.366478621679999,0.7631078264378207,7,0.23689217356217948,2,0.0,0,0.0,0,0.239381884,0.0,9,0,0.13343013506072268,b80548e6b62f289e2a78f289ed01ffa38e54acd02e50b78c5892f31147a3e69c,pintura verniz incolor poliuretanico resina alquidica modificada em madeira # demao,v_f9eac28ece61b607
sinapi_es,2026-05,102207,"PINTURA TINTA DE ACABAMENTO (PIGMENTADA) A ÓLEO EM MADEIRA, 1 DEMÃO. AF_01/2021",M2,Pintura em Madeira,11.26,sem_desoneracao,2026-06-12,928df42a952625eb12d41baf2b5ab17e1207af6e7881cb9f1c7fcac4708400e3,SINAPI_Referência_2026_05.xlsx!CSD!S8325,e7b7a500fca650a2f16ea4a481f8c2b63121aa6f74080ea1b417925c1a8cc4f3,cpu_hierarquica_v1,0.0,ok,,11.26,0.0,SINAPI_Referência_2026_05.xlsx!Analítico!B52298,pintura,Pintura,pintura,11.26596970456,0.6757315973855907,7,0.3242684026144093,2,0.0,0,0.0,0,0.193108828,0.0,9,0,0.05301691438721146,6a83100fd9e3acaa9ef93351053c3d0d61deafc911fe858f545588a8ef40c4fc,pintura tinta de acabamento pigmentada a oleo em madeira # demao,v_1cfcf28b753f8e72
sinapi_es,2026-05,102208,"PINTURA TINTA DE ACABAMENTO (PIGMENTADA) ESMALTE SINTÉTICO FOSCO EM MADEIRA, 1 DEMÃO. AF_01/2021",M2,Pintura em Madeira,10.78,sem_desoneracao,2026-06-12,928df42a952625eb12d41baf2b5ab17e1207af6e7881cb9f1c7fcac4708400e3,SINAPI_Referência_2026_05.xlsx!CSD!S8337,7841d4e18731c73a5b540648bcbf95742e69233f7eeeb3ad673b056caf52786f,cpu_hierarquica_v1,0.0,ok,,10.78,0.0,SINAPI_Referência_2026_05.xlsx!Analítico!B52343,pintura,Pintura,pintura,10.79743170456,0.7050539343856146,7,0.2949460656143855,2,0.0,0,0.0,0,0.193108828,0.0,9,0,0.16170412393320846,2b5fb1deefd6b3578a1c5aaff63942483209ad06c3ffaca914e0970d5183b0b0,pintura tinta de acabamento pigmentada esmalte sintetico fosco em madeira # demao,v_0d1e444b92a64fd4
sinapi_es,2026-05,102209,"PINTURA TINTA DE ACABAMENTO (PIGMENTADA) ESMALTE SINTÉTICO ACETINADO EM MADEIRA, 1 DEMÃO. AF_01/2021",M2,Pintura em Madeira,11.09,sem_desoneracao,2026-06-12,928df42a952625eb12d41baf2b5ab17e1207af6e7881cb9f1c7fcac4708400e3,SINAPI_Referência_2026_05.xlsx!CSD!S8331,958c672e89ac42604aa9ab63dbc715fea39b421aaa36da78e8901fabaaa06636,cpu_hierarquica_v1,0.0,ok,,11.09,0.0,SINAPI_Referência_2026_05.xlsx!Analítico!B52319,pintura,Pintura,pintura,11.10848770456,0.685311259914793,7,0.3146887400852071,2,0.0,0,0.0,0,0.193108828,0.0,9,0,0.16670608259693454,80a2efc9bddfa058fc48d6e46315016796b20c2fff2468738a194a80f2234c53,pintura tinta de acabamento pigmentada esmalte sintetico acetinado em madeira # demao,v_71c9f5e34a029aaf
sinapi_es,2026-05,102210,"PINTURA TINTA DE ACABAMENTO (PIGMENTADA) ESMALTE SINTÉTICO BRILHANTE EM MADEIRA, 1 DEMÃO. AF_01/2021",M2,Pintura em Madeira,10.63,sem_desoneracao,2026-06-12,928df42a952625eb12d41baf2b5ab17e1207af6e7881cb9f1c7fcac4708400e3,SINAPI_Referência_2026_05.xlsx!CSD!S8334,596b1bbae3f7a614b949f53e0fcb4a61cb25c29d56d610de8c88087532829a1e,cpu_hierarquica_v1,0.0,ok,,10.63,0.0,SINAPI_Referência_2026_05.xlsx!Analítico!B52331,pintura,Pintura,pintura,10.63682270456,0.7156997832911522,7,0.28430021670884775,2,0.0,0,0.0,0,0.193108828,0.0,9,0,0.06418348598306055,3f79c8ff7edb5c9cea70b4250c88084c0009bc64eea9ed52f3149bfce76d5b01,pintura tinta de acabamento pigmentada esmalte sintetico brilhante em madeira # demao,v_01efd623610d396e
sinapi_es,2026-05,102213,"PINTURA VERNIZ (INCOLOR) ALQUÍDICO EM MADEIRA, USO INTERNO E EXTERNO, 2 DEMÃOS. AF_01/2021",M2,Pintura em Madeira,26.19,sem_desoneracao,2026-06-12,928df42a952625eb12d41baf2b5ab17e1207af6e7881cb9f1c7fcac4708400e3,SINAPI_Referência_2026_05.xlsx!CSD!S8344,6654834411515e212bb6b17d419e9ba87ca6b87f3cce210d442fc4f5d6369f10,cpu_hierarquica_v1,0.0,ok,,26.19,0.0,SINAPI_Referência_2026_05.xlsx!Analítico!B52371,pintura,Pintura,pintura,26.204384243360003,0.720257841896915,7,0.2797421581030849,2,0.0,0,0.0,0,0.478763768,0.0,9,0,0.05492265505919092,54186d00407f58c62f40c4add7175f9b093445f01abdf007c1d113f640f9960f,pintura verniz incolor alquidico em madeira uso interno e externo # demaos,v_2bad7d8d26809fca
sinapi_es,2026-05,102214,"PINTURA VERNIZ (INCOLOR) ALQUÍDICO EM MADEIRA, USO INTERNO, 2 DEMÃOS. AF_01/2021",M2,Pintura em Madeira,26.87,sem_desoneracao,2026-06-12,928df42a952625eb12d41baf2b5ab17e1207af6e7881cb9f1c7fcac4708400e3,SINAPI_Referência_2026_05.xlsx!CSD!S8347,02e6b4218d471863237374a096705fecb92ffba37e7cef3995bf34857d3446c2,cpu_hierarquica_v1,0.0,ok,,26.87,0.0,SINAPI_Referência_2026_05.xlsx!Analítico!B52383,pintura,Pintura,pintura,26.876965243360004,0.7022337928580992,7,0.29776620714190066,2,0.0,0,0.0,0,0.478763768,0.0,9,0,0.025922007294392892,0e4e556c5fdc973c692a645e4a04a71c6967af108dcf22b8a1512c924090a211,pintura verniz incolor alquidico em madeira uso interno # demaos,v_230ff573f6ae9d5e
sinapi_es,2026-05,102215,"PINTURA VERNIZ (INCOLOR) POLIURETÂNICO (RESINA ALQUÍDICA MODIFICADA) EM MADEIRA, 2 DEMÃOS. AF_01/2021",M2,Pintura em Madeira,24.72,sem_desoneracao,2026-06-12,928df42a952625eb12d41baf2b5ab17e1207af6e7881cb9f1c7fcac4708400e3,SINAPI_Referência_2026_05.xlsx!CSD!S8350,e4cc90272d3d0cc2b50ee196ca2ca872b41729cf18721f8e0049718ef7d80370,cpu_hierarquica_v1,0.0,ok,,24.72,0.0,SINAPI_Referência_2026_05.xlsx!Analítico!B52395,pintura,Pintura,pintura,24.73523024336,0.7630377020010384,7,0.23696229799896162,2,0.0,0,0.0,0,0.478763768,0.0,9,0,0.06161101682848438,b80548e6b62f289e2a78f289ed01ffa38e54acd02e50b78c5892f31147a3e69c,pintura verniz incolor poliuretanico resina alquidica modificada em madeira # demaos,v_f9eac28ece61b607
sinapi_es,2026-05,102217,"PINTURA TINTA DE ACABAMENTO (PIGMENTADA) A ÓLEO EM MADEIRA, 2 DEMÃOS. AF_01/2021",M2,Pintura em Madeira,22.52,sem_desoneracao,2026-06-12,928df42a952625eb12d41baf2b5ab17e1207af6e7881cb9f1c7fcac4708400e3,SINAPI_Referência_2026_05.xlsx!CSD!S8326,f32db2f455913e516e7de760107eb0fcc5a42c37c0a2469db533a66636376219,cpu_hierarquica_v1,0.0,ok,,22.52,0.0,SINAPI_Referência_2026_05.xlsx!Analítico!B52302,pintura,Pintura,pintura,22.530212003599996,0.6756058487673272,7,0.32439415123267296,2,0.0,0,0.0,0,0.38611618,0.0,9,0,0.04534637477795723,6a83100fd9e3acaa9ef93351053c3d0d61deafc911fe858f545588a8ef40c4fc,pintura tinta de acabamento pigmentada a oleo em madeira # demaos,v_1cfcf28b753f8e72
sinapi_es,2026-05,102218,"PINTURA TINTA DE ACABAMENTO (PIGMENTADA) ESMALTE SINTÉTICO FOSCO EM MADEIRA, 2 DEMÃOS. AF_01/2021",M2,Pintura em Madeira,21.57,sem_desoneracao,2026-06-12,928df42a952625eb12d41baf2b5ab17e1207af6e7881cb9f1c7fcac4708400e3,SINAPI_Referência_2026_05.xlsx!CSD!S8338,9ecdf76e102b4da514bacbfd565bd8e6b1c55b1ccdd875eef3b5520788d944e9,cpu_hierarquica_v1,0.0,ok,,21.57,0.0,SINAPI_Referência_2026_05.xlsx!Analítico!B52347,pintura,Pintura,pintura,21.581533003599997,0.7053040671884109,7,0.29469593281158923,2,0.0,0,0.0,0,0.38611618,0.0,9,0,0.053467796012965974,2b5fb1deefd6b3578a1c5aaff63942483209ad06c3ffaca914e0970d5183b0b0,pintura tinta de acabamento pigmentada esmalte sintetico fosco em madeira # demaos,v_0d1e444b92a64fd4
sinapi_es,2026-05,102219,"PINTURA TINTA DE ACABAMENTO (PIGMENTADA) ESMALTE SINTÉTICO ACETINADO EM MADEIRA, 2 DEMÃOS. AF_01/2021",M2,Pintura em Madeira,22.19,sem_desoneracao,2026-06-12,928df42a952625eb12d41baf2b5ab17e1207af6e7881cb9f1c7fcac4708400e3,SINAPI_Referência_2026_05.xlsx!CSD!S8332,2f68a4905ea15e4a83d35e17c55357058e5fd23c92145643e5c499fedb3b052c,cpu_hierarquica_v1,0.0,ok,,22.19,0.0,SINAPI_Referência_2026_05.xlsx!Analítico!B52323,pintura,Pintura,pintura,22.2082220036,0.6854012446891316,7,0.31459875531086845,2,0.0,0,0.0,0,0.38611618,0.0,9,0,0.08211808742676097,80a2efc9bddfa058fc48d6e46315016796b20c2fff2468738a194a80f2234c53,pintura tinta de acabamento pigmentada esmalte sintetico acetinado em madeira # demaos,v_71c9f5e34a029aaf
sinapi_es,2026-05,102220,"PINTURA TINTA DE ACABAMENTO (PIGMENTADA) ESMALTE SINTÉTICO BRILHANTE EM MADEIRA, 2 DEMÃOS. AF_01/2021",M2,Pintura em Madeira,21.26,sem_desoneracao,2026-06-12,928df42a952625eb12d41baf2b5ab17e1207af6e7881cb9f1c7fcac4708400e3,SINAPI_Referência_2026_05.xlsx!CSD!S8335,e50b92dcc0760bd0affc6ba0d7280ef6283032e979626f1abc4cdfbb9fd28738,cpu_hierarquica_v1,0.0,ok,,21.26,0.0,SINAPI_Referência_2026_05.xlsx!Analítico!B52335,pintura,Pintura,pintura,21.2719740036,0.7155679581511314,7,0.2844320418488686,2,0.0,0,0.0,0,0.38611618,0.0,9,0,0.056321747883343806,3f79c8ff7edb5c9cea70b4250c88084c0009bc64eea9ed52f3149bfce76d5b01,pintura tinta de acabamento pigmentada esmalte sintetico brilhante em madeira # demaos,v_01efd623610d396e
sinapi_es,2026-05,102223,"PINTURA VERNIZ (INCOLOR) ALQUÍDICO EM MADEIRA, USO INTERNO E EXTERNO, 3 DEMÃOS. AF_01/2021",M2,Pintura em Madeira,39.29,sem_desoneracao,2026-06-12,928df42a952625eb12d41baf2b5ab17e1207af6e7881cb9f1c7fcac4708400e3,SINAPI_Referência_2026_05.xlsx!CSD!S8345,d3c0fd1f5e011e3ab2ed8d6f2b07c07f7b142aed1686adad9c6e14b0008a615d,cpu_hierarquica_v1,0.0,ok,,39.29,0.0,SINAPI_Referência_2026_05.xlsx!Analítico!B52375,pintura,Pintura,pintura,39.30143945952,0.7202501956366186,7,0.2797498043633815,2,0.0,0,0.0,0,0.718044176,0.0,9,0,0.029115448002031693,54186d00407f58c62f40c4add7175f9b093445f01abdf007c1d113f640f9960f,pintura verniz incolor alquidico em madeira uso interno e externo # demaos,v_2bad7d8d26809fca
sinapi_es,2026-05,102224,"PINTURA VERNIZ (INCOLOR) ALQUÍDICO EM MADEIRA, USO INTERNO, 3 DEMÃOS. AF_01/2021",M2,Pintura em Madeira,40.29,sem_desoneracao,2026-06-12,928df42a952625eb12d41baf2b5ab17e1207af6e7881cb9f1c7fcac4708400e3,SINAPI_Referência_2026_05.xlsx!CSD!S8348,cb30f49a5da933031b726544d902616620bc6aae47f59800c79ec19f533277f1,cpu_hierarquica_v1,0.0,ok,,40.29,0.0,SINAPI_Referência_2026_05.xlsx!Analítico!B52387,pintura,Pintura,pintura,40.31011845952,0.7022273945422951,7,0.297772605457705,2,0.0,0,0.0,0,0.718044176,0.0,9,0,0.04993412638371562,0e4e556c5fdc973c692a645e4a04a71c6967af108dcf22b8a1512c924090a211,pintura verniz incolor alquidico em madeira uso interno # demaos,v_230ff573f6ae9d5e
sinapi_es,2026-05,102225,"PINTURA VERNIZ (INCOLOR) POLIURETÂNICO (RESINA ALQUÍDICA MODIFICADA) EM MADEIRA, 3 DEMÃOS. AF_01/2021",M2,Pintura em Madeira,37.08,sem_desoneracao,2026-06-12,928df42a952625eb12d41baf2b5ab17e1207af6e7881cb9f1c7fcac4708400e3,SINAPI_Referência_2026_05.xlsx!CSD!S8351,51e75e024764bd8172be60195615368edfde785767534bb5bac9925200c60a7e,cpu_hierarquica_v1,0.0,ok,,37.08,0.0,SINAPI_Referência_2026_05.xlsx!Analítico!B52399,pintura,Pintura,pintura,37.09770845951999,0.7630355252375678,7,0.2369644747624324,2,0.0,0,0.0,0,0.718044176,0.0,9,0,0.047757442071182134,b80548e6b62f289e2a78f289ed01ffa38e54acd02e50b78c5892f31147a3e69c,pintura verniz incolor poliuretanico resina alquidica modificada em madeira # demaos,v_f9eac28ece61b607
sinapi_es,2026-05,102227,"PINTURA TINTA DE ACABAMENTO (PIGMENTADA) A ÓLEO EM MADEIRA, 3 DEMÃOS. AF_01/2021",M2,Pintura em Madeira,33.78,sem_desoneracao,2026-06-12,928df42a952625eb12d41baf2b5ab17e1207af6e7881cb9f1c7fcac4708400e3,SINAPI_Referência_2026_05.xlsx!CSD!S8327,df82542f79d2ee6c128318f1921d3aa355aee4bbd3f24805bd033a235c3f2337,cpu_hierarquica_v1,0.0,ok,,33.78,0.0,SINAPI_Referência_2026_05.xlsx!Analítico!B52306,pintura,Pintura,pintura,33.796181708160006,0.6756477671158547,7,0.3243522328841451,2,0.0,0,0.0,0,0.579225008,0.0,9,0,0.0479032213144016,6a83100fd9e3acaa9ef93351053c3d0d61deafc911fe858f545588a8ef40c4fc,pintura tinta de acabamento pigmentada a oleo em madeira # demaos,v_1cfcf28b753f8e72
sinapi_es,2026-05,102228,"PINTURA TINTA DE ACABAMENTO (PIGMENTADA) ESMALTE SINTÉTICO FOSCO EM MADEIRA, 3 DEMÃOS. AF_01/2021",M2,Pintura em Madeira,32.38,sem_desoneracao,2026-06-12,928df42a952625eb12d41baf2b5ab17e1207af6e7881cb9f1c7fcac4708400e3,SINAPI_Referência_2026_05.xlsx!CSD!S8339,0a85499025bf89641b00452308be00a9468fbb7f98259c996c8f4f91278e27de,cpu_hierarquica_v1,0.0,ok,,32.38,0.0,SINAPI_Referência_2026_05.xlsx!Analítico!B52351,pintura,Pintura,pintura,32.39295970816,0.7049159729114808,7,0.29508402708851933,2,0.0,0,0.0,0,0.579225008,0.0,9,0,0.040023805311911076,2b5fb1deefd6b3578a1c5aaff63942483209ad06c3ffaca914e0970d5183b0b0,pintura tinta de acabamento pigmentada esmalte sintetico fosco em madeira # demaos,v_0d1e444b92a64fd4
sinapi_es,2026-05,102229,"PINTURA TINTA DE ACABAMENTO (PIGMENTADA) ESMALTE SINTÉTICO ACETINADO EM MADEIRA, 3 DEMÃOS. AF_01/2021",M2,Pintura em Madeira,33.3,sem_desoneracao,2026-06-12,928df42a952625eb12d41baf2b5ab17e1207af6e7881cb9f1c7fcac4708400e3,SINAPI_Referência_2026_05.xlsx!CSD!S8333,2cb2a59a9cbcae9c4ef4d2dbbc401d0579e8d7d189f336df73ee2fb1e15b55c0,cpu_hierarquica_v1,0.0,ok,,33.3,0.0,SINAPI_Referência_2026_05.xlsx!Analítico!B52327,pintura,Pintura,pintura,33.31670970816,0.6853712418836898,7,0.31462875811631036,2,0.0,0,0.0,0,0.579225008,0.0,9,0,0.050179303783785295,80a2efc9bddfa058fc48d6e46315016796b20c2fff2468738a194a80f2234c53,pintura tinta de acabamento pigmentada esmalte sintetico acetinado em madeira # demaos,v_71c9f5e34a029aaf
sinapi_es,2026-05,102230,"PINTURA TINTA DE ACABAMENTO (PIGMENTADA) ESMALTE SINTÉTICO BRILHANTE EM MADEIRA, 3 DEMÃOS. AF_01/2021",M2,Pintura em Madeira,31.89,sem_desoneracao,2026-06-12,928df42a952625eb12d41baf2b5ab17e1207af6e7881cb9f1c7fcac4708400e3,SINAPI_Referência_2026_05.xlsx!CSD!S8336,4abc67ced73c00209df25dfbea1af16c6f8daef450411285d5509fd1bc6c9731,cpu_hierarquica_v1,0.0,ok,,31.89,0.0,SINAPI_Referência_2026_05.xlsx!Analítico!B52339,pintura,Pintura,pintura,31.908796708159997,0.7156119021661701,7,0.28438809783383007,2,0.0,0,0.0,0,0.579225008,0.0,9,0,0.05894232724991049,3f79c8ff7edb5c9cea70b4250c88084c0009bc64eea9ed52f3149bfce76d5b01,pintura tinta de acabamento pigmentada esmalte sintetico brilhante em madeira # demaos,v_01efd623610d396e
sinapi_es,2026-05,102233,"PINTURA IMUNIZANTE PARA MADEIRA, 1 DEMÃO. AF_01/2021",M2,Pintura em Madeira,12.19,sem_desoneracao,2026-06-12,928df42a952625eb12d41baf2b5ab17e1207af6e7881cb9f1c7fcac4708400e3,SINAPI_Referência_2026_05.xlsx!CSD!S8323,4d967eb72a26bab03b5bb93b8f6bd595395f15dd262596f8ff90e5533340232b,cpu_hierarquica_v1,0.0,ok,,12.19,0.0,SINAPI_Referência_2026_05.xlsx!Analítico!B52292,pintura,Pintura,pintura,12.1934855028,0.7430950322382665,7,0.2569049677617336,1,0.0,0,0.0,0,0.22984314,0.0,8,0,0.028593132075473846,b5baf1c6fa14ecd087ad0f9cd5ae2acfd0bc9988200484d7c8b94fc1b6e643e6,pintura imunizante para madeira # demao,v_7c3fa003bbf3a33a
sinapi_es,2026-05,102234,"PINTURA IMUNIZANTE PARA MADEIRA, 2 DEMÃOS. AF_01/2021",M2,Pintura em Madeira,24.37,sem_desoneracao,2026-06-12,928df42a952625eb12d41baf2b5ab17e1207af6e7881cb9f1c7fcac4708400e3,SINAPI_Referência_2026_05.xlsx!CSD!S8324,5c2427381a87243b4ebfd59b959bd9768d29fdff57d6bb7b1954defd24515b96,cpu_hierarquica_v1,0.0,ok,,24.37,0.0,SINAPI_Referência_2026_05.xlsx!Analítico!B52295,pintura,Pintura,pintura,24.38104760008,0.7431114895990176,7,0.2568885104009825,1,0.0,0,0.0,0,0.459584804,0.0,8,0,0.045332786540819535,b5baf1c6fa14ecd087ad0f9cd5ae2acfd0bc9988200484d7c8b94fc1b6e643e6,pintura imunizante para madeira # demaos,v_7c3fa003bbf3a33a
sinapi_es,2026-05,102488,PREPARO DO PISO CIMENTADO PARA PINTURA - LIXAMENTO E LIMPEZA. AF_05/2021,M2,Pintura para Pisos,4.72,sem_desoneracao,2026-06-12,928df42a952625eb12d41baf2b5ab17e1207af6e7881cb9f1c7fcac4708400e3,SINAPI_Referência_2026_05.xlsx!CSD!S8417,f204408b19445e009ad3bb8f993ff3ed77482ccbff1f6c4878c2ff1035a1e28f,cpu_hierarquica_v1,0.0127,ok,,4.72,0.0,SINAPI_Referência_2026_05.xlsx!Analítico!B52695,pintura,Pintura,pintura,4.740892762784,0.979404400042438,10,0.0,0,0.014475031226756016,1,0.006120568730805955,1,0.1388832,0.0,12,1,0.4426432793220407,0508875ea711878e337e0833dc654074422072cc203081bbe9181bc296bc9a94,preparo do piso cimentado para pintura lixamento e limpeza,v_dc9e77e1358ef4e4
sinapi_es,2026-05,102489,"PINTURA HIDROFUGANTE COM SILICONE, APLICAÇÃO MANUAL, 2 DEMÃOS. AF_05/2021",M2,Pintura para Pisos,31.89,sem_desoneracao,2026-06-12,928df42a952625eb12d41baf2b5ab17e1207af6e7881cb9f1c7fcac4708400e3,SINAPI_Referência_2026_05.xlsx!CSD!S8416,c1db6a5b68323ff6e23ede800b8755a720ad0c9cc26946d719a1716391e8115d,cpu_hierarquica_v1,0.0,ok,,31.89,0.0,SINAPI_Referência_2026_05.xlsx!Analítico!B52690,pintura,Pintura,pintura,31.905474072,0.5875961607620397,10,0.4124038392379603,2,0.0,0,0.0,0,0.5184936,0.0,12,0,0.04852327375352759,a9f508f44c13e86325fce71605c67d865d06f10e132ea238f584748073f321c1,pintura hidrofugante com silicone aplicacao manual # demaos,v_ba84ea1981eed032
sinapi_es,2026-05,102491,"PINTURA DE PISO COM TINTA ACRÍLICA, APLICAÇÃO MANUAL, 2 DEMÃOS, INCLUSO FUNDO PREPARADOR. AF_05/2021",M2,Pintura para Pisos,25.24,sem_desoneracao,2026-06-12,928df42a952625eb12d41baf2b5ab17e1207af6e7881cb9f1c7fcac4708400e3,SINAPI_Referência_2026_05.xlsx!CSD!S8407,c5b212b7b44d0270cadef1e3eb8615f0dfbede83d662b277aa28738ef744ef41,cpu_hierarquica_v1,0.0,ok,,25.24,0.0,SINAPI_Referência_2026_05.xlsx!Analítico!B52626,pintura,Pintura,pintura,25.2681954,0.567238980588222,10,0.432761019411778,3,0.0,0,0.0,0,0.396497,0.0,13,0,0.11170919175911773,627aa5093c6d33dcccb949c286543ab73a0937ef9facf0f55e98e1a81cae7e46,pintura de piso com tinta acrilica aplicacao manual # demaos incluso fundo preparador,v_d404d703853078da
sinapi_es,2026-05,102492,"PINTURA DE PISO COM TINTA ACRÍLICA, APLICAÇÃO MANUAL, 3 DEMÃOS, INCLUSO FUNDO PREPARADOR. AF_05/2021",M2,Pintura para Pisos,32.14,sem_desoneracao,2026-06-12,928df42a952625eb12d41baf2b5ab17e1207af6e7881cb9f1c7fcac4708400e3,SINAPI_Referência_2026_05.xlsx!CSD!S8408,f1c9366a3a617bb666bbc5ebf108ff82d6d1e36871ace333e63c4c4f5003a369,cpu_hierarquica_v1,0.0,ok,,32.14,0.0,SINAPI_Referência_2026_05.xlsx!Analítico!B52632,pintura,Pintura,pintura,32.162982004,0.5909123103584223,10,0.40908768964157766,3,0.0,0,0.0,0,0.5256098,0.0,13,0,0.07150592408213839,627aa5093c6d33dcccb949c286543ab73a0937ef9facf0f55e98e1a81cae7e46,pintura de piso com tinta acrilica aplicacao manual # demaos incluso fundo preparador,v_d404d703853078da
sinapi_es,2026-05,102494,"PINTURA DE PISO COM TINTA EPÓXI, APLICAÇÃO MANUAL, 2 DEMÃOS, INCLUSO PRIMER EPÓXI. AF_05/2021",M2,Pintura para Pisos,77.15,sem_desoneracao,2026-06-12,928df42a952625eb12d41baf2b5ab17e1207af6e7881cb9f1c7fcac4708400e3,SINAPI_Referência_2026_05.xlsx!CSD!S8410,89318d5cbf4c94788bc15306226b011684d3a4199bb1873e38472e033a04b09f,cpu_hierarquica_v1,0.0,ok,,77.15,0.0,SINAPI_Referência_2026_05.xlsx!Analítico!B52646,pintura,Pintura,pintura,77.16746140000001,0.18574027368483575,10,0.8142597263151642,4,0.0,0,0.0,0,0.396497,0.0,14,0,0.022633052495141876,c9a8daad89c7064420641430bbd0e1bc785419a0dfaa94bc521d5b2f405e595a,pintura de piso com tinta epoxi aplicacao manual # demaos incluso primer epoxi,v_194ea1ceaeaf84c0
sinapi_es,2026-05,102499,ENCERAMENTO DE PISO EM MADEIRA. AF_05/2021,M2,Pintura para Pisos,3.91,sem_desoneracao,2026-06-12,928df42a952625eb12d41baf2b5ab17e1207af6e7881cb9f1c7fcac4708400e3,SINAPI_Referência_2026_05.xlsx!CSD!S8402,712dc9c39c3596151f1588f5a6e753caf7f770087d6bfb68fd68d2ca3f07518c,cpu_hierarquica_v1,0.0,ok,,3.91,0.0,SINAPI_Referência_2026_05.xlsx!Analítico!B52601,pintura,Pintura,pintura,3.92576796,0.5166296074208115,7,0.4833703925791885,1,0.0,0,0.0,0,0.071484,0.0,8,0,0.4032726342710947,3ed04960a27994ae3f9156912940a8525b2f75539106954bad0560262e05ea35,enceramento de piso em madeira,v_10a8ed2881ec5b27
sinapi_es,2026-05,102520,"PINTURA DE SINALIZAÇÃO VERTICAL DE SEGURANÇA, FAIXAS AMARELA E PRETA, APLICAÇÃO MANUAL, 2 DEMÃOS. AF_05/2021",M2,Pintura para Pisos,107.41,sem_desoneracao,2026-06-12,928df42a952625eb12d41baf2b5ab17e1207af6e7881cb9f1c7fcac4708400e3,SINAPI_Referência_2026_05.xlsx!CSD!S8415,d19a13e4c6d15fc15c52fcc12d3344cc14b823cafd74d8b77fe480abaab67fb1,cpu_hierarquica_v1,0.0,ok,,107.41,0.0,SINAPI_Referência_2026_05.xlsx!Analítico!B52683,pintura,Pintura,pintura,107.44208966880001,0.8355217210082639,10,0.16447827899173595,4,0.0,0,0.0,0,2.48266784,0.0,14,0,0.029875867051496,b8cb53e7092015d5efaa6717527c940aa65035a3b0cb926a491762e355373194,pintura de sinalizacao vertical de seguranca faixas amarela e preta aplicacao manual # demaos,v_41db957c5f9e44e4
sinapi_es,2026-05,102803,REFORÇO SUPERFICIAL PARA CONTRAPISOS DE ARGAMASSA SEMI-SECA. AF_07/2021,M2,Contrapiso,2.98,sem_desoneracao,2026-06-12,928df42a952625eb12d41baf2b5ab17e1207af6e7881cb9f1c7fcac4708400e3,SINAPI_Referência_2026_05.xlsx!CSD!S1482,7e9b34300b3b9c96111876e1ad1f6221d2ed84e442a14468385356cbd55c37a6,cpu_hierarquica_v1,0.0,ok,,2.98,0.0,SINAPI_Referência_2026_05.xlsx!Analítico!B11286,pisos,Pisos e acabamentos de borda,pisos,2.990647672,0.8829684943241954,10,0.11703150567580464,1,0.0,0,0.0,0,0.0796536,0.0,11,0,0.3573044295302068,baa53b9ba28db71d6a6ef89fc61dfaa4031daae9b815526e4bcdcf1bc00a6a11,reforco superficial para contrapisos de argamassa semi seca,v_44b79a0c1770e6c0
sinapi_es,2026-05,104162,"PISO EM GRANILITE, MARMORITE OU GRANITINA EM AMBIENTES INTERNOS, COM ESPESSURA DE 8 MM, INCLUSO MISTURA EM BETONEIRA, COLOCAÇÃO DAS JUNTAS, APLICAÇÃO DO PISO, 4 POLIMENTOS COM POLITRIZ, ESTUCAMENTO, SELADOR E CERA. AF_02/2026_PE",M2,Pisos,105.6,sem_desoneracao,2026-06-12,928df42a952625eb12d41baf2b5ab17e1207af6e7881cb9f1c7fcac4708400e3,SINAPI_Referência_2026_05.xlsx!CSD!S8438,db38ec3fee3789143761f187181c893e5db3316fbdd09b8e9c114dc5a7e6d823,cpu_hierarquica_v1,0.0247,ok,,105.6,0.0,SINAPI_Referência_2026_05.xlsx!Analítico!B52821,pisos,Pisos e acabamentos de borda,pisos,105.66720951272075,0.554659851741705,10,0.4372463341566515,5,0.0047588912620507625,2,0.0033349228395927054,1,1.751791885064,0.0,18,2,0.06364537189465082,9b14c4bec4b35e530928a1932b7f176df52a1890bf119794971bd16dc666e8fb,piso em granilite marmorite ou granitina em ambientes internos com espessura de # mm incluso mistura em betoneira colocacao das juntas aplicacao do piso # polimentos com politriz estucamento selador e cera pe,v_f312017f958c63d1
sinapi_es,2026-05,104203,"EMBOÇO OU MASSA ÚNICA EM ARGAMASSA TRAÇO 1:2:8, PREPARO MECÂNICA COM BETONEIRA 400 L, APLICADA COM PROJETOR TIPO CANEQUINHA EM PANOS DE FACHADA COM PRESENÇA DE VÃOS, ESPESSURA DE 25 MM, ACESSO POR BALANCIM MANUAL. AF_08/2022",M2,Massa Única Externa,70.79,sem_desoneracao,2026-06-12,928df42a952625eb12d41baf2b5ab17e1207af6e7881cb9f1c7fcac4708400e3,SINAPI_Referência_2026_05.xlsx!CSD!S7696,8bc796eaec64c280ee4d546ea73593ec3524989bf1d400b6788c7c7d004817ab,cpu_hierarquica_v1,0.0863,ok,,70.79,0.0,SINAPI_Referência_2026_05.xlsx!Analítico!B47517,revestimentos_forros,Revestimentos e forros,revestimentos_forros,70.82122320572,0.6393794993589259,13,0.27208536972069236,5,0.08797648482237419,3,0.0005586460980075891,1,1.4026350029999999,0.0,22,1,0.04410680282525268,90cd0228935bb90ffc358a90310b0ff2aacb12232b82ff33d471c4e4251ace09,emboco ou massa unica em argamassa traco # # # preparo mecanica com betoneira # l aplicada com projetor tipo canequinha em panos de fachada com presenca de vaos espessura de # mm acesso por balancim manual,v_9582ed549810eefb
sinapi_es,2026-05,104204,"EMBOÇO OU MASSA ÚNICA EM ARGAMASSA TRAÇO 1:2:8, PREPARO MECÂNICA COM BETONEIRA 400 L, APLICADA COM PROJETOR TIPO CANEQUINHA EM PANOS DE FACHADA COM PRESENÇA DE VÃOS, ESPESSURA DE 35 MM, ACESSO POR BALANCIM MANUAL. AF_08/2022",M2,Massa Única Externa,91.53,sem_desoneracao,2026-06-12,928df42a952625eb12d41baf2b5ab17e1207af6e7881cb9f1c7fcac4708400e3,SINAPI_Referência_2026_05.xlsx!CSD!S7698,79174f7a8ea7a1ccb3a913125b3595f76471c85f19daea7622b3ce429ef90a85,cpu_hierarquica_v1,0.0865,ok,,91.53,0.0,SINAPI_Referência_2026_05.xlsx!Analítico!B47531,revestimentos_forros,Revestimentos e forros,revestimentos_forros,91.59256097078999,0.6370158679698588,13,0.274335601425244,5,0.08806937876726152,3,0.0005791518376357773,1,1.8065627295,0.0,22,1,0.06835023575875489,90cd0228935bb90ffc358a90310b0ff2aacb12232b82ff33d471c4e4251ace09,emboco ou massa unica em argamassa traco # # # preparo mecanica com betoneira # l aplicada com projetor tipo canequinha em panos de fachada com presenca de vaos espessura de # mm acesso por balancim manual,v_9582ed549810eefb
sinapi_es,2026-05,104205,"EMBOÇO OU MASSA ÚNICA EM ARGAMASSA TRAÇO 1:2:8, PREPARO MECÂNICA COM BETONEIRA 400 L, APLICADA COM PROJETOR TIPO CANEQUINHA EM PANOS DE FACHADA COM PRESENÇA DE VÃOS, ESPESSURA DE 45 MM, ACESSO POR BALANCIM MANUAL. AF_08/2022",M2,Massa Única Externa,99.4,sem_desoneracao,2026-06-12,928df42a952625eb12d41baf2b5ab17e1207af6e7881cb9f1c7fcac4708400e3,SINAPI_Referência_2026_05.xlsx!CSD!S7700,1d9380a2b9261bfeec65a5b082db7a29ef1fc1095d309fb31d32cdfcbc1327b8,cpu_hierarquica_v1,0.0822,ok,,99.4,0.0,SINAPI_Referência_2026_05.xlsx!Analítico!B47545,revestimentos_forros,Revestimentos e forros,revestimentos_forros,99.44869623657998,0.6038636713010088,13,0.31156549127893884,5,0.08390186937403883,3,0.0006689680460137512,1,1.8551128559999999,0.0,22,1,0.04899017764584632,90cd0228935bb90ffc358a90310b0ff2aacb12232b82ff33d471c4e4251ace09,emboco ou massa unica em argamassa traco # # # preparo mecanica com betoneira # l aplicada com projetor tipo canequinha em panos de fachada com presenca de vaos espessura de # mm acesso por balancim manual,v_9582ed549810eefb
sinapi_es,2026-05,104206,"EMBOÇO OU MASSA ÚNICA EM ARGAMASSA TRAÇO 1:2:8, PREPARO MECÂNICA COM BETONEIRA 400 L, APLICADA COM PROJETOR TIPO CANEQUINHA EM PANOS DE FACHADA COM PRESENÇA DE VÃOS, ESPESSURA DE 50 MM, ACESSO POR BALANCIM MANUAL. AF_08/2022",M2,Massa Única Externa,109.89,sem_desoneracao,2026-06-12,928df42a952625eb12d41baf2b5ab17e1207af6e7881cb9f1c7fcac4708400e3,SINAPI_Referência_2026_05.xlsx!CSD!S7702,2bdbc4b215325838b97633add1603eaf9466ddafbbfb8d55bbbae2943cd721d1,cpu_hierarquica_v1,0.0826,ok,,109.89,0.0,SINAPI_Referência_2026_05.xlsx!Analítico!B47559,revestimentos_forros,Revestimentos e forros,revestimentos_forros,109.94959320850998,0.6067157608694714,13,0.308218951167316,5,0.08439947376723685,3,0.0006658141959758877,1,2.0609346495,0.0,22,1,0.054229873973956136,90cd0228935bb90ffc358a90310b0ff2aacb12232b82ff33d471c4e4251ace09,emboco ou massa unica em argamassa traco # # # preparo mecanica com betoneira # l aplicada com projetor tipo canequinha em panos de fachada com presenca de vaos espessura de # mm acesso por balancim manual,v_9582ed549810eefb
sinapi_es,2026-05,104207,"EMBOÇO OU MASSA ÚNICA EM ARGAMASSA TRAÇO 1:2:8, PREPARO MECÂNICA COM BETONEIRA 400 L, APLICADA COM PROJETOR TIPO CANEQUINHA EM PANOS DE FACHADA SEM PRESENÇA DE VÃOS, ESPESSURA DE 25 MM, ACESSO POR BALANCIM MANUAL. AF_08/2022",M2,Massa Única Externa,51.52,sem_desoneracao,2026-06-12,928df42a952625eb12d41baf2b5ab17e1207af6e7881cb9f1c7fcac4708400e3,SINAPI_Referência_2026_05.xlsx!CSD!S7704,8dcfa4b1b47644ba39dbd8515e2f45cc8efe5970e29fa0931552dbcf081dc224,cpu_hierarquica_v1,0.0763,ok,,51.52,0.0,SINAPI_Referência_2026_05.xlsx!Analítico!B47573,revestimentos_forros,Revestimentos e forros,revestimentos_forros,51.55932169443,0.56159983481703,13,0.3594876016765431,5,0.0781965339159137,3,0.0007160295905131794,1,0.8927184735,0.0,22,1,0.07632316465449081,90cd0228935bb90ffc358a90310b0ff2aacb12232b82ff33d471c4e4251ace09,emboco ou massa unica em argamassa traco # # # preparo mecanica com betoneira # l aplicada com projetor tipo canequinha em panos de fachada sem presenca de vaos espessura de # mm acesso por balancim manual,v_9582ed549810eefb
sinapi_es,2026-05,104208,"EMBOÇO OU MASSA ÚNICA EM ARGAMASSA TRAÇO 1:2:8, PREPARO MECÂNICA COM BETONEIRA 400 L, APLICADA COM PROJETOR TIPO CANEQUINHA EM PANOS DE FACHADA SEM PRESENÇA DE VÃOS, ESPESSURA DE 35 MM, ACESSO POR BALANCIM MANUAL. AF_08/2022",M2,Massa Única Externa,71.74,sem_desoneracao,2026-06-12,928df42a952625eb12d41baf2b5ab17e1207af6e7881cb9f1c7fcac4708400e3,SINAPI_Referência_2026_05.xlsx!CSD!S7706,cd73eba0a867df8eb9feb58aa8974c17195931ae664f9f37c3dd6a28014ff9a3,cpu_hierarquica_v1,0.0799,ok,,71.74,0.0,SINAPI_Referência_2026_05.xlsx!Analítico!B47587,revestimentos_forros,Revestimentos e forros,revestimentos_forros,71.79131896115001,0.582842143191622,13,0.33488139301368924,5,0.08158671466183318,3,0.0006897491328554187,1,1.2914276235,0.0,22,1,0.07153465451633212,90cd0228935bb90ffc358a90310b0ff2aacb12232b82ff33d471c4e4251ace09,emboco ou massa unica em argamassa traco # # # preparo mecanica com betoneira # l aplicada com projetor tipo canequinha em panos de fachada sem presenca de vaos espessura de # mm acesso por balancim manual,v_9582ed549810eefb
sinapi_es,2026-05,104209,"EMBOÇO OU MASSA ÚNICA EM ARGAMASSA TRAÇO 1:2:8, PREPARO MECÂNICA COM BETONEIRA 400 L, APLICADA COM PROJETOR TIPO CANEQUINHA EM PANOS DE FACHADA SEM PRESENÇA DE VÃOS, ESPESSURA DE 45 MM, ACESSO POR BALANCIM MANUAL. AF_08/2022",M2,Massa Única Externa,79.14,sem_desoneracao,2026-06-12,928df42a952625eb12d41baf2b5ab17e1207af6e7881cb9f1c7fcac4708400e3,SINAPI_Referência_2026_05.xlsx!CSD!S7708,3c8cbc4f51a4ec9a022ab15cb203aae0612a6284f192fe46d248ccdbb66add69,cpu_hierarquica_v1,0.0756,ok,,79.14,0.0,SINAPI_Referência_2026_05.xlsx!Analítico!B47601,revestimentos_forros,Revestimentos e forros,revestimentos_forros,79.18233903031,0.5485925093503762,13,0.3731667599348046,5,0.07745623759727911,3,0.0007844931175400364,1,1.3368015734999998,0.0,22,1,0.05349890107405045,90cd0228935bb90ffc358a90310b0ff2aacb12232b82ff33d471c4e4251ace09,emboco ou massa unica em argamassa traco # # # preparo mecanica com betoneira # l aplicada com projetor tipo canequinha em panos de fachada sem presenca de vaos espessura de # mm acesso por balancim manual,v_9582ed549810eefb
sinapi_es,2026-05,104210,"EMBOÇO OU MASSA ÚNICA EM ARGAMASSA TRAÇO 1:2:8, PREPARO MECÂNICA COM BETONEIRA 400 L, APLICADA COM PROJETOR TIPO CANEQUINHA EM PANOS DE FACHADA SEM PRESENÇA DE VÃOS, ESPESSURA DE 50 MM, ACESSO POR BALANCIM MANUAL. AF_08/2022",M2,Massa Única Externa,81.79,sem_desoneracao,2026-06-12,928df42a952625eb12d41baf2b5ab17e1207af6e7881cb9f1c7fcac4708400e3,SINAPI_Referência_2026_05.xlsx!CSD!S7710,ceda5db759f9dd5a6557f4277d78c8e4301eb72eca597cd832d2cf7a4209e445,cpu_hierarquica_v1,0.0731,ok,,81.79,0.0,SINAPI_Referência_2026_05.xlsx!Analítico!B47615,revestimentos_forros,Revestimentos e forros,revestimentos_forros,81.83869484081,0.5293705340565424,13,0.39469760561103656,5,0.07509584993253506,3,0.0008360103998858303,1,1.3308949485000001,0.0,22,1,0.05953642353588522,90cd0228935bb90ffc358a90310b0ff2aacb12232b82ff33d471c4e4251ace09,emboco ou massa unica em argamassa traco # # # preparo mecanica com betoneira # l aplicada com projetor tipo canequinha em panos de fachada sem presenca de vaos espessura de # mm acesso por balancim manual,v_9582ed549810eefb
sinapi_es,2026-05,104211,"EMBOÇO OU MASSA ÚNICA EM ARGAMASSA TRAÇO 1:2:8, PREPARO MECÂNICA COM BETONEIRA 400 L, APLICADA COM PROJETOR TIPO CANEQUINHA EM SUPERFÍCIES EXTERNAS DA SACADA, ESPESSURA DE 25 MM, ACESSO POR BALANCIM MANUAL, SEM USO DE TELA METÁLICA. AF_08/2022",M2,Massa Única Externa,103.31,sem_desoneracao,2026-06-12,928df42a952625eb12d41baf2b5ab17e1207af6e7881cb9f1c7fcac4708400e3,SINAPI_Referência_2026_05.xlsx!CSD!S7712,7334f1f2043d36e387a9175ab5b40e1867e0f5ea23acd9db9781161f5bce3442,cpu_hierarquica_v1,0.1012,ok,,103.31,0.0,SINAPI_Referência_2026_05.xlsx!Analítico!B47628,revestimentos_forros,Revestimentos e forros,revestimentos_forros,103.35623685518999,0.7430377951402131,13,0.15407590663649773,4,0.10252910642603252,3,0.0003571917972567533,1,2.3897976735,0.0,21,1,0.04475544980155701,69633aebd19f83d9b7e173982beba17556d9b7d6e59561ad103c48c50f4d5131,emboco ou massa unica em argamassa traco # # # preparo mecanica com betoneira # l aplicada com projetor tipo canequinha em superficies externas da sacada espessura de # mm acesso por balancim manual sem uso de tela metalica,v_e7f653da0d60530c
sinapi_es,2026-05,104212,"EMBOÇO OU MASSA ÚNICA EM ARGAMASSA TRAÇO 1:2:8, PREPARO MECÂNICA COM BETONEIRA 400 L, APLICADA COM PROJETOR TIPO CANEQUINHA EM SUPERFÍCIES EXTERNAS DA SACADA, ESPESSURA DE 35 MM, ACESSO POR BALANCIM MANUAL, SEM USO DE TELA METÁLICA. AF_08/2022",M2,Massa Única Externa,123.6,sem_desoneracao,2026-06-12,928df42a952625eb12d41baf2b5ab17e1207af6e7881cb9f1c7fcac4708400e3,SINAPI_Referência_2026_05.xlsx!CSD!S7713,df3be27a39590532fc827b520e81149f957120641ecadd08fa31b70a9442492c,cpu_hierarquica_v1,0.0992,ok,,123.6,0.0,SINAPI_Referência_2026_05.xlsx!Analítico!B47634,revestimentos_forros,Revestimentos e forros,revestimentos_forros,123.66245942363,0.7257672136247367,13,0.17330518897883734,4,0.10052716867916783,3,0.0004004287172582132,1,2.7905492235000002,0.0,21,1,0.05053351426375621,69633aebd19f83d9b7e173982beba17556d9b7d6e59561ad103c48c50f4d5131,emboco ou massa unica em argamassa traco # # # preparo mecanica com betoneira # l aplicada com projetor tipo canequinha em superficies externas da sacada espessura de # mm acesso por balancim manual sem uso de tela metalica,v_e7f653da0d60530c
sinapi_es,2026-05,104213,"EMBOÇO OU MASSA ÚNICA EM ARGAMASSA TRAÇO 1:2:8, PREPARO MECÂNICA COM BETONEIRA 400 L, APLICADA COM PROJETOR TIPO CANEQUINHA EM SUPERFÍCIES EXTERNAS DA SACADA, ESPESSURA DE 45 MM, ACESSO POR BALANCIM MANUAL, SEM USO DE TELA METÁLICA. AF_08/2022",M2,Massa Única Externa,131.0,sem_desoneracao,2026-06-12,928df42a952625eb12d41baf2b5ab17e1207af6e7881cb9f1c7fcac4708400e3,SINAPI_Referência_2026_05.xlsx!CSD!S7714,24ebc813760734953717e8c126c1ca6f34b7d902b2b73d86b07f9eea7fa1d764,cpu_hierarquica_v1,0.0955,ok,,131.0,0.0,SINAPI_Referência_2026_05.xlsx!Analítico!B47640,revestimentos_forros,Revestimentos e forros,revestimentos_forros,131.05347949279,0.6970130882323919,13,0.20554956651480602,4,0.09696335554844317,3,0.0004739897043589558,1,2.8359231735000003,0.0,21,1,0.04082404029770194,69633aebd19f83d9b7e173982beba17556d9b7d6e59561ad103c48c50f4d5131,emboco ou massa unica em argamassa traco # # # preparo mecanica com betoneira # l aplicada com projetor tipo canequinha em superficies externas da sacada espessura de # mm acesso por balancim manual sem uso de tela metalica,v_e7f653da0d60530c
sinapi_es,2026-05,104214,"EMBOÇO OU MASSA ÚNICA EM ARGAMASSA TRAÇO 1:2:8, PREPARO MECÂNICA COM BETONEIRA 400 L, APLICADA COM PROJETOR TIPO CANEQUINHA EM SUPERFÍCIES EXTERNAS DA SACADA, ESPESSURA DE 50 MM, ACESSO POR BALANCIM MANUAL, SEM USO DE TELA METÁLICA. AF_08/2022",M2,Massa Única Externa,156.8,sem_desoneracao,2026-06-12,928df42a952625eb12d41baf2b5ab17e1207af6e7881cb9f1c7fcac4708400e3,SINAPI_Referência_2026_05.xlsx!CSD!S7715,f728a0901aa7ede0ee1cef8c3ee1bf145184845b7cecce628e8ccd6a5bf6aad4,cpu_hierarquica_v1,0.0975,ok,,156.8,0.0,SINAPI_Referência_2026_05.xlsx!Analítico!B47646,revestimentos_forros,Revestimentos e forros,revestimentos_forros,156.86812943993,0.7113870076273398,13,0.18927557819429336,4,0.09890126439928641,3,0.0004361497790805208,1,3.4672453485,0.0,21,1,0.043449897914525436,69633aebd19f83d9b7e173982beba17556d9b7d6e59561ad103c48c50f4d5131,emboco ou massa unica em argamassa traco # # # preparo mecanica com betoneira # l aplicada com projetor tipo canequinha em superficies externas da sacada espessura de # mm acesso por balancim manual sem uso de tela metalica,v_e7f653da0d60530c
sinapi_es,2026-05,104215,"EMBOÇO OU MASSA ÚNICA EM ARGAMASSA TRAÇO 1:2:8, PREPARO MECÂNICA COM BETONEIRA 400 L, APLICADA COM PROJETOR TIPO CANEQUINHA EM SUPERFÍCIES INTERNAS DA SACADA, ESPESSURA DE 25 MM, SEM USO DE TELA METÁLICA. AF_08/2022",M2,Massa Única Externa,95.74,sem_desoneracao,2026-06-12,928df42a952625eb12d41baf2b5ab17e1207af6e7881cb9f1c7fcac4708400e3,SINAPI_Referência_2026_05.xlsx!CSD!S7716,7e622979b43f1f382caf8cf7ae095de2f1c7989314a6a482f8cd7b29a380b996,cpu_hierarquica_v1,0.0942,ok,,95.74,0.0,SINAPI_Referência_2026_05.xlsx!Analítico!B47652,revestimentos_forros,Revestimentos e forros,revestimentos_forros,95.79133513221,0.7030134268497731,13,0.20079610200079942,4,0.0957182572488951,3,0.0004722139005325336,1,2.0909180805,0.0,21,1,0.05361931503028964,69633aebd19f83d9b7e173982beba17556d9b7d6e59561ad103c48c50f4d5131,emboco ou massa unica em argamassa traco # # # preparo mecanica com betoneira # l aplicada com projetor tipo canequinha em superficies internas da sacada espessura de # mm sem uso de tela metalica,v_e7f653da0d60530c
sinapi_es,2026-05,104216,"EMBOÇO OU MASSA ÚNICA EM ARGAMASSA TRAÇO 1:2:8, PREPARO MECÂNICA COM BETONEIRA 400 L, APLICADA COM PROJETOR TIPO CANEQUINHA EM SUPERFÍCIES INTERNAS DA SACADA, ESPESSURA DE 35 MM, SEM USO DE TELA METÁLICA. AF_08/2022",M2,Massa Única Externa,115.57,sem_desoneracao,2026-06-12,928df42a952625eb12d41baf2b5ab17e1207af6e7881cb9f1c7fcac4708400e3,SINAPI_Referência_2026_05.xlsx!CSD!S7717,a5bfa27ca2ec57d660fba69feb541bde3a415554b30761bc2349362f581c3030,cpu_hierarquica_v1,0.0917,ok,,115.57,0.0,SINAPI_Referência_2026_05.xlsx!Analítico!B47658,revestimentos_forros,Revestimentos e forros,revestimentos_forros,115.62949047390998,0.6827779152032473,13,0.2235108032914095,4,0.09318714186110899,3,0.000524139644234399,1,2.4485494995000003,0.0,21,1,0.05147570642034166,69633aebd19f83d9b7e173982beba17556d9b7d6e59561ad103c48c50f4d5131,emboco ou massa unica em argamassa traco # # # preparo mecanica com betoneira # l aplicada com projetor tipo canequinha em superficies internas da sacada espessura de # mm sem uso de tela metalica,v_e7f653da0d60530c
sinapi_es,2026-05,104217,"EMBOÇO OU MASSA ÚNICA EM ARGAMASSA TRAÇO 1:2:8, PREPARO MECÂNICA COM BETONEIRA 400 L, APLICADA MANUALMENTE EM PANOS DE FACHADA COM PRESENÇA DE VÃOS, ESPESSURA DE 25 MM, ACESSO POR ANDAIME. AF_08/2022",M2,Massa Única Externa,62.37,sem_desoneracao,2026-06-12,928df42a952625eb12d41baf2b5ab17e1207af6e7881cb9f1c7fcac4708400e3,SINAPI_Referência_2026_05.xlsx!CSD!S7718,b8041b2f3cc07929109805f0a356b6271c9624b904ce6b75f8f3e282f6561ee8,cpu_hierarquica_v1,0.0,ok,,62.37,0.0,SINAPI_Referência_2026_05.xlsx!Analítico!B47664,revestimentos_forros,Revestimentos e forros,revestimentos_forros,62.381755420260006,0.7091390798357181,13,0.2891600449278415,4,0.0010666513398305177,1,0.0006342238966098511,1,1.3699566029999999,0.0,19,0,0.018847875998090388,93c71d3a788ac75a49dc36279f2bd93ea690aee5b2d79b21d90c6addac160e90,emboco ou massa unica em argamassa traco # # # preparo mecanica com betoneira # l aplicada manualmente em panos de fachada com presenca de vaos espessura de # mm acesso por andaime,v_0dda16f0d0457dc9
sinapi_es,2026-05,104218,"EMBOÇO OU MASSA ÚNICA EM ARGAMASSA TRAÇO 1:2:8, PREPARO MANUAL, APLICADA MANUALMENTE EM PANOS DE FACHADA COM PRESENÇA DE VÃOS, ESPESSURA DE 25 MM, ACESSO POR ANDAIME. AF_08/2022",M2,Massa Única Externa,67.08,sem_desoneracao,2026-06-12,928df42a952625eb12d41baf2b5ab17e1207af6e7881cb9f1c7fcac4708400e3,SINAPI_Referência_2026_05.xlsx!CSD!S7674,d7c3b96fd3726adc2d424520f751f9606ae9da9631c66f08ba6148892f0c8671,cpu_hierarquica_v1,0.0,ok,,67.08,0.0,SINAPI_Referência_2026_05.xlsx!Analítico!B47415,revestimentos_forros,Revestimentos e forros,revestimentos_forros,67.09404793112,0.7351615848511321,10,0.2648384151488679,4,0.0,0,0.0,0,1.583411448,0.0,14,0,0.020942055933219902,f59f69dfd410937f99910c65577b1776975b9fe0ce46c3cc7106940d171348da,emboco ou massa unica em argamassa traco # # # preparo manual aplicada manualmente em panos de fachada com presenca de vaos espessura de # mm acesso por andaime,v_2ec0264e935bd491
sinapi_es,2026-05,104219,"EMBOÇO OU MASSA ÚNICA EM ARGAMASSA INDUSTRIALIZADA, PREPARO MECÂNICA E APLICAÇÃO COM EQUIPAMENTO DE MISTURA E PROJEÇÃO DE 1,5 M3/H DE ARGAMASSA EM PANOS DE FACHADA COM PRESENÇA DE VÃOS, ESPESSURA DE 25 MM, ACESSO POR ANDAIME. AF_08/2022",M2,Massa Única Externa,89.76,sem_desoneracao,2026-06-12,928df42a952625eb12d41baf2b5ab17e1207af6e7881cb9f1c7fcac4708400e3,SINAPI_Referência_2026_05.xlsx!CSD!S7644,74fe76cfc573cca2a1f4536cbe3e12e76a19520d9fb318898048e8aa00cae34b,cpu_hierarquica_v1,0.0,ok,,89.76,0.0,SINAPI_Referência_2026_05.xlsx!Analítico!B47275,revestimentos_forros,Revestimentos e forros,revestimentos_forros,89.78513710827941,0.4502228116704588,13,0.5385949157896953,2,0.010943833645731722,1,0.0002384388941143118,1,1.25143516016,0.0,17,0,0.028004799776525625,b24cec219f8c9ec5bea31e0a27a1adfb35f041175ab694b2a92a1cca42618e01,emboco ou massa unica em argamassa industrializada preparo mecanica e aplicacao com equipamento de mistura e projecao de # m# h de argamassa em panos de fachada com presenca de vaos espessura de # mm acesso por andaime,v_738f1c14af134ee4
sinapi_es,2026-05,104220,"EMBOÇO OU MASSA ÚNICA EM ARGAMASSA TRAÇO 1:2:8, PREPARO MECÂNICA COM BETONEIRA 400 L, APLICADA COM PROJETOR TIPO CANEQUINHA EM PANOS DE FACHADA COM PRESENÇA DE VÃOS, ESPESSURA DE 25 MM, ACESSO POR ANDAIME. AF_08/2022",M2,Massa Única Externa,65.59,sem_desoneracao,2026-06-12,928df42a952625eb12d41baf2b5ab17e1207af6e7881cb9f1c7fcac4708400e3,SINAPI_Referência_2026_05.xlsx!CSD!S7695,4d3b5795168122ec60b7d8f38ba2ff142da46f208c4d65eb4d0fd90d2df83341,cpu_hierarquica_v1,0.0837,ok,,65.59,0.0,SINAPI_Referência_2026_05.xlsx!Analítico!B47510,revestimentos_forros,Revestimentos e forros,revestimentos_forros,65.62545208531999,0.6203818022362579,13,0.29362721455918855,5,0.08538810735771675,3,0.0006028758468370266,1,1.2596670030000001,0.0,22,1,0.05405105247749454,90cd0228935bb90ffc358a90310b0ff2aacb12232b82ff33d471c4e4251ace09,emboco ou massa unica em argamassa traco # # # preparo mecanica com betoneira # l aplicada com projetor tipo canequinha em panos de fachada com presenca de vaos espessura de # mm acesso por andaime,v_9582ed549810eefb
sinapi_es,2026-05,104221,"EMBOÇO OU MASSA ÚNICA EM ARGAMASSA TRAÇO 1:2:8, PREPARO MECÂNICA COM BETONEIRA 400 L, APLICADA MANUALMENTE EM PANOS DE FACHADA COM PRESENÇA DE VÃOS, ESPESSURA DE 35 MM, ACESSO POR ANDAIME. AF_08/2022",M2,Massa Única Externa,80.42,sem_desoneracao,2026-06-12,928df42a952625eb12d41baf2b5ab17e1207af6e7881cb9f1c7fcac4708400e3,SINAPI_Referência_2026_05.xlsx!CSD!S7719,0af2bed66048914344f747b219d7c947553f92c0624e3d0e0baf124da89803b0,cpu_hierarquica_v1,0.0,ok,,80.42,0.0,SINAPI_Referência_2026_05.xlsx!Analítico!B47669,revestimentos_forros,Revestimentos e forros,revestimentos_forros,80.45649822589,0.7073388325528316,13,0.2908930082227812,4,0.0011088464134931984,1,0.0006593128108940043,1,1.7616299295,0.0,19,0,0.04538451366575474,93c71d3a788ac75a49dc36279f2bd93ea690aee5b2d79b21d90c6addac160e90,emboco ou massa unica em argamassa traco # # # preparo mecanica com betoneira # l aplicada manualmente em panos de fachada com presenca de vaos espessura de # mm acesso por andaime,v_0dda16f0d0457dc9
sinapi_es,2026-05,104222,"EMBOÇO OU MASSA ÚNICA EM ARGAMASSA TRAÇO 1:2:8, PREPARO MANUAL, APLICADA MANUALMENTE EM PANOS DE FACHADA COM PRESENÇA DE VÃOS, ESPESSURA DE 35 MM, ACESSO POR ANDAIME. AF_08/2022",M2,Massa Única Externa,86.74,sem_desoneracao,2026-06-12,928df42a952625eb12d41baf2b5ab17e1207af6e7881cb9f1c7fcac4708400e3,SINAPI_Referência_2026_05.xlsx!CSD!S7676,b4552d717a25948b23b3488c965b234fd92ae6bcf0f54556f619f21bc1cc0f05,cpu_hierarquica_v1,0.0,ok,,86.74,0.0,SINAPI_Referência_2026_05.xlsx!Analítico!B47425,revestimentos_forros,Revestimentos e forros,revestimentos_forros,86.77457194268,0.7344468723484858,10,0.2655531276515142,4,0.0,0,0.0,0,2.0478225720000003,0.0,14,0,0.03985697795711676,f59f69dfd410937f99910c65577b1776975b9fe0ce46c3cc7106940d171348da,emboco ou massa unica em argamassa traco # # # preparo manual aplicada manualmente em panos de fachada com presenca de vaos espessura de # mm acesso por andaime,v_2ec0264e935bd491
sinapi_es,2026-05,104223,"EMBOÇO OU MASSA ÚNICA EM ARGAMASSA INDUSTRIALIZADA, PREPARO MECÂNICA E APLICAÇÃO COM EQUIPAMENTO DE MISTURA E PROJEÇÃO DE 1,5 M3/H DE ARGAMASSA EM PANOS DE FACHADA COM PRESENÇA DE VÃOS, ESPESSURA DE 35 MM, ACESSO POR ANDAIME. AF_08/2022",M2,Massa Única Externa,117.39,sem_desoneracao,2026-06-12,928df42a952625eb12d41baf2b5ab17e1207af6e7881cb9f1c7fcac4708400e3,SINAPI_Referência_2026_05.xlsx!CSD!S7645,46099ff628f46ee6178f2645cbff7d45f6bbe271b1665d0cf2278165ab820472,cpu_hierarquica_v1,0.0,ok,,117.39,0.0,SINAPI_Referência_2026_05.xlsx!Analítico!B47280,revestimentos_forros,Revestimentos e forros,revestimentos_forros,117.41997133243832,0.44301062504220073,13,0.5455251420445891,2,0.011219781795787111,1,0.0002444511174230752,1,1.6096673682400002,0.0,17,0,0.025531418722482283,b24cec219f8c9ec5bea31e0a27a1adfb35f041175ab694b2a92a1cca42618e01,emboco ou massa unica em argamassa industrializada preparo mecanica e aplicacao com equipamento de mistura e projecao de # m# h de argamassa em panos de fachada com presenca de vaos espessura de # mm acesso por andaime,v_738f1c14af134ee4
sinapi_es,2026-05,104224,"EMBOÇO OU MASSA ÚNICA EM ARGAMASSA TRAÇO 1:2:8, PREPARO MECÂNICA COM BETONEIRA 400 L, APLICADA COM PROJETOR TIPO CANEQUINHA EM PANOS DE FACHADA COM PRESENÇA DE VÃOS, ESPESSURA DE 35 MM, ACESSO POR ANDAIME. AF_08/2022",M2,Massa Única Externa,84.78,sem_desoneracao,2026-06-12,928df42a952625eb12d41baf2b5ab17e1207af6e7881cb9f1c7fcac4708400e3,SINAPI_Referência_2026_05.xlsx!CSD!S7697,069c354ea3fb40e3872366f9f83c70a124569f1f41dd5fd5d09f26050e7ee2a8,cpu_hierarquica_v1,0.0839,ok,,84.78,0.0,SINAPI_Referência_2026_05.xlsx!Analítico!B47524,revestimentos_forros,Revestimentos e forros,revestimentos_forros,84.83805851427,0.6177236141910895,13,0.2961772197530139,5,0.08547390422259943,3,0.0006252618332971106,1,1.6207043295,0.0,22,1,0.06848138036093611,90cd0228935bb90ffc358a90310b0ff2aacb12232b82ff33d471c4e4251ace09,emboco ou massa unica em argamassa traco # # # preparo mecanica com betoneira # l aplicada com projetor tipo canequinha em panos de fachada com presenca de vaos espessura de # mm acesso por andaime,v_9582ed549810eefb
sinapi_es,2026-05,104225,"EMBOÇO OU MASSA ÚNICA EM ARGAMASSA TRAÇO 1:2:8, PREPARO MECÂNICA COM BETONEIRA 400 L, APLICADA MANUALMENTE EM PANOS DE FACHADA COM PRESENÇA DE VÃOS, ESPESSURA DE 45 MM, ACESSO POR ANDAIME. AF_08/2022",M2,Massa Única Externa,87.53,sem_desoneracao,2026-06-12,928df42a952625eb12d41baf2b5ab17e1207af6e7881cb9f1c7fcac4708400e3,SINAPI_Referência_2026_05.xlsx!CSD!S7720,e66b102b9b9692105e15f5eb04d80f5ca95391aca582d44073770b15ccb243a2,cpu_hierarquica_v1,0.0,ok,,87.53,0.0,SINAPI_Referência_2026_05.xlsx!Analítico!B47674,revestimentos_forros,Revestimentos e forros,revestimentos_forros,87.56611623152,0.6694089921784179,13,0.32855350491888086,4,0.0012777569774154846,1,0.0007597459252857992,1,1.8101800559999999,0.0,19,0,0.04126154634982024,93c71d3a788ac75a49dc36279f2bd93ea690aee5b2d79b21d90c6addac160e90,emboco ou massa unica em argamassa traco # # # preparo mecanica com betoneira # l aplicada manualmente em panos de fachada com presenca de vaos espessura de # mm acesso por andaime,v_0dda16f0d0457dc9
sinapi_es,2026-05,104226,"EMBOÇO OU MASSA ÚNICA EM ARGAMASSA TRAÇO 1:2:8, PREPARO MANUAL, APLICADA MANUALMENTE EM PANOS DE FACHADA COM PRESENÇA DE VÃOS, ESPESSURA DE 45 MM, ACESSO POR ANDAIME. AF_08/2022",M2,Massa Única Externa,95.46,sem_desoneracao,2026-06-12,928df42a952625eb12d41baf2b5ab17e1207af6e7881cb9f1c7fcac4708400e3,SINAPI_Referência_2026_05.xlsx!CSD!S7678,76a735446db6de5ac21d160a93c1619887b19e611c08de90ca82c1a3935738e6,cpu_hierarquica_v1,0.0,ok,,95.46,0.0,SINAPI_Referência_2026_05.xlsx!Analítico!B47435,revestimentos_forros,Revestimentos e forros,revestimentos_forros,95.48997115424001,0.7034511970449722,10,0.2965488029550277,4,0.0,0,0.0,0,2.169110496,0.0,14,0,0.03139655797194224,f59f69dfd410937f99910c65577b1776975b9fe0ce46c3cc7106940d171348da,emboco ou massa unica em argamassa traco # # # preparo manual aplicada manualmente em panos de fachada com presenca de vaos espessura de # mm acesso por andaime,v_2ec0264e935bd491
sinapi_es,2026-05,104227,"EMBOÇO OU MASSA ÚNICA EM ARGAMASSA INDUSTRIALIZADA, PREPARO MECÂNICA E APLICAÇÃO COM EQUIPAMENTO DE MISTURA E PROJEÇÃO DE 1,5 M3/H DE ARGAMASSA EM PANOS DE FACHADA COM PRESENÇA DE VÃOS, ESPESSURA DE 45 MM, ACESSO POR ANDAIME. AF_08/2022",M2,Massa Única Externa,135.04,sem_desoneracao,2026-06-12,928df42a952625eb12d41baf2b5ab17e1207af6e7881cb9f1c7fcac4708400e3,SINAPI_Referência_2026_05.xlsx!CSD!S7646,06a742a74c87c581b7694c54d9abd05e1695555dc9140d915a1eba33b7db7129,cpu_hierarquica_v1,0.0,ok,,135.04,0.0,SINAPI_Referência_2026_05.xlsx!Analítico!B47285,revestimentos_forros,Revestimentos e forros,revestimentos_forros,135.06870975659723,0.3970362729189767,13,0.5904644744420873,2,0.012232731860993776,1,0.00026652077794236647,1,1.6554123763200002,0.0,17,0,0.021260187053641442,b24cec219f8c9ec5bea31e0a27a1adfb35f041175ab694b2a92a1cca42618e01,emboco ou massa unica em argamassa industrializada preparo mecanica e aplicacao com equipamento de mistura e projecao de # m# h de argamassa em panos de fachada com presenca de vaos espessura de # mm acesso por andaime,v_738f1c14af134ee4
sinapi_es,2026-05,104228,"EMBOÇO OU MASSA ÚNICA EM ARGAMASSA TRAÇO 1:2:8, PREPARO MECÂNICA COM BETONEIRA 400 L, APLICADA COM PROJETOR TIPO CANEQUINHA EM PANOS DE FACHADA COM PRESENÇA DE VÃOS, ESPESSURA DE 45 MM, ACESSO POR ANDAIME. AF_08/2022",M2,Massa Única Externa,92.64,sem_desoneracao,2026-06-12,928df42a952625eb12d41baf2b5ab17e1207af6e7881cb9f1c7fcac4708400e3,SINAPI_Referência_2026_05.xlsx!CSD!S7699,24beead8f5ef156da2afd516e4799f8c2c3d6fd1b8771f044f03eae06e13583f,cpu_hierarquica_v1,0.0794,ok,,92.64,0.0,SINAPI_Referência_2026_05.xlsx!Analítico!B47538,revestimentos_forros,Revestimentos e forros,revestimentos_forros,92.69419378006,0.5837907425347366,13,0.3342688537053258,5,0.0812226889032998,3,0.0007177148566376682,1,1.669254456,0.0,22,1,0.05849933080743076,90cd0228935bb90ffc358a90310b0ff2aacb12232b82ff33d471c4e4251ace09,emboco ou massa unica em argamassa traco # # # preparo mecanica com betoneira # l aplicada com projetor tipo canequinha em panos de fachada com presenca de vaos espessura de # mm acesso por andaime,v_9582ed549810eefb
sinapi_es,2026-05,104229,"EMBOÇO OU MASSA ÚNICA EM ARGAMASSA TRAÇO 1:2:8, PREPARO MECÂNICA COM BETONEIRA 400 L, APLICADA MANUALMENTE EM PANOS DE FACHADA COM PRESENÇA DE VÃOS, ESPESSURA DE 50 MM, ACESSO POR ANDAIME. AF_08/2022",M2,Massa Única Externa,103.59,sem_desoneracao,2026-06-12,928df42a952625eb12d41baf2b5ab17e1207af6e7881cb9f1c7fcac4708400e3,SINAPI_Referência_2026_05.xlsx!CSD!S7721,40609a360d5f5934c96b0eeb98f7e4f5f1fb30fe023fca5db1375197890b865e,cpu_hierarquica_v1,0.0,ok,,103.59,0.0,SINAPI_Referência_2026_05.xlsx!Analítico!B47679,revestimentos_forros,Revestimentos e forros,revestimentos_forros,103.61927392029,0.6948022793150693,13,0.3033030401677615,4,0.0011881903321838622,1,0.0007064901849854143,1,2.2263690494999997,0.0,19,0,0.028259407558640027,93c71d3a788ac75a49dc36279f2bd93ea690aee5b2d79b21d90c6addac160e90,emboco ou massa unica em argamassa traco # # # preparo mecanica com betoneira # l aplicada manualmente em panos de fachada com presenca de vaos espessura de # mm acesso por andaime,v_0dda16f0d0457dc9
sinapi_es,2026-05,104230,"EMBOÇO OU MASSA ÚNICA EM ARGAMASSA TRAÇO 1:2:8, PREPARO MANUAL, APLICADA MANUALMENTE EM PANOS DE FACHADA COM PRESENÇA DE VÃOS, ESPESSURA DE 50 MM, ACESSO POR ANDAIME. AF_08/2022",M2,Massa Única Externa,112.32,sem_desoneracao,2026-06-12,928df42a952625eb12d41baf2b5ab17e1207af6e7881cb9f1c7fcac4708400e3,SINAPI_Referência_2026_05.xlsx!CSD!S7680,ff14404a411c122c74789bad12c9c25639cb511d956dcc67868395d03eaeca26,cpu_hierarquica_v1,0.0,ok,,112.32,0.0,SINAPI_Referência_2026_05.xlsx!Analítico!B47445,revestimentos_forros,Revestimentos e forros,revestimentos_forros,112.33851579548,0.724672526061231,10,0.2753274739387689,4,0.0,0,0.0,0,2.621328492,0.0,14,0,0.01648486064815995,f59f69dfd410937f99910c65577b1776975b9fe0ce46c3cc7106940d171348da,emboco ou massa unica em argamassa traco # # # preparo manual aplicada manualmente em panos de fachada com presenca de vaos espessura de # mm acesso por andaime,v_2ec0264e935bd491
sinapi_es,2026-05,104231,"EMBOÇO OU MASSA ÚNICA EM ARGAMASSA INDUSTRIALIZADA, PREPARO MECÂNICA E APLICAÇÃO COM EQUIPAMENTO DE MISTURA E PROJEÇÃO DE 1,5 M3/H DE ARGAMASSA EM PANOS DE FACHADA COM PRESENÇA DE VÃOS, ESPESSURA DE 50 MM, ACESSO POR ANDAIME. AF_08/2022",M2,Massa Única Externa,149.0,sem_desoneracao,2026-06-12,928df42a952625eb12d41baf2b5ab17e1207af6e7881cb9f1c7fcac4708400e3,SINAPI_Referência_2026_05.xlsx!CSD!S7647,5e2636b1219dec04722ef11e9f918ddc0f73e6eb9c194844076ca5efc848a9b5,cpu_hierarquica_v1,0.0,ok,,149.0,0.0,SINAPI_Referência_2026_05.xlsx!Analítico!B47290,revestimentos_forros,Revestimentos e forros,revestimentos_forros,149.0320962283769,0.4002197485418702,13,0.5873149955957865,2,0.012199459995530232,1,0.0002657958668131351,1,1.8414631186400001,0.0,17,0,0.021541092870403105,b24cec219f8c9ec5bea31e0a27a1adfb35f041175ab694b2a92a1cca42618e01,emboco ou massa unica em argamassa industrializada preparo mecanica e aplicacao com equipamento de mistura e projecao de # m# h de argamassa em panos de fachada com presenca de vaos espessura de # mm acesso por andaime,v_738f1c14af134ee4
sinapi_es,2026-05,104232,"EMBOÇO OU MASSA ÚNICA EM ARGAMASSA TRAÇO 1:2:8, PREPARO MECÂNICA COM BETONEIRA 400 L, APLICADA COM PROJETOR TIPO CANEQUINHA EM PANOS DE FACHADA COM PRESENÇA DE VÃOS, ESPESSURA DE 50 MM, ACESSO POR ANDAIME. AF_08/2022",M2,Massa Única Externa,102.47,sem_desoneracao,2026-06-12,928df42a952625eb12d41baf2b5ab17e1207af6e7881cb9f1c7fcac4708400e3,SINAPI_Referência_2026_05.xlsx!CSD!S7701,4ca0c025b33ba065f30bcab61104fd8fa3eb07f17b238d1871c1659610596216,cpu_hierarquica_v1,0.0799,ok,,102.47,0.0,SINAPI_Referência_2026_05.xlsx!Analítico!B47552,revestimentos_forros,Revestimentos e forros,revestimentos_forros,102.52706303650997,0.5869795673300365,13,0.3305327129865434,5,0.08177370332684204,3,0.0007140163565782751,1,1.8566946495,0.0,22,1,0.0556875539279527,90cd0228935bb90ffc358a90310b0ff2aacb12232b82ff33d471c4e4251ace09,emboco ou massa unica em argamassa traco # # # preparo mecanica com betoneira # l aplicada com projetor tipo canequinha em panos de fachada com presenca de vaos espessura de # mm acesso por andaime,v_9582ed549810eefb
sinapi_es,2026-05,104233,"EMBOÇO OU MASSA ÚNICA EM ARGAMASSA TRAÇO 1:2:8, PREPARO MECÂNICA COM BETONEIRA 400 L, APLICADA MANUALMENTE EM PANOS DE FACHADA SEM PRESENÇA DE VÃOS, ESPESSURA DE 25 MM, ACESSO POR ANDAIME. AF_08/2022",M2,Massa Única Externa,45.75,sem_desoneracao,2026-06-12,928df42a952625eb12d41baf2b5ab17e1207af6e7881cb9f1c7fcac4708400e3,SINAPI_Referência_2026_05.xlsx!CSD!S7722,489c9387158e4d1b834f2f9f44cdae99d3e88a465ff7b565f67070ddfaf6e472,cpu_hierarquica_v1,0.0,ok,,45.75,0.0,SINAPI_Referência_2026_05.xlsx!Analítico!B47684,revestimentos_forros,Revestimentos e forros,revestimentos_forros,45.77112603037,0.6197856947641426,13,0.37805120609264853,4,0.0013565207781605039,1,0.0008065783650483978,1,0.8743368735,0.0,19,0,0.046177115562838725,93c71d3a788ac75a49dc36279f2bd93ea690aee5b2d79b21d90c6addac160e90,emboco ou massa unica em argamassa traco # # # preparo mecanica com betoneira # l aplicada manualmente em panos de fachada sem presenca de vaos espessura de # mm acesso por andaime,v_0dda16f0d0457dc9
sinapi_es,2026-05,104234,"EMBOÇO OU MASSA ÚNICA EM ARGAMASSA TRAÇO 1:2:8, PREPARO MANUAL, APLICADA MANUALMENTE EM PANOS DE FACHADA SEM PRESENÇA DE VÃOS, ESPESSURA DE 25 MM, ACESSO POR ANDAIME. AF_08/2022",M2,Massa Única Externa,50.15,sem_desoneracao,2026-06-12,928df42a952625eb12d41baf2b5ab17e1207af6e7881cb9f1c7fcac4708400e3,SINAPI_Referência_2026_05.xlsx!CSD!S7681,4b5a2f7f6fd946ea2f2ba927523ffc9719951b4634c450e3649b2c74458fb12f,cpu_hierarquica_v1,0.0,ok,,50.15,0.0,SINAPI_Referência_2026_05.xlsx!Analítico!B47450,revestimentos_forros,Revestimentos e forros,revestimentos_forros,50.16826522044,0.6600917878050868,10,0.33990821219491313,4,0.0,0,0.0,0,1.073516076,0.0,14,0,0.03642117734795615,f59f69dfd410937f99910c65577b1776975b9fe0ce46c3cc7106940d171348da,emboco ou massa unica em argamassa traco # # # preparo manual aplicada manualmente em panos de fachada sem presenca de vaos espessura de # mm acesso por andaime,v_2ec0264e935bd491
sinapi_es,2026-05,104235,"EMBOÇO OU MASSA ÚNICA EM ARGAMASSA INDUSTRIALIZADA, PREPARO MECÂNICA E APLICAÇÃO COM EQUIPAMENTO DE MISTURA E PROJEÇÃO DE 1,5 M3/H DE ARGAMASSA EM PANOS DE FACHADA SEM PRESENÇA DE VÃOS, ESPESSURA DE 25 MM, ACESSO POR ANDAIME. AF_08/2022",M2,Massa Única Externa,72.39,sem_desoneracao,2026-06-12,928df42a952625eb12d41baf2b5ab17e1207af6e7881cb9f1c7fcac4708400e3,SINAPI_Referência_2026_05.xlsx!CSD!S7648,0c25429bff9c02d67952a5922f68497c2bce3e367f3a0fdfb07d5c0919b8f381,cpu_hierarquica_v1,0.0,ok,,72.39,0.0,SINAPI_Referência_2026_05.xlsx!Analítico!B47295,revestimentos_forros,Revestimentos e forros,revestimentos_forros,72.41145421568748,0.35738821191910103,13,0.6296738453033581,2,0.012662067837362284,1,0.00027587494017862463,1,0.7972139679200001,0.0,17,0,0.02963698810261663,b24cec219f8c9ec5bea31e0a27a1adfb35f041175ab694b2a92a1cca42618e01,emboco ou massa unica em argamassa industrializada preparo mecanica e aplicacao com equipamento de mistura e projecao de # m# h de argamassa em panos de fachada sem presenca de vaos espessura de # mm acesso por andaime,v_738f1c14af134ee4
sinapi_es,2026-05,104236,"EMBOÇO OU MASSA ÚNICA EM ARGAMASSA TRAÇO 1:2:8, PREPARO MECÂNICA COM BETONEIRA 400 L, APLICADA COM PROJETOR TIPO CANEQUINHA EM PANOS DE FACHADA SEM PRESENÇA DE VÃOS, ESPESSURA DE 25 MM, ACESSO POR ANDAIME. AF_08/2022",M2,Massa Única Externa,48.33,sem_desoneracao,2026-06-12,928df42a952625eb12d41baf2b5ab17e1207af6e7881cb9f1c7fcac4708400e3,SINAPI_Referência_2026_05.xlsx!CSD!S7703,38e828690c78cb6f77e114ce3ef900c2187e3f37bdd02283a11be1f537527036,cpu_hierarquica_v1,0.0735,ok,,48.33,0.0,SINAPI_Referência_2026_05.xlsx!Analítico!B47566,revestimentos_forros,Revestimentos e forros,revestimentos_forros,48.36763372047,0.540633368545446,13,0.3832095034278201,5,0.07539384900809583,3,0.0007632790186379466,1,0.8048952735,0.0,22,1,0.07786824016140083,90cd0228935bb90ffc358a90310b0ff2aacb12232b82ff33d471c4e4251ace09,emboco ou massa unica em argamassa traco # # # preparo mecanica com betoneira # l aplicada com projetor tipo canequinha em panos de fachada sem presenca de vaos espessura de # mm acesso por andaime,v_9582ed549810eefb
sinapi_es,2026-05,104237,"EMBOÇO OU MASSA ÚNICA EM ARGAMASSA TRAÇO 1:2:8, PREPARO MECÂNICA COM BETONEIRA 400 L, APLICADA MANUALMENTE EM PANOS DE FACHADA SEM PRESENÇA DE VÃOS, ESPESSURA DE 35 MM, ACESSO POR ANDAIME. AF_08/2022",M2,Massa Única Externa,63.42,sem_desoneracao,2026-06-12,928df42a952625eb12d41baf2b5ab17e1207af6e7881cb9f1c7fcac4708400e3,SINAPI_Referência_2026_05.xlsx!CSD!S7723,3297144134043283384f1b2d6ba8928b6cb18c667cfabbcbe0865554041a5260,cpu_hierarquica_v1,0.0,ok,,63.42,0.0,SINAPI_Referência_2026_05.xlsx!Analítico!B47689,revestimentos_forros,Revestimentos e forros,revestimentos_forros,63.44602223937001,0.646132144442489,13,0.3517747624239652,4,0.0013126186727010001,1,0.0007804744608444926,1,1.2648764235,0.0,19,0,0.04103159787134592,93c71d3a788ac75a49dc36279f2bd93ea690aee5b2d79b21d90c6addac160e90,emboco ou massa unica em argamassa traco # # # preparo mecanica com betoneira # l aplicada manualmente em panos de fachada sem presenca de vaos espessura de # mm acesso por andaime,v_0dda16f0d0457dc9
sinapi_es,2026-05,104238,"EMBOÇO OU MASSA ÚNICA EM ARGAMASSA TRAÇO 1:2:8, PREPARO MANUAL, APLICADA MANUALMENTE EM PANOS DE FACHADA SEM PRESENÇA DE VÃOS, ESPESSURA DE 35 MM, ACESSO POR ANDAIME. AF_08/2022",M2,Massa Única Externa,69.32,sem_desoneracao,2026-06-12,928df42a952625eb12d41baf2b5ab17e1207af6e7881cb9f1c7fcac4708400e3,SINAPI_Referência_2026_05.xlsx!CSD!S7682,b06d43c011b70a4060ea63c95e76787abf6d4dfbbbef3a9ff83570d988cf6673,cpu_hierarquica_v1,0.0,ok,,69.32,0.0,SINAPI_Referência_2026_05.xlsx!Analítico!B47455,revestimentos_forros,Revestimentos e forros,revestimentos_forros,69.34389152844,0.6830038975965947,10,0.3169961024034054,4,0.0,0,0.0,0,1.532034876,0.0,14,0,0.034465563242936585,f59f69dfd410937f99910c65577b1776975b9fe0ce46c3cc7106940d171348da,emboco ou massa unica em argamassa traco # # # preparo manual aplicada manualmente em panos de fachada sem presenca de vaos espessura de # mm acesso por andaime,v_2ec0264e935bd491
sinapi_es,2026-05,104239,"EMBOÇO OU MASSA ÚNICA EM ARGAMASSA INDUSTRIALIZADA, PREPARO MECÂNICA E APLICAÇÃO COM EQUIPAMENTO DE MISTURA E PROJEÇÃO DE 1,5 M3/H DE ARGAMASSA EM PANOS DE FACHADA SEM PRESENÇA DE VÃOS, ESPESSURA DE 35 MM, ACESSO POR ANDAIME. AF_08/2022",M2,Massa Única Externa,98.93,sem_desoneracao,2026-06-12,928df42a952625eb12d41baf2b5ab17e1207af6e7881cb9f1c7fcac4708400e3,SINAPI_Referência_2026_05.xlsx!CSD!S7649,325d70e2bb8a6eb2a96c3d48477c7091899d349506f6e351fdcf045497aa62cc,cpu_hierarquica_v1,0.0,ok,,98.93,0.0,SINAPI_Referência_2026_05.xlsx!Analítico!B47300,revestimentos_forros,Revestimentos e forros,revestimentos_forros,98.95696667564911,0.378285572432547,13,0.609015967693663,2,0.01242769141250682,1,0.00027076846128301396,1,1.15449591192,0.0,17,0,0.027258339885885233,b24cec219f8c9ec5bea31e0a27a1adfb35f041175ab694b2a92a1cca42618e01,emboco ou massa unica em argamassa industrializada preparo mecanica e aplicacao com equipamento de mistura e projecao de # m# h de argamassa em panos de fachada sem presenca de vaos espessura de # mm acesso por andaime,v_738f1c14af134ee4
sinapi_es,2026-05,104240,"EMBOÇO OU MASSA ÚNICA EM ARGAMASSA TRAÇO 1:2:8, PREPARO MECÂNICA COM BETONEIRA 400 L, APLICADA COM PROJETOR TIPO CANEQUINHA EM PANOS DE FACHADA SEM PRESENÇA DE VÃOS, ESPESSURA DE 35 MM, ACESSO POR ANDAIME. AF_08/2022",M2,Massa Única Externa,67.14,sem_desoneracao,2026-06-12,928df42a952625eb12d41baf2b5ab17e1207af6e7881cb9f1c7fcac4708400e3,SINAPI_Referência_2026_05.xlsx!CSD!S7705,1b8f4cdedae1511d50589b9e57415bb4f61c4fa41c95092fe16f5f30417744b8,cpu_hierarquica_v1,0.0772,ok,,67.14,0.0,SINAPI_Referência_2026_05.xlsx!Analítico!B47580,revestimentos_forros,Revestimentos e forros,revestimentos_forros,67.18935025451,0.5625348788565337,13,0.35781826746250217,5,0.07890986188371596,3,0.0007369917972480493,1,1.1647988235,0.0,22,1,0.07350350686625388,90cd0228935bb90ffc358a90310b0ff2aacb12232b82ff33d471c4e4251ace09,emboco ou massa unica em argamassa traco # # # preparo mecanica com betoneira # l aplicada com projetor tipo canequinha em panos de fachada sem presenca de vaos espessura de # mm acesso por andaime,v_9582ed549810eefb
sinapi_es,2026-05,104241,"EMBOÇO OU MASSA ÚNICA EM ARGAMASSA TRAÇO 1:2:8, PREPARO MECÂNICA COM BETONEIRA 400 L, APLICADA MANUALMENTE EM PANOS DE FACHADA SEM PRESENÇA DE VÃOS, ESPESSURA DE 45 MM, ACESSO POR ANDAIME. AF_08/2022",M2,Massa Única Externa,70.07,sem_desoneracao,2026-06-12,928df42a952625eb12d41baf2b5ab17e1207af6e7881cb9f1c7fcac4708400e3,SINAPI_Referência_2026_05.xlsx!CSD!S7724,732bf40895a82b122d9ceeed5c071517d2af472c26da84c9cf31b6a6c070ad20,cpu_hierarquica_v1,0.0,ok,,70.07,0.0,SINAPI_Referência_2026_05.xlsx!Analítico!B47694,revestimentos_forros,Revestimentos e forros,revestimentos_forros,70.09052504837,0.6076476989647043,13,0.38997552638016175,4,0.0014905207719289235,1,0.000886253883205068,1,1.3102503735000002,0.0,19,0,0.029292205465968505,93c71d3a788ac75a49dc36279f2bd93ea690aee5b2d79b21d90c6addac160e90,emboco ou massa unica em argamassa traco # # # preparo mecanica com betoneira # l aplicada manualmente em panos de fachada sem presenca de vaos espessura de # mm acesso por andaime,v_0dda16f0d0457dc9
sinapi_es,2026-05,104242,"EMBOÇO OU MASSA ÚNICA EM ARGAMASSA TRAÇO 1:2:8, PREPARO MANUAL, APLICADA MANUALMENTE EM PANOS DE FACHADA SEM PRESENÇA DE VÃOS, ESPESSURA DE 45 MM, ACESSO POR ANDAIME. AF_08/2022",M2,Massa Única Externa,77.47,sem_desoneracao,2026-06-12,928df42a952625eb12d41baf2b5ab17e1207af6e7881cb9f1c7fcac4708400e3,SINAPI_Referência_2026_05.xlsx!CSD!S7683,e20507586364cd592a688ec965826974bb51d85c7ecd00abf291198184ba862f,cpu_hierarquica_v1,0.0,ok,,77.47,0.0,SINAPI_Referência_2026_05.xlsx!Analítico!B47460,revestimentos_forros,Revestimentos e forros,revestimentos_forros,77.48912443644,0.6527140868384249,10,0.3472859131615752,4,0.0,0,0.0,0,1.6453880760000001,0.0,14,0,0.02468624814766355,f59f69dfd410937f99910c65577b1776975b9fe0ce46c3cc7106940d171348da,emboco ou massa unica em argamassa traco # # # preparo manual aplicada manualmente em panos de fachada sem presenca de vaos espessura de # mm acesso por andaime,v_2ec0264e935bd491
sinapi_es,2026-05,104243,"EMBOÇO OU MASSA ÚNICA EM ARGAMASSA INDUSTRIALIZADA, PREPARO MECÂNICA E APLICAÇÃO COM EQUIPAMENTO DE MISTURA E PROJEÇÃO DE 1,5 M3/H DE ARGAMASSA EM PANOS DE FACHADA SEM PRESENÇA DE VÃOS, ESPESSURA DE 45 MM, ACESSO POR ANDAIME. AF_08/2022",M2,Massa Única Externa,115.43,sem_desoneracao,2026-06-12,928df42a952625eb12d41baf2b5ab17e1207af6e7881cb9f1c7fcac4708400e3,SINAPI_Referência_2026_05.xlsx!CSD!S7650,283ef5a6c1f3b45ef69b2d6e0ba902fb24368006b0aedc89cfc4b60c8d84e44c,cpu_hierarquica_v1,0.0,ok,,115.43,0.0,SINAPI_Referência_2026_05.xlsx!Analítico!B47305,revestimentos_forros,Revestimentos e forros,revestimentos_forros,115.4511147356107,0.33726500705286094,13,0.6490811889656511,2,0.013362664777877923,1,0.00029113920360989234,1,1.19724825592,0.0,17,0,0.018292242580520555,b24cec219f8c9ec5bea31e0a27a1adfb35f041175ab694b2a92a1cca42618e01,emboco ou massa unica em argamassa industrializada preparo mecanica e aplicacao com equipamento de mistura e projecao de # m# h de argamassa em panos de fachada sem presenca de vaos espessura de # mm acesso por andaime,v_738f1c14af134ee4
sinapi_es,2026-05,104244,"EMBOÇO OU MASSA ÚNICA EM ARGAMASSA TRAÇO 1:2:8, PREPARO MECÂNICA COM BETONEIRA 400 L, APLICADA COM PROJETOR TIPO CANEQUINHA EM PANOS DE FACHADA SEM PRESENÇA DE VÃOS, ESPESSURA DE 45 MM, ACESSO POR ANDAIME. AF_08/2022",M2,Massa Única Externa,74.54,sem_desoneracao,2026-06-12,928df42a952625eb12d41baf2b5ab17e1207af6e7881cb9f1c7fcac4708400e3,SINAPI_Referência_2026_05.xlsx!CSD!S7707,6713d16e051a9a2aa566bdce55f75c5ea6952bb7d610963a6052967a662aa599,cpu_hierarquica_v1,0.0728,ok,,74.54,0.0,SINAPI_Referência_2026_05.xlsx!Analítico!B47594,revestimentos_forros,Revestimentos e forros,revestimentos_forros,74.58037032367,0.5281843559359195,13,0.3961929495893387,5,0.07478979434659264,3,0.0008329001281492062,1,1.2101727735,0.0,22,1,0.05415927511401893,90cd0228935bb90ffc358a90310b0ff2aacb12232b82ff33d471c4e4251ace09,emboco ou massa unica em argamassa traco # # # preparo mecanica com betoneira # l aplicada com projetor tipo canequinha em panos de fachada sem presenca de vaos espessura de # mm acesso por andaime,v_9582ed549810eefb
sinapi_es,2026-05,104245,"EMBOÇO OU MASSA ÚNICA EM ARGAMASSA TRAÇO 1:2:8, PREPARO MECÂNICA COM BETONEIRA 400 L, APLICADA MANUALMENTE EM PANOS DE FACHADA SEM PRESENÇA DE VÃOS, ESPESSURA DE 50 MM, ACESSO POR ANDAIME. AF_08/2022",M2,Massa Única Externa,76.52,sem_desoneracao,2026-06-12,928df42a952625eb12d41baf2b5ab17e1207af6e7881cb9f1c7fcac4708400e3,SINAPI_Referência_2026_05.xlsx!CSD!S7725,7c4b14f49f8b37f62a4dccfcddb6cbe893e00deb625e5f11656b64004610ecce,cpu_hierarquica_v1,0.0,ok,,76.52,0.0,SINAPI_Referência_2026_05.xlsx!Analítico!B47699,revestimentos_forros,Revestimentos e forros,revestimentos_forros,76.54566925287,0.6077568521961253,13,0.38984608392957704,4,0.0015032445286992599,1,0.0008938193455985069,1,1.4309725485000002,0.0,19,0,0.03354580876895306,93c71d3a788ac75a49dc36279f2bd93ea690aee5b2d79b21d90c6addac160e90,emboco ou massa unica em argamassa traco # # # preparo mecanica com betoneira # l aplicada manualmente em panos de fachada sem presenca de vaos espessura de # mm acesso por andaime,v_0dda16f0d0457dc9
sinapi_es,2026-05,104246,"EMBOÇO OU MASSA ÚNICA EM ARGAMASSA TRAÇO 1:2:8, PREPARO MANUAL, APLICADA MANUALMENTE EM PANOS DE FACHADA SEM PRESENÇA DE VÃOS, ESPESSURA DE 50 MM, ACESSO POR ANDAIME. AF_08/2022",M2,Massa Única Externa,84.67,sem_desoneracao,2026-06-12,928df42a952625eb12d41baf2b5ab17e1207af6e7881cb9f1c7fcac4708400e3,SINAPI_Referência_2026_05.xlsx!CSD!S7684,12542271ace042205e15952ca6d18144eab723a193af9e471a9dc4d56f98589b,cpu_hierarquica_v1,0.0,ok,,84.67,0.0,SINAPI_Referência_2026_05.xlsx!Analítico!B47465,revestimentos_forros,Revestimentos e forros,revestimentos_forros,84.69463369043999,0.6531604298878292,10,0.34683957011217104,4,0.0,0,0.0,0,1.800099876,0.0,14,0,0.029093764544684042,f59f69dfd410937f99910c65577b1776975b9fe0ce46c3cc7106940d171348da,emboco ou massa unica em argamassa traco # # # preparo manual aplicada manualmente em panos de fachada sem presenca de vaos espessura de # mm acesso por andaime,v_2ec0264e935bd491
sinapi_es,2026-05,104247,"EMBOÇO OU MASSA ÚNICA EM ARGAMASSA INDUSTRIALIZADA, PREPARO MECÂNICA E APLICAÇÃO COM EQUIPAMENTO DE MISTURA E PROJEÇÃO DE 1,5 M3/H DE ARGAMASSA EM PANOS DE FACHADA SEM PRESENÇA DE VÃOS, ESPESSURA DE 50 MM, ACESSO POR ANDAIME. AF_08/2022",M2,Massa Única Externa,122.89,sem_desoneracao,2026-06-12,928df42a952625eb12d41baf2b5ab17e1207af6e7881cb9f1c7fcac4708400e3,SINAPI_Referência_2026_05.xlsx!CSD!S7651,03a1825d0fe7ec0a55f985b8d0da30fcffa5c0a29f32ed60b286f7f85b2e024c,cpu_hierarquica_v1,0.0,ok,,122.89,0.0,SINAPI_Referência_2026_05.xlsx!Analítico!B47310,revestimentos_forros,Revestimentos e forros,revestimentos_forros,122.91496556559149,0.31652949473467296,13,0.6693451317455452,2,0.013824179068563782,1,0.0003011944512179374,1,1.19411562792,0.0,17,0,0.020315376020413733,b24cec219f8c9ec5bea31e0a27a1adfb35f041175ab694b2a92a1cca42618e01,emboco ou massa unica em argamassa industrializada preparo mecanica e aplicacao com equipamento de mistura e projecao de # m# h de argamassa em panos de fachada sem presenca de vaos espessura de # mm acesso por andaime,v_738f1c14af134ee4
sinapi_es,2026-05,104248,"EMBOÇO OU MASSA ÚNICA EM ARGAMASSA TRAÇO 1:2:8, PREPARO MECÂNICA COM BETONEIRA 400 L, APLICADA COM PROJETOR TIPO CANEQUINHA EM PANOS DE FACHADA SEM PRESENÇA DE VÃOS, ESPESSURA DE 50 MM, ACESSO POR ANDAIME. AF_08/2022",M2,Massa Única Externa,77.35,sem_desoneracao,2026-06-12,928df42a952625eb12d41baf2b5ab17e1207af6e7881cb9f1c7fcac4708400e3,SINAPI_Referência_2026_05.xlsx!CSD!S7709,35f4894dde343593d1eb789034e56dd5596da41551a8cd921fa1d2e511123b4e,cpu_hierarquica_v1,0.0703,ok,,77.35,0.0,SINAPI_Referência_2026_05.xlsx!Analítico!B47608,revestimentos_forros,Revestimentos e forros,revestimentos_forros,77.38517673761,0.5092303107090773,13,0.41741245884240674,5,0.07247310763734789,3,0.0008841228111681517,1,1.2083509485000001,0.0,22,1,0.04547735954751312,90cd0228935bb90ffc358a90310b0ff2aacb12232b82ff33d471c4e4251ace09,emboco ou massa unica em argamassa traco # # # preparo mecanica com betoneira # l aplicada com projetor tipo canequinha em panos de fachada sem presenca de vaos espessura de # mm acesso por andaime,v_9582ed549810eefb
sinapi_es,2026-05,104249,"EMBOÇO OU MASSA ÚNICA EM ARGAMASSA TRAÇO 1:2:8, PREPARO MECÂNICA COM BETONEIRA 400 L, APLICADA MANUALMENTE EM SUPERFÍCIES EXTERNAS DA SACADA, ESPESSURA DE 25 MM, ACESSO POR ANDAIME, SEM USO DE TELA METÁLICA. AF_08/2022",M2,Massa Única Externa,89.67,sem_desoneracao,2026-06-12,928df42a952625eb12d41baf2b5ab17e1207af6e7881cb9f1c7fcac4708400e3,SINAPI_Referência_2026_05.xlsx!CSD!S7726,1b8a37463013ccb1a825282b7a5fd2a545fc99fe5d33c9da8ac29db54048f5ea,cpu_hierarquica_v1,0.0,ok,,89.67,0.0,SINAPI_Referência_2026_05.xlsx!Analítico!B47704,revestimentos_forros,Revestimentos e forros,revestimentos_forros,89.69740683037,0.8350832381199734,13,0.16381296761218073,3,0.0006922104628667768,1,0.00041158380497907773,1,2.3305680735000003,0.0,18,0,0.030564102118877765,3a2bb0f2ce9db5e05f51f3a0e0cc8347cb19e07de96bb115d30978b9fb1a8943,emboco ou massa unica em argamassa traco # # # preparo mecanica com betoneira # l aplicada manualmente em superficies externas da sacada espessura de # mm acesso por andaime sem uso de tela metalica,v_8bb45ffaa009f9e8
sinapi_es,2026-05,104250,"EMBOÇO OU MASSA ÚNICA EM ARGAMASSA TRAÇO 1:2:8, PREPARO MANUAL, APLICADA MANUALMENTE EM SUPERFÍCIES EXTERNAS DA SACADA, ESPESSURA DE 25 MM, ACESSO POR ANDAIME, SEM USO DE TELA METÁLICA. AF_08/2022",M2,Massa Única Externa,94.07,sem_desoneracao,2026-06-12,928df42a952625eb12d41baf2b5ab17e1207af6e7881cb9f1c7fcac4708400e3,SINAPI_Referência_2026_05.xlsx!CSD!S7685,9e02fcc74d9ee8feb9890b6daf2a559c475f69c93f91b0dff014c3b1828eef07,cpu_hierarquica_v1,0.0,ok,,94.07,0.0,SINAPI_Referência_2026_05.xlsx!Analítico!B47470,revestimentos_forros,Revestimentos e forros,revestimentos_forros,94.09454602044002,0.8465120992574562,10,0.1534879007425436,3,0.0,0,0.0,0,2.529747276,0.0,13,0,0.026093356479246738,4fe860d93aa1fea3bfdbec1d3bbcc6fdcca807b0bbd51e6f93f8c91365dcbf3c,emboco ou massa unica em argamassa traco # # # preparo manual aplicada manualmente em superficies externas da sacada espessura de # mm acesso por andaime sem uso de tela metalica,v_24e05d145669d072
sinapi_es,2026-05,104251,"EMBOÇO OU MASSA ÚNICA EM ARGAMASSA INDUSTRIALIZADA, PREPARO MECÂNICO E APLICAÇÃO COM EQUIPAMENTO DE MISTURA E PROJEÇÃO DE 1,5 M3/H, NAS SUPERFÍCIES EXTERNAS DA SACADA, ESPESSURA DE 25 MM, ACESSO POR ANDAIME, SEM USO DE TELA METÁLICA. AF_08/2022",M2,Massa Única Externa,112.2,sem_desoneracao,2026-06-12,928df42a952625eb12d41baf2b5ab17e1207af6e7881cb9f1c7fcac4708400e3,SINAPI_Referência_2026_05.xlsx!CSD!S7666,491f44d361871ee88797036a5ef823be040aa7a50094ac73034424776121ebbc,cpu_hierarquica_v1,0.0,ok,,112.2,0.0,SINAPI_Referência_2026_05.xlsx!Analítico!B47379,revestimentos_forros,Revestimentos e forros,revestimentos_forros,112.22581321568748,0.6086263773676855,13,0.38302567464925524,1,0.008169945213218755,1,0.0001780027698405449,1,2.1247739679200004,0.0,16,0,0.02300643109400888,3c9b275cfbc940a3dee567e46c9033b31cc4a05bd8bf19f7b9248bf3e1fc2608,emboco ou massa unica em argamassa industrializada preparo mecanico e aplicacao com equipamento de mistura e projecao de # m# h nas superficies externas da sacada espessura de # mm acesso por andaime sem uso de tela metalica,v_7434d0fbc26aed78
sinapi_es,2026-05,104252,"EMBOÇO OU MASSA ÚNICA EM ARGAMASSA TRAÇO 1:2:8, PREPARO MECÂNICA COM BETONEIRA 400 L, APLICADA COM PROJETOR TIPO CANEQUINHA EM SUPERFÍCIES EXTERNAS DA SACADA, ESPESSURA DE 25 MM, ACESSO POR ANDAIME, SEM USO DE TELA METÁLICA. AF_08/2022",M2,Massa Única Externa,93.95,sem_desoneracao,2026-06-12,928df42a952625eb12d41baf2b5ab17e1207af6e7881cb9f1c7fcac4708400e3,SINAPI_Referência_2026_05.xlsx!CSD!S7711,776d7b0d756109ec9447103e4802b4978db8ca5bc6b46676bd179ae278d4b4ce,cpu_hierarquica_v1,0.0994,ok,,93.95,0.0,SINAPI_Referência_2026_05.xlsx!Analítico!B47622,revestimentos_forros,Revestimentos e forros,revestimentos_forros,94.00384883846999,0.7294780755701035,13,0.16940482859764563,4,0.10072436723170779,3,0.0003927286005431273,1,2.1324552735,0.0,21,1,0.05731648586480989,69633aebd19f83d9b7e173982beba17556d9b7d6e59561ad103c48c50f4d5131,emboco ou massa unica em argamassa traco # # # preparo mecanica com betoneira # l aplicada com projetor tipo canequinha em superficies externas da sacada espessura de # mm acesso por andaime sem uso de tela metalica,v_e7f653da0d60530c
sinapi_es,2026-05,104253,"EMBOÇO OU MASSA ÚNICA EM ARGAMASSA TRAÇO 1:2:8, PREPARO MECÂNICA COM BETONEIRA 400 L, APLICADA MANUALMENTE EM SUPERFÍCIES EXTERNAS DA SACADA, ESPESSURA DE 35 MM, ACESSO POR ANDAIME, SEM USO DE TELA METÁLICA. AF_08/2022",M2,Massa Única Externa,107.34,sem_desoneracao,2026-06-12,928df42a952625eb12d41baf2b5ab17e1207af6e7881cb9f1c7fcac4708400e3,SINAPI_Referência_2026_05.xlsx!CSD!S7727,0d827b81f69c814a2a3421a2c0a08cc1cf36541ef59ced5d879e673b5a37e3dc,cpu_hierarquica_v1,0.0,ok,,107.34,0.0,SINAPI_Referência_2026_05.xlsx!Analítico!B47708,revestimentos_forros,Revestimentos e forros,revestimentos_forros,107.37230303937001,0.8152104754032813,13,0.18355272115913848,3,0.0007756230530834726,1,0.00046118038449676656,1,2.7211076235,0.0,18,0,0.030094130212415277,3a2bb0f2ce9db5e05f51f3a0e0cc8347cb19e07de96bb115d30978b9fb1a8943,emboco ou massa unica em argamassa traco # # # preparo mecanica com betoneira # l aplicada manualmente em superficies externas da sacada espessura de # mm acesso por andaime sem uso de tela metalica,v_8bb45ffaa009f9e8
sinapi_es,2026-05,104254,"EMBOÇO OU MASSA ÚNICA EM ARGAMASSA TRAÇO 1:2:8, PREPARO MANUAL, APLICADA MANUALMENTE EM SUPERFÍCIES EXTERNAS DA SACADA, ESPESSURA DE 35 MM, ACESSO POR ANDAIME, SEM USO DE TELA METÁLICA. AF_08/2022",M2,Massa Única Externa,113.24,sem_desoneracao,2026-06-12,928df42a952625eb12d41baf2b5ab17e1207af6e7881cb9f1c7fcac4708400e3,SINAPI_Referência_2026_05.xlsx!CSD!S7687,22a99aac512c3f2858c3a287410ef6f2fefe87190dcf575b35273b4488ada60e,cpu_hierarquica_v1,0.0,ok,,113.24,0.0,SINAPI_Referência_2026_05.xlsx!Analítico!B47478,revestimentos_forros,Revestimentos e forros,revestimentos_forros,113.27017232844,0.828979580927713,10,0.17102041907228724,3,0.0,0,0.0,0,2.988266076,0.0,13,0,0.026644585340871264,4fe860d93aa1fea3bfdbec1d3bbcc6fdcca807b0bbd51e6f93f8c91365dcbf3c,emboco ou massa unica em argamassa traco # # # preparo manual aplicada manualmente em superficies externas da sacada espessura de # mm acesso por andaime sem uso de tela metalica,v_24e05d145669d072
sinapi_es,2026-05,104255,"EMBOÇO OU MASSA ÚNICA EM ARGAMASSA INDUSTRIALIZADA, PREPARO MECÂNICO E APLICAÇÃO COM EQUIPAMENTO DE MISTURA E PROJEÇÃO DE 1,5 M3/H, NAS SUPERFÍCIES EXTERNAS DA SACADA, ESPESSURA DE 35 MM, ACESSO POR ANDAIME, SEM USO DE TELA METÁLICA. AF_08/2022",M2,Massa Única Externa,138.74,sem_desoneracao,2026-06-12,928df42a952625eb12d41baf2b5ab17e1207af6e7881cb9f1c7fcac4708400e3,SINAPI_Referência_2026_05.xlsx!CSD!S7667,54fab38b05396e7eaabab8243282da647ff65d81b9d9bb5eb03b4af0b1247366,cpu_hierarquica_v1,0.0,ok,,138.74,0.0,SINAPI_Referência_2026_05.xlsx!Analítico!B47383,revestimentos_forros,Revestimentos e forros,revestimentos_forros,138.77132567564908,0.5754689046621941,13,0.4154759028155427,1,0.008862109221591795,1,0.00019308330067139914,1,2.48205591192,0.0,16,0,0.022578690823894784,3c9b275cfbc940a3dee567e46c9033b31cc4a05bd8bf19f7b9248bf3e1fc2608,emboco ou massa unica em argamassa industrializada preparo mecanico e aplicacao com equipamento de mistura e projecao de # m# h nas superficies externas da sacada espessura de # mm acesso por andaime sem uso de tela metalica,v_7434d0fbc26aed78
sinapi_es,2026-05,104256,"EMBOÇO OU MASSA ÚNICA EM ARGAMASSA TRAÇO 1:2:8, PREPARO MECÂNICO COM BETONEIRA 400 L, APLICADA COM PROJETOR TIPO CANEQUINHA EM SUPERFÍCIES EXTERNAS DA SACADA, ESPESSURA DE 35 MM, ACESSO POR ANDAIME, SEM USO DE TELA METÁLICA. AF_08/2022",M2,Massa Única Externa,112.76,sem_desoneracao,2026-06-12,928df42a952625eb12d41baf2b5ab17e1207af6e7881cb9f1c7fcac4708400e3,SINAPI_Referência_2026_05.xlsx!CSD!S7728,d8ef2aeb05cf8e8fa0462515604c34651d9afed0182ce90059c42fc06d2b6c0e,cpu_hierarquica_v1,0.0972,ok,,112.76,0.0,SINAPI_Referência_2026_05.xlsx!Analítico!B47712,revestimentos_forros,Revestimentos e forros,revestimentos_forros,112.82556537251,0.7110174253593049,13,0.1899511500717173,4,0.09859253467876095,3,0.0004388898902168948,1,2.4923588235,0.0,21,1,0.05814594937033862,69633aebd19f83d9b7e173982beba17556d9b7d6e59561ad103c48c50f4d5131,emboco ou massa unica em argamassa traco # # # preparo mecanico com betoneira # l aplicada com projetor tipo canequinha em superficies externas da sacada espessura de # mm acesso por andaime sem uso de tela metalica,v_e7f653da0d60530c
sinapi_es,2026-05,104257,"EMBOÇO OU MASSA ÚNICA EM ARGAMASSA TRAÇO 1:2:8, PREPARO MECÂNICO COM BETONEIRA 400 L, APLICADA MANUALMENTE EM SUPERFÍCIES EXTERNAS DA SACADA, ESPESSURA DE 45 MM, ACESSO POR ANDAIME, SEM USO DE TELA METÁLICA. AF_08/2022",M2,Massa Única Externa,113.99,sem_desoneracao,2026-06-12,928df42a952625eb12d41baf2b5ab17e1207af6e7881cb9f1c7fcac4708400e3,SINAPI_Referência_2026_05.xlsx!CSD!S7741,49f787d0d27bf81b6b6b1bb61e66be17bb8f82870fd91e582c777a5db4dc3245,cpu_hierarquica_v1,0.0,ok,,113.99,0.0,SINAPI_Referência_2026_05.xlsx!Analítico!B47778,revestimentos_forros,Revestimentos e forros,revestimentos_forros,114.01680584837,0.7816993065338024,13,0.21683959847883646,3,0.000916280566909896,1,0.0005448144204514044,1,2.7664815735,0.0,18,0,0.023515964882887187,3a2bb0f2ce9db5e05f51f3a0e0cc8347cb19e07de96bb115d30978b9fb1a8943,emboco ou massa unica em argamassa traco # # # preparo mecanico com betoneira # l aplicada manualmente em superficies externas da sacada espessura de # mm acesso por andaime sem uso de tela metalica,v_8bb45ffaa009f9e8
sinapi_es,2026-05,104258,"EMBOÇO OU MASSA ÚNICA EM ARGAMASSA TRAÇO 1:2:8, PREPARO MANUAL, APLICADA MANUALMENTE EM SUPERFÍCIES EXTERNAS DA SACADA, ESPESSURA DE 45 MM, ACESSO POR ANDAIME, SEM USO DE TELA METÁLICA. AF_08/2022",M2,Massa Única Externa,121.39,sem_desoneracao,2026-06-12,928df42a952625eb12d41baf2b5ab17e1207af6e7881cb9f1c7fcac4708400e3,SINAPI_Referência_2026_05.xlsx!CSD!S7689,76f0648d8a4fdd55cbf5af373a770dec13d7ceaa676c6e455b362fa57d5df78e,cpu_hierarquica_v1,0.0,ok,,121.39,0.0,SINAPI_Referência_2026_05.xlsx!Analítico!B47486,revestimentos_forros,Revestimentos e forros,revestimentos_forros,121.41540523644,0.7998552960171917,10,0.20014470398280831,3,0.0,0,0.0,0,3.101619276,0.0,13,0,0.02092860733173567,4fe860d93aa1fea3bfdbec1d3bbcc6fdcca807b0bbd51e6f93f8c91365dcbf3c,emboco ou massa unica em argamassa traco # # # preparo manual aplicada manualmente em superficies externas da sacada espessura de # mm acesso por andaime sem uso de tela metalica,v_24e05d145669d072
sinapi_es,2026-05,104259,"EMBOÇO OU MASSA ÚNICA EM ARGAMASSA INDUSTRIALIZADA, PREPARO MECÂNICO E APLICAÇÃO COM EQUIPAMENTO DE MISTURA E PROJEÇÃO DE 1,5 M3/H, NAS SUPERFÍCIES EXTERNAS DA SACADA, ESPESSURA DE 45 MM, ACESSO POR ANDAIME, SEM USO DE TELA METÁLICA. AF_08/2022",M2,Massa Única Externa,155.24,sem_desoneracao,2026-06-12,928df42a952625eb12d41baf2b5ab17e1207af6e7881cb9f1c7fcac4708400e3,SINAPI_Referência_2026_05.xlsx!CSD!S7668,a568234a7fdf1c529d56e5acda412040e7e7bc1c8ac610f60f034fdb609b0302,cpu_hierarquica_v1,0.0,ok,,155.24,0.0,SINAPI_Referência_2026_05.xlsx!Analítico!B47387,revestimentos_forros,Revestimentos e forros,revestimentos_forros,155.2654737356107,0.5240199837609208,13,0.4658274249892786,1,0.009936108185077184,1,0.00021648306472329973,1,2.52480825592,0.0,16,0,0.016409260249090868,3c9b275cfbc940a3dee567e46c9033b31cc4a05bd8bf19f7b9248bf3e1fc2608,emboco ou massa unica em argamassa industrializada preparo mecanico e aplicacao com equipamento de mistura e projecao de # m# h nas superficies externas da sacada espessura de # mm acesso por andaime sem uso de tela metalica,v_7434d0fbc26aed78
sinapi_es,2026-05,104260,"EMBOÇO OU MASSA ÚNICA EM ARGAMASSA TRAÇO 1:2:8, PREPARO MECÂNICO COM BETONEIRA 400 L, APLICADA COM PROJETOR TIPO CANEQUINHA EM SUPERFÍCIES EXTERNAS DA SACADA, ESPESSURA DE 45 MM, ACESSO POR ANDAIME, SEM USO DE TELA METÁLICA. AF_08/2022",M2,Massa Única Externa,120.16,sem_desoneracao,2026-06-12,928df42a952625eb12d41baf2b5ab17e1207af6e7881cb9f1c7fcac4708400e3,SINAPI_Referência_2026_05.xlsx!CSD!S7729,352e7f20f369ef3b0c86fbdba98c258986d2a0fff6792cc21b088f1db2397b3f,cpu_hierarquica_v1,0.0933,ok,,120.16,0.0,SINAPI_Referência_2026_05.xlsx!Analítico!B47718,revestimentos_forros,Revestimentos e forros,revestimentos_forros,120.21658544167,0.6805780963107467,13,0.2240787808190619,4,0.09482640548238849,3,0.0005167173878028678,1,2.5377327735,0.0,21,1,0.0470917457307,69633aebd19f83d9b7e173982beba17556d9b7d6e59561ad103c48c50f4d5131,emboco ou massa unica em argamassa traco # # # preparo mecanico com betoneira # l aplicada com projetor tipo canequinha em superficies externas da sacada espessura de # mm acesso por andaime sem uso de tela metalica,v_e7f653da0d60530c
sinapi_es,2026-05,104261,"EMBOÇO OU MASSA ÚNICA EM ARGAMASSA TRAÇO 1:2:8, PREPARO MECÂNICO COM BETONEIRA 400 L, APLICADA MANUALMENTE EM SUPERFÍCIES EXTERNAS DA SACADA, ESPESSURA DE 50 MM, ACESSO POR ANDAIME, SEM USO DE TELA METÁLICA. AF_08/2022",M2,Massa Única Externa,148.5,sem_desoneracao,2026-06-12,928df42a952625eb12d41baf2b5ab17e1207af6e7881cb9f1c7fcac4708400e3,SINAPI_Referência_2026_05.xlsx!CSD!S7743,8529e21ced1f2d5b013ac177c2b78efdaf6fc27f4849e1f1f953db4caee7227a,cpu_hierarquica_v1,0.0,ok,,148.5,0.0,SINAPI_Referência_2026_05.xlsx!Analítico!B47786,revestimentos_forros,Revestimentos e forros,revestimentos_forros,148.53744805287,0.8154385737881923,13,0.18332614944554285,3,0.0007746656483491182,1,0.0004606111179158504,1,3.7654357485,0.0,18,0,0.025217544020195645,3a2bb0f2ce9db5e05f51f3a0e0cc8347cb19e07de96bb115d30978b9fb1a8943,emboco ou massa unica em argamassa traco # # # preparo mecanico com betoneira # l aplicada manualmente em superficies externas da sacada espessura de # mm acesso por andaime sem uso de tela metalica,v_8bb45ffaa009f9e8
sinapi_es,2026-05,104262,"EMBOÇO OU MASSA ÚNICA EM ARGAMASSA TRAÇO 1:2:8, PREPARO MANUAL, APLICADA MANUALMENTE EM SUPERFÍCIES EXTERNAS DA SACADA, ESPESSURA DE 50 MM, ACESSO POR ANDAIME, SEM USO DE TELA METÁLICA. AF_08/2022",M2,Massa Única Externa,156.65,sem_desoneracao,2026-06-12,928df42a952625eb12d41baf2b5ab17e1207af6e7881cb9f1c7fcac4708400e3,SINAPI_Referência_2026_05.xlsx!CSD!S7691,b8f792ef7435f06d5452901f2265884c9f6d2ec13e10fee81c5786aae29beea3,cpu_hierarquica_v1,0.0,ok,,156.65,0.0,SINAPI_Referência_2026_05.xlsx!Analítico!B47494,revestimentos_forros,Revestimentos e forros,revestimentos_forros,156.68641249044,0.8291797041327176,10,0.1708202958672823,3,0.0,0,0.0,0,4.134563076,0.0,13,0,0.023244487992339646,4fe860d93aa1fea3bfdbec1d3bbcc6fdcca807b0bbd51e6f93f8c91365dcbf3c,emboco ou massa unica em argamassa traco # # # preparo manual aplicada manualmente em superficies externas da sacada espessura de # mm acesso por andaime sem uso de tela metalica,v_24e05d145669d072
sinapi_es,2026-05,104263,"EMBOÇO OU MASSA ÚNICA EM ARGAMASSA INDUSTRIALIZADA, PREPARO MECÂNICO E APLICAÇÃO COM EQUIPAMENTO DE MISTURA E PROJEÇÃO DE 1,5 M3/H, NAS SUPERFÍCIES EXTERNAS DA SACADA, ESPESSURA DE 50 MM, ACESSO POR ANDAIME, SEM USO DE TELA METÁLICA. AF_08/2022",M2,Massa Única Externa,180.71,sem_desoneracao,2026-06-12,928df42a952625eb12d41baf2b5ab17e1207af6e7881cb9f1c7fcac4708400e3,SINAPI_Referência_2026_05.xlsx!CSD!S7669,cf0a6ec0d12d972fae6165d875a66ccac7a46aca1a48056afa01d979958db812,cpu_hierarquica_v1,0.0,ok,,180.71,0.0,SINAPI_Referência_2026_05.xlsx!Analítico!B47391,revestimentos_forros,Revestimentos e forros,revestimentos_forros,180.7434581655915,0.549646092611494,13,0.4407479176757583,1,0.009401161798223067,1,0.0002048279145244761,1,3.08537802792,0.0,16,0,0.018514839019145253,3c9b275cfbc940a3dee567e46c9033b31cc4a05bd8bf19f7b9248bf3e1fc2608,emboco ou massa unica em argamassa industrializada preparo mecanico e aplicacao com equipamento de mistura e projecao de # m# h nas superficies externas da sacada espessura de # mm acesso por andaime sem uso de tela metalica,v_7434d0fbc26aed78
sinapi_es,2026-05,104264,"EMBOÇO OU MASSA ÚNICA EM ARGAMASSA TRAÇO 1:2:8, PREPARO MECÂNICO COM BETONEIRA 400 L, APLICADA COM PROJETOR TIPO CANEQUINHA EM SUPERFÍCIES EXTERNAS DA SACADA, ESPESSURA DE 50 MM, ACESSO POR ANDAIME, SEM USO DE TELA METÁLICA. AF_08/2022",M2,Massa Única Externa,143.45,sem_desoneracao,2026-06-12,928df42a952625eb12d41baf2b5ab17e1207af6e7881cb9f1c7fcac4708400e3,SINAPI_Referência_2026_05.xlsx!CSD!S7730,d0798d7b17f74379e622c88a00a5919a81fb81404319130a9cfc2dbeab48f1c2,cpu_hierarquica_v1,0.0954,ok,,143.45,0.0,SINAPI_Referência_2026_05.xlsx!Analítico!B47724,revestimentos_forros,Revestimentos e forros,revestimentos_forros,143.50757513033,0.6957514340528206,13,0.20689713329094367,4,0.09687467733556451,3,0.00047675532067115265,1,3.0996133484999997,0.0,21,1,0.04013602672011715,69633aebd19f83d9b7e173982beba17556d9b7d6e59561ad103c48c50f4d5131,emboco ou massa unica em argamassa traco # # # preparo mecanico com betoneira # l aplicada com projetor tipo canequinha em superficies externas da sacada espessura de # mm acesso por andaime sem uso de tela metalica,v_e7f653da0d60530c
sinapi_es,2026-05,104410,"CHAPISCO APLICADO EM ALVENARIA E ESTRUTURAS DE CONCRETO INTERNAS, COM EQUIPAMENTO DE PROJEÇÃO. ARGAMASSA TRAÇO 1:3 COM PREPARO MANUAL. AF_10/2022",M2,Chapisco,5.88,sem_desoneracao,2026-06-12,928df42a952625eb12d41baf2b5ab17e1207af6e7881cb9f1c7fcac4708400e3,SINAPI_Referência_2026_05.xlsx!CSD!S1313,baf8aac10a557319892783d90a7bf2f4199e37a85fe272eb464b14d6a482fd91,cpu_hierarquica_v1,0.0799,ok,,5.88,0.0,SINAPI_Referência_2026_05.xlsx!Analítico!B9768,revestimentos_forros,Revestimentos e forros,revestimentos_forros,5.900735862887999,0.6411380200469428,10,0.27843607275040383,3,0.08042590720265355,2,0.0,0,0.1199746608,0.0,15,1,0.35265072938774567,245dc3960ba4f0cf3a57f98aa17beee672a53e03ee5791df8a341342df28902c,chapisco aplicado em alvenaria e estruturas de concreto internas com equipamento de projecao argamassa traco # # com preparo manual,v_c5e57e75b12dabfc
sinapi_es,2026-05,104411,"CHAPISCO APLICADO EM ALVENARIA E ESTRUTURAS DE CONCRETO INTERNAS, COM EQUIPAMENTO DE PROJEÇÃO. ARGAMASSA TRAÇO 1:3 COM PREPARO EM BETONEIRA 400 L. AF_10/2022",M2,Chapisco,5.21,sem_desoneracao,2026-06-12,928df42a952625eb12d41baf2b5ab17e1207af6e7881cb9f1c7fcac4708400e3,SINAPI_Referência_2026_05.xlsx!CSD!S1312,6311d5526e9d8160c85bb350ccd7a091ddbe040f0a9aa041803b21676347084d,cpu_hierarquica_v1,0.0902,ok,,5.21,0.0,SINAPI_Referência_2026_05.xlsx!Analítico!B9762,revestimentos_forros,Revestimentos e forros,revestimentos_forros,5.232178594924801,0.5897353850539092,13,0.31695557976721445,3,0.09233613260920112,3,0.0009729025696748338,1,0.09100421664,0.0,20,1,0.42569280085990846,026e10413044ea861700f3e874c34ac4862b14204f37e7d2a3eeabaf0503ab9f,chapisco aplicado em alvenaria e estruturas de concreto internas com equipamento de projecao argamassa traco # # com preparo em betoneira # l,v_1185705062e107c3
sinapi_es,2026-05,104412,"ESTUCAMENTO PARA QUALQUER REVESTIMENTO, EM TETO DO SISTEMA DE PAREDES DE CONCRETO, EM AMBIENTES COM ÁREA MAIOR OU IGUAL A 10 M², UTILIZAÇÃO DE ARGAMASSA COLANTE. AF_12/2024",M2,Paredes de Concreto - Estucamento,3.92,sem_desoneracao,2026-06-12,928df42a952625eb12d41baf2b5ab17e1207af6e7881cb9f1c7fcac4708400e3,SINAPI_Referência_2026_05.xlsx!CSD!S8016,e99c33b49944ceea52e49105155e5a190246d9f35985cb99816f24e4bdcc5696,cpu_hierarquica_v1,0.0,ok,,3.92,0.0,SINAPI_Referência_2026_05.xlsx!Analítico!B49083,revestimentos_forros,Revestimentos e forros,revestimentos_forros,3.9317822120000003,0.9708147619037044,10,0.029185238096295654,1,0.0,0,0.0,0,0.1113108,0.0,11,0,0.3005666326530715,ba90de8003e8eeb5f31e54b8e4b8d530ede4bdb64272aacace7c71dd80b11a6b,estucamento para qualquer revestimento em teto do sistema de paredes de concreto em ambientes com area maior ou igual a # m# utilizacao de argamassa colante,v_fbf4f0f1e02ad5f8
sinapi_es,2026-05,104413,"ESTUCAMENTO PARA QUALQUER REVESTIMENTO, EM TETO DO SISTEMA DE PAREDES DE CONCRETO, EM AMBIENTES COM ÁREA MENOR OU IGUAL A 5 M², UTILIZAÇÃO DE ARGAMASSA COLANTE. AF_12/2024",M2,Paredes de Concreto - Estucamento,6.68,sem_desoneracao,2026-06-12,928df42a952625eb12d41baf2b5ab17e1207af6e7881cb9f1c7fcac4708400e3,SINAPI_Referência_2026_05.xlsx!CSD!S8017,248f8df896f91d3a4cdae6b6443b063afb5baf50822d84c6a48a25ec20de6af0,cpu_hierarquica_v1,0.0,ok,,6.68,0.0,SINAPI_Referência_2026_05.xlsx!Analítico!B49087,revestimentos_forros,Revestimentos e forros,revestimentos_forros,6.696575984,0.9828643772169285,10,0.017135622783071524,1,0.0,0,0.0,0,0.1919856,0.0,11,0,0.24814347305389453,ba90de8003e8eeb5f31e54b8e4b8d530ede4bdb64272aacace7c71dd80b11a6b,estucamento para qualquer revestimento em teto do sistema de paredes de concreto em ambientes com area menor ou igual a # m# utilizacao de argamassa colante,v_fbf4f0f1e02ad5f8
sinapi_es,2026-05,104414,"ESTUCAMENTO DE DENSIDADE ALTA NAS FACES INTERNAS DE PAREDES DO SISTEMA DE PAREDES DE CONCRETO, EM AMBIENTES COM ÁREA MAIOR OU IGUAL A 10 M², UTILIZAÇÃO DE ARGAMASSA COLANTE. AF_12/2024",M2,Paredes de Concreto - Estucamento,7.19,sem_desoneracao,2026-06-12,928df42a952625eb12d41baf2b5ab17e1207af6e7881cb9f1c7fcac4708400e3,SINAPI_Referência_2026_05.xlsx!CSD!S8002,8326e3eca7a207841d61349371dbc52bc1272baf3daefc5b84972860c0a9f8a2,cpu_hierarquica_v1,0.0,ok,,7.19,0.0,SINAPI_Referência_2026_05.xlsx!Analítico!B49027,revestimentos_forros,Revestimentos e forros,revestimentos_forros,7.204199708,0.6748771418150697,10,0.32512285818493025,1,0.0,0,0.0,0,0.1419468,0.0,11,0,0.1974924617524282,ba90de8003e8eeb5f31e54b8e4b8d530ede4bdb64272aacace7c71dd80b11a6b,estucamento de densidade alta nas faces internas de paredes do sistema de paredes de concreto em ambientes com area maior ou igual a # m# utilizacao de argamassa colante,v_fbf4f0f1e02ad5f8
sinapi_es,2026-05,104415,"ESTUCAMENTO DE DENSIDADE ALTA NAS FACES INTERNAS DE PAREDES DO SISTEMA DE PAREDES DE CONCRETO, EM AMBIENTES COM ÁREA MENOR OU IGUAL A 5 M², UTILIZAÇÃO DE ARGAMASSA COLANTE. AF_12/2024",M2,Paredes de Concreto - Estucamento,13.81,sem_desoneracao,2026-06-12,928df42a952625eb12d41baf2b5ab17e1207af6e7881cb9f1c7fcac4708400e3,SINAPI_Referência_2026_05.xlsx!CSD!S8005,2856865426f4cb2fb01e461c0b2e16998e632e46dd9a9940adee82ae2fb31050,cpu_hierarquica_v1,0.0,ok,,13.81,0.0,SINAPI_Referência_2026_05.xlsx!Analítico!B49039,revestimentos_forros,Revestimentos e forros,revestimentos_forros,13.822320464,0.8305458185475911,10,0.16945418145240884,1,0.0,0,0.0,0,0.3349536,0.0,11,0,0.08921407675597455,ba90de8003e8eeb5f31e54b8e4b8d530ede4bdb64272aacace7c71dd80b11a6b,estucamento de densidade alta nas faces internas de paredes do sistema de paredes de concreto em ambientes com area menor ou igual a # m# utilizacao de argamassa colante,v_fbf4f0f1e02ad5f8
sinapi_es,2026-05,104416,"ESTUCAMENTO DE DENSIDADE BAIXA NAS FACES INTERNAS DE PAREDES DO SISTEMA DE PAREDES DE CONCRETO, EM AMBIENTES COM ÁREA MAIOR OU IGUAL A 10 M², UTILIZAÇÃO DE ARGAMASSA COLANTE. AF_12/2024",M2,Paredes de Concreto - Estucamento,2.13,sem_desoneracao,2026-06-12,928df42a952625eb12d41baf2b5ab17e1207af6e7881cb9f1c7fcac4708400e3,SINAPI_Referência_2026_05.xlsx!CSD!S8013,ec5b12f82fb927457b4896a4797c2afb6368fcb4d2be318862ccc29aadb64268,cpu_hierarquica_v1,0.0,ok,,2.13,0.0,SINAPI_Referência_2026_05.xlsx!Analítico!B49071,revestimentos_forros,Revestimentos e forros,revestimentos_forros,2.146637336,0.9465443006717554,10,0.053455699328244614,1,0.0,0,0.0,0,0.0592296,0.0,11,0,0.7810955868544629,ba90de8003e8eeb5f31e54b8e4b8d530ede4bdb64272aacace7c71dd80b11a6b,estucamento de densidade baixa nas faces internas de paredes do sistema de paredes de concreto em ambientes com area maior ou igual a # m# utilizacao de argamassa colante,v_fbf4f0f1e02ad5f8
sinapi_es,2026-05,104417,"ESTUCAMENTO DE DENSIDADE BAIXA NAS FACES INTERNAS DE PAREDES DO SISTEMA DE PAREDES DE CONCRETO, EM AMBIENTES COM ÁREA MENOR OU IGUAL A 5 M², UTILIZAÇÃO DE ARGAMASSA COLANTE. AF_12/2024",M2,Paredes de Concreto - Estucamento,4.86,sem_desoneracao,2026-06-12,928df42a952625eb12d41baf2b5ab17e1207af6e7881cb9f1c7fcac4708400e3,SINAPI_Referência_2026_05.xlsx!CSD!S8014,9b741231b0d8ea511115740a59eb212d8e15bf1b0406c70952ac39aa9b2df6d3,cpu_hierarquica_v1,0.0,ok,,4.86,0.0,SINAPI_Referência_2026_05.xlsx!Analítico!B49075,revestimentos_forros,Revestimentos e forros,revestimentos_forros,4.875136336,0.9764621967281942,10,0.023537803271805772,1,0.0,0,0.0,0,0.1388832,0.0,11,0,0.3114472427983419,ba90de8003e8eeb5f31e54b8e4b8d530ede4bdb64272aacace7c71dd80b11a6b,estucamento de densidade baixa nas faces internas de paredes do sistema de paredes de concreto em ambientes com area menor ou igual a # m# utilizacao de argamassa colante,v_fbf4f0f1e02ad5f8
sinapi_es,2026-05,104418,"ESTUCAMENTO DE DENSIDADE BAIXA DE PANOS DE FACHADA DO SISTEMA DE PAREDES DE CONCRETO EM EDIFICAÇÕES DE MÚLTIPLOS PAVIMENTOS, PAVIMENTO TÉRREO, UTILIZAÇÃO DE ARGAMASSA COLANTE. AF_12/2024",M2,Paredes de Concreto - Estucamento,3.33,sem_desoneracao,2026-06-12,928df42a952625eb12d41baf2b5ab17e1207af6e7881cb9f1c7fcac4708400e3,SINAPI_Referência_2026_05.xlsx!CSD!S8008,0bbf2855025634ec2428316170f86265051e6db154d2c85e6ce02f76d602c253,cpu_hierarquica_v1,0.0,ok,,3.33,0.0,SINAPI_Referência_2026_05.xlsx!Analítico!B49051,revestimentos_forros,Revestimentos e forros,revestimentos_forros,3.3468053719999995,0.9431099275766313,10,0.05689007242336888,1,0.0,0,0.0,0,0.0929292,0.0,11,0,0.5046658258258087,fbf11c8640221cc795fe33bb343dc9f01319f76f006c5b776c00bac1016dab37,estucamento de densidade baixa de panos de fachada do sistema de paredes de concreto em edificacoes de multiplos pavimentos pavimento terreo utilizacao de argamassa colante,v_81765fda21aa5994
sinapi_es,2026-05,104419,"ESTUCAMENTO DE DENSIDADE BAIXA DE PANOS DE FACHADA DO SISTEMA DE PAREDES DE CONCRETO EM UNIDADES HABITACIONAIS DE DOIS PAVIMENTOS (SOBRADO), ACESSO COM ANDAIME FACHADEIRO, UTILIZAÇÃO DE ARGAMASSA COLANTE. AF_12/2024",M2,Paredes de Concreto - Estucamento,5.31,sem_desoneracao,2026-06-12,928df42a952625eb12d41baf2b5ab17e1207af6e7881cb9f1c7fcac4708400e3,SINAPI_Referência_2026_05.xlsx!CSD!S8010,95e00e1491ae2d59a2d8a0757dab148c90f38a98a1aa5f03a9e61c84f213a13e,cpu_hierarquica_v1,0.0,ok,,5.31,0.0,SINAPI_Referência_2026_05.xlsx!Analítico!B49059,revestimentos_forros,Revestimentos e forros,revestimentos_forros,5.327756048,0.9642626279648305,10,0.03573737203516943,1,0.0,0,0.0,0,0.1511376,0.0,11,0,0.33438885122411954,fbf11c8640221cc795fe33bb343dc9f01319f76f006c5b776c00bac1016dab37,estucamento de densidade baixa de panos de fachada do sistema de paredes de concreto em unidades habitacionais de # pavimentos sobrado acesso com andaime fachadeiro utilizacao de argamassa colante,v_81765fda21aa5994
sinapi_es,2026-05,104421,"ESTUCAMENTO DE DENSIDADE ALTA DE PANOS DE FACHADA DO SISTEMA DE PAREDES DE CONCRETO EM EDIFICAÇÕES DE MÚLTIPLOS PAVIMENTOS, PAVIMENTOS SUPERIORES, UTILIZAÇÃO DE ARGAMASSA COLANTE. AF_12/2024",M2,Paredes de Concreto - Estucamento,18.23,sem_desoneracao,2026-06-12,928df42a952625eb12d41baf2b5ab17e1207af6e7881cb9f1c7fcac4708400e3,SINAPI_Referência_2026_05.xlsx!CSD!S7990,c1991546fe8b9792492fb189cc5464c62e69215d04c5927eded3d43780db0e28,cpu_hierarquica_v1,0.0,ok,,18.23,0.0,SINAPI_Referência_2026_05.xlsx!Analítico!B48979,revestimentos_forros,Revestimentos e forros,revestimentos_forros,18.246229704,0.7870025718711625,10,0.21299742812883748,1,0.0,0,0.0,0,0.4227768,0.0,11,0,0.08902744925946553,fbf11c8640221cc795fe33bb343dc9f01319f76f006c5b776c00bac1016dab37,estucamento de densidade alta de panos de fachada do sistema de paredes de concreto em edificacoes de multiplos pavimentos pavimentos superiores utilizacao de argamassa colante,v_81765fda21aa5994
sinapi_es,2026-05,104422,"ESTUCAMENTO DE DENSIDADE ALTA DE PANOS DE FACHADA DO SISTEMA DE PAREDES DE CONCRETO EM EDIFICAÇÕES DE MÚLTIPLOS PAVIMENTOS, PAVIMENTO TÉRREO, UTILIZAÇÃO DE ARGAMASSA COLANTE. AF_12/2024",M2,Paredes de Concreto - Estucamento,11.51,sem_desoneracao,2026-06-12,928df42a952625eb12d41baf2b5ab17e1207af6e7881cb9f1c7fcac4708400e3,SINAPI_Referência_2026_05.xlsx!CSD!S7987,910b04f335fc815ed111150f0aa0ee7ccda15c7b839007388b1353e318cd923c,cpu_hierarquica_v1,0.0,ok,,11.51,0.0,SINAPI_Referência_2026_05.xlsx!Analítico!B48967,revestimentos_forros,Revestimentos e forros,revestimentos_forros,11.519844528,0.6626343358581133,10,0.3373656641418868,1,0.0,0,0.0,0,0.224664,0.0,11,0,0.08553021720243573,fbf11c8640221cc795fe33bb343dc9f01319f76f006c5b776c00bac1016dab37,estucamento de densidade alta de panos de fachada do sistema de paredes de concreto em edificacoes de multiplos pavimentos pavimento terreo utilizacao de argamassa colante,v_81765fda21aa5994
sinapi_es,2026-05,104423,"ESTUCAMENTO DE DENSIDADE ALTA DE PANOS DE FACHADA DO SISTEMA DE PAREDES DE CONCRETO EM UNIDADES HABITACIONAIS DE DOIS PAVIMENTOS (SOBRADO), ACESSO COM ANDAIME FACHADEIRO, UTILIZAÇÃO DE ARGAMASSA COLANTE. AF_12/2024",M2,Paredes de Concreto - Estucamento,16.21,sem_desoneracao,2026-06-12,928df42a952625eb12d41baf2b5ab17e1207af6e7881cb9f1c7fcac4708400e3,SINAPI_Referência_2026_05.xlsx!CSD!S7993,376780a31d93d9c7da55f88a7d2f0ceb870784c0ed689c755eb140188a5902e8,cpu_hierarquica_v1,0.0,ok,,16.21,0.0,SINAPI_Referência_2026_05.xlsx!Analítico!B48991,revestimentos_forros,Revestimentos e forros,revestimentos_forros,16.2363052,0.7606351967318278,10,0.2393648032681721,1,0.0,0,0.0,0,0.3635472,0.0,11,0,0.16227760641578948,fbf11c8640221cc795fe33bb343dc9f01319f76f006c5b776c00bac1016dab37,estucamento de densidade alta de panos de fachada do sistema de paredes de concreto em unidades habitacionais de # pavimentos sobrado acesso com andaime fachadeiro utilizacao de argamassa colante,v_81765fda21aa5994
sinapi_es,2026-05,104425,"ESTUCAMENTO DE DENSIDADE ALTA DE PANOS DE FACHADA DO SISTEMA DE PAREDES DE CONCRETO EM UNIDADES HABITACIONAIS DE PAVIMENTO ÚNICO, UTILIZAÇÃO DE ARGAMASSA COLANTE. AF_12/2024",M2,Paredes de Concreto - Estucamento,9.46,sem_desoneracao,2026-06-12,928df42a952625eb12d41baf2b5ab17e1207af6e7881cb9f1c7fcac4708400e3,SINAPI_Referência_2026_05.xlsx!CSD!S7996,0cec546c8776b09b1588bbea6233cfc011d08cbe30b7a7184c08694273d70907,cpu_hierarquica_v1,0.0,ok,,9.46,0.0,SINAPI_Referência_2026_05.xlsx!Analítico!B49003,revestimentos_forros,Revestimentos e forros,revestimentos_forros,9.473625252000001,0.5897663358407033,10,0.4102336641592966,1,0.0,0,0.0,0,0.1644132,0.0,11,0,0.14403014799155012,fbf11c8640221cc795fe33bb343dc9f01319f76f006c5b776c00bac1016dab37,estucamento de densidade alta de panos de fachada do sistema de paredes de concreto em unidades habitacionais de pavimento unico utilizacao de argamassa colante,v_81765fda21aa5994
sinapi_es,2026-05,104588,"REVESTIMENTO CERÂMICO PARA PAREDES EXTERNAS, COM PLACAS TIPO GRÊS OU SEMIGRÊS, FORMATO MENOR OU IGUAL A 200 CM2, ALINHADAS A PRUMO. AF_02/2023",M2,Revestimentos Cerâmicos Externos,216.1,sem_desoneracao,2026-06-12,928df42a952625eb12d41baf2b5ab17e1207af6e7881cb9f1c7fcac4708400e3,SINAPI_Referência_2026_05.xlsx!CSD!S9314,762a4ac8b9b69333252ba10c0c36114e3767a9dbaf4c556addba97bd933914ca,cpu_hierarquica_v1,0.0,ok,,216.1,0.0,SINAPI_Referência_2026_05.xlsx!Analítico!B59604,revestimentos_forros,Revestimentos e forros,revestimentos_forros,216.13301854399998,0.2670407276630443,10,0.7329592723369558,3,0.0,0,0.0,0,1.7389104,0.0,13,0,0.015279289217948452,851d0bcd2c07f339e1cb18efbbcbbe18af86754698e3d09bececb386155475be,revestimento ceramico para paredes externas com placas tipo gres ou semigres formato menor ou igual a # cm# alinhadas a prumo,v_94257cd09b8bbbc7
sinapi_es,2026-05,104589,"REVESTIMENTO CERÂMICO PARA PAREDES EXTERNAS, COM PLACAS TIPO GRÊS OU SEMIGRÊS, FORMATO MENOR OU IGUAL A 200 CM2, ALINHADAS A PRUMO, APLICADO EM SUPERFÍCIES INTERNAS DE SACADA. AF_02/2023",M2,Revestimentos Cerâmicos Externos,257.77,sem_desoneracao,2026-06-12,928df42a952625eb12d41baf2b5ab17e1207af6e7881cb9f1c7fcac4708400e3,SINAPI_Referência_2026_05.xlsx!CSD!S9313,35d7fe54f1bacf42d7a8ae2fef6efd861b35c6d3447e5a59ca94fa33927a7b43,cpu_hierarquica_v1,0.0,ok,,257.77,0.0,SINAPI_Referência_2026_05.xlsx!Analítico!B59598,revestimentos_forros,Revestimentos e forros,revestimentos_forros,257.8014068332,0.26065919367413676,10,0.7393408063258632,3,0.0,0,0.0,0,2.02466332,0.0,13,0,0.012184052915404218,851d0bcd2c07f339e1cb18efbbcbbe18af86754698e3d09bececb386155475be,revestimento ceramico para paredes externas com placas tipo gres ou semigres formato menor ou igual a # cm# alinhadas a prumo aplicado em superficies internas de sacada,v_94257cd09b8bbbc7
sinapi_es,2026-05,104590,"REVESTIMENTO CERÂMICO PARA PAREDES EXTERNAS, COM PLACAS TIPO GRÊS OU SEMIGRÊS, FORMATO MENOR OU IGUAL A 200 CM2, DISPOSTAS EM AMARRAÇÃO. AF_02/2023",M2,Revestimentos Cerâmicos Externos,241.07,sem_desoneracao,2026-06-12,928df42a952625eb12d41baf2b5ab17e1207af6e7881cb9f1c7fcac4708400e3,SINAPI_Referência_2026_05.xlsx!CSD!S9316,e45021ddb90dd097566ba19857c123cb777aacd515d98e51caaac3f49dfbe611,cpu_hierarquica_v1,0.0,ok,,241.07,0.0,SINAPI_Referência_2026_05.xlsx!Analítico!B59616,revestimentos_forros,Revestimentos e forros,revestimentos_forros,241.0894873104,0.3095372931558797,10,0.6904627068441205,3,0.0,0,0.0,0,2.2483806399999997,0.0,13,0,0.008083672958060022,851d0bcd2c07f339e1cb18efbbcbbe18af86754698e3d09bececb386155475be,revestimento ceramico para paredes externas com placas tipo gres ou semigres formato menor ou igual a # cm# dispostas em amarracao,v_94257cd09b8bbbc7
sinapi_es,2026-05,104591,"REVESTIMENTO CERÂMICO PARA PAREDES EXTERNAS, COM PLACAS TIPO GRÊS OU SEMIGRÊS, FORMATO MENOR OU IGUAL A 200 CM2, DISPOSTAS EM AMARRAÇÃO, APLICADO EM SUPERFÍCIES INTERNAS DE SACADA. AF_02/2023",M2,Revestimentos Cerâmicos Externos,285.35,sem_desoneracao,2026-06-12,928df42a952625eb12d41baf2b5ab17e1207af6e7881cb9f1c7fcac4708400e3,SINAPI_Referência_2026_05.xlsx!CSD!S9315,0457091c27305fa92d71a31df2598015837ff62d2a472c59a5d6cf12bf34cb58,cpu_hierarquica_v1,0.0,ok,,285.35,0.0,SINAPI_Referência_2026_05.xlsx!Analítico!B59610,revestimentos_forros,Revestimentos e forros,revestimentos_forros,285.374960336,0.29450047136948465,10,0.7054995286305153,3,0.0,0,0.0,0,2.5320976,0.0,13,0,0.008747270369718719,851d0bcd2c07f339e1cb18efbbcbbe18af86754698e3d09bececb386155475be,revestimento ceramico para paredes externas com placas tipo gres ou semigres formato menor ou igual a # cm# dispostas em amarracao aplicado em superficies internas de sacada,v_94257cd09b8bbbc7
sinapi_es,2026-05,104593,REVESTIMENTO CERÂMICO PARA PISO COM PLACAS TIPO ESMALTADA DE DIMENSÕES 80X80 CM APLICADA EM AMBIENTES DE ÁREA MENOR QUE 5 M². AF_02/2023_PE,M2,Revestimentos Cerâmicos Internos,88.55,sem_desoneracao,2026-06-12,928df42a952625eb12d41baf2b5ab17e1207af6e7881cb9f1c7fcac4708400e3,SINAPI_Referência_2026_05.xlsx!CSD!S9348,0e0f59748237485e65b83ca8e7ebe21e940195770abd91d4f634b19b54bea30c,cpu_hierarquica_v1,0.0,ok,,88.55,0.0,SINAPI_Referência_2026_05.xlsx!Analítico!B59808,revestimentos_forros,Revestimentos e forros,revestimentos_forros,88.57551304824,0.47051727519254954,10,0.5294827248074505,3,0.0,0,0.0,0,1.217767384,0.0,13,0,0.028812025115754442,5afd88e8872a28b985ce185598e7004eff455bcee0380d0add222d25494a185a,revestimento ceramico para piso com placas tipo esmaltada de dimensoes #x# cm aplicada em ambientes de area menor que # m# pe,v_6210cb76c5d4ab42
sinapi_es,2026-05,104594,REVESTIMENTO CERÂMICO PARA PISO COM PLACAS TIPO ESMALTADA DE DIMENSÕES 80X80 CM APLICADA EM AMBIENTES DE ÁREA ENTRE 5 M² E 10 M². AF_02/2023_PE,M2,Revestimentos Cerâmicos Internos,72.93,sem_desoneracao,2026-06-12,928df42a952625eb12d41baf2b5ab17e1207af6e7881cb9f1c7fcac4708400e3,SINAPI_Referência_2026_05.xlsx!CSD!S9346,024316c6d451204b11fd0dcfd88a13e393d8eff59e112bc653bbdb88b30c8dc8,cpu_hierarquica_v1,0.0,ok,,72.93,0.0,SINAPI_Referência_2026_05.xlsx!Analítico!B59796,revestimentos_forros,Revestimentos e forros,revestimentos_forros,72.95778005644,0.3828680098932688,10,0.6171319901067311,3,0.0,0,0.0,0,0.8221135639999999,0.0,13,0,0.03809139783353068,5afd88e8872a28b985ce185598e7004eff455bcee0380d0add222d25494a185a,revestimento ceramico para piso com placas tipo esmaltada de dimensoes #x# cm aplicada em ambientes de area entre # m# e # m# pe,v_6210cb76c5d4ab42
sinapi_es,2026-05,104595,REVESTIMENTO CERÂMICO PARA PISO COM PLACAS TIPO ESMALTADA DE DIMENSÕES 80X80 CM APLICADA EM AMBIENTES DE ÁREA MAIOR QUE 10 M². AF_02/2023_PE,M2,Revestimentos Cerâmicos Internos,59.02,sem_desoneracao,2026-06-12,928df42a952625eb12d41baf2b5ab17e1207af6e7881cb9f1c7fcac4708400e3,SINAPI_Referência_2026_05.xlsx!CSD!S9347,cdf45b3fe6831bed3da0a340c4299385879b6dc810703404fbadeaf3e6b55a7a,cpu_hierarquica_v1,0.0,ok,,59.02,0.0,SINAPI_Referência_2026_05.xlsx!Analítico!B59802,revestimentos_forros,Revestimentos e forros,revestimentos_forros,59.05022072452,0.253393679836099,10,0.7466063201639009,3,0.0,0,0.0,0,0.448699732,0.0,13,0,0.05120420962385541,5afd88e8872a28b985ce185598e7004eff455bcee0380d0add222d25494a185a,revestimento ceramico para piso com placas tipo esmaltada de dimensoes #x# cm aplicada em ambientes de area maior que # m# pe,v_6210cb76c5d4ab42
sinapi_es,2026-05,104596,REVESTIMENTO CERÂMICO PARA PISO COM PLACAS TIPO PORCELANATO DE DIMENSÕES 80X80 CM APLICADA EM AMBIENTES DE ÁREA MENOR QUE 5 M². AF_02/2023_PE,M2,Revestimentos Cerâmicos Internos,137.52,sem_desoneracao,2026-06-12,928df42a952625eb12d41baf2b5ab17e1207af6e7881cb9f1c7fcac4708400e3,SINAPI_Referência_2026_05.xlsx!CSD!S9354,8f8e641882fc788a724288687962c8776c04dbb016dfa20ce9ec73971d1368d6,cpu_hierarquica_v1,0.0,ok,,137.52,0.0,SINAPI_Referência_2026_05.xlsx!Analítico!B59844,revestimentos_forros,Revestimentos e forros,revestimentos_forros,137.5402025458,0.37043687302142797,10,0.6295631269785719,3,0.0,0,0.0,0,1.48475258,0.0,13,0,0.014690623763818855,e5075141d4644706f344f3c3afaa50fa26b4056ff1787a6e51002b6619735215,revestimento ceramico para piso com placas tipo porcelanato de dimensoes #x# cm aplicada em ambientes de area menor que # m# pe,v_a45a57ffdc06907e
sinapi_es,2026-05,104597,REVESTIMENTO CERÂMICO PARA PISO COM PLACAS TIPO PORCELANATO DE DIMENSÕES 80X80 CM APLICADA EM AMBIENTES DE ÁREA ENTRE 5 M² E 10 M². AF_02/2023_PE,M2,Revestimentos Cerâmicos Internos,120.69,sem_desoneracao,2026-06-12,928df42a952625eb12d41baf2b5ab17e1207af6e7881cb9f1c7fcac4708400e3,SINAPI_Referência_2026_05.xlsx!CSD!S9352,3ae4fed740d9ce3d16fa76b960d536d1748af594b64a314b8c4c14db40bcb977,cpu_hierarquica_v1,0.0,ok,,120.69,0.0,SINAPI_Referência_2026_05.xlsx!Analítico!B59832,revestimentos_forros,Revestimentos e forros,revestimentos_forros,120.70534769756001,0.30827522067037794,10,0.691724779329622,3,0.0,0,0.0,0,1.089200236,0.0,13,0,0.012716627359364555,e5075141d4644706f344f3c3afaa50fa26b4056ff1787a6e51002b6619735215,revestimento ceramico para piso com placas tipo porcelanato de dimensoes #x# cm aplicada em ambientes de area entre # m# e # m# pe,v_a45a57ffdc06907e
sinapi_es,2026-05,104598,REVESTIMENTO CERÂMICO PARA PISO COM PLACAS TIPO PORCELANATO DE DIMENSÕES 80X80 CM APLICADA EM AMBIENTES DE ÁREA MAIOR QUE 10 M². AF_02/2023_PE,M2,Revestimentos Cerâmicos Internos,106.16,sem_desoneracao,2026-06-12,928df42a952625eb12d41baf2b5ab17e1207af6e7881cb9f1c7fcac4708400e3,SINAPI_Referência_2026_05.xlsx!CSD!S9353,5f4f17fe8a403b7ac9e8afec08c049fe4725c6a34903d643be8364dd06ba494c,cpu_hierarquica_v1,0.0,ok,,106.16,0.0,SINAPI_Referência_2026_05.xlsx!Analítico!B59838,revestimentos_forros,Revestimentos e forros,revestimentos_forros,106.18380622208,0.2282514357357837,10,0.7717485642642163,3,0.0,0,0.0,0,0.7156849279999999,0.0,13,0,0.02242485124340382,e5075141d4644706f344f3c3afaa50fa26b4056ff1787a6e51002b6619735215,revestimento ceramico para piso com placas tipo porcelanato de dimensoes #x# cm aplicada em ambientes de area maior que # m# pe,v_a45a57ffdc06907e
sinapi_es,2026-05,104599,REVESTIMENTO CERÂMICO PARA PISO COM PLACAS TIPO ESMALTADA DE DIMENSÕES 35X35 CM APLICADA EM DIAGONAL EM AMBIENTES DE ÁREA MENOR QUE 5 M². AF_02/2023_PE,M2,Revestimentos Cerâmicos Internos,83.25,sem_desoneracao,2026-06-12,928df42a952625eb12d41baf2b5ab17e1207af6e7881cb9f1c7fcac4708400e3,SINAPI_Referência_2026_05.xlsx!CSD!S9336,497188bca008d861a307ce783a5e2de4f3738afb272a892e4566e26717dc8004,cpu_hierarquica_v1,0.0,ok,,83.25,0.0,SINAPI_Referência_2026_05.xlsx!Analítico!B59736,revestimentos_forros,Revestimentos e forros,revestimentos_forros,83.26407313848,0.5214228814662161,10,0.47857711853378404,3,0.0,0,0.0,0,1.267833048,0.0,13,0,0.016904670846847544,81fe84113850fe77a88e1c29e5de41d46db310a34b59ee06a6c622a87aea7ada,revestimento ceramico para piso com placas tipo esmaltada de dimensoes #x# cm aplicada em diagonal em ambientes de area menor que # m# pe,v_6210cb76c5d4ab42
sinapi_es,2026-05,104601,REVESTIMENTO CERÂMICO PARA PISO COM PLACAS TIPO ESMALTADA DE DIMENSÕES 35X35 CM APLICADA EM DIAGONAL EM AMBIENTES DE ÁREA ENTRE 5 M² E 10 M². AF_02/2023_PE,M2,Revestimentos Cerâmicos Internos,64.68,sem_desoneracao,2026-06-12,928df42a952625eb12d41baf2b5ab17e1207af6e7881cb9f1c7fcac4708400e3,SINAPI_Referência_2026_05.xlsx!CSD!S9334,c4019d0f4a7379d048f33088815562f68bbc25963b964a2bc4e3ff1aba96e9bb,cpu_hierarquica_v1,0.0,ok,,64.68,0.0,SINAPI_Referência_2026_05.xlsx!Analítico!B59724,revestimentos_forros,Revestimentos e forros,revestimentos_forros,64.70615698808001,0.4148996824680161,10,0.5851003175319838,3,0.0,0,0.0,0,0.790835128,0.0,13,0,0.0404406123685898,81fe84113850fe77a88e1c29e5de41d46db310a34b59ee06a6c622a87aea7ada,revestimento ceramico para piso com placas tipo esmaltada de dimensoes #x# cm aplicada em diagonal em ambientes de area entre # m# e # m# pe,v_6210cb76c5d4ab42
sinapi_es,2026-05,104603,REVESTIMENTO CERÂMICO PARA PISO COM PLACAS TIPO ESMALTADA DE DIMENSÕES 35X35 CM APLICADA EM DIAGONAL EM AMBIENTES DE ÁREA MAIOR QUE 10 M². AF_02/2023_PE,M2,Revestimentos Cerâmicos Internos,52.23,sem_desoneracao,2026-06-12,928df42a952625eb12d41baf2b5ab17e1207af6e7881cb9f1c7fcac4708400e3,SINAPI_Referência_2026_05.xlsx!CSD!S9335,5d8a1fcdd39a61f078481b6c4b15c4efdd5b347b1112619dead7b82362850137,cpu_hierarquica_v1,0.0,ok,,52.23,0.0,SINAPI_Referência_2026_05.xlsx!Analítico!B59730,revestimentos_forros,Revestimentos e forros,revestimentos_forros,52.25970972451999,0.28631909368412467,10,0.7136809063158754,3,0.0,0,0.0,0,0.448699732,0.0,13,0,0.05688248998659091,81fe84113850fe77a88e1c29e5de41d46db310a34b59ee06a6c622a87aea7ada,revestimento ceramico para piso com placas tipo esmaltada de dimensoes #x# cm aplicada em diagonal em ambientes de area maior que # m# pe,v_6210cb76c5d4ab42
sinapi_es,2026-05,104605,REVESTIMENTO CERÂMICO PARA PISO COM PLACAS TIPO ESMALTADA DE DIMENSÕES 45X45 CM APLICADA EM DIAGONAL EM AMBIENTES DE ÁREA MENOR QUE 5 M². AF_02/2023_PE,M2,Revestimentos Cerâmicos Internos,106.52,sem_desoneracao,2026-06-12,928df42a952625eb12d41baf2b5ab17e1207af6e7881cb9f1c7fcac4708400e3,SINAPI_Referência_2026_05.xlsx!CSD!S9342,fa4edcb4cef1ed7e266909c84e02d5d7958afdc2a76237f10529fe9f88b2f380,cpu_hierarquica_v1,0.0,ok,,106.52,0.0,SINAPI_Referência_2026_05.xlsx!Analítico!B59772,revestimentos_forros,Revestimentos e forros,revestimentos_forros,106.54618281775998,0.5957292897702935,10,0.4042707102297067,3,0.0,0,0.0,0,1.845268656,0.0,13,0,0.02458018941042818,81fe84113850fe77a88e1c29e5de41d46db310a34b59ee06a6c622a87aea7ada,revestimento ceramico para piso com placas tipo esmaltada de dimensoes #x# cm aplicada em diagonal em ambientes de area menor que # m# pe,v_6210cb76c5d4ab42
sinapi_es,2026-05,104606,REVESTIMENTO CERÂMICO PARA PISO COM PLACAS TIPO ESMALTADA DE DIMENSÕES 45X45 CM APLICADA EM DIAGONAL EM AMBIENTES DE ÁREA ENTRE 5 M² E 10 M². AF_02/2023_PE,M2,Revestimentos Cerâmicos Internos,69.81,sem_desoneracao,2026-06-12,928df42a952625eb12d41baf2b5ab17e1207af6e7881cb9f1c7fcac4708400e3,SINAPI_Referência_2026_05.xlsx!CSD!S9340,794adba807d58aa39fedb9dbd3c818ee3c5a82dcf6350fd307f19aa7c96f5ab9,cpu_hierarquica_v1,0.0,ok,,69.81,0.0,SINAPI_Referência_2026_05.xlsx!Analítico!B59760,revestimentos_forros,Revestimentos e forros,revestimentos_forros,69.83940276327999,0.4498703900686741,10,0.5501296099313261,3,0.0,0,0.0,0,0.922448488,0.0,13,0,0.04211826855749833,81fe84113850fe77a88e1c29e5de41d46db310a34b59ee06a6c622a87aea7ada,revestimento ceramico para piso com placas tipo esmaltada de dimensoes #x# cm aplicada em diagonal em ambientes de area entre # m# e # m# pe,v_6210cb76c5d4ab42
sinapi_es,2026-05,104607,REVESTIMENTO CERÂMICO PARA PISO COM PLACAS TIPO ESMALTADA DE DIMENSÕES 45X45 CM APLICADA EM DIAGONAL EM AMBIENTES DE ÁREA MAIOR QUE 10 M². AF_02/2023_PE,M2,Revestimentos Cerâmicos Internos,53.84,sem_desoneracao,2026-06-12,928df42a952625eb12d41baf2b5ab17e1207af6e7881cb9f1c7fcac4708400e3,SINAPI_Referência_2026_05.xlsx!CSD!S9341,131d80de4a42cfb9e06da5d78aa91f8ee89a3b88208340f57b78b68deee0f0a6,cpu_hierarquica_v1,0.0,ok,,53.84,0.0,SINAPI_Referência_2026_05.xlsx!Analítico!B59766,revestimentos_forros,Revestimentos e forros,revestimentos_forros,53.87008152768,0.30689653809387873,10,0.6931034619061212,3,0.0,0,0.0,0,0.493891328,0.0,13,0,0.05587207964338152,81fe84113850fe77a88e1c29e5de41d46db310a34b59ee06a6c622a87aea7ada,revestimento ceramico para piso com placas tipo esmaltada de dimensoes #x# cm aplicada em diagonal em ambientes de area maior que # m# pe,v_6210cb76c5d4ab42
sinapi_es,2026-05,104611,REVESTIMENTO CERÂMICO PARA PAREDES INTERNAS COM PLACAS TIPO ESMALTADA DE DIMENSÕES 60X60 CM APLICADAS NA ALTURA INTEIRA DAS PAREDES. AF_02/2023_PE,M2,Revestimentos Cerâmicos Internos,91.29,sem_desoneracao,2026-06-12,928df42a952625eb12d41baf2b5ab17e1207af6e7881cb9f1c7fcac4708400e3,SINAPI_Referência_2026_05.xlsx!CSD!S9326,bab73935b14938dd14e57721fd402aba3de4a97444e546e0d1d632645d9dc846,cpu_hierarquica_v1,0.0,ok,,91.29,0.0,SINAPI_Referência_2026_05.xlsx!Analítico!B59676,revestimentos_forros,Revestimentos e forros,revestimentos_forros,91.31289589412002,0.3965763164067154,10,0.6034236835932845,3,0.0,0,0.0,0,1.0844418120000001,0.0,13,0,0.02508039666996595,c134a45afdf862a947f7988f832572065ecc0e31daecfae30449d88e70b0b9d9,revestimento ceramico para paredes internas com placas tipo esmaltada de dimensoes #x# cm aplicadas na altura inteira das paredes pe,v_02e82877ef07857f
sinapi_es,2026-05,104612,REVESTIMENTO CERÂMICO PARA PAREDES INTERNAS COM PLACAS TIPO ESMALTADA DE DIMENSÕES 60X60 CM APLICADAS A MEIA ALTURA DAS PAREDES. AF_02/2023_PE,M2,Revestimentos Cerâmicos Internos,92.41,sem_desoneracao,2026-06-12,928df42a952625eb12d41baf2b5ab17e1207af6e7881cb9f1c7fcac4708400e3,SINAPI_Referência_2026_05.xlsx!CSD!S9325,3fbcf9194a0fcc54bb1d2d23bbfa0c803c9459e82e3752d17779425c0db80263,cpu_hierarquica_v1,0.0,ok,,92.41,0.0,SINAPI_Referência_2026_05.xlsx!Analítico!B59670,revestimentos_forros,Revestimentos e forros,revestimentos_forros,92.42715775512,0.4087802186368438,10,0.5912197813631562,3,0.0,0,0.0,0,1.130575672,0.0,13,0,0.018566989633167587,c134a45afdf862a947f7988f832572065ecc0e31daecfae30449d88e70b0b9d9,revestimento ceramico para paredes internas com placas tipo esmaltada de dimensoes #x# cm aplicadas a meia altura das paredes pe,v_02e82877ef07857f
sinapi_es,2026-05,104613,"REVESTIMENTO CERÂMICO PARA PAREDES INTERNAS COM PLACAS TIPO ESMALTADA DE DIMENSÕES 20X20 CM APLICADAS EM DIAGONAL, NA ALTURA INTEIRA DAS PAREDES. AF_02/2023_PE",M2,Revestimentos Cerâmicos Internos,63.81,sem_desoneracao,2026-06-12,928df42a952625eb12d41baf2b5ab17e1207af6e7881cb9f1c7fcac4708400e3,SINAPI_Referência_2026_05.xlsx!CSD!S9319,e41ad66f447128a1fdeacaa5387e6849d5df6806f9dcebb9134922dcf4e9b958,cpu_hierarquica_v1,0.0,ok,,63.81,0.0,SINAPI_Referência_2026_05.xlsx!Analítico!B59634,revestimentos_forros,Revestimentos e forros,revestimentos_forros,63.83466841832,0.48596424461753973,10,0.5140357553824603,3,0.0,0,0.0,0,0.931916392,0.0,13,0,0.038659173044973266,5dee95b0f3b666bfe857e95be12243c0497479aaa4b3536b4b513dccdd6a2728,revestimento ceramico para paredes internas com placas tipo esmaltada de dimensoes #x# cm aplicadas em diagonal na altura inteira das paredes pe,v_02e82877ef07857f
sinapi_es,2026-05,104614,"REVESTIMENTO CERÂMICO PARA PAREDES INTERNAS COM PLACAS TIPO ESMALTADA DE DIMENSÕES 20X20 CM APLICADAS EM DIAGONAL, A MEIA ALTURA DAS PAREDES. AF_02/2023_PE",M2,Revestimentos Cerâmicos Internos,72.34,sem_desoneracao,2026-06-12,928df42a952625eb12d41baf2b5ab17e1207af6e7881cb9f1c7fcac4708400e3,SINAPI_Referência_2026_05.xlsx!CSD!S9318,379d6e62b1d50d1d947bf85f28a1047b11f797d3a6a42497f0ab59c51e2c2251,cpu_hierarquica_v1,0.0,ok,,72.34,0.0,SINAPI_Referência_2026_05.xlsx!Analítico!B59628,revestimentos_forros,Revestimentos e forros,revestimentos_forros,72.3681126776,0.5421102364846289,10,0.4578897635153712,3,0.0,0,0.0,0,1.17315272,0.0,13,0,0.038861871163937314,5dee95b0f3b666bfe857e95be12243c0497479aaa4b3536b4b513dccdd6a2728,revestimento ceramico para paredes internas com placas tipo esmaltada de dimensoes #x# cm aplicadas em diagonal a meia altura das paredes pe,v_02e82877ef07857f
sinapi_es,2026-05,104615,REVESTIMENTO CERÂMICO PARA PAREDES INTERNAS COM PLACAS TIPO PASTILHA DE DIMENSÕES 5 X 5 CM (PLACAS DE 30 X 30 CM) CM APLICADAS NA ALTURA INTEIRA DAS PAREDES. AF_02/2023,M2,Revestimentos Cerâmicos Internos,253.53,sem_desoneracao,2026-06-12,928df42a952625eb12d41baf2b5ab17e1207af6e7881cb9f1c7fcac4708400e3,SINAPI_Referência_2026_05.xlsx!CSD!S9330,c4e86b5cd285755ea40ecff7e9b4b7a6914b210030a2eddee41f03ecafed156e,cpu_hierarquica_v1,0.0,ok,,253.53,0.0,SINAPI_Referência_2026_05.xlsx!Analítico!B59700,revestimentos_forros,Revestimentos e forros,revestimentos_forros,253.55786576280005,0.19519081221916915,10,0.8048091877808308,3,0.0,0,0.0,0,1.4542265200000002,0.0,13,0,0.010991110637813032,dd9465563b1e42e89e4262f74e5f8fd34c99c04ae3d732bb11331af70a32ff81,revestimento ceramico para paredes internas com placas tipo pastilha de dimensoes # x # cm placas de # x # cm cm aplicadas na altura inteira das paredes,v_306d6657eb7f342f
sinapi_es,2026-05,104616,"REVESTIMENTO CERÂMICO PARA PAREDES INTERNAS COM PLACAS TIPO PASTILHA DE DIMENSÕES 2,5 X 2,5 CM (PLACAS DE 30 X 30 CM) CM APLICADAS NA ALTURA INTEIRA DAS PAREDES. AF_02/2023",M2,Revestimentos Cerâmicos Internos,329.47,sem_desoneracao,2026-06-12,928df42a952625eb12d41baf2b5ab17e1207af6e7881cb9f1c7fcac4708400e3,SINAPI_Referência_2026_05.xlsx!CSD!S9328,9a6a13d2b2127e9e4299caab788a189cae540a1a00f16fbe554292b21a7263c4,cpu_hierarquica_v1,0.0,ok,,329.47,0.0,SINAPI_Referência_2026_05.xlsx!Analítico!B59688,revestimentos_forros,Revestimentos e forros,revestimentos_forros,329.5046657628,0.15020171458946152,10,0.8497982854105384,3,0.0,0,0.0,0,1.4542265200000002,0.0,13,0,0.010521675053871034,70ebbd8e52e24cc82593131804de84b4a24a03865664a59150973e537b031d1e,revestimento ceramico para paredes internas com placas tipo pastilha de dimensoes # x # cm placas de # x # cm cm aplicadas na altura inteira das paredes,v_306d6657eb7f342f
sinapi_es,2026-05,104617,REVESTIMENTO CERÂMICO PARA PAREDES INTERNAS COM PLACAS TIPO PASTILHA DE DIMENSÕES 5 X 5 CM (PLACAS DE 30 X 30 CM) CM APLICADAS A MEIA ALTURA DAS PAREDES. AF_02/2023,M2,Revestimentos Cerâmicos Internos,266.99,sem_desoneracao,2026-06-12,928df42a952625eb12d41baf2b5ab17e1207af6e7881cb9f1c7fcac4708400e3,SINAPI_Referência_2026_05.xlsx!CSD!S9329,2e85cac71f9e3954cbea24d81498a9aa21fe0db0a21c44649bf557dfbbc866e7,cpu_hierarquica_v1,0.0,ok,,266.99,0.0,SINAPI_Referência_2026_05.xlsx!Analítico!B59694,revestimentos_forros,Revestimentos e forros,revestimentos_forros,267.01773289536,0.23575974603915126,10,0.7642402539608488,3,0.0,0,0.0,0,1.849715936,0.0,13,0,0.01038724122999922,dd9465563b1e42e89e4262f74e5f8fd34c99c04ae3d732bb11331af70a32ff81,revestimento ceramico para paredes internas com placas tipo pastilha de dimensoes # x # cm placas de # x # cm cm aplicadas a meia altura das paredes,v_306d6657eb7f342f
sinapi_es,2026-05,104618,"REVESTIMENTO CERÂMICO PARA PAREDES INTERNAS COM PLACAS TIPO PASTILHA DE DIMENSÕES 2,5 X 2,5 CM (PLACAS DE 30 X 30 CM) CM APLICADAS A MEIA ALTURA DAS PAREDES. AF_02/2023",M2,Revestimentos Cerâmicos Internos,342.93,sem_desoneracao,2026-06-12,928df42a952625eb12d41baf2b5ab17e1207af6e7881cb9f1c7fcac4708400e3,SINAPI_Referência_2026_05.xlsx!CSD!S9327,8e7f97b5d2f51f997d62047ccf9e1995374040cb6270c5177980cccf661cc488,cpu_hierarquica_v1,0.0,ok,,342.93,0.0,SINAPI_Referência_2026_05.xlsx!Analítico!B59682,revestimentos_forros,Revestimentos e forros,revestimentos_forros,342.9645328953599,0.18355260342493476,10,0.8164473965750654,3,0.0,0,0.0,0,1.849715936,0.0,13,0,0.01006995461462002,70ebbd8e52e24cc82593131804de84b4a24a03865664a59150973e537b031d1e,revestimento ceramico para paredes internas com placas tipo pastilha de dimensoes # x # cm placas de # x # cm cm aplicadas a meia altura das paredes,v_306d6657eb7f342f
sinapi_es,2026-05,104627,"APLICAÇÃO MANUAL DE GESSO DESEMPENADO (SEM TALISCAS) EM TETO DE AMBIENTES COM PAREDES EM PÉ DIREITO DUPLO E ÁREA MAIOR QUE 10M², ESPESSURA DE 0,5CM. AF_03/2023",M2,Gesso,20.08,sem_desoneracao,2026-06-12,928df42a952625eb12d41baf2b5ab17e1207af6e7881cb9f1c7fcac4708400e3,SINAPI_Referência_2026_05.xlsx!CSD!S4471,6b1c1fe4b9acf3b3a4f4926aef3012f74c583053867f524848530b9eb625f613,cpu_hierarquica_v1,0.0,ok,,20.08,0.0,SINAPI_Referência_2026_05.xlsx!Analítico!B28341,revestimentos_forros,Revestimentos e forros,revestimentos_forros,20.086601275303998,0.6295703987937408,10,0.37042960120625934,1,0.0,0,0.0,0,0.4397125326,0.0,11,0,0.032874877011951686,6e192182278c8194656da577b44c321946e6befd112cd87c535e5d16670c5c18,aplicacao manual de gesso desempenado sem taliscas em teto de ambientes com paredes em pe direito duplo e area maior que #m# espessura de #cm,v_c7d6ddbb9b72f71d
sinapi_es,2026-05,104628,"APLICAÇÃO MANUAL DE GESSO DESEMPENADO (SEM TALISCAS) EM TETO DE AMBIENTES COM PAREDES EM PÉ DIREITO DUPLO E ÁREA ENTRE 5M² E 10M², ESPESSURA DE 0,5CM. AF_03/2023",M2,Gesso,32.01,sem_desoneracao,2026-06-12,928df42a952625eb12d41baf2b5ab17e1207af6e7881cb9f1c7fcac4708400e3,SINAPI_Referência_2026_05.xlsx!CSD!S4469,5833b3dca254df9fac4b1b23064330e5b596098783fa921e9d175a9dad3e9e89,cpu_hierarquica_v1,0.0,ok,,32.01,0.0,SINAPI_Referência_2026_05.xlsx!Analítico!B28333,revestimentos_forros,Revestimentos e forros,revestimentos_forros,32.024279085704,0.7676552942819685,10,0.23234470571803129,1,0.0,0,0.0,0,0.8547982476,0.0,11,0,0.04460820276164963,6e192182278c8194656da577b44c321946e6befd112cd87c535e5d16670c5c18,aplicacao manual de gesso desempenado sem taliscas em teto de ambientes com paredes em pe direito duplo e area entre #m# e #m# espessura de #cm,v_c7d6ddbb9b72f71d
sinapi_es,2026-05,104629,"APLICAÇÃO MANUAL DE GESSO DESEMPENADO (SEM TALISCAS) EM TETO DE AMBIENTES COM PAREDES EM PÉ DIREITO DUPLO E ÁREA MENOR QUE 5M², ESPESSURA DE 0,5CM. AF_03/2023",M2,Gesso,38.87,sem_desoneracao,2026-06-12,928df42a952625eb12d41baf2b5ab17e1207af6e7881cb9f1c7fcac4708400e3,SINAPI_Referência_2026_05.xlsx!CSD!S4473,e9a33fbe0fef4738e0aadd2e7c1135c1cf3c5f15bf212fa0b277af6bcee90024,cpu_hierarquica_v1,0.0,ok,,38.87,0.0,SINAPI_Referência_2026_05.xlsx!Analítico!B28349,revestimentos_forros,Revestimentos e forros,revestimentos_forros,38.882589391088004,0.8086374437370825,10,0.19136255626291757,1,0.0,0,0.0,0,1.0932690372,0.0,11,0,0.032388451474161584,6e192182278c8194656da577b44c321946e6befd112cd87c535e5d16670c5c18,aplicacao manual de gesso desempenado sem taliscas em teto de ambientes com paredes em pe direito duplo e area menor que #m# espessura de #cm,v_c7d6ddbb9b72f71d
sinapi_es,2026-05,104630,"APLICAÇÃO MANUAL DE GESSO DESEMPENADO (SEM TALISCAS) EM TETO DE AMBIENTES COM PAREDES EM PÉ DIREITO DUPLO E ÁREA MAIOR QUE 10M², ESPESSURA DE 1,0CM. AF_03/2023",M2,Gesso,31.26,sem_desoneracao,2026-06-12,928df42a952625eb12d41baf2b5ab17e1207af6e7881cb9f1c7fcac4708400e3,SINAPI_Referência_2026_05.xlsx!CSD!S4472,7b21b101d48b7feb35eed11992faa0e46091ce24f1a5a6ba1dec85eaaea75236,cpu_hierarquica_v1,0.0,ok,,31.26,0.0,SINAPI_Referência_2026_05.xlsx!Analítico!B28345,revestimentos_forros,Revestimentos e forros,revestimentos_forros,31.283536627056005,0.5797528119429505,10,0.42024718805704947,1,0.0,0,0.0,0,0.6306331314,0.0,11,0,0.07529311278312081,6e192182278c8194656da577b44c321946e6befd112cd87c535e5d16670c5c18,aplicacao manual de gesso desempenado sem taliscas em teto de ambientes com paredes em pe direito duplo e area maior que #m# espessura de #cm,v_c7d6ddbb9b72f71d
sinapi_es,2026-05,104631,"APLICAÇÃO MANUAL DE GESSO DESEMPENADO (SEM TALISCAS) EM TETO DE AMBIENTES COM PAREDES EM PÉ DIREITO DUPLO E ÁREA ENTRE 5M² E 10M², ESPESSURA DE 1,0CM. AF_03/2023",M2,Gesso,43.2,sem_desoneracao,2026-06-12,928df42a952625eb12d41baf2b5ab17e1207af6e7881cb9f1c7fcac4708400e3,SINAPI_Referência_2026_05.xlsx!CSD!S4470,9fb8beda37a9eb0e1af9e8a54a439448a11210fe03c1ec1f887a8b0754045d0e,cpu_hierarquica_v1,0.0,ok,,43.2,0.0,SINAPI_Referência_2026_05.xlsx!Analítico!B28337,revestimentos_forros,Revestimentos e forros,revestimentos_forros,43.221214437456,0.6958248750963644,10,0.3041751249036357,1,0.0,0,0.0,0,1.0457188464,0.0,11,0,0.04910749411110068,6e192182278c8194656da577b44c321946e6befd112cd87c535e5d16670c5c18,aplicacao manual de gesso desempenado sem taliscas em teto de ambientes com paredes em pe direito duplo e area entre #m# e #m# espessura de #cm,v_c7d6ddbb9b72f71d
sinapi_es,2026-05,104632,"APLICAÇÃO MANUAL DE GESSO DESEMPENADO (SEM TALISCAS) EM TETO DE AMBIENTES COM PAREDES EM PÉ DIREITO DUPLO E ÁREA MENOR QUE 5M², ESPESSURA DE 1,0CM. AF_03/2023",M2,Gesso,50.06,sem_desoneracao,2026-06-12,928df42a952625eb12d41baf2b5ab17e1207af6e7881cb9f1c7fcac4708400e3,SINAPI_Referência_2026_05.xlsx!CSD!S4474,947f59ed59ec6807593a0d95304845c782361b80417245dbd6f6835c78d76a08,cpu_hierarquica_v1,0.0,ok,,50.06,0.0,SINAPI_Referência_2026_05.xlsx!Analítico!B28353,revestimentos_forros,Revestimentos e forros,revestimentos_forros,50.07952474284,0.737481168850756,10,0.26251883114924396,1,0.0,0,0.0,0,1.284189636,0.0,11,0,0.039002682461042854,6e192182278c8194656da577b44c321946e6befd112cd87c535e5d16670c5c18,aplicacao manual de gesso desempenado sem taliscas em teto de ambientes com paredes em pe direito duplo e area menor que #m# espessura de #cm,v_c7d6ddbb9b72f71d
sinapi_es,2026-05,104633,"APLICAÇÃO MANUAL DE GESSO DESEMPENADO (SEM TALISCAS) EM PAREDES COM PÉ DIREITO DUPLO, ESPESSURA DE 0,5CM. AF_03/2023",M2,Gesso,28.09,sem_desoneracao,2026-06-12,928df42a952625eb12d41baf2b5ab17e1207af6e7881cb9f1c7fcac4708400e3,SINAPI_Referência_2026_05.xlsx!CSD!S4465,b1938bfdedd0d34a18ec8007ab034f4615fcbd4cf900b84365ec79e3683552d9,cpu_hierarquica_v1,0.0,ok,,28.09,0.0,SINAPI_Referência_2026_05.xlsx!Analítico!B28317,revestimentos_forros,Revestimentos e forros,revestimentos_forros,28.10482828552,0.7352529030097816,10,0.26474709699021853,1,0.0,0,0.0,0,0.7185147329999999,0.0,11,0,0.052788485297259345,6e192182278c8194656da577b44c321946e6befd112cd87c535e5d16670c5c18,aplicacao manual de gesso desempenado sem taliscas em paredes com pe direito duplo espessura de #cm,v_c7d6ddbb9b72f71d
sinapi_es,2026-05,104634,"APLICAÇÃO MANUAL DE GESSO DESEMPENADO (SEM TALISCAS) EM PAREDES COM PÉ DIREITO DUPLO, ESPESSURA DE 1,0CM. AF_03/2023",M2,Gesso,41.09,sem_desoneracao,2026-06-12,928df42a952625eb12d41baf2b5ab17e1207af6e7881cb9f1c7fcac4708400e3,SINAPI_Referência_2026_05.xlsx!CSD!S4466,22a95064d387092329005dfb5b9db53615f9515b9040ef6511605a97b8abddd7,cpu_hierarquica_v1,0.0,ok,,41.09,0.0,SINAPI_Referência_2026_05.xlsx!Analítico!B28321,revestimentos_forros,Revestimentos e forros,revestimentos_forros,41.113655682975995,0.6802323198556212,10,0.31976768014437906,1,0.0,0,0.0,0,0.9724368444,0.0,11,0,0.057570413667539455,6e192182278c8194656da577b44c321946e6befd112cd87c535e5d16670c5c18,aplicacao manual de gesso desempenado sem taliscas em paredes com pe direito duplo espessura de #cm,v_c7d6ddbb9b72f71d
sinapi_es,2026-05,104635,"APLICAÇÃO MANUAL DE GESSO SARRAFEADO (COM TALISCAS) EM PAREDES COM PÉ DIREITO DUPLO, ESPESSURA DE 1,0CM. AF_03/2023",M2,Gesso,57.71,sem_desoneracao,2026-06-12,928df42a952625eb12d41baf2b5ab17e1207af6e7881cb9f1c7fcac4708400e3,SINAPI_Referência_2026_05.xlsx!CSD!S4481,79f739531496155d4435c8b6ba5ce235fe528169b219de0bc11461b1865d681a,cpu_hierarquica_v1,0.0,ok,,57.71,0.0,SINAPI_Referência_2026_05.xlsx!Analítico!B28381,revestimentos_forros,Revestimentos e forros,revestimentos_forros,57.73735279113599,0.772299600441357,10,0.22770039955864305,1,0.0,0,0.0,0,1.5504606083999999,0.0,11,0,0.04739696956504801,6e192182278c8194656da577b44c321946e6befd112cd87c535e5d16670c5c18,aplicacao manual de gesso sarrafeado com taliscas em paredes com pe direito duplo espessura de #cm,v_c7d6ddbb9b72f71d
sinapi_es,2026-05,104636,"APLICAÇÃO MANUAL DE GESSO SARRAFEADO (COM TALISCAS) EM PAREDES COM PÉ DIREITO DUPLO, ESPESSURA DE 1,5CM. AF_03/2023",M2,Gesso,66.76,sem_desoneracao,2026-06-12,928df42a952625eb12d41baf2b5ab17e1207af6e7881cb9f1c7fcac4708400e3,SINAPI_Referência_2026_05.xlsx!CSD!S4482,d5e1ac08731ed6890c9904fbeb29c159b0f5b4996536d4d5b60bbebc905b6dd1,cpu_hierarquica_v1,0.0,ok,,66.76,0.0,SINAPI_Referência_2026_05.xlsx!Analítico!B28385,revestimentos_forros,Revestimentos e forros,revestimentos_forros,66.79153294232,0.7437036755125357,10,0.25629632448746414,1,0.0,0,0.0,0,1.727187093,0.0,11,0,0.047233286878367836,6e192182278c8194656da577b44c321946e6befd112cd87c535e5d16670c5c18,aplicacao manual de gesso sarrafeado com taliscas em paredes com pe direito duplo espessura de #cm,v_c7d6ddbb9b72f71d
sinapi_es,2026-05,104639,"PINTURA LÁTEX ACRÍLICA ECONÔMICA, APLICAÇÃO MANUAL EM TETO, DUAS DEMÃOS. AF_04/2023",M2,Pintura Interna,14.72,sem_desoneracao,2026-06-12,928df42a952625eb12d41baf2b5ab17e1207af6e7881cb9f1c7fcac4708400e3,SINAPI_Referência_2026_05.xlsx!CSD!S8304,f83ca971f46a6e2ca66e0c2bb3fc308a64661cc296aaa736a33788c776f3ad47,cpu_hierarquica_v1,0.0,ok,,14.72,0.0,SINAPI_Referência_2026_05.xlsx!Analítico!B52210,pintura,Pintura,pintura,14.734215310000002,0.7651740573078404,10,0.23482594269215953,1,0.0,0,0.0,0,0.30765536,0.0,11,0,0.09657139945652764,004e6a9bba5d74ec55769368349a6f1bbc73420c8c71db44f76d8f0510f76f16,pintura latex acrilica economica aplicacao manual em teto # demaos,v_19046e4d7ab13f7b
sinapi_es,2026-05,104640,"PINTURA LÁTEX ACRÍLICA STANDARD, APLICAÇÃO MANUAL EM TETO, DUAS DEMÃOS. AF_04/2023",M2,Pintura Interna,16.06,sem_desoneracao,2026-06-12,928df42a952625eb12d41baf2b5ab17e1207af6e7881cb9f1c7fcac4708400e3,SINAPI_Referência_2026_05.xlsx!CSD!S8310,688d4ac5142556d2b20a92ecc00cc100a5388be91e0600c9ce6f646eb70650f9,cpu_hierarquica_v1,0.0,ok,,16.06,0.0,SINAPI_Referência_2026_05.xlsx!Analítico!B52238,pintura,Pintura,pintura,16.07214831,0.7014768089829804,10,0.2985231910170197,1,0.0,0,0.0,0,0.30765536,0.0,11,0,0.07564327521793653,0be04a4e872c2b232c700ecb633f884f2d7baa3c7301e4109dea91d867be0189,pintura latex acrilica standard aplicacao manual em teto # demaos,v_0b86d2c344f2e9f6
sinapi_es,2026-05,104641,"PINTURA LÁTEX ACRÍLICA ECONÔMICA, APLICAÇÃO MANUAL EM PAREDES, DUAS DEMÃOS. AF_04/2023",M2,Pintura Interna,11.54,sem_desoneracao,2026-06-12,928df42a952625eb12d41baf2b5ab17e1207af6e7881cb9f1c7fcac4708400e3,SINAPI_Referência_2026_05.xlsx!CSD!S8303,a107a34dcfd258d0952e469fa343f9e290e50c52c9d6d70625183479c8f55dc5,cpu_hierarquica_v1,0.0,ok,,11.54,0.0,SINAPI_Referência_2026_05.xlsx!Analítico!B52206,pintura,Pintura,pintura,11.56081364632,0.7007151826981168,10,0.2992848173018833,1,0.0,0,0.0,0,0.22106063599999998,0.0,11,0,0.18036088665511787,004e6a9bba5d74ec55769368349a6f1bbc73420c8c71db44f76d8f0510f76f16,pintura latex acrilica economica aplicacao manual em paredes # demaos,v_19046e4d7ab13f7b
sinapi_es,2026-05,104642,"PINTURA LÁTEX ACRÍLICA STANDARD, APLICAÇÃO MANUAL EM PAREDES, DUAS DEMÃOS. AF_04/2023",M2,Pintura Interna,12.88,sem_desoneracao,2026-06-12,928df42a952625eb12d41baf2b5ab17e1207af6e7881cb9f1c7fcac4708400e3,SINAPI_Referência_2026_05.xlsx!CSD!S8309,2f7de111854bc4b3852b5890f5d7a2ff5ee46ad8937024178e7722881dfec1fa,cpu_hierarquica_v1,0.0,ok,,12.88,0.0,SINAPI_Referência_2026_05.xlsx!Analítico!B52234,pintura,Pintura,pintura,12.89874664632,0.6280329297444696,10,0.3719670702555305,1,0.0,0,0.0,0,0.22106063599999998,0.0,11,0,0.14554849627328076,0be04a4e872c2b232c700ecb633f884f2d7baa3c7301e4109dea91d867be0189,pintura latex acrilica standard aplicacao manual em paredes # demaos,v_0b86d2c344f2e9f6
sinapi_es,2026-05,104756,"FORRO EM MADEIRA PINUS, PARA AMBIENTES RESIDENCIAIS E COMERCIAIS, INCLUSIVE ESTRUTURA BIDIRECIONAL DE FIXAÇÃO. AF_08/2023",M2,Forros,243.74,sem_desoneracao,2026-06-12,928df42a952625eb12d41baf2b5ab17e1207af6e7881cb9f1c7fcac4708400e3,SINAPI_Referência_2026_05.xlsx!CSD!S4198,34cc493dc2e0cec3b85bab1a09d562d255e52d3a0ed46afe235f812cc5d8a43f,cpu_hierarquica_v1,0.0,ok,,243.74,0.0,SINAPI_Referência_2026_05.xlsx!Analítico!B25693,revestimentos_forros,Revestimentos e forros,revestimentos_forros,243.79077352948,0.30493580808336246,8,0.6950641919166375,4,0.0,0,0.0,0,2.137808738,0.0,12,0,0.020831020546476953,a678790dcff3de6ac27b4d3c986fdbe6c83880a47355630ce17e69ba50fd5471,forro em madeira pinus para ambientes residenciais e comerciais inclusive estrutura bidirecional de fixacao,v_c9eeda71c1b30867
sinapi_es,2026-05,104757,"FORRO EM FIBRA MINERAL, PARA AMBIENTES COMERCIAIS, INCLUSIVE ESTRUTURA DE FIXAÇÃO. AF_08/2023_PS",M2,Forros,95.43,sem_desoneracao,2026-06-12,928df42a952625eb12d41baf2b5ab17e1207af6e7881cb9f1c7fcac4708400e3,SINAPI_Referência_2026_05.xlsx!CSD!S4197,25c8baff9525d1559eb1efb49ea689e1a639b414eec5032c1d369413d48fa337,cpu_hierarquica_v1,0.0,ok,,95.43,0.0,SINAPI_Referência_2026_05.xlsx!Analítico!B25684,revestimentos_forros,Revestimentos e forros,revestimentos_forros,95.48159095449999,0.2860073672998739,7,0.7139926327001261,7,0.0,0,0.0,0,0.72577995,0.0,14,0,0.05406156816513228,daf52f72dae48176c1b0082bf04b025550c22da8ac02ab04c04aa2ffc34c0f5d,forro em fibra mineral para ambientes comerciais inclusive estrutura de fixacao ps,v_038ff0ca5d7e5ad1
sinapi_es,2026-05,104951,"MASSA ÚNICA, EM ARGAMASSA TRAÇO 1:2:8, PREPARO MECÂNICO, APLICADA MANUALMENTE EM PAREDES INTERNAS DE AMBIENTES COM ÁREA MAIOR QUE 10M², E = 17,5MM, COM TALISCAS. AF_03/2024",M2,Massa Única Interna,40.01,sem_desoneracao,2026-06-12,928df42a952625eb12d41baf2b5ab17e1207af6e7881cb9f1c7fcac4708400e3,SINAPI_Referência_2026_05.xlsx!CSD!S7792,f032010ba1425658fabc55c31b4e34c3fb6f18c4fc34cbfaedf7d760066d4538,cpu_hierarquica_v1,0.0,ok,,40.01,0.0,SINAPI_Referência_2026_05.xlsx!Analítico!B47982,revestimentos_forros,Revestimentos e forros,revestimentos_forros,40.03461509096,0.6166327650926848,13,0.3808013431717105,3,0.0016091197043766868,1,0.0009567720312277766,1,0.736257888,0.0,18,0,0.061522346813308405,3a2bb0f2ce9db5e05f51f3a0e0cc8347cb19e07de96bb115d30978b9fb1a8943,massa unica em argamassa traco # # # preparo mecanico aplicada manualmente em paredes internas de ambientes com area maior que #m# e #mm com taliscas,v_8bb45ffaa009f9e8
sinapi_es,2026-05,104952,"MASSA ÚNICA, EM ARGAMASSA TRAÇO 1:2:8, PREPARO MANUAL, APLICADA MANUALMENTE EM PAREDES INTERNAS DE AMBIENTES COM ÁREA MAIOR QUE 10M², E = 17,5MM, COM TALISCAS. AF_03/2024",M2,Massa Única Interna,44.57,sem_desoneracao,2026-06-12,928df42a952625eb12d41baf2b5ab17e1207af6e7881cb9f1c7fcac4708400e3,SINAPI_Referência_2026_05.xlsx!CSD!S7785,e04d83c9220e399f1219a5ec8d743102dec47d803bc4bce03f0f8af76c9c98ec,cpu_hierarquica_v1,0.0,ok,,44.57,0.0,SINAPI_Referência_2026_05.xlsx!Analítico!B47954,revestimentos_forros,Revestimentos e forros,revestimentos_forros,44.59683459192001,0.6639990336283892,10,0.33600096637161075,3,0.0,0,0.0,0,0.942914808,0.0,13,0,0.06020774494055924,4fe860d93aa1fea3bfdbec1d3bbcc6fdcca807b0bbd51e6f93f8c91365dcbf3c,massa unica em argamassa traco # # # preparo manual aplicada manualmente em paredes internas de ambientes com area maior que #m# e #mm com taliscas,v_24e05d145669d072
sinapi_es,2026-05,104953,"MASSA ÚNICA, EM ARGAMASSA INDUSTRIALIZADA, PREPARO MECÂNICO, APLICADA COM EQUIPAMENTO DE MISTURA E PROJEÇÃO DE ARGAMASSA EM PAREDES INTERNAS, E = 17,5MM, COM TALISCAS. AF_03/2024",M2,Massa Única Interna,63.74,sem_desoneracao,2026-06-12,928df42a952625eb12d41baf2b5ab17e1207af6e7881cb9f1c7fcac4708400e3,SINAPI_Referência_2026_05.xlsx!CSD!S7775,22194317e0966cde1133d698ba520b3d0651a2838a2f3e1c4bb0ca711cc9b25c,cpu_hierarquica_v1,0.0,ok,,63.74,0.0,SINAPI_Referência_2026_05.xlsx!Analítico!B47914,revestimentos_forros,Revestimentos e forros,revestimentos_forros,63.760271381483264,0.28527311343190936,13,0.6994818559218385,1,0.014919961816541656,1,0.00032506882971045846,1,0.52190368576,0.0,16,0,0.03180323420656106,3c9b275cfbc940a3dee567e46c9033b31cc4a05bd8bf19f7b9248bf3e1fc2608,massa unica em argamassa industrializada preparo mecanico aplicada com equipamento de mistura e projecao de argamassa em paredes internas e #mm com taliscas,v_7434d0fbc26aed78
sinapi_es,2026-05,104954,"EMBOÇO, EM ARGAMASSA TRAÇO 1:2:8, PREPARO MANUAL, APLICADO MANUALMENTE EM PAREDES INTERNAS DE AMBIENTES COM PÉ-DIREITO DUPLO E ÁREA ENTRE 5M² E 10M², E = 17,5MM, COM TALISCAS. AF_03/2024",M2,Massa Única Interna,59.37,sem_desoneracao,2026-06-12,928df42a952625eb12d41baf2b5ab17e1207af6e7881cb9f1c7fcac4708400e3,SINAPI_Referência_2026_05.xlsx!CSD!S7750,51102345d1552ba17db86d4ab510dbdcb90888644b9e1c62853b19aef205a1bb,cpu_hierarquica_v1,0.0,ok,,59.37,0.0,SINAPI_Referência_2026_05.xlsx!Analítico!B47814,revestimentos_forros,Revestimentos e forros,revestimentos_forros,59.39824736952001,0.7477269080553833,10,0.25227309194461656,3,0.0,0,0.0,0,1.389383448,0.0,13,0,0.04757852369885399,4fe860d93aa1fea3bfdbec1d3bbcc6fdcca807b0bbd51e6f93f8c91365dcbf3c,emboco em argamassa traco # # # preparo manual aplicado manualmente em paredes internas de ambientes com pe direito duplo e area entre #m# e #m# e #mm com taliscas,v_24e05d145669d072
sinapi_es,2026-05,104955,"MASSA ÚNICA, EM ARGAMASSA TRAÇO 1:2:8, PREPARO MECÂNICO, APLICADA MANUALMENTE EM PAREDES INTERNAS DE AMBIENTES COM PÉ-DIREITO DUPLO E ÁREA MAIOR QUE 10M², E = 17,5MM, COM TALISCAS. AF_03/2024",M2,Massa Única Interna,50.9,sem_desoneracao,2026-06-12,928df42a952625eb12d41baf2b5ab17e1207af6e7881cb9f1c7fcac4708400e3,SINAPI_Referência_2026_05.xlsx!CSD!S7788,8e24308c439d5bb292d8e7f4698b95e8ecc7c5fd8125a8e7055ae729a4b64551,cpu_hierarquica_v1,0.0,ok,,50.9,0.0,SINAPI_Referência_2026_05.xlsx!Analítico!B47966,revestimentos_forros,Revestimentos e forros,revestimentos_forros,50.92583804656,0.6986213624218062,13,0.29936149869662876,3,0.0012649863108998272,1,0.0007521525706652048,1,1.0647779279999998,0.0,18,0,0.05076237045187446,3a2bb0f2ce9db5e05f51f3a0e0cc8347cb19e07de96bb115d30978b9fb1a8943,massa unica em argamassa traco # # # preparo mecanico aplicada manualmente em paredes internas de ambientes com pe direito duplo e area maior que #m# e #mm com taliscas,v_8bb45ffaa009f9e8
sinapi_es,2026-05,104956,"MASSA ÚNICA, EM ARGAMASSA TRAÇO 1:2:8, PREPARO MANUAL, APLICADA MANUALMENTE EM PAREDES INTERNAS DE AMBIENTES COM PÉ-DIREITO DUPLO E ÁREA MAIOR QUE 10M², E = 17,5MM, COM TALISCAS. AF_03/2024",M2,Massa Única Interna,55.46,sem_desoneracao,2026-06-12,928df42a952625eb12d41baf2b5ab17e1207af6e7881cb9f1c7fcac4708400e3,SINAPI_Referência_2026_05.xlsx!CSD!S7781,c8079c53d290f4f10753dba820352dfb9a59fec60c2c092f428e68b5c8719f60,cpu_hierarquica_v1,0.0,ok,,55.46,0.0,SINAPI_Referência_2026_05.xlsx!Analítico!B47938,revestimentos_forros,Revestimentos e forros,revestimentos_forros,55.48805754752,0.7299494669250731,10,0.27005053307492694,3,0.0,0,0.0,0,1.271434848,0.0,13,0,0.05059060137035622,4fe860d93aa1fea3bfdbec1d3bbcc6fdcca807b0bbd51e6f93f8c91365dcbf3c,massa unica em argamassa traco # # # preparo manual aplicada manualmente em paredes internas de ambientes com pe direito duplo e area maior que #m# e #mm com taliscas,v_24e05d145669d072
sinapi_es,2026-05,104957,"EMBOÇO, EM ARGAMASSA TRAÇO 1:2:8, PREPARO MECÂNICO, APLICADO MANUALMENTE EM PAREDES INTERNAS DE AMBIENTES COM PÉ-DIREITO DUPLO E ÁREA MAIOR QUE 10M², E = 17,5MM, COM TALISCAS. AF_03/2024",M2,Massa Única Interna,49.6,sem_desoneracao,2026-06-12,928df42a952625eb12d41baf2b5ab17e1207af6e7881cb9f1c7fcac4708400e3,SINAPI_Referência_2026_05.xlsx!CSD!S7764,13eb370256735813fd891b4736d1e6154b67e7c26bce9a1bf14dd64da1ba9ce4,cpu_hierarquica_v1,0.0,ok,,49.6,0.0,SINAPI_Referência_2026_05.xlsx!Analítico!B47870,revestimentos_forros,Revestimentos e forros,revestimentos_forros,49.62219740776,0.690703747722388,13,0.30722612049453346,3,0.0012982191713647453,1,0.0007719126117137642,1,1.025461728,0.0,18,0,0.04475283822579976,3a2bb0f2ce9db5e05f51f3a0e0cc8347cb19e07de96bb115d30978b9fb1a8943,emboco em argamassa traco # # # preparo mecanico aplicado manualmente em paredes internas de ambientes com pe direito duplo e area maior que #m# e #mm com taliscas,v_8bb45ffaa009f9e8
sinapi_es,2026-05,104958,"MASSA ÚNICA, EM ARGAMASSA TRAÇO 1:2:8 PREPARO MECÂNICO, APLICADA MANUALMENTE EM PAREDES INTERNAS DE AMBIENTES COM ÁREA MAIOR QUE 10M², E = 10MM, COM TALISCAS. AF_03/2024",M2,Massa Única Interna,27.96,sem_desoneracao,2026-06-12,928df42a952625eb12d41baf2b5ab17e1207af6e7881cb9f1c7fcac4708400e3,SINAPI_Referência_2026_05.xlsx!CSD!S7778,3515e098820d5e51c51c9d9f77f58aecc8dc92373334d247a4cc1d4df164bf0d,cpu_hierarquica_v1,0.0,ok,,27.96,0.0,SINAPI_Referência_2026_05.xlsx!Analítico!B47926,revestimentos_forros,Revestimentos e forros,revestimentos_forros,27.976125668659996,0.6499007132366399,13,0.34775605869181075,3,0.001469483068774373,1,0.0008737450027751045,1,0.543072183,0.0,18,0,0.05767406530756631,3a2bb0f2ce9db5e05f51f3a0e0cc8347cb19e07de96bb115d30978b9fb1a8943,massa unica em argamassa traco # # # preparo mecanico aplicada manualmente em paredes internas de ambientes com area maior que #m# e #mm com taliscas,v_8bb45ffaa009f9e8
sinapi_es,2026-05,104959,"MASSA ÚNICA, EM ARGAMASSA TRAÇO 1:2:8 PREPARO MANUAL, APLICADA MANUALMENTE EM PAREDES INTERNAS DE AMBIENTES COM ÁREA MAIOR QUE 10M², E = 10MM, COM TALISCAS. AF_03/2024",M2,Massa Única Interna,30.88,sem_desoneracao,2026-06-12,928df42a952625eb12d41baf2b5ab17e1207af6e7881cb9f1c7fcac4708400e3,SINAPI_Referência_2026_05.xlsx!CSD!S7777,5386408c1e513ef9a722a4898b7af25fe4c62e1e05b5286a7fc1019375cca659,cpu_hierarquica_v1,0.0,ok,,30.88,0.0,SINAPI_Referência_2026_05.xlsx!Analítico!B47922,revestimentos_forros,Revestimentos e forros,revestimentos_forros,30.88754206072,0.6904082655330233,10,0.3095917344669767,3,0.0,0,0.0,0,0.674951928,0.0,13,0,0.02442377176166547,4fe860d93aa1fea3bfdbec1d3bbcc6fdcca807b0bbd51e6f93f8c91365dcbf3c,massa unica em argamassa traco # # # preparo manual aplicada manualmente em paredes internas de ambientes com area maior que #m# e #mm com taliscas,v_24e05d145669d072
sinapi_es,2026-05,104960,"MASSA ÚNICA, EM ARGAMASSA INDUSTRIALIZADA, PREPARO MECÂNICO, APLICADA COM EQUIPAMENTO DE MISTURA E PROJEÇÃO DE ARGAMASSA EM PAREDES INTERNAS, E = 10MM, COM TALISCAS. AF_03/2024",M2,Massa Única Interna,41.87,sem_desoneracao,2026-06-12,928df42a952625eb12d41baf2b5ab17e1207af6e7881cb9f1c7fcac4708400e3,SINAPI_Referência_2026_05.xlsx!CSD!S7773,c907eb96db05ed1deca93aebc7a5ac6ba6b84550bad21c980aea5139fc8cd696,cpu_hierarquica_v1,0.0,ok,,41.87,0.0,SINAPI_Referência_2026_05.xlsx!Analítico!B47906,revestimentos_forros,Revestimentos e forros,revestimentos_forros,41.8877830231255,0.3057257665382085,13,0.6794654552208461,1,0.014493011593837417,1,0.00031576664710800616,1,0.36754798736,0.0,16,0,0.04247199217937175,3c9b275cfbc940a3dee567e46c9033b31cc4a05bd8bf19f7b9248bf3e1fc2608,massa unica em argamassa industrializada preparo mecanico aplicada com equipamento de mistura e projecao de argamassa em paredes internas e #mm com taliscas,v_7434d0fbc26aed78
sinapi_es,2026-05,104961,"EMBOÇO, EM ARGAMASSA TRAÇO 1:2:8, PREPARO MECÂNICO, APLICADO MANUALMENTE EM PAREDES INTERNAS DE AMBIENTES COM PÉ-DIREITO DUPLO E ÁREA MENOR QUE 5M², E = 17,5MM, COM TALISCAS. AF_03/2024",M2,Massa Única Interna,63.56,sem_desoneracao,2026-06-12,928df42a952625eb12d41baf2b5ab17e1207af6e7881cb9f1c7fcac4708400e3,SINAPI_Referência_2026_05.xlsx!CSD!S7766,496c0aa7b0c2d4ec0006d0fe58406fcd81d4f72b430cd1af3caefae25d1adf7b,cpu_hierarquica_v1,0.0,ok,,63.56,0.0,SINAPI_Referência_2026_05.xlsx!Analítico!B47878,revestimentos_forros,Revestimentos e forros,revestimentos_forros,63.58716105776,0.7586311539516832,13,0.2397533550232231,3,0.0010131052704410413,1,0.0006023857546526758,1,1.446706728,0.0,18,0,0.04273294172435056,3a2bb0f2ce9db5e05f51f3a0e0cc8347cb19e07de96bb115d30978b9fb1a8943,emboco em argamassa traco # # # preparo mecanico aplicado manualmente em paredes internas de ambientes com pe direito duplo e area menor que #m# e #mm com taliscas,v_8bb45ffaa009f9e8
sinapi_es,2026-05,104962,"EMBOÇO, EM ARGAMASSA TRAÇO 1:2:8, PREPARO MANUAL, APLICADO MANUALMENTE EM PAREDES INTERNAS DE AMBIENTES COM PÉ-DIREITO DUPLO E ÁREA MENOR QUE 5M², E = 17,5MM, COM TALISCAS. AF_03/2024",M2,Massa Única Interna,68.12,sem_desoneracao,2026-06-12,928df42a952625eb12d41baf2b5ab17e1207af6e7881cb9f1c7fcac4708400e3,SINAPI_Referência_2026_05.xlsx!CSD!S7754,13ec839d385a7e56e7c8b8a38f1d80b46de365c7312465edeb00707acb26c41d,cpu_hierarquica_v1,0.0,ok,,68.12,0.0,SINAPI_Referência_2026_05.xlsx!Analítico!B47830,revestimentos_forros,Revestimentos e forros,revestimentos_forros,68.14938055872,0.7801215594749429,10,0.21987844052505714,3,0.0,0,0.0,0,1.653363648,0.0,13,0,0.04313059119200334,4fe860d93aa1fea3bfdbec1d3bbcc6fdcca807b0bbd51e6f93f8c91365dcbf3c,emboco em argamassa traco # # # preparo manual aplicado manualmente em paredes internas de ambientes com pe direito duplo e area menor que #m# e #mm com taliscas,v_24e05d145669d072
sinapi_es,2026-05,104963,"MASSA ÚNICA, EM ARGAMASSA TRAÇO 1:2:8, PREPARO MECÂNICO, APLICADA MANUALMENTE EM PAREDES INTERNAS DE AMBIENTES COM PÉ-DIREITO DUPLO E ÁREA ENTRE 5M² E 10M², E = 17,5MM, COM TALISCAS. AF_03/2024",M2,Massa Única Interna,57.35,sem_desoneracao,2026-06-12,928df42a952625eb12d41baf2b5ab17e1207af6e7881cb9f1c7fcac4708400e3,SINAPI_Referência_2026_05.xlsx!CSD!S7787,2bd58c55a8f1740912d25d45d3822f2d0d9e0e4b3b0d1e0904970b9a10dd1308,cpu_hierarquica_v1,0.0,ok,,57.35,0.0,SINAPI_Referência_2026_05.xlsx!Analítico!B47962,revestimentos_forros,Revestimentos e forros,revestimentos_forros,57.36495583135999,0.7324505969616794,13,0.26575868453237456,3,0.0011229937697395196,1,0.0006677247362066328,1,1.259010168,0.0,18,0,0.026078171508266995,3a2bb0f2ce9db5e05f51f3a0e0cc8347cb19e07de96bb115d30978b9fb1a8943,massa unica em argamassa traco # # # preparo mecanico aplicada manualmente em paredes internas de ambientes com pe direito duplo e area entre #m# e #m# e #mm com taliscas,v_8bb45ffaa009f9e8
sinapi_es,2026-05,104964,"MASSA ÚNICA, EM ARGAMASSA TRAÇO 1:2:8, PREPARO MANUAL, APLICADA MANUALMENTE EM PAREDES INTERNAS DE AMBIENTES COM PÉ-DIREITO DUPLO E ÁREA ENTRE 5M² E 10M², E = 17,5MM, COM TALISCAS. AF_03/2024",M2,Massa Única Interna,61.91,sem_desoneracao,2026-06-12,928df42a952625eb12d41baf2b5ab17e1207af6e7881cb9f1c7fcac4708400e3,SINAPI_Referência_2026_05.xlsx!CSD!S7780,2215b289c29ff5ca969bb69eb3d0e591ee70da92796da8fd0f37ab610a14d972,cpu_hierarquica_v1,0.0,ok,,61.91,0.0,SINAPI_Referência_2026_05.xlsx!Analítico!B47934,revestimentos_forros,Revestimentos e forros,revestimentos_forros,61.92717533232,0.7580290165086943,10,0.24197098349130577,3,0.0,0,0.0,0,1.465667088,0.0,13,0,0.02774242015829558,4fe860d93aa1fea3bfdbec1d3bbcc6fdcca807b0bbd51e6f93f8c91365dcbf3c,massa unica em argamassa traco # # # preparo manual aplicada manualmente em paredes internas de ambientes com pe direito duplo e area entre #m# e #m# e #mm com taliscas,v_24e05d145669d072
sinapi_es,2026-05,104965,"EMBOÇO, EM ARGAMASSA TRAÇO 1:2:8, PREPARO MECÂNICO, APLICADO MANUALMENTE EM PAREDES INTERNAS DE AMBIENTES COM PÉ-DIREITO DUPLO E ÁREA ENTRE 5M² E 10M², E = 17,5MM, COM TALISCAS. AF_03/2024",M2,Massa Única Interna,54.81,sem_desoneracao,2026-06-12,928df42a952625eb12d41baf2b5ab17e1207af6e7881cb9f1c7fcac4708400e3,SINAPI_Referência_2026_05.xlsx!CSD!S7762,0ee3bb4470f67f4f68f10fefe7f1f9f89898330d16ab272a2c153567b82b3284,cpu_hierarquica_v1,0.0,ok,,54.81,0.0,SINAPI_Referência_2026_05.xlsx!Analítico!B47862,revestimentos_forros,Revestimentos e forros,revestimentos_forros,54.83602786856,0.7201117534481434,13,0.27801494368888796,3,0.0011747839970176835,1,0.0006985188659509277,1,1.1827265279999999,0.0,18,0,0.04748744491881033,3a2bb0f2ce9db5e05f51f3a0e0cc8347cb19e07de96bb115d30978b9fb1a8943,emboco em argamassa traco # # # preparo mecanico aplicado manualmente em paredes internas de ambientes com pe direito duplo e area entre #m# e #m# e #mm com taliscas,v_8bb45ffaa009f9e8
sinapi_es,2026-05,104966,"EMBOÇO, EM ARGAMASSA TRAÇO 1:2:8, PREPARO MANUAL, APLICADO MANUALMENTE EM PAREDES INTERNAS DE AMBIENTES COM PÉ-DIREITO DUPLO E ÁREA MAIOR QUE 10M², E = 17,5MM, COM TALISCAS. AF_03/2024",M2,Massa Única Interna,54.16,sem_desoneracao,2026-06-12,928df42a952625eb12d41baf2b5ab17e1207af6e7881cb9f1c7fcac4708400e3,SINAPI_Referência_2026_05.xlsx!CSD!S7752,272cbec0094762f2b5eb2722543d8aa2e467307a8fbeaa101edbfbda21b481e7,cpu_hierarquica_v1,0.0,ok,,54.16,0.0,SINAPI_Referência_2026_05.xlsx!Analítico!B47822,revestimentos_forros,Revestimentos e forros,revestimentos_forros,54.18441690872,0.7234522326734034,10,0.27654776732659647,3,0.0,0,0.0,0,1.2321186480000001,0.0,13,0,0.04508291861153314,4fe860d93aa1fea3bfdbec1d3bbcc6fdcca807b0bbd51e6f93f8c91365dcbf3c,emboco em argamassa traco # # # preparo manual aplicado manualmente em paredes internas de ambientes com pe direito duplo e area maior que #m# e #mm com taliscas,v_24e05d145669d072
sinapi_es,2026-05,104967,"EMBOÇO, EM ARGAMASSA TRAÇO 1:2:8, PREPARO MECÂNICO, APLICADO MANUALMENTE EM PAREDES INTERNAS DE AMBIENTES COM PÉ-DIREITO DUPLO E ÁREA MENOR QUE 5M², E = 10MM, COM TALISCAS. AF_03/2024",M2,Massa Única Interna,48.9,sem_desoneracao,2026-06-12,928df42a952625eb12d41baf2b5ab17e1207af6e7881cb9f1c7fcac4708400e3,SINAPI_Referência_2026_05.xlsx!CSD!S7765,b217b4b9936cecdd2145362e176c7d1cf2a473ba5f890436f83fa3ffc31b2412,cpu_hierarquica_v1,0.0,ok,,48.9,0.0,SINAPI_Referência_2026_05.xlsx!Analítico!B47874,revestimentos_forros,Revestimentos e forros,revestimentos_forros,48.92501983506,0.7998075079781318,13,0.19885259592737514,3,0.0008402744268391687,1,0.000499621667654047,1,1.174990743,0.0,18,0,0.05116530687116597,3a2bb0f2ce9db5e05f51f3a0e0cc8347cb19e07de96bb115d30978b9fb1a8943,emboco em argamassa traco # # # preparo mecanico aplicado manualmente em paredes internas de ambientes com pe direito duplo e area menor que #m# e #mm com taliscas,v_8bb45ffaa009f9e8
sinapi_es,2026-05,104968,"EMBOÇO, EM ARGAMASSA TRAÇO 1:2:8, PREPARO MANUAL, APLICADO MANUALMENTE EM PAREDES INTERNAS DE AMBIENTES COM PÉ-DIREITO DUPLO E ÁREA MENOR QUE 5M², E = 10MM, COM TALISCAS. AF_03/2024",M2,Massa Única Interna,51.82,sem_desoneracao,2026-06-12,928df42a952625eb12d41baf2b5ab17e1207af6e7881cb9f1c7fcac4708400e3,SINAPI_Referência_2026_05.xlsx!CSD!S7753,1fcf48c88642b1ea54edab3ac4f666923045a42c6704cd2725bfec183b5d8103,cpu_hierarquica_v1,0.0,ok,,51.82,0.0,SINAPI_Referência_2026_05.xlsx!Analítico!B47826,revestimentos_forros,Revestimentos e forros,revestimentos_forros,51.83643622712,0.8155249778726681,10,0.1844750221273321,3,0.0,0,0.0,0,1.306870488,0.0,13,0,0.03171792188343547,4fe860d93aa1fea3bfdbec1d3bbcc6fdcca807b0bbd51e6f93f8c91365dcbf3c,emboco em argamassa traco # # # preparo manual aplicado manualmente em paredes internas de ambientes com pe direito duplo e area menor que #m# e #mm com taliscas,v_24e05d145669d072
sinapi_es,2026-05,104969,"MASSA ÚNICA, EM ARGAMASSA TRAÇO 1:2:8, PREPARO MECÂNICO, APLICADA MANUALMENTE EM PAREDES INTERNAS DE AMBIENTES COM PÉ-DIREITO DUPLO E ÁREA ENTRE 5M² E 10M², E = 10MM, COM TALISCAS. AF_03/2024",M2,Massa Única Interna,42.68,sem_desoneracao,2026-06-12,928df42a952625eb12d41baf2b5ab17e1207af6e7881cb9f1c7fcac4708400e3,SINAPI_Referência_2026_05.xlsx!CSD!S7786,c1fdcb2550d6a8c68add014da2d00f4edfda6bc2da3011c62dac0e79999f5a19,cpu_hierarquica_v1,0.0,ok,,42.68,0.0,SINAPI_Referência_2026_05.xlsx!Analítico!B47958,revestimentos_forros,Revestimentos e forros,revestimentos_forros,42.70281460866,0.7706375625878833,13,0.22782730574454957,3,0.0009627103828341782,1,0.0005724212847328998,1,0.9872941829999999,0.0,18,0,0.05345503434863913,3a2bb0f2ce9db5e05f51f3a0e0cc8347cb19e07de96bb115d30978b9fb1a8943,massa unica em argamassa traco # # # preparo mecanico aplicada manualmente em paredes internas de ambientes com pe direito duplo e area entre #m# e #m# e #mm com taliscas,v_8bb45ffaa009f9e8
sinapi_es,2026-05,104970,"MASSA ÚNICA, EM ARGAMASSA TRAÇO 1:2:8, PREPARO MANUAL, APLICADA MANUALMENTE EM PAREDES INTERNAS DE AMBIENTES COM PÉ-DIREITO DUPLO E ÁREA ENTRE 5M² E 10M², E = 10MM, COM TALISCAS. AF_03/2024",M2,Massa Única Interna,45.6,sem_desoneracao,2026-06-12,928df42a952625eb12d41baf2b5ab17e1207af6e7881cb9f1c7fcac4708400e3,SINAPI_Referência_2026_05.xlsx!CSD!S7779,27b3cddbcbd651f7834e0982b10c2ea97cf43838c4c0f0b63ff4a17031298977,cpu_hierarquica_v1,0.0,ok,,45.6,0.0,SINAPI_Referência_2026_05.xlsx!Analítico!B47930,revestimentos_forros,Revestimentos e forros,revestimentos_forros,45.61423100072,0.7903608696187587,10,0.20963913038124135,3,0.0,0,0.0,0,1.119173928,0.0,13,0,0.031208334912270347,4fe860d93aa1fea3bfdbec1d3bbcc6fdcca807b0bbd51e6f93f8c91365dcbf3c,massa unica em argamassa traco # # # preparo manual aplicada manualmente em paredes internas de ambientes com pe direito duplo e area entre #m# e #m# e #mm com taliscas,v_24e05d145669d072
sinapi_es,2026-05,104971,"EMBOÇO, EM ARGAMASSA TRAÇO 1:2:8, PREPARO MECÂNICO, APLICADO MANUALMENTE EM PAREDES INTERNAS DE AMBIENTES COM PÉ-DIREITO DUPLO E ÁREA ENTRE 5M² E 10M², E = 10MM, COM TALISCAS. AF_03/2024",M2,Massa Única Interna,40.15,sem_desoneracao,2026-06-12,928df42a952625eb12d41baf2b5ab17e1207af6e7881cb9f1c7fcac4708400e3,SINAPI_Referência_2026_05.xlsx!CSD!S7761,d59cfbad6a9530cef5d478b1657dcb07f2dbba2c5c1e6d273093a67aca2f3a61,cpu_hierarquica_v1,0.0,ok,,40.15,0.0,SINAPI_Referência_2026_05.xlsx!Analítico!B47858,revestimentos_forros,Revestimentos e forros,revestimentos_forros,40.173886645859994,0.756199301069882,13,0.24216893141959867,3,0.0010233125652590182,1,0.000608454945260294,1,0.9110105430000001,0.0,18,0,0.059493513972592234,3a2bb0f2ce9db5e05f51f3a0e0cc8347cb19e07de96bb115d30978b9fb1a8943,emboco em argamassa traco # # # preparo mecanico aplicado manualmente em paredes internas de ambientes com pe direito duplo e area entre #m# e #m# e #mm com taliscas,v_8bb45ffaa009f9e8
sinapi_es,2026-05,104972,"EMBOÇO, EM ARGAMASSA TRAÇO 1:2:8, PREPARO MANUAL, APLICADO MANUALMENTE EM PAREDES INTERNAS DE AMBIENTES COM PÉ-DIREITO DUPLO E ÁREA ENTRE 5M² E 10M², E = 10MM, COM TALISCAS. AF_03/2024",M2,Massa Única Interna,43.07,sem_desoneracao,2026-06-12,928df42a952625eb12d41baf2b5ab17e1207af6e7881cb9f1c7fcac4708400e3,SINAPI_Referência_2026_05.xlsx!CSD!S7749,b0fb5cd1cb059c54e308167516459bfe24a3afd7482bd260d4463f060276f7df,cpu_hierarquica_v1,0.0,ok,,43.07,0.0,SINAPI_Referência_2026_05.xlsx!Analítico!B47810,revestimentos_forros,Revestimentos e forros,revestimentos_forros,43.08530303792,0.7780559252053101,10,0.22194407479469,3,0.0,0,0.0,0,1.0428902880000002,0.0,13,0,0.03553061973531225,4fe860d93aa1fea3bfdbec1d3bbcc6fdcca807b0bbd51e6f93f8c91365dcbf3c,emboco em argamassa traco # # # preparo manual aplicado manualmente em paredes internas de ambientes com pe direito duplo e area entre #m# e #m# e #mm com taliscas,v_24e05d145669d072
sinapi_es,2026-05,104973,"MASSA ÚNICA, EM ARGAMASSA TRAÇO 1:2:8, PREPARO MECÂNICO, APLICADA MANUALMENTE EM PAREDES INTERNAS DE AMBIENTES COM PÉ-DIREITO DUPLO ÁREA MAIOR QUE 10M², E = 10MM, COM TALISCAS. AF_03/2024",M2,Massa Única Interna,36.24,sem_desoneracao,2026-06-12,928df42a952625eb12d41baf2b5ab17e1207af6e7881cb9f1c7fcac4708400e3,SINAPI_Referência_2026_05.xlsx!CSD!S7789,d9fe80bbf79031e583baed1285a9fb2b51ecb97471e8f70b7a42eae14c9fcb7d,cpu_hierarquica_v1,0.0,ok,,36.24,0.0,SINAPI_Referência_2026_05.xlsx!Analítico!B47970,revestimentos_forros,Revestimentos e forros,revestimentos_forros,36.26369682386,0.7299111094333968,13,0.2682811751723782,3,0.0011336528429432226,1,0.0006740625512817785,1,0.7930619430000001,0.0,18,0,0.06538858681015434,3a2bb0f2ce9db5e05f51f3a0e0cc8347cb19e07de96bb115d30978b9fb1a8943,massa unica em argamassa traco # # # preparo mecanico aplicada manualmente em paredes internas de ambientes com pe direito duplo area maior que #m# e #mm com taliscas,v_8bb45ffaa009f9e8
sinapi_es,2026-05,104974,"MASSA ÚNICA, EM ARGAMASSA TRAÇO 1:2:8, PREPARO MANUAL, APLICADA MANUALMENTE EM PAREDES INTERNAS DE AMBIENTES COM PÉ-DIREITO DUPLO ÁREA MAIOR QUE 10M², E = 10MM, COM TALISCAS. AF_03/2024",M2,Massa Única Interna,39.16,sem_desoneracao,2026-06-12,928df42a952625eb12d41baf2b5ab17e1207af6e7881cb9f1c7fcac4708400e3,SINAPI_Referência_2026_05.xlsx!CSD!S7782,7594177991f51f47f14e8a1b07afaaf89ac27bec4f3d84c979fe6bf5948a5027,cpu_hierarquica_v1,0.0,ok,,39.16,0.0,SINAPI_Referência_2026_05.xlsx!Analítico!B47942,revestimentos_forros,Revestimentos e forros,revestimentos_forros,39.17511321592,0.7559029972091064,10,0.2440970027908937,3,0.0,0,0.0,0,0.924941688,0.0,13,0,0.03859350337079454,4fe860d93aa1fea3bfdbec1d3bbcc6fdcca807b0bbd51e6f93f8c91365dcbf3c,massa unica em argamassa traco # # # preparo manual aplicada manualmente em paredes internas de ambientes com pe direito duplo area maior que #m# e #mm com taliscas,v_24e05d145669d072
sinapi_es,2026-05,104975,"EMBOÇO, EM ARGAMASSA TRAÇO 1:2:8, PREPARO MECÂNICO, APLICADO MANUALMENTE EM PAREDES INTERNAS DE AMBIENTES COM PÉ-DIREITO DUPLO E ÁREA MAIOR QUE 10M², E = 10MM, COM TALISCAS. AF_03/2024",M2,Massa Única Interna,34.94,sem_desoneracao,2026-06-12,928df42a952625eb12d41baf2b5ab17e1207af6e7881cb9f1c7fcac4708400e3,SINAPI_Referência_2026_05.xlsx!CSD!S7763,201e21f5492be011f47bc20d9374fa7e99199ff0171eb0cfbde8ac82825b49dd,cpu_hierarquica_v1,0.0,ok,,34.94,0.0,SINAPI_Referência_2026_05.xlsx!Analítico!B47866,revestimentos_forros,Revestimentos e forros,revestimentos_forros,34.96368566226,0.719868730727889,13,0.2782563398486732,3,0.0011758040441478643,1,0.0006991253792898897,1,0.753847863,0.0,18,0,0.0677895313680599,3a2bb0f2ce9db5e05f51f3a0e0cc8347cb19e07de96bb115d30978b9fb1a8943,emboco em argamassa traco # # # preparo mecanico aplicado manualmente em paredes internas de ambientes com pe direito duplo e area maior que #m# e #mm com taliscas,v_8bb45ffaa009f9e8
sinapi_es,2026-05,104976,"EMBOÇO, EM ARGAMASSA TRAÇO 1:2:8, PREPARO MANUAL, APLICADO MANUALMENTE EM PAREDES INTERNAS DE AMBIENTES COM PÉ-DIREITO DUPLO E ÁREA MAIOR QUE 10M², E = 10MM, COM TALISCAS. AF_03/2024",M2,Massa Única Interna,37.86,sem_desoneracao,2026-06-12,928df42a952625eb12d41baf2b5ab17e1207af6e7881cb9f1c7fcac4708400e3,SINAPI_Referência_2026_05.xlsx!CSD!S7751,15388740802935aeb74e6e8db2f2fbbeceef611aa6a3884c42ae931c04ecef1e,cpu_hierarquica_v1,0.0,ok,,37.86,0.0,SINAPI_Referência_2026_05.xlsx!Analítico!B47818,revestimentos_forros,Revestimentos e forros,revestimentos_forros,37.875102054319996,0.7475247008896362,10,0.2524752991103639,3,0.0,0,0.0,0,0.885727608,0.0,13,0,0.03988920845218232,4fe860d93aa1fea3bfdbec1d3bbcc6fdcca807b0bbd51e6f93f8c91365dcbf3c,emboco em argamassa traco # # # preparo manual aplicado manualmente em paredes internas de ambientes com pe direito duplo e area maior que #m# e #mm com taliscas,v_24e05d145669d072
sinapi_es,2026-05,104977,"MASSA ÚNICA, EM ARGAMASSA TRAÇO 1:2:8, PREPARO MECÂNICO, APLICADA MANUALMENTE EM TETO DE AMBIENTES COM PAREDES EM PÉ-DIREITO DUPLO, E = 17,5MM, COM TALISCAS. AF_03/2024",M2,Massa Única Interna,60.3,sem_desoneracao,2026-06-12,928df42a952625eb12d41baf2b5ab17e1207af6e7881cb9f1c7fcac4708400e3,SINAPI_Referência_2026_05.xlsx!CSD!S7794,353f47faf6da2246b59d36d9f0b0d3cd36b8c621bfc9bb1ab60f2464bac30b35,cpu_hierarquica_v1,0.0,ok,,60.3,0.0,SINAPI_Referência_2026_05.xlsx!Analítico!B47990,revestimentos_forros,Revestimentos e forros,revestimentos_forros,60.32697681655999,0.7455871237395254,13,0.2527100810365011,3,0.001067855400675678,1,0.0006349398232978484,1,1.348365168,0.0,18,0,0.044737672570471274,3a2bb0f2ce9db5e05f51f3a0e0cc8347cb19e07de96bb115d30978b9fb1a8943,massa unica em argamassa traco # # # preparo mecanico aplicada manualmente em teto de ambientes com paredes em pe direito duplo e #mm com taliscas,v_8bb45ffaa009f9e8
sinapi_es,2026-05,104978,"MASSA ÚNICA, EM ARGAMASSA TRAÇO 1:2:8, PREPARO MECÂNICO, APLICADA MANUALMENTE EM TETO DE AMBIENTES COM PAREDES EM PÉ-DIREITO DUPLO, E = 10MM, COM TALISCAS. AF_03/2024",M2,Massa Única Interna,45.87,sem_desoneracao,2026-06-12,928df42a952625eb12d41baf2b5ab17e1207af6e7881cb9f1c7fcac4708400e3,SINAPI_Referência_2026_05.xlsx!CSD!S7793,1699e05fa7ff67a05f55b859faaba5a9831d8f3a79efa1200939c68b77dc1870,cpu_hierarquica_v1,0.0,ok,,45.87,0.0,SINAPI_Referência_2026_05.xlsx!Analítico!B47986,revestimentos_forros,Revestimentos e forros,revestimentos_forros,45.88827501226,0.7865593849325732,13,0.21201204877282337,3,0.0008958812025297639,1,0.0005326850920735042,1,1.083389103,0.0,18,0,0.03984088131677675,3a2bb0f2ce9db5e05f51f3a0e0cc8347cb19e07de96bb115d30978b9fb1a8943,massa unica em argamassa traco # # # preparo mecanico aplicada manualmente em teto de ambientes com paredes em pe direito duplo e #mm com taliscas,v_8bb45ffaa009f9e8
sinapi_es,2026-05,105185,REVESTIMENTO DECORATIVO MONOCAMADA EXECUTADO MANUALMENTE EM FACHADA DE UM EDIFÍCIO DE ESTRUTURA CONVENCIONAL E ACABAMENTO CHAPISCADO/FLOCADO. AF_03/2024,M2,Monocapa,200.01,sem_desoneracao,2026-06-12,928df42a952625eb12d41baf2b5ab17e1207af6e7881cb9f1c7fcac4708400e3,SINAPI_Referência_2026_05.xlsx!CSD!S7917,fe3fb22f7947d9f9764c258bdabba0c398b9d7eb74aede246836d79f7bffa89f,cpu_hierarquica_v1,0.0035,ok,,200.01,0.0,SINAPI_Referência_2026_05.xlsx!Analítico!B48592,revestimentos_forros,Revestimentos e forros,revestimentos_forros,200.06454724155498,0.1813918593766615,13,0.8137785633924822,3,0.004374587016672457,3,0.0004549902141836997,1,1.0866996551800001,0.0,20,1,0.027272257164634394,ecb4b631dc5f3b02c6491c281bcf0ea0d1021f3d754753fe4e5e20928d09119a,revestimento decorativo monocamada executado manualmente em fachada de # edificio de estrutura convencional e acabamento chapiscado flocado,v_691ea7b2a67bd1a9
sinapi_es,2026-05,105186,REVESTIMENTO DECORATIVO MONOCAMADA EXECUTADO MANUALMENTE EM FACHADA DE UM EDIFÍCIO DE ALVENARIA ESTRUTURAL E ACABAMENTO CHAPISCADO/FLOCADO. AF_03/2024,M2,Monocapa,149.07,sem_desoneracao,2026-06-12,928df42a952625eb12d41baf2b5ab17e1207af6e7881cb9f1c7fcac4708400e3,SINAPI_Referência_2026_05.xlsx!CSD!S7914,2ba7a9a96665e4c768a8ffcf72b72ea4cc051b47e2c97f5a067a80eb2ccc4071,cpu_hierarquica_v1,0.0047,ok,,149.07,0.0,SINAPI_Referência_2026_05.xlsx!Analítico!B48573,revestimentos_forros,Revestimentos e forros,revestimentos_forros,149.1062571750008,0.21019712760192175,13,0.7837991527265991,3,0.005564626179090163,3,0.0004390934923888425,1,0.9396722803300002,0.0,20,1,0.024322247937746514,ecb4b631dc5f3b02c6491c281bcf0ea0d1021f3d754753fe4e5e20928d09119a,revestimento decorativo monocamada executado manualmente em fachada de # edificio de alvenaria estrutural e acabamento chapiscado flocado,v_691ea7b2a67bd1a9
sinapi_es,2026-05,105187,REVESTIMENTO DECORATIVO MONOCAMADA EXECUTADO COM EQUIPAMENTO DE PROJEÇÃO EM FACHADA DE UM EDIFÍCIO DE ESTRUTURA CONVENCIONAL E ACABAMENTO CHAPISCADO/FLOCADO. AF_03/2024,M2,Monocapa,192.43,sem_desoneracao,2026-06-12,928df42a952625eb12d41baf2b5ab17e1207af6e7881cb9f1c7fcac4708400e3,SINAPI_Referência_2026_05.xlsx!CSD!S7911,8b06197ed112dfcb9f633e2eef600e5b857b43562043d85d94eecbbab591b01f,cpu_hierarquica_v1,0.0036,ok,,192.43,0.0,SINAPI_Referência_2026_05.xlsx!Analítico!B48557,revestimentos_forros,Revestimentos e forros,revestimentos_forros,192.4711256040825,0.14896600060116158,10,0.8388043749071087,3,0.012100330251246167,3,0.00012929424048358222,1,0.8091240182,0.0,17,1,0.021371721707883908,36bcfc3ac0734e1bea729f8cc52a71704225fabe1b0fb9c72fad177daf21c05d,revestimento decorativo monocamada executado com equipamento de projecao em fachada de # edificio de estrutura convencional e acabamento chapiscado flocado,v_ef213c5110223ba7
sinapi_es,2026-05,105188,REVESTIMENTO DECORATIVO MONOCAMADA EXECUTADO COM EQUIPAMENTO DE PROJEÇÃO EM FACHADA DE UM EDIFÍCIO DE ALVENARIA ESTRUTURAL E ACABAMENTO CHAPISCADO/FLOCADO. AF_03/2024,M2,Monocapa,141.71,sem_desoneracao,2026-06-12,928df42a952625eb12d41baf2b5ab17e1207af6e7881cb9f1c7fcac4708400e3,SINAPI_Referência_2026_05.xlsx!CSD!S7908,cdbb7bb7ab48ea7cd9713cec43bd34bea5a93c8dac9dcccd56e087a14cc05225,cpu_hierarquica_v1,0.0049,ok,,141.71,0.0,SINAPI_Referência_2026_05.xlsx!Analítico!B48541,revestimentos_forros,Revestimentos e forros,revestimentos_forros,141.7398843526074,0.1675641412297787,10,0.8190636966458367,3,0.013245654827712856,3,0.00012650729667164533,1,0.66998811284,0.0,17,1,0.021088386569319332,36bcfc3ac0734e1bea729f8cc52a71704225fabe1b0fb9c72fad177daf21c05d,revestimento decorativo monocamada executado com equipamento de projecao em fachada de # edificio de alvenaria estrutural e acabamento chapiscado flocado,v_ef213c5110223ba7
sinapi_es,2026-05,105816,"ESTUCAMENTO DE DENSIDADE ALTA NAS FACES INTERNAS DE PAREDES DO SISTEMA DE PAREDES DE CONCRETO, EM AMBIENTES COM ÁREA MAIOR OU IGUAL A 10 M², UTILIZAÇÃO DE ARGAMASSA POLIMÉRICA. AF_12/2024",M2,Paredes de Concreto - Estucamento,11.46,sem_desoneracao,2026-06-12,928df42a952625eb12d41baf2b5ab17e1207af6e7881cb9f1c7fcac4708400e3,SINAPI_Referência_2026_05.xlsx!CSD!S8003,6696ed545b315748a85b2a50385d5ac6ea1d6e09f77b17382ad43242ad051d07,cpu_hierarquica_v1,0.0,ok,,11.46,0.0,SINAPI_Referência_2026_05.xlsx!Analítico!B49031,revestimentos_forros,Revestimentos e forros,revestimentos_forros,11.472299708,0.4237990491661936,10,0.5762009508338065,1,0.0,0,0.0,0,0.1419468,0.0,11,0,0.10732729493890653,cbc000f3b118cadef7bb47b1ac1c28b4fd810ebc04793f501e2bab37e385719f,estucamento de densidade alta nas faces internas de paredes do sistema de paredes de concreto em ambientes com area maior ou igual a # m# utilizacao de argamassa polimerica,v_1e6535e511c39a71
sinapi_es,2026-05,105817,"ESTUCAMENTO DE DENSIDADE ALTA NAS FACES INTERNAS DE PAREDES DO SISTEMA DE PAREDES DE CONCRETO, EM AMBIENTES COM ÁREA MAIOR OU IGUAL A 10 M², UTILIZAÇÃO DE ARGAMASSA TRAÇO 1:1:6 (CIM:CAL:AREIA). AF_12/2024",M2,Paredes de Concreto - Estucamento,5.56,sem_desoneracao,2026-06-12,928df42a952625eb12d41baf2b5ab17e1207af6e7881cb9f1c7fcac4708400e3,SINAPI_Referência_2026_05.xlsx!CSD!S8004,a96f8e15f787f6c27c766a9c3ec262d867871234574bc63d83d2d39807cbf46f,cpu_hierarquica_v1,0.0,ok,,5.56,0.0,SINAPI_Referência_2026_05.xlsx!Analítico!B49035,revestimentos_forros,Revestimentos e forros,revestimentos_forros,5.5764510387262325,0.9077346944770515,13,0.09150713619401898,3,0.0004759511243635434,1,0.0002822182045660855,1,0.14763302711484,0.0,18,0,0.2958819914790087,3a2bb0f2ce9db5e05f51f3a0e0cc8347cb19e07de96bb115d30978b9fb1a8943,estucamento de densidade alta nas faces internas de paredes do sistema de paredes de concreto em ambientes com area maior ou igual a # m# utilizacao de argamassa traco # # # cim cal areia,v_8bb45ffaa009f9e8
sinapi_es,2026-05,105818,"ESTUCAMENTO DE DENSIDADE ALTA NAS FACES INTERNAS DE PAREDES DO SISTEMA DE PAREDES DE CONCRETO, EM AMBIENTES COM ÁREA ENTRE 5 M² E 10 M², UTILIZAÇÃO DE ARGAMASSA POLIMÉRICA. AF_12/2024",M2,Paredes de Concreto - Estucamento,12.51,sem_desoneracao,2026-06-12,928df42a952625eb12d41baf2b5ab17e1207af6e7881cb9f1c7fcac4708400e3,SINAPI_Referência_2026_05.xlsx!CSD!S8000,913ad5f4d272f34c3fbe05517f35fb8cbaa5bc610fb8b4c72d787b7ee77c5af0,cpu_hierarquica_v1,0.0,ok,,12.51,0.0,SINAPI_Referência_2026_05.xlsx!Analítico!B49019,revestimentos_forros,Revestimentos e forros,revestimentos_forros,12.524538148000001,0.472208082894012,10,0.5277919171059879,1,0.0,0,0.0,0,0.1725828,0.0,11,0,0.11621221422862932,cbc000f3b118cadef7bb47b1ac1c28b4fd810ebc04793f501e2bab37e385719f,estucamento de densidade alta nas faces internas de paredes do sistema de paredes de concreto em ambientes com area entre # m# e # m# utilizacao de argamassa polimerica,v_1e6535e511c39a71
sinapi_es,2026-05,105819,"ESTUCAMENTO DE DENSIDADE ALTA NAS FACES INTERNAS DE PAREDES DO SISTEMA DE PAREDES DE CONCRETO, EM AMBIENTES COM ÁREA ENTRE 5 M² E 10 M², UTILIZAÇÃO DE ARGAMASSA TRAÇO 1:1:6 (CIM:CAL:AREIA). AF_12/2024",M2,Paredes de Concreto - Estucamento,6.61,sem_desoneracao,2026-06-12,928df42a952625eb12d41baf2b5ab17e1207af6e7881cb9f1c7fcac4708400e3,SINAPI_Referência_2026_05.xlsx!CSD!S8001,fbd2930a852ea09fa82f00fd0849288841a55bd5fb7cb031ae02a6e9c50811f3,cpu_hierarquica_v1,0.0,ok,,6.61,0.0,SINAPI_Referência_2026_05.xlsx!Analítico!B49023,revestimentos_forros,Revestimentos e forros,revestimentos_forros,6.6286894787262325,0.9223808928638021,13,0.07698128963767002,3,0.00040039862334145945,1,0.00023741887518653483,1,0.17826902711484,0.0,18,0,0.2827455177947378,3a2bb0f2ce9db5e05f51f3a0e0cc8347cb19e07de96bb115d30978b9fb1a8943,estucamento de densidade alta nas faces internas de paredes do sistema de paredes de concreto em ambientes com area entre # m# e # m# utilizacao de argamassa traco # # # cim cal areia,v_8bb45ffaa009f9e8
sinapi_es,2026-05,105820,"ESTUCAMENTO DE DENSIDADE ALTA NAS FACES INTERNAS DE PAREDES DO SISTEMA DE PAREDES DE CONCRETO, EM AMBIENTES COM ÁREA MENOR OU IGUAL A 5 M², UTILIZAÇÃO DE ARGAMASSA POLIMÉRICA. AF_12/2024",M2,Paredes de Concreto - Estucamento,18.08,sem_desoneracao,2026-06-12,928df42a952625eb12d41baf2b5ab17e1207af6e7881cb9f1c7fcac4708400e3,SINAPI_Referência_2026_05.xlsx!CSD!S8006,ac8cf2ea52d8c72e82c3e4f2c54c49d67423c4597ff694f462449ab72f06ced4,cpu_hierarquica_v1,0.0,ok,,18.08,0.0,SINAPI_Referência_2026_05.xlsx!Analítico!B49043,revestimentos_forros,Revestimentos e forros,revestimentos_forros,18.090420464,0.6345938993980478,10,0.3654061006019523,1,0.0,0,0.0,0,0.3349536,0.0,11,0,0.05763530973452843,cbc000f3b118cadef7bb47b1ac1c28b4fd810ebc04793f501e2bab37e385719f,estucamento de densidade alta nas faces internas de paredes do sistema de paredes de concreto em ambientes com area menor ou igual a # m# utilizacao de argamassa polimerica,v_1e6535e511c39a71
sinapi_es,2026-05,105821,"ESTUCAMENTO DE DENSIDADE ALTA NAS FACES INTERNAS DE PAREDES DO SISTEMA DE PAREDES DE CONCRETO, EM AMBIENTES COM ÁREA MENOR OU IGUAL A 5 M², UTILIZAÇÃO DE ARGAMASSA TRAÇO 1:1:6 (CIM:CAL:AREIA). AF_12/2024",M2,Paredes de Concreto - Estucamento,12.18,sem_desoneracao,2026-06-12,928df42a952625eb12d41baf2b5ab17e1207af6e7881cb9f1c7fcac4708400e3,SINAPI_Referência_2026_05.xlsx!CSD!S8007,4f0c4f22925dc2c833211749f9c7fc92719fd9a490d62158564778cc0adbe9fb,cpu_hierarquica_v1,0.0,ok,,12.18,0.0,SINAPI_Referência_2026_05.xlsx!Analítico!B49047,revestimentos_forros,Revestimentos e forros,revestimentos_forros,12.194571794726233,0.9578080339775153,13,0.041845263062101304,3,0.0002176475063263658,1,0.00012905545405707548,1,0.34063982711484003,0.0,18,0,0.11963706671784383,3a2bb0f2ce9db5e05f51f3a0e0cc8347cb19e07de96bb115d30978b9fb1a8943,estucamento de densidade alta nas faces internas de paredes do sistema de paredes de concreto em ambientes com area menor ou igual a # m# utilizacao de argamassa traco # # # cim cal areia,v_8bb45ffaa009f9e8
sinapi_es,2026-05,105822,"ESTUCAMENTO DE DENSIDADE ALTA DE PANOS DE FACHADA DO SISTEMA DE PAREDES DE CONCRETO EM EDIFICAÇÕES DE MÚLTIPLOS PAVIMENTOS, PAVIMENTOS SUPERIORES, UTILIZAÇÃO DE ARGAMASSA POLIMÉRICA. AF_12/2024",M2,Paredes de Concreto - Estucamento,20.96,sem_desoneracao,2026-06-12,928df42a952625eb12d41baf2b5ab17e1207af6e7881cb9f1c7fcac4708400e3,SINAPI_Referência_2026_05.xlsx!CSD!S7991,3fa5f9009e06708492d859144d9d825fc644116f590dfd300766a0c2549ed1e4,cpu_hierarquica_v1,0.0,ok,,20.96,0.0,SINAPI_Referência_2026_05.xlsx!Analítico!B48983,revestimentos_forros,Revestimentos e forros,revestimentos_forros,20.970179704000003,0.6847738029283985,10,0.3152261970716014,1,0.0,0,0.0,0,0.4227768,0.0,11,0,0.048567290076346525,cbc000f3b118cadef7bb47b1ac1c28b4fd810ebc04793f501e2bab37e385719f,estucamento de densidade alta de panos de fachada do sistema de paredes de concreto em edificacoes de multiplos pavimentos pavimentos superiores utilizacao de argamassa polimerica,v_1e6535e511c39a71
sinapi_es,2026-05,105823,"ESTUCAMENTO DE DENSIDADE ALTA DE PANOS DE FACHADA DO SISTEMA DE PAREDES DE CONCRETO EM EDIFICAÇÕES DE MÚLTIPLOS PAVIMENTOS, PAVIMENTOS SUPERIORES, UTILIZAÇÃO DE ARGAMASSA TRAÇO 1:0,5:4,5 (CIM:CAL:AREIA). AF_12/2024",M2,Paredes de Concreto - Estucamento,15.0,sem_desoneracao,2026-06-12,928df42a952625eb12d41baf2b5ab17e1207af6e7881cb9f1c7fcac4708400e3,SINAPI_Referência_2026_05.xlsx!CSD!S7992,e6c95970243e27df9970dcf6bb6594320b6e718261fb9a90a0a50e115db4a7a5,cpu_hierarquica_v1,0.0,ok,,15.0,0.0,SINAPI_Referência_2026_05.xlsx!Analítico!B48987,revestimentos_forros,Revestimentos e forros,revestimentos_forros,15.010933241844572,0.9666426679484326,13,0.03314580732349324,3,0.00013289324121162162,1,7.863148686250227e-05,1,0.42705249015612,0.0,18,0,0.07288827896381633,3a2bb0f2ce9db5e05f51f3a0e0cc8347cb19e07de96bb115d30978b9fb1a8943,estucamento de densidade alta de panos de fachada do sistema de paredes de concreto em edificacoes de multiplos pavimentos pavimentos superiores utilizacao de argamassa traco # # # cim cal areia,v_8bb45ffaa009f9e8
sinapi_es,2026-05,105824,"ESTUCAMENTO DE DENSIDADE ALTA DE PANOS DE FACHADA DO SISTEMA DE PAREDES DE CONCRETO EM EDIFICAÇÕES DE MÚLTIPLOS PAVIMENTOS, PAVIMENTO TÉRREO, UTILIZAÇÃO DE ARGAMASSA POLIMÉRICA. AF_12/2024",M2,Paredes de Concreto - Estucamento,14.24,sem_desoneracao,2026-06-12,928df42a952625eb12d41baf2b5ab17e1207af6e7881cb9f1c7fcac4708400e3,SINAPI_Referência_2026_05.xlsx!CSD!S7988,f9e3a9e6a207177ec1ff7c7226c7163c39aaa2a08a3c0c887e9eef6dfc5c8bbb,cpu_hierarquica_v1,0.0,ok,,14.24,0.0,SINAPI_Referência_2026_05.xlsx!Analítico!B48971,revestimentos_forros,Revestimentos e forros,revestimentos_forros,14.243794528,0.5359136930116772,10,0.46408630698832276,1,0.0,0,0.0,0,0.224664,0.0,11,0,0.026646966292136524,cbc000f3b118cadef7bb47b1ac1c28b4fd810ebc04793f501e2bab37e385719f,estucamento de densidade alta de panos de fachada do sistema de paredes de concreto em edificacoes de multiplos pavimentos pavimento terreo utilizacao de argamassa polimerica,v_1e6535e511c39a71
sinapi_es,2026-05,105825,"ESTUCAMENTO DE DENSIDADE ALTA DE PANOS DE FACHADA DO SISTEMA DE PAREDES DE CONCRETO EM EDIFICAÇÕES DE MÚLTIPLOS PAVIMENTOS, PAVIMENTO TÉRREO, UTILIZAÇÃO DE ARGAMASSA TRAÇO 1:0,5:4,5 (CIM:CAL:AREIA). AF_12/2024",M2,Paredes de Concreto - Estucamento,8.28,sem_desoneracao,2026-06-12,928df42a952625eb12d41baf2b5ab17e1207af6e7881cb9f1c7fcac4708400e3,SINAPI_Referência_2026_05.xlsx!CSD!S7989,0ff67dcdc31cfcdaab307514d03df8ba03737f6f7dc324052d1f29f40c534004,cpu_hierarquica_v1,0.0,ok,,8.28,0.0,SINAPI_Referência_2026_05.xlsx!Analítico!B48975,revestimentos_forros,Revestimentos e forros,revestimentos_forros,8.28454806584457,0.9395592034022349,13,0.06005753084242347,3,0.0002407918399730637,1,0.00014247391536857128,1,0.22893969015612,0.0,18,0,0.05492833145616497,3a2bb0f2ce9db5e05f51f3a0e0cc8347cb19e07de96bb115d30978b9fb1a8943,estucamento de densidade alta de panos de fachada do sistema de paredes de concreto em edificacoes de multiplos pavimentos pavimento terreo utilizacao de argamassa traco # # # cim cal areia,v_8bb45ffaa009f9e8
sinapi_es,2026-05,105826,"ESTUCAMENTO DE DENSIDADE ALTA DE PANOS DE FACHADA DO SISTEMA DE PAREDES DE CONCRETO EM UNIDADES HABITACIONAIS DE DOIS PAVIMENTOS (SOBRADO), ACESSO COM ANDAIME FACHADEIRO, UTILIZAÇÃO DE ARGAMASSA POLIMÉRICA. AF_12/2024",M2,Paredes de Concreto - Estucamento,18.94,sem_desoneracao,2026-06-12,928df42a952625eb12d41baf2b5ab17e1207af6e7881cb9f1c7fcac4708400e3,SINAPI_Referência_2026_05.xlsx!CSD!S7994,5c499ac453c9a371bb1d98a1bff6bd893194effc194ea2ac1b2876286f837a20,cpu_hierarquica_v1,0.0,ok,,18.94,0.0,SINAPI_Referência_2026_05.xlsx!Analítico!B48995,revestimentos_forros,Revestimentos e forros,revestimentos_forros,18.960255200000002,0.6513575407993452,10,0.3486424592006546,1,0.0,0,0.0,0,0.3635472,0.0,11,0,0.1069440337909247,cbc000f3b118cadef7bb47b1ac1c28b4fd810ebc04793f501e2bab37e385719f,estucamento de densidade alta de panos de fachada do sistema de paredes de concreto em unidades habitacionais de # pavimentos sobrado acesso com andaime fachadeiro utilizacao de argamassa polimerica,v_1e6535e511c39a71
sinapi_es,2026-05,105827,"ESTUCAMENTO DE DENSIDADE ALTA DE PANOS DE FACHADA DO SISTEMA DE PAREDES DE CONCRETO EM UNIDADES HABITACIONAIS DE DOIS PAVIMENTOS (SOBRADO), ACESSO COM ANDAIME FACHADEIRO, UTILIZAÇÃO DE ARGAMASSA TRAÇO 1:0,5:4,5 (CIM:CAL:AREIA). AF_12/2024",M2,Paredes de Concreto - Estucamento,12.98,sem_desoneracao,2026-06-12,928df42a952625eb12d41baf2b5ab17e1207af6e7881cb9f1c7fcac4708400e3,SINAPI_Referência_2026_05.xlsx!CSD!S7995,e1d7098dacd3c1cf204323a7e9e2e0a9d5c8c99f002cdfc2b76c9dcc1d10e2b5,cpu_hierarquica_v1,0.0,ok,,12.98,0.0,SINAPI_Referência_2026_05.xlsx!Analítico!B48999,revestimentos_forros,Revestimentos e forros,revestimentos_forros,13.001008737844572,0.9614857050980541,13,0.03827006896254793,3,0.00015343821486045128,1,9.07877245374182e-05,1,0.36782289015612,0.0,18,0,0.1618546829319827,3a2bb0f2ce9db5e05f51f3a0e0cc8347cb19e07de96bb115d30978b9fb1a8943,estucamento de densidade alta de panos de fachada do sistema de paredes de concreto em unidades habitacionais de # pavimentos sobrado acesso com andaime fachadeiro utilizacao de argamassa traco # # # cim cal areia,v_8bb45ffaa009f9e8
sinapi_es,2026-05,105828,"ESTUCAMENTO DE DENSIDADE ALTA DE PANOS DE FACHADA DO SISTEMA DE PAREDES DE CONCRETO EM UNIDADES HABITACIONAIS DE PAVIMENTO ÚNICO, UTILIZAÇÃO DE ARGAMASSA POLIMÉRICA. AF_12/2024",M2,Paredes de Concreto - Estucamento,12.19,sem_desoneracao,2026-06-12,928df42a952625eb12d41baf2b5ab17e1207af6e7881cb9f1c7fcac4708400e3,SINAPI_Referência_2026_05.xlsx!CSD!S7997,fbf4d11b26e552c857e290555883662f6385c62d45c6e8b8ec510f619c5f469c,cpu_hierarquica_v1,0.0,ok,,12.19,0.0,SINAPI_Referência_2026_05.xlsx!Analítico!B49007,revestimentos_forros,Revestimentos e forros,revestimentos_forros,12.197575252,0.45806032236479777,10,0.5419396776352022,1,0.0,0,0.0,0,0.1644132,0.0,11,0,0.06214316652994694,cbc000f3b118cadef7bb47b1ac1c28b4fd810ebc04793f501e2bab37e385719f,estucamento de densidade alta de panos de fachada do sistema de paredes de concreto em unidades habitacionais de pavimento unico utilizacao de argamassa polimerica,v_1e6535e511c39a71
sinapi_es,2026-05,105829,"ESTUCAMENTO DE DENSIDADE ALTA DE PANOS DE FACHADA DO SISTEMA DE PAREDES DE CONCRETO EM UNIDADES HABITACIONAIS DE PAVIMENTO ÚNICO, UTILIZAÇÃO DE ARGAMASSA TRAÇO 1:0,5:4,5 (CIM:CAL:AREIA). AF_12/2024",M2,Paredes de Concreto - Estucamento,6.23,sem_desoneracao,2026-06-12,928df42a952625eb12d41baf2b5ab17e1207af6e7881cb9f1c7fcac4708400e3,SINAPI_Referência_2026_05.xlsx!CSD!S7998,5070058dd13db979de7f330b22f3436e235806d71d3012f593ddb3833d8d63fe,cpu_hierarquica_v1,0.0,ok,,6.23,0.0,SINAPI_Referência_2026_05.xlsx!Analítico!B49011,revestimentos_forros,Revestimentos e forros,revestimentos_forros,6.238328789844571,0.9197341625585277,13,0.07975685760422968,3,0.0003197733943371879,1,0.00018920644290526536,1,0.16868889015612,0.0,18,0,0.13368844052280496,3a2bb0f2ce9db5e05f51f3a0e0cc8347cb19e07de96bb115d30978b9fb1a8943,estucamento de densidade alta de panos de fachada do sistema de paredes de concreto em unidades habitacionais de pavimento unico utilizacao de argamassa traco # # # cim cal areia,v_8bb45ffaa009f9e8
sinapi_es,2026-05,106788,"PISO CIMENTADO, TRAÇO 1:3 (CIMENTO E AREIA), ACABAMENTO LISO, ESPESSURA 1,5 CM, PREPARO MECÂNICO DA ARGAMASSA. AF_02/2026",M2,Pisos,34.17,sem_desoneracao,2026-06-12,928df42a952625eb12d41baf2b5ab17e1207af6e7881cb9f1c7fcac4708400e3,SINAPI_Referência_2026_05.xlsx!CSD!S8420,5d6b24ed1e4687fb576b61ec5e4053c006a47763a9fed4eeb795e90654acdcf1,cpu_hierarquica_v1,0.0407,ok,,34.17,0.0,SINAPI_Referência_2026_05.xlsx!Analítico!B52718,pisos,Pisos e acabamentos de borda,pisos,34.190933734229205,0.631977838041232,13,0.3659557880828983,3,0.0012963802803556059,1,0.0007699935955139983,1,0.64600872126,0.0,18,1,0.061263489110925023,a93453389ca706870c20347e4545f176eeef6a1f5a31c60d3f594dd00baa6c54,piso cimentado traco # # cimento e areia acabamento liso espessura # cm preparo mecanico da argamassa,v_8ef16f32e3aa1ae0
sinapi_es,2026-05,106789,"PISO CIMENTADO, TRAÇO 1:3 (CIMENTO E AREIA), ACABAMENTO RUGOSO, ESPESSURA 1,5 CM, PREPARO MECÂNICO DA ARGAMASSA. AF_02/2026",M2,Pisos,31.88,sem_desoneracao,2026-06-12,928df42a952625eb12d41baf2b5ab17e1207af6e7881cb9f1c7fcac4708400e3,SINAPI_Referência_2026_05.xlsx!CSD!S8421,84ed323d43455fe2692457eded5007886a7f2c769eac39491a753d26830e6691,cpu_hierarquica_v1,0.0436,ok,,31.88,0.0,SINAPI_Referência_2026_05.xlsx!Analítico!B52723,pisos,Pisos e acabamentos de borda,pisos,31.9034995278936,0.6055911878488903,13,0.3921942822937117,3,0.001389328848430769,1,0.0008252010089671251,1,0.5770096072199999,0.0,18,1,0.0737124463412857,a93453389ca706870c20347e4545f176eeef6a1f5a31c60d3f594dd00baa6c54,piso cimentado traco # # cimento e areia acabamento rugoso espessura # cm preparo mecanico da argamassa,v_8ef16f32e3aa1ae0
sinapi_es,2026-05,106790,"PISO VINÍLICO SEMI-FLEXÍVEL EM RÉGUAS, PADRÃO LISO, ESPESSURA 4,0 MM, FIXADO COM COLA. AF_02/2026",M2,Pisos,191.66,sem_desoneracao,2026-06-12,928df42a952625eb12d41baf2b5ab17e1207af6e7881cb9f1c7fcac4708400e3,SINAPI_Referência_2026_05.xlsx!CSD!S8458,2efbd8926a4e8308f593ec45b6ee408af325caeb93b6a262d540e3d75e489793,cpu_hierarquica_v1,0.0,ok,,191.66,0.0,SINAPI_Referência_2026_05.xlsx!Analítico!B52937,pisos,Pisos e acabamentos de borda,pisos,191.68097284503082,0.07433822269125759,10,0.9256617773087422,2,0.0,0,0.0,0,0.42981950579999995,0.0,12,0,0.010942734545980482,21ac972aa0a229b3aecf1b800528768206f43ec01981e82883a09bc94cdb0b52,piso vinilico semi flexivel em reguas padrao liso espessura # mm fixado com cola,v_621d72260fc9704a
sinapi_es,2026-05,106791,REVESTIMENTO DE DEGRAUS DE ESCADA EM GRANITO. AF_02/2026,M2,Pisos,256.45,sem_desoneracao,2026-06-12,928df42a952625eb12d41baf2b5ab17e1207af6e7881cb9f1c7fcac4708400e3,SINAPI_Referência_2026_05.xlsx!CSD!S8461,f444de33814524852751230fd091a0f1a3fe943a4a55800e77b34732c67afe08,cpu_hierarquica_v1,0.0,ok,,256.45,0.0,SINAPI_Referência_2026_05.xlsx!Analítico!B52952,pisos,Pisos e acabamentos de borda,pisos,256.47386046564384,0.24389799549971386,10,0.7561020045002862,3,0.0,0,0.0,0,1.8778716112159999,0.0,13,0,0.009304139459485161,82550e961298d260ca1c336bb4f5b9eb1af4348fc3ec49626c1f197949cff054,revestimento de degraus de escada em granito,v_fb70b35d91a4bd09
sinapi_es,2026-05,106792,PREPARO DE CONTRAPISO COM MEMBRANA CIMENTÍCIA. AF_02/2026,M2,Pisos,4.79,sem_desoneracao,2026-06-12,928df42a952625eb12d41baf2b5ab17e1207af6e7881cb9f1c7fcac4708400e3,SINAPI_Referência_2026_05.xlsx!CSD!S8459,4d0314bb0f3469ae19273e6b0f69b53db6be9c0710f14c09ae8eab9a72405dfd,cpu_hierarquica_v1,0.0,ok,,4.79,0.0,SINAPI_Referência_2026_05.xlsx!Analítico!B52942,pisos,Pisos e acabamentos de borda,pisos,4.8167786764816,0.586757014658196,10,0.41324298534180404,2,0.0,0,0.0,0,0.08525304384,0.0,12,0,0.5590537887599126,6c2be7ed83a81e0ea8451eb8e22d058135af88c4f7eb2bb300c6ceb1d32b3ad9,preparo de contrapiso com membrana cimenticia,v_b3cd0f4fad70912b
sinapi_es,2026-05,87244,"REVESTIMENTO CERÂMICO PARA PAREDES EXTERNAS EM PASTILHAS DE PORCELANA 5 X 5 CM (PLACAS DE 30 X 30 CM), ALINHADAS A PRUMO. AF_02/2023",M2,Revestimentos Cerâmicos Externos,257.38,sem_desoneracao,2026-06-12,928df42a952625eb12d41baf2b5ab17e1207af6e7881cb9f1c7fcac4708400e3,SINAPI_Referência_2026_05.xlsx!CSD!S9312,6e734163e279c315d263f4f4aa7a255b543fa87b8e64586a7608a7f53cbc1d85,cpu_hierarquica_v1,0.0,ok,,257.38,0.0,SINAPI_Referência_2026_05.xlsx!Analítico!B59593,revestimentos_forros,Revestimentos e forros,revestimentos_forros,257.4069721376,0.22736902443463738,10,0.7726309755653625,2,0.0,0,0.0,0,1.76331616,0.0,12,0,0.01047950019426997,38361bea161b06107de8c3a0ac9e94ae8dd89e17a717366c54208acfd5df227f,revestimento ceramico para paredes externas em pastilhas de porcelana # x # cm placas de # x # cm alinhadas a prumo,v_4ce9dfa589fed770
sinapi_es,2026-05,87245,"REVESTIMENTO CERÂMICO PARA PAREDES EXTERNAS EM PASTILHAS DE PORCELANA 5 X 5 CM (PLACAS DE 30 X 30 CM), ALINHADAS A PRUMO, APLICADO EM SUPERFÍCIES INTERNAS DE SACADA. AF_02/2023",M2,Revestimentos Cerâmicos Externos,307.78,sem_desoneracao,2026-06-12,928df42a952625eb12d41baf2b5ab17e1207af6e7881cb9f1c7fcac4708400e3,SINAPI_Referência_2026_05.xlsx!CSD!S9311,edb3e39fae696649a7c9a46221ab38d65fe9ee6689c6c51d7efaef4268d4e675,cpu_hierarquica_v1,0.0,ok,,307.78,0.0,SINAPI_Referência_2026_05.xlsx!Analítico!B59588,revestimentos_forros,Revestimentos e forros,revestimentos_forros,307.80656042680005,0.22094512973505373,10,0.779054870264946,2,0.0,0,0.0,0,2.04906908,0.0,12,0,0.008629679251437492,38361bea161b06107de8c3a0ac9e94ae8dd89e17a717366c54208acfd5df227f,revestimento ceramico para paredes externas em pastilhas de porcelana # x # cm placas de # x # cm alinhadas a prumo aplicado em superficies internas de sacada,v_4ce9dfa589fed770
sinapi_es,2026-05,87246,REVESTIMENTO CERÂMICO PARA PISO COM PLACAS TIPO ESMALTADA DE DIMENSÕES 35X35 CM APLICADA EM AMBIENTES DE ÁREA MENOR QUE 5 M2. AF_02/2023_PE,M2,Revestimentos Cerâmicos Internos,67.55,sem_desoneracao,2026-06-12,928df42a952625eb12d41baf2b5ab17e1207af6e7881cb9f1c7fcac4708400e3,SINAPI_Referência_2026_05.xlsx!CSD!S9333,1569f7b49b709b53c21ee6b7e5a624fb401f0e62c122d585b97ea67e1f3d0e80,cpu_hierarquica_v1,0.0,ok,,67.55,0.0,SINAPI_Referência_2026_05.xlsx!Analítico!B59718,revestimentos_forros,Revestimentos e forros,revestimentos_forros,67.57307441772,0.4447049313156578,10,0.5552950686843423,3,0.0,0,0.0,0,0.883045532,0.0,13,0,0.034159019570683395,81fe84113850fe77a88e1c29e5de41d46db310a34b59ee06a6c622a87aea7ada,revestimento ceramico para piso com placas tipo esmaltada de dimensoes #x# cm aplicada em ambientes de area menor que # m# pe,v_6210cb76c5d4ab42
sinapi_es,2026-05,87247,REVESTIMENTO CERÂMICO PARA PISO COM PLACAS TIPO ESMALTADA DE DIMENSÕES 35X35 CM APLICADA EM AMBIENTES DE ÁREA ENTRE 5 M2 E 10 M2. AF_02/2023_PE,M2,Revestimentos Cerâmicos Internos,58.75,sem_desoneracao,2026-06-12,928df42a952625eb12d41baf2b5ab17e1207af6e7881cb9f1c7fcac4708400e3,SINAPI_Referência_2026_05.xlsx!CSD!S9331,aa660b4344bfc2748b7ffb48c2e823fd0681ae0ea156816f5ad20b4c480fec48,cpu_hierarquica_v1,0.0,ok,,58.75,0.0,SINAPI_Referência_2026_05.xlsx!Analítico!B59706,revestimentos_forros,Revestimentos e forros,revestimentos_forros,58.77996163883999,0.370742205868341,10,0.6292577941316592,3,0.0,0,0.0,0,0.645307964,0.0,13,0,0.05099853419573207,81fe84113850fe77a88e1c29e5de41d46db310a34b59ee06a6c622a87aea7ada,revestimento ceramico para piso com placas tipo esmaltada de dimensoes #x# cm aplicada em ambientes de area entre # m# e # m# pe,v_6210cb76c5d4ab42
sinapi_es,2026-05,87248,REVESTIMENTO CERÂMICO PARA PISO COM PLACAS TIPO ESMALTADA DE DIMENSÕES 35X35 CM APLICADA EM AMBIENTES DE ÁREA MAIOR QUE 10 M2. AF_02/2023_PE,M2,Revestimentos Cerâmicos Internos,49.29,sem_desoneracao,2026-06-12,928df42a952625eb12d41baf2b5ab17e1207af6e7881cb9f1c7fcac4708400e3,SINAPI_Referência_2026_05.xlsx!CSD!S9332,bd8abf7bfa45fc07a2eb67f7cfc73c943af2509c706ab02b83fe59d35ce4662e,cpu_hierarquica_v1,0.0,ok,,49.29,0.0,SINAPI_Referência_2026_05.xlsx!Analítico!B59712,revestimentos_forros,Revestimentos e forros,revestimentos_forros,49.31491793516,0.2524859506312307,10,0.7475140493687695,3,0.0,0,0.0,0,0.376393436,0.0,13,0,0.05055373333332875,81fe84113850fe77a88e1c29e5de41d46db310a34b59ee06a6c622a87aea7ada,revestimento ceramico para piso com placas tipo esmaltada de dimensoes #x# cm aplicada em ambientes de area maior que # m# pe,v_6210cb76c5d4ab42
sinapi_es,2026-05,87249,REVESTIMENTO CERÂMICO PARA PISO COM PLACAS TIPO ESMALTADA DE DIMENSÕES 45X45 CM APLICADA EM AMBIENTES DE ÁREA MENOR QUE 5 M2. AF_02/2023_PE,M2,Revestimentos Cerâmicos Internos,73.31,sem_desoneracao,2026-06-12,928df42a952625eb12d41baf2b5ab17e1207af6e7881cb9f1c7fcac4708400e3,SINAPI_Referência_2026_05.xlsx!CSD!S9339,bae48916357cc84d6e5b0e3f70815d8c0649b274755421fbcc16539d0f306d5d,cpu_hierarquica_v1,0.0,ok,,73.31,0.0,SINAPI_Referência_2026_05.xlsx!Analítico!B59754,revestimentos_forros,Revestimentos e forros,revestimentos_forros,73.33183029824,0.4791403835870613,10,0.5208596164129385,3,0.0,0,0.0,0,1.029486624,0.0,13,0,0.02977806334743515,81fe84113850fe77a88e1c29e5de41d46db310a34b59ee06a6c622a87aea7ada,revestimento ceramico para piso com placas tipo esmaltada de dimensoes #x# cm aplicada em ambientes de area menor que # m# pe,v_6210cb76c5d4ab42
sinapi_es,2026-05,87250,REVESTIMENTO CERÂMICO PARA PISO COM PLACAS TIPO ESMALTADA DE DIMENSÕES 45X45 CM APLICADA EM AMBIENTES DE ÁREA ENTRE 5 M2 E 10 M2. AF_02/2023_PE,M2,Revestimentos Cerâmicos Internos,60.4,sem_desoneracao,2026-06-12,928df42a952625eb12d41baf2b5ab17e1207af6e7881cb9f1c7fcac4708400e3,SINAPI_Referência_2026_05.xlsx!CSD!S9337,f97c5f6f6bac6f284b6384a603d1fe62c47ab72237cd78784faf29e16771b1cb,cpu_hierarquica_v1,0.0,ok,,60.4,0.0,SINAPI_Referência_2026_05.xlsx!Analítico!B59742,revestimentos_forros,Revestimentos e forros,revestimentos_forros,60.43483507388001,0.3874351612816728,10,0.612564838718327,3,0.0,0,0.0,0,0.692022988,0.0,13,0,0.0576739633775012,81fe84113850fe77a88e1c29e5de41d46db310a34b59ee06a6c622a87aea7ada,revestimento ceramico para piso com placas tipo esmaltada de dimensoes #x# cm aplicada em ambientes de area entre # m# e # m# pe,v_6210cb76c5d4ab42
sinapi_es,2026-05,87251,REVESTIMENTO CERÂMICO PARA PISO COM PLACAS TIPO ESMALTADA DE DIMENSÕES 45X45 CM APLICADA EM AMBIENTES DE ÁREA MAIOR QUE 10 M2. AF_02/2023_PE,M2,Revestimentos Cerâmicos Internos,49.64,sem_desoneracao,2026-06-12,928df42a952625eb12d41baf2b5ab17e1207af6e7881cb9f1c7fcac4708400e3,SINAPI_Referência_2026_05.xlsx!CSD!S9338,930e86c10e767cb0656594a41370ee84a443c28998ae9e2b4f9b5a82fc839f68,cpu_hierarquica_v1,0.0,ok,,49.64,0.0,SINAPI_Referência_2026_05.xlsx!Analítico!B59748,revestimentos_forros,Revestimentos e forros,revestimentos_forros,49.67562391412,0.2608695753177349,10,0.7391304246822651,3,0.0,0,0.0,0,0.391017572,0.0,13,0,0.07176453287671655,81fe84113850fe77a88e1c29e5de41d46db310a34b59ee06a6c622a87aea7ada,revestimento ceramico para piso com placas tipo esmaltada de dimensoes #x# cm aplicada em ambientes de area maior que # m# pe,v_6210cb76c5d4ab42
sinapi_es,2026-05,87255,REVESTIMENTO CERÂMICO PARA PISO COM PLACAS TIPO ESMALTADA DE DIMENSÕES 60X60 CM APLICADA EM AMBIENTES DE ÁREA MENOR QUE 5 M2. AF_02/2023_PE,M2,Revestimentos Cerâmicos Internos,84.47,sem_desoneracao,2026-06-12,928df42a952625eb12d41baf2b5ab17e1207af6e7881cb9f1c7fcac4708400e3,SINAPI_Referência_2026_05.xlsx!CSD!S9345,ea3f2833df20120905dafc5520f64f1ef0a9a65cad6a0d6f04e085fc73ccb1d6,cpu_hierarquica_v1,0.0,ok,,84.47,0.0,SINAPI_Referência_2026_05.xlsx!Analítico!B59790,revestimentos_forros,Revestimentos e forros,revestimentos_forros,84.4870867586,0.45199726755536185,10,0.548002732444638,3,0.0,0,0.0,0,1.11733034,0.0,13,0,0.0202281977033283,5afd88e8872a28b985ce185598e7004eff455bcee0380d0add222d25494a185a,revestimento ceramico para piso com placas tipo esmaltada de dimensoes #x# cm aplicada em ambientes de area menor que # m# pe,v_6210cb76c5d4ab42
sinapi_es,2026-05,87256,REVESTIMENTO CERÂMICO PARA PISO COM PLACAS TIPO ESMALTADA DE DIMENSÕES 60X60 CM APLICADA EM AMBIENTES DE ÁREA ENTRE 5 M2 E 10 M2. AF_02/2023_PE,M2,Revestimentos Cerâmicos Internos,70.43,sem_desoneracao,2026-06-12,928df42a952625eb12d41baf2b5ab17e1207af6e7881cb9f1c7fcac4708400e3,SINAPI_Referência_2026_05.xlsx!CSD!S9343,6f9fff345c88acc238a464de9d98675ad9cd8bc2c4b2d21dad34ba80fc16a7c9,cpu_hierarquica_v1,0.0,ok,,70.43,0.0,SINAPI_Referência_2026_05.xlsx!Analítico!B59778,revestimentos_forros,Revestimentos e forros,revestimentos_forros,70.45914039336002,0.3655085237995178,10,0.634491476200482,3,0.0,0,0.0,0,0.759353096,0.0,13,0,0.04137497282409399,5afd88e8872a28b985ce185598e7004eff455bcee0380d0add222d25494a185a,revestimento ceramico para piso com placas tipo esmaltada de dimensoes #x# cm aplicada em ambientes de area entre # m# e # m# pe,v_6210cb76c5d4ab42
sinapi_es,2026-05,87257,REVESTIMENTO CERÂMICO PARA PISO COM PLACAS TIPO ESMALTADA DE DIMENSÕES 60X60 CM APLICADA EM AMBIENTES DE ÁREA MAIOR QUE 10 M2. AF_02/2023_PE,M2,Revestimentos Cerâmicos Internos,58.47,sem_desoneracao,2026-06-12,928df42a952625eb12d41baf2b5ab17e1207af6e7881cb9f1c7fcac4708400e3,SINAPI_Referência_2026_05.xlsx!CSD!S9344,ccef67351f6a29b21d80cddac9a64e63d45c88d5600f7bbfdff7912c8c0380ad,cpu_hierarquica_v1,0.0,ok,,58.47,0.0,SINAPI_Referência_2026_05.xlsx!Analítico!B59784,revestimentos_forros,Revestimentos e forros,revestimentos_forros,58.49052025232001,0.24586812000102845,10,0.7541318799989714,3,0.0,0,0.0,0,0.43194331199999997,0.0,13,0,0.0350953520095971,5afd88e8872a28b985ce185598e7004eff455bcee0380d0add222d25494a185a,revestimento ceramico para piso com placas tipo esmaltada de dimensoes #x# cm aplicada em ambientes de area maior que # m# pe,v_6210cb76c5d4ab42
sinapi_es,2026-05,87261,REVESTIMENTO CERÂMICO PARA PISO COM PLACAS TIPO PORCELANATO DE DIMENSÕES 60X60 CM APLICADA EM AMBIENTES DE ÁREA MENOR QUE 5 M². AF_02/2023_PE,M2,Revestimentos Cerâmicos Internos,132.94,sem_desoneracao,2026-06-12,928df42a952625eb12d41baf2b5ab17e1207af6e7881cb9f1c7fcac4708400e3,SINAPI_Referência_2026_05.xlsx!CSD!S9351,6a713995cc08e479bf6770caf76417c5b5ca3e8c0b38b6576829012f810366cb,cpu_hierarquica_v1,0.0,ok,,132.94,0.0,SINAPI_Referência_2026_05.xlsx!Analítico!B59826,revestimentos_forros,Revestimentos e forros,revestimentos_forros,132.96348185615997,0.35695203821079224,10,0.643047961789208,3,0.0,0,0.0,0,1.3843155360000001,0.0,13,0,0.017663499443339267,e5075141d4644706f344f3c3afaa50fa26b4056ff1787a6e51002b6619735215,revestimento ceramico para piso com placas tipo porcelanato de dimensoes #x# cm aplicada em ambientes de area menor que # m# pe,v_a45a57ffdc06907e
sinapi_es,2026-05,87262,REVESTIMENTO CERÂMICO PARA PISO COM PLACAS TIPO PORCELANATO DE DIMENSÕES 60X60 CM APLICADA EM AMBIENTES DE ÁREA ENTRE 5 M² E 10 M². AF_02/2023_PE,M2,Revestimentos Cerâmicos Internos,117.87,sem_desoneracao,2026-06-12,928df42a952625eb12d41baf2b5ab17e1207af6e7881cb9f1c7fcac4708400e3,SINAPI_Referência_2026_05.xlsx!CSD!S9349,531346d3c6db3c97883c15760cd1fc19b1d438d30b0ac7095cb613f424f9281e,cpu_hierarquica_v1,0.0,ok,,117.87,0.0,SINAPI_Referência_2026_05.xlsx!Analítico!B59814,revestimentos_forros,Revestimentos e forros,revestimentos_forros,117.90152403448,0.29711816129056456,10,0.7028818387094354,3,0.0,0,0.0,0,1.026439768,0.0,13,0,0.026744748010520316,e5075141d4644706f344f3c3afaa50fa26b4056ff1787a6e51002b6619735215,revestimento ceramico para piso com placas tipo porcelanato de dimensoes #x# cm aplicada em ambientes de area entre # m# e # m# pe,v_a45a57ffdc06907e
sinapi_es,2026-05,87263,REVESTIMENTO CERÂMICO PARA PISO COM PLACAS TIPO PORCELANATO DE DIMENSÕES 60X60 CM APLICADA EM AMBIENTES DE ÁREA MAIOR QUE 10 M². AF_02/2023_PE,M2,Revestimentos Cerâmicos Internos,105.51,sem_desoneracao,2026-06-12,928df42a952625eb12d41baf2b5ab17e1207af6e7881cb9f1c7fcac4708400e3,SINAPI_Referência_2026_05.xlsx!CSD!S9350,a4d3308be07f77ad85eeb39c6a4b43e6880acac1f37130d8aa072aed263f3d61,cpu_hierarquica_v1,0.0,ok,,105.51,0.0,SINAPI_Referência_2026_05.xlsx!Analítico!B59820,revestimentos_forros,Revestimentos e forros,revestimentos_forros,105.53538774987999,0.22413910873139228,10,0.7758608912686078,3,0.0,0,0.0,0,0.698928508,0.0,13,0,0.02406193714338203,e5075141d4644706f344f3c3afaa50fa26b4056ff1787a6e51002b6619735215,revestimento ceramico para piso com placas tipo porcelanato de dimensoes #x# cm aplicada em ambientes de area maior que # m# pe,v_a45a57ffdc06907e
sinapi_es,2026-05,87265,REVESTIMENTO CERÂMICO PARA PAREDES INTERNAS COM PLACAS TIPO ESMALTADA DE DIMENSÕES 20X20 CM APLICADAS NA ALTURA INTEIRA DAS PAREDES. AF_02/2023_PE,M2,Revestimentos Cerâmicos Internos,59.53,sem_desoneracao,2026-06-12,928df42a952625eb12d41baf2b5ab17e1207af6e7881cb9f1c7fcac4708400e3,SINAPI_Referência_2026_05.xlsx!CSD!S9320,929d5bdbe6ae3190c8ed27954c2d3ca0395228971d407df0875b706175c35328,cpu_hierarquica_v1,0.0,ok,,59.53,0.0,SINAPI_Referência_2026_05.xlsx!Analítico!B59640,revestimentos_forros,Revestimentos e forros,revestimentos_forros,59.55496895475999,0.45479850682711437,10,0.5452014931728857,3,0.0,0,0.0,0,0.816277636,0.0,13,0,0.04194348187467057,5dee95b0f3b666bfe857e95be12243c0497479aaa4b3536b4b513dccdd6a2728,revestimento ceramico para paredes internas com placas tipo esmaltada de dimensoes #x# cm aplicadas na altura inteira das paredes pe,v_02e82877ef07857f
sinapi_es,2026-05,87267,REVESTIMENTO CERÂMICO PARA PAREDES INTERNAS COM PLACAS TIPO ESMALTADA DE DIMENSÕES 20X20 CM APLICADAS A MEIA ALTURA DAS PAREDES. AF_02/2023_PE,M2,Revestimentos Cerâmicos Internos,66.11,sem_desoneracao,2026-06-12,928df42a952625eb12d41baf2b5ab17e1207af6e7881cb9f1c7fcac4708400e3,SINAPI_Referência_2026_05.xlsx!CSD!S9317,199cf28c309a0cfb9f5e7f01a7bf41152c715af6451835097d46433c74ce99de,cpu_hierarquica_v1,0.0,ok,,66.11,0.0,SINAPI_Referência_2026_05.xlsx!Analítico!B59622,revestimentos_forros,Revestimentos e forros,revestimentos_forros,66.14075481584,0.5065637201923198,10,0.4934362798076803,3,0.0,0,0.0,0,1.004876624,0.0,13,0,0.046520671365902544,5dee95b0f3b666bfe857e95be12243c0497479aaa4b3536b4b513dccdd6a2728,revestimento ceramico para paredes internas com placas tipo esmaltada de dimensoes #x# cm aplicadas a meia altura das paredes pe,v_02e82877ef07857f
sinapi_es,2026-05,87269,REVESTIMENTO CERÂMICO PARA PAREDES INTERNAS COM PLACAS TIPO ESMALTADA DE DIMENSÕES 25X35 CM APLICADAS NA ALTURA INTEIRA DAS PAREDES. AF_02/2023_PE,M2,Revestimentos Cerâmicos Internos,64.48,sem_desoneracao,2026-06-12,928df42a952625eb12d41baf2b5ab17e1207af6e7881cb9f1c7fcac4708400e3,SINAPI_Referência_2026_05.xlsx!CSD!S9322,d69ebc2b94a81310a8245b1a6c52e04eb7d67acf214dab4efd8fed816525b022,cpu_hierarquica_v1,0.0,ok,,64.48,0.0,SINAPI_Referência_2026_05.xlsx!Analítico!B59652,revestimentos_forros,Revestimentos e forros,revestimentos_forros,64.49815134848001,0.4984995798524963,10,0.5015004201475036,3,0.0,0,0.0,0,0.965144768,0.0,13,0,0.028150354342437265,5dee95b0f3b666bfe857e95be12243c0497479aaa4b3536b4b513dccdd6a2728,revestimento ceramico para paredes internas com placas tipo esmaltada de dimensoes #x# cm aplicadas na altura inteira das paredes pe,v_02e82877ef07857f
sinapi_es,2026-05,87271,REVESTIMENTO CERÂMICO PARA PAREDES INTERNAS COM PLACAS TIPO ESMALTADA DE DIMENSÕES 25X35 CM APLICADAS A MEIA ALTURA DAS PAREDES. AF_02/2023_PE,M2,Revestimentos Cerâmicos Internos,71.14,sem_desoneracao,2026-06-12,928df42a952625eb12d41baf2b5ab17e1207af6e7881cb9f1c7fcac4708400e3,SINAPI_Referência_2026_05.xlsx!CSD!S9321,0f51b5d9a1549fab376a76945b855cb03e140bb466a9d88754499a85700e9587,cpu_hierarquica_v1,0.0,ok,,71.14,0.0,SINAPI_Referência_2026_05.xlsx!Analítico!B59646,revestimentos_forros,Revestimentos e forros,revestimentos_forros,71.169990234,0.5431692502260911,10,0.456830749773909,3,0.0,0,0.0,0,1.15628452,0.0,13,0,0.042156640427320785,5dee95b0f3b666bfe857e95be12243c0497479aaa4b3536b4b513dccdd6a2728,revestimento ceramico para paredes internas com placas tipo esmaltada de dimensoes #x# cm aplicadas a meia altura das paredes pe,v_02e82877ef07857f
sinapi_es,2026-05,87273,REVESTIMENTO CERÂMICO PARA PAREDES INTERNAS COM PLACAS TIPO ESMALTADA DE DIMENSÕES 33X45 CM APLICADAS NA ALTURA INTEIRA DAS PAREDES. AF_02/2023_PE,M2,Revestimentos Cerâmicos Internos,67.92,sem_desoneracao,2026-06-12,928df42a952625eb12d41baf2b5ab17e1207af6e7881cb9f1c7fcac4708400e3,SINAPI_Referência_2026_05.xlsx!CSD!S9324,07e1e08be6f7c523171825855e591f8db890831ff8ca142f3fb2936ee3492521,cpu_hierarquica_v1,0.0,ok,,67.92,0.0,SINAPI_Referência_2026_05.xlsx!Analítico!B59664,revestimentos_forros,Revestimentos e forros,revestimentos_forros,67.94089583959999,0.5045939918210217,10,0.49540600817897856,3,0.0,0,0.0,0,1.02774028,0.0,13,0,0.030765370435787982,5dee95b0f3b666bfe857e95be12243c0497479aaa4b3536b4b513dccdd6a2728,revestimento ceramico para paredes internas com placas tipo esmaltada de dimensoes #x# cm aplicadas na altura inteira das paredes pe,v_02e82877ef07857f
sinapi_es,2026-05,87275,REVESTIMENTO CERÂMICO PARA PAREDES INTERNAS COM PLACAS TIPO ESMALTADA DE DIMENSÕES 33X45 CM APLICADAS A MEIA ALTURA DAS PAREDES. AF_02/2023_PE,M2,Revestimentos Cerâmicos Internos,76.71,sem_desoneracao,2026-06-12,928df42a952625eb12d41baf2b5ab17e1207af6e7881cb9f1c7fcac4708400e3,SINAPI_Referência_2026_05.xlsx!CSD!S9323,2cbcfd6a9dddfd52bb676682413678e5df105e0a0fdda292703a5403cf72bda0,cpu_hierarquica_v1,0.0,ok,,76.71,0.0,SINAPI_Referência_2026_05.xlsx!Analítico!B59658,revestimentos_forros,Revestimentos e forros,revestimentos_forros,76.73349259312,0.5568796512326526,10,0.44312034876734735,3,0.0,0,0.0,0,1.275988112,0.0,13,0,0.030625202867958484,5dee95b0f3b666bfe857e95be12243c0497479aaa4b3536b4b513dccdd6a2728,revestimento ceramico para paredes internas com placas tipo esmaltada de dimensoes #x# cm aplicadas a meia altura das paredes pe,v_02e82877ef07857f
sinapi_es,2026-05,87411,"APLICAÇÃO MANUAL DE GESSO DESEMPENADO (SEM TALISCAS) EM TETO DE AMBIENTES DE ÁREA MAIOR QUE 10M², ESPESSURA DE 0,5CM. AF_03/2023",M2,Gesso,17.17,sem_desoneracao,2026-06-12,928df42a952625eb12d41baf2b5ab17e1207af6e7881cb9f1c7fcac4708400e3,SINAPI_Referência_2026_05.xlsx!CSD!S4477,895e2e75885b6e0bac9a47bc973885200bdf5620673b3c2bcc0266d120945436,cpu_hierarquica_v1,0.0,ok,,17.17,0.0,SINAPI_Referência_2026_05.xlsx!Analítico!B28365,revestimentos_forros,Revestimentos e forros,revestimentos_forros,17.18652220308,0.5670635622449226,10,0.43293643775507745,1,0.0,0,0.0,0,0.33887369700000003,0.0,11,0,0.09622715829934425,6e192182278c8194656da577b44c321946e6befd112cd87c535e5d16670c5c18,aplicacao manual de gesso desempenado sem taliscas em teto de ambientes de area maior que #m# espessura de #cm,v_c7d6ddbb9b72f71d
sinapi_es,2026-05,87412,"APLICAÇÃO MANUAL DE GESSO DESEMPENADO (SEM TALISCAS) EM TETO DE AMBIENTES DE ÁREA ENTRE 5M² E 10M², ESPESSURA DE 0,5CM. AF_03/2023",M2,Gesso,26.37,sem_desoneracao,2026-06-12,928df42a952625eb12d41baf2b5ab17e1207af6e7881cb9f1c7fcac4708400e3,SINAPI_Referência_2026_05.xlsx!CSD!S4475,4f9da8f51bb2d01f2021a148fb173bc573e3c9e63cb7dbc99ec9d5c224aa3318,cpu_hierarquica_v1,0.0,ok,,26.37,0.0,SINAPI_Referência_2026_05.xlsx!Analítico!B28357,revestimentos_forros,Revestimentos e forros,revestimentos_forros,26.386240098327995,0.7180093991310461,10,0.28199060086895406,1,0.0,0,0.0,0,0.6587576831999999,0.0,11,0,0.06158550750092698,6e192182278c8194656da577b44c321946e6befd112cd87c535e5d16670c5c18,aplicacao manual de gesso desempenado sem taliscas em teto de ambientes de area entre #m# e #m# espessura de #cm,v_c7d6ddbb9b72f71d
sinapi_es,2026-05,87413,"APLICAÇÃO MANUAL DE GESSO DESEMPENADO (SEM TALISCAS) EM TETO DE AMBIENTES DE ÁREA MENOR QUE 5M², ESPESSURA DE 0,5CM. AF_03/2023",M2,Gesso,31.65,sem_desoneracao,2026-06-12,928df42a952625eb12d41baf2b5ab17e1207af6e7881cb9f1c7fcac4708400e3,SINAPI_Referência_2026_05.xlsx!CSD!S4479,9138396ec0360a3dda2b2c4b2f68e60ff276ee431d5def7e6a685f62ccfc9bcd,cpu_hierarquica_v1,0.0,ok,,31.65,0.0,SINAPI_Referência_2026_05.xlsx!Analítico!B28373,revestimentos_forros,Revestimentos e forros,revestimentos_forros,31.67146430992,0.7650670134102558,10,0.2349329865897443,1,0.0,0,0.0,0,0.8425305030000001,0.0,11,0,0.06781772486572663,6e192182278c8194656da577b44c321946e6befd112cd87c535e5d16670c5c18,aplicacao manual de gesso desempenado sem taliscas em teto de ambientes de area menor que #m# espessura de #cm,v_c7d6ddbb9b72f71d
sinapi_es,2026-05,87414,"APLICAÇÃO MANUAL DE GESSO DESEMPENADO (SEM TALISCAS) EM TETO DE AMBIENTES DE ÁREA MAIOR QUE 10M², ESPESSURA DE 1,0CM. AF_03/2023",M2,Gesso,27.1,sem_desoneracao,2026-06-12,928df42a952625eb12d41baf2b5ab17e1207af6e7881cb9f1c7fcac4708400e3,SINAPI_Referência_2026_05.xlsx!CSD!S4478,57ffa81aed8e7f9cf8742a3a00a0187e6d946c057ba997ca1df8f2a28245a624,cpu_hierarquica_v1,0.0,ok,,27.1,0.0,SINAPI_Referência_2026_05.xlsx!Analítico!B28369,revestimentos_forros,Revestimentos e forros,revestimentos_forros,27.124113637432004,0.5153088327333564,10,0.48469116726664346,1,0.0,0,0.0,0,0.4860055158,0.0,11,0,0.08898021192620709,6e192182278c8194656da577b44c321946e6befd112cd87c535e5d16670c5c18,aplicacao manual de gesso desempenado sem taliscas em teto de ambientes de area maior que #m# espessura de #cm,v_c7d6ddbb9b72f71d
sinapi_es,2026-05,87415,"APLICAÇÃO MANUAL DE GESSO DESEMPENADO (SEM TALISCAS) EM TETO DE AMBIENTES DE ÁREA ENTRE 5M² E 10M², ESPESSURA DE 1,0CM. AF_03/2023",M2,Gesso,36.3,sem_desoneracao,2026-06-12,928df42a952625eb12d41baf2b5ab17e1207af6e7881cb9f1c7fcac4708400e3,SINAPI_Referência_2026_05.xlsx!CSD!S4476,833e3ae9216a5f006c8494f5db4c8ed7e7cde4d187458ce042d41adc95ed4e8d,cpu_hierarquica_v1,0.0,ok,,36.3,0.0,SINAPI_Referência_2026_05.xlsx!Analítico!B28361,revestimentos_forros,Revestimentos e forros,revestimentos_forros,36.32383153268,0.6380663122453916,10,0.3619336877546083,1,0.0,0,0.0,0,0.805889502,0.0,11,0,0.06565160517908061,6e192182278c8194656da577b44c321946e6befd112cd87c535e5d16670c5c18,aplicacao manual de gesso desempenado sem taliscas em teto de ambientes de area entre #m# e #m# espessura de #cm,v_c7d6ddbb9b72f71d
sinapi_es,2026-05,87416,"APLICAÇÃO MANUAL DE GESSO DESEMPENADO (SEM TALISCAS) EM TETO DE AMBIENTES DE ÁREA MENOR QUE 5M², ESPESSURA DE 1,0CM. AF_03/2023",M2,Gesso,41.59,sem_desoneracao,2026-06-12,928df42a952625eb12d41baf2b5ab17e1207af6e7881cb9f1c7fcac4708400e3,SINAPI_Referência_2026_05.xlsx!CSD!S4480,c16ed675462eb9d48969e1adb39eda1d6a89db5d38ba03a64a17d95187314a0b,cpu_hierarquica_v1,0.0,ok,,41.59,0.0,SINAPI_Referência_2026_05.xlsx!Analítico!B28377,revestimentos_forros,Revestimentos e forros,revestimentos_forros,41.60934548255201,0.6840416942988722,10,0.3159583057011276,1,0.0,0,0.0,0,0.9896725338,0.0,11,0,0.04651474525608311,6e192182278c8194656da577b44c321946e6befd112cd87c535e5d16670c5c18,aplicacao manual de gesso desempenado sem taliscas em teto de ambientes de area menor que #m# espessura de #cm,v_c7d6ddbb9b72f71d
sinapi_es,2026-05,87418,"APLICAÇÃO MANUAL DE GESSO DESEMPENADO (SEM TALISCAS) EM PAREDES, ESPESSURA DE 0,5CM. AF_03/2023",M2,Gesso,20.09,sem_desoneracao,2026-06-12,928df42a952625eb12d41baf2b5ab17e1207af6e7881cb9f1c7fcac4708400e3,SINAPI_Referência_2026_05.xlsx!CSD!S4467,c488f1a2b85cb259607400c0dda23728c06d52c7c7d7b1e7bf30a33654e855c7,cpu_hierarquica_v1,0.0,ok,,20.09,0.0,SINAPI_Referência_2026_05.xlsx!Analítico!B28325,revestimentos_forros,Revestimentos e forros,revestimentos_forros,20.101764791304,0.6298498277515004,10,0.3701501722484996,1,0.0,0,0.0,0,0.4402396926,0.0,11,0,0.05856043456445766,6e192182278c8194656da577b44c321946e6befd112cd87c535e5d16670c5c18,aplicacao manual de gesso desempenado sem taliscas em paredes espessura de #cm,v_c7d6ddbb9b72f71d
sinapi_es,2026-05,87421,"APLICAÇÃO MANUAL DE GESSO DESEMPENADO (SEM TALISCAS) EM PAREDES, ESPESSURA DE 1,0CM. AF_03/2023",M2,Gesso,30.44,sem_desoneracao,2026-06-12,928df42a952625eb12d41baf2b5ab17e1207af6e7881cb9f1c7fcac4708400e3,SINAPI_Referência_2026_05.xlsx!CSD!S4468,655f20dcd40d11aa0306a2859ca42d4ce538e8c625f39224ea571d125d3d1a43,cpu_hierarquica_v1,0.0,ok,,30.44,0.0,SINAPI_Referência_2026_05.xlsx!Analítico!B28329,revestimentos_forros,Revestimentos e forros,revestimentos_forros,30.460399539031997,0.5683963933843466,10,0.4316036066156535,1,0.0,0,0.0,0,0.6020117658,0.0,11,0,0.06701556843625268,6e192182278c8194656da577b44c321946e6befd112cd87c535e5d16670c5c18,aplicacao manual de gesso desempenado sem taliscas em paredes espessura de #cm,v_c7d6ddbb9b72f71d
sinapi_es,2026-05,87424,"APLICAÇÃO MANUAL DE GESSO SARRAFEADO (COM TALISCAS) EM PAREDES, ESPESSURA DE 1,0CM. AF_03/2023",M2,Gesso,40.72,sem_desoneracao,2026-06-12,928df42a952625eb12d41baf2b5ab17e1207af6e7881cb9f1c7fcac4708400e3,SINAPI_Referência_2026_05.xlsx!CSD!S4483,fdd76ca3aa06ddca9f433deb264e0ce724f72ff903e6ed64879416245b7adc21,cpu_hierarquica_v1,0.0,ok,,40.72,0.0,SINAPI_Referência_2026_05.xlsx!Analítico!B28389,revestimentos_forros,Revestimentos e forros,revestimentos_forros,40.73780589491199,0.6772821213318712,10,0.322717878668129,1,0.0,0,0.0,0,0.9593681478,0.0,11,0,0.04372763976422976,6e192182278c8194656da577b44c321946e6befd112cd87c535e5d16670c5c18,aplicacao manual de gesso sarrafeado com taliscas em paredes espessura de #cm,v_c7d6ddbb9b72f71d
sinapi_es,2026-05,87427,"APLICAÇÃO MANUAL DE GESSO SARRAFEADO (COM TALISCAS) EM PAREDES, ESPESSURA DE 1,5CM. AF_03/2023",M2,Gesso,47.92,sem_desoneracao,2026-06-12,928df42a952625eb12d41baf2b5ab17e1207af6e7881cb9f1c7fcac4708400e3,SINAPI_Referência_2026_05.xlsx!CSD!S4484,831a22f0c542138aff6a528c23cb892f181512c12457df00a458b32de7ced968,cpu_hierarquica_v1,0.0,ok,,47.92,0.0,SINAPI_Referência_2026_05.xlsx!Analítico!B28393,revestimentos_forros,Revestimentos e forros,revestimentos_forros,47.94743449333599,0.6429751751915067,10,0.35702482480849346,1,0.0,0,0.0,0,1.0719576834,0.0,11,0,0.05725061213687075,6e192182278c8194656da577b44c321946e6befd112cd87c535e5d16670c5c18,aplicacao manual de gesso sarrafeado com taliscas em paredes espessura de #cm,v_c7d6ddbb9b72f71d
sinapi_es,2026-05,87430,"APLICAÇÃO DE GESSO PROJETADO COM EQUIPAMENTO DE PROJEÇÃO EM PAREDES, DESEMPENADO (SEM TALISCAS), ESPESSURA DE 0,5CM. AF_03/2023",M2,Gesso,20.66,sem_desoneracao,2026-06-12,928df42a952625eb12d41baf2b5ab17e1207af6e7881cb9f1c7fcac4708400e3,SINAPI_Referência_2026_05.xlsx!CSD!S4461,e2b73e1ae0b5239d02075e370b725ea4f826d3366c81c4b1e7b5b51fa046736f,cpu_hierarquica_v1,0.0,ok,,20.66,0.0,SINAPI_Referência_2026_05.xlsx!Analítico!B28301,revestimentos_forros,Revestimentos e forros,revestimentos_forros,20.68379961932494,0.6723779995067692,13,0.30766657080038434,1,0.019636022011395752,1,0.0003194076814507266,1,0.470700447249,0.0,16,0,0.1151966085427886,0a9d56427c0b0156c88bb4c87570b6ab467b1a15ff3d72ad75ab30f3ef6dd75e,aplicacao de gesso projetado com equipamento de projecao em paredes desempenado sem taliscas espessura de #cm,v_6abd21efb9069b0a
sinapi_es,2026-05,87433,"APLICAÇÃO DE GESSO PROJETADO COM EQUIPAMENTO DE PROJEÇÃO EM PAREDES, DESEMPENADO (SEM TALISCAS), ESPESSURA DE 1,0CM. AF_03/2023",M2,Gesso,29.75,sem_desoneracao,2026-06-12,928df42a952625eb12d41baf2b5ab17e1207af6e7881cb9f1c7fcac4708400e3,SINAPI_Referência_2026_05.xlsx!CSD!S4462,6b6c08fe46d9a03996a848a0ccd70c9effb63e9e5ff904b90b5748a8b69d509c,cpu_hierarquica_v1,0.0,ok,,29.75,0.0,SINAPI_Referência_2026_05.xlsx!Analítico!B28305,revestimentos_forros,Revestimentos e forros,revestimentos_forros,29.781628435096174,0.5979917905421389,13,0.37752192176135085,1,0.024094358858050658,1,0.00039192883845951145,1,0.596501405952,0.0,16,0,0.10631406755016386,0a9d56427c0b0156c88bb4c87570b6ab467b1a15ff3d72ad75ab30f3ef6dd75e,aplicacao de gesso projetado com equipamento de projecao em paredes desempenado sem taliscas espessura de #cm,v_6abd21efb9069b0a
sinapi_es,2026-05,87436,"APLICAÇÃO DE GESSO PROJETADO COM EQUIPAMENTO DE PROJEÇÃO EM PAREDES, SARRAFEADO (COM TALISCAS), ESPESSURA DE 1,0CM. AF_03/2023",M2,Gesso,33.93,sem_desoneracao,2026-06-12,928df42a952625eb12d41baf2b5ab17e1207af6e7881cb9f1c7fcac4708400e3,SINAPI_Referência_2026_05.xlsx!CSD!S4463,ed515730673b667639f289651b4d4a8d50a12ee6229f82b549d769801d6dcc55,cpu_hierarquica_v1,0.0,ok,,33.93,0.0,SINAPI_Referência_2026_05.xlsx!Analítico!B28309,revestimentos_forros,Revestimentos e forros,revestimentos_forros,33.951257824192176,0.6473633117238652,13,0.3311576159628636,1,0.021135277126051705,1,0.00034379518721933323,1,0.741483833352,0.0,16,0,0.06265200174528779,0a9d56427c0b0156c88bb4c87570b6ab467b1a15ff3d72ad75ab30f3ef6dd75e,aplicacao de gesso projetado com equipamento de projecao em paredes sarrafeado com taliscas espessura de #cm,v_6abd21efb9069b0a
sinapi_es,2026-05,87439,"APLICAÇÃO DE GESSO PROJETADO COM EQUIPAMENTO DE PROJEÇÃO EM PAREDES, SARRAFEADO (COM TALISCAS), ESPESSURA DE 1,5CM. AF_03/2023",M2,Gesso,41.51,sem_desoneracao,2026-06-12,928df42a952625eb12d41baf2b5ab17e1207af6e7881cb9f1c7fcac4708400e3,SINAPI_Referência_2026_05.xlsx!CSD!S4464,747b8cf6105d03f84f658b5575b2077716e58b1d970d0128ae4fd670b8260a7e,cpu_hierarquica_v1,0.0,ok,,41.51,0.0,SINAPI_Referência_2026_05.xlsx!Analítico!B28313,revestimentos_forros,Revestimentos e forros,revestimentos_forros,41.538164198297686,0.6247312744942463,13,0.3524111376255746,1,0.02249172809861914,1,0.0003658597815601781,1,0.8727054657090001,0.0,16,0,0.0678491888645818,0a9d56427c0b0156c88bb4c87570b6ab467b1a15ff3d72ad75ab30f3ef6dd75e,aplicacao de gesso projetado com equipamento de projecao em paredes sarrafeado com taliscas espessura de #cm,v_6abd21efb9069b0a
sinapi_es,2026-05,87527,"EMBOÇO, EM ARGAMASSA TRAÇO 1:2:8, PREPARO MECÂNICO, APLICADO MANUALMENTE EM PAREDES INTERNAS DE AMBIENTES COM ÁREA MENOR QUE 5M², E =17,5MM, COM TALISCAS. AF_03/2024",M2,Massa Única Interna,48.18,sem_desoneracao,2026-06-12,928df42a952625eb12d41baf2b5ab17e1207af6e7881cb9f1c7fcac4708400e3,SINAPI_Referência_2026_05.xlsx!CSD!S7771,cfcf94c6e41aaa655e08494755800291c86398b691dc3ebbb07238bb0214877a,cpu_hierarquica_v1,0.0,ok,,48.18,0.0,SINAPI_Referência_2026_05.xlsx!Analítico!B47898,revestimentos_forros,Revestimentos e forros,revestimentos_forros,48.20031019976,0.6815796490854032,13,0.3162891511863322,3,0.001336516045913762,1,0.0007946836823508809,1,0.982571328,0.0,18,0,0.04215483553341067,3a2bb0f2ce9db5e05f51f3a0e0cc8347cb19e07de96bb115d30978b9fb1a8943,emboco em argamassa traco # # # preparo mecanico aplicado manualmente em paredes internas de ambientes com area menor que #m# e #mm com taliscas,v_8bb45ffaa009f9e8
sinapi_es,2026-05,87528,"EMBOÇO, EM ARGAMASSA TRAÇO 1:2:8, PREPARO MANUAL, APLICADO MANUALMENTE EM PAREDES INTERNAS DE AMBIENTES COM ÁREA MENOR QUE 5M², E = 17,5MM, COM TALISCAS. AF_03/2024",M2,Massa Única Interna,52.74,sem_desoneracao,2026-06-12,928df42a952625eb12d41baf2b5ab17e1207af6e7881cb9f1c7fcac4708400e3,SINAPI_Referência_2026_05.xlsx!CSD!S7759,f88acf28556017e3f8d90674b7f150b9c775ec892a5fa23531b5f3cfd7fa07c1,cpu_hierarquica_v1,0.0,ok,,52.74,0.0,SINAPI_Referência_2026_05.xlsx!Analítico!B47850,revestimentos_forros,Revestimentos e forros,revestimentos_forros,52.76252970072,0.7159996003793669,10,0.28400039962063306,3,0.0,0,0.0,0,1.189228248,0.0,13,0,0.04271843139931707,4fe860d93aa1fea3bfdbec1d3bbcc6fdcca807b0bbd51e6f93f8c91365dcbf3c,emboco em argamassa traco # # # preparo manual aplicado manualmente em paredes internas de ambientes com area menor que #m# e #mm com taliscas,v_24e05d145669d072
sinapi_es,2026-05,87529,"MASSA ÚNICA, EM ARGAMASSA TRAÇO 1:2:8, PREPARO MECÂNICO, APLICADA MANUALMENTE EM PAREDES INTERNAS DE AMBIENTES COM ÁREA ENTRE 5M² E 10M², E = 17,5MM, COM TALISCAS. AF_03/2024",M2,Massa Única Interna,44.17,sem_desoneracao,2026-06-12,928df42a952625eb12d41baf2b5ab17e1207af6e7881cb9f1c7fcac4708400e3,SINAPI_Referência_2026_05.xlsx!CSD!S7791,51058c9ca9bb446efbc9f66f4bc067f600037378923eb292b2a7b4e9663cd536,cpu_hierarquica_v1,0.0,ok,,44.17,0.0,SINAPI_Referência_2026_05.xlsx!Analítico!B47978,revestimentos_forros,Revestimentos e forros,revestimentos_forros,44.188557005759996,0.6526711726296158,13,0.3450041420907403,3,0.001457854529886612,1,0.0008668307497573875,1,0.8615591279999999,0.0,18,0,0.04201269132894416,3a2bb0f2ce9db5e05f51f3a0e0cc8347cb19e07de96bb115d30978b9fb1a8943,massa unica em argamassa traco # # # preparo mecanico aplicada manualmente em paredes internas de ambientes com area entre #m# e #m# e #mm com taliscas,v_8bb45ffaa009f9e8
sinapi_es,2026-05,87530,"MASSA ÚNICA, EM ARGAMASSA TRAÇO 1:2:8, PREPARO MANUAL, APLICADA MANUALMENTE EM PAREDES INTERNAS DE AMBIENTES COM ÁREA ENTRE 5M² E 10M², E = 17,5MM, COM TALISCAS. AF_03/2024",M2,Massa Única Interna,48.73,sem_desoneracao,2026-06-12,928df42a952625eb12d41baf2b5ab17e1207af6e7881cb9f1c7fcac4708400e3,SINAPI_Referência_2026_05.xlsx!CSD!S7784,f4653747204ddb6ef1216b0a73411cd6b705dbd715316a1ac1b4899187e18c3a,cpu_hierarquica_v1,0.0,ok,,48.73,0.0,SINAPI_Referência_2026_05.xlsx!Analítico!B47950,revestimentos_forros,Revestimentos e forros,revestimentos_forros,48.75077650672,0.6926289057583634,10,0.30737109424163667,3,0.0,0,0.0,0,1.068216048,0.0,13,0,0.04263596700185575,4fe860d93aa1fea3bfdbec1d3bbcc6fdcca807b0bbd51e6f93f8c91365dcbf3c,massa unica em argamassa traco # # # preparo manual aplicada manualmente em paredes internas de ambientes com area entre #m# e #m# e #mm com taliscas,v_24e05d145669d072
sinapi_es,2026-05,87531,"EMBOÇO, EM ARGAMASSA TRAÇO 1:2:8, PREPARO MECÂNICO, APLICADO MANUALMENTE EM PAREDES INTERNAS DE AMBIENTES COM ÁREA ENTRE 5M² E 10M², E = 17,5MM, COM TALISCAS. AF_03/2024",M2,Massa Única Interna,42.53,sem_desoneracao,2026-06-12,928df42a952625eb12d41baf2b5ab17e1207af6e7881cb9f1c7fcac4708400e3,SINAPI_Referência_2026_05.xlsx!CSD!S7768,5cf5fa1559c5af2484dd3cb269a2fe37b88dd82497d46379a6484ec234b7994d,cpu_hierarquica_v1,0.0,ok,,42.53,0.0,SINAPI_Referência_2026_05.xlsx!Analítico!B47886,revestimentos_forros,Revestimentos e forros,revestimentos_forros,42.55338671656,0.6393246020527148,13,0.358261383554395,3,0.001513874522587182,1,0.0009001398703030535,1,0.812235168,0.0,18,0,0.05498875278626256,3a2bb0f2ce9db5e05f51f3a0e0cc8347cb19e07de96bb115d30978b9fb1a8943,emboco em argamassa traco # # # preparo mecanico aplicado manualmente em paredes internas de ambientes com area entre #m# e #m# e #mm com taliscas,v_8bb45ffaa009f9e8
sinapi_es,2026-05,87532,"EMBOÇO, EM ARGAMASSA TRAÇO 1:2:8, PREPARO MANUAL, APLICADO MANUALMENTE EM PAREDES INTERNAS DE AMBIENTES COM ÁREA ENTRE 5M² E 10M², E = 17,5MM, COM TALISCAS. AF_03/2024",M2,Massa Única Interna,47.09,sem_desoneracao,2026-06-12,928df42a952625eb12d41baf2b5ab17e1207af6e7881cb9f1c7fcac4708400e3,SINAPI_Referência_2026_05.xlsx!CSD!S7756,1f5a1403d55198188bf8e9b586b0c2a826c97d9aea6daf30bf5fd471c2ab5bd5,cpu_hierarquica_v1,0.0,ok,,47.09,0.0,SINAPI_Referência_2026_05.xlsx!Analítico!B47838,revestimentos_forros,Revestimentos e forros,revestimentos_forros,47.115606217519996,0.681961440741731,10,0.318038559258269,3,0.0,0,0.0,0,1.0188920879999999,0.0,13,0,0.05437718734336998,4fe860d93aa1fea3bfdbec1d3bbcc6fdcca807b0bbd51e6f93f8c91365dcbf3c,emboco em argamassa traco # # # preparo manual aplicado manualmente em paredes internas de ambientes com area entre #m# e #m# e #mm com taliscas,v_24e05d145669d072
sinapi_es,2026-05,87535,"EMBOÇO, EM ARGAMASSA TRAÇO 1:2:8, PREPARO MECÂNICO, APLICADO MANUALMENTE EM PAREDES INTERNAS DE AMBIENTES COM ÁREA MAIOR QUE 10M², E = 17,5MM, COM TALISCAS. AF_03/2024",M2,Massa Única Interna,39.17,sem_desoneracao,2026-06-12,928df42a952625eb12d41baf2b5ab17e1207af6e7881cb9f1c7fcac4708400e3,SINAPI_Referência_2026_05.xlsx!CSD!S7770,75f046b4c2e38c391f87c73d77eace94a5198ed8b45b2f5c69c17839505744e9,cpu_hierarquica_v1,0.0,ok,,39.17,0.0,SINAPI_Referência_2026_05.xlsx!Analítico!B47894,revestimentos_forros,Revestimentos e forros,revestimentos_forros,39.19163910336,0.6083868896750435,13,0.38899202862615123,3,0.001643730384179749,1,0.0009773513146255754,1,0.7108300080000001,0.0,18,0,0.055244072912930174,3a2bb0f2ce9db5e05f51f3a0e0cc8347cb19e07de96bb115d30978b9fb1a8943,emboco em argamassa traco # # # preparo mecanico aplicado manualmente em paredes internas de ambientes com area maior que #m# e #mm com taliscas,v_8bb45ffaa009f9e8
sinapi_es,2026-05,87536,"EMBOÇO, EM ARGAMASSA TRAÇO 1:2:8, PREPARO MANUAL, APLICADO MANUALMENTE EM PAREDES INTERNAS DE AMBIENTES COM ÁREA MAIOR QUE 10M², E = 17,5MM, COM TALISCAS. AF_03/2024",M2,Massa Única Interna,43.73,sem_desoneracao,2026-06-12,928df42a952625eb12d41baf2b5ab17e1207af6e7881cb9f1c7fcac4708400e3,SINAPI_Referência_2026_05.xlsx!CSD!S7758,ff724283229ffc52ab4e6fdbc1e4f1508678f009a51ed267e81e48606679df26,cpu_hierarquica_v1,0.0,ok,,43.73,0.0,SINAPI_Referência_2026_05.xlsx!Analítico!B47846,revestimentos_forros,Revestimentos e forros,revestimentos_forros,43.75385860432,0.6575255303649833,10,0.3424744696350166,3,0.0,0,0.0,0,0.917486928,0.0,13,0,0.054558893940097004,4fe860d93aa1fea3bfdbec1d3bbcc6fdcca807b0bbd51e6f93f8c91365dcbf3c,emboco em argamassa traco # # # preparo manual aplicado manualmente em paredes internas de ambientes com area maior que #m# e #mm com taliscas,v_24e05d145669d072
sinapi_es,2026-05,87539,"EMBOÇO, EM ARGAMASSA INDUSTRIALIZADA, PREPARO MECÂNICO, APLICADO COM EQUIPAMENTO DE MISTURA E PROJEÇÃO DE ARGAMASSA EM PAREDES INTERNAS, E = 17,5MM, COM TALISCAS. AF_03/2024",M2,Massa Única Interna,65.72,sem_desoneracao,2026-06-12,928df42a952625eb12d41baf2b5ab17e1207af6e7881cb9f1c7fcac4708400e3,SINAPI_Referência_2026_05.xlsx!CSD!S7748,ae2597b0cae0eb31006635ea0148a395324a12271bf9211e4287578b8001abfe,cpu_hierarquica_v1,0.0,ok,,65.72,0.0,SINAPI_Referência_2026_05.xlsx!Analítico!B47806,revestimentos_forros,Revestimentos e forros,revestimentos_forros,65.74375928348326,0.3068364092974393,13,0.6783785023258413,1,0.014469826867096395,1,0.0003152615096229688,1,0.57898876576,0.0,16,0,0.03615228771037475,3c9b275cfbc940a3dee567e46c9033b31cc4a05bd8bf19f7b9248bf3e1fc2608,emboco em argamassa industrializada preparo mecanico aplicado com equipamento de mistura e projecao de argamassa em paredes internas e #mm com taliscas,v_7434d0fbc26aed78
sinapi_es,2026-05,87543,"MASSA ÚNICA, EM ARGAMASSA INDUSTRIALIZADA, PREPARO MECÂNICO, APLICADA COM EQUIPAMENTO DE MISTURA E PROJEÇÃO DE ARGAMASSA EM PAREDES INTERNAS, E = 5MM, SEM TALISCAS. AF_03/2024",M2,Massa Única Interna,25.82,sem_desoneracao,2026-06-12,928df42a952625eb12d41baf2b5ab17e1207af6e7881cb9f1c7fcac4708400e3,SINAPI_Referência_2026_05.xlsx!CSD!S7776,a2eec91ecdc9813de633089c60375d5b18d0867ea8458057b1fc8558f16f70f4,cpu_hierarquica_v1,0.0,ok,,25.82,0.0,SINAPI_Referência_2026_05.xlsx!Analítico!B47918,revestimentos_forros,Revestimentos e forros,revestimentos_forros,25.839744491160065,0.39666041908447086,13,0.5904704268735985,1,0.012594745879635178,1,0.00027440816229532574,1,0.29445219776,0.0,16,0,0.0764697566230241,3c9b275cfbc940a3dee567e46c9033b31cc4a05bd8bf19f7b9248bf3e1fc2608,massa unica em argamassa industrializada preparo mecanico aplicada com equipamento de mistura e projecao de argamassa em paredes internas e #mm sem taliscas,v_7434d0fbc26aed78
sinapi_es,2026-05,87545,"EMBOÇO, EM ARGAMASSA TRAÇO 1:2:8, PREPARO MECÂNICO, APLICADO MANUALMENTE EM PAREDES INTERNAS, PARA AMBIENTES COM ÁREA MENOR QUE 5M², E = 10MM, COM TALISCAS. AF_03/2024",M2,Massa Única Interna,36.13,sem_desoneracao,2026-06-12,928df42a952625eb12d41baf2b5ab17e1207af6e7881cb9f1c7fcac4708400e3,SINAPI_Referência_2026_05.xlsx!CSD!S7772,43f2faff6be5ffd8562628950c628adbffc8ce511884293370670b8a43ab6b43,cpu_hierarquica_v1,0.0,ok,,36.13,0.0,SINAPI_Referência_2026_05.xlsx!Analítico!B47902,revestimentos_forros,Revestimentos e forros,revestimentos_forros,36.14834763746,0.7290492572100257,13,0.26913725898547347,3,0.0011372703231778665,1,0.000676213481322976,1,0.789589863,0.0,18,0,0.05078227915858354,3a2bb0f2ce9db5e05f51f3a0e0cc8347cb19e07de96bb115d30978b9fb1a8943,emboco em argamassa traco # # # preparo mecanico aplicado manualmente em paredes internas para ambientes com area menor que #m# e #mm com taliscas,v_8bb45ffaa009f9e8
sinapi_es,2026-05,87546,"EMBOÇO, EM ARGAMASSA TRAÇO 1:2:8, PREPARO MANUAL, APLICADO MANUALMENTE EM PAREDES INTERNAS, PARA AMBIENTES COM ÁREA MENOR QUE 5M², E = 10MM, COM TALISCAS. AF_03/2024",M2,Massa Única Interna,39.05,sem_desoneracao,2026-06-12,928df42a952625eb12d41baf2b5ab17e1207af6e7881cb9f1c7fcac4708400e3,SINAPI_Referência_2026_05.xlsx!CSD!S7760,003c713f4c98a1e5475e12419ba8aa4da9e509a15a18f49300e61564eac78da7,cpu_hierarquica_v1,0.0,ok,,39.05,0.0,SINAPI_Referência_2026_05.xlsx!Analítico!B47854,revestimentos_forros,Revestimentos e forros,revestimentos_forros,39.05976402952,0.7551821431186073,10,0.2448178568813928,3,0.0,0,0.0,0,0.921469608,0.0,13,0,0.025003916824582435,4fe860d93aa1fea3bfdbec1d3bbcc6fdcca807b0bbd51e6f93f8c91365dcbf3c,emboco em argamassa traco # # # preparo manual aplicado manualmente em paredes internas para ambientes com area menor que #m# e #mm com taliscas,v_24e05d145669d072
sinapi_es,2026-05,87547,"MASSA ÚNICA, EM ARGAMASSA TRAÇO 1:2:8, PREPARO MECÂNICO, APLICADA MANUALMENTE EM PAREDES INTERNAS DE AMBIENTES COM ÁREA ENTRE 5M² E 10M², E = 10MM, COM TALISCAS. AF_03/2024",M2,Massa Única Interna,32.11,sem_desoneracao,2026-06-12,928df42a952625eb12d41baf2b5ab17e1207af6e7881cb9f1c7fcac4708400e3,SINAPI_Referência_2026_05.xlsx!CSD!S7790,b626bc9c3413e6470f2b7ee933297f8fb338123361f2f440098f98e6f79ed25c,cpu_hierarquica_v1,0.0,ok,,32.11,0.0,SINAPI_Referência_2026_05.xlsx!Analítico!B47974,revestimentos_forros,Revestimentos e forros,revestimentos_forros,32.13006758346,0.6951633662905211,13,0.30279635032601837,3,0.0012795006699943248,1,0.0007607827134662906,1,0.6683734229999999,0.0,18,0,0.06249636705075586,3a2bb0f2ce9db5e05f51f3a0e0cc8347cb19e07de96bb115d30978b9fb1a8943,massa unica em argamassa traco # # # preparo mecanico aplicada manualmente em paredes internas de ambientes com area entre #m# e #m# e #mm com taliscas,v_8bb45ffaa009f9e8
sinapi_es,2026-05,87548,"MASSA ÚNICA, EM ARGAMASSA TRAÇO 1:2:8, PREPARO MANUAL, APLICADA MANUALMENTE EM PAREDES INTERNAS DE AMBIENTES COM ÁREA ENTRE 5M² E 10M², E = 10MM, COM TALISCAS. AF_03/2024",M2,Massa Única Interna,35.03,sem_desoneracao,2026-06-12,928df42a952625eb12d41baf2b5ab17e1207af6e7881cb9f1c7fcac4708400e3,SINAPI_Referência_2026_05.xlsx!CSD!S7783,82bf6042abfe153aa611289cdfe21725e0adec29c29cccc271fcc896cbd7d9d2,cpu_hierarquica_v1,0.0,ok,,35.03,0.0,SINAPI_Referência_2026_05.xlsx!Analítico!B47946,revestimentos_forros,Revestimentos e forros,revestimentos_forros,35.041483975519995,0.7271083688498928,10,0.27289163115010734,3,0.0,0,0.0,0,0.800253168,0.0,13,0,0.032783258692531556,4fe860d93aa1fea3bfdbec1d3bbcc6fdcca807b0bbd51e6f93f8c91365dcbf3c,massa unica em argamassa traco # # # preparo manual aplicada manualmente em paredes internas de ambientes com area entre #m# e #m# e #mm com taliscas,v_24e05d145669d072
sinapi_es,2026-05,87549,"EMBOÇO, EM ARGAMASSA TRAÇO 1:2:8, PREPARO MECÂNICO, APLICADO MANUALMENTE EM PAREDES INTERNAS DE AMBIENTES COM ÁREA ENTRE 5M² E 10M², E = 10MM, COM TALISCAS. AF_03/2024",M2,Massa Única Interna,30.48,sem_desoneracao,2026-06-12,928df42a952625eb12d41baf2b5ab17e1207af6e7881cb9f1c7fcac4708400e3,SINAPI_Referência_2026_05.xlsx!CSD!S7767,8038f7ea1348c8aac8590b41982c4b2f4ba9645aafb31c11fee891fc7d2c324e,cpu_hierarquica_v1,0.0,ok,,30.48,0.0,SINAPI_Referência_2026_05.xlsx!Analítico!B47882,revestimentos_forros,Revestimentos e forros,revestimentos_forros,30.50142415426,0.6788864154845683,13,0.31896435887047625,3,0.0013478204424844302,1,0.0008014052024710464,1,0.6192537029999999,0.0,18,0,0.07028922001312334,3a2bb0f2ce9db5e05f51f3a0e0cc8347cb19e07de96bb115d30978b9fb1a8943,emboco em argamassa traco # # # preparo mecanico aplicado manualmente em paredes internas de ambientes com area entre #m# e #m# e #mm com taliscas,v_8bb45ffaa009f9e8
sinapi_es,2026-05,87550,"EMBOÇO, EM ARGAMASSA TRAÇO 1:2:8, PREPARO MANUAL, APLICADO MANUALMENTE EM PAREDES INTERNAS DE AMBIENTES COM ÁREA ENTRE 5M² E 10M², E = 10MM, COM TALISCAS. AF_03/2024",M2,Massa Única Interna,33.4,sem_desoneracao,2026-06-12,928df42a952625eb12d41baf2b5ab17e1207af6e7881cb9f1c7fcac4708400e3,SINAPI_Referência_2026_05.xlsx!CSD!S7755,acc9e048cdb128a2598f176b6b605cf91a060bae3aab81a5b005ff66a94fcc47,cpu_hierarquica_v1,0.0,ok,,33.4,0.0,SINAPI_Referência_2026_05.xlsx!Analítico!B47834,revestimentos_forros,Revestimentos e forros,revestimentos_forros,33.41284054632,0.7138068011085879,10,0.28619319889141215,3,0.0,0,0.0,0,0.751133448,0.0,13,0,0.03844474946107679,4fe860d93aa1fea3bfdbec1d3bbcc6fdcca807b0bbd51e6f93f8c91365dcbf3c,emboco em argamassa traco # # # preparo manual aplicado manualmente em paredes internas de ambientes com area entre #m# e #m# e #mm com taliscas,v_24e05d145669d072
sinapi_es,2026-05,87553,"EMBOÇO, EM ARGAMASSA TRAÇO 1:2:8, PREPARO MECÂNICO, APLICADO MANUALMENTE EM PAREDES INTERNAS DE AMBIENTES COM ÁREA MAIOR QUE 10M², E = 10MM, COM TALISCAS. AF_03/2024",M2,Massa Única Interna,27.11,sem_desoneracao,2026-06-12,928df42a952625eb12d41baf2b5ab17e1207af6e7881cb9f1c7fcac4708400e3,SINAPI_Referência_2026_05.xlsx!CSD!S7769,915c59f2cdecf7213e1cdaa1dff336f743e39870802aec3d55224acc954eff34,cpu_hierarquica_v1,0.0,ok,,27.11,0.0,SINAPI_Referência_2026_05.xlsx!Analítico!B47890,revestimentos_forros,Revestimentos e forros,revestimentos_forros,27.133149681060004,0.6390237861018807,13,0.3585601861324315,3,0.0015151371471147964,1,0.0009008906185728546,1,0.517644303,0.0,18,0,0.08539166750278467,3a2bb0f2ce9db5e05f51f3a0e0cc8347cb19e07de96bb115d30978b9fb1a8943,emboco em argamassa traco # # # preparo mecanico aplicado manualmente em paredes internas de ambientes com area maior que #m# e #mm com taliscas,v_8bb45ffaa009f9e8
sinapi_es,2026-05,87554,"EMBOÇO, EM ARGAMASSA TRAÇO 1:2:8, PREPARO MANUAL, APLICADO MANUALMENTE EM PAREDES INTERNAS DE AMBIENTES COM ÁREA MAIOR QUE 10M², E = 10MM, COM TALISCAS. AF_03/2024",M2,Massa Única Interna,30.03,sem_desoneracao,2026-06-12,928df42a952625eb12d41baf2b5ab17e1207af6e7881cb9f1c7fcac4708400e3,SINAPI_Referência_2026_05.xlsx!CSD!S7757,59391ddd449df019a3525df95a54a930385bbcd2542ea36501a2d475e156c188,cpu_hierarquica_v1,0.0,ok,,30.03,0.0,SINAPI_Referência_2026_05.xlsx!Analítico!B47842,revestimentos_forros,Revestimentos e forros,revestimentos_forros,30.044566073120002,0.6817218895181409,10,0.318278110481859,3,0.0,0,0.0,0,0.649524048,0.0,13,0,0.048505071994675394,4fe860d93aa1fea3bfdbec1d3bbcc6fdcca807b0bbd51e6f93f8c91365dcbf3c,emboco em argamassa traco # # # preparo manual aplicado manualmente em paredes internas de ambientes com area maior que #m# e #mm com taliscas,v_24e05d145669d072
sinapi_es,2026-05,87557,"EMBOÇO, EM ARGAMASSA INDUSTRIALIZADA, PREPARO MECÂNICO, APLICADO COM EQUIPAMENTO DE MISTURA E PROJEÇÃO DE ARGAMASSA EM PAREDES INTERNAS, E = 10MM, COM TALISCAS. AF_03/2024",M2,Massa Única Interna,43.85,sem_desoneracao,2026-06-12,928df42a952625eb12d41baf2b5ab17e1207af6e7881cb9f1c7fcac4708400e3,SINAPI_Referência_2026_05.xlsx!CSD!S7747,b488ef57ba6a2c0042980e2dfb2021443e763aecd19d722916c7e9aed65e6201,cpu_hierarquica_v1,0.0,ok,,43.85,0.0,SINAPI_Referência_2026_05.xlsx!Analítico!B47802,revestimentos_forros,Revestimentos e forros,revestimentos_forros,43.8712709251255,0.33711497669106777,13,0.6487457727991175,1,0.01383776016041111,1,0.00030149034940368927,1,0.42463306736,0.0,16,0,0.048508381129986816,3c9b275cfbc940a3dee567e46c9033b31cc4a05bd8bf19f7b9248bf3e1fc2608,emboco em argamassa industrializada preparo mecanico aplicado com equipamento de mistura e projecao de argamassa em paredes internas e #mm com taliscas,v_7434d0fbc26aed78
sinapi_es,2026-05,87561,"MASSA ÚNICA, EM ARGAMASSA INDUSTRIALIZADA, PREPARO MECÂNICO, APLICADA COM EQUIPAMENTO DE MISTURA E PROJEÇÃO DE ARGAMASSA EM PAREDES INTERNAS, E = 10MM, SEM TALISCAS. AF_03/2024",M2,Massa Única Interna,43.13,sem_desoneracao,2026-06-12,928df42a952625eb12d41baf2b5ab17e1207af6e7881cb9f1c7fcac4708400e3,SINAPI_Referência_2026_05.xlsx!CSD!S7774,65df9709501e167bb29e19d31558106a08b63c6d4f45801659236366f28d2417,cpu_hierarquica_v1,0.0,ok,,43.13,0.0,SINAPI_Referência_2026_05.xlsx!Analítico!B47910,revestimentos_forros,Revestimentos e forros,revestimentos_forros,43.1433341759255,0.32593043617796724,13,0.6596917485316132,1,0.014071238039202403,1,0.00030657725121719255,1,0.40369846736,0.0,16,0,0.030916243741016338,3c9b275cfbc940a3dee567e46c9033b31cc4a05bd8bf19f7b9248bf3e1fc2608,massa unica em argamassa industrializada preparo mecanico aplicada com equipamento de mistura e projecao de argamassa em paredes internas e #mm sem taliscas,v_7434d0fbc26aed78
sinapi_es,2026-05,87620,"CONTRAPISO EM ARGAMASSA TRAÇO 1:4 (CIMENTO E AREIA), PREPARO MECÂNICO COM BETONEIRA 400 L, APLICADO EM ÁREAS SECAS SOBRE LAJE, ADERIDO, ACABAMENTO NÃO REFORÇADO, ESPESSURA 2CM. AF_07/2021",M2,Contrapiso,32.78,sem_desoneracao,2026-06-12,928df42a952625eb12d41baf2b5ab17e1207af6e7881cb9f1c7fcac4708400e3,SINAPI_Referência_2026_05.xlsx!CSD!S1476,823993f757380ac172d77f7ca9fced49fe310cf511ec13ffc3c94cdb5fe517af,cpu_hierarquica_v1,0.0,ok,,32.78,0.0,SINAPI_Referência_2026_05.xlsx!Analítico!B11256,pisos,Pisos e acabamentos de borda,pisos,32.80889677557,0.4937420624161956,13,0.5028192539617448,3,0.002157445783203122,1,0.0012812378388565822,1,0.4794046085,0.0,18,0,0.08815367776082106,88e254708f8e45e9b6cfd55bc567a5951140934e009d2badf8adeb6745ddd901,contrapiso em argamassa traco # # cimento e areia preparo mecanico com betoneira # l aplicado em areas secas sobre laje aderido acabamento nao reforcado espessura #cm,v_94b5a896e0091a3d
sinapi_es,2026-05,87622,"CONTRAPISO EM ARGAMASSA TRAÇO 1:4 (CIMENTO E AREIA), PREPARO MANUAL, APLICADO EM ÁREAS SECAS SOBRE LAJE, ADERIDO, ACABAMENTO NÃO REFORÇADO, ESPESSURA 2CM. AF_07/2021",M2,Contrapiso,37.09,sem_desoneracao,2026-06-12,928df42a952625eb12d41baf2b5ab17e1207af6e7881cb9f1c7fcac4708400e3,SINAPI_Referência_2026_05.xlsx!CSD!S1466,e1b3e79b5b478cee75031e538f091b46ef92d0ad13123cc13f0818aeffab6f37,cpu_hierarquica_v1,0.0,ok,,37.09,0.0,SINAPI_Referência_2026_05.xlsx!Analítico!B11204,pisos,Pisos e acabamentos de borda,pisos,37.118455925359996,0.5594338290126114,10,0.4405661709873886,3,0.0,0,0.0,0,0.676667544,0.0,13,0,0.07672128703152414,f57059a7dbd56d72e7ef151811abae287220eda5e1b7ae921cf3d0cc2b83a421,contrapiso em argamassa traco # # cimento e areia preparo manual aplicado em areas secas sobre laje aderido acabamento nao reforcado espessura #cm,v_97dd5d32fe0edcd3
sinapi_es,2026-05,87623,"CONTRAPISO EM ARGAMASSA PRONTA, PREPARO MECÂNICO COM MISTURADOR 300 KG, APLICADO EM ÁREAS SECAS SOBRE LAJE, ADERIDO, ACABAMENTO NÃO REFORÇADO, ESPESSURA 2CM. AF_07/2021",M2,Contrapiso,70.93,sem_desoneracao,2026-06-12,928df42a952625eb12d41baf2b5ab17e1207af6e7881cb9f1c7fcac4708400e3,SINAPI_Referência_2026_05.xlsx!CSD!S1456,8b5d4b6fb4dd9d0afd8da51843bf11c8e995d67bf27374ca4e1ac3c76af0ae35,cpu_hierarquica_v1,0.0,ok,,70.93,0.0,SINAPI_Referência_2026_05.xlsx!Analítico!B11152,pisos,Pisos e acabamentos de borda,pisos,70.95983116225838,0.215427107352738,13,0.7811461652614771,3,0.0021927916426210366,1,0.001233935743164095,1,0.45346079219999996,0.0,18,0,0.042057186322254816,458d8192881342d90631873470f63eb54883f3ac56410d1317e100544408bb3b,contrapiso em argamassa pronta preparo mecanico com misturador # kg aplicado em areas secas sobre laje aderido acabamento nao reforcado espessura #cm,v_2f43c12459cf14a7
sinapi_es,2026-05,87624,"CONTRAPISO EM ARGAMASSA PRONTA, PREPARO MANUAL, APLICADO EM ÁREAS SECAS SOBRE LAJE, ADERIDO, ACABAMENTO NÃO REFORÇADO, ESPESSURA 2CM. AF_07/2021",M2,Contrapiso,79.21,sem_desoneracao,2026-06-12,928df42a952625eb12d41baf2b5ab17e1207af6e7881cb9f1c7fcac4708400e3,SINAPI_Referência_2026_05.xlsx!CSD!S1446,f47f94c8775f7aa33d53279a216838414bd65d441b3b7f0109c18b0a72ae7588,cpu_hierarquica_v1,0.0,ok,,79.21,0.0,SINAPI_Referência_2026_05.xlsx!Analítico!B11100,pisos,Pisos e acabamentos de borda,pisos,79.24027348204,0.2905059822548125,10,0.7094940177451876,3,0.0,0,0.0,0,0.7561271159999999,0.0,13,0,0.038219267819722146,90b44ed8769131ed3414c0369cd4c1cf52f78ed3baa899839669789d64914a34,contrapiso em argamassa pronta preparo manual aplicado em areas secas sobre laje aderido acabamento nao reforcado espessura #cm,v_62907f057e82d9be
sinapi_es,2026-05,87630,"CONTRAPISO EM ARGAMASSA TRAÇO 1:4 (CIMENTO E AREIA), PREPARO MECÂNICO COM BETONEIRA 400 L, APLICADO EM ÁREAS SECAS SOBRE LAJE, ADERIDO, ACABAMENTO NÃO REFORÇADO, ESPESSURA 3CM. AF_07/2021",M2,Contrapiso,41.96,sem_desoneracao,2026-06-12,928df42a952625eb12d41baf2b5ab17e1207af6e7881cb9f1c7fcac4708400e3,SINAPI_Referência_2026_05.xlsx!CSD!S1477,09e36112c1520de18c8292cd2973dd0298ceeeb763ef9b6a51f3116c7001c0b1,cpu_hierarquica_v1,0.0,ok,,41.96,0.0,SINAPI_Referência_2026_05.xlsx!Analítico!B11262,pisos,Pisos e acabamentos de borda,pisos,41.981043479956995,0.4732848912591478,13,0.5229787704177021,3,0.002344195699827822,1,0.0013921426233224222,1,0.5865736808500001,0.0,18,0,0.05015128683744959,88e254708f8e45e9b6cfd55bc567a5951140934e009d2badf8adeb6745ddd901,contrapiso em argamassa traco # # cimento e areia preparo mecanico com betoneira # l aplicado em areas secas sobre laje aderido acabamento nao reforcado espessura #cm,v_94b5a896e0091a3d
sinapi_es,2026-05,87632,"CONTRAPISO EM ARGAMASSA TRAÇO 1:4 (CIMENTO E AREIA), PREPARO MANUAL, APLICADO EM ÁREAS SECAS SOBRE LAJE, ADERIDO, ACABAMENTO NÃO REFORÇADO, ESPESSURA 3CM. AF_07/2021",M2,Contrapiso,47.96,sem_desoneracao,2026-06-12,928df42a952625eb12d41baf2b5ab17e1207af6e7881cb9f1c7fcac4708400e3,SINAPI_Referência_2026_05.xlsx!CSD!S1467,6aec3dd1464fdd7ef0c3f3b0472aebd7ec2010888b9e88d2c46682ee39e1f6ba,cpu_hierarquica_v1,0.0,ok,,47.96,0.0,SINAPI_Referência_2026_05.xlsx!Analítico!B11210,pisos,Pisos e acabamentos de borda,pisos,47.972720878535995,0.5465078235799263,10,0.4534921764200737,3,0.0,0,0.0,0,0.8608327944,0.0,13,0,0.026523933561288612,f57059a7dbd56d72e7ef151811abae287220eda5e1b7ae921cf3d0cc2b83a421,contrapiso em argamassa traco # # cimento e areia preparo manual aplicado em areas secas sobre laje aderido acabamento nao reforcado espessura #cm,v_97dd5d32fe0edcd3
sinapi_es,2026-05,87633,"CONTRAPISO EM ARGAMASSA PRONTA, PREPARO MECÂNICO COM MISTURADOR 300 KG, APLICADO EM ÁREAS SECAS SOBRE LAJE, ADERIDO, ACABAMENTO NÃO REFORÇADO, ESPESSURA 3CM. AF_07/2021",M2,Contrapiso,95.01,sem_desoneracao,2026-06-12,928df42a952625eb12d41baf2b5ab17e1207af6e7881cb9f1c7fcac4708400e3,SINAPI_Referência_2026_05.xlsx!CSD!S1457,ec7d42471cf179c8558ff3d86e5f51f6a1e6053f6350bcd9670bc092f4cd930c,cpu_hierarquica_v1,0.0,ok,,95.01,0.0,SINAPI_Referência_2026_05.xlsx!Analítico!B11158,pisos,Pisos e acabamentos de borda,pisos,95.02314903048185,0.19574575654555193,13,0.8006964700316687,3,0.0022766491026312285,1,0.0012811243201480197,1,0.55050340722,0.0,18,0,0.013839627914789338,458d8192881342d90631873470f63eb54883f3ac56410d1317e100544408bb3b,contrapiso em argamassa pronta preparo mecanico com misturador # kg aplicado em areas secas sobre laje aderido acabamento nao reforcado espessura #cm,v_2f43c12459cf14a7
sinapi_es,2026-05,87634,"CONTRAPISO EM ARGAMASSA PRONTA, PREPARO MANUAL, APLICADO EM ÁREAS SECAS SOBRE LAJE, ADERIDO, ACABAMENTO NÃO REFORÇADO, ESPESSURA 3CM. AF_07/2021",M2,Contrapiso,106.52,sem_desoneracao,2026-06-12,928df42a952625eb12d41baf2b5ab17e1207af6e7881cb9f1c7fcac4708400e3,SINAPI_Referência_2026_05.xlsx!CSD!S1447,24c186ac1ec283bca9b2e672bf345e70a0f8281360dcfb500e287aec8ac2866c,cpu_hierarquica_v1,0.0,ok,,106.52,0.0,SINAPI_Referência_2026_05.xlsx!Analítico!B11106,pisos,Pisos e acabamentos de borda,pisos,106.535634965404,0.2755123670585492,10,0.7244876329414507,3,0.0,0,0.0,0,0.9713072316,0.0,13,0,0.014677962264367461,90b44ed8769131ed3414c0369cd4c1cf52f78ed3baa899839669789d64914a34,contrapiso em argamassa pronta preparo manual aplicado em areas secas sobre laje aderido acabamento nao reforcado espessura #cm,v_62907f057e82d9be
sinapi_es,2026-05,87640,"CONTRAPISO EM ARGAMASSA TRAÇO 1:4 (CIMENTO E AREIA), PREPARO MECÂNICO COM BETONEIRA 400 L, APLICADO EM ÁREAS SECAS SOBRE LAJE, ADERIDO, ACABAMENTO NÃO REFORÇADO, ESPESSURA 4CM. AF_07/2021",M2,Contrapiso,49.48,sem_desoneracao,2026-06-12,928df42a952625eb12d41baf2b5ab17e1207af6e7881cb9f1c7fcac4708400e3,SINAPI_Referência_2026_05.xlsx!CSD!S1478,bc457244720c00e692cc7c5c0b0e879cffdc20a212a2d408a654fa16d1e2baa8,cpu_hierarquica_v1,0.0,ok,,49.48,0.0,SINAPI_Referência_2026_05.xlsx!Analítico!B11268,pisos,Pisos e acabamentos de borda,pisos,49.50598983590999,0.4624101064090806,13,0.5336937022686306,3,0.0024444882003393145,1,0.0014517031219496868,1,0.6748144855,0.0,18,0,0.05252594161276551,88e254708f8e45e9b6cfd55bc567a5951140934e009d2badf8adeb6745ddd901,contrapiso em argamassa traco # # cimento e areia preparo mecanico com betoneira # l aplicado em areas secas sobre laje aderido acabamento nao reforcado espessura #cm,v_94b5a896e0091a3d
sinapi_es,2026-05,87642,"CONTRAPISO EM ARGAMASSA TRAÇO 1:4 (CIMENTO E AREIA), PREPARO MANUAL, APLICADO EM ÁREAS SECAS SOBRE LAJE, ADERIDO, ACABAMENTO NÃO REFORÇADO, ESPESSURA 4CM. AF_07/2021",M2,Contrapiso,56.85,sem_desoneracao,2026-06-12,928df42a952625eb12d41baf2b5ab17e1207af6e7881cb9f1c7fcac4708400e3,SINAPI_Referência_2026_05.xlsx!CSD!S1468,347063865e8891e8930e88a85d39dd817b91eb349581be92e6884848ac4c67a9,cpu_hierarquica_v1,0.0,ok,,56.85,0.0,SINAPI_Referência_2026_05.xlsx!Analítico!B11216,pisos,Pisos e acabamentos de borda,pisos,56.873945801679994,0.5397687353841588,10,0.4602312646158413,3,0.0,0,0.0,0,1.012070472,0.0,13,0,0.04212102318380464,f57059a7dbd56d72e7ef151811abae287220eda5e1b7ae921cf3d0cc2b83a421,contrapiso em argamassa traco # # cimento e areia preparo manual aplicado em areas secas sobre laje aderido acabamento nao reforcado espessura #cm,v_97dd5d32fe0edcd3
sinapi_es,2026-05,87643,"CONTRAPISO EM ARGAMASSA PRONTA, PREPARO MECÂNICO COM MISTURADOR 300 KG, APLICADO EM ÁREAS SECAS SOBRE LAJE, ADERIDO, ACABAMENTO NÃO REFORÇADO, ESPESSURA 4CM. AF_07/2021",M2,Contrapiso,114.7,sem_desoneracao,2026-06-12,928df42a952625eb12d41baf2b5ab17e1207af6e7881cb9f1c7fcac4708400e3,SINAPI_Referência_2026_05.xlsx!CSD!S1458,1dde60e980c4a91255d142944046df04a1b1dca6aff8da0ad43e3431f77910bc,cpu_hierarquica_v1,0.0,ok,,114.7,0.0,SINAPI_Referência_2026_05.xlsx!Analítico!B11164,pisos,Pisos e acabamentos de borda,pisos,114.7317808841192,0.18592978827686543,13,0.8104467592455068,3,0.0023186776816084657,1,0.0013047747960192332,1,0.6304589286,0.0,18,0,0.027707832710724006,458d8192881342d90631873470f63eb54883f3ac56410d1317e100544408bb3b,contrapiso em argamassa pronta preparo mecanico com misturador # kg aplicado em areas secas sobre laje aderido acabamento nao reforcado espessura #cm,v_2f43c12459cf14a7
sinapi_es,2026-05,87644,"CONTRAPISO EM ARGAMASSA PRONTA, PREPARO MANUAL, APLICADO EM ÁREAS SECAS SOBRE LAJE, ADERIDO, ACABAMENTO NÃO REFORÇADO, ESPESSURA 4CM. AF_07/2021",M2,Contrapiso,128.86,sem_desoneracao,2026-06-12,928df42a952625eb12d41baf2b5ab17e1207af6e7881cb9f1c7fcac4708400e3,SINAPI_Referência_2026_05.xlsx!CSD!S1448,d18039c8edf5661fea021e49192e5bccde0feca89a55d1bbf82660d49209304f,cpu_hierarquica_v1,0.0,ok,,128.86,0.0,SINAPI_Referência_2026_05.xlsx!Analítico!B11112,pisos,Pisos e acabamentos de borda,pisos,128.88866614052,0.2680853730214621,10,0.7319146269785378,3,0.0,0,0.0,0,1.147920708,0.0,13,0,0.02224595725592732,90b44ed8769131ed3414c0369cd4c1cf52f78ed3baa899839669789d64914a34,contrapiso em argamassa pronta preparo manual aplicado em areas secas sobre laje aderido acabamento nao reforcado espessura #cm,v_62907f057e82d9be
sinapi_es,2026-05,87680,"CONTRAPISO EM ARGAMASSA TRAÇO 1:4 (CIMENTO E AREIA), PREPARO MECÂNICO COM BETONEIRA 400 L, APLICADO EM ÁREAS SECAS SOBRE LAJE, NÃO ADERIDO, ACABAMENTO NÃO REFORÇADO, ESPESSURA 4CM. AF_07/2021",M2,Contrapiso,45.79,sem_desoneracao,2026-06-12,928df42a952625eb12d41baf2b5ab17e1207af6e7881cb9f1c7fcac4708400e3,SINAPI_Referência_2026_05.xlsx!CSD!S1479,4fb54be1043c871189aa28654858675b133c90aa8689ec8310e221fb4240a877,cpu_hierarquica_v1,0.0,ok,,45.79,0.0,SINAPI_Referência_2026_05.xlsx!Analítico!B11274,pisos,Pisos e acabamentos de borda,pisos,45.81052414391,0.4738999332928622,13,0.5218895755240623,2,0.0026416813660510765,1,0.0015688098170244151,1,0.6390724855000001,0.0,17,0,0.04482232782267334,bcd72ed09c06d9606517eed02610c635bb1bb06302c24a49aa7ab68e8e49d644,contrapiso em argamassa traco # # cimento e areia preparo mecanico com betoneira # l aplicado em areas secas sobre laje nao aderido acabamento nao reforcado espessura #cm,v_29b44ca548b9cac1
sinapi_es,2026-05,87682,"CONTRAPISO EM ARGAMASSA TRAÇO 1:4 (CIMENTO E AREIA), PREPARO MANUAL, APLICADO EM ÁREAS SECAS SOBRE LAJE, NÃO ADERIDO, ACABAMENTO NÃO REFORÇADO, ESPESSURA 4CM. AF_07/2021",M2,Contrapiso,53.16,sem_desoneracao,2026-06-12,928df42a952625eb12d41baf2b5ab17e1207af6e7881cb9f1c7fcac4708400e3,SINAPI_Referência_2026_05.xlsx!CSD!S1469,83cd781b704a3df0490781954a50b783d8414f658251135384697382a6b2fab2,cpu_hierarquica_v1,0.0,ok,,53.16,0.0,SINAPI_Referência_2026_05.xlsx!Analítico!B11222,pisos,Pisos e acabamentos de borda,pisos,53.17848010968,0.5550424165715708,10,0.44495758342842917,2,0.0,0,0.0,0,0.9763284720000001,0.0,12,0,0.034763186004525576,2efade5675a4ddaebf801912c278a026169871f08df7f50d0c2e188d93735315,contrapiso em argamassa traco # # cimento e areia preparo manual aplicado em areas secas sobre laje nao aderido acabamento nao reforcado espessura #cm,v_075cfc5a3e03140d
sinapi_es,2026-05,87683,"CONTRAPISO EM ARGAMASSA PRONTA, PREPARO MECÂNICO COM MISTURADOR 300 KG, APLICADO EM ÁREAS SECAS SOBRE LAJE, NÃO ADERIDO, ACABAMENTO NÃO REFORÇADO, ESPESSURA 4CM. AF_07/2021",M2,Contrapiso,111.01,sem_desoneracao,2026-06-12,928df42a952625eb12d41baf2b5ab17e1207af6e7881cb9f1c7fcac4708400e3,SINAPI_Referência_2026_05.xlsx!CSD!S1459,7d95aeaf6b3fd4ae5fff95013c4af11bc4c12ad70094b990e5e9eb1274aa21fd,cpu_hierarquica_v1,0.0,ok,,111.01,0.0,SINAPI_Referência_2026_05.xlsx!Analítico!B11170,pisos,Pisos e acabamentos de borda,pisos,111.03631519211919,0.18146846823535548,13,0.8147874850085189,1,0.0023958469735501564,1,0.001348199782575502,1,0.5947169286,0.0,16,0,0.023705244679925117,c68c4ea0b676026b217494a87961896f75be9f8656db3f1d2f533112c4e6106c,contrapiso em argamassa pronta preparo mecanico com misturador # kg aplicado em areas secas sobre laje nao aderido acabamento nao reforcado espessura #cm,v_b0d656714f76cdeb
sinapi_es,2026-05,87684,"CONTRAPISO EM ARGAMASSA PRONTA, PREPARO MANUAL, APLICADO EM ÁREAS SECAS SOBRE LAJE, NÃO ADERIDO, ACABAMENTO NÃO REFORÇADO, ESPESSURA 4CM. AF_07/2021",M2,Contrapiso,125.17,sem_desoneracao,2026-06-12,928df42a952625eb12d41baf2b5ab17e1207af6e7881cb9f1c7fcac4708400e3,SINAPI_Referência_2026_05.xlsx!CSD!S1449,66dd57bcda835a28dae1c2d5c6e2500b141584a46394571b71e5a5e0fe7f09b4,cpu_hierarquica_v1,0.0,ok,,125.17,0.0,SINAPI_Referência_2026_05.xlsx!Analítico!B11118,pisos,Pisos e acabamentos de borda,pisos,125.19320044852,0.2665536173607302,10,0.7334463826392698,1,0.0,0,0.0,0,1.112178708,0.0,11,0,0.01853515101062619,85468c879f69c98d20d3a670282764c30bc09e03da7b6fafc3a2f8cdcbad586c,contrapiso em argamassa pronta preparo manual aplicado em areas secas sobre laje nao aderido acabamento nao reforcado espessura #cm,v_a7f8d84caec12b35
sinapi_es,2026-05,87690,"CONTRAPISO EM ARGAMASSA TRAÇO 1:4 (CIMENTO E AREIA), PREPARO MECÂNICO COM BETONEIRA 400 L, APLICADO EM ÁREAS SECAS SOBRE LAJE, NÃO ADERIDO, ACABAMENTO NÃO REFORÇADO, ESPESSURA 5CM. AF_07/2021",M2,Contrapiso,52.48,sem_desoneracao,2026-06-12,928df42a952625eb12d41baf2b5ab17e1207af6e7881cb9f1c7fcac4708400e3,SINAPI_Referência_2026_05.xlsx!CSD!S1480,ee15db672b3c675d48ec31a7f169b3ac355b090f0aeae58a8c2d12b7aae093ea,cpu_hierarquica_v1,0.0,ok,,52.48,0.0,SINAPI_Referência_2026_05.xlsx!Analítico!B11278,pisos,Pisos e acabamentos de borda,pisos,52.500777127429,0.4742482739216606,13,0.5215440227397047,2,0.0026399322597377194,1,0.0015677710788969943,1,0.73289382245,0.0,17,0,0.03959056293635599,bcd72ed09c06d9606517eed02610c635bb1bb06302c24a49aa7ab68e8e49d644,contrapiso em argamassa traco # # cimento e areia preparo mecanico com betoneira # l aplicado em areas secas sobre laje nao aderido acabamento nao reforcado espessura #cm,v_29b44ca548b9cac1
sinapi_es,2026-05,87692,"CONTRAPISO EM ARGAMASSA TRAÇO 1:4 (CIMENTO E AREIA), PREPARO MANUAL, APLICADO EM ÁREAS SECAS SOBRE LAJE, NÃO ADERIDO, ACABAMENTO NÃO REFORÇADO, ESPESSURA 5CM. AF_07/2021",M2,Contrapiso,60.92,sem_desoneracao,2026-06-12,928df42a952625eb12d41baf2b5ab17e1207af6e7881cb9f1c7fcac4708400e3,SINAPI_Referência_2026_05.xlsx!CSD!S1470,d71d7a36329f884196f60a96cfbdc938d05055a48c380655bf8ae882ff348909,cpu_hierarquica_v1,0.0,ok,,60.92,0.0,SINAPI_Referência_2026_05.xlsx!Analítico!B11226,pisos,Pisos e acabamentos de borda,pisos,60.939171978792004,0.555296235245348,10,0.444703764754652,2,0.0,0,0.0,0,1.1191473768,0.0,12,0,0.03147074653972778,2efade5675a4ddaebf801912c278a026169871f08df7f50d0c2e188d93735315,contrapiso em argamassa traco # # cimento e areia preparo manual aplicado em areas secas sobre laje nao aderido acabamento nao reforcado espessura #cm,v_075cfc5a3e03140d
sinapi_es,2026-05,87693,"CONTRAPISO EM ARGAMASSA PRONTA, PREPARO MECÂNICO COM MISTURADOR 300 KG, APLICADO EM ÁREAS SECAS SOBRE LAJE, NÃO ADERIDO, ESPESSURA 5CM. AF_07/2021",M2,Contrapiso,127.18,sem_desoneracao,2026-06-12,928df42a952625eb12d41baf2b5ab17e1207af6e7881cb9f1c7fcac4708400e3,SINAPI_Referência_2026_05.xlsx!CSD!S1461,9ad84dae2203f75af536f5522f234ebc1c7bd0b2e5045089d0431ee444f9181e,cpu_hierarquica_v1,0.0,ok,,127.18,0.0,SINAPI_Referência_2026_05.xlsx!Analítico!B11178,pisos,Pisos e acabamentos de borda,pisos,127.20276800717048,0.18169215503643746,13,0.814564821373692,1,0.0023951922408677875,1,0.001347831349002841,1,0.68209415634,0.0,16,0,0.017902191516330927,c68c4ea0b676026b217494a87961896f75be9f8656db3f1d2f533112c4e6106c,contrapiso em argamassa pronta preparo mecanico com misturador # kg aplicado em areas secas sobre laje nao aderido espessura #cm,v_b0d656714f76cdeb
sinapi_es,2026-05,87694,"CONTRAPISO EM ARGAMASSA PRONTA, PREPARO MANUAL, APLICADO EM ÁREAS SECAS SOBRE LAJE, NÃO ADERIDO, ACABAMENTO NÃO REFORÇADO, ESPESSURA 5CM. AF_07/2021",M2,Contrapiso,143.4,sem_desoneracao,2026-06-12,928df42a952625eb12d41baf2b5ab17e1207af6e7881cb9f1c7fcac4708400e3,SINAPI_Referência_2026_05.xlsx!CSD!S1450,627932835a8785c7c1c5d2d68ec086469a57f2f662f52c0a801a200f63d00333,cpu_hierarquica_v1,0.0,ok,,143.4,0.0,SINAPI_Referência_2026_05.xlsx!Analítico!B11122,pisos,Pisos e acabamentos de borda,pisos,143.416408291388,0.2667313925033297,10,0.7332686074966703,1,0.0,0,0.0,0,1.2747343452000002,0.0,11,0,0.011442323143646786,85468c879f69c98d20d3a670282764c30bc09e03da7b6fafc3a2f8cdcbad586c,contrapiso em argamassa pronta preparo manual aplicado em areas secas sobre laje nao aderido acabamento nao reforcado espessura #cm,v_a7f8d84caec12b35
sinapi_es,2026-05,87700,"CONTRAPISO EM ARGAMASSA TRAÇO 1:4 (CIMENTO E AREIA), PREPARO MECÂNICO COM BETONEIRA 400 L, APLICADO EM ÁREAS SECAS SOBRE LAJE, NÃO ADERIDO, ACABAMENTO NÃO REFORÇADO, ESPESSURA 6CM. AF_07/2021",M2,Contrapiso,56.58,sem_desoneracao,2026-06-12,928df42a952625eb12d41baf2b5ab17e1207af6e7881cb9f1c7fcac4708400e3,SINAPI_Referência_2026_05.xlsx!CSD!S1481,e525f79e28c607aa8e0d6274c296ef69cb1f160593f344bd4545b4eef61a8aff,cpu_hierarquica_v1,0.0,ok,,56.58,0.0,SINAPI_Referência_2026_05.xlsx!Analítico!B11282,pisos,Pisos e acabamentos de borda,pisos,56.596060287767,0.46890402871210285,13,0.5268454968135812,2,0.0026667670652796758,1,0.0015837074090362699,1,0.78074666135,0.0,17,0,0.028385096795695317,bcd72ed09c06d9606517eed02610c635bb1bb06302c24a49aa7ab68e8e49d644,contrapiso em argamassa traco # # cimento e areia preparo mecanico com betoneira # l aplicado em areas secas sobre laje nao aderido acabamento nao reforcado espessura #cm,v_29b44ca548b9cac1
sinapi_es,2026-05,87702,"CONTRAPISO EM ARGAMASSA TRAÇO 1:4 (CIMENTO E AREIA), PREPARO MANUAL, APLICADO EM ÁREAS SECAS SOBRE LAJE, NÃO ADERIDO, ACABAMENTO NÃO REFORÇADO, ESPESSURA 6CM. AF_07/2021",M2,Contrapiso,65.77,sem_desoneracao,2026-06-12,928df42a952625eb12d41baf2b5ab17e1207af6e7881cb9f1c7fcac4708400e3,SINAPI_Referência_2026_05.xlsx!CSD!S1471,ea4385292d1557c4794e534c04c38e93fc9444fca36bd19fde52717ec51dc9fb,cpu_hierarquica_v1,0.0,ok,,65.77,0.0,SINAPI_Referência_2026_05.xlsx!Analítico!B11230,pisos,Pisos e acabamentos de borda,pisos,65.785152539416,0.5514072634806423,10,0.4485927365193577,2,0.0,0,0.0,0,1.2013621464000002,0.0,12,0,0.02303867936142234,2efade5675a4ddaebf801912c278a026169871f08df7f50d0c2e188d93735315,contrapiso em argamassa traco # # cimento e areia preparo manual aplicado em areas secas sobre laje nao aderido acabamento nao reforcado espessura #cm,v_075cfc5a3e03140d
sinapi_es,2026-05,87703,"CONTRAPISO EM ARGAMASSA PRONTA, PREPARO MECÂNICO COM MISTURADOR 300 KG, APLICADO EM ÁREAS SECAS SOBRE LAJE, NÃO ADERIDO, ACABAMENTO NÃO REFORÇADO, ESPESSURA 6CM. AF_07/2021",M2,Contrapiso,137.92,sem_desoneracao,2026-06-12,928df42a952625eb12d41baf2b5ab17e1207af6e7881cb9f1c7fcac4708400e3,SINAPI_Referência_2026_05.xlsx!CSD!S1460,febe5f408d5eb17ec2f812b24e826b31854d63d546de26ba948e2080a686ac27,cpu_hierarquica_v1,0.0,ok,,137.92,0.0,SINAPI_Referência_2026_05.xlsx!Analítico!B11174,pisos,Pisos e acabamentos de borda,pisos,137.94369780260905,0.17827938739031876,13,0.8179619786723298,1,0.00240518143336567,1,0.0013534525039857876,1,0.72542774982,0.0,16,0,0.017182281474089296,c68c4ea0b676026b217494a87961896f75be9f8656db3f1d2f533112c4e6106c,contrapiso em argamassa pronta preparo mecanico com misturador # kg aplicado em areas secas sobre laje nao aderido acabamento nao reforcado espessura #cm,v_b0d656714f76cdeb
sinapi_es,2026-05,87704,"CONTRAPISO EM ARGAMASSA PRONTA, PREPARO MANUAL, APLICADO EM ÁREAS SECAS SOBRE LAJE, NÃO ADERIDO, ACABAMENTO NÃO REFORÇADO, ESPESSURA 6CM. AF_07/2021",M2,Contrapiso,155.58,sem_desoneracao,2026-06-12,928df42a952625eb12d41baf2b5ab17e1207af6e7881cb9f1c7fcac4708400e3,SINAPI_Referência_2026_05.xlsx!CSD!S1451,a9a4724108e82b75fb6c9996ce8d855d09294f9ce0c3cb4f4be8eac57cdb3689,cpu_hierarquica_v1,0.0,ok,,155.58,0.0,SINAPI_Referência_2026_05.xlsx!Analítico!B11126,pisos,Pisos e acabamentos de borda,pisos,155.599737716724,0.2640202889770586,10,0.7359797110229414,1,0.0,0,0.0,0,1.3707904596000002,0.0,11,0,0.01268653858079119,85468c879f69c98d20d3a670282764c30bc09e03da7b6fafc3a2f8cdcbad586c,contrapiso em argamassa pronta preparo manual aplicado em areas secas sobre laje nao aderido acabamento nao reforcado espessura #cm,v_a7f8d84caec12b35
sinapi_es,2026-05,87735,"CONTRAPISO EM ARGAMASSA TRAÇO 1:4 (CIMENTO E AREIA), PREPARO MECÂNICO COM BETONEIRA 400 L, APLICADO EM ÁREAS MOLHADAS SOBRE LAJE, ADERIDO, ACABAMENTO NÃO REFORÇADO, ESPESSURA 2CM. AF_07/2021",M2,Contrapiso,48.79,sem_desoneracao,2026-06-12,928df42a952625eb12d41baf2b5ab17e1207af6e7881cb9f1c7fcac4708400e3,SINAPI_Referência_2026_05.xlsx!CSD!S1474,d5f710bc9c7731d7cc09d505dfdd80a287efae4d76eaa1f9831601bf38b8fa0f,cpu_hierarquica_v1,0.0,ok,,48.79,0.0,SINAPI_Referência_2026_05.xlsx!Analítico!B11244,pisos,Pisos e acabamentos de borda,pisos,48.81961477956999,0.6597727267821286,13,0.3379163288052743,3,0.0014498970612447646,1,0.0008610473513525388,1,0.9624322085,0.0,18,0,0.06069846191840435,88e254708f8e45e9b6cfd55bc567a5951140934e009d2badf8adeb6745ddd901,contrapiso em argamassa traco # # cimento e areia preparo mecanico com betoneira # l aplicado em areas molhadas sobre laje aderido acabamento nao reforcado espessura #cm,v_94b5a896e0091a3d
sinapi_es,2026-05,87737,"CONTRAPISO EM ARGAMASSA TRAÇO 1:4 (CIMENTO E AREIA), PREPARO MANUAL, APLICADO EM ÁREAS MOLHADAS SOBRE LAJE, ADERIDO, ACABAMENTO NÃO REFORÇADO, ESPESSURA 2CM. AF_07/2021",M2,Contrapiso,53.1,sem_desoneracao,2026-06-12,928df42a952625eb12d41baf2b5ab17e1207af6e7881cb9f1c7fcac4708400e3,SINAPI_Referência_2026_05.xlsx!CSD!S1464,5f7f21639d819c4f017d8d704d226285136f75e4b14cab94c4c25f2e845e9905,cpu_hierarquica_v1,0.0,ok,,53.1,0.0,SINAPI_Referência_2026_05.xlsx!Analítico!B11192,pisos,Pisos e acabamentos de borda,pisos,53.12917392935999,0.6922004467499729,10,0.3077995532500272,3,0.0,0,0.0,0,1.159695144,0.0,13,0,0.05494148655365677,f57059a7dbd56d72e7ef151811abae287220eda5e1b7ae921cf3d0cc2b83a421,contrapiso em argamassa traco # # cimento e areia preparo manual aplicado em areas molhadas sobre laje aderido acabamento nao reforcado espessura #cm,v_97dd5d32fe0edcd3
sinapi_es,2026-05,87738,"CONTRAPISO EM ARGAMASSA PRONTA, PREPARO MECÂNICO COM MISTURADOR 300 KG, APLICADO EM ÁREAS MOLHADAS SOBRE LAJE, ADERIDO, ACABAMENTO NÃO REFORÇADO, ESPESSURA 2CM. AF_07/2021",M2,Contrapiso,86.94,sem_desoneracao,2026-06-12,928df42a952625eb12d41baf2b5ab17e1207af6e7881cb9f1c7fcac4708400e3,SINAPI_Referência_2026_05.xlsx!CSD!S1454,baa35cadf1a8953ace3ccecf9274a89074712fafd68c6666506adda38fd10cfd,cpu_hierarquica_v1,0.0,ok,,86.94,0.0,SINAPI_Referência_2026_05.xlsx!Analítico!B11140,pisos,Pisos e acabamentos de borda,pisos,86.9705491662584,0.3598619241749748,13,0.6373421868825562,3,0.0017891128229734984,1,0.0010067761194955205,1,0.9364883922,0.0,18,0,0.03513821745847263,458d8192881342d90631873470f63eb54883f3ac56410d1317e100544408bb3b,contrapiso em argamassa pronta preparo mecanico com misturador # kg aplicado em areas molhadas sobre laje aderido acabamento nao reforcado espessura #cm,v_2f43c12459cf14a7
sinapi_es,2026-05,87739,"CONTRAPISO EM ARGAMASSA PRONTA, PREPARO MANUAL, APLICADO EM ÁREAS MOLHADAS SOBRE LAJE, ADERIDO, ACABAMENTO NÃO REFORÇADO, ESPESSURA 2CM. AF_07/2021",M2,Contrapiso,95.22,sem_desoneracao,2026-06-12,928df42a952625eb12d41baf2b5ab17e1207af6e7881cb9f1c7fcac4708400e3,SINAPI_Referência_2026_05.xlsx!CSD!S1444,f74340209de5a9459a550b047bc15b324280f5ca711d42bedd5654276e983698,cpu_hierarquica_v1,0.0,ok,,95.22,0.0,SINAPI_Referência_2026_05.xlsx!Analítico!B11088,pisos,Pisos e acabamentos de borda,pisos,95.25099148604,0.4097646741216371,10,0.590235325878363,3,0.0,0,0.0,0,1.239154716,0.0,13,0,0.03254724431841445,90b44ed8769131ed3414c0369cd4c1cf52f78ed3baa899839669789d64914a34,contrapiso em argamassa pronta preparo manual aplicado em areas molhadas sobre laje aderido acabamento nao reforcado espessura #cm,v_62907f057e82d9be
sinapi_es,2026-05,87745,"CONTRAPISO EM ARGAMASSA TRAÇO 1:4 (CIMENTO E AREIA), PREPARO MECÂNICO COM BETONEIRA 400 L, APLICADO EM ÁREAS MOLHADAS SOBRE LAJE, ADERIDO, ACABAMENTO NÃO REFORÇADO, ESPESSURA 3CM. AF_07/2021",M2,Contrapiso,57.97,sem_desoneracao,2026-06-12,928df42a952625eb12d41baf2b5ab17e1207af6e7881cb9f1c7fcac4708400e3,SINAPI_Referência_2026_05.xlsx!CSD!S1475,5edcc8af3c853800a24f7985c854bc6191ee77a272b70078d1d66ffee511773b,cpu_hierarquica_v1,0.0,ok,,57.97,0.0,SINAPI_Referência_2026_05.xlsx!Analítico!B11250,pisos,Pisos e acabamentos de borda,pisos,57.99908242795699,0.6187517292352639,13,0.3785438248488058,3,0.0016967816986112022,1,0.0010076642173192164,1,1.06960128085,0.0,18,0,0.05016806616697124,88e254708f8e45e9b6cfd55bc567a5951140934e009d2badf8adeb6745ddd901,contrapiso em argamassa traco # # cimento e areia preparo mecanico com betoneira # l aplicado em areas molhadas sobre laje aderido acabamento nao reforcado espessura #cm,v_94b5a896e0091a3d
sinapi_es,2026-05,87747,"CONTRAPISO EM ARGAMASSA TRAÇO 1:4 (CIMENTO E AREIA), PREPARO MANUAL, APLICADO EM ÁREAS MOLHADAS SOBRE LAJE, ADERIDO, ACABAMENTO NÃO REFORÇADO, ESPESSURA 3CM. AF_07/2021",M2,Contrapiso,63.97,sem_desoneracao,2026-06-12,928df42a952625eb12d41baf2b5ab17e1207af6e7881cb9f1c7fcac4708400e3,SINAPI_Referência_2026_05.xlsx!CSD!S1465,9a711a174bd17731e20b56d9d4f24ed6ccb0b2f2725c62ac0a6a870c5c0bf40a,cpu_hierarquica_v1,0.0,ok,,63.97,0.0,SINAPI_Referência_2026_05.xlsx!Analítico!B11198,pisos,Pisos e acabamentos de borda,pisos,63.990759826536,0.6600250776991333,10,0.33997492230086673,3,0.0,0,0.0,0,1.3438603944,0.0,13,0,0.03245244104424028,f57059a7dbd56d72e7ef151811abae287220eda5e1b7ae921cf3d0cc2b83a421,contrapiso em argamassa traco # # cimento e areia preparo manual aplicado em areas molhadas sobre laje aderido acabamento nao reforcado espessura #cm,v_97dd5d32fe0edcd3
sinapi_es,2026-05,87748,"CONTRAPISO EM ARGAMASSA PRONTA, PREPARO MECÂNICO COM MISTURADOR 300 KG, APLICADO EM ÁREAS MOLHADAS SOBRE LAJE, ADERIDO, ACABAMENTO NÃO REFORÇADO, ESPESSURA 3CM. AF_07/2021",M2,Contrapiso,111.02,sem_desoneracao,2026-06-12,928df42a952625eb12d41baf2b5ab17e1207af6e7881cb9f1c7fcac4708400e3,SINAPI_Referência_2026_05.xlsx!CSD!S1455,59ae4f31c522571067c4f7b1a390a58d3c9bf705de32afcbf265d6c8ffdb2447,cpu_hierarquica_v1,0.0,ok,,111.02,0.0,SINAPI_Referência_2026_05.xlsx!Analítico!B11146,pisos,Pisos e acabamentos de borda,pisos,111.04118797848184,0.311761948647568,13,0.6851934978824623,3,0.0019482353431896139,1,0.0010963181267800444,1,1.03353100722,0.0,18,0,0.01908483019442248,458d8192881342d90631873470f63eb54883f3ac56410d1317e100544408bb3b,contrapiso em argamassa pronta preparo mecanico com misturador # kg aplicado em areas molhadas sobre laje aderido acabamento nao reforcado espessura #cm,v_2f43c12459cf14a7
sinapi_es,2026-05,87749,"CONTRAPISO EM ARGAMASSA PRONTA, PREPARO MANUAL, APLICADO EM ÁREAS MOLHADAS SOBRE LAJE, ADERIDO, ACABAMENTO NÃO REFORÇADO, ESPESSURA 3CM. AF_07/2021",M2,Contrapiso,122.53,sem_desoneracao,2026-06-12,928df42a952625eb12d41baf2b5ab17e1207af6e7881cb9f1c7fcac4708400e3,SINAPI_Referência_2026_05.xlsx!CSD!S1445,591d7592df26038330bd0311febf4a8e2de8f911ed84c24da4ecc0ec84e30849,cpu_hierarquica_v1,0.0,ok,,122.53,0.0,SINAPI_Referência_2026_05.xlsx!Analítico!B11094,pisos,Pisos e acabamentos de borda,pisos,122.55367391340401,0.3702045190865696,10,0.6297954809134302,3,0.0,0,0.0,0,1.4543348316,0.0,13,0,0.01932091194320632,90b44ed8769131ed3414c0369cd4c1cf52f78ed3baa899839669789d64914a34,contrapiso em argamassa pronta preparo manual aplicado em areas molhadas sobre laje aderido acabamento nao reforcado espessura #cm,v_62907f057e82d9be
sinapi_es,2026-05,87755,"CONTRAPISO EM ARGAMASSA TRAÇO 1:4 (CIMENTO E AREIA), PREPARO MECÂNICO COM BETONEIRA 400 L, APLICADO EM ÁREAS MOLHADAS SOBRE IMPERMEABILIZAÇÃO, ACABAMENTO NÃO REFORÇADO, ESPESSURA 3CM. AF_07/2021",M2,Contrapiso,57.23,sem_desoneracao,2026-06-12,928df42a952625eb12d41baf2b5ab17e1207af6e7881cb9f1c7fcac4708400e3,SINAPI_Referência_2026_05.xlsx!CSD!S1472,f9b1ffaf42abcf9988ce18be2f3177375a4af4dd43aa90842b3a76448effc433,cpu_hierarquica_v1,0.0,ok,,57.23,0.0,SINAPI_Referência_2026_05.xlsx!Analítico!B11234,pisos,Pisos e acabamentos de borda,pisos,57.257969635957004,0.6515934810746006,13,0.34566706828477634,2,0.001718743822487885,1,0.0010207068181352075,1,1.11249168085,0.0,17,0,0.04887233261752009,bcd72ed09c06d9606517eed02610c635bb1bb06302c24a49aa7ab68e8e49d644,contrapiso em argamassa traco # # cimento e areia preparo mecanico com betoneira # l aplicado em areas molhadas sobre impermeabilizacao acabamento nao reforcado espessura #cm,v_29b44ca548b9cac1
sinapi_es,2026-05,87757,"CONTRAPISO EM ARGAMASSA TRAÇO 1:4 (CIMENTO E AREIA), PREPARO MANUAL, APLICADO EM ÁREAS MOLHADAS SOBRE IMPERMEABILIZAÇÃO, ACABAMENTO NÃO REFORÇADO, ESPESSURA 3CM. AF_07/2021",M2,Contrapiso,63.23,sem_desoneracao,2026-06-12,928df42a952625eb12d41baf2b5ab17e1207af6e7881cb9f1c7fcac4708400e3,SINAPI_Referência_2026_05.xlsx!CSD!S1462,4af6e11535fa2de664e0e8ad10450a3c01ab4927ae465a76d1d8b05e35b81d84,cpu_hierarquica_v1,0.0,ok,,63.23,0.0,SINAPI_Referência_2026_05.xlsx!Analítico!B11182,pisos,Pisos e acabamentos de borda,pisos,63.249647034536,0.6902393211885893,10,0.3097606788114107,2,0.0,0,0.0,0,1.3867507944000002,0.0,12,0,0.031072330438082885,2efade5675a4ddaebf801912c278a026169871f08df7f50d0c2e188d93735315,contrapiso em argamassa traco # # cimento e areia preparo manual aplicado em areas molhadas sobre impermeabilizacao acabamento nao reforcado espessura #cm,v_075cfc5a3e03140d
sinapi_es,2026-05,87758,"CONTRAPISO EM ARGAMASSA PRONTA, PREPARO MECÂNICO COM MISTURADOR 300 KG, APLICADO EM ÁREAS MOLHADAS SOBRE IMPERMEABILIZAÇÃO, ACABAMENTO NÃO REFORÇADO, ESPESSURA 3CM. AF_07/2021",M2,Contrapiso,110.28,sem_desoneracao,2026-06-12,928df42a952625eb12d41baf2b5ab17e1207af6e7881cb9f1c7fcac4708400e3,SINAPI_Referência_2026_05.xlsx!CSD!S1452,f37636178ebf36d133bd509ba20d09c31dcae75cc793cbf0652f212208164a53,cpu_hierarquica_v1,0.0,ok,,110.28,0.0,SINAPI_Referência_2026_05.xlsx!Analítico!B11130,pisos,Pisos e acabamentos de borda,pisos,110.30007518648183,0.32674777683859124,13,0.670187213154862,2,0.001961325652803848,1,0.0011036843537430316,1,1.07642140722,0.0,17,0,0.018203832500755288,a990d9209e5a0471b5f350c56faf2d976b9b2cf9b8b10f4d30d81e465a9087a8,contrapiso em argamassa pronta preparo mecanico com misturador # kg aplicado em areas molhadas sobre impermeabilizacao acabamento nao reforcado espessura #cm,v_f64394b82abce301
sinapi_es,2026-05,87759,"CONTRAPISO EM ARGAMASSA PRONTA, PREPARO MANUAL, APLICADO EM ÁREAS MOLHADAS SOBRE IMPERMEABILIZAÇÃO, ACABAMENTO NÃO REFORÇADO, ESPESSURA 3CM. AF_07/2021",M2,Contrapiso,121.79,sem_desoneracao,2026-06-12,928df42a952625eb12d41baf2b5ab17e1207af6e7881cb9f1c7fcac4708400e3,SINAPI_Referência_2026_05.xlsx!CSD!S1442,f04ff3746c899c43cfb405b1da8b4538370d94aed250d4828720977d1645c838,cpu_hierarquica_v1,0.0,ok,,121.79,0.0,SINAPI_Referência_2026_05.xlsx!Analítico!B11078,pisos,Pisos e acabamentos de borda,pisos,121.81256112140397,0.38412960609841496,10,0.6158703939015853,2,0.0,0,0.0,0,1.4972252315999999,0.0,12,0,0.018524609084462906,2be1a0f9f27f63ca304476fc843f10d3bd57543ad870cfa2e19c24b986187524,contrapiso em argamassa pronta preparo manual aplicado em areas molhadas sobre impermeabilizacao acabamento nao reforcado espessura #cm,v_154c373b9e02a0da
sinapi_es,2026-05,87765,"CONTRAPISO EM ARGAMASSA TRAÇO 1:4 (CIMENTO E AREIA), PREPARO MECÂNICO COM BETONEIRA 400 L, APLICADO EM ÁREAS MOLHADAS SOBRE IMPERMEABILIZAÇÃO, ACABAMENTO NÃO REFORÇADO, ESPESSURA 4CM. AF_07/2021",M2,Contrapiso,64.83,sem_desoneracao,2026-06-12,928df42a952625eb12d41baf2b5ab17e1207af6e7881cb9f1c7fcac4708400e3,SINAPI_Referência_2026_05.xlsx!CSD!S1473,feb3cfca74c40f6f1536ddd9e39c470b07b8d8e3595b1d80ff1779554cc06229,cpu_hierarquica_v1,0.0,ok,,64.83,0.0,SINAPI_Referência_2026_05.xlsx!Analítico!B11239,pisos,Pisos e acabamentos de borda,pisos,64.84818459191,0.622951359982245,13,0.37407423434682024,2,0.0018661556797859413,1,0.0011082499911488,1,1.2027748855,0.0,17,0,0.028049655884621133,bcd72ed09c06d9606517eed02610c635bb1bb06302c24a49aa7ab68e8e49d644,contrapiso em argamassa traco # # cimento e areia preparo mecanico com betoneira # l aplicado em areas molhadas sobre impermeabilizacao acabamento nao reforcado espessura #cm,v_29b44ca548b9cac1
sinapi_es,2026-05,87767,"CONTRAPISO EM ARGAMASSA TRAÇO 1:4 (CIMENTO E AREIA), PREPARO MANUAL, APLICADO EM ÁREAS MOLHADAS SOBRE IMPERMEABILIZAÇÃO, ACABAMENTO NÃO REFORÇADO, ESPESSURA 4CM. AF_07/2021",M2,Contrapiso,72.2,sem_desoneracao,2026-06-12,928df42a952625eb12d41baf2b5ab17e1207af6e7881cb9f1c7fcac4708400e3,SINAPI_Referência_2026_05.xlsx!CSD!S1463,c5b1885c0d621bdcfa5cc41a4b1cbf32bcc8be095e36e16c367b6b7ef9689584,cpu_hierarquica_v1,0.0,ok,,72.2,0.0,SINAPI_Referência_2026_05.xlsx!Analítico!B11187,pisos,Pisos e acabamentos de borda,pisos,72.21614055768,0.6674958282931062,10,0.33250417170689367,2,0.0,0,0.0,0,1.540030872,0.0,12,0,0.022355343047096334,2efade5675a4ddaebf801912c278a026169871f08df7f50d0c2e188d93735315,contrapiso em argamassa traco # # cimento e areia preparo manual aplicado em areas molhadas sobre impermeabilizacao acabamento nao reforcado espessura #cm,v_075cfc5a3e03140d
sinapi_es,2026-05,87768,"CONTRAPISO EM ARGAMASSA PRONTA, PREPARO MECÂNICO COM MISTURADOR 300 KG, APLICADO EM ÁREAS MOLHADAS SOBRE IMPERMEABILIZAÇÃO, ACABAMENTO NÃO REFORÇADO, ESPESSURA 4CM. AF_07/2021",M2,Contrapiso,130.05,sem_desoneracao,2026-06-12,928df42a952625eb12d41baf2b5ab17e1207af6e7881cb9f1c7fcac4708400e3,SINAPI_Referência_2026_05.xlsx!CSD!S1453,a3f97184ff136029ebf87576c9f1174ddfdf1d694a2e54589def66e78fa9f3ad,cpu_hierarquica_v1,0.0,ok,,130.05,0.0,SINAPI_Referência_2026_05.xlsx!Analítico!B11135,pisos,Pisos e acabamentos de borda,pisos,130.07397564011922,0.2985781767128003,13,0.6982257561749172,2,0.0020451901957946198,1,0.001150876916487726,1,1.1584193286,0.0,17,0,0.01843570943422064,a990d9209e5a0471b5f350c56faf2d976b9b2cf9b8b10f4d30d81e465a9087a8,contrapiso em argamassa pronta preparo mecanico com misturador # kg aplicado em areas molhadas sobre impermeabilizacao acabamento nao reforcado espessura #cm,v_f64394b82abce301
sinapi_es,2026-05,87769,"CONTRAPISO EM ARGAMASSA PRONTA, PREPARO MANUAL, APLICADO EM ÁREAS MOLHADAS SOBRE IMPERMEABILIZAÇÃO, ACABAMENTO NÃO REFORÇADO, ESPESSURA 4CM. AF_07/2021",M2,Contrapiso,144.21,sem_desoneracao,2026-06-12,928df42a952625eb12d41baf2b5ab17e1207af6e7881cb9f1c7fcac4708400e3,SINAPI_Referência_2026_05.xlsx!CSD!S1443,158b34b9ead3c8f9d5b170e76390dfe809264f90244aca8aa0bf30bad6a11b23,cpu_hierarquica_v1,0.0,ok,,144.21,0.0,SINAPI_Referência_2026_05.xlsx!Analítico!B11083,pisos,Pisos e acabamentos de borda,pisos,144.23086089652,0.36093773948884517,10,0.6390622605111549,2,0.0,0,0.0,0,1.675881108,0.0,12,0,0.014465637972395433,2be1a0f9f27f63ca304476fc843f10d3bd57543ad870cfa2e19c24b986187524,contrapiso em argamassa pronta preparo manual aplicado em areas molhadas sobre impermeabilizacao acabamento nao reforcado espessura #cm,v_154c373b9e02a0da
sinapi_es,2026-05,87775,"EMBOÇO OU MASSA ÚNICA EM ARGAMASSA TRAÇO 1:2:8, PREPARO MECÂNICO COM BETONEIRA 400 L, APLICADA MANUALMENTE EM PANOS DE FACHADA COM PRESENÇA DE VÃOS, ESPESSURA DE 25 MM. AF_08/2022",M2,Massa Única Externa,67.46,sem_desoneracao,2026-06-12,928df42a952625eb12d41baf2b5ab17e1207af6e7881cb9f1c7fcac4708400e3,SINAPI_Referência_2026_05.xlsx!CSD!S7735,a2482e0370e20cf913133cb42fd58c0260fcf0b0e270bd4ec7a3d632007491f6,cpu_hierarquica_v1,0.0,ok,,67.46,0.0,SINAPI_Referência_2026_05.xlsx!Analítico!B47750,revestimentos_forros,Revestimentos e forros,revestimentos_forros,67.47270622026,0.7310851187179479,13,0.26734234048824396,4,0.0009861703602459062,1,0.000586370433562366,1,1.529263803,0.0,19,0,0.018835191609843052,93c71d3a788ac75a49dc36279f2bd93ea690aee5b2d79b21d90c6addac160e90,emboco ou massa unica em argamassa traco # # # preparo mecanico com betoneira # l aplicada manualmente em panos de fachada com presenca de vaos espessura de # mm,v_0dda16f0d0457dc9
sinapi_es,2026-05,87777,"EMBOÇO OU MASSA ÚNICA EM ARGAMASSA TRAÇO 1:2:8, PREPARO MANUAL, APLICADA MANUALMENTE EM PANOS DE FACHADA COM PRESENÇA DE VÃOS, ESPESSURA DE 25 MM. AF_08/2022",M2,Massa Única Externa,72.17,sem_desoneracao,2026-06-12,928df42a952625eb12d41baf2b5ab17e1207af6e7881cb9f1c7fcac4708400e3,SINAPI_Referência_2026_05.xlsx!CSD!S7675,bd97c29d8898456dd47ae5e8e25a30d804249a391007a8933d37eee55a5c65a1,cpu_hierarquica_v1,0.0,ok,,72.17,0.0,SINAPI_Referência_2026_05.xlsx!Analítico!B47420,revestimentos_forros,Revestimentos e forros,revestimentos_forros,72.18499873112,0.7538396947794154,10,0.24616030522058446,4,0.0,0,0.0,0,1.7427186479999999,0.0,14,0,0.02078250120549004,f59f69dfd410937f99910c65577b1776975b9fe0ce46c3cc7106940d171348da,emboco ou massa unica em argamassa traco # # # preparo manual aplicada manualmente em panos de fachada com presenca de vaos espessura de # mm,v_2ec0264e935bd491
sinapi_es,2026-05,87778,"EMBOÇO OU MASSA ÚNICA EM ARGAMASSA INDUSTRIALIZADA, PREPARO MECÂNICO E APLICAÇÃO COM EQUIPAMENTO DE MISTURA E PROJEÇÃO DE 1,5 M3/H DE ARGAMASSA EM PANOS DE FACHADA COM PRESENÇA DE VÃOS, ESPESSURA DE 25 MM. AF_08/2022",M2,Massa Única Externa,94.33,sem_desoneracao,2026-06-12,928df42a952625eb12d41baf2b5ab17e1207af6e7881cb9f1c7fcac4708400e3,SINAPI_Referência_2026_05.xlsx!CSD!S7656,0b0c3a7b5894fe54919ed820415c811468bc75fbeb85fc72bc5101f7ef98029b,cpu_hierarquica_v1,0.0,ok,,94.33,0.0,SINAPI_Referência_2026_05.xlsx!Analítico!B47335,revestimentos_forros,Revestimentos e forros,revestimentos_forros,94.35393910827943,0.476844096815871,13,0.5125150981190637,2,0.010413911847862669,1,0.0002268932172024332,1,1.39440316016,0.0,17,0,0.025378043336622042,b24cec219f8c9ec5bea31e0a27a1adfb35f041175ab694b2a92a1cca42618e01,emboco ou massa unica em argamassa industrializada preparo mecanico e aplicacao com equipamento de mistura e projecao de # m# h de argamassa em panos de fachada com presenca de vaos espessura de # mm,v_738f1c14af134ee4
sinapi_es,2026-05,87779,"EMBOÇO OU MASSA ÚNICA EM ARGAMASSA TRAÇO 1:2:8, PREPARO MECÂNICO COM BETONEIRA 400 L, APLICADA MANUALMENTE EM PANOS DE FACHADA COM PRESENÇA DE VÃOS, ESPESSURA DE 35 MM. AF_08/2022",M2,Massa Única Externa,86.95,sem_desoneracao,2026-06-12,928df42a952625eb12d41baf2b5ab17e1207af6e7881cb9f1c7fcac4708400e3,SINAPI_Referência_2026_05.xlsx!CSD!S7736,fee997c0f0e9b244d27aefbb410ccd5f1b0f785cbb9f94c8b38f2809523f01e7,cpu_hierarquica_v1,0.0,ok,,86.95,0.0,SINAPI_Referência_2026_05.xlsx!Analítico!B47755,revestimentos_forros,Revestimentos e forros,revestimentos_forros,86.98335822589,0.7292988776272431,13,0.26906563827095253,4,0.0010256433106240557,1,0.0006098407911803435,1,1.9658699295,0.0,19,0,0.03836483713628296,93c71d3a788ac75a49dc36279f2bd93ea690aee5b2d79b21d90c6addac160e90,emboco ou massa unica em argamassa traco # # # preparo mecanico com betoneira # l aplicada manualmente em panos de fachada com presenca de vaos espessura de # mm,v_0dda16f0d0457dc9
sinapi_es,2026-05,87781,"EMBOÇO OU MASSA ÚNICA EM ARGAMASSA TRAÇO 1:2:8, PREPARO MANUAL, APLICADA MANUALMENTE EM PANOS DE FACHADA COM PRESENÇA DE VÃOS, ESPESSURA DE 35 MM. AF_08/2022",M2,Massa Única Externa,93.27,sem_desoneracao,2026-06-12,928df42a952625eb12d41baf2b5ab17e1207af6e7881cb9f1c7fcac4708400e3,SINAPI_Referência_2026_05.xlsx!CSD!S7677,fe3e206393ad1aefd73c69ce7e666f81c63add4b6f8e52f80a6d79a1037cf7a3,cpu_hierarquica_v1,0.0,ok,,93.27,0.0,SINAPI_Referência_2026_05.xlsx!Analítico!B47430,revestimentos_forros,Revestimentos e forros,revestimentos_forros,93.30143194268,0.7530235227884103,10,0.24697647721158977,4,0.0,0,0.0,0,2.252062572,0.0,14,0,0.03369994926557431,f59f69dfd410937f99910c65577b1776975b9fe0ce46c3cc7106940d171348da,emboco ou massa unica em argamassa traco # # # preparo manual aplicada manualmente em panos de fachada com presenca de vaos espessura de # mm,v_2ec0264e935bd491
sinapi_es,2026-05,87783,"EMBOÇO OU MASSA ÚNICA EM ARGAMASSA INDUSTRIALIZADA, PREPARO MECÂNICO E APLICAÇÃO COM EQUIPAMENTO DE MISTURA E PROJEÇÃO DE 1,5 M3/H DE ARGAMASSA EM PANOS DE FACHADA COM PRESENÇA DE VÃOS, ESPESSURA DE 35 MM. AF_08/2022",M2,Massa Única Externa,123.33,sem_desoneracao,2026-06-12,928df42a952625eb12d41baf2b5ab17e1207af6e7881cb9f1c7fcac4708400e3,SINAPI_Referência_2026_05.xlsx!CSD!S7657,a2033e6241058e6b0933cbc7cef789034b669453706981bae6476887b8c660bc,cpu_hierarquica_v1,0.0,ok,,123.33,0.0,SINAPI_Referência_2026_05.xlsx!Analítico!B47340,revestimentos_forros,Revestimentos e forros,revestimentos_forros,123.35941393243831,0.4698282493800042,13,0.519259491416537,2,0.01067957778673516,1,0.0002326814167236588,1,1.79552576824,0.0,17,0,0.023849778998067537,b24cec219f8c9ec5bea31e0a27a1adfb35f041175ab694b2a92a1cca42618e01,emboco ou massa unica em argamassa industrializada preparo mecanico e aplicacao com equipamento de mistura e projecao de # m# h de argamassa em panos de fachada com presenca de vaos espessura de # mm,v_738f1c14af134ee4
sinapi_es,2026-05,87784,"EMBOÇO OU MASSA ÚNICA EM ARGAMASSA TRAÇO 1:2:8, PREPARO MECÂNICO COM BETONEIRA 400 L, APLICADA MANUALMENTE EM PANOS DE FACHADA COM PRESENÇA DE VÃOS, ESPESSURA DE 45 MM. AF_08/2022",M2,Massa Única Externa,94.06,sem_desoneracao,2026-06-12,928df42a952625eb12d41baf2b5ab17e1207af6e7881cb9f1c7fcac4708400e3,SINAPI_Referência_2026_05.xlsx!CSD!S7737,381e85c673d7b46514d378c962992a05b76d1c808f0c9a3264fd73572e3072ed,cpu_hierarquica_v1,0.0,ok,,94.06,0.0,SINAPI_Referência_2026_05.xlsx!Analítico!B47760,revestimentos_forros,Revestimentos e forros,revestimentos_forros,94.09297623152001,0.6923407912534221,13,0.3057630394133749,4,0.0011891239971482462,1,0.0007070453360546791,1,2.0144200559999996,0.0,19,0,0.03505871945567717,93c71d3a788ac75a49dc36279f2bd93ea690aee5b2d79b21d90c6addac160e90,emboco ou massa unica em argamassa traco # # # preparo mecanico com betoneira # l aplicada manualmente em panos de fachada com presenca de vaos espessura de # mm,v_0dda16f0d0457dc9
sinapi_es,2026-05,87786,"EMBOÇO OU MASSA ÚNICA EM ARGAMASSA TRAÇO 1:2:8, PREPARO MANUAL, APLICADA MANUALMENTE EM PANOS DE FACHADA COM PRESENÇA DE VÃOS, ESPESSURA DE 45 MM. AF_08/2022",M2,Massa Única Externa,101.99,sem_desoneracao,2026-06-12,928df42a952625eb12d41baf2b5ab17e1207af6e7881cb9f1c7fcac4708400e3,SINAPI_Referência_2026_05.xlsx!CSD!S7679,1cbf777249e57bbc3a8df738f3133564af770b3584c99ed15f15c27c208a0c64,cpu_hierarquica_v1,0.0,ok,,101.99,0.0,SINAPI_Referência_2026_05.xlsx!Analítico!B47440,revestimentos_forros,Revestimentos e forros,revestimentos_forros,102.01683115423998,0.7224238753585019,10,0.2775761246414983,4,0.0,0,0.0,0,2.373350496,0.0,14,0,0.026307632356099345,f59f69dfd410937f99910c65577b1776975b9fe0ce46c3cc7106940d171348da,emboco ou massa unica em argamassa traco # # # preparo manual aplicada manualmente em panos de fachada com presenca de vaos espessura de # mm,v_2ec0264e935bd491
sinapi_es,2026-05,87787,"EMBOÇO OU MASSA ÚNICA EM ARGAMASSA INDUSTRIALIZADA, PREPARO MECÂNICO E APLICAÇÃO COM EQUIPAMENTO DE MISTURA E PROJEÇÃO DE 1,5 M3/H DE ARGAMASSA EM PANOS DE FACHADA COM PRESENÇA DE VÃOS, ESPESSURA DE 45 MM. AF_08/2022",M2,Massa Única Externa,140.98,sem_desoneracao,2026-06-12,928df42a952625eb12d41baf2b5ab17e1207af6e7881cb9f1c7fcac4708400e3,SINAPI_Referência_2026_05.xlsx!CSD!S7658,960f1287da09493ea7c3eb387177c29d062b086894af980944d8106901ec1cda,cpu_hierarquica_v1,0.0,ok,,140.98,0.0,SINAPI_Referência_2026_05.xlsx!Analítico!B47345,revestimentos_forros,Revestimentos e forros,revestimentos_forros,141.00815235659726,0.422433871476421,13,0.5655933602924671,2,0.011717473647086935,1,0.00025529458402491967,1,1.84127077632,0.0,17,0,0.019969042841023393,b24cec219f8c9ec5bea31e0a27a1adfb35f041175ab694b2a92a1cca42618e01,emboco ou massa unica em argamassa industrializada preparo mecanico e aplicacao com equipamento de mistura e projecao de # m# h de argamassa em panos de fachada com presenca de vaos espessura de # mm,v_738f1c14af134ee4
sinapi_es,2026-05,87788,"EMBOÇO OU MASSA ÚNICA EM ARGAMASSA TRAÇO 1:2:8, PREPARO MECÂNICO COM BETONEIRA 400 L, APLICADA MANUALMENTE EM PANOS DE FACHADA COM PRESENÇA DE VÃOS, ESPESSURA MAIOR OU IGUAL A 50 MM. AF_08/2022",M2,Massa Única Externa,111.68,sem_desoneracao,2026-06-12,928df42a952625eb12d41baf2b5ab17e1207af6e7881cb9f1c7fcac4708400e3,SINAPI_Referência_2026_05.xlsx!CSD!S7738,1905160eb839ccf739c5c34c57a79d5e28ba3b5a2545d453f2352791f0c5ca77,cpu_hierarquica_v1,0.0,ok,,111.68,0.0,SINAPI_Referência_2026_05.xlsx!Analítico!B47765,revestimentos_forros,Revestimentos e forros,revestimentos_forros,111.71258032029,0.7169131164204595,13,0.2813294680858054,4,0.0011021088148443583,1,0.0006553066788907016,1,2.4796266495,0.0,19,0,0.029172922895768984,93c71d3a788ac75a49dc36279f2bd93ea690aee5b2d79b21d90c6addac160e90,emboco ou massa unica em argamassa traco # # # preparo mecanico com betoneira # l aplicada manualmente em panos de fachada com presenca de vaos espessura maior ou igual a # mm,v_0dda16f0d0457dc9
sinapi_es,2026-05,87791,"EMBOÇO OU MASSA ÚNICA EM ARGAMASSA INDUSTRIALIZADA, PREPARO MECÂNICO E APLICAÇÃO COM EQUIPAMENTO DE MISTURA E PROJEÇÃO DE 1,5 M3/H DE ARGAMASSA EM PANOS DE FACHADA COM PRESENÇA DE VÃOS, ESPESSURA MAIOR OU IGUAL A 50 MM. AF_08/2022",M2,Massa Única Externa,155.53,sem_desoneracao,2026-06-12,928df42a952625eb12d41baf2b5ab17e1207af6e7881cb9f1c7fcac4708400e3,SINAPI_Referência_2026_05.xlsx!CSD!S7659,3b9427ad914d08d6e3ef05a389b47f99c4c3c4b77ef0ed7ca014831ab33dfb69,cpu_hierarquica_v1,0.0,ok,,155.53,0.0,SINAPI_Referência_2026_05.xlsx!Analítico!B47350,revestimentos_forros,Revestimentos e forros,revestimentos_forros,155.5589562283769,0.4253850095268105,13,0.5626727451905665,2,0.011687601537509147,1,0.00025464374511387987,1,2.04570311864,0.0,17,0,0.018617776877064687,b24cec219f8c9ec5bea31e0a27a1adfb35f041175ab694b2a92a1cca42618e01,emboco ou massa unica em argamassa industrializada preparo mecanico e aplicacao com equipamento de mistura e projecao de # m# h de argamassa em panos de fachada com presenca de vaos espessura maior ou igual a # mm,v_738f1c14af134ee4
sinapi_es,2026-05,87792,"EMBOÇO OU MASSA ÚNICA EM ARGAMASSA TRAÇO 1:2:8, PREPARO MECÂNICO COM BETONEIRA 400 L, APLICADA MANUALMENTE EM PANOS CEGOS DE FACHADA (SEM PRESENÇA DE VÃOS), ESPESSURA DE 25 MM. AF_08/2022",M2,Massa Única Externa,48.75,sem_desoneracao,2026-06-12,928df42a952625eb12d41baf2b5ab17e1207af6e7881cb9f1c7fcac4708400e3,SINAPI_Referência_2026_05.xlsx!CSD!S7731,9e321dc8723a00d7dbe464f4f2a7df8663a08c1c48c614ba21bab05d0b4fbb9e,cpu_hierarquica_v1,0.0,ok,,48.75,0.0,SINAPI_Referência_2026_05.xlsx!Analítico!B47730,revestimentos_forros,Revestimentos e forros,revestimentos_forros,48.77348163037,0.6431905965748466,13,0.3547794584593556,4,0.0012730172508607315,1,0.000756927714937047,1,0.9682872735,0.0,19,0,0.04816744691282064,93c71d3a788ac75a49dc36279f2bd93ea690aee5b2d79b21d90c6addac160e90,emboco ou massa unica em argamassa traco # # # preparo mecanico com betoneira # l aplicada manualmente em panos cegos de fachada sem presenca de vaos espessura de # mm,v_0dda16f0d0457dc9
sinapi_es,2026-05,87794,"EMBOÇO OU MASSA ÚNICA EM ARGAMASSA TRAÇO 1:2:8, PREPARO MANUAL, APLICADA MANUALMENTE EM PANOS CEGOS DE FACHADA (SEM PRESENÇA DE VÃOS), ESPESSURA DE 25 MM. AF_09/2022",M2,Massa Única Externa,53.15,sem_desoneracao,2026-06-12,928df42a952625eb12d41baf2b5ab17e1207af6e7881cb9f1c7fcac4708400e3,SINAPI_Referência_2026_05.xlsx!CSD!S7670,d399cf2279360bc468565101dbf864ab0d076df5f9fced96cfd73b4763558cf2,cpu_hierarquica_v1,0.0,ok,,53.15,0.0,SINAPI_Referência_2026_05.xlsx!Analítico!B47395,revestimentos_forros,Revestimentos e forros,revestimentos_forros,53.17062082044,0.6792851940249569,10,0.32071480597504304,4,0.0,0,0.0,0,1.167466476,0.0,14,0,0.0387974044026366,f59f69dfd410937f99910c65577b1776975b9fe0ce46c3cc7106940d171348da,emboco ou massa unica em argamassa traco # # # preparo manual aplicada manualmente em panos cegos de fachada sem presenca de vaos espessura de # mm,v_2ec0264e935bd491
sinapi_es,2026-05,87795,"EMBOÇO OU MASSA ÚNICA EM ARGAMASSA INDUSTRIALIZADA, PREPARO MECÂNICO E APLICAÇÃO COM EQUIPAMENTO DE MISTURA E PROJEÇÃO DE 1,5 M3/H DE ARGAMASSA EM PANOS CEGOS DE FACHADA (SEM PRESENÇA DE VÃOS), ESPESSURA DE 25 MM. AF_08/2022",M2,Massa Única Externa,75.19,sem_desoneracao,2026-06-12,928df42a952625eb12d41baf2b5ab17e1207af6e7881cb9f1c7fcac4708400e3,SINAPI_Referência_2026_05.xlsx!CSD!S7652,e69315ace1becb8f4d658843ad86cf6cf2725a5538eda8e048fcc104b22621a4,cpu_hierarquica_v1,0.0,ok,,75.19,0.0,SINAPI_Referência_2026_05.xlsx!Analítico!B47315,revestimentos_forros,Revestimentos e forros,revestimentos_forros,75.21800401568748,0.38136547652372876,13,0.6061793239088153,2,0.012189618130386225,1,0.00026558143706969004,1,0.88503716792,0.0,17,0,0.03724433526730432,b24cec219f8c9ec5bea31e0a27a1adfb35f041175ab694b2a92a1cca42618e01,emboco ou massa unica em argamassa industrializada preparo mecanico e aplicacao com equipamento de mistura e projecao de # m# h de argamassa em panos cegos de fachada sem presenca de vaos espessura de # mm,v_738f1c14af134ee4
sinapi_es,2026-05,87797,"EMBOÇO OU MASSA ÚNICA EM ARGAMASSA TRAÇO 1:2:8, PREPARO MECÂNICO COM BETONEIRA 400 L, APLICADA MANUALMENTE EM PANOS CEGOS DE FACHADA (SEM PRESENÇA DE VÃOS), ESPESSURA DE 35 MM. AF_08/2022",M2,Massa Única Externa,67.86,sem_desoneracao,2026-06-12,928df42a952625eb12d41baf2b5ab17e1207af6e7881cb9f1c7fcac4708400e3,SINAPI_Referência_2026_05.xlsx!CSD!S7732,44f594747e7646bb59ffd54cd7b80ab5db502332c1138702c8b5df8bf142e0ce,cpu_hierarquica_v1,0.0,ok,,67.86,0.0,SINAPI_Referência_2026_05.xlsx!Analítico!B47735,revestimentos_forros,Revestimentos e forros,revestimentos_forros,67.88428703937001,0.6692679733016996,13,0.3287757796889889,4,0.0012267998550489435,1,0.0007294471542623945,1,1.4037596235,0.0,19,0,0.03578991949603413,93c71d3a788ac75a49dc36279f2bd93ea690aee5b2d79b21d90c6addac160e90,emboco ou massa unica em argamassa traco # # # preparo mecanico com betoneira # l aplicada manualmente em panos cegos de fachada sem presenca de vaos espessura de # mm,v_0dda16f0d0457dc9
sinapi_es,2026-05,87799,"EMBOÇO OU MASSA ÚNICA EM ARGAMASSA TRAÇO 1:2:8, PREPARO MANUAL, APLICADA MANUALMENTE EM PANOS CEGOS DE FACHADA (SEM PRESENÇA DE VÃOS), ESPESSURA DE 35 MM. AF_08/2022",M2,Massa Única Externa,73.76,sem_desoneracao,2026-06-12,928df42a952625eb12d41baf2b5ab17e1207af6e7881cb9f1c7fcac4708400e3,SINAPI_Referência_2026_05.xlsx!CSD!S7671,916cfcc7edb83aef2493b856db6f616b766c956fea5c2ab53a725ae032ca7ca3,cpu_hierarquica_v1,0.0,ok,,73.76,0.0,SINAPI_Referência_2026_05.xlsx!Analítico!B47400,revestimentos_forros,Revestimentos e forros,revestimentos_forros,73.78215632844001,0.7020723650017946,10,0.29792763499820535,4,0.0,0,0.0,0,1.670918076,0.0,14,0,0.03003840623644904,f59f69dfd410937f99910c65577b1776975b9fe0ce46c3cc7106940d171348da,emboco ou massa unica em argamassa traco # # # preparo manual aplicada manualmente em panos cegos de fachada sem presenca de vaos espessura de # mm,v_2ec0264e935bd491
sinapi_es,2026-05,87800,"EMBOÇO OU MASSA ÚNICA EM ARGAMASSA INDUSTRIALIZADA, PREPARO MECÂNICO E APLICAÇÃO COM EQUIPAMENTO DE MISTURA E PROJEÇÃO DE 1,5 M3/H DE ARGAMASSA EM PANOS CEGOS DE FACHADA (SEM PRESENÇA DE VÃOS), ESPESSURA DE 35 MM. AF_08/2022",M2,Massa Única Externa,102.97,sem_desoneracao,2026-06-12,928df42a952625eb12d41baf2b5ab17e1207af6e7881cb9f1c7fcac4708400e3,SINAPI_Referência_2026_05.xlsx!CSD!S7653,a370a37326e956ba6e8ca53f7d8e3ba2e85c1df19cda6af48093411859f8f437,cpu_hierarquica_v1,0.0,ok,,102.97,0.0,SINAPI_Referência_2026_05.xlsx!Analítico!B47320,revestimentos_forros,Revestimentos e forros,revestimentos_forros,103.0036198756491,0.4027105652710441,13,0.5850898530824107,2,0.011939450734327294,1,0.00026013091221791543,1,1.28112471192,0.0,17,0,0.03265016572700244,b24cec219f8c9ec5bea31e0a27a1adfb35f041175ab694b2a92a1cca42618e01,emboco ou massa unica em argamassa industrializada preparo mecanico e aplicacao com equipamento de mistura e projecao de # m# h de argamassa em panos cegos de fachada sem presenca de vaos espessura de # mm,v_738f1c14af134ee4
sinapi_es,2026-05,87801,"EMBOÇO OU MASSA ÚNICA EM ARGAMASSA TRAÇO 1:2:8, PREPARO MECÂNICO COM BETONEIRA 400 L, APLICADA MANUALMENTE EM PANOS CEGOS DE FACHADA (SEM PRESENÇA DE VÃOS), ESPESSURA DE 45 MM. AF_08/2022",M2,Massa Única Externa,74.51,sem_desoneracao,2026-06-12,928df42a952625eb12d41baf2b5ab17e1207af6e7881cb9f1c7fcac4708400e3,SINAPI_Referência_2026_05.xlsx!CSD!S7733,7ce9df82954bda316e87553eb46aae5ebb0382e476d169b9efe77f8545250bc0,cpu_hierarquica_v1,0.0,ok,,74.51,0.0,SINAPI_Referência_2026_05.xlsx!Analítico!B47740,revestimentos_forros,Revestimentos e forros,revestimentos_forros,74.52878984837001,0.6310126752433582,13,0.36675208943564785,4,0.0014017587527256066,1,0.0008334765682681826,1,1.4491335735000002,0.0,19,0,0.02521788802845967,93c71d3a788ac75a49dc36279f2bd93ea690aee5b2d79b21d90c6addac160e90,emboco ou massa unica em argamassa traco # # # preparo mecanico com betoneira # l aplicada manualmente em panos cegos de fachada sem presenca de vaos espessura de # mm,v_0dda16f0d0457dc9
sinapi_es,2026-05,87803,"EMBOÇO OU MASSA ÚNICA EM ARGAMASSA TRAÇO 1:2:8, PREPARO MANUAL, APLICADA MANUALMENTE EM PANOS CEGOS DE FACHADA (SEM PRESENÇA DE VÃOS), ESPESSURA DE 45 MM. AF_08/2022",M2,Massa Única Externa,81.91,sem_desoneracao,2026-06-12,928df42a952625eb12d41baf2b5ab17e1207af6e7881cb9f1c7fcac4708400e3,SINAPI_Referência_2026_05.xlsx!CSD!S7672,00c08c41f8a0f0289858af7c4631e0e58324c2b83d3fe75963d5d74908027eda,cpu_hierarquica_v1,0.0,ok,,81.91,0.0,SINAPI_Referência_2026_05.xlsx!Analítico!B47405,revestimentos_forros,Revestimentos e forros,revestimentos_forros,81.92738923644,0.6715276589330095,10,0.32847234106699036,4,0.0,0,0.0,0,1.7842712760000001,0.0,14,0,0.021229686778183782,f59f69dfd410937f99910c65577b1776975b9fe0ce46c3cc7106940d171348da,emboco ou massa unica em argamassa traco # # # preparo manual aplicada manualmente em panos cegos de fachada sem presenca de vaos espessura de # mm,v_2ec0264e935bd491
sinapi_es,2026-05,87804,"EMBOÇO OU MASSA ÚNICA EM ARGAMASSA INDUSTRIALIZADA, PREPARO MECÂNICO E APLICAÇÃO COM EQUIPAMENTO DE MISTURA E PROJEÇÃO DE 1,5 M3/H DE ARGAMASSA EM PANOS CEGOS DE FACHADA (SEM PRESENÇA DE VÃOS), ESPESSURA DE 45 MM. AF_08/2022",M2,Massa Única Externa,119.47,sem_desoneracao,2026-06-12,928df42a952625eb12d41baf2b5ab17e1207af6e7881cb9f1c7fcac4708400e3,SINAPI_Referência_2026_05.xlsx!CSD!S7654,6f69b14488e1769d861c075b4ef47d6612b2dbb9a2f40ece3c587746969c5559,cpu_hierarquica_v1,0.0,ok,,119.47,0.0,SINAPI_Referência_2026_05.xlsx!Analítico!B47325,revestimentos_forros,Revestimentos e forros,revestimentos_forros,119.49776793561068,0.3597077582966046,13,0.6271008079446185,2,0.012910153646347301,1,0.00028128011242947596,1,1.32387705592,0.0,17,0,0.023242601164043714,b24cec219f8c9ec5bea31e0a27a1adfb35f041175ab694b2a92a1cca42618e01,emboco ou massa unica em argamassa industrializada preparo mecanico e aplicacao com equipamento de mistura e projecao de # m# h de argamassa em panos cegos de fachada sem presenca de vaos espessura de # mm,v_738f1c14af134ee4
sinapi_es,2026-05,87805,"EMBOÇO OU MASSA ÚNICA EM ARGAMASSA TRAÇO 1:2:8, PREPARO MECÂNICO COM BETONEIRA 400 L, APLICADA MANUALMENTE EM PANOS CEGOS DE FACHADA (SEM PRESENÇA DE VÃOS), ESPESSURA MAIOR OU IGUAL A 50 MM. AF_08/2022",M2,Massa Única Externa,81.41,sem_desoneracao,2026-06-12,928df42a952625eb12d41baf2b5ab17e1207af6e7881cb9f1c7fcac4708400e3,SINAPI_Referência_2026_05.xlsx!CSD!S7734,5ecb8cf4d193ddcfde1e94c7d420805ec2b33cb75ae616fdbe148e6c2198d697,cpu_hierarquica_v1,0.0,ok,,81.41,0.0,SINAPI_Referência_2026_05.xlsx!Analítico!B47745,revestimentos_forros,Revestimentos e forros,revestimentos_forros,81.44081425287,0.6313333242804369,13,0.3664136916331039,4,0.0014128893424705047,1,0.0008400947439887481,1,1.5841525485,0.0,19,0,0.03785069754330147,93c71d3a788ac75a49dc36279f2bd93ea690aee5b2d79b21d90c6addac160e90,emboco ou massa unica em argamassa traco # # # preparo mecanico com betoneira # l aplicada manualmente em panos cegos de fachada sem presenca de vaos espessura maior ou igual a # mm,v_0dda16f0d0457dc9
sinapi_es,2026-05,87807,"EMBOÇO OU MASSA ÚNICA EM ARGAMASSA TRAÇO 1:2:8, PREPARO MANUAL, APLICADA MANUALMENTE EM PANOS CEGOS DE FACHADA (SEM PRESENÇA DE VÃOS), ESPESSURA MAIOR OU IGUAL A 50 MM. AF_08/2022",M2,Massa Única Externa,89.56,sem_desoneracao,2026-06-12,928df42a952625eb12d41baf2b5ab17e1207af6e7881cb9f1c7fcac4708400e3,SINAPI_Referência_2026_05.xlsx!CSD!S7673,3203e854774dded8487b260f6c5bb6f208bbd83df97a9e5a5af43a8042a99855,cpu_hierarquica_v1,0.0,ok,,89.56,0.0,SINAPI_Referência_2026_05.xlsx!Analítico!B47410,revestimentos_forros,Revestimentos e forros,revestimentos_forros,89.58977869044,0.6721115871766897,10,0.3278884128233103,4,0.0,0,0.0,0,1.9532798759999999,0.0,14,0,0.033249989325588473,f59f69dfd410937f99910c65577b1776975b9fe0ce46c3cc7106940d171348da,emboco ou massa unica em argamassa traco # # # preparo manual aplicada manualmente em panos cegos de fachada sem presenca de vaos espessura maior ou igual a # mm,v_2ec0264e935bd491
sinapi_es,2026-05,87808,"EMBOÇO OU MASSA ÚNICA EM ARGAMASSA INDUSTRIALIZADA, PREPARO MECÂNICO E APLICAÇÃO COM EQUIPAMENTO DE MISTURA E PROJEÇÃO DE 1,5 M3/H DE ARGAMASSA EM PANOS CEGOS DE FACHADA (SEM PRESENÇA DE VÃOS), ESPESSURA MAIOR OU IGUAL A 50 MM. AF_08/2022",M2,Massa Única Externa,126.8,sem_desoneracao,2026-06-12,928df42a952625eb12d41baf2b5ab17e1207af6e7881cb9f1c7fcac4708400e3,SINAPI_Referência_2026_05.xlsx!CSD!S7655,9f56c16fb0c3dc5d998a714938159273a81aea8025b11be7bd3ceb80c9a4cd3b,cpu_hierarquica_v1,0.0,ok,,126.8,0.0,SINAPI_Referência_2026_05.xlsx!Analítico!B47330,revestimentos_forros,Revestimentos e forros,revestimentos_forros,126.83108156559149,0.3376327586046845,13,0.6486780117652173,2,0.01339733504761084,1,0.00029189458248729197,1,1.31665962792,0.0,17,0,0.024512275703069575,b24cec219f8c9ec5bea31e0a27a1adfb35f041175ab694b2a92a1cca42618e01,emboco ou massa unica em argamassa industrializada preparo mecanico e aplicacao com equipamento de mistura e projecao de # m# h de argamassa em panos cegos de fachada sem presenca de vaos espessura maior ou igual a # mm,v_738f1c14af134ee4
sinapi_es,2026-05,87809,"EMBOÇO OU MASSA ÚNICA EM ARGAMASSA TRAÇO 1:2:8, PREPARO MECÂNICO COM BETONEIRA 400 L, APLICADA MANUALMENTE EM SUPERFÍCIES EXTERNAS DA SACADA, ESPESSURA DE 25 MM, SEM USO DE TELA METÁLICA DE REFORÇO CONTRA FISSURAÇÃO. AF_08/2022",M2,Massa Única Externa,98.8,sem_desoneracao,2026-06-12,928df42a952625eb12d41baf2b5ab17e1207af6e7881cb9f1c7fcac4708400e3,SINAPI_Referência_2026_05.xlsx!CSD!S7739,61298ad455b49d2357db2b60acda10fa387314a5a2b797ed50169e64246f1177,cpu_hierarquica_v1,0.0,ok,,98.8,0.0,SINAPI_Referência_2026_05.xlsx!Analítico!B47770,revestimentos_forros,Revestimentos e forros,revestimentos_forros,98.83501083037001,0.8503303054330771,13,0.1486679495105084,3,0.0006282134536977371,1,0.000373531602716796,1,2.6165040735000002,0.0,18,0,0.03543606312754303,3a2bb0f2ce9db5e05f51f3a0e0cc8347cb19e07de96bb115d30978b9fb1a8943,emboco ou massa unica em argamassa traco # # # preparo mecanico com betoneira # l aplicada manualmente em superficies externas da sacada espessura de # mm sem uso de tela metalica de reforco contra fissuracao,v_8bb45ffaa009f9e8
sinapi_es,2026-05,87811,"EMBOÇO OU MASSA ÚNICA EM ARGAMASSA TRAÇO 1:2:8, PREPARO MANUAL, APLICADA MANUALMENTE EM SUPERFÍCIES EXTERNAS DA SACADA, ESPESSURA DE 25 MM, SEM USO DE TELA METÁLICA DE REFORÇO CONTRA FISSURAÇÃO. AF_08/2022",M2,Massa Única Externa,103.2,sem_desoneracao,2026-06-12,928df42a952625eb12d41baf2b5ab17e1207af6e7881cb9f1c7fcac4708400e3,SINAPI_Referência_2026_05.xlsx!CSD!S7686,d79d3c1d073273df2c1498b2c4952c46dbf2e7dc1b7917b5bb7344048fc10d61,cpu_hierarquica_v1,0.0,ok,,103.2,0.0,SINAPI_Referência_2026_05.xlsx!Analítico!B47474,revestimentos_forros,Revestimentos e forros,revestimentos_forros,103.23215002044,0.8600980960181454,10,0.13990190398185454,3,0.0,0,0.0,0,2.815683276,0.0,13,0,0.031153120581394956,4fe860d93aa1fea3bfdbec1d3bbcc6fdcca807b0bbd51e6f93f8c91365dcbf3c,emboco ou massa unica em argamassa traco # # # preparo manual aplicada manualmente em superficies externas da sacada espessura de # mm sem uso de tela metalica de reforco contra fissuracao,v_24e05d145669d072
sinapi_es,2026-05,87812,"EMBOÇO OU MASSA ÚNICA EM ARGAMASSA INDUSTRIALIZADA, PREPARO MECÂNICO E APLICAÇÃO COM EQUIPAMENTO DE MISTURA E PROJEÇÃO DE 1,5 M3/H EM SUPERFÍCIES EXTERNAS DA SACADA, ESPESSURA 25 MM, SEM USO DE TELA METÁLICA. AF_08/2022",M2,Massa Única Externa,120.43,sem_desoneracao,2026-06-12,928df42a952625eb12d41baf2b5ab17e1207af6e7881cb9f1c7fcac4708400e3,SINAPI_Referência_2026_05.xlsx!CSD!S7661,34246ee33f6ddc025f996a0cac9c47bdf5431d13111a2ab5b3dee1c817172d2f,cpu_hierarquica_v1,0.0,ok,,120.43,0.0,SINAPI_Referência_2026_05.xlsx!Analítico!B47359,revestimentos_forros,Revestimentos e forros,revestimentos_forros,120.44965681568749,0.6353478770114634,13,0.35687414108432347,1,0.007612132485226582,1,0.00016584941898645773,1,2.38211636792,0.0,16,0,0.016322191885313652,3c9b275cfbc940a3dee567e46c9033b31cc4a05bd8bf19f7b9248bf3e1fc2608,emboco ou massa unica em argamassa industrializada preparo mecanico e aplicacao com equipamento de mistura e projecao de # m# h em superficies externas da sacada espessura # mm sem uso de tela metalica,v_7434d0fbc26aed78
sinapi_es,2026-05,87813,"EMBOÇO OU MASSA ÚNICA EM ARGAMASSA TRAÇO 1:2:8, PREPARO MECÂNICO COM BETONEIRA 400 L, APLICADA MANUALMENTE EM SUPERFÍCIES EXTERNAS DA SACADA, ESPESSURA DE 35 MM, SEM USO DE TELA METÁLICA DE REFORÇO CONTRA FISSURAÇÃO. AF_08/2022",M2,Massa Única Externa,117.92,sem_desoneracao,2026-06-12,928df42a952625eb12d41baf2b5ab17e1207af6e7881cb9f1c7fcac4708400e3,SINAPI_Referência_2026_05.xlsx!CSD!S7740,fc48aab019bd28d1a5f34cbb6943a7007cea22d2af3f24c5796059f31dd5392e,cpu_hierarquica_v1,0.0,ok,,117.92,0.0,SINAPI_Referência_2026_05.xlsx!Analítico!B47774,revestimentos_forros,Revestimentos e forros,revestimentos_forros,117.94581623937,0.8317763404745762,13,0.16709773206369455,3,0.0007060906113955165,1,0.0004198368503339165,1,3.0519764235,0.0,18,0,0.021893011677410007,3a2bb0f2ce9db5e05f51f3a0e0cc8347cb19e07de96bb115d30978b9fb1a8943,emboco ou massa unica em argamassa traco # # # preparo mecanico com betoneira # l aplicada manualmente em superficies externas da sacada espessura de # mm sem uso de tela metalica de reforco contra fissuracao,v_8bb45ffaa009f9e8
sinapi_es,2026-05,87815,"EMBOÇO OU MASSA ÚNICA EM ARGAMASSA TRAÇO 1:2:8, PREPARO MANUAL, APLICADA MANUALMENTE EM SUPERFÍCIES EXTERNAS DA SACADA, ESPESSURA DE 35 MM, SEM USO DE TELA METÁLICA DE REFORÇO CONTRA FISSURAÇÃO. AF_08/2022",M2,Massa Única Externa,123.82,sem_desoneracao,2026-06-12,928df42a952625eb12d41baf2b5ab17e1207af6e7881cb9f1c7fcac4708400e3,SINAPI_Referência_2026_05.xlsx!CSD!S7688,809e898405ffd57bc8a3b5c96755d1995152f55d7b0555c127504de06ce768e1,cpu_hierarquica_v1,0.0,ok,,123.82,0.0,SINAPI_Referência_2026_05.xlsx!Analítico!B47482,revestimentos_forros,Revestimentos e forros,revestimentos_forros,123.84368552844002,0.8435809443384867,10,0.15641905566151326,3,0.0,0,0.0,0,3.3191348759999997,0.0,13,0,0.01912900051690063,4fe860d93aa1fea3bfdbec1d3bbcc6fdcca807b0bbd51e6f93f8c91365dcbf3c,emboco ou massa unica em argamassa traco # # # preparo manual aplicada manualmente em superficies externas da sacada espessura de # mm sem uso de tela metalica de reforco contra fissuracao,v_24e05d145669d072
sinapi_es,2026-05,87816,"EMBOÇO OU MASSA ÚNICA EM ARGAMASSA INDUSTRIALIZADA, PREPARO MECÂNICO E APLICAÇÃO COM EQUIPAMENTO DE MISTURA E PROJEÇÃO DE 1,5 M3/H EM SUPERFÍCIES EXTERNAS DA SACADA, ESPESSURA 35 MM, SEM USO DE TELA METÁLICA. AF_08/2022",M2,Massa Única Externa,148.27,sem_desoneracao,2026-06-12,928df42a952625eb12d41baf2b5ab17e1207af6e7881cb9f1c7fcac4708400e3,SINAPI_Referência_2026_05.xlsx!CSD!S7662,c82127c23ce52cf6c6b8779e44171e227a5e35074f0b3b2a231837e430a95919,cpu_hierarquica_v1,0.0,ok,,148.27,0.0,SINAPI_Referência_2026_05.xlsx!Analítico!B47363,revestimentos_forros,Revestimentos e forros,revestimentos_forros,148.3005412756491,0.6027476205831209,13,0.38877903832349076,1,0.008292664574142199,1,0.00018067651924612117,1,2.78024631192,0.0,16,0,0.020598418863617227,3c9b275cfbc940a3dee567e46c9033b31cc4a05bd8bf19f7b9248bf3e1fc2608,emboco ou massa unica em argamassa industrializada preparo mecanico e aplicacao com equipamento de mistura e projecao de # m# h em superficies externas da sacada espessura # mm sem uso de tela metalica,v_7434d0fbc26aed78
sinapi_es,2026-05,87817,"EMBOÇO OU MASSA ÚNICA EM ARGAMASSA TRAÇO 1:2:8, PREPARO MECÂNICO COM BETONEIRA 400 L, APLICADA MANUALMENTE EM SUPERFÍCIES EXTERNAS DA SACADA, ESPESSURA DE 45 MM, SEM USO DE TELA METÁLICA DE REFORÇO CONTRA FISSURAÇÃO. AF_08/2022",M2,Massa Única Externa,124.57,sem_desoneracao,2026-06-12,928df42a952625eb12d41baf2b5ab17e1207af6e7881cb9f1c7fcac4708400e3,SINAPI_Referência_2026_05.xlsx!CSD!S7742,6b51f0076a63f4b57f5968c1b7d83158d47ad14510d48b2f44e9500a9864ea4a,cpu_hierarquica_v1,0.0,ok,,124.57,0.0,SINAPI_Referência_2026_05.xlsx!Analítico!B47782,revestimentos_forros,Revestimentos e forros,revestimentos_forros,124.59031904836999,0.8002256678238627,13,0.1984372348416701,3,0.0008385192709831719,1,0.00049857806348408,1,3.0973503735000003,0.0,18,0,0.01631134973910125,3a2bb0f2ce9db5e05f51f3a0e0cc8347cb19e07de96bb115d30978b9fb1a8943,emboco ou massa unica em argamassa traco # # # preparo mecanico com betoneira # l aplicada manualmente em superficies externas da sacada espessura de # mm sem uso de tela metalica de reforco contra fissuracao,v_8bb45ffaa009f9e8
sinapi_es,2026-05,87819,"EMBOÇO OU MASSA ÚNICA EM ARGAMASSA TRAÇO 1:2:8, PREPARO MANUAL, APLICADA MANUALMENTE EM SUPERFÍCIES EXTERNAS DA SACADA, ESPESSURA DE 45 MM, SEM USO DE TELA METÁLICA DE REFORÇO CONTRA FISSURAÇÃO. AF_08/2022",M2,Massa Única Externa,131.97,sem_desoneracao,2026-06-12,928df42a952625eb12d41baf2b5ab17e1207af6e7881cb9f1c7fcac4708400e3,SINAPI_Referência_2026_05.xlsx!CSD!S7690,33278bfffb148e3076e2fc99153ba3f0332d2d55d5d76709eb9414f21e05c05b,cpu_hierarquica_v1,0.0,ok,,131.97,0.0,SINAPI_Referência_2026_05.xlsx!Analítico!B47490,revestimentos_forros,Revestimentos e forros,revestimentos_forros,131.98891843644,0.8158887077197915,10,0.18411129228020845,3,0.0,0,0.0,0,3.4324880760000003,0.0,13,0,0.014335406865199258,4fe860d93aa1fea3bfdbec1d3bbcc6fdcca807b0bbd51e6f93f8c91365dcbf3c,emboco ou massa unica em argamassa traco # # # preparo manual aplicada manualmente em superficies externas da sacada espessura de # mm sem uso de tela metalica de reforco contra fissuracao,v_24e05d145669d072
sinapi_es,2026-05,87820,"EMBOÇO OU MASSA ÚNICA EM ARGAMASSA INDUSTRIALIZADA, PREPARO MECÂNICO E APLICAÇÃO COM EQUIPAMENTO DE MISTURA E PROJEÇÃO DE 1,5 M3/H EM SUPERFÍCIES EXTERNAS DA SACADA, ESPESSURA 45 MM, SEM USO DE TELA METÁLICA. AF_08/2022",M2,Massa Única Externa,164.77,sem_desoneracao,2026-06-12,928df42a952625eb12d41baf2b5ab17e1207af6e7881cb9f1c7fcac4708400e3,SINAPI_Referência_2026_05.xlsx!CSD!S7663,63c130e848a53e4bf2a0db8391766b220a0cdfc35baf569417efa0c13d1d7bea,cpu_hierarquica_v1,0.0,ok,,164.77,0.0,SINAPI_Referência_2026_05.xlsx!Analítico!B47367,revestimentos_forros,Revestimentos e forros,revestimentos_forros,164.7946893356107,0.5515434204342745,13,0.4388910596063169,1,0.009361554978889216,1,0.00020396498051916692,1,2.82299865592,0.0,16,0,0.014984120659526794,3c9b275cfbc940a3dee567e46c9033b31cc4a05bd8bf19f7b9248bf3e1fc2608,emboco ou massa unica em argamassa industrializada preparo mecanico e aplicacao com equipamento de mistura e projecao de # m# h em superficies externas da sacada espessura # mm sem uso de tela metalica,v_7434d0fbc26aed78
sinapi_es,2026-05,87821,"EMBOÇO OU MASSA ÚNICA EM ARGAMASSA TRAÇO 1:2:8, PREPARO MECÂNICO COM BETONEIRA 400 L, APLICADA MANUALMENTE EM SUPERFÍCIES EXTERNAS DA SACADA, ESPESSURA MAIOR OU IGUAL A 50 MM, SEM USO DE TELA METÁLICA DE REFORÇO CONTRA FISSURAÇÃO. AF_08/2022",M2,Massa Única Externa,162.92,sem_desoneracao,2026-06-12,928df42a952625eb12d41baf2b5ab17e1207af6e7881cb9f1c7fcac4708400e3,SINAPI_Referência_2026_05.xlsx!CSD!S7744,f63cbc44732c9aee8ab5d9ee0a9c0d9e98ece2656c4eb3b7704a5c61f4138e0b,cpu_hierarquica_v1,0.0,ok,,162.92,0.0,SINAPI_Referência_2026_05.xlsx!Analítico!B47790,revestimentos_forros,Revestimentos e forros,revestimentos_forros,162.96180865287002,0.8317747975116304,13,0.1670992646995295,3,0.0007060970877238327,1,0.00041984070111629224,1,4.2168061485,0.0,18,0,0.02566207517188279,3a2bb0f2ce9db5e05f51f3a0e0cc8347cb19e07de96bb115d30978b9fb1a8943,emboco ou massa unica em argamassa traco # # # preparo mecanico com betoneira # l aplicada manualmente em superficies externas da sacada espessura maior ou igual a # mm sem uso de tela metalica de reforco contra fissuracao,v_8bb45ffaa009f9e8
sinapi_es,2026-05,87823,"EMBOÇO OU MASSA ÚNICA EM ARGAMASSA TRAÇO 1:2:8, PREPARO MANUAL, APLICADA MANUALMENTE EM SUPERFÍCIES EXTERNAS DA SACADA, ESPESSURA MAIOR OU IGUAL A 50 MM, SEM USO DE TELA METÁLICA DE REFORÇO CONTRA FISSURAÇÃO. AF_08/2022",M2,Massa Única Externa,171.07,sem_desoneracao,2026-06-12,928df42a952625eb12d41baf2b5ab17e1207af6e7881cb9f1c7fcac4708400e3,SINAPI_Referência_2026_05.xlsx!CSD!S7692,9f895372f655ede29491f2ecdf9e73b68791751c07de5385d8301acffa9b15a4,cpu_hierarquica_v1,0.0,ok,,171.07,0.0,SINAPI_Referência_2026_05.xlsx!Analítico!B47498,revestimentos_forros,Revestimentos e forros,revestimentos_forros,171.11077309044,0.8435795779740102,10,0.15642042202598977,3,0.0,0,0.0,0,4.585933476,0.0,13,0,0.02383415586602709,4fe860d93aa1fea3bfdbec1d3bbcc6fdcca807b0bbd51e6f93f8c91365dcbf3c,emboco ou massa unica em argamassa traco # # # preparo manual aplicada manualmente em superficies externas da sacada espessura maior ou igual a # mm sem uso de tela metalica de reforco contra fissuracao,v_24e05d145669d072
sinapi_es,2026-05,87824,"EMBOÇO OU MASSA ÚNICA EM ARGAMASSA INDUSTRIALIZADA, PREPARO MECÂNICO E APLICAÇÃO COM EQUIPAMENTO DE MISTURA E PROJEÇÃO DE 1,5 M3/H EM SUPERFÍCIES EXTERNAS DA SACADA, ESPESSURA MAIOR OU IGUAL A 50 MM, SEM USO DE TELA METÁLICA. AF_08/2022",M2,Massa Única Externa,192.45,sem_desoneracao,2026-06-12,928df42a952625eb12d41baf2b5ab17e1207af6e7881cb9f1c7fcac4708400e3,SINAPI_Referência_2026_05.xlsx!CSD!S7664,e57c17c60772b51d1534db6c1b1970b79798015dea7b98d579886116f89443e4,cpu_hierarquica_v1,0.0,ok,,192.45,0.0,SINAPI_Referência_2026_05.xlsx!Analítico!B47371,revestimentos_forros,Revestimentos e forros,revestimentos_forros,192.49180616559147,0.5771325323335487,13,0.4138477601039825,1,0.008827380905363572,1,0.0001923266571053541,1,3.4530100279200004,0.0,16,0,0.021723130990637156,3c9b275cfbc940a3dee567e46c9033b31cc4a05bd8bf19f7b9248bf3e1fc2608,emboco ou massa unica em argamassa industrializada preparo mecanico e aplicacao com equipamento de mistura e projecao de # m# h em superficies externas da sacada espessura maior ou igual a # mm sem uso de tela metalica,v_7434d0fbc26aed78
sinapi_es,2026-05,87825,"EMBOÇO OU MASSA ÚNICA EM ARGAMASSA TRAÇO 1:2:8, PREPARO MECÂNICO COM BETONEIRA 400 L, APLICADA MANUALMENTE NAS PAREDES INTERNAS DA SACADA, ESPESSURA DE 25 MM, SEM USO DE TELA METÁLICA DE REFORÇO CONTRA FISSURAÇÃO. AF_08/2022",M2,Massa Única Externa,91.52,sem_desoneracao,2026-06-12,928df42a952625eb12d41baf2b5ab17e1207af6e7881cb9f1c7fcac4708400e3,SINAPI_Referência_2026_05.xlsx!CSD!S7745,17d95b879c8a1a9fd293bb252adb49833af342814c0c8bc32dfcbe00d26fdd2f,cpu_hierarquica_v1,0.0,ok,,91.52,0.0,SINAPI_Referência_2026_05.xlsx!Analítico!B47794,revestimentos_forros,Revestimentos e forros,revestimentos_forros,91.53730328430998,0.8019962566058392,13,0.19667849667891504,3,0.000831087521375996,1,0.000494159193869909,1,2.2808612805,0.0,18,0,0.01890656065339702,3a2bb0f2ce9db5e05f51f3a0e0cc8347cb19e07de96bb115d30978b9fb1a8943,emboco ou massa unica em argamassa traco # # # preparo mecanico com betoneira # l aplicada manualmente nas paredes internas da sacada espessura de # mm sem uso de tela metalica de reforco contra fissuracao,v_8bb45ffaa009f9e8
sinapi_es,2026-05,87827,"EMBOÇO OU MASSA ÚNICA EM ARGAMASSA TRAÇO 1:2:8, PREPARO MANUAL, APLICADA MANUALMENTE NAS PAREDES INTERNAS DA SACADA, ESPESSURA DE 25 MM, SEM USO DE TELA METÁLICA DE REFORÇO CONTRA FISSURAÇÃO. AF_08/2022",M2,Massa Única Externa,96.9,sem_desoneracao,2026-06-12,928df42a952625eb12d41baf2b5ab17e1207af6e7881cb9f1c7fcac4708400e3,SINAPI_Referência_2026_05.xlsx!CSD!S7693,efbed24483e0fd8dae2a4ed3b9024db29574b8b75bb141999dce1bebcb367422,cpu_hierarquica_v1,0.0,ok,,96.9,0.0,SINAPI_Referência_2026_05.xlsx!Analítico!B47502,revestimentos_forros,Revestimentos e forros,revestimentos_forros,96.92492433972,0.8174297731925254,10,0.18257022680747464,3,0.0,0,0.0,0,2.524906788,0.0,13,0,0.02572171281732471,4fe860d93aa1fea3bfdbec1d3bbcc6fdcca807b0bbd51e6f93f8c91365dcbf3c,emboco ou massa unica em argamassa traco # # # preparo manual aplicada manualmente nas paredes internas da sacada espessura de # mm sem uso de tela metalica de reforco contra fissuracao,v_24e05d145669d072
sinapi_es,2026-05,87828,"EMBOÇO OU MASSA ÚNICA EM ARGAMASSA INDUSTRIALIZADA, PREPARO MECÂNICO E APLICAÇÃO COM EQUIPAMENTO DE MISTURA E PROJEÇÃO DE 1,5 M3/H NAS PAREDES INTERNAS DA SACADA, ESPESSURA 25 MM, SEM USO DE TELA METÁLICA. AF_08/2022",M2,Massa Única Externa,120.8,sem_desoneracao,2026-06-12,928df42a952625eb12d41baf2b5ab17e1207af6e7881cb9f1c7fcac4708400e3,SINAPI_Referência_2026_05.xlsx!CSD!S7665,d0852c0ede59029a69aa6457835ef9c8b3d9710475e36f5ac372a3f946b77ff0,cpu_hierarquica_v1,0.0,ok,,120.8,0.0,SINAPI_Referência_2026_05.xlsx!Analítico!B47375,revestimentos_forros,Revestimentos e forros,revestimentos_forros,120.82754993526214,0.5546051692617052,13,0.4358946174793653,1,0.009297640809077511,1,0.00020257244985199242,1,2.08150651496,0.0,16,0,0.022806237799787896,3c9b275cfbc940a3dee567e46c9033b31cc4a05bd8bf19f7b9248bf3e1fc2608,emboco ou massa unica em argamassa industrializada preparo mecanico e aplicacao com equipamento de mistura e projecao de # m# h nas paredes internas da sacada espessura # mm sem uso de tela metalica,v_7434d0fbc26aed78
sinapi_es,2026-05,87829,"EMBOÇO OU MASSA ÚNICA EM ARGAMASSA TRAÇO 1:2:8, PREPARO MECÂNICO COM BETONEIRA 400 L, APLICADA MANUALMENTE NAS PAREDES INTERNAS DA SACADA, ESPESSURA DE 35 MM, SEM USO DE TELA METÁLICA DE REFORÇO CONTRA FISSURAÇÃO. AF_08/2022",M2,Massa Única Externa,110.25,sem_desoneracao,2026-06-12,928df42a952625eb12d41baf2b5ab17e1207af6e7881cb9f1c7fcac4708400e3,SINAPI_Referência_2026_05.xlsx!CSD!S7746,c7c8461c01fcf4501cccd715c086f5404a9a47a63158d91e15b76e67fb09db7d,cpu_hierarquica_v1,0.0,ok,,110.25,0.0,SINAPI_Referência_2026_05.xlsx!Analítico!B47798,revestimentos_forros,Revestimentos e forros,revestimentos_forros,110.28237851129,0.779800657210037,13,0.21872554006921957,3,0.0009242498291743427,1,0.0005495528915691236,1,2.6691286995,0.0,18,0,0.029368264208621736,3a2bb0f2ce9db5e05f51f3a0e0cc8347cb19e07de96bb115d30978b9fb1a8943,emboco ou massa unica em argamassa traco # # # preparo mecanico com betoneira # l aplicada manualmente nas paredes internas da sacada espessura de # mm sem uso de tela metalica de reforco contra fissuracao,v_8bb45ffaa009f9e8
sinapi_es,2026-05,87831,"EMBOÇO OU MASSA ÚNICA EM ARGAMASSA TRAÇO 1:2:8, PREPARO MANUAL, APLICADA MANUALMENTE NAS PAREDES INTERNAS DA SACADA, ESPESSURA DE 35 MM, SEM USO DE TELA METÁLICA DE REFORÇO CONTRA FISSURAÇÃO. AF_08/2022",M2,Massa Única Externa,117.47,sem_desoneracao,2026-06-12,928df42a952625eb12d41baf2b5ab17e1207af6e7881cb9f1c7fcac4708400e3,SINAPI_Referência_2026_05.xlsx!CSD!S7694,af99b133dfdeef5b13e6ea1e81368a1a82c50f6f92447ce31f11740a1f04cc36,cpu_hierarquica_v1,0.0,ok,,117.47,0.0,SINAPI_Referência_2026_05.xlsx!Analítico!B47506,revestimentos_forros,Revestimentos e forros,revestimentos_forros,117.50089028747999,0.7982214966882999,10,0.2017785033117002,3,0.0,0,0.0,0,2.996108892,0.0,13,0,0.026296320320074257,4fe860d93aa1fea3bfdbec1d3bbcc6fdcca807b0bbd51e6f93f8c91365dcbf3c,emboco ou massa unica em argamassa traco # # # preparo manual aplicada manualmente nas paredes internas da sacada espessura de # mm sem uso de tela metalica de reforco contra fissuracao,v_24e05d145669d072
sinapi_es,2026-05,87832,"EMBOÇO OU MASSA ÚNICA EM ARGAMASSA INDUSTRIALIZADA, PREPARO MECÂNICO E APLICAÇÃO COM EQUIPAMENTO DE MISTURA E PROJEÇÃO DE 1,5 M3/H DE ARGAMASSA NAS PAREDES INTERNAS DA SACADA, ESPESSURA 35 MM, SEM USO DE TELA METÁLICA. AF_08/2022",M2,Massa Única Externa,150.58,sem_desoneracao,2026-06-12,928df42a952625eb12d41baf2b5ab17e1207af6e7881cb9f1c7fcac4708400e3,SINAPI_Referência_2026_05.xlsx!CSD!S7660,42cd64d67ad0c7c2b04d4142e14eb0818f583079e3fa217e213dd4dfb31ca71c,cpu_hierarquica_v1,0.0,ok,,150.58,0.0,SINAPI_Referência_2026_05.xlsx!Analítico!B47355,revestimentos_forros,Revestimentos e forros,revestimentos_forros,150.6101633684153,0.5212514300556982,13,0.46853692580748235,1,0.009993901891100068,1,0.00021774224571937038,1,2.43593957464,0.0,16,0,0.02003145730859845,3c9b275cfbc940a3dee567e46c9033b31cc4a05bd8bf19f7b9248bf3e1fc2608,emboco ou massa unica em argamassa industrializada preparo mecanico e aplicacao com equipamento de mistura e projecao de # m# h de argamassa nas paredes internas da sacada espessura # mm sem uso de tela metalica,v_7434d0fbc26aed78
sinapi_es,2026-05,87838,REVESTIMENTO DECORATIVO MONOCAMADA EXECUTADO MANUALMENTE EM FACHADA DE UM EDIFÍCIO DE ESTRUTURA CONVENCIONAL E ACABAMENTO RASPADO. AF_03/2024,M2,Monocapa,187.32,sem_desoneracao,2026-06-12,928df42a952625eb12d41baf2b5ab17e1207af6e7881cb9f1c7fcac4708400e3,SINAPI_Referência_2026_05.xlsx!CSD!S7918,6aa4642a9a37bc771c8768447e872b4cd110b6fa3ecefbe5472a3291218308b8,cpu_hierarquica_v1,0.0,ok,,187.32,0.0,SINAPI_Referência_2026_05.xlsx!Analítico!B48599,revestimentos_forros,Revestimentos e forros,revestimentos_forros,187.35878919251402,0.18704422657632233,13,0.8116919769573122,2,0.0008091282847063633,1,0.00045466818165904136,1,1.0497088495,0.0,17,0,0.020707448491368196,321ddff8ee73967d474516a70a48da04ce6eb7a9cbfe8fd552aa0290030cc7d2,revestimento decorativo monocamada executado manualmente em fachada de # edificio de estrutura convencional e acabamento raspado,v_260c495867574e3c
sinapi_es,2026-05,87839,REVESTIMENTO DECORATIVO MONOCAMADA EXECUTADO MANUALMENTE EM FACHADA DE UM EDIFÍCIO DE ALVENARIA ESTRUTURAL E ACABAMENTO RASPADO. AF_03/2024,M2,Monocapa,136.31,sem_desoneracao,2026-06-12,928df42a952625eb12d41baf2b5ab17e1207af6e7881cb9f1c7fcac4708400e3,SINAPI_Referência_2026_05.xlsx!CSD!S7915,bb9d8a35099a5c896fc8215beecb39b36d056332b3447366f563b9d69f02fe88,cpu_hierarquica_v1,0.0,ok,,136.31,0.0,SINAPI_Referência_2026_05.xlsx!Analítico!B48580,revestimentos_forros,Revestimentos e forros,revestimentos_forros,136.3352305259598,0.2202712963267026,13,0.778512962427492,2,0.0007783615914786889,1,0.00043737965432673483,1,0.9006390746500001,0.0,17,0,0.018509666172536642,321ddff8ee73967d474516a70a48da04ce6eb7a9cbfe8fd552aa0290030cc7d2,revestimento decorativo monocamada executado manualmente em fachada de # edificio de alvenaria estrutural e acabamento raspado,v_260c495867574e3c
sinapi_es,2026-05,87840,REVESTIMENTO DECORATIVO MONOCAMADA EXECUTADO COM EQUIPAMENTO DE PROJEÇÃO EM FACHADA DE UM EDIFÍCIO DE ESTRUTURA CONVENCIONAL E ACABAMENTO RASPADO. AF_03/2024,M2,Monocapa,179.47,sem_desoneracao,2026-06-12,928df42a952625eb12d41baf2b5ab17e1207af6e7881cb9f1c7fcac4708400e3,SINAPI_Referência_2026_05.xlsx!CSD!S7912,3bd31b7a812d0e04f8c3b149397c11766ad16310842f451bcabb8bef01aaa893,cpu_hierarquica_v1,0.0,ok,,179.47,0.0,SINAPI_Referência_2026_05.xlsx!Analítico!B48563,revestimentos_forros,Revestimentos e forros,revestimentos_forros,179.49667107432367,0.15271180754722463,10,0.8387489560609238,2,0.008409712501180545,1,0.0001295238906707819,1,0.7735027698800001,0.0,14,0,0.014861020963767138,3d4aa10e41ae04f573776b75098b2310ca08f784b608e429ab39a3ed4bcf4826,revestimento decorativo monocamada executado com equipamento de projecao em fachada de # edificio de estrutura convencional e acabamento raspado,v_9b3cd13d2c60dcbb
sinapi_es,2026-05,87841,REVESTIMENTO DECORATIVO MONOCAMADA EXECUTADO COM EQUIPAMENTO DE PROJEÇÃO EM FACHADA DE UM EDIFÍCIO DE ALVENARIA ESTRUTURAL E ACABAMENTO RASPADO. AF_03/2024,M2,Monocapa,128.74,sem_desoneracao,2026-06-12,928df42a952625eb12d41baf2b5ab17e1207af6e7881cb9f1c7fcac4708400e3,SINAPI_Referência_2026_05.xlsx!CSD!S7909,25c259691c3a80bbb2e233684ab1f3430861a934319a2da24a78acf02520e011,cpu_hierarquica_v1,0.0,ok,,128.74,0.0,SINAPI_Referência_2026_05.xlsx!Analítico!B48547,revestimentos_forros,Revestimentos e forros,revestimentos_forros,128.76542982284852,0.17465968394249623,10,0.816997365401042,2,0.008216404045135997,1,0.00012654661132586534,1,0.63436686452,0.0,14,0,0.01975285291945655,3d4aa10e41ae04f573776b75098b2310ca08f784b608e429ab39a3ed4bcf4826,revestimento decorativo monocamada executado com equipamento de projecao em fachada de # edificio de alvenaria estrutural e acabamento raspado,v_9b3cd13d2c60dcbb
sinapi_es,2026-05,87850,REVESTIMENTO DECORATIVO MONOCAMADA EXECUTADO MANUALMENTE EM FACHADA DE UM EDIFÍCIO DE ESTRUTURA CONVENCIONAL E ACABAMENTO TRAVERTINO. AF_03/2024,M2,Monocapa,203.68,sem_desoneracao,2026-06-12,928df42a952625eb12d41baf2b5ab17e1207af6e7881cb9f1c7fcac4708400e3,SINAPI_Referência_2026_05.xlsx!CSD!S7919,c9c6542f9eafc4c143fb1371a644c44bc414ece5d051f7162c0f1a3c0e152929,cpu_hierarquica_v1,0.0056,ok,,203.68,0.0,SINAPI_Referência_2026_05.xlsx!Analítico!B48604,revestimentos_forros,Revestimentos e forros,revestimentos_forros,203.72611545955493,0.19390647714646167,13,0.799152526286311,3,0.006494183889360113,3,0.00044681267786736634,1,1.18371365518,0.0,20,1,0.022641132931522985,ecb4b631dc5f3b02c6491c281bcf0ea0d1021f3d754753fe4e5e20928d09119a,revestimento decorativo monocamada executado manualmente em fachada de # edificio de estrutura convencional e acabamento travertino,v_691ea7b2a67bd1a9
sinapi_es,2026-05,87851,REVESTIMENTO DECORATIVO MONOCAMADA EXECUTADO MANUALMENTE EM FACHADA DE UM EDIFÍCIO DE ALVENARIA ESTRUTURAL E ACABAMENTO TRAVERTINO. AF_03/2024,M2,Monocapa,152.67,sem_desoneracao,2026-06-12,928df42a952625eb12d41baf2b5ab17e1207af6e7881cb9f1c7fcac4708400e3,SINAPI_Referência_2026_05.xlsx!CSD!S7916,306d53b7c6415bedd7cc92c69170242a0651ea7fd0d127953b6f9aca2aeb34ab,cpu_hierarquica_v1,0.0075,ok,,152.67,0.0,SINAPI_Referência_2026_05.xlsx!Analítico!B48585,revestimentos_forros,Revestimentos e forros,revestimentos_forros,152.70255679300078,0.2258650557135889,13,0.7653398901396573,3,0.00836630175010087,3,0.0004287523966527385,1,1.03464388033,0.0,20,1,0.02132494465238325,ecb4b631dc5f3b02c6491c281bcf0ea0d1021f3d754753fe4e5e20928d09119a,revestimento decorativo monocamada executado manualmente em fachada de # edificio de alvenaria estrutural e acabamento travertino,v_691ea7b2a67bd1a9
sinapi_es,2026-05,87852,REVESTIMENTO DECORATIVO MONOCAMADA EXECUTADO COM EQUIPAMENTO DE PROJEÇÃO EM FACHADA DE UM EDIFÍCIO DE ESTRUTURA CONVENCIONAL E ACABAMENTO TRAVERTINO. AF_03/2024,M2,Monocapa,195.16,sem_desoneracao,2026-06-12,928df42a952625eb12d41baf2b5ab17e1207af6e7881cb9f1c7fcac4708400e3,SINAPI_Referência_2026_05.xlsx!CSD!S7913,b6521091a561e01735f904dc1478ad9ccd3abcafa6a4ea15b406100fae3727a3,cpu_hierarquica_v1,0.0059,ok,,195.16,0.0,SINAPI_Referência_2026_05.xlsx!Analítico!B48567,revestimentos_forros,Revestimentos e forros,revestimentos_forros,195.2055313260825,0.15859296731059125,10,0.8270545465758958,3,0.014225003004653366,3,0.00012748310885940005,1,0.8734596182,0.0,17,1,0.023330255217519347,36bcfc3ac0734e1bea729f8cc52a71704225fabe1b0fb9c72fad177daf21c05d,revestimento decorativo monocamada executado com equipamento de projecao em fachada de # edificio de estrutura convencional e acabamento travertino,v_ef213c5110223ba7
sinapi_es,2026-05,87853,REVESTIMENTO DECORATIVO MONOCAMADA EXECUTADO COM EQUIPAMENTO DE PROJEÇÃO EM FACHADA DE UM EDIFÍCIO DE ALVENARIA ESTRUTURAL E ACABAMENTO TRAVERTINO. AF_03/2024,M2,Monocapa,144.44,sem_desoneracao,2026-06-12,928df42a952625eb12d41baf2b5ab17e1207af6e7881cb9f1c7fcac4708400e3,SINAPI_Referência_2026_05.xlsx!CSD!S7910,9a0dafe3aefdcc1cbc4f4c49d7f755924ca575ba032e6ef523f4ec884b3f9f88,cpu_hierarquica_v1,0.008,ok,,144.44,0.0,SINAPI_Referência_2026_05.xlsx!Analítico!B48551,revestimentos_forros,Revestimentos e forros,revestimentos_forros,144.47429007460738,0.18021955755662197,10,0.803561613488797,3,0.016094716009705197,3,0.00012411294487579944,1,0.7343237128400001,0.0,17,1,0.023740012882431293,36bcfc3ac0734e1bea729f8cc52a71704225fabe1b0fb9c72fad177daf21c05d,revestimento decorativo monocamada executado com equipamento de projecao em fachada de # edificio de alvenaria estrutural e acabamento travertino,v_ef213c5110223ba7
sinapi_es,2026-05,87878,"CHAPISCO APLICADO EM ALVENARIAS E ESTRUTURAS DE CONCRETO INTERNAS, COM COLHER DE PEDREIRO. ARGAMASSA TRAÇO 1:3 COM PREPARO MANUAL. AF_10/2022",M2,Chapisco,5.81,sem_desoneracao,2026-06-12,928df42a952625eb12d41baf2b5ab17e1207af6e7881cb9f1c7fcac4708400e3,SINAPI_Referência_2026_05.xlsx!CSD!S1315,c80833cdd5e781569a8a312525653a4a4788cd46cef41dfc7d1ca19b2df8b2de,cpu_hierarquica_v1,0.0,ok,,5.81,0.0,SINAPI_Referência_2026_05.xlsx!Analítico!B9778,revestimentos_forros,Revestimentos e forros,revestimentos_forros,5.821219870072001,0.754461358288753,10,0.24553864171124684,2,0.0,0,0.0,0,0.1372227288,0.0,12,0,0.19311308213427966,924f1e1c504b05a91f92a058865e5443e65c21f92a05c135a717fd5feed4728f,chapisco aplicado em alvenarias e estruturas de concreto internas com colher de pedreiro argamassa traco # # com preparo manual,v_fc4a651ffca3f5de
sinapi_es,2026-05,87879,"CHAPISCO APLICADO EM ALVENARIAS E ESTRUTURAS DE CONCRETO INTERNAS, COM COLHER DE PEDREIRO. ARGAMASSA TRAÇO 1:3 COM PREPARO EM BETONEIRA 400L. AF_10/2022",M2,Chapisco,5.22,sem_desoneracao,2026-06-12,928df42a952625eb12d41baf2b5ab17e1207af6e7881cb9f1c7fcac4708400e3,SINAPI_Referência_2026_05.xlsx!CSD!S1314,6343a693f45726ae5968855f5cdc0d85ce60270a9d48469e8794f47cd9da5e25,cpu_hierarquica_v1,0.0,ok,,5.22,0.0,SINAPI_Referência_2026_05.xlsx!Analítico!B9774,revestimentos_forros,Revestimentos e forros,revestimentos_forros,5.2322527530568,0.7219349373575252,13,0.2757689217435128,2,0.001439072211410476,1,0.0008570686875514782,1,0.11170114704,0.0,17,0,0.23472707005364332,6f783d38a6196619dc4e6f06780e3876cbe625cdd1ae88f0523abccce320cf79,chapisco aplicado em alvenarias e estruturas de concreto internas com colher de pedreiro argamassa traco # # com preparo em betoneira #l,v_63f842857787dc25
sinapi_es,2026-05,87881,"CHAPISCO APLICADO NO TETO OU EM ALVENARIA E ESTRUTURA, COM ROLO PARA TEXTURA ACRÍLICA. ARGAMASSA TRAÇO 1:4 E EMULSÃO POLIMÉRICA (ADESIVO) COM PREPARO MANUAL. AF_10/2022",M2,Chapisco,5.59,sem_desoneracao,2026-06-12,928df42a952625eb12d41baf2b5ab17e1207af6e7881cb9f1c7fcac4708400e3,SINAPI_Referência_2026_05.xlsx!CSD!S1319,7f8fc0683c437842e3dd22e11f02be2098de536af8af1231311bdba7f77a3c20,cpu_hierarquica_v1,0.0,ok,,5.59,0.0,SINAPI_Referência_2026_05.xlsx!Analítico!B9794,revestimentos_forros,Revestimentos e forros,revestimentos_forros,5.60255771802,0.40903762769799623,10,0.5909623723020038,3,0.0,0,0.0,0,0.07073341799999999,0.0,13,0,0.22464611842576124,634549e282bdd039b76cae1ab74f216f032bff623424289e0e283e4040ff3a4d,chapisco aplicado no teto ou em alvenaria e estrutura com rolo para textura acrilica argamassa traco # # e emulsao polimerica adesivo com preparo manual,v_39ebadde4b76a042
sinapi_es,2026-05,87882,"CHAPISCO APLICADO NO TETO OU EM ALVENARIA E ESTRUTURA, COM ROLO PARA TEXTURA ACRÍLICA. ARGAMASSA TRAÇO 1:4 E EMULSÃO POLIMÉRICA (ADESIVO) COM PREPARO EM BETONEIRA 400L. AF_10/2022",M2,Chapisco,5.4,sem_desoneracao,2026-06-12,928df42a952625eb12d41baf2b5ab17e1207af6e7881cb9f1c7fcac4708400e3,SINAPI_Referência_2026_05.xlsx!CSD!S1318,f0a11a47f8fe12dd97c292e90d7dc9264f88140c6bb2a208dab922090d624a04,cpu_hierarquica_v1,0.0,ok,,5.4,0.0,SINAPI_Referência_2026_05.xlsx!Analítico!B9790,revestimentos_forros,Revestimentos e forros,revestimentos_forros,5.406110633157001,0.3855574506324513,13,0.6134672456866247,3,0.0006123810304020199,1,0.00036292265052190637,1,0.06172766085,0.0,18,0,0.11315987327778189,d448cb33042356376bc1e1fa5ebce989916004152c78da971ec96f2502f5eaf7,chapisco aplicado no teto ou em alvenaria e estrutura com rolo para textura acrilica argamassa traco # # e emulsao polimerica adesivo com preparo em betoneira #l,v_b6d05ad6d24b8c6f
sinapi_es,2026-05,87884,"CHAPISCO APLICADO NO TETO OU EM ALVENARIA E ESTRUTURA, COM ROLO PARA TEXTURA ACRÍLICA. ARGAMASSA INDUSTRIALIZADA COM PREPARO MANUAL. AF_10/2022",M2,Chapisco,9.66,sem_desoneracao,2026-06-12,928df42a952625eb12d41baf2b5ab17e1207af6e7881cb9f1c7fcac4708400e3,SINAPI_Referência_2026_05.xlsx!CSD!S1317,0ad1b4887203d09a2fcd23d58f3eb2633bea720d9ae082249e1d4efe23b4945e,cpu_hierarquica_v1,0.0,ok,,9.66,0.0,SINAPI_Referência_2026_05.xlsx!Analítico!B9786,revestimentos_forros,Revestimentos e forros,revestimentos_forros,9.672770028359999,0.26059701832768367,10,0.7394029816723164,1,0.0,0,0.0,0,0.078806004,0.0,11,0,0.13219491055899088,4d2d6d1b220993f268044a8950fc7a66b8d1f06c73fa2af82a4d0b0bc76f8a6b,chapisco aplicado no teto ou em alvenaria e estrutura com rolo para textura acrilica argamassa industrializada com preparo manual,v_a2b4d55d2b2678c9
sinapi_es,2026-05,87885,"CHAPISCO APLICADO NO TETO OU EM ALVENARIA E ESTRUTURA, COM ROLO PARA TEXTURA ACRÍLICA. ARGAMASSA INDUSTRIALIZADA COM PREPARO EM MISTURADOR 300 KG. AF_10/2022",M2,Chapisco,9.19,sem_desoneracao,2026-06-12,928df42a952625eb12d41baf2b5ab17e1207af6e7881cb9f1c7fcac4708400e3,SINAPI_Referência_2026_05.xlsx!CSD!S1316,b56a8eb1bf1a6147ab38bcd339afd5da5e780283563f0c69d6cc0c2c571f15b7,cpu_hierarquica_v1,0.0,ok,,9.19,0.0,SINAPI_Referência_2026_05.xlsx!Analítico!B9782,revestimentos_forros,Revestimentos e forros,revestimentos_forros,9.2024645285556,0.22667428480090088,13,0.7718268870214082,1,0.0009600681548062127,1,0.0005387600228846723,1,0.0617730348,0.0,16,0,0.13563143150816814,6d9afc25b828883eaab6c9ce37f30914f190dc22d1b74aa1d63fd311737b6cdd,chapisco aplicado no teto ou em alvenaria e estrutura com rolo para textura acrilica argamassa industrializada com preparo em misturador # kg,v_6bb66584dea6b1c6
sinapi_es,2026-05,87886,"CHAPISCO APLICADO NO TETO OU EM ESTRUTURA, COM DESEMPENADEIRA DENTADA. ARGAMASSA INDUSTRIALIZADA COM PREPARO MANUAL. AF_10/2022",M2,Chapisco,17.75,sem_desoneracao,2026-06-12,928df42a952625eb12d41baf2b5ab17e1207af6e7881cb9f1c7fcac4708400e3,SINAPI_Referência_2026_05.xlsx!CSD!S1321,60bbfa49a39220f9062b99976b228124a7206ed65be8b3098ffeb89ea2e5b0b8,cpu_hierarquica_v1,0.0,ok,,17.75,0.0,SINAPI_Referência_2026_05.xlsx!Analítico!B9802,revestimentos_forros,Revestimentos e forros,revestimentos_forros,17.769474834656,0.4312341757963015,10,0.5687658242036986,1,0.0,0,0.0,0,0.23666514240000003,0.0,11,0,0.10971737834365244,ed38c22f0b4e8e31f0a34acd8aeac68504aa5f216c33745752e257daf26063b6,chapisco aplicado no teto ou em estrutura com desempenadeira dentada argamassa industrializada com preparo manual,v_4e2f3fcd90db892b
sinapi_es,2026-05,87887,"CHAPISCO APLICADO NO TETO OU EM ESTRUTURA, COM DESEMPENADEIRA DENTADA. ARGAMASSA INDUSTRIALIZADA COM PREPARO EM MISTURADOR 300 KG. AF_10/2022",M2,Chapisco,16.72,sem_desoneracao,2026-06-12,928df42a952625eb12d41baf2b5ab17e1207af6e7881cb9f1c7fcac4708400e3,SINAPI_Referência_2026_05.xlsx!CSD!S1320,09b004ae000f709e45f0319395aaf3a8e573705003fa0c38e4e7b09725e7d2f0,cpu_hierarquica_v1,0.0,ok,,16.72,0.0,SINAPI_Referência_2026_05.xlsx!Analítico!B9798,revestimentos_forros,Revestimentos e forros,revestimentos_forros,16.745585235099362,0.3987564498285496,13,0.5993765544223719,1,0.0011958963612561477,1,0.0006710993878222207,1,0.19805707888000001,0.0,16,0,0.15302174102490135,0ef0dd8c9de907ca6963ea213ef30412800f51eba7cba5a734c2a27852d9a2d4,chapisco aplicado no teto ou em estrutura com desempenadeira dentada argamassa industrializada com preparo em misturador # kg,v_1d3542762f78fc65
sinapi_es,2026-05,87888,"CHAPISCO APLICADO EM ALVENARIA (SEM PRESENÇA DE VÃOS) E ESTRUTURAS DE CONCRETO DE FACHADA, COM ROLO PARA TEXTURA ACRÍLICA. ARGAMASSA TRAÇO 1:4 E EMULSÃO POLIMÉRICA (ADESIVO) COM PREPARO MANUAL. AF_10/2022",M2,Chapisco,7.73,sem_desoneracao,2026-06-12,928df42a952625eb12d41baf2b5ab17e1207af6e7881cb9f1c7fcac4708400e3,SINAPI_Referência_2026_05.xlsx!CSD!S1311,5322527162bdeb00b310c62d613eb210c9868cbf1bb7bb98e291decb46c645d4,cpu_hierarquica_v1,0.0,ok,,7.73,0.0,SINAPI_Referência_2026_05.xlsx!Analítico!B9758,revestimentos_forros,Revestimentos e forros,revestimentos_forros,7.755403037220001,0.5730846244727437,10,0.42691537552725617,3,0.0,0,0.0,0,0.134252058,0.0,13,0,0.32862920077619995,634549e282bdd039b76cae1ab74f216f032bff623424289e0e283e4040ff3a4d,chapisco aplicado em alvenaria sem presenca de vaos e estruturas de concreto de fachada com rolo para textura acrilica argamassa traco # # e emulsao polimerica adesivo com preparo manual,v_39ebadde4b76a042
sinapi_es,2026-05,87889,"CHAPISCO APLICADO EM ALVENARIA (SEM PRESENÇA DE VÃOS) E ESTRUTURAS DE CONCRETO DE FACHADA, COM ROLO PARA TEXTURA ACRÍLICA. ARGAMASSA TRAÇO 1:4 E EMULSÃO POLIMÉRICA (ADESIVO) COM PREPARO EM BETONEIRA 400L. AF_10/2022",M2,Chapisco,7.54,sem_desoneracao,2026-06-12,928df42a952625eb12d41baf2b5ab17e1207af6e7881cb9f1c7fcac4708400e3,SINAPI_Referência_2026_05.xlsx!CSD!S1310,4535851fe0ec9a4ff80133bc44835e64219329bde13eff7177875d2d11033f17,cpu_hierarquica_v1,0.0,ok,,7.54,0.0,SINAPI_Referência_2026_05.xlsx!Analítico!B9754,revestimentos_forros,Revestimentos e forros,revestimentos_forros,7.558955952357,0.5605551321456996,13,0.4387473377147902,3,0.0004379704843984048,1,0.000259559655111923,1,0.12524630085,0.0,18,0,0.2514052036737339,d448cb33042356376bc1e1fa5ebce989916004152c78da971ec96f2502f5eaf7,chapisco aplicado em alvenaria sem presenca de vaos e estruturas de concreto de fachada com rolo para textura acrilica argamassa traco # # e emulsao polimerica adesivo com preparo em betoneira #l,v_b6d05ad6d24b8c6f
sinapi_es,2026-05,87891,"CHAPISCO APLICADO EM ALVENARIA (SEM PRESENÇA DE VÃOS) E ESTRUTURAS DE CONCRETO DE FACHADA, COM ROLO PARA TEXTURA ACRÍLICA. ARGAMASSA INDUSTRIALIZADA COM PREPARO MANUAL. AF_10/2022",M2,Chapisco,11.8,sem_desoneracao,2026-06-12,928df42a952625eb12d41baf2b5ab17e1207af6e7881cb9f1c7fcac4708400e3,SINAPI_Referência_2026_05.xlsx!CSD!S1309,9d5aa7e710433becdac73967b561201a0253a1b21d30a46bb6e92fe3dfd15a78,cpu_hierarquica_v1,0.0,ok,,11.8,0.0,SINAPI_Referência_2026_05.xlsx!Analítico!B9750,revestimentos_forros,Revestimentos e forros,revestimentos_forros,11.825615347559998,0.3952048337615091,10,0.604795166238491,1,0.0,0,0.0,0,0.142324644,0.0,11,0,0.21707921661014362,4d2d6d1b220993f268044a8950fc7a66b8d1f06c73fa2af82a4d0b0bc76f8a6b,chapisco aplicado em alvenaria sem presenca de vaos e estruturas de concreto de fachada com rolo para textura acrilica argamassa industrializada com preparo manual,v_a2b4d55d2b2678c9
sinapi_es,2026-05,87892,"CHAPISCO APLICADO EM ALVENARIA (SEM PRESENÇA DE VÃOS) E ESTRUTURAS DE CONCRETO DE FACHADA, COM ROLO PARA TEXTURA ACRÍLICA. ARGAMASSA INDUSTRIALIZADA COM PREPARO EM MISTURADOR 300 KG. AF_10/2022",M2,Chapisco,11.33,sem_desoneracao,2026-06-12,928df42a952625eb12d41baf2b5ab17e1207af6e7881cb9f1c7fcac4708400e3,SINAPI_Referência_2026_05.xlsx!CSD!S1308,b7b4e9bf2e2af2494129b2cf5b81ea1d5e52054e086f077a54b10e9d05e81696,cpu_hierarquica_v1,0.0,ok,,11.33,0.0,SINAPI_Referência_2026_05.xlsx!Analítico!B9746,revestimentos_forros,Revestimentos e forros,revestimentos_forros,11.3553098477556,0.3732885708489768,13,0.625496762768113,1,0.000778049499137732,1,0.0004366168837726558,1,0.1252916748,0.0,16,0,0.22338788839893275,6d9afc25b828883eaab6c9ce37f30914f190dc22d1b74aa1d63fd311737b6cdd,chapisco aplicado em alvenaria sem presenca de vaos e estruturas de concreto de fachada com rolo para textura acrilica argamassa industrializada com preparo em misturador # kg,v_6bb66584dea6b1c6
sinapi_es,2026-05,87893,"CHAPISCO APLICADO EM ALVENARIA (SEM PRESENÇA DE VÃOS) E ESTRUTURAS DE CONCRETO DE FACHADA, COM COLHER DE PEDREIRO. ARGAMASSA TRAÇO 1:3 COM PREPARO MANUAL. AF_10/2022",M2,Chapisco,9.0,sem_desoneracao,2026-06-12,928df42a952625eb12d41baf2b5ab17e1207af6e7881cb9f1c7fcac4708400e3,SINAPI_Referência_2026_05.xlsx!CSD!S1305,50943cbab4c8f607590fca7978b9c650bae5d1a54a785442dfa9215d6a180e77,cpu_hierarquica_v1,0.0,ok,,9.0,0.0,SINAPI_Referência_2026_05.xlsx!Analítico!B9730,revestimentos_forros,Revestimentos e forros,revestimentos_forros,9.017487501671999,0.8414930522792546,10,0.15850694772074556,2,0.0,0,0.0,0,0.2314794888,0.0,12,0,0.19430557413332317,924f1e1c504b05a91f92a058865e5443e65c21f92a05c135a717fd5feed4728f,chapisco aplicado em alvenaria sem presenca de vaos e estruturas de concreto de fachada com colher de pedreiro argamassa traco # # com preparo manual,v_fc4a651ffca3f5de
sinapi_es,2026-05,87894,"CHAPISCO APLICADO EM ALVENARIA (SEM PRESENÇA DE VÃOS) E ESTRUTURAS DE CONCRETO DE FACHADA, COM COLHER DE PEDREIRO. ARGAMASSA TRAÇO 1:3 COM PREPARO EM BETONEIRA 400L. AF_10/2022",M2,Chapisco,8.41,sem_desoneracao,2026-06-12,928df42a952625eb12d41baf2b5ab17e1207af6e7881cb9f1c7fcac4708400e3,SINAPI_Referência_2026_05.xlsx!CSD!S1304,8f3532aa581708d7d181a350f1ab07ac4bd44b6a4986736fe155d9869de01149,cpu_hierarquica_v1,0.0,ok,,8.41,0.0,SINAPI_Referência_2026_05.xlsx!Analítico!B9726,revestimentos_forros,Revestimentos e forros,revestimentos_forros,8.428520384656801,0.8273829067094031,13,0.1711916960688175,2,0.0008933465420225825,1,0.0005320506797567174,1,0.20595790704,0.0,17,0,0.22021860471820653,6f783d38a6196619dc4e6f06780e3876cbe625cdd1ae88f0523abccce320cf79,chapisco aplicado em alvenaria sem presenca de vaos e estruturas de concreto de fachada com colher de pedreiro argamassa traco # # com preparo em betoneira #l,v_63f842857787dc25
sinapi_es,2026-05,87896,"CHAPISCO APLICADO EM ALVENARIA (SEM PRESENÇA DE VÃOS) E ESTRUTURAS DE CONCRETO DE FACHADA, COM EQUIPAMENTO DE PROJEÇÃO. ARGAMASSA TRAÇO 1:3 COM PREPARO MANUAL. AF_10/2022",M2,Chapisco,6.51,sem_desoneracao,2026-06-12,928df42a952625eb12d41baf2b5ab17e1207af6e7881cb9f1c7fcac4708400e3,SINAPI_Referência_2026_05.xlsx!CSD!S1307,672b2e847448680e02904b3dc21d0fe7739ccac2e71e1ac82c189cd8eae1b8ff,cpu_hierarquica_v1,0.0983,ok,,6.51,0.0,SINAPI_Referência_2026_05.xlsx!Analítico!B9740,revestimentos_forros,Revestimentos e forros,revestimentos_forros,6.531313210616,0.6774556021720305,10,0.22328770233060904,3,0.09925669549736045,2,0.0,0,0.1377333288,0.0,15,1,0.32739186814132615,245dc3960ba4f0cf3a57f98aa17beee672a53e03ee5791df8a341342df28902c,chapisco aplicado em alvenaria sem presenca de vaos e estruturas de concreto de fachada com equipamento de projecao argamassa traco # # com preparo manual,v_c5e57e75b12dabfc
sinapi_es,2026-05,87897,"CHAPISCO APLICADO EM ALVENARIA (SEM PRESENÇA DE VÃOS) E ESTRUTURAS DE CONCRETO DE FACHADA, COM EQUIPAMENTO DE PROJEÇÃO. ARGAMASSA TRAÇO 1:3 COM PREPARO EM BETONEIRA 400 L. AF_10/2022",M2,Chapisco,5.92,sem_desoneracao,2026-06-12,928df42a952625eb12d41baf2b5ab17e1207af6e7881cb9f1c7fcac4708400e3,SINAPI_Referência_2026_05.xlsx!CSD!S1306,a94e2b827ee0b7411a0bee503839ca3238917ac64cdc3c7aaceb7496de7ea9b5,cpu_hierarquica_v1,0.1081,ok,,5.92,0.0,SINAPI_Referência_2026_05.xlsx!Analítico!B9734,revestimentos_forros,Revestimentos e forros,revestimentos_forros,5.9423460936008,0.6411836802336139,13,0.24770018050363696,3,0.11036148782889393,3,0.0007546514338552522,1,0.11221174704,0.0,20,1,0.37746779731080665,026e10413044ea861700f3e874c34ac4862b14204f37e7d2a3eeabaf0503ab9f,chapisco aplicado em alvenaria sem presenca de vaos e estruturas de concreto de fachada com equipamento de projecao argamassa traco # # com preparo em betoneira # l,v_1185705062e107c3
sinapi_es,2026-05,87899,"CHAPISCO APLICADO EM ALVENARIA (COM PRESENÇA DE VÃOS) E ESTRUTURAS DE CONCRETO DE FACHADA, COM ROLO PARA TEXTURA ACRÍLICA. ARGAMASSA TRAÇO 1:4 E EMULSÃO POLIMÉRICA (ADESIVO) COM PREPARO MANUAL. AF_10/2022",M2,Chapisco,8.68,sem_desoneracao,2026-06-12,928df42a952625eb12d41baf2b5ab17e1207af6e7881cb9f1c7fcac4708400e3,SINAPI_Referência_2026_05.xlsx!CSD!S1303,2131a95d555293f8ae0ef86d7adbf66ed981afce5877f21c47144c6fd149006a,cpu_hierarquica_v1,0.0,ok,,8.68,0.0,SINAPI_Referência_2026_05.xlsx!Analítico!B9722,revestimentos_forros,Revestimentos e forros,revestimentos_forros,8.70299475362,0.6195676438133166,10,0.38043235618668325,3,0.0,0,0.0,0,0.162335058,0.0,13,0,0.2649165163594563,634549e282bdd039b76cae1ab74f216f032bff623424289e0e283e4040ff3a4d,chapisco aplicado em alvenaria com presenca de vaos e estruturas de concreto de fachada com rolo para textura acrilica argamassa traco # # e emulsao polimerica adesivo com preparo manual,v_39ebadde4b76a042
sinapi_es,2026-05,87900,"CHAPISCO APLICADO EM ALVENARIA (COM PRESENÇA DE VÃOS) E ESTRUTURAS DE CONCRETO DE FACHADA, COM ROLO PARA TEXTURA ACRÍLICA. ARGAMASSA TRAÇO 1:4 E EMULSÃO POLIMÉRICA (ADESIVO) COM PREPARO EM BETONEIRA 400L. AF_10/2022",M2,Chapisco,8.49,sem_desoneracao,2026-06-12,928df42a952625eb12d41baf2b5ab17e1207af6e7881cb9f1c7fcac4708400e3,SINAPI_Referência_2026_05.xlsx!CSD!S1302,a83d747ccf5eb5f680e05eba3f18ce6565bd71d85fb6a68fcf1e9515982663a3,cpu_hierarquica_v1,0.0,ok,,8.49,0.0,SINAPI_Referência_2026_05.xlsx!Analítico!B9718,revestimentos_forros,Revestimentos e forros,revestimentos_forros,8.506547668757,0.6095073431728171,13,0.3898728284543443,3,0.0003891825131550405,1,0.0002306458596836022,1,0.15332930085000002,0.0,18,0,0.19490775921082687,d448cb33042356376bc1e1fa5ebce989916004152c78da971ec96f2502f5eaf7,chapisco aplicado em alvenaria com presenca de vaos e estruturas de concreto de fachada com rolo para textura acrilica argamassa traco # # e emulsao polimerica adesivo com preparo em betoneira #l,v_b6d05ad6d24b8c6f
sinapi_es,2026-05,87902,"CHAPISCO APLICADO EM ALVENARIA (COM PRESENÇA DE VÃOS) E ESTRUTURAS DE CONCRETO DE FACHADA, COM ROLO PARA TEXTURA ACRÍLICA. ARGAMASSA INDUSTRIALIZADA COM PREPARO MANUAL. AF_10/2022",M2,Chapisco,12.75,sem_desoneracao,2026-06-12,928df42a952625eb12d41baf2b5ab17e1207af6e7881cb9f1c7fcac4708400e3,SINAPI_Referência_2026_05.xlsx!CSD!S1301,0617d32652a210d9cd982831829b64265666c05d4b3dab0f7b12e5899414da25,cpu_hierarquica_v1,0.0,ok,,12.75,0.0,SINAPI_Referência_2026_05.xlsx!Analítico!B9714,revestimentos_forros,Revestimentos e forros,revestimentos_forros,12.773207063960001,0.4400721005940785,10,0.5599278994059214,1,0.0,0,0.0,0,0.170407644,0.0,11,0,0.18201618792157687,4d2d6d1b220993f268044a8950fc7a66b8d1f06c73fa2af82a4d0b0bc76f8a6b,chapisco aplicado em alvenaria com presenca de vaos e estruturas de concreto de fachada com rolo para textura acrilica argamassa industrializada com preparo manual,v_a2b4d55d2b2678c9
sinapi_es,2026-05,87903,"CHAPISCO APLICADO EM ALVENARIA (COM PRESENÇA DE VÃOS) E ESTRUTURAS DE CONCRETO DE FACHADA, COM ROLO PARA TEXTURA ACRÍLICA. ARGAMASSA INDUSTRIALIZADA COM PREPARO EM MISTURADOR 300 KG. AF_10/2022",M2,Chapisco,12.28,sem_desoneracao,2026-06-12,928df42a952625eb12d41baf2b5ab17e1207af6e7881cb9f1c7fcac4708400e3,SINAPI_Referência_2026_05.xlsx!CSD!S1300,8a82e35e700b8bf8e0ce7a374174adb7bb2bf1c63e6d56f1c809b18b0dcb1f86,cpu_hierarquica_v1,0.0,ok,,12.28,0.0,SINAPI_Referência_2026_05.xlsx!Analítico!B9710,revestimentos_forros,Revestimentos e forros,revestimentos_forros,12.3029015641556,0.42155901792521283,13,0.5773198714922408,1,0.0007181227203622173,1,0.0004029878621840605,1,0.1533746748,0.0,16,0,0.18649482211401797,6d9afc25b828883eaab6c9ce37f30914f190dc22d1b74aa1d63fd311737b6cdd,chapisco aplicado em alvenaria com presenca de vaos e estruturas de concreto de fachada com rolo para textura acrilica argamassa industrializada com preparo em misturador # kg,v_6bb66584dea6b1c6
sinapi_es,2026-05,87904,"CHAPISCO APLICADO EM ALVENARIA (COM PRESENÇA DE VÃOS) E ESTRUTURAS DE CONCRETO DE FACHADA, COM COLHER DE PEDREIRO. ARGAMASSA TRAÇO 1:3 COM PREPARO MANUAL. AF_10/2022",M2,Chapisco,10.52,sem_desoneracao,2026-06-12,928df42a952625eb12d41baf2b5ab17e1207af6e7881cb9f1c7fcac4708400e3,SINAPI_Referência_2026_05.xlsx!CSD!S1297,106fad6c1ce1c8b21e022a9ff4e0fe3c5c082f6b8db6176dd316cf6afdc99327,cpu_hierarquica_v1,0.0,ok,,10.52,0.0,SINAPI_Referência_2026_05.xlsx!Analítico!B9694,revestimentos_forros,Revestimentos e forros,revestimentos_forros,10.533927085672,0.8643113429231776,10,0.13568865707682248,2,0.0,0,0.0,0,0.2764122888,0.0,12,0,0.13238674593155858,924f1e1c504b05a91f92a058865e5443e65c21f92a05c135a717fd5feed4728f,chapisco aplicado em alvenaria com presenca de vaos e estruturas de concreto de fachada com colher de pedreiro argamassa traco # # com preparo manual,v_fc4a651ffca3f5de
sinapi_es,2026-05,87905,"CHAPISCO APLICADO EM ALVENARIA (COM PRESENÇA DE VÃOS) E ESTRUTURAS DE CONCRETO DE FACHADA, COM COLHER DE PEDREIRO. ARGAMASSA TRAÇO 1:3 COM PREPARO EM BETONEIRA 400L. AF_10/2022",M2,Chapisco,9.93,sem_desoneracao,2026-06-12,928df42a952625eb12d41baf2b5ab17e1207af6e7881cb9f1c7fcac4708400e3,SINAPI_Referência_2026_05.xlsx!CSD!S1296,03b098a5fdfaedc5dea5d1293ca46274a54b238de0020ea75df9fac3c1960c1f,cpu_hierarquica_v1,0.0,ok,,9.93,0.0,SINAPI_Referência_2026_05.xlsx!Analítico!B9690,revestimentos_forros,Revestimentos e forros,revestimentos_forros,9.9449599686568,0.8537041180532269,13,0.145087833892496,2,0.0007571261788615296,1,0.0004509218754156211,1,0.25089070704,0.0,17,0,0.15065426643303395,6f783d38a6196619dc4e6f06780e3876cbe625cdd1ae88f0523abccce320cf79,chapisco aplicado em alvenaria com presenca de vaos e estruturas de concreto de fachada com colher de pedreiro argamassa traco # # com preparo em betoneira #l,v_63f842857787dc25
sinapi_es,2026-05,87907,"CHAPISCO APLICADO EM ALVENARIA (COM PRESENÇA DE VÃOS) E ESTRUTURAS DE CONCRETO DE FACHADA, COM EQUIPAMENTO DE PROJEÇÃO. ARGAMASSA TRAÇO 1:3 COM PREPARO MANUAL. AF_10/2022",M2,Chapisco,7.9,sem_desoneracao,2026-06-12,928df42a952625eb12d41baf2b5ab17e1207af6e7881cb9f1c7fcac4708400e3,SINAPI_Referência_2026_05.xlsx!CSD!S1299,9f05721f2abba41eb593237704129de2f3822d093484d46880286a1386f32870,cpu_hierarquica_v1,0.1089,ok,,7.9,0.0,SINAPI_Referência_2026_05.xlsx!Analítico!B9704,revestimentos_forros,Revestimentos e forros,revestimentos_forros,7.913214451391999,0.703746543642879,10,0.18558917226635505,3,0.11066428409076609,2,0.0,0,0.17163716880000002,0.0,15,1,0.16727153660758162,245dc3960ba4f0cf3a57f98aa17beee672a53e03ee5791df8a341342df28902c,chapisco aplicado em alvenaria com presenca de vaos e estruturas de concreto de fachada com equipamento de projecao argamassa traco # # com preparo manual,v_c5e57e75b12dabfc
sinapi_es,2026-05,87908,"CHAPISCO APLICADO EM ALVENARIA (COM PRESENÇA DE VÃOS) E ESTRUTURAS DE CONCRETO DE FACHADA, COM EQUIPAMENTO DE PROJEÇÃO. ARGAMASSA TRAÇO 1:3 COM PREPARO EM BETONEIRA 400 L. AF_10/2022",M2,Chapisco,7.31,sem_desoneracao,2026-06-12,928df42a952625eb12d41baf2b5ab17e1207af6e7881cb9f1c7fcac4708400e3,SINAPI_Referência_2026_05.xlsx!CSD!S1298,2738856f0dc47952e8ba1be8d07a4ea3b77224184226c46ce8fcee49ea02c2d8,cpu_hierarquica_v1,0.1176,ok,,7.31,0.0,SINAPI_Referência_2026_05.xlsx!Analítico!B9698,revestimentos_forros,Revestimentos e forros,revestimentos_forros,7.3242473343768,0.6764323631539885,13,0.20236416553594083,3,0.12059120361958019,3,0.0006122676904904886,1,0.14611558704,0.0,20,1,0.19490197505882556,026e10413044ea861700f3e874c34ac4862b14204f37e7d2a3eeabaf0503ab9f,chapisco aplicado em alvenaria com presenca de vaos e estruturas de concreto de fachada com equipamento de projecao argamassa traco # # com preparo em betoneira # l,v_1185705062e107c3
sinapi_es,2026-05,87910,"CHAPISCO APLICADO SOMENTE NA ESTRUTURA DE CONCRETO DA FACHADA, COM DESEMPENADEIRA DENTADA. ARGAMASSA INDUSTRIALIZADA COM PREPARO MANUAL. AF_10/2022",M2,Chapisco,24.94,sem_desoneracao,2026-06-12,928df42a952625eb12d41baf2b5ab17e1207af6e7881cb9f1c7fcac4708400e3,SINAPI_Referência_2026_05.xlsx!CSD!S1323,addb53519120151f71a6a846728074ca470c5c87829b2a77e5250aa877936547,cpu_hierarquica_v1,0.0,ok,,24.94,0.0,SINAPI_Referência_2026_05.xlsx!Analítico!B9810,revestimentos_forros,Revestimentos e forros,revestimentos_forros,24.950698901456,0.594934392823352,10,0.405065607176648,1,0.0,0,0.0,0,0.4485641424,0.0,11,0,0.04289856237369397,ed38c22f0b4e8e31f0a34acd8aeac68504aa5f216c33745752e257daf26063b6,chapisco aplicado somente na estrutura de concreto da fachada com desempenadeira dentada argamassa industrializada com preparo manual,v_4e2f3fcd90db892b
sinapi_es,2026-05,87911,"CHAPISCO APLICADO SOMENTE NA ESTRUTURA DE CONCRETO DA FACHADA, COM DESEMPENADEIRA DENTADA. ARGAMASSA INDUSTRIALIZADA COM PREPARO EM MISTURADOR 300 KG. AF_10/2022",M2,Chapisco,23.91,sem_desoneracao,2026-06-12,928df42a952625eb12d41baf2b5ab17e1207af6e7881cb9f1c7fcac4708400e3,SINAPI_Referência_2026_05.xlsx!CSD!S1322,07d7c05926b3b992a2a39595a826b7faf28673fb4761493af6274c42abbed3b7,cpu_hierarquica_v1,0.0,ok,,23.91,0.0,SINAPI_Referência_2026_05.xlsx!Analítico!B9806,revestimentos_forros,Revestimentos e forros,revestimentos_forros,23.92680930189936,0.5792094554098975,13,0.4194838957989793,1,0.0008369684481152401,1,0.0004696803430078706,1,0.40995607887999996,0.0,16,0,0.0703023918835672,0ef0dd8c9de907ca6963ea213ef30412800f51eba7cba5a734c2a27852d9a2d4,chapisco aplicado somente na estrutura de concreto da fachada com desempenadeira dentada argamassa industrializada com preparo em misturador # kg,v_1d3542762f78fc65
sinapi_es,2026-05,88411,APLICAÇÃO MANUAL DE FUNDO SELADOR ACRÍLICO EM PANOS COM PRESENÇA DE VÃOS DE EDIFÍCIOS DE MÚLTIPLOS PAVIMENTOS. AF_03/2024,M2,Pintura Externa,5.98,sem_desoneracao,2026-06-12,928df42a952625eb12d41baf2b5ab17e1207af6e7881cb9f1c7fcac4708400e3,SINAPI_Referência_2026_05.xlsx!CSD!S8261,adede2b208e097e12b6c5c9ff0e5e803796b25e5dced78dbb97dc040af1d08a4,cpu_hierarquica_v1,0.0,ok,,5.98,0.0,SINAPI_Referência_2026_05.xlsx!Analítico!B52008,pintura,Pintura,pintura,5.99146098696,0.3831433087783078,10,0.6168566912216922,1,0.0,0,0.0,0,0.060635268,0.0,11,0,0.1916553003344403,cef53ae922c4f5413c295a5b90498315e425aa748b4a8176fbf89306220df18e,aplicacao manual de fundo selador acrilico em panos com presenca de vaos de edificios de multiplos pavimentos,v_1d0fca730eee8849
sinapi_es,2026-05,88412,APLICAÇÃO MANUAL DE FUNDO SELADOR ACRÍLICO EM PANOS CEGOS DE FACHADA (SEM PRESENÇA DE VÃOS) DE EDIFÍCIOS DE MÚLTIPLOS PAVIMENTOS. AF_03/2024,M2,Pintura Externa,4.84,sem_desoneracao,2026-06-12,928df42a952625eb12d41baf2b5ab17e1207af6e7881cb9f1c7fcac4708400e3,SINAPI_Referência_2026_05.xlsx!CSD!S8260,6c546876d4a4515918690d871611d0e5a85d1ced981403eea1e4cedce853ae47,cpu_hierarquica_v1,0.0,ok,,4.84,0.0,SINAPI_Referência_2026_05.xlsx!Analítico!B52004,pintura,Pintura,pintura,4.8560342616000005,0.28992675622846964,10,0.7100732437715302,1,0.0,0,0.0,0,0.037173059999999994,0.0,11,0,0.3312863966942284,cef53ae922c4f5413c295a5b90498315e425aa748b4a8176fbf89306220df18e,aplicacao manual de fundo selador acrilico em panos cegos de fachada sem presenca de vaos de edificios de multiplos pavimentos,v_1d0fca730eee8849
sinapi_es,2026-05,88413,APLICAÇÃO MANUAL DE FUNDO SELADOR ACRÍLICO EM SUPERFÍCIES EXTERNAS DE SACADA DE EDIFÍCIOS DE MÚLTIPLOS PAVIMENTOS. AF_03/2024,M2,Pintura Externa,7.48,sem_desoneracao,2026-06-12,928df42a952625eb12d41baf2b5ab17e1207af6e7881cb9f1c7fcac4708400e3,SINAPI_Referência_2026_05.xlsx!CSD!S8263,b722bfeba1aa92ac8d4b655716bf20db749fcad7886286eac28b9d76699fde8c,cpu_hierarquica_v1,0.0,ok,,7.48,0.0,SINAPI_Referência_2026_05.xlsx!Analítico!B52016,pintura,Pintura,pintura,7.505320461039999,0.5405739144785036,10,0.45942608552149644,1,0.0,0,0.0,0,0.107152492,0.0,11,0,0.33850883743313975,cef53ae922c4f5413c295a5b90498315e425aa748b4a8176fbf89306220df18e,aplicacao manual de fundo selador acrilico em superficies externas de sacada de edificios de multiplos pavimentos,v_1d0fca730eee8849
sinapi_es,2026-05,88414,APLICAÇÃO MANUAL DE FUNDO SELADOR ACRÍLICO EM SUPERFÍCIES INTERNAS DA SACADA DE EDIFÍCIOS DE MÚLTIPLOS PAVIMENTOS. AF_03/2024,M2,Pintura Externa,8.89,sem_desoneracao,2026-06-12,928df42a952625eb12d41baf2b5ab17e1207af6e7881cb9f1c7fcac4708400e3,SINAPI_Referência_2026_05.xlsx!CSD!S8264,fbc13804a6dfef4c1577e3a5bfb5d088591b62c9f12e88dd20c2f5f2fbe32873,cpu_hierarquica_v1,0.0,ok,,8.89,0.0,SINAPI_Referência_2026_05.xlsx!Analítico!B52020,pintura,Pintura,pintura,8.90540162784,0.5233876946401707,10,0.47661230535982946,1,0.0,0,0.0,0,0.123098392,0.0,11,0,0.17324665736782138,cef53ae922c4f5413c295a5b90498315e425aa748b4a8176fbf89306220df18e,aplicacao manual de fundo selador acrilico em superficies internas da sacada de edificios de multiplos pavimentos,v_1d0fca730eee8849
sinapi_es,2026-05,88415,APLICAÇÃO MANUAL DE FUNDO SELADOR ACRÍLICO EM PAREDES EXTERNAS DE CASAS. AF_03/2024,M2,Pintura Externa,6.09,sem_desoneracao,2026-06-12,928df42a952625eb12d41baf2b5ab17e1207af6e7881cb9f1c7fcac4708400e3,SINAPI_Referência_2026_05.xlsx!CSD!S8262,f581a2a735675b2785b8602de0808e9246803ebf3b8eba8d07dedf4b559b31de,cpu_hierarquica_v1,0.0,ok,,6.09,0.0,SINAPI_Referência_2026_05.xlsx!Analítico!B52012,pintura,Pintura,pintura,6.10279514192,0.41469337951982915,10,0.5853066204801709,1,0.0,0,0.0,0,0.06683045600000001,0.0,11,0,0.21010085254515376,cef53ae922c4f5413c295a5b90498315e425aa748b4a8176fbf89306220df18e,aplicacao manual de fundo selador acrilico em paredes externas de casas,v_1d0fca730eee8849
sinapi_es,2026-05,88416,"APLICAÇÃO MANUAL DE PINTURA COM TINTA TEXTURIZADA ACRÍLICA EM PANOS COM PRESENÇA DE VÃOS DE EDIFÍCIOS DE MÚLTIPLOS PAVIMENTOS, UMA COR. AF_03/2024",M2,Pintura Externa,23.34,sem_desoneracao,2026-06-12,928df42a952625eb12d41baf2b5ab17e1207af6e7881cb9f1c7fcac4708400e3,SINAPI_Referência_2026_05.xlsx!CSD!S8279,53fa97976177e5aba705f7a063eae70532bcfbdaed05fb495fc4a438c4a26448,cpu_hierarquica_v1,0.0,ok,,23.34,0.0,SINAPI_Referência_2026_05.xlsx!Analítico!B52090,pintura,Pintura,pintura,23.359417972239996,0.2599281060622146,10,0.7400718939377855,1,0.0,0,0.0,0,0.160373572,0.0,11,0,0.08319611071120764,296c474f53da125f269947906a48574dcbd18573fa31f438dff9370689f3715c,aplicacao manual de pintura com tinta texturizada acrilica em panos com presenca de vaos de edificios de multiplos pavimentos # cor,v_5100f6de27d60bb3
sinapi_es,2026-05,88417,"APLICAÇÃO MANUAL DE PINTURA COM TINTA TEXTURIZADA ACRÍLICA EM PANOS CEGOS DE FACHADA (SEM PRESENÇA DE VÃOS) DE EDIFÍCIOS DE MÚLTIPLOS PAVIMENTOS, UMA COR. AF_03/2024",M2,Pintura Externa,19.38,sem_desoneracao,2026-06-12,928df42a952625eb12d41baf2b5ab17e1207af6e7881cb9f1c7fcac4708400e3,SINAPI_Referência_2026_05.xlsx!CSD!S8277,c9d4cb4239c9427bbdf96f3a901ba08463e281cadc9cd8dc65b79ca46717365d,cpu_hierarquica_v1,0.0,ok,,19.38,0.0,SINAPI_Referência_2026_05.xlsx!Analítico!B52082,pintura,Pintura,pintura,19.39775998832,0.16852899459981044,10,0.8314710054001896,1,0.0,0,0.0,0,0.086331236,0.0,11,0,0.09164080660475592,296c474f53da125f269947906a48574dcbd18573fa31f438dff9370689f3715c,aplicacao manual de pintura com tinta texturizada acrilica em panos cegos de fachada sem presenca de vaos de edificios de multiplos pavimentos # cor,v_5100f6de27d60bb3
sinapi_es,2026-05,88420,"APLICAÇÃO MANUAL DE PINTURA COM TINTA TEXTURIZADA ACRÍLICA EM SUPERFÍCIES EXTERNAS DE SACADA DE EDIFÍCIOS DE MÚLTIPLOS PAVIMENTOS, UMA COR. AF_03/2024",M2,Pintura Externa,27.76,sem_desoneracao,2026-06-12,928df42a952625eb12d41baf2b5ab17e1207af6e7881cb9f1c7fcac4708400e3,SINAPI_Referência_2026_05.xlsx!CSD!S8283,097a4e6f5ba3a28612bab287d6df064cd31585fd2d7a107c663fd09f3182ed3e,cpu_hierarquica_v1,0.0,ok,,27.76,0.0,SINAPI_Referência_2026_05.xlsx!Analítico!B52106,pintura,Pintura,pintura,27.77311825856,0.41927028683468215,10,0.5807297131653179,1,0.0,0,0.0,0,0.307543028,0.0,11,0,0.047255974639764796,296c474f53da125f269947906a48574dcbd18573fa31f438dff9370689f3715c,aplicacao manual de pintura com tinta texturizada acrilica em superficies externas de sacada de edificios de multiplos pavimentos # cor,v_5100f6de27d60bb3
sinapi_es,2026-05,88421,"APLICAÇÃO MANUAL DE PINTURA COM TINTA TEXTURIZADA ACRÍLICA EM SUPERFÍCIES INTERNAS DA SACADA DE EDIFÍCIOS DE MÚLTIPLOS PAVIMENTOS, UMA COR. AF_03/2024",M2,Pintura Externa,33.39,sem_desoneracao,2026-06-12,928df42a952625eb12d41baf2b5ab17e1207af6e7881cb9f1c7fcac4708400e3,SINAPI_Referência_2026_05.xlsx!CSD!S8285,fc5545e11b4841863eb38a9f71be1b1dcdff59d33f024ab69e0b3ccc068d8c6a,cpu_hierarquica_v1,0.0,ok,,33.39,0.0,SINAPI_Referência_2026_05.xlsx!Analítico!B52114,pintura,Pintura,pintura,33.403386417760004,0.4054838886203048,10,0.5945161113796951,1,0.0,0,0.0,0,0.357716608,0.0,11,0,0.04009109841270786,296c474f53da125f269947906a48574dcbd18573fa31f438dff9370689f3715c,aplicacao manual de pintura com tinta texturizada acrilica em superficies internas da sacada de edificios de multiplos pavimentos # cor,v_5100f6de27d60bb3
sinapi_es,2026-05,88423,"APLICAÇÃO MANUAL DE PINTURA COM TINTA TEXTURIZADA ACRÍLICA EM PAREDES EXTERNAS DE CASAS, UMA COR. AF_03/2024",M2,Pintura Externa,23.52,sem_desoneracao,2026-06-12,928df42a952625eb12d41baf2b5ab17e1207af6e7881cb9f1c7fcac4708400e3,SINAPI_Referência_2026_05.xlsx!CSD!S8281,f140fc7b9b784894567fc8b1226191bd84ad68d24dd1dcbbd39d06034b49bb3e,cpu_hierarquica_v1,0.0,ok,,23.52,0.0,SINAPI_Referência_2026_05.xlsx!Analítico!B52098,pintura,Pintura,pintura,23.529969935200004,0.289930958432481,10,0.7100690415675188,1,0.0,0,0.0,0,0.18017877999999998,0.0,11,0,0.042389180272127736,296c474f53da125f269947906a48574dcbd18573fa31f438dff9370689f3715c,aplicacao manual de pintura com tinta texturizada acrilica em paredes externas de casas # cor,v_5100f6de27d60bb3
sinapi_es,2026-05,88424,"APLICAÇÃO MANUAL DE PINTURA COM TINTA TEXTURIZADA ACRÍLICA EM PANOS COM PRESENÇA DE VÃOS DE EDIFÍCIOS DE MÚLTIPLOS PAVIMENTOS, DUAS CORES. AF_03/2024",M2,Pintura Externa,28.08,sem_desoneracao,2026-06-12,928df42a952625eb12d41baf2b5ab17e1207af6e7881cb9f1c7fcac4708400e3,SINAPI_Referência_2026_05.xlsx!CSD!S8278,4e2ba751be3ad2e630b75aa2eec356e3dde77ae0ddf938c941237925b5e831be,cpu_hierarquica_v1,0.0,ok,,28.08,0.0,SINAPI_Referência_2026_05.xlsx!Analítico!B52086,pintura,Pintura,pintura,28.101095047839998,0.3848051589957944,10,0.6151948410042056,1,0.0,0,0.0,0,0.285604892,0.0,11,0,0.07512481424501205,296c474f53da125f269947906a48574dcbd18573fa31f438dff9370689f3715c,aplicacao manual de pintura com tinta texturizada acrilica em panos com presenca de vaos de edificios de multiplos pavimentos # cores,v_5100f6de27d60bb3
sinapi_es,2026-05,88426,"APLICAÇÃO MANUAL DE PINTURA COM TINTA TEXTURIZADA ACRÍLICA EM PANOS CEGOS DE FACHADA (SEM PRESENÇA DE VÃOS) DE EDIFÍCIOS DE MÚLTIPLOS PAVIMENTOS, DUAS CORES. AF_03/2024",M2,Pintura Externa,21.93,sem_desoneracao,2026-06-12,928df42a952625eb12d41baf2b5ab17e1207af6e7881cb9f1c7fcac4708400e3,SINAPI_Referência_2026_05.xlsx!CSD!S8276,de6268d0aabd39456e731b7e57266f97bfe456c320c0298877068f993ce7c536,cpu_hierarquica_v1,0.0,ok,,21.93,0.0,SINAPI_Referência_2026_05.xlsx!Analítico!B52078,pintura,Pintura,pintura,21.95434552344,0.26535386888304663,10,0.7346461311169534,1,0.0,0,0.0,0,0.153873312,0.0,11,0,0.11101469876881423,296c474f53da125f269947906a48574dcbd18573fa31f438dff9370689f3715c,aplicacao manual de pintura com tinta texturizada acrilica em panos cegos de fachada sem presenca de vaos de edificios de multiplos pavimentos # cores,v_5100f6de27d60bb3
sinapi_es,2026-05,88428,"APLICAÇÃO MANUAL DE PINTURA COM TINTA TEXTURIZADA ACRÍLICA EM SUPERFÍCIES EXTERNAS DE SACADA DE EDIFÍCIOS DE MÚLTIPLOS PAVIMENTOS, DUAS CORES. AF_03/2024",M2,Pintura Externa,36.85,sem_desoneracao,2026-06-12,928df42a952625eb12d41baf2b5ab17e1207af6e7881cb9f1c7fcac4708400e3,SINAPI_Referência_2026_05.xlsx!CSD!S8282,838acc004e790f1c83f1c1201cef575a8f2062ea666c9942a949f4200dd5f02e,cpu_hierarquica_v1,0.0,ok,,36.85,0.0,SINAPI_Referência_2026_05.xlsx!Analítico!B52102,pintura,Pintura,pintura,36.871874175840006,0.5625751237085694,10,0.4374248762914304,1,0.0,0,0.0,0,0.547849052,0.0,11,0,0.05936004298508625,296c474f53da125f269947906a48574dcbd18573fa31f438dff9370689f3715c,aplicacao manual de pintura com tinta texturizada acrilica em superficies externas de sacada de edificios de multiplos pavimentos # cores,v_5100f6de27d60bb3
sinapi_es,2026-05,88429,"APLICAÇÃO MANUAL DE PINTURA COM TINTA TEXTURIZADA ACRÍLICA EM SUPERFÍCIES INTERNAS DA SACADA DE EDIFÍCIOS DE MÚLTIPLOS PAVIMENTOS, DUAS CORES. AF_03/2024",M2,Pintura Externa,43.97,sem_desoneracao,2026-06-12,928df42a952625eb12d41baf2b5ab17e1207af6e7881cb9f1c7fcac4708400e3,SINAPI_Referência_2026_05.xlsx!CSD!S8284,2a54eb6ef19989c3ca235bd53e5dbc7808b8e8963597dba6a4112b4f40f1415f,cpu_hierarquica_v1,0.0,ok,,43.97,0.0,SINAPI_Referência_2026_05.xlsx!Analítico!B52110,pintura,Pintura,pintura,43.98963302168,0.5485561020658505,10,0.4514438979341495,1,0.0,0,0.0,0,0.637329264,0.0,11,0,0.044650947646123935,296c474f53da125f269947906a48574dcbd18573fa31f438dff9370689f3715c,aplicacao manual de pintura com tinta texturizada acrilica em superficies internas da sacada de edificios de multiplos pavimentos # cores,v_5100f6de27d60bb3
sinapi_es,2026-05,88431,"APLICAÇÃO MANUAL DE PINTURA COM TINTA TEXTURIZADA ACRÍLICA EM PAREDES EXTERNAS DE CASAS, DUAS CORES. AF_03/2024",M2,Pintura Externa,28.84,sem_desoneracao,2026-06-12,928df42a952625eb12d41baf2b5ab17e1207af6e7881cb9f1c7fcac4708400e3,SINAPI_Referência_2026_05.xlsx!CSD!S8280,b3ca1201e25f4146d031915da7bf6e6d2b55f668b1d94c03cd8e056d1ee1579c,cpu_hierarquica_v1,0.0,ok,,28.84,0.0,SINAPI_Referência_2026_05.xlsx!Analítico!B52094,pintura,Pintura,pintura,28.86344296104,0.4211396324910926,10,0.5788603675089073,1,0.0,0,0.0,0,0.321051572,0.0,11,0,0.08128627267684,296c474f53da125f269947906a48574dcbd18573fa31f438dff9370689f3715c,aplicacao manual de pintura com tinta texturizada acrilica em paredes externas de casas # cores,v_5100f6de27d60bb3
sinapi_es,2026-05,88432,APLICAÇÃO MANUAL DE PINTURA COM TINTA TEXTURIZADA ACRÍLICA EM MOLDURAS DE EPS. AF_03/2024,M2,Pintura Externa,37.62,sem_desoneracao,2026-06-12,928df42a952625eb12d41baf2b5ab17e1207af6e7881cb9f1c7fcac4708400e3,SINAPI_Referência_2026_05.xlsx!CSD!S8275,d7e6cb000dfd4289e27f5971d55245fcdb7f986eafd00b337e7bb3356b09b673,cpu_hierarquica_v1,0.0,ok,,37.62,0.0,SINAPI_Referência_2026_05.xlsx!Analítico!B52074,pintura,Pintura,pintura,37.63707023816001,0.5714683715299593,10,0.42853162847004045,1,0.0,0,0.0,0,0.568060808,0.0,11,0,0.045375433705500824,296c474f53da125f269947906a48574dcbd18573fa31f438dff9370689f3715c,aplicacao manual de pintura com tinta texturizada acrilica em molduras de eps,v_5100f6de27d60bb3
sinapi_es,2026-05,88470,"CONTRAPISO COM ARGAMASSA AUTONIVELANTE, APLICADO SOBRE LAJE, NÃO ADERIDO, ESPESSURA 3CM. AF_07/2021",M2,Contrapiso,31.78,sem_desoneracao,2026-06-12,928df42a952625eb12d41baf2b5ab17e1207af6e7881cb9f1c7fcac4708400e3,SINAPI_Referência_2026_05.xlsx!CSD!S1439,1c0daf536a1cd4c33707b973d8bce201517339b0d5df721b733a23c856be7561,cpu_hierarquica_v1,0.0,ok,,31.78,0.0,SINAPI_Referência_2026_05.xlsx!Analítico!B11066,pisos,Pisos e acabamentos de borda,pisos,31.794516852,0.13302189404818573,10,0.8669781059518142,1,0.0,0,0.0,0,0.12765,0.0,11,0,0.0456792070484577,523c79ef0b5ae7a51137be7af47b46440921a73aa7eea2405a3601eb65fdc5dc,contrapiso com argamassa autonivelante aplicado sobre laje nao aderido espessura #cm,v_c63e00e738214a4f
sinapi_es,2026-05,88471,"CONTRAPISO COM ARGAMASSA AUTONIVELANTE, APLICADO SOBRE LAJE, NÃO ADERIDO, ESPESSURA 4CM. AF_07/2021",M2,Contrapiso,39.82,sem_desoneracao,2026-06-12,928df42a952625eb12d41baf2b5ab17e1207af6e7881cb9f1c7fcac4708400e3,SINAPI_Referência_2026_05.xlsx!CSD!S1440,7497f200345c9be7da1cdf1b7e328da218047a1e2eafdac059bcac70e0c77dc1,cpu_hierarquica_v1,0.0,ok,,39.82,0.0,SINAPI_Referência_2026_05.xlsx!Analítico!B11070,pisos,Pisos e acabamentos de borda,pisos,39.830030803999996,0.14698408928702272,10,0.8530159107129774,1,0.0,0,0.0,0,0.1766676,0.0,11,0,0.025190366649914357,523c79ef0b5ae7a51137be7af47b46440921a73aa7eea2405a3601eb65fdc5dc,contrapiso com argamassa autonivelante aplicado sobre laje nao aderido espessura #cm,v_c63e00e738214a4f
sinapi_es,2026-05,88472,"CONTRAPISO COM ARGAMASSA AUTONIVELANTE, APLICADO SOBRE LAJE, NÃO ADERIDO, ESPESSURA 5CM. AF_07/2021",M2,Contrapiso,46.2,sem_desoneracao,2026-06-12,928df42a952625eb12d41baf2b5ab17e1207af6e7881cb9f1c7fcac4708400e3,SINAPI_Referência_2026_05.xlsx!CSD!S1441,00d5524be1977b80bed1a7086d8c98ee62c618c8ed9bffe0b252e5f32ddc0cd3,cpu_hierarquica_v1,0.0,ok,,46.2,0.0,SINAPI_Referência_2026_05.xlsx!Analítico!B11074,pisos,Pisos e acabamentos de borda,pisos,46.21348604,0.1538389905026087,10,0.8461610094973914,1,0.0,0,0.0,0,0.21445200000000003,0.0,11,0,0.02919056277055527,523c79ef0b5ae7a51137be7af47b46440921a73aa7eea2405a3601eb65fdc5dc,contrapiso com argamassa autonivelante aplicado sobre laje nao aderido espessura #cm,v_c63e00e738214a4f
sinapi_es,2026-05,88476,"CONTRAPISO COM ARGAMASSA AUTONIVELANTE, APLICADO SOBRE LAJE, ADERIDO, ESPESSURA 2CM. AF_07/2021",M2,Contrapiso,24.7,sem_desoneracao,2026-06-12,928df42a952625eb12d41baf2b5ab17e1207af6e7881cb9f1c7fcac4708400e3,SINAPI_Referência_2026_05.xlsx!CSD!S1436,62ab9d8bc9f523ef268994b9596498b04f7e43b911c98017f88b36ce978182ce,cpu_hierarquica_v1,0.0,ok,,24.7,0.0,SINAPI_Referência_2026_05.xlsx!Analítico!B11051,pisos,Pisos e acabamentos de borda,pisos,24.712492444,0.10832345017671179,10,0.8916765498232883,2,0.0,0,0.0,0,0.0806748,0.0,12,0,0.0505766963562728,872ee42df8ef6f4b790d2a56dea621ff3cab31d996bc192a8d51ac81014cd0c1,contrapiso com argamassa autonivelante aplicado sobre laje aderido espessura #cm,v_79c54f2f25deb3fa
sinapi_es,2026-05,88477,"CONTRAPISO COM ARGAMASSA AUTONIVELANTE, APLICADO SOBRE LAJE, ADERIDO, ESPESSURA 3CM. AF_07/2021",M2,Contrapiso,34.78,sem_desoneracao,2026-06-12,928df42a952625eb12d41baf2b5ab17e1207af6e7881cb9f1c7fcac4708400e3,SINAPI_Referência_2026_05.xlsx!CSD!S1437,fc7ad3f57f85c21b3705bf6e16ef01310ccfe892c0d5440bb3b603b6711a58e3,cpu_hierarquica_v1,0.0,ok,,34.78,0.0,SINAPI_Referência_2026_05.xlsx!Analítico!B11056,pisos,Pisos e acabamentos de borda,pisos,34.8063186,0.14589789452769072,10,0.8541021054723094,2,0.0,0,0.0,0,0.15318,0.0,12,0,0.0756716503737671,872ee42df8ef6f4b790d2a56dea621ff3cab31d996bc192a8d51ac81014cd0c1,contrapiso com argamassa autonivelante aplicado sobre laje aderido espessura #cm,v_79c54f2f25deb3fa
sinapi_es,2026-05,88478,"CONTRAPISO COM ARGAMASSA AUTONIVELANTE, APLICADO SOBRE LAJE, ADERIDO, ESPESSURA 4CM. AF_07/2021",M2,Contrapiso,43.12,sem_desoneracao,2026-06-12,928df42a952625eb12d41baf2b5ab17e1207af6e7881cb9f1c7fcac4708400e3,SINAPI_Referência_2026_05.xlsx!CSD!S1438,d04c41e506d0e442c65829e15cb1e58099e538018f9cd129f78e8db3f6dd44af,cpu_hierarquica_v1,0.0,ok,,43.12,0.0,SINAPI_Referência_2026_05.xlsx!Analítico!B11061,pisos,Pisos e acabamentos de borda,pisos,43.146522668,0.16242033505048717,10,0.8375796649495127,2,0.0,0,0.0,0,0.21138840000000003,0.0,12,0,0.06150897031541157,872ee42df8ef6f4b790d2a56dea621ff3cab31d996bc192a8d51ac81014cd0c1,contrapiso com argamassa autonivelante aplicado sobre laje aderido espessura #cm,v_79c54f2f25deb3fa
sinapi_es,2026-05,88484,"FUNDO SELADOR ACRÍLICO, APLICAÇÃO MANUAL EM TETO, UMA DEMÃO. AF_04/2023",M2,Pintura Interna,6.6,sem_desoneracao,2026-06-12,928df42a952625eb12d41baf2b5ab17e1207af6e7881cb9f1c7fcac4708400e3,SINAPI_Referência_2026_05.xlsx!CSD!S8300,7e45f04ef3019f71dd1e487188636823e91a74868034a17cc41edf9b8422a132,cpu_hierarquica_v1,0.0,ok,,6.6,0.0,SINAPI_Referência_2026_05.xlsx!Analítico!B52190,pintura,Pintura,pintura,6.62285920224,0.6951177824651529,10,0.3048822175348471,1,0.0,0,0.0,0,0.125623332,0.0,11,0,0.34635154909091315,cef53ae922c4f5413c295a5b90498315e425aa748b4a8176fbf89306220df18e,fundo selador acrilico aplicacao manual em teto # demao,v_1d0fca730eee8849
sinapi_es,2026-05,88485,"FUNDO SELADOR ACRÍLICO, APLICAÇÃO MANUAL EM PAREDE, UMA DEMÃO. AF_04/2023",M2,Pintura Interna,5.31,sem_desoneracao,2026-06-12,928df42a952625eb12d41baf2b5ab17e1207af6e7881cb9f1c7fcac4708400e3,SINAPI_Referência_2026_05.xlsx!CSD!S8299,05167ce2479831231dcb9c84da06a243fb1f0d6409ab8cb66abf049efef28953,cpu_hierarquica_v1,0.0,ok,,5.31,0.0,SINAPI_Referência_2026_05.xlsx!Analítico!B52186,pintura,Pintura,pintura,5.32668105792,0.6209286837255339,10,0.37907131627446605,1,0.0,0,0.0,0,0.09025365599999999,0.0,11,0,0.31414421694916234,cef53ae922c4f5413c295a5b90498315e425aa748b4a8176fbf89306220df18e,fundo selador acrilico aplicacao manual em parede # demao,v_1d0fca730eee8849
sinapi_es,2026-05,88488,"PINTURA LÁTEX ACRÍLICA PREMIUM, APLICAÇÃO MANUAL EM TETO, DUAS DEMÃOS. AF_04/2023",M2,Pintura Interna,18.34,sem_desoneracao,2026-06-12,928df42a952625eb12d41baf2b5ab17e1207af6e7881cb9f1c7fcac4708400e3,SINAPI_Referência_2026_05.xlsx!CSD!S8308,a3eb4ef0b4e13344cebc3df8a33bda8a0031ae73b4cd44b67af9ad13eafaafac,cpu_hierarquica_v1,0.0,ok,,18.34,0.0,SINAPI_Referência_2026_05.xlsx!Analítico!B52230,pintura,Pintura,pintura,18.35088431,0.6143703551036118,10,0.38562964489638807,1,0.0,0,0.0,0,0.30765536,0.0,11,0,0.059347382769910376,5f2649f9566507dd50355847abd6107e2120e46af8e5407d4d1c34fa696d6d34,pintura latex acrilica premium aplicacao manual em teto # demaos,v_7e3e8961eae87472
sinapi_es,2026-05,88489,"PINTURA LÁTEX ACRÍLICA PREMIUM, APLICAÇÃO MANUAL EM PAREDES, DUAS DEMÃOS. AF_04/2023",M2,Pintura Interna,15.16,sem_desoneracao,2026-06-12,928df42a952625eb12d41baf2b5ab17e1207af6e7881cb9f1c7fcac4708400e3,SINAPI_Referência_2026_05.xlsx!CSD!S8307,2d67591a3c55767145f4ddd5f9e271cb8664c45b526aac70f4639705eac08b53,cpu_hierarquica_v1,0.0,ok,,15.16,0.0,SINAPI_Referência_2026_05.xlsx!Analítico!B52226,pintura,Pintura,pintura,15.177482646320001,0.5337405309624363,10,0.46625946903756366,1,0.0,0,0.0,0,0.22106063599999998,0.0,11,0,0.11532088601583967,5f2649f9566507dd50355847abd6107e2120e46af8e5407d4d1c34fa696d6d34,pintura latex acrilica premium aplicacao manual em paredes # demaos,v_7e3e8961eae87472
sinapi_es,2026-05,88494,"EMASSAMENTO COM MASSA LÁTEX, APLICAÇÃO EM TETO, UMA DEMÃO, LIXAMENTO MANUAL. AF_04/2023",M2,Pintura Interna,28.51,sem_desoneracao,2026-06-12,928df42a952625eb12d41baf2b5ab17e1207af6e7881cb9f1c7fcac4708400e3,SINAPI_Referência_2026_05.xlsx!CSD!S8297,326a313ce3dde9c497a5b3aa5429827fbcb7b2c5416fceb67835b56643941bd5,cpu_hierarquica_v1,0.0,ok,,28.51,0.0,SINAPI_Referência_2026_05.xlsx!Analítico!B52174,pintura,Pintura,pintura,28.52975151608,0.879788227455574,10,0.12021177254442592,2,0.0,0,0.0,0,0.684931904,0.0,12,0,0.06927925668186417,ddb51ca51cab71ab7d35d6ca36b843b0e2eec36ef1ed8062226ea38c53b38c3c,emassamento com massa latex aplicacao em teto # demao lixamento manual,v_b60ac7b7366d771c
sinapi_es,2026-05,88495,"EMASSAMENTO COM MASSA LÁTEX, APLICAÇÃO EM PAREDE, UMA DEMÃO, LIXAMENTO MANUAL. AF_04/2023",M2,Pintura Interna,15.62,sem_desoneracao,2026-06-12,928df42a952625eb12d41baf2b5ab17e1207af6e7881cb9f1c7fcac4708400e3,SINAPI_Referência_2026_05.xlsx!CSD!S8293,1f01e987e0c57a8950725c40cf19b5f7d955f538ceba323a777064e3e67c92c5,cpu_hierarquica_v1,0.0,ok,,15.62,0.0,SINAPI_Referência_2026_05.xlsx!Analítico!B52150,pintura,Pintura,pintura,15.642463069680002,0.7807498739346449,10,0.21925012606535496,2,0.0,0,0.0,0,0.333267884,0.0,12,0,0.14380966504482928,ddb51ca51cab71ab7d35d6ca36b843b0e2eec36ef1ed8062226ea38c53b38c3c,emassamento com massa latex aplicacao em parede # demao lixamento manual,v_b60ac7b7366d771c
sinapi_es,2026-05,88496,"EMASSAMENTO COM MASSA LÁTEX, APLICAÇÃO EM TETO, DUAS DEMÃOS, LIXAMENTO MANUAL. AF_04/2023",M2,Pintura Interna,43.13,sem_desoneracao,2026-06-12,928df42a952625eb12d41baf2b5ab17e1207af6e7881cb9f1c7fcac4708400e3,SINAPI_Referência_2026_05.xlsx!CSD!S8295,aab34823e86970f97fde794c17cd88c0a0ae05e13c8bf84f5de6812d21d9deff,cpu_hierarquica_v1,0.0,ok,,43.13,0.0,SINAPI_Referência_2026_05.xlsx!Analítico!B52162,pintura,Pintura,pintura,43.15506621728,0.8537638670689136,10,0.1462361329310865,2,0.0,0,0.0,0,1.005393204,0.0,12,0,0.058117823510315636,ddb51ca51cab71ab7d35d6ca36b843b0e2eec36ef1ed8062226ea38c53b38c3c,emassamento com massa latex aplicacao em teto # demaos lixamento manual,v_b60ac7b7366d771c
sinapi_es,2026-05,88497,"EMASSAMENTO COM MASSA LÁTEX, APLICAÇÃO EM PAREDE, DUAS DEMÃOS, LIXAMENTO MANUAL. AF_04/2023",M2,Pintura Interna,24.22,sem_desoneracao,2026-06-12,928df42a952625eb12d41baf2b5ab17e1207af6e7881cb9f1c7fcac4708400e3,SINAPI_Referência_2026_05.xlsx!CSD!S8291,73d285a00cb364f63d7d61a5c33e54c5ab70381974a253a9cbf5c1525de64d4b,cpu_hierarquica_v1,0.0,ok,,24.22,0.0,SINAPI_Referência_2026_05.xlsx!Analítico!B52138,pintura,Pintura,pintura,24.237845435599997,0.7396290847399004,10,0.26037091526009964,2,0.0,0,0.0,0,0.48917872,0.0,12,0,0.07368057638314691,ddb51ca51cab71ab7d35d6ca36b843b0e2eec36ef1ed8062226ea38c53b38c3c,emassamento com massa latex aplicacao em parede # demaos lixamento manual,v_b60ac7b7366d771c
sinapi_es,2026-05,88788,"REVESTIMENTO CERÂMICO PARA PAREDES EXTERNAS EM PASTILHAS DE PORCELANA 2,5 X 2,5 CM (PLACAS DE 30 X 30 CM), ALINHADAS A PRUMO. AF_02/2023",M2,Revestimentos Cerâmicos Externos,330.92,sem_desoneracao,2026-06-12,928df42a952625eb12d41baf2b5ab17e1207af6e7881cb9f1c7fcac4708400e3,SINAPI_Referência_2026_05.xlsx!CSD!S9310,da4854d78769de03a1360e110e033a8acdddd190470342d16ead5abb1eba511a,cpu_hierarquica_v1,0.0,ok,,330.92,0.0,SINAPI_Referência_2026_05.xlsx!Analítico!B59583,revestimentos_forros,Revestimentos e forros,revestimentos_forros,330.9440061216,0.18296601540307494,10,0.817033984596925,2,0.0,0,0.0,0,1.82433056,0.0,12,0,0.0072543580321515234,9f73378b1f84cfd9e6b40099d9412440b9fcec30bb0bedc2305e3a45ba90f056,revestimento ceramico para paredes externas em pastilhas de porcelana # x # cm placas de # x # cm alinhadas a prumo,v_4ce9dfa589fed770
sinapi_es,2026-05,88789,"REVESTIMENTO CERÂMICO PARA PAREDES EXTERNAS EM PASTILHAS DE PORCELANA 2,5 X 2,5 CM (PLACAS DE 30 X 30 CM), ALINHADAS A PRUMO, APLICADO EM SUPERFÍCIES INTERNAS DE SACADA. AF_02/2023",M2,Revestimentos Cerâmicos Externos,396.38,sem_desoneracao,2026-06-12,928df42a952625eb12d41baf2b5ab17e1207af6e7881cb9f1c7fcac4708400e3,SINAPI_Referência_2026_05.xlsx!CSD!S9309,4c38f57312bda80269ffffe23ccb8be7bb9dd3a1e398158bcc69e1122cb8b9c3,cpu_hierarquica_v1,0.0,ok,,396.38,0.0,SINAPI_Referência_2026_05.xlsx!Analítico!B59578,revestimentos_forros,Revestimentos e forros,revestimentos_forros,396.4080791472,0.17650593625065428,10,0.8234940637493456,2,0.0,0,0.0,0,2.10804752,0.0,12,0,0.007083896059337823,9f73378b1f84cfd9e6b40099d9412440b9fcec30bb0bedc2305e3a45ba90f056,revestimento ceramico para paredes externas em pastilhas de porcelana # x # cm placas de # x # cm alinhadas a prumo aplicado em superficies internas de sacada,v_4ce9dfa589fed770
sinapi_es,2026-05,90406,"MASSA ÚNICA, EM ARGAMASSA TRAÇO 1:2:8, PREPARO MECÂNICO, APLICADA MANUALMENTE EM TETO, E = 17,5MM, COM TALISCAS. AF_03/2024",M2,Massa Única Interna,53.05,sem_desoneracao,2026-06-12,928df42a952625eb12d41baf2b5ab17e1207af6e7881cb9f1c7fcac4708400e3,SINAPI_Referência_2026_05.xlsx!CSD!S7796,e267d792f59a6189a617c5a52a99eb7c1488c245d040a064654d09643220eb6d,cpu_hierarquica_v1,0.0,ok,,53.05,0.0,SINAPI_Referência_2026_05.xlsx!Analítico!B47998,revestimentos_forros,Revestimentos e forros,revestimentos_forros,53.07898153296,0.7108467561972811,13,0.2872179299546902,3,0.001213672269879507,1,0.0007216415781492471,1,1.1297262479999999,0.0,18,0,0.05463059935910116,3a2bb0f2ce9db5e05f51f3a0e0cc8347cb19e07de96bb115d30978b9fb1a8943,massa unica em argamassa traco # # # preparo mecanico aplicada manualmente em teto e #mm com taliscas,v_8bb45ffaa009f9e8
sinapi_es,2026-05,90408,"MASSA ÚNICA, EM ARGAMASSA TRAÇO 1:2:8, PREPARO MECÂNICO, APLICADA MANUALMENTE EM TETO, E = 10MM, COM TALISCAS. AF_03/2024",M2,Massa Única Interna,39.91,sem_desoneracao,2026-06-12,928df42a952625eb12d41baf2b5ab17e1207af6e7881cb9f1c7fcac4708400e3,SINAPI_Referência_2026_05.xlsx!CSD!S7795,e96da668908bb3973918f0cdbd0aa8461492de37e361f203b65b8959db99f335,cpu_hierarquica_v1,0.0,ok,,39.91,0.0,SINAPI_Referência_2026_05.xlsx!Analítico!B47994,revestimentos_forros,Revestimentos e forros,revestimentos_forros,39.93013455306,0.7547110283341277,13,0.24364724308835164,3,0.0010295593405870343,1,0.000612169236933532,1,0.903657903,0.0,18,0,0.0504498949135647,3a2bb0f2ce9db5e05f51f3a0e0cc8347cb19e07de96bb115d30978b9fb1a8943,massa unica em argamassa traco # # # preparo mecanico aplicada manualmente em teto e #mm com taliscas,v_8bb45ffaa009f9e8
sinapi_es,2026-05,90930,"CONTRAPISO ACÚSTICO EM ARGAMASSA TRAÇO 1:4 (CIMENTO E AREIA), PREPARO MECÂNICO COM BETONEIRA 400L, APLICADO EM ÁREAS SECAS, ACABAMENTO NÃO REFORÇADO, ESPESSURA 5CM. AF_07/2021",M2,Contrapiso,83.08,sem_desoneracao,2026-06-12,928df42a952625eb12d41baf2b5ab17e1207af6e7881cb9f1c7fcac4708400e3,SINAPI_Referência_2026_05.xlsx!CSD!S1433,a10428b23bf331b686624e41dbd14d0c49ee3b16866e8580699aadc512f23a41,cpu_hierarquica_v1,0.0,ok,,83.08,0.0,SINAPI_Referência_2026_05.xlsx!Analítico!B11033,pisos,Pisos e acabamentos de borda,pisos,83.11858897542898,0.40297838537815633,13,0.5943638734604136,4,0.0016674789226868573,1,0.0009902622387433905,1,0.9922786224500001,0.0,19,0,0.04644797235072125,aa0eb93b76c5e2e6c505481e71f9038326777b36e01b71eee3acde8e6a9716c1,contrapiso acustico em argamassa traco # # cimento e areia preparo mecanico com betoneira #l aplicado em areas secas acabamento nao reforcado espessura #cm,v_4df52df6c44cbc08
sinapi_es,2026-05,90932,"CONTRAPISO ACÚSTICO EM ARGAMASSA TRAÇO 1:4 (CIMENTO E AREIA), PREPARO MANUAL, APLICADO EM ÁREAS SECAS, ACABAMENTO NÃO REFORÇADO, ESPESSURA 5CM. AF_07/2021",M2,Contrapiso,91.52,sem_desoneracao,2026-06-12,928df42a952625eb12d41baf2b5ab17e1207af6e7881cb9f1c7fcac4708400e3,SINAPI_Referência_2026_05.xlsx!CSD!S1430,93db822d5aea7ea673a57a28095391ff01be6b8f22f32c1ee75ca7c4d3d8831f,cpu_hierarquica_v1,0.0,ok,,91.52,0.0,SINAPI_Referência_2026_05.xlsx!Analítico!B11015,pisos,Pisos e acabamentos de borda,pisos,91.55698382679199,0.4634915093650578,10,0.5365084906349424,4,0.0,0,0.0,0,1.3785321768,0.0,14,0,0.04041064990384175,a938b6a05609089d944d639ae57bef5c4e93f536e5a7d4fbeeba85751472e5f4,contrapiso acustico em argamassa traco # # cimento e areia preparo manual aplicado em areas secas acabamento nao reforcado espessura #cm,v_95981b220db9bf84
sinapi_es,2026-05,90933,"CONTRAPISO ACÚSTICO EM ARGAMASSA PRONTA, PREPARO MECÂNICO COM MISTURADOR 300 KG, APLICADO EM ÁREAS SECAS, ACABAMENTO NÃO REFORÇADO, ESPESSURA 5CM. AF_07/2021",M2,Contrapiso,157.78,sem_desoneracao,2026-06-12,928df42a952625eb12d41baf2b5ab17e1207af6e7881cb9f1c7fcac4708400e3,SINAPI_Referência_2026_05.xlsx!CSD!S1427,c19e38545f1c846f30c0ef71635b3f2d752cc418ed3b4b0b49020b53a774c4cf,cpu_hierarquica_v1,0.0,ok,,157.78,0.0,SINAPI_Referência_2026_05.xlsx!Analítico!B10997,pisos,Pisos e acabamentos de borda,pisos,157.8205798551705,0.20091382836713087,13,0.7960693093086739,3,0.0019305155463709206,1,0.0010863467778241282,1,0.94147895634,0.0,18,0,0.025719264273359174,1d1ab7408eab69b555e24d3ff6825dd48f8bc5a26ca72d3c4600299f29bfa8fa,contrapiso acustico em argamassa pronta preparo mecanico com misturador # kg aplicado em areas secas acabamento nao reforcado espessura #cm,v_ff56b43e88b46c6d
sinapi_es,2026-05,90934,"CONTRAPISO ACÚSTICO EM ARGAMASSA PRONTA, PREPARO MANUAL, APLICADO EM ÁREAS SECAS, ACABAMENTO NÃO REFORÇADO, ESPESSURA 5CM. AF_07/2021",M2,Contrapiso,174.0,sem_desoneracao,2026-06-12,928df42a952625eb12d41baf2b5ab17e1207af6e7881cb9f1c7fcac4708400e3,SINAPI_Referência_2026_05.xlsx!CSD!S1425,0a8e2b92dff6bbc2b0cdfcdc87f7b0ce35aef66da41ffe78bfcd2c7d5ba3ca29,cpu_hierarquica_v1,0.0,ok,,174.0,0.0,SINAPI_Referência_2026_05.xlsx!Analítico!B10985,pisos,Pisos e acabamentos de borda,pisos,174.03422013938803,0.26920136799455047,10,0.7307986320054494,3,0.0,0,0.0,0,1.5341191452,0.0,13,0,0.019666746774727545,37c50f3e5e090053dfd6f13788b4379fc09ff4722283607a8cda1cec69f10112,contrapiso acustico em argamassa pronta preparo manual aplicado em areas secas acabamento nao reforcado espessura #cm,v_212bbdd0cd6dd298
sinapi_es,2026-05,90940,"CONTRAPISO ACÚSTICO EM ARGAMASSA TRAÇO 1:4 (CIMENTO E AREIA), PREPARO MECÂNICO COM BETONEIRA 400L, APLICADO EM ÁREAS SECAS, ACABAMENTO NÃO REFORÇADO, ESPESSURA 6CM. AF_07/2021",M2,Contrapiso,88.91,sem_desoneracao,2026-06-12,928df42a952625eb12d41baf2b5ab17e1207af6e7881cb9f1c7fcac4708400e3,SINAPI_Referência_2026_05.xlsx!CSD!S1434,c4b405d44cbf6c9f399686d5f27e2aa593a0ac9c8fbf53f7c9075d0b9dae0534,cpu_hierarquica_v1,0.0,ok,,88.91,0.0,SINAPI_Referência_2026_05.xlsx!Analítico!B11039,pisos,Pisos e acabamentos de borda,pisos,88.94044945976701,0.41444910694814424,13,0.5828461607162178,4,0.001696961399641609,1,0.0010077709359962886,1,1.09221266135,0.0,19,0,0.03424750845463149,aa0eb93b76c5e2e6c505481e71f9038326777b36e01b71eee3acde8e6a9716c1,contrapiso acustico em argamassa traco # # cimento e areia preparo mecanico com betoneira #l aplicado em areas secas acabamento nao reforcado espessura #cm,v_4df52df6c44cbc08
sinapi_es,2026-05,90942,"CONTRAPISO ACÚSTICO EM ARGAMASSA TRAÇO 1:4 (CIMENTO E AREIA), PREPARO MANUAL, APLICADO EM ÁREAS SECAS, ACABAMENTO NÃO REFORÇADO, ESPESSURA 6CM. AF_07/2021",M2,Contrapiso,98.1,sem_desoneracao,2026-06-12,928df42a952625eb12d41baf2b5ab17e1207af6e7881cb9f1c7fcac4708400e3,SINAPI_Referência_2026_05.xlsx!CSD!S1431,0f8e7b1ae55c5045d39322837a2a7112aa8c56ccf15f1a38adc83fb339516ce3,cpu_hierarquica_v1,0.0,ok,,98.1,0.0,SINAPI_Referência_2026_05.xlsx!Analítico!B11021,pisos,Pisos e acabamentos de borda,pisos,98.129541711416,0.47485781854003123,10,0.5251421814599688,4,0.0,0,0.0,0,1.5128281464,0.0,14,0,0.030113875041795825,a938b6a05609089d944d639ae57bef5c4e93f536e5a7d4fbeeba85751472e5f4,contrapiso acustico em argamassa traco # # cimento e areia preparo manual aplicado em areas secas acabamento nao reforcado espessura #cm,v_95981b220db9bf84
sinapi_es,2026-05,90943,"CONTRAPISO ACÚSTICO EM ARGAMASSA PRONTA, PREPARO MECÂNICO COM MISTURADOR 300 KG, APLICADO EM ÁREAS SECAS, ACABAMENTO NÃO REFORÇADO, ESPESSURA 6CM. AF_07/2021",M2,Contrapiso,170.25,sem_desoneracao,2026-06-12,928df42a952625eb12d41baf2b5ab17e1207af6e7881cb9f1c7fcac4708400e3,SINAPI_Referência_2026_05.xlsx!CSD!S1428,57f49f7c60335b4054132d509b381e15f1d0c83abca9b5cb7a62fc16c4cae50b,cpu_hierarquica_v1,0.0,ok,,170.25,0.0,SINAPI_Referência_2026_05.xlsx!Analítico!B11003,pisos,Pisos e acabamentos de borda,pisos,170.28808697460906,0.20503892979789318,13,0.791916348323929,3,0.0019483431090168409,1,0.0010963787691609813,1,1.03689374982,0.0,18,0,0.022371203881972505,1d1ab7408eab69b555e24d3ff6825dd48f8bc5a26ca72d3c4600299f29bfa8fa,contrapiso acustico em argamassa pronta preparo mecanico com misturador # kg aplicado em areas secas acabamento nao reforcado espessura #cm,v_ff56b43e88b46c6d
sinapi_es,2026-05,90944,"CONTRAPISO ACÚSTICO EM ARGAMASSA PRONTA, PREPARO MANUAL, APLICADO EM ÁREAS SECA, ACABAMENTO NÃO REFORÇADO, ESPESSURA 6CM. AF_07/2021",M2,Contrapiso,187.91,sem_desoneracao,2026-06-12,928df42a952625eb12d41baf2b5ab17e1207af6e7881cb9f1c7fcac4708400e3,SINAPI_Referência_2026_05.xlsx!CSD!S1424,b1fa361e0cb7169b35673af07021bb8dc21de1223ee592bb9e7fe30879cd0442,cpu_hierarquica_v1,0.0,ok,,187.91,0.0,SINAPI_Referência_2026_05.xlsx!Analítico!B10979,pisos,Pisos e acabamentos de borda,pisos,187.94412688872399,0.273510312557727,10,0.726489687442273,3,0.0,0,0.0,0,1.6822564596,0.0,13,0,0.018161294621887696,37c50f3e5e090053dfd6f13788b4379fc09ff4722283607a8cda1cec69f10112,contrapiso acustico em argamassa pronta preparo manual aplicado em areas seca acabamento nao reforcado espessura #cm,v_212bbdd0cd6dd298
sinapi_es,2026-05,90950,"CONTRAPISO ACÚSTICO EM ARGAMASSA TRAÇO 1:4 (CIMENTO E AREIA), PREPARO MECÂNICO COM BETONEIRA 400L, APLICADO EM ÁREAS SECAS, ACABAMENTO NÃO REFORÇADO, ESPESSURA 7CM. AF_07/2021",M2,Contrapiso,99.54,sem_desoneracao,2026-06-12,928df42a952625eb12d41baf2b5ab17e1207af6e7881cb9f1c7fcac4708400e3,SINAPI_Referência_2026_05.xlsx!CSD!S1435,36a626442ea9cdab468bfaafafd8eeebaf19212902a82bb78d2d1407fe222396,cpu_hierarquica_v1,0.0,ok,,99.54,0.0,SINAPI_Referência_2026_05.xlsx!Analítico!B11045,pisos,Pisos e acabamentos de borda,pisos,99.57756557572,0.4317893874100076,13,0.5654329835688282,4,0.0017426971125141934,1,0.0010349319086499955,1,1.274403866,0.0,19,0,0.03773917592926972,aa0eb93b76c5e2e6c505481e71f9038326777b36e01b71eee3acde8e6a9716c1,contrapiso acustico em argamassa traco # # cimento e areia preparo mecanico com betoneira #l aplicado em areas secas acabamento nao reforcado espessura #cm,v_4df52df6c44cbc08
sinapi_es,2026-05,90952,"CONTRAPISO ACÚSTICO EM ARGAMASSA TRAÇO 1:4 (CIMENTO E AREIA), PREPARO MANUAL, APLICADO EM ÁREAS SECAS, ACABAMENTO NÃO REFORÇADO, ESPESSURA 7CM. AF_07/2021",M2,Contrapiso,110.11,sem_desoneracao,2026-06-12,928df42a952625eb12d41baf2b5ab17e1207af6e7881cb9f1c7fcac4708400e3,SINAPI_Referência_2026_05.xlsx!CSD!S1432,41ea3e4caf07505523c6d44a59f3a7843b6943e82df4c200727f4cefb259baec,cpu_hierarquica_v1,0.0,ok,,110.11,0.0,SINAPI_Referência_2026_05.xlsx!Analítico!B11027,pisos,Pisos e acabamentos de borda,pisos,110.14293639456,0.49200667939734094,10,0.507993320602659,4,0.0,0,0.0,0,1.758016224,0.0,14,0,0.029912264608116003,a938b6a05609089d944d639ae57bef5c4e93f536e5a7d4fbeeba85751472e5f4,contrapiso acustico em argamassa traco # # cimento e areia preparo manual aplicado em areas secas acabamento nao reforcado espessura #cm,v_95981b220db9bf84
sinapi_es,2026-05,90953,"CONTRAPISO ACÚSTICO EM ARGAMASSA PRONTA, PREPARO MECÂNICO COM MISTURADOR 300 KG, APLICADO EM ÁREAS SECAS, ACABAMENTO NÃO REFORÇADO, ESPESSURA 7CM. AF_07/2021",M2,Contrapiso,193.07,sem_desoneracao,2026-06-12,928df42a952625eb12d41baf2b5ab17e1207af6e7881cb9f1c7fcac4708400e3,SINAPI_Referência_2026_05.xlsx!CSD!S1429,cb1150269fb11d6ecc0841b242c06eacc60582cf61a1fc5b3ecd1b3794284b1b,cpu_hierarquica_v1,0.0,ok,,193.07,0.0,SINAPI_Referência_2026_05.xlsx!Analítico!B11009,pisos,Pisos e acabamentos de borda,pisos,193.10888858824643,0.211070213808816,13,0.7858427497015612,3,0.00197542058437189,1,0.001111615905250803,1,1.2107996712,0.0,18,0,0.020142222119664623,1d1ab7408eab69b555e24d3ff6825dd48f8bc5a26ca72d3c4600299f29bfa8fa,contrapiso acustico em argamassa pronta preparo mecanico com misturador # kg aplicado em areas secas acabamento nao reforcado espessura #cm,v_ff56b43e88b46c6d
sinapi_es,2026-05,90954,"CONTRAPISO ACÚSTICO EM ARGAMASSA PRONTA, PREPARO MANUAL, APLICADO EM ÁREAS SECAS, ACABAMENTO NÃO REFORÇADO, ESPESSURA 7CM. AF_07/2021",M2,Contrapiso,213.37,sem_desoneracao,2026-06-12,928df42a952625eb12d41baf2b5ab17e1207af6e7881cb9f1c7fcac4708400e3,SINAPI_Referência_2026_05.xlsx!CSD!S1426,886296dd0882069cdaee24828afd83cc59e6bdeaeafba8094380564918ff697a,cpu_hierarquica_v1,0.0,ok,,213.37,0.0,SINAPI_Referência_2026_05.xlsx!Analítico!B10991,pisos,Pisos e acabamentos de borda,pisos,213.40932782383993,0.27982894858810803,10,0.7201710514118922,3,0.0,0,0.0,0,1.952820336,0.0,13,0,0.018431749468025574,37c50f3e5e090053dfd6f13788b4379fc09ff4722283607a8cda1cec69f10112,contrapiso acustico em argamassa pronta preparo manual aplicado em areas secas acabamento nao reforcado espessura #cm,v_212bbdd0cd6dd298
sinapi_es,2026-05,91515,"ESTUCAMENTO DE DENSIDADE BAIXA DE PANOS DE FACHADA DO SISTEMA DE PAREDES DE CONCRETO EM EDIFICAÇÕES DE MÚLTIPLOS PAVIMENTOS, PAVIMENTOS SUPERIORES, UTILIZAÇÃO DE ARGAMASSA COLANTE. AF_12/2024",M2,Paredes de Concreto - Estucamento,6.15,sem_desoneracao,2026-06-12,928df42a952625eb12d41baf2b5ab17e1207af6e7881cb9f1c7fcac4708400e3,SINAPI_Referência_2026_05.xlsx!CSD!S8009,03906f02d6ce348f418740235230b21b8a3bcfeb2c9a7d0d4655bf37b972cd0b,cpu_hierarquica_v1,0.0,ok,,6.15,0.0,SINAPI_Referência_2026_05.xlsx!Analítico!B49055,revestimentos_forros,Revestimentos e forros,revestimentos_forros,6.154904912,0.9690653222556235,10,0.030934677744376502,1,0.0,0,0.0,0,0.1756464,0.0,11,0,0.07975466666666278,fbf11c8640221cc795fe33bb343dc9f01319f76f006c5b776c00bac1016dab37,estucamento de densidade baixa de panos de fachada do sistema de paredes de concreto em edificacoes de multiplos pavimentos pavimentos superiores utilizacao de argamassa colante,v_81765fda21aa5994
sinapi_es,2026-05,91519,"ESTUCAMENTO DE DENSIDADE BAIXA DE PANOS DE FACHADA DO SISTEMA DE PAREDES DE CONCRETO EM UNIDADES HABITACIONAIS DE PAVIMENTO ÚNICO, UTILIZAÇÃO DE ARGAMASSA COLANTE. AF_12/2024",M2,Paredes de Concreto - Estucamento,2.54,sem_desoneracao,2026-06-12,928df42a952625eb12d41baf2b5ab17e1207af6e7881cb9f1c7fcac4708400e3,SINAPI_Referência_2026_05.xlsx!CSD!S8011,cc3581e2af944c56b76cdef5b21e86ed22bc6eed552d68a47d43ddc926a062e7,cpu_hierarquica_v1,0.0,ok,,2.54,0.0,SINAPI_Referência_2026_05.xlsx!Analítico!B49063,revestimentos_forros,Revestimentos e forros,revestimentos_forros,2.548630336,0.9252932065860805,10,0.0747067934139194,1,0.0,0,0.0,0,0.0694416,0.0,11,0,0.3397770078740142,fbf11c8640221cc795fe33bb343dc9f01319f76f006c5b776c00bac1016dab37,estucamento de densidade baixa de panos de fachada do sistema de paredes de concreto em unidades habitacionais de pavimento unico utilizacao de argamassa colante,v_81765fda21aa5994
sinapi_es,2026-05,91520,"ESTUCAMENTO DE DENSIDADE BAIXA NAS FACES INTERNAS DE PAREDES DO SISTEMA DE PAREDES DE CONCRETO, EM AMBIENTES COM ÁREA ENTRE 5 M² E 10 M², UTILIZAÇÃO DE ARGAMASSA COLANTE. AF_12/2024",M2,Paredes de Concreto - Estucamento,2.58,sem_desoneracao,2026-06-12,928df42a952625eb12d41baf2b5ab17e1207af6e7881cb9f1c7fcac4708400e3,SINAPI_Referência_2026_05.xlsx!CSD!S8012,62142b9e9710a9ba177e3f3d8ce1e54e59b2384d1f38719bbad5f5bf30d57f5b,cpu_hierarquica_v1,0.0,ok,,2.58,0.0,SINAPI_Referência_2026_05.xlsx!Analítico!B49067,revestimentos_forros,Revestimentos e forros,revestimentos_forros,2.59650654,0.9558060038624051,10,0.04419399613759494,1,0.0,0,0.0,0,0.0725052,0.0,11,0,0.6397883720930216,ba90de8003e8eeb5f31e54b8e4b8d530ede4bdb64272aacace7c71dd80b11a6b,estucamento de densidade baixa nas faces internas de paredes do sistema de paredes de concreto em ambientes com area entre # m# e # m# utilizacao de argamassa colante,v_fbf4f0f1e02ad5f8
sinapi_es,2026-05,91522,"ESTUCAMENTO PARA QUALQUER REVESTIMENTO, EM TETO DO SISTEMA DE PAREDES DE CONCRETO, EM AMBIENTES COM ÁREA ENTRE 5 M² E 10 M², UTILIZAÇÃO DE ARGAMASSA COLANTE. AF_12/2024",M2,Paredes de Concreto - Estucamento,4.36,sem_desoneracao,2026-06-12,928df42a952625eb12d41baf2b5ab17e1207af6e7881cb9f1c7fcac4708400e3,SINAPI_Referência_2026_05.xlsx!CSD!S8015,c8a860a4bb40774346f3fb9de657b56c4dfaff31ae74c1387b9468bdf93a07a9,cpu_hierarquica_v1,0.0,ok,,4.36,0.0,SINAPI_Referência_2026_05.xlsx!Analítico!B49079,revestimentos_forros,Revestimentos e forros,revestimentos_forros,4.381651416,0.973811243956792,10,0.026188756043207796,1,0.0,0,0.0,0,0.1245864,0.0,11,0,0.49659211009174514,ba90de8003e8eeb5f31e54b8e4b8d530ede4bdb64272aacace7c71dd80b11a6b,estucamento para qualquer revestimento em teto do sistema de paredes de concreto em ambientes com area entre # m# e # m# utilizacao de argamassa colante,v_fbf4f0f1e02ad5f8
sinapi_es,2026-05,91525,"ESTUCAMENTO DE DENSIDADE ALTA NAS FACES INTERNAS DE PAREDES DO SISTEMA DE PAREDES DE CONCRETO, EM AMBIENTES COM ÁREA ENTRE 5 M² E 10 M², UTILIZAÇÃO DE ARGAMASSA COLANTE. AF_12/2024",M2,Paredes de Concreto - Estucamento,8.24,sem_desoneracao,2026-06-12,928df42a952625eb12d41baf2b5ab17e1207af6e7881cb9f1c7fcac4708400e3,SINAPI_Referência_2026_05.xlsx!CSD!S7999,602be55b6d93c67696ee33cea423652c93903762f4e10d92bb09e2b87197e5e0,cpu_hierarquica_v1,0.0,ok,,8.24,0.0,SINAPI_Referência_2026_05.xlsx!Analítico!B49015,revestimentos_forros,Revestimentos e forros,revestimentos_forros,8.256438148,0.7163122937501354,10,0.28368770624986456,1,0.0,0,0.0,0,0.1725828,0.0,11,0,0.19949208737864868,ba90de8003e8eeb5f31e54b8e4b8d530ede4bdb64272aacace7c71dd80b11a6b,estucamento de densidade alta nas faces internas de paredes do sistema de paredes de concreto em ambientes com area entre # m# e # m# utilizacao de argamassa colante,v_fbf4f0f1e02ad5f8
sinapi_es,2026-05,95305,"TEXTURA ACRÍLICA, APLICAÇÃO MANUAL EM PAREDE, UMA DEMÃO. AF_04/2023",M2,Pintura Interna,15.82,sem_desoneracao,2026-06-12,928df42a952625eb12d41baf2b5ab17e1207af6e7881cb9f1c7fcac4708400e3,SINAPI_Referência_2026_05.xlsx!CSD!S8311,4ee62b1b950e20f48de97fe98c1d8bfe56539957a54a3ced09604331fd732c6c,cpu_hierarquica_v1,0.0,ok,,15.82,0.0,SINAPI_Referência_2026_05.xlsx!Analítico!B52242,pintura,Pintura,pintura,15.83756566552,0.4832737446628732,10,0.5167262553371268,1,0.0,0,0.0,0,0.208864196,0.0,11,0,0.11103454816687348,296c474f53da125f269947906a48574dcbd18573fa31f438dff9370689f3715c,textura acrilica aplicacao manual em parede # demao,v_5100f6de27d60bb3
sinapi_es,2026-05,95306,"TEXTURA ACRÍLICA, APLICAÇÃO MANUAL EM TETO, UMA DEMÃO. AF_04/2023",M2,Pintura Interna,18.82,sem_desoneracao,2026-06-12,928df42a952625eb12d41baf2b5ab17e1207af6e7881cb9f1c7fcac4708400e3,SINAPI_Referência_2026_05.xlsx!CSD!S8312,862015a9a499d45189c497f4b7a93db4b7578f38b6dfff16e4aeefb7415d6729,cpu_hierarquica_v1,0.0,ok,,18.82,0.0,SINAPI_Referência_2026_05.xlsx!Analítico!B52246,pintura,Pintura,pintura,18.832184136879995,0.5654414835519009,10,0.4345585164480993,1,0.0,0,0.0,0,0.290580344,0.0,11,0,0.06474036599359653,296c474f53da125f269947906a48574dcbd18573fa31f438dff9370689f3715c,textura acrilica aplicacao manual em teto # demao,v_5100f6de27d60bb3
sinapi_es,2026-05,95622,"APLICAÇÃO MANUAL DE TINTA LÁTEX ACRÍLICA EM PANOS COM PRESENÇA DE VÃOS DE EDIFÍCIOS DE MÚLTIPLOS PAVIMENTOS, DUAS DEMÃOS. AF_03/2024",M2,Pintura Externa,17.98,sem_desoneracao,2026-06-12,928df42a952625eb12d41baf2b5ab17e1207af6e7881cb9f1c7fcac4708400e3,SINAPI_Referência_2026_05.xlsx!CSD!S8286,f4f57fb992a54d1feddeaadff859b118ae0a645f718fcc30b35eb96f5f0dd800,cpu_hierarquica_v1,0.0,ok,,17.98,0.0,SINAPI_Referência_2026_05.xlsx!Analítico!B52118,pintura,Pintura,pintura,17.9891472932,0.6329562545471015,10,0.3670437454528986,1,0.0,0,0.0,0,0.30073834,0.0,11,0,0.050874823136807974,5f2649f9566507dd50355847abd6107e2120e46af8e5407d4d1c34fa696d6d34,aplicacao manual de tinta latex acrilica em panos com presenca de vaos de edificios de multiplos pavimentos # demaos,v_7e3e8961eae87472
sinapi_es,2026-05,95623,"APLICAÇÃO MANUAL DE TINTA LÁTEX ACRÍLICA EM PANOS SEM PRESENÇA DE VÃOS DE EDIFÍCIOS DE MÚLTIPLOS PAVIMENTOS, DUAS DEMÃOS. AF_03/2024",M2,Pintura Externa,12.18,sem_desoneracao,2026-06-12,928df42a952625eb12d41baf2b5ab17e1207af6e7881cb9f1c7fcac4708400e3,SINAPI_Referência_2026_05.xlsx!CSD!S8287,d90847ef7c0b9598caa3619d5d3c345b0b7b21588d79fa1f7ae04aadb3cc50a7,cpu_hierarquica_v1,0.0,ok,,12.18,0.0,SINAPI_Referência_2026_05.xlsx!Analítico!B52122,pintura,Pintura,pintura,12.19700126248,0.49470940706069255,10,0.5052905929393073,1,0.0,0,0.0,0,0.159357524,0.0,11,0,0.13958343579639482,5f2649f9566507dd50355847abd6107e2120e46af8e5407d4d1c34fa696d6d34,aplicacao manual de tinta latex acrilica em panos sem presenca de vaos de edificios de multiplos pavimentos # demaos,v_7e3e8961eae87472
sinapi_es,2026-05,95624,"APLICAÇÃO MANUAL DE TINTA LÁTEX ACRÍLICA EM SUPERFÍCIES EXTERNAS DE SACADA DE EDIFÍCIOS DE MÚLTIPLOS PAVIMENTOS, DUAS DEMÃOS. AF_03/2024",M2,Pintura Externa,28.18,sem_desoneracao,2026-06-12,928df42a952625eb12d41baf2b5ab17e1207af6e7881cb9f1c7fcac4708400e3,SINAPI_Referência_2026_05.xlsx!CSD!S8289,210944b43417ff3416ef931a3bc7220330732ee13218492e67f6c61eaaa05d53,cpu_hierarquica_v1,0.0,ok,,28.18,0.0,SINAPI_Referência_2026_05.xlsx!Analítico!B52130,pintura,Pintura,pintura,28.20252376824,0.7814723940791272,10,0.21852760592087284,1,0.0,0,0.0,0,0.582076732,0.0,11,0,0.07992820525194905,5f2649f9566507dd50355847abd6107e2120e46af8e5407d4d1c34fa696d6d34,aplicacao manual de tinta latex acrilica em superficies externas de sacada de edificios de multiplos pavimentos # demaos,v_7e3e8961eae87472
sinapi_es,2026-05,95625,"APLICAÇÃO MANUAL DE TINTA LÁTEX ACRÍLICA EM SUPERFÍCIES INTERNAS DE SACADA DE EDIFÍCIOS DE MÚLTIPLOS PAVIMENTOS, DUAS DEMÃOS. AF_03/2024",M2,Pintura Externa,33.24,sem_desoneracao,2026-06-12,928df42a952625eb12d41baf2b5ab17e1207af6e7881cb9f1c7fcac4708400e3,SINAPI_Referência_2026_05.xlsx!CSD!S8290,6ce2bbb347b6137217cf89f9f4fff21542b85fb9c892c830fa022477d04ea9c2,cpu_hierarquica_v1,0.0,ok,,33.24,0.0,SINAPI_Referência_2026_05.xlsx!Analítico!B52134,pintura,Pintura,pintura,33.26144436288,0.7718598952825825,10,0.22814010471741752,1,0.0,0,0.0,0,0.678057204,0.0,11,0,0.06451372707580312,5f2649f9566507dd50355847abd6107e2120e46af8e5407d4d1c34fa696d6d34,aplicacao manual de tinta latex acrilica em superficies internas de sacada de edificios de multiplos pavimentos # demaos,v_7e3e8961eae87472
sinapi_es,2026-05,95626,"APLICAÇÃO MANUAL DE TINTA LÁTEX ACRÍLICA EM PAREDE EXTERNAS DE CASAS, DUAS DEMÃOS. AF_03/2024",M2,Pintura Externa,19.19,sem_desoneracao,2026-06-12,928df42a952625eb12d41baf2b5ab17e1207af6e7881cb9f1c7fcac4708400e3,SINAPI_Referência_2026_05.xlsx!CSD!S8288,b72e91fbb85a9a704669d2127525dcc0f6c04176706239a380c4bba7c01c136a,cpu_hierarquica_v1,0.0,ok,,19.19,0.0,SINAPI_Referência_2026_05.xlsx!Analítico!B52126,pintura,Pintura,pintura,19.20560287072,0.6675727628559128,10,0.33242723714408723,1,0.0,0,0.0,0,0.338622376,0.0,11,0,0.08130729921833592,5f2649f9566507dd50355847abd6107e2120e46af8e5407d4d1c34fa696d6d34,aplicacao manual de tinta latex acrilica em parede externas de casas # demaos,v_7e3e8961eae87472
sinapi_es,2026-05,96109,"FORRO EM PLACAS DE GESSO, PARA AMBIENTES RESIDENCIAIS. AF_08/2023_PS",M2,Forros,56.1,sem_desoneracao,2026-06-12,928df42a952625eb12d41baf2b5ab17e1207af6e7881cb9f1c7fcac4708400e3,SINAPI_Referência_2026_05.xlsx!CSD!S4201,98240bb2811ffe5630efb5a290c8a604af66fc661c1285e98653fa1ae3fd6107,cpu_hierarquica_v1,0.0,ok,,56.1,0.0,SINAPI_Referência_2026_05.xlsx!Analítico!B25715,revestimentos_forros,Revestimentos e forros,revestimentos_forros,56.156417534880006,0.7452081057144919,10,0.2547918942855081,5,0.0,0,0.0,0,1.458345222,0.0,15,0,0.10056601582888573,817e1dbe3e6945704df5b4aa5a5d08bc485f0173c57542bd7e5e62f00d1c93f1,forro em placas de gesso para ambientes residenciais ps,v_9b6bc036879ad420
sinapi_es,2026-05,96110,"FORRO EM DRYWALL PARA AMBIENTES RESIDENCIAIS, INCLUSIVE ESTRUTURA UNIDIRECIONAL DE FIXAÇÃO. AF_08/2023_PS",M2,Forros,81.0,sem_desoneracao,2026-06-12,928df42a952625eb12d41baf2b5ab17e1207af6e7881cb9f1c7fcac4708400e3,SINAPI_Referência_2026_05.xlsx!CSD!S4195,0ab1730e98d64975e14d7ad0fa6b183c1487e0afbe920eea9b8d09199ba1224a,cpu_hierarquica_v1,0.0,ok,,81.0,0.0,SINAPI_Referência_2026_05.xlsx!Analítico!B25660,revestimentos_forros,Revestimentos e forros,revestimentos_forros,81.06741494463999,0.45115478234523615,10,0.5488452176547639,9,0.0,0,0.0,0,1.1090629440000002,0.0,19,0,0.0832283267160399,747be9192be315f6d8b3f00991a0e962abe56edc513b5a69f0b1a18c401ad7a2,forro em drywall para ambientes residenciais inclusive estrutura unidirecional de fixacao ps,v_2d4c2a6b833d977f
sinapi_es,2026-05,96111,"FORRO EM RÉGUAS DE PVC, FRISADO, PARA AMBIENTES RESIDENCIAIS, INCLUSIVE ESTRUTURA UNIDIRECIONAL DE FIXAÇÃO. AF_08/2023_PS",M2,Forros,66.75,sem_desoneracao,2026-06-12,928df42a952625eb12d41baf2b5ab17e1207af6e7881cb9f1c7fcac4708400e3,SINAPI_Referência_2026_05.xlsx!CSD!S4203,0a8e8babfba7a8212c71810e0ddd763d213b3b02ddd5abbb2c807460de8f6e8c,cpu_hierarquica_v1,0.0,ok,,66.75,0.0,SINAPI_Referência_2026_05.xlsx!Analítico!B25732,revestimentos_forros,Revestimentos e forros,revestimentos_forros,66.78440924752,0.39710743190417347,7,0.6028925680958264,6,0.0,0,0.0,0,0.704841072,0.0,13,0,0.051549434486895654,642cea38d935cf1e662987635b8e497430c84545cca6871f56e6f45339a1fc6d,forro em reguas de pvc frisado para ambientes residenciais inclusive estrutura unidirecional de fixacao ps,v_09000038e9cb3a35
sinapi_es,2026-05,96112,"FORRO EM MADEIRA PINUS, PARA AMBIENTES RESIDENCIAIS, INCLUSIVE ESTRUTURA UNIDIRECIONAL DE FIXAÇÃO. AF_08/2023",M2,Forros,183.5,sem_desoneracao,2026-06-12,928df42a952625eb12d41baf2b5ab17e1207af6e7881cb9f1c7fcac4708400e3,SINAPI_Referência_2026_05.xlsx!CSD!S4199,38121af1de8d488a96ce609611095ed9978657e1bead866add440097acdc712b,cpu_hierarquica_v1,0.0,ok,,183.5,0.0,SINAPI_Referência_2026_05.xlsx!Analítico!B25700,revestimentos_forros,Revestimentos e forros,revestimentos_forros,183.55341189584,0.4377014737346915,8,0.5622985262653087,4,0.0,0,0.0,0,2.310380912,0.0,12,0,0.02910730018527839,a678790dcff3de6ac27b4d3c986fdbe6c83880a47355630ce17e69ba50fd5471,forro em madeira pinus para ambientes residenciais inclusive estrutura unidirecional de fixacao,v_c9eeda71c1b30867
sinapi_es,2026-05,96113,"FORRO EM PLACAS DE GESSO, PARA AMBIENTES COMERCIAIS. AF_08/2023_PS",M2,Forros,50.34,sem_desoneracao,2026-06-12,928df42a952625eb12d41baf2b5ab17e1207af6e7881cb9f1c7fcac4708400e3,SINAPI_Referência_2026_05.xlsx!CSD!S4200,1966c06084b81543bb0efb31e439b56946f85b52805c1b6db6ddea82e73729db,cpu_hierarquica_v1,0.0,ok,,50.34,0.0,SINAPI_Referência_2026_05.xlsx!Analítico!B25707,revestimentos_forros,Revestimentos e forros,revestimentos_forros,50.39489696832,0.716078395616234,10,0.283921604383766,5,0.0,0,0.0,0,1.257565158,0.0,15,0,0.1090523804529087,817e1dbe3e6945704df5b4aa5a5d08bc485f0173c57542bd7e5e62f00d1c93f1,forro em placas de gesso para ambientes comerciais ps,v_9b6bc036879ad420
sinapi_es,2026-05,96114,"FORRO EM DRYWALL, PARA AMBIENTES COMERCIAIS, INCLUSIVE ESTRUTURA BIRECIONAL DE FIXAÇÃO. AF_08/2023_PS",M2,Forros,80.08,sem_desoneracao,2026-06-12,928df42a952625eb12d41baf2b5ab17e1207af6e7881cb9f1c7fcac4708400e3,SINAPI_Referência_2026_05.xlsx!CSD!S4196,18172ff9fc095f6232ec0c44086b53e61eeca753abe4325147b56f8d6a1742c2,cpu_hierarquica_v1,0.0,ok,,80.08,0.0,SINAPI_Referência_2026_05.xlsx!Analítico!B25672,revestimentos_forros,Revestimentos e forros,revestimentos_forros,80.14401019483999,0.4003125014189222,10,0.599687498581078,9,0.0,0,0.0,0,0.972869364,0.0,19,0,0.07993281073925385,747be9192be315f6d8b3f00991a0e962abe56edc513b5a69f0b1a18c401ad7a2,forro em drywall para ambientes comerciais inclusive estrutura birecional de fixacao ps,v_2d4c2a6b833d977f
sinapi_es,2026-05,96116,"FORRO EM RÉGUAS DE PVC, FRISADO, PARA AMBIENTES COMERCIAIS, INCLUSIVE ESTRUTURA BIDIRECIONAL DE FIXAÇÃO. AF_08/2023_PS",M2,Forros,67.29,sem_desoneracao,2026-06-12,928df42a952625eb12d41baf2b5ab17e1207af6e7881cb9f1c7fcac4708400e3,SINAPI_Referência_2026_05.xlsx!CSD!S4202,b120f3dae89aa96d7ce7b049ce1cd9eb15490b265458890736a54ab2f0cb81c2,cpu_hierarquica_v1,0.0,ok,,67.29,0.0,SINAPI_Referência_2026_05.xlsx!Analítico!B25723,revestimentos_forros,Revestimentos e forros,revestimentos_forros,67.33493284,0.3391452827949386,7,0.6608547172050614,7,0.0,0,0.0,0,0.606924,0.0,14,0,0.06677491454894798,5be863eb4b52c205960f2616cfa2f9aec88ff74b2af27b6c1e48e35408e6f099,forro em reguas de pvc frisado para ambientes comerciais inclusive estrutura bidirecional de fixacao ps,v_ec71a27bdbfbd9aa
sinapi_es,2026-05,96126,"APLICAÇÃO MANUAL DE MASSA ACRÍLICA EM PANOS DE FACHADA COM PRESENÇA DE VÃOS, DE EDIFÍCIOS DE MÚLTIPLOS PAVIMENTOS, UMA DEMÃO. AF_03/2024",M2,Pintura Externa,23.7,sem_desoneracao,2026-06-12,928df42a952625eb12d41baf2b5ab17e1207af6e7881cb9f1c7fcac4708400e3,SINAPI_Referência_2026_05.xlsx!CSD!S8266,d1e13dc841a01a0184174a0bccfea2745c1909107b7ad98419e3ae1a2a4ef59a,cpu_hierarquica_v1,0.0,ok,,23.7,0.0,SINAPI_Referência_2026_05.xlsx!Analítico!B52029,pintura,Pintura,pintura,23.71785720752,0.7234767060693601,10,0.2765232939306399,2,0.0,0,0.0,0,0.453189056,0.0,12,0,0.07534686717300551,e9d44444dcf715e3168a110c82fca164c04d8b83cf955e468f66557bee2d75dd,aplicacao manual de massa acrilica em panos de fachada com presenca de vaos de edificios de multiplos pavimentos # demao,v_29a00cbea26cfa8f
sinapi_es,2026-05,96127,"APLICAÇÃO MANUAL DE MASSA ACRÍLICA EM PANOS DE FACHADA SEM PRESENÇA DE VÃOS, DE EDIFÍCIOS DE MÚLTIPLOS PAVIMENTOS, UMA DEMÃO. AF_03/2024",M2,Pintura Externa,15.2,sem_desoneracao,2026-06-12,928df42a952625eb12d41baf2b5ab17e1207af6e7881cb9f1c7fcac4708400e3,SINAPI_Referência_2026_05.xlsx!CSD!S8268,00406f7f404a9363965baf0b0a8fc3ce244951c47d4c907a49d6f8dbe3f36488,cpu_hierarquica_v1,0.0,ok,,15.2,0.0,SINAPI_Referência_2026_05.xlsx!Analítico!B52039,pintura,Pintura,pintura,15.214314511760001,0.5977762261145679,10,0.40222377388543196,2,0.0,0,0.0,0,0.240204548,0.0,12,0,0.09417441947369797,e9d44444dcf715e3168a110c82fca164c04d8b83cf955e468f66557bee2d75dd,aplicacao manual de massa acrilica em panos de fachada sem presenca de vaos de edificios de multiplos pavimentos # demao,v_29a00cbea26cfa8f
sinapi_es,2026-05,96128,"APLICAÇÃO MANUAL DE MASSA ACRÍLICA EM SUPERFÍCIES EXTERNAS DE SACADA DE EDIFÍCIOS DE MÚLTIPLOS PAVIMENTOS, UMA DEMÃO. AF_03/2024",M2,Pintura Externa,39.33,sem_desoneracao,2026-06-12,928df42a952625eb12d41baf2b5ab17e1207af6e7881cb9f1c7fcac4708400e3,SINAPI_Referência_2026_05.xlsx!CSD!S8272,9ff055ba656162562db5d997ad9b9356e0c6cd748db6935569dea0b39da75020,cpu_hierarquica_v1,0.0,ok,,39.33,0.0,SINAPI_Referência_2026_05.xlsx!Analítico!B52059,pintura,Pintura,pintura,39.34909653896,0.8444803175101886,10,0.15551968248981152,2,0.0,0,0.0,0,0.877635288,0.0,12,0,0.04855463757945467,e9d44444dcf715e3168a110c82fca164c04d8b83cf955e468f66557bee2d75dd,aplicacao manual de massa acrilica em superficies externas de sacada de edificios de multiplos pavimentos # demao,v_29a00cbea26cfa8f
sinapi_es,2026-05,96129,"APLICAÇÃO MANUAL DE MASSA ACRÍLICA EM SUPERFÍCIES INTERNAS DE SACADA DE EDIFÍCIOS DE MÚLTIPLOS PAVIMENTOS, UMA DEMÃO. AF_03/2024",M2,Pintura Externa,46.21,sem_desoneracao,2026-06-12,928df42a952625eb12d41baf2b5ab17e1207af6e7881cb9f1c7fcac4708400e3,SINAPI_Referência_2026_05.xlsx!CSD!S8274,bb77db815232eb210841c98e9aa09c75648b46521e8475cb80d3563217564001,cpu_hierarquica_v1,0.0,ok,,46.21,0.0,SINAPI_Referência_2026_05.xlsx!Analítico!B52069,pintura,Pintura,pintura,46.23965645544,0.8370631060535567,10,0.1629368939464433,2,0.0,0,0.0,0,1.022265912,0.0,12,0,0.06417757074225891,e9d44444dcf715e3168a110c82fca164c04d8b83cf955e468f66557bee2d75dd,aplicacao manual de massa acrilica em superficies internas de sacada de edificios de multiplos pavimentos # demao,v_29a00cbea26cfa8f
sinapi_es,2026-05,96130,"APLICAÇÃO MANUAL DE MASSA ACRÍLICA EM PAREDES EXTERNAS DE CASAS, UMA DEMÃO. AF_03/2024",M2,Pintura Externa,25.65,sem_desoneracao,2026-06-12,928df42a952625eb12d41baf2b5ab17e1207af6e7881cb9f1c7fcac4708400e3,SINAPI_Referência_2026_05.xlsx!CSD!S8270,88b6fa345b9dc8e0725c73522847359049d8b2439a4b2880dcb2fcf1529c9e17,cpu_hierarquica_v1,0.0,ok,,25.65,0.0,SINAPI_Referência_2026_05.xlsx!Analítico!B52049,pintura,Pintura,pintura,25.67393891424,0.7531101861240197,10,0.24688981387598025,2,0.0,0,0.0,0,0.510675992,0.0,12,0,0.09332910035088562,e9d44444dcf715e3168a110c82fca164c04d8b83cf955e468f66557bee2d75dd,aplicacao manual de massa acrilica em paredes externas de casas # demao,v_29a00cbea26cfa8f
sinapi_es,2026-05,96131,"APLICAÇÃO MANUAL DE MASSA ACRÍLICA EM PANOS DE FACHADA COM PRESENÇA DE VÃOS, DE EDIFÍCIOS DE MÚLTIPLOS PAVIMENTOS, DUAS DEMÃOS. AF_03/2024",M2,Pintura Externa,37.23,sem_desoneracao,2026-06-12,928df42a952625eb12d41baf2b5ab17e1207af6e7881cb9f1c7fcac4708400e3,SINAPI_Referência_2026_05.xlsx!CSD!S8265,f92772b671ab02520642dd54a43fcee0cb9d919858ae7221c3799dd3ab644638,cpu_hierarquica_v1,0.0,ok,,37.23,0.0,SINAPI_Referência_2026_05.xlsx!Analítico!B52024,pintura,Pintura,pintura,37.25608006464,0.6762889713819779,10,0.32371102861802203,2,0.0,0,0.0,0,0.665463232,0.0,12,0,0.07005120773571226,e9d44444dcf715e3168a110c82fca164c04d8b83cf955e468f66557bee2d75dd,aplicacao manual de massa acrilica em panos de fachada com presenca de vaos de edificios de multiplos pavimentos # demaos,v_29a00cbea26cfa8f
sinapi_es,2026-05,96132,"APLICAÇÃO MANUAL DE MASSA ACRÍLICA EM PANOS DE FACHADA SEM PRESENÇA DE VÃOS, DE EDIFÍCIOS DE MÚLTIPLOS PAVIMENTOS, DUAS DEMÃOS. AF_03/2024",M2,Pintura Externa,24.59,sem_desoneracao,2026-06-12,928df42a952625eb12d41baf2b5ab17e1207af6e7881cb9f1c7fcac4708400e3,SINAPI_Referência_2026_05.xlsx!CSD!S8267,118141423513c1f24ed7d973221f562dd9e2c97bd5abf5c5a637e551574c8fa9,cpu_hierarquica_v1,0.0,ok,,24.59,0.0,SINAPI_Referência_2026_05.xlsx!Analítico!B52034,pintura,Pintura,pintura,24.6041259008,0.542682798593786,10,0.45731720140621407,2,0.0,0,0.0,0,0.3526383,0.0,12,0,0.05744571289141874,e9d44444dcf715e3168a110c82fca164c04d8b83cf955e468f66557bee2d75dd,aplicacao manual de massa acrilica em panos de fachada sem presenca de vaos de edificios de multiplos pavimentos # demaos,v_29a00cbea26cfa8f
sinapi_es,2026-05,96133,"APLICAÇÃO MANUAL DE MASSA ACRÍLICA EM SUPERFÍCIES EXTERNAS DE SACADA DE EDIFÍCIOS DE MÚLTIPLOS PAVIMENTOS, DUAS DEMÃOS. AF_03/2024",M2,Pintura Externa,60.0,sem_desoneracao,2026-06-12,928df42a952625eb12d41baf2b5ab17e1207af6e7881cb9f1c7fcac4708400e3,SINAPI_Referência_2026_05.xlsx!CSD!S8271,8cafece627a0b82b7e562c67fefb1368c82f7e87be55c94b0aaa8111c6c54e7e,cpu_hierarquica_v1,0.0,ok,,60.0,0.0,SINAPI_Referência_2026_05.xlsx!Analítico!B52054,pintura,Pintura,pintura,60.02965317408001,0.8125611359544149,10,0.18743886404558496,2,0.0,0,0.0,0,1.288267904,0.0,12,0,0.0494219568000176,e9d44444dcf715e3168a110c82fca164c04d8b83cf955e468f66557bee2d75dd,aplicacao manual de massa acrilica em superficies externas de sacada de edificios de multiplos pavimentos # demaos,v_29a00cbea26cfa8f
sinapi_es,2026-05,96134,"APLICAÇÃO MANUAL DE MASSA ACRÍLICA EM SUPERFÍCIES INTERNAS DE SACADA DE EDIFÍCIOS DE MÚLTIPLOS PAVIMENTOS, DUAS DEMÃOS. AF_03/2024",M2,Pintura Externa,70.65,sem_desoneracao,2026-06-12,928df42a952625eb12d41baf2b5ab17e1207af6e7881cb9f1c7fcac4708400e3,SINAPI_Referência_2026_05.xlsx!CSD!S8273,34481759c2ac24ff6fb7455af4c5d7c9e9ae255c61e6261e8b66689b9534f78d,cpu_hierarquica_v1,0.0,ok,,70.65,0.0,SINAPI_Referência_2026_05.xlsx!Analítico!B52064,pintura,Pintura,pintura,70.67251323672,0.8039663489312328,10,0.19603365106876722,2,0.0,0,0.0,0,1.500643556,0.0,12,0,0.03186586938427122,e9d44444dcf715e3168a110c82fca164c04d8b83cf955e468f66557bee2d75dd,aplicacao manual de massa acrilica em superficies internas de sacada de edificios de multiplos pavimentos # demaos,v_29a00cbea26cfa8f
sinapi_es,2026-05,96135,"APLICAÇÃO MANUAL DE MASSA ACRÍLICA EM PAREDES EXTERNAS DE CASAS, DUAS DEMÃOS. AF_03/2024",M2,Pintura Externa,40.01,sem_desoneracao,2026-06-12,928df42a952625eb12d41baf2b5ab17e1207af6e7881cb9f1c7fcac4708400e3,SINAPI_Referência_2026_05.xlsx!CSD!S8269,f2cc5340a3f477c35129744b296814b61e86d1fe25be6b945f08e42e30fe4aec,cpu_hierarquica_v1,0.0,ok,,40.01,0.0,SINAPI_Referência_2026_05.xlsx!Analítico!B52044,pintura,Pintura,pintura,40.03625629968,0.7088640103422167,10,0.29113598965778337,2,0.0,0,0.0,0,0.749560064,0.0,12,0,0.06562434311422141,e9d44444dcf715e3168a110c82fca164c04d8b83cf955e468f66557bee2d75dd,aplicacao manual de massa acrilica em paredes externas de casas # demaos,v_29a00cbea26cfa8f
sinapi_es,2026-05,96485,"FORRO EM RÉGUAS DE PVC, LISO, PARA AMBIENTES RESIDENCIAIS, INCLUSIVE ESTRUTURA UNIDIRECIONAL DE FIXAÇÃO. AF_08/2023_PS",M2,Forros,75.79,sem_desoneracao,2026-06-12,928df42a952625eb12d41baf2b5ab17e1207af6e7881cb9f1c7fcac4708400e3,SINAPI_Referência_2026_05.xlsx!CSD!S4205,f7e807f0dba91f77b0cea730a8c0c61b5dc554ae810e3d9d8b532a74c7212d85,cpu_hierarquica_v1,0.0,ok,,75.79,0.0,SINAPI_Referência_2026_05.xlsx!Analítico!B25749,revestimentos_forros,Revestimentos e forros,revestimentos_forros,75.82094524752,0.34977914296561025,7,0.6502208570343897,6,0.0,0,0.0,0,0.704841072,0.0,13,0,0.040830251378802904,f488a1ac4b9bd7133625cc0ca02f8d25321f96d40d3e830ca970a2fbff96c384,forro em reguas de pvc liso para ambientes residenciais inclusive estrutura unidirecional de fixacao ps,v_b39b096ee998c485
sinapi_es,2026-05,96486,"FORRO EM RÉGUAS DE PVC, LISO, PARA AMBIENTES COMERCIAIS, INCLUSIVE ESTRUTURA BIDIRECIONAL DE FIXAÇÃO. AF_08/2023_PS",M2,Forros,76.33,sem_desoneracao,2026-06-12,928df42a952625eb12d41baf2b5ab17e1207af6e7881cb9f1c7fcac4708400e3,SINAPI_Referência_2026_05.xlsx!CSD!S4204,ae17b5ddb93f1be3ac3c7bc1c1d577578f340995dbe4f7d9375f0ea3b6cf5c55,cpu_hierarquica_v1,0.0,ok,,76.33,0.0,SINAPI_Referência_2026_05.xlsx!Analítico!B25740,revestimentos_forros,Revestimentos e forros,revestimentos_forros,76.37146884,0.29901644143891776,7,0.7009835585610821,7,0.0,0,0.0,0,0.606924,0.0,14,0,0.05432836368401335,138eb990ed8dcd42b841899f3d26123ada7e5975618c27bafe79422bd6658d6e,forro em reguas de pvc liso para ambientes comerciais inclusive estrutura bidirecional de fixacao ps,v_b9962d5b55654a36
sinapi_es,2026-05,98671,PISO EM GRANITO APLICADO EM AMBIENTES INTERNOS. AF_02/2026,M2,Pisos,262.83,sem_desoneracao,2026-06-12,928df42a952625eb12d41baf2b5ab17e1207af6e7881cb9f1c7fcac4708400e3,SINAPI_Referência_2026_05.xlsx!CSD!S8439,968d42690c57dc192c496777f4b0baca185bc885d39894fa104dbbb14d7a1e51,cpu_hierarquica_v1,0.0,ok,,262.83,0.0,SINAPI_Referência_2026_05.xlsx!Analítico!B52833,pisos,Pisos e acabamentos de borda,pisos,262.8582042861293,0.1971960678454065,10,0.8028039321545933,3,0.0,0,0.0,0,1.5560886822720001,0.0,13,0,0.010730999554587933,4463fe533c9a159fb3ccde7e6a68f40c1331006127c2c51b168bdd6e56fbd9f8,piso em granito aplicado em ambientes internos,v_13defaf081a8e3b6
sinapi_es,2026-05,98672,PISO EM MÁRMORE APLICADO EM AMBIENTES INTERNOS. AF_02/2026,M2,Pisos,310.66,sem_desoneracao,2026-06-12,928df42a952625eb12d41baf2b5ab17e1207af6e7881cb9f1c7fcac4708400e3,SINAPI_Referência_2026_05.xlsx!CSD!S8442,d856db4242ee07c27eb8fc0be7e52e4321b4c150b4f44721c887018514ded3e5,cpu_hierarquica_v1,0.0,ok,,310.66,0.0,SINAPI_Referência_2026_05.xlsx!Analítico!B52853,pisos,Pisos e acabamentos de borda,pisos,310.6850042861293,0.1668397366175792,10,0.8331602633824209,3,0.0,0,0.0,0,1.5560886822720001,0.0,13,0,0.008048762676004016,f88301c27098848b10d36e7d0ebc2b8480f2dd00df06402182e7b2da4e2c833f,piso em marmore aplicado em ambientes internos,v_f2b58aa74dd0306e
sinapi_es,2026-05,98679,"PISO CIMENTADO, TRAÇO 1:5 (CIMENTO E AREIA), ACABAMENTO LISO, ESPESSURA 2,0 CM, PREPARO MECÂNICO DA ARGAMASSA. AF_02/2026",M2,Pisos,38.55,sem_desoneracao,2026-06-12,928df42a952625eb12d41baf2b5ab17e1207af6e7881cb9f1c7fcac4708400e3,SINAPI_Referência_2026_05.xlsx!CSD!S8422,a3519be328f5fe3c26d92d1bfc558878260a07b813875dbb35a30af2eaa14e4f,cpu_hierarquica_v1,0.0361,ok,,38.55,0.0,SINAPI_Referência_2026_05.xlsx!Analítico!B52728,pisos,Pisos e acabamentos de borda,pisos,38.56496091842,0.6251474503090909,13,0.3721925203130237,3,0.0016664850026932958,1,0.0009935443751921168,1,0.71885137976,0.0,18,1,0.038809126900134085,a93453389ca706870c20347e4545f176eeef6a1f5a31c60d3f594dd00baa6c54,piso cimentado traco # # cimento e areia acabamento liso espessura # cm preparo mecanico da argamassa,v_8ef16f32e3aa1ae0
sinapi_es,2026-05,98680,"PISO CIMENTADO, TRAÇO 1:5 (CIMENTO E AREIA), ACABAMENTO LISO, ESPESSURA 3,0 CM, PREPARO MECÂNICO DA ARGAMASSA. AF_02/2026",M2,Pisos,47.0,sem_desoneracao,2026-06-12,928df42a952625eb12d41baf2b5ab17e1207af6e7881cb9f1c7fcac4708400e3,SINAPI_Referência_2026_05.xlsx!CSD!S8423,035550c658c0ceaf3cfcb48aaa8cbafd49ee2d3d7a6fee1f9dce5f43624825d8,cpu_hierarquica_v1,0.0296,ok,,47.0,0.0,SINAPI_Referência_2026_05.xlsx!Analítico!B52734,pisos,Pisos e acabamentos de borda,pisos,47.0221674238824,0.5870121515700942,13,0.40995470979096765,3,0.0019002346721818237,1,0.0011329039667564013,1,0.82097034136,0.0,18,1,0.04716473166468252,a93453389ca706870c20347e4545f176eeef6a1f5a31c60d3f594dd00baa6c54,piso cimentado traco # # cimento e areia acabamento liso espessura # cm preparo mecanico da argamassa,v_8ef16f32e3aa1ae0
sinapi_es,2026-05,98681,"PISO CIMENTADO, TRAÇO 1:5 (CIMENTO E AREIA), ACABAMENTO RUGOSO, ESPESSURA 2,0 CM, PREPARO MECÂNICO DA ARGAMASSA. AF_02/2026",M2,Pisos,33.63,sem_desoneracao,2026-06-12,928df42a952625eb12d41baf2b5ab17e1207af6e7881cb9f1c7fcac4708400e3,SINAPI_Referência_2026_05.xlsx!CSD!S8425,acbef16efe4dd766179e3612fcfbaf3b9c35859317e9bd8d50b1570e4505b1fb,cpu_hierarquica_v1,0.0413,ok,,33.63,0.0,SINAPI_Referência_2026_05.xlsx!Analítico!B52746,pisos,Pisos e acabamentos de borda,pisos,33.640092505748804,0.5806737473569854,13,0.41627679821650043,3,0.001910456369554191,1,0.0011389980569599244,1,0.58085315168,0.0,18,1,0.03001042446863298,a93453389ca706870c20347e4545f176eeef6a1f5a31c60d3f594dd00baa6c54,piso cimentado traco # # cimento e areia acabamento rugoso espessura # cm preparo mecanico da argamassa,v_8ef16f32e3aa1ae0
sinapi_es,2026-05,98682,"PISO CIMENTADO, TRAÇO 1:5 (CIMENTO E AREIA), ACABAMENTO RUGOSO, ESPESSURA 3,0 CM, PREPARO MECÂNICO DA ARGAMASSA. AF_02/2026",M2,Pisos,42.09,sem_desoneracao,2026-06-12,928df42a952625eb12d41baf2b5ab17e1207af6e7881cb9f1c7fcac4708400e3,SINAPI_Referência_2026_05.xlsx!CSD!S8426,1448c700c463e7c3baa683073dda3fd35c80d65beaa0765a535dd7bcf2e35dc4,cpu_hierarquica_v1,0.033,ok,,42.09,0.0,SINAPI_Referência_2026_05.xlsx!Analítico!B52751,pisos,Pisos e acabamentos de borda,pisos,42.0972997433056,0.5470117116969602,13,0.44960030964954717,3,0.002122538819469273,1,0.0012654398340233536,1,0.68297211328,0.0,18,1,0.01734317725254116,a93453389ca706870c20347e4545f176eeef6a1f5a31c60d3f594dd00baa6c54,piso cimentado traco # # cimento e areia acabamento rugoso espessura # cm preparo mecanico da argamassa,v_8ef16f32e3aa1ae0
sinapi_es,2026-05,99054,"ACABAMENTOS PARA FORRO (SANCA DE GESSO, MONTADA NA OBRA). AF_08/2023_PS",M2,Forros,64.59,sem_desoneracao,2026-06-12,928df42a952625eb12d41baf2b5ab17e1207af6e7881cb9f1c7fcac4708400e3,SINAPI_Referência_2026_05.xlsx!CSD!S4194,c9c91d1c7f9eb70e8be6eaa0e257d6157c49bbc46029c51ad8e69c531ea95d9a,cpu_hierarquica_v1,0.0,ok,,64.59,0.0,SINAPI_Referência_2026_05.xlsx!Analítico!B25651,revestimentos_forros,Revestimentos e forros,revestimentos_forros,64.65429131744,0.777146115031139,10,0.22285388496886097,6,0.0,0,0.0,0,1.750988436,0.0,16,0,0.09953757151261039,d3bebeb44cd22262d3ad993705f4f49bd51a9536aec2828e2a9ea027cd34ce30,acabamentos para forro sanca de gesso montada na obra ps,v_081f4cd3cef51749
