fonte,grupo,unidade,fase,modelo,modelo_selecionado,n,n_servicos,n_alteracoes_tecnicas_alvo,mse,mae,rmse,r2,r2_status,ganho_mse_percentual
der_es,APARELHOS ELÉTRICOS / AR REFRIGERADO,und,validacao,persistencia,False,16,8,0,503389.1820500005,177.98750000000018,709.4992473921311,0.9433039574133275,calculado,0.0
der_es,APARELHOS ELÉTRICOS / AR REFRIGERADO,und,validacao,linear_simples,True,16,8,0,539992.5289875388,224.65421407788153,734.841839437262,0.9391813719649591,calculado,-7.271381317428174
der_es,APARELHOS ELÉTRICOS / AR REFRIGERADO,und,validacao,linear_multipla,False,16,8,0,543740.2872375917,229.90188611402363,737.3874742885125,0.9387592670232433,calculado,-8.015886440639319
der_es,APARELHOS ELÉTRICOS / AR REFRIGERADO,und,teste,persistencia,False,24,8,0,240023.6897125001,234.70875,489.92212617159896,0.9694081127295086,calculado,0.0
der_es,APARELHOS ELÉTRICOS / AR REFRIGERADO,und,teste,linear_simples,True,24,8,0,244843.0720865991,251.13944592839607,494.8162003073455,0.9687938650172164,calculado,-2.0078777973422692
der_es,APARELHOS ELÉTRICOS / AR REFRIGERADO,und,teste,linear_multipla,False,24,8,0,245651.38833027458,252.10007082646712,495.6323116285646,0.9686908421887821,calculado,-2.3446429910794704
der_es,APARELHOS ELÉTRICOS / BOMBAS,und,validacao,persistencia,False,10,5,0,0.0,0.0,0.0,1.0,calculado,
der_es,APARELHOS ELÉTRICOS / BOMBAS,und,validacao,linear_simples,True,10,5,0,6955.5994465007725,79.7349893378143,83.40023648947749,0.9966815387381308,calculado,
der_es,APARELHOS ELÉTRICOS / BOMBAS,und,validacao,linear_multipla,False,10,5,0,19194.682856347416,126.93255646277666,138.54487668747413,0.990842369233223,calculado,
der_es,APARELHOS ELÉTRICOS / BOMBAS,und,teste,persistencia,False,15,5,0,44154.43043333332,91.13799999999998,210.12955630594502,0.983211787312638,calculado,0.0
der_es,APARELHOS ELÉTRICOS / BOMBAS,und,teste,linear_simples,True,15,5,0,35560.04468255357,117.05880593973461,188.57371153624138,0.9864795086825053,calculado,19.46437914934948
der_es,APARELHOS ELÉTRICOS / BOMBAS,und,teste,linear_multipla,False,15,5,0,31518.401315528106,114.44025756534934,177.53422575810026,0.9880162054032237,calculado,28.617805719142392
der_es,APARELHOS ELÉTRICOS / INTERRUPTORES E TOMADAS,und,validacao,persistencia,False,28,14,0,0.0,0.0,0.0,1.0,calculado,
der_es,APARELHOS ELÉTRICOS / INTERRUPTORES E TOMADAS,und,validacao,linear_simples,True,28,14,0,0.07808859438181351,0.2296140269406959,0.27944336524922814,0.9998983765396515,calculado,
der_es,APARELHOS ELÉTRICOS / INTERRUPTORES E TOMADAS,und,validacao,linear_multipla,False,28,14,0,0.094454907676662,0.2537988227344785,0.3073351715581248,0.9998770776367409,calculado,
der_es,APARELHOS ELÉTRICOS / INTERRUPTORES E TOMADAS,und,teste,persistencia,False,42,14,0,11.685945238095249,1.7588095238095232,3.4184711843301017,0.9874604160937754,calculado,0.0
der_es,APARELHOS ELÉTRICOS / INTERRUPTORES E TOMADAS,und,teste,linear_simples,True,42,14,0,12.08193398957209,1.8101925585631637,3.475907649747342,0.9870355010292347,calculado,-3.388589826571744
der_es,APARELHOS ELÉTRICOS / INTERRUPTORES E TOMADAS,und,teste,linear_multipla,False,42,14,0,12.671920606338203,1.888920697233893,3.559764122289313,0.9864024168812472,calculado,-8.437275275163477
der_es,APARELHOS ELÉTRICOS / LUMINARIAS PARA LÂMPADAS LED,und,validacao,persistencia,False,12,6,0,0.0,0.0,0.0,1.0,calculado,
der_es,APARELHOS ELÉTRICOS / LUMINARIAS PARA LÂMPADAS LED,und,validacao,linear_simples,True,12,6,0,1.4526710357552102,0.9499704515238155,1.2052680348184839,0.9991875891421419,calculado,
der_es,APARELHOS ELÉTRICOS / LUMINARIAS PARA LÂMPADAS LED,und,validacao,linear_multipla,False,12,6,0,2.9242695703849715,1.446775340624986,1.710049581265108,0.9983645930208488,calculado,
der_es,APARELHOS ELÉTRICOS / LUMINARIAS PARA LÂMPADAS LED,und,teste,persistencia,False,18,6,0,115.50450555555565,6.522777777777776,10.74730224547331,0.9494439923715281,calculado,0.0
der_es,APARELHOS ELÉTRICOS / LUMINARIAS PARA LÂMPADAS LED,und,teste,linear_simples,True,18,6,0,130.2706203930034,7.3823655840483395,11.413615570580752,0.9429809041069249,calculado,-12.784016317307652
der_es,APARELHOS ELÉTRICOS / LUMINARIAS PARA LÂMPADAS LED,und,teste,linear_multipla,False,18,6,0,167.69983473261283,9.52130535548816,12.949897093514405,0.9265982388889794,calculado,-45.18899840833666
der_es,APARELHOS ELÉTRICOS / LUMINÁRIAS,und,validacao,persistencia,False,6,3,0,0.0,0.0,0.0,1.0,calculado,
der_es,APARELHOS ELÉTRICOS / LUMINÁRIAS,und,validacao,linear_simples,False,6,3,0,4.102192207836921,1.2781242708498155,2.025386927931777,0.9998765741479752,calculado,
der_es,APARELHOS ELÉTRICOS / LUMINÁRIAS,und,validacao,linear_multipla,True,6,3,0,4.072640059803999,1.2788213100218353,2.0180783086401775,0.9998774633064702,calculado,
der_es,APARELHOS ELÉTRICOS / LUMINÁRIAS,und,teste,persistencia,False,9,3,0,96.01542222222236,5.442222222222224,9.798745951509426,0.9973879110087479,calculado,0.0
der_es,APARELHOS ELÉTRICOS / LUMINÁRIAS,und,teste,linear_simples,False,9,3,0,119.36813125250029,6.434718947217653,10.92557235354287,0.9967526031304705,calculado,-24.321831316045657
der_es,APARELHOS ELÉTRICOS / LUMINÁRIAS,und,teste,linear_multipla,True,9,3,0,118.69693406553249,6.39136116626434,10.894812254717035,0.9967708629760501,calculado,-23.62277988093937
der_es,APARELHOS ELÉTRICOS / OUTROS APARELHOS,und,validacao,persistencia,False,6,3,0,0.0,0.0,0.0,1.0,calculado,
der_es,APARELHOS ELÉTRICOS / OUTROS APARELHOS,und,validacao,linear_simples,True,6,3,0,367.79641266825246,12.399952041080473,19.178018997494306,0.9979306159723182,calculado,
der_es,APARELHOS ELÉTRICOS / OUTROS APARELHOS,und,validacao,linear_multipla,False,6,3,0,1306.645974689983,22.174997936158224,36.14755835032268,0.9926482363157332,calculado,
der_es,APARELHOS ELÉTRICOS / OUTROS APARELHOS,und,teste,persistencia,False,9,3,0,535.3341222222205,9.82333333333333,23.137288566775073,0.9972442607331262,calculado,0.0
der_es,APARELHOS ELÉTRICOS / OUTROS APARELHOS,und,teste,linear_simples,True,9,3,0,363.2631910441144,12.550045736900374,19.059464605390005,0.9981300302031662,calculado,32.142716863222546
der_es,APARELHOS ELÉTRICOS / OUTROS APARELHOS,und,teste,linear_multipla,False,9,3,0,349.09009094758323,12.682846578049439,18.683952765611007,0.9982029890653945,calculado,34.79024099968098
der_es,APARELHOS HIDRO-SANITÁRIOS / ACESSIBILIDADE - NBR 9050,und,validacao,persistencia,False,22,11,0,0.021640909090912513,0.03136363636363884,0.14710849428538283,0.999999967433876,calculado,0.0
der_es,APARELHOS HIDRO-SANITÁRIOS / ACESSIBILIDADE - NBR 9050,und,validacao,linear_simples,True,22,11,0,31.78538105557183,4.643592093836642,5.637852521623089,0.99995216806022,calculado,-146776.36698644605
der_es,APARELHOS HIDRO-SANITÁRIOS / ACESSIBILIDADE - NBR 9050,und,validacao,linear_multipla,False,22,11,0,45.424236649481834,5.44525804536016,6.739750488666612,0.9999316437532031,calculado,-209799.85429288854
der_es,APARELHOS HIDRO-SANITÁRIOS / ACESSIBILIDADE - NBR 9050,und,teste,persistencia,False,33,11,0,3796.6649484848504,23.501515151515136,61.617083252007724,0.9944613117825433,calculado,0.0
der_es,APARELHOS HIDRO-SANITÁRIOS / ACESSIBILIDADE - NBR 9050,und,teste,linear_simples,True,33,11,0,3819.3467795209376,24.755458342637013,61.8008639059434,0.9944282228500158,calculado,-0.5974146084483696
der_es,APARELHOS HIDRO-SANITÁRIOS / ACESSIBILIDADE - NBR 9050,und,teste,linear_multipla,False,33,11,0,3842.045585358253,25.871637330971748,61.98423658768617,0.9943951091541412,calculado,-1.1952763145853273
der_es,APARELHOS HIDRO-SANITÁRIOS / BANCADAS,m2,validacao,persistencia,False,6,3,0,0.0037999999999990563,0.036666666666654635,0.06164414002968211,0.9999999532327796,calculado,0.0
der_es,APARELHOS HIDRO-SANITÁRIOS / BANCADAS,m2,validacao,linear_simples,True,6,3,0,58.60280912364843,7.438368794204226,7.655247162805942,0.9992787656597095,calculado,-1542079.1874648153
der_es,APARELHOS HIDRO-SANITÁRIOS / BANCADAS,m2,validacao,linear_multipla,False,6,3,0,135.54882148813343,10.91587107182933,11.642543600439444,0.9983317785221374,calculado,-3566974.249688607
der_es,APARELHOS HIDRO-SANITÁRIOS / BANCADAS,m2,teste,persistencia,False,9,3,0,2606.0504444444423,25.15777777777778,51.04949014872178,0.9753666271769188,calculado,0.0
der_es,APARELHOS HIDRO-SANITÁRIOS / BANCADAS,m2,teste,linear_simples,True,9,3,0,2313.969422738506,24.72164561904751,48.103736058008074,0.9781274872813603,calculado,11.207803836974534
der_es,APARELHOS HIDRO-SANITÁRIOS / BANCADAS,m2,teste,linear_multipla,False,9,3,0,2238.0114025395446,24.558387432225167,47.307625205029524,0.9788454711693748,calculado,14.122483418902362
der_es,APARELHOS HIDRO-SANITÁRIOS / LOUÇAS,und,validacao,persistencia,False,44,22,0,1.8181818181823867e-05,0.0009090909090910512,0.004264014327112875,0.9999999999830024,calculado,0.0
der_es,APARELHOS HIDRO-SANITÁRIOS / LOUÇAS,und,validacao,linear_simples,True,44,22,0,142.14330395560336,7.596009280552976,11.922386671954712,0.9998671147375965,calculado,-781788071.755574
der_es,APARELHOS HIDRO-SANITÁRIOS / LOUÇAS,und,validacao,linear_multipla,False,44,22,0,243.3870471074797,9.825114798444888,15.60086687038511,0.9997724651761958,calculado,-1338628659.0907197
der_es,APARELHOS HIDRO-SANITÁRIOS / LOUÇAS,und,teste,persistencia,False,66,22,0,3142.051662121212,21.10530303030303,56.05400665537845,0.9969228215384849,calculado,0.0
der_es,APARELHOS HIDRO-SANITÁRIOS / LOUÇAS,und,teste,linear_simples,True,66,22,0,3377.0577282240997,23.01531753694802,58.112457599245445,0.9966926675872768,calculado,-7.479382625562379
der_es,APARELHOS HIDRO-SANITÁRIOS / LOUÇAS,und,teste,linear_multipla,False,66,22,0,3499.349799245831,24.91651449543038,59.15530237642126,0.9965729004518414,calculado,-11.371491482205794
der_es,APARELHOS HIDRO-SANITÁRIOS / OUTROS APARELHOS,m,validacao,persistencia,False,8,4,0,14.090512499999239,1.5562499999999204,3.7537331418201854,0.9997133531734218,calculado,0.0
der_es,APARELHOS HIDRO-SANITÁRIOS / OUTROS APARELHOS,m,validacao,linear_simples,True,8,4,0,147.75087992270443,11.635263852983485,12.155281976272883,0.9969942668264209,calculado,-948.5841442794391
der_es,APARELHOS HIDRO-SANITÁRIOS / OUTROS APARELHOS,m,validacao,linear_multipla,False,8,4,0,389.24213808122556,18.31965567362795,19.729220412404175,0.9920815496489925,calculado,-2662.4413099328117
der_es,APARELHOS HIDRO-SANITÁRIOS / OUTROS APARELHOS,m,teste,persistencia,False,12,4,0,3156.4204083333357,33.95750000000002,56.1820292294016,0.9155805483278207,calculado,0.0
der_es,APARELHOS HIDRO-SANITÁRIOS / OUTROS APARELHOS,m,teste,linear_simples,True,12,4,0,3336.6596602669647,36.445615038633434,57.763826572232595,0.9107599931261532,calculado,-5.710242255999086
der_es,APARELHOS HIDRO-SANITÁRIOS / OUTROS APARELHOS,m,teste,linear_multipla,False,12,4,0,3499.868935480755,38.53568940872022,59.15969012326514,0.9063949099816563,calculado,-10.88095002302841
der_es,APARELHOS HIDRO-SANITÁRIOS / OUTROS APARELHOS,und,validacao,persistencia,False,62,31,0,0.6259983870964791,0.1982258064515722,0.7912005985187822,0.99999995796625,calculado,0.0
der_es,APARELHOS HIDRO-SANITÁRIOS / OUTROS APARELHOS,und,validacao,linear_simples,True,62,31,0,569.3132904107898,12.654289210068166,23.860286888694148,0.9999617724693811,calculado,-90844.84940310988
der_es,APARELHOS HIDRO-SANITÁRIOS / OUTROS APARELHOS,und,validacao,linear_multipla,False,62,31,0,665.9847320901688,13.47464015804527,25.80667998968811,0.9999552812973692,calculado,-106287.61150474449
der_es,APARELHOS HIDRO-SANITÁRIOS / OUTROS APARELHOS,und,teste,persistencia,False,93,31,0,10602.59328494624,41.07279569892474,102.96889474470551,0.999315438130891,calculado,0.0
der_es,APARELHOS HIDRO-SANITÁRIOS / OUTROS APARELHOS,und,teste,linear_simples,True,93,31,0,9107.553119728682,41.74646693526898,95.43350103464024,0.9994119661653433,calculado,14.100702771842098
der_es,APARELHOS HIDRO-SANITÁRIOS / OUTROS APARELHOS,und,teste,linear_multipla,False,93,31,0,9016.575802759256,41.829974200833064,94.95565176838741,0.999417840162438,calculado,14.958769421428636
der_es,"APARELHOS HIDRO-SANITÁRIOS / TORNEIRAS, REGISTROS, VÁLVULAS E METAIS",und,validacao,persistencia,False,100,50,0,0.0,0.0,0.0,1.0,calculado,
der_es,"APARELHOS HIDRO-SANITÁRIOS / TORNEIRAS, REGISTROS, VÁLVULAS E METAIS",und,validacao,linear_simples,True,100,50,0,3.307428678316265,1.55570028257565,1.8186337394638497,0.999957469888265,calculado,
der_es,"APARELHOS HIDRO-SANITÁRIOS / TORNEIRAS, REGISTROS, VÁLVULAS E METAIS",und,validacao,linear_multipla,False,100,50,0,3.39444075095846,1.57884115237866,1.842400811701531,0.9999563510030125,calculado,
der_es,"APARELHOS HIDRO-SANITÁRIOS / TORNEIRAS, REGISTROS, VÁLVULAS E METAIS",und,teste,persistencia,False,150,50,0,738.6309833333331,8.715133333333334,27.177766341870942,0.9905094809385294,calculado,0.0
der_es,"APARELHOS HIDRO-SANITÁRIOS / TORNEIRAS, REGISTROS, VÁLVULAS E METAIS",und,teste,linear_simples,True,150,50,0,732.401320905698,8.98319665225048,27.06291412441938,0.9905895246022127,calculado,0.8434065952015187
der_es,"APARELHOS HIDRO-SANITÁRIOS / TORNEIRAS, REGISTROS, VÁLVULAS E METAIS",und,teste,linear_multipla,False,150,50,0,732.7682446197085,9.023178803027863,27.069692362856813,0.9905848100741459,calculado,0.7937304074582568
der_es,COBERTURA / ESTRUTURA PARA TELHADO,m2,validacao,persistencia,False,10,5,0,9.99999999998181e-06,0.0009999999999990906,0.0031622776601655032,0.9999999991710841,calculado,0.0
der_es,COBERTURA / ESTRUTURA PARA TELHADO,m2,validacao,linear_simples,True,10,5,0,1.3456188428754026,1.1547028684130283,1.1600081219006195,0.9998884595097259,calculado,-13456088.428778503
der_es,COBERTURA / ESTRUTURA PARA TELHADO,m2,validacao,linear_multipla,False,10,5,0,1.8911001182223486,1.3742018841311903,1.375172759409649,0.9998432436975294,calculado,-18910901.182257887
der_es,COBERTURA / ESTRUTURA PARA TELHADO,m2,teste,persistencia,False,15,5,4,116.31224666666657,7.363333333333329,10.784815560159876,0.9903272090553003,calculado,0.0
der_es,COBERTURA / ESTRUTURA PARA TELHADO,m2,teste,linear_simples,True,15,5,4,125.1888025378446,7.942908584452285,11.188780207772632,0.9895890144824028,calculado,-7.631660573642691
der_es,COBERTURA / ESTRUTURA PARA TELHADO,m2,teste,linear_multipla,False,15,5,4,124.14125924786192,7.722307089275346,11.141869647768363,0.9896761305646719,calculado,-6.731030313284319
der_es,COBERTURA / REVISÕES E REPAROS,m2,validacao,persistencia,False,10,5,0,9.999999999996021e-06,0.000999999999999801,0.00316227766016775,0.9999999925544059,calculado,0.0
der_es,COBERTURA / REVISÕES E REPAROS,m2,validacao,linear_simples,True,10,5,0,0.26960861998488195,0.4123520861740939,0.5192385000988293,0.9997992603637725,calculado,-2695986.199849892
der_es,COBERTURA / REVISÕES E REPAROS,m2,validacao,linear_multipla,False,10,5,0,0.45684515749768356,0.5286634615876299,0.6759032160728957,0.9996598516370379,calculado,-4568351.574978653
der_es,COBERTURA / REVISÕES E REPAROS,m2,teste,persistencia,False,15,5,4,6.847840000000002,1.274666666666666,2.6168377863367844,0.9951141183865436,calculado,0.0
der_es,COBERTURA / REVISÕES E REPAROS,m2,teste,linear_simples,True,15,5,4,5.7843331444214,1.373674602174195,2.405064062436051,0.9958729224169321,calculado,15.53054474956485
der_es,COBERTURA / REVISÕES E REPAROS,m2,teste,linear_multipla,False,15,5,4,5.5911734464011955,1.3997394027267744,2.3645662279583535,0.9960107403882951,calculado,18.351283815024978
der_es,COBERTURA / RUFOS E CALHAS,m,validacao,persistencia,False,10,5,0,0.1226899999999996,0.16899999999999907,0.3502713234051563,0.9999851758207152,calculado,0.0
der_es,COBERTURA / RUFOS E CALHAS,m,validacao,linear_simples,True,10,5,0,4.361583730558206,1.9406798812854398,2.0884405020393104,0.9994730059565778,calculado,-3454.962695051121
der_es,COBERTURA / RUFOS E CALHAS,m,validacao,linear_multipla,False,10,5,0,7.180456903665086,2.4973037012483736,2.679637457505229,0.9991324119285458,calculado,-5752.520094274276
der_es,COBERTURA / RUFOS E CALHAS,m,teste,persistencia,False,15,5,3,139.71007333333327,6.7873333333333346,11.819901578834456,0.9828151796944529,calculado,0.0
der_es,COBERTURA / RUFOS E CALHAS,m,teste,linear_simples,True,15,5,3,148.99794832383893,7.483453077890468,12.206471575514316,0.9816727390749321,calculado,-6.647963721517619
der_es,COBERTURA / RUFOS E CALHAS,m,teste,linear_multipla,False,15,5,3,146.99658634394464,7.50910733049021,12.124214875361812,0.9819189134929268,calculado,-5.215452856592905
der_es,COBERTURA / TELHADO,m2,validacao,persistencia,False,14,7,0,28.898750000000028,3.102142857142858,5.375755760820987,0.9882224808753497,calculado,0.0
der_es,COBERTURA / TELHADO,m2,validacao,linear_simples,False,14,7,0,24.80077540576247,3.164482140716861,4.98003769119898,0.9898925868195848,calculado,14.180456228167499
der_es,COBERTURA / TELHADO,m2,validacao,linear_multipla,True,14,7,0,24.717574327647384,3.164855189129184,4.971677214748297,0.9899264949397869,calculado,14.46836168468408
der_es,COBERTURA / TELHADO,m2,teste,persistencia,False,21,7,6,9.539795238095241,1.4128571428571426,3.088655895061028,0.9965060773119754,calculado,0.0
der_es,COBERTURA / TELHADO,m2,teste,linear_simples,False,21,7,6,6.904146761916108,1.8125138553603732,2.627574311397512,0.9974713760189965,calculado,27.627935510127138
der_es,COBERTURA / TELHADO,m2,teste,linear_multipla,True,21,7,6,6.576365242016233,1.7246986462479281,2.564442481713371,0.9975914250620326,calculado,31.06387424590782
der_es,ESQUADRIAS DE MADEIRA / FERRAGENS,und,validacao,persistencia,False,16,8,0,0.0,0.0,0.0,1.0,calculado,
der_es,ESQUADRIAS DE MADEIRA / FERRAGENS,und,validacao,linear_simples,True,16,8,0,2.60977429607564,1.1388996460097813,1.6154795870191736,0.9996842912948662,calculado,
der_es,ESQUADRIAS DE MADEIRA / FERRAGENS,und,validacao,linear_multipla,False,16,8,0,4.004380570471676,1.3969148235910636,2.001094842947649,0.9995155834714644,calculado,
der_es,ESQUADRIAS DE MADEIRA / FERRAGENS,und,teste,persistencia,False,24,8,0,31.26025416666668,3.467916666666667,5.591087029072851,0.995981385433816,calculado,0.0
der_es,ESQUADRIAS DE MADEIRA / FERRAGENS,und,teste,linear_simples,True,24,8,0,35.2152719797267,3.6023194347480234,5.934245695935306,0.9954729541169002,calculado,-12.651905489870652
der_es,ESQUADRIAS DE MADEIRA / FERRAGENS,und,teste,linear_multipla,False,24,8,0,36.22675750783673,3.6283200591721028,6.018866795987159,0.9953429241288176,calculado,-15.887597441437036
der_es,ESQUADRIAS DE MADEIRA / MARCOS E ALIZARES,m,validacao,persistencia,False,8,4,0,2.499999999999005e-05,0.0024999999999995026,0.004999999999999005,0.9999999526871494,calculado,0.0
der_es,ESQUADRIAS DE MADEIRA / MARCOS E ALIZARES,m,validacao,linear_simples,True,8,4,0,0.3582669759960992,0.5677759422461399,0.5985540710713604,0.9993219747224782,calculado,-1432967.903984967
der_es,ESQUADRIAS DE MADEIRA / MARCOS E ALIZARES,m,validacao,linear_multipla,False,8,4,0,0.39366417124653286,0.59499341329657,0.6274266261855109,0.9992549850339465,calculado,-1574556.684986758
der_es,ESQUADRIAS DE MADEIRA / MARCOS E ALIZARES,m,teste,persistencia,False,12,4,0,7.983933333333333,1.7533333333333323,2.8255854850514313,0.9807791771396341,calculado,0.0
der_es,ESQUADRIAS DE MADEIRA / MARCOS E ALIZARES,m,teste,linear_simples,True,12,4,0,6.892370364307305,1.8023396715379196,2.62533242929487,0.9834070470870181,calculado,13.6719950361897
der_es,ESQUADRIAS DE MADEIRA / MARCOS E ALIZARES,m,teste,linear_multipla,False,12,4,0,6.710115203668632,1.7647613280522751,2.590389006243779,0.9838458150490949,calculado,15.954769115448952
der_es,ESQUADRIAS DE MADEIRA / MARCOS E ALIZARES,und,validacao,persistencia,False,8,4,0,0.0018000000000001363,0.030000000000001137,0.04242640687119446,0.9999766948866234,calculado,0.0
der_es,ESQUADRIAS DE MADEIRA / MARCOS E ALIZARES,und,validacao,linear_simples,True,8,4,0,30.249333551941483,3.4069260780303097,5.49993941347916,0.6083532511150532,calculado,-1680418.5306632884
der_es,ESQUADRIAS DE MADEIRA / MARCOS E ALIZARES,und,validacao,linear_multipla,False,8,4,0,34.33101891980929,3.8830306748193095,5.85926778017606,0.5555065065230858,calculado,-1907178.8288781492
der_es,ESQUADRIAS DE MADEIRA / MARCOS E ALIZARES,und,teste,persistencia,False,12,4,0,120.34489166666678,7.6475000000000035,10.970181934073235,0.19055867288361283,calculado,0.0
der_es,ESQUADRIAS DE MADEIRA / MARCOS E ALIZARES,und,teste,linear_simples,True,12,4,0,105.03256009180654,7.6389441368661535,10.248539412609318,0.29354961682439373,calculado,12.723707141033108
der_es,ESQUADRIAS DE MADEIRA / MARCOS E ALIZARES,und,teste,linear_multipla,False,12,4,0,107.1939951503936,8.075252674779184,10.353453295900533,0.2790117761394352,calculado,10.927673234937751
der_es,"ESQUADRIAS DE MADEIRA / PORTA EM MADEIRA DE LEI TIPO ANGELIM PEDRA OU EQUIV. C/ ENCHIMENTO EM MADEIRA DE 1ª QUALIDADE ESP 30MM, COM VISOR DE VIDRO, INCL. ALIZARES, DOBRADIÇAS E FECHADURAS EXT EM LATÃO CROMADO LAFONTE/EQUIV , EXCL. MARCO, NAS DIMENSÕES:",und,validacao,persistencia,False,6,3,0,0.0,0.0,0.0,1.0,calculado,
der_es,"ESQUADRIAS DE MADEIRA / PORTA EM MADEIRA DE LEI TIPO ANGELIM PEDRA OU EQUIV. C/ ENCHIMENTO EM MADEIRA DE 1ª QUALIDADE ESP 30MM, COM VISOR DE VIDRO, INCL. ALIZARES, DOBRADIÇAS E FECHADURAS EXT EM LATÃO CROMADO LAFONTE/EQUIV , EXCL. MARCO, NAS DIMENSÕES:",und,validacao,linear_simples,True,6,3,0,180.94871815034594,12.187360764544565,13.451718037126184,0.9415855536873577,calculado,
der_es,"ESQUADRIAS DE MADEIRA / PORTA EM MADEIRA DE LEI TIPO ANGELIM PEDRA OU EQUIV. C/ ENCHIMENTO EM MADEIRA DE 1ª QUALIDADE ESP 30MM, COM VISOR DE VIDRO, INCL. ALIZARES, DOBRADIÇAS E FECHADURAS EXT EM LATÃO CROMADO LAFONTE/EQUIV , EXCL. MARCO, NAS DIMENSÕES:",und,validacao,linear_multipla,False,6,3,0,681.5050945901784,25.296064601428498,26.105652540976223,0.7799943367012236,calculado,
der_es,"ESQUADRIAS DE MADEIRA / PORTA EM MADEIRA DE LEI TIPO ANGELIM PEDRA OU EQUIV. C/ ENCHIMENTO EM MADEIRA DE 1ª QUALIDADE ESP 30MM, COM VISOR DE VIDRO, INCL. ALIZARES, DOBRADIÇAS E FECHADURAS EXT EM LATÃO CROMADO LAFONTE/EQUIV , EXCL. MARCO, NAS DIMENSÕES:",und,teste,persistencia,False,9,3,0,619.8783111111135,17.857777777777805,24.897355504372616,0.5161203454475702,calculado,0.0
der_es,"ESQUADRIAS DE MADEIRA / PORTA EM MADEIRA DE LEI TIPO ANGELIM PEDRA OU EQUIV. C/ ENCHIMENTO EM MADEIRA DE 1ª QUALIDADE ESP 30MM, COM VISOR DE VIDRO, INCL. ALIZARES, DOBRADIÇAS E FECHADURAS EXT EM LATÃO CROMADO LAFONTE/EQUIV , EXCL. MARCO, NAS DIMENSÕES:",und,teste,linear_simples,True,9,3,0,401.9934580075493,18.229263081295056,20.049774512636027,0.6862021914521179,calculado,35.149617142276206
der_es,"ESQUADRIAS DE MADEIRA / PORTA EM MADEIRA DE LEI TIPO ANGELIM PEDRA OU EQUIV. C/ ENCHIMENTO EM MADEIRA DE 1ª QUALIDADE ESP 30MM, COM VISOR DE VIDRO, INCL. ALIZARES, DOBRADIÇAS E FECHADURAS EXT EM LATÃO CROMADO LAFONTE/EQUIV , EXCL. MARCO, NAS DIMENSÕES:",und,teste,linear_multipla,False,9,3,0,379.84830239839596,15.418611925796187,19.48969733983563,0.7034887944096557,calculado,38.72211761732248
der_es,"ESQUADRIAS DE MADEIRA / PORTA EM MADEIRA DE LEI TIPO ANGELIM PEDRA OU EQUIV.,ESP. 30 MM, MACIÇA C/ FRISO P/ VERNIZ, PADRÃO SEDU, COM VISOR, INCLUSIVE ALIZARES, DOBRADIÇAS E FECHADURA DE BOLA EXTERNA, EXCLUSIVE MARCO",und,validacao,persistencia,False,10,5,0,0.0,0.0,0.0,1.0,calculado,
der_es,"ESQUADRIAS DE MADEIRA / PORTA EM MADEIRA DE LEI TIPO ANGELIM PEDRA OU EQUIV.,ESP. 30 MM, MACIÇA C/ FRISO P/ VERNIZ, PADRÃO SEDU, COM VISOR, INCLUSIVE ALIZARES, DOBRADIÇAS E FECHADURA DE BOLA EXTERNA, EXCLUSIVE MARCO",und,validacao,linear_simples,True,10,5,0,33.562376080890026,5.669635076292525,5.793304418109757,0.9999007173574227,calculado,
der_es,"ESQUADRIAS DE MADEIRA / PORTA EM MADEIRA DE LEI TIPO ANGELIM PEDRA OU EQUIV.,ESP. 30 MM, MACIÇA C/ FRISO P/ VERNIZ, PADRÃO SEDU, COM VISOR, INCLUSIVE ALIZARES, DOBRADIÇAS E FECHADURA DE BOLA EXTERNA, EXCLUSIVE MARCO",und,validacao,linear_multipla,False,10,5,0,35.224963259621695,5.811540376148514,5.9350621950929625,0.9998957991702174,calculado,
der_es,"ESQUADRIAS DE MADEIRA / PORTA EM MADEIRA DE LEI TIPO ANGELIM PEDRA OU EQUIV.,ESP. 30 MM, MACIÇA C/ FRISO P/ VERNIZ, PADRÃO SEDU, COM VISOR, INCLUSIVE ALIZARES, DOBRADIÇAS E FECHADURA DE BOLA EXTERNA, EXCLUSIVE MARCO",und,teste,persistencia,False,15,5,0,54591.32369333336,128.9906666666667,233.64786259097977,0.8912511070351407,calculado,0.0
der_es,"ESQUADRIAS DE MADEIRA / PORTA EM MADEIRA DE LEI TIPO ANGELIM PEDRA OU EQUIV.,ESP. 30 MM, MACIÇA C/ FRISO P/ VERNIZ, PADRÃO SEDU, COM VISOR, INCLUSIVE ALIZARES, DOBRADIÇAS E FECHADURA DE BOLA EXTERNA, EXCLUSIVE MARCO",und,teste,linear_simples,True,15,5,0,54512.139600090064,130.00018402208315,233.4783493176403,0.8914088460657787,calculado,0.1450488610390058
der_es,"ESQUADRIAS DE MADEIRA / PORTA EM MADEIRA DE LEI TIPO ANGELIM PEDRA OU EQUIV.,ESP. 30 MM, MACIÇA C/ FRISO P/ VERNIZ, PADRÃO SEDU, COM VISOR, INCLUSIVE ALIZARES, DOBRADIÇAS E FECHADURA DE BOLA EXTERNA, EXCLUSIVE MARCO",und,teste,linear_multipla,False,15,5,0,54458.594575418036,128.37118892610565,233.36365307266263,0.8915155106740518,calculado,0.24313225790407805
der_es,"ESQUADRIAS DE MADEIRA / PORTA EM MADEIRA DE LEI TIPO ANGELIM PEDRA OU EQUIV.C/ENCHIMENTO EM MADEIRA 1A.QUALIDADE ESP. 30MM P/ PINTURA, INCLUSIVE ALIZARES, DOBRADIÇAS E FECHADURA EXTERNA, EXCLUSIVE MARCO",und,validacao,persistencia,False,8,4,0,0.0,0.0,0.0,1.0,calculado,
der_es,"ESQUADRIAS DE MADEIRA / PORTA EM MADEIRA DE LEI TIPO ANGELIM PEDRA OU EQUIV.C/ENCHIMENTO EM MADEIRA 1A.QUALIDADE ESP. 30MM P/ PINTURA, INCLUSIVE ALIZARES, DOBRADIÇAS E FECHADURA EXTERNA, EXCLUSIVE MARCO",und,validacao,linear_simples,False,8,4,0,239.2369142952151,15.172190824335246,15.467285291712152,0.6764660665953055,calculado,
der_es,"ESQUADRIAS DE MADEIRA / PORTA EM MADEIRA DE LEI TIPO ANGELIM PEDRA OU EQUIV.C/ENCHIMENTO EM MADEIRA 1A.QUALIDADE ESP. 30MM P/ PINTURA, INCLUSIVE ALIZARES, DOBRADIÇAS E FECHADURA EXTERNA, EXCLUSIVE MARCO",und,validacao,linear_multipla,True,8,4,0,227.42347623881244,14.849554429547936,15.080566177660984,0.692442062994859,calculado,
der_es,"ESQUADRIAS DE MADEIRA / PORTA EM MADEIRA DE LEI TIPO ANGELIM PEDRA OU EQUIV.C/ENCHIMENTO EM MADEIRA 1A.QUALIDADE ESP. 30MM P/ PINTURA, INCLUSIVE ALIZARES, DOBRADIÇAS E FECHADURA EXTERNA, EXCLUSIVE MARCO",und,teste,persistencia,False,12,4,0,5599.514208333335,47.144166666666656,74.8299018329794,-0.11179279699685729,calculado,0.0
der_es,"ESQUADRIAS DE MADEIRA / PORTA EM MADEIRA DE LEI TIPO ANGELIM PEDRA OU EQUIV.C/ENCHIMENTO EM MADEIRA 1A.QUALIDADE ESP. 30MM P/ PINTURA, INCLUSIVE ALIZARES, DOBRADIÇAS E FECHADURA EXTERNA, EXCLUSIVE MARCO",und,teste,linear_simples,False,12,4,0,6169.181393694099,63.41218109741174,78.54413659652832,-0.22490115779483522,calculado,-10.17351084694046
der_es,"ESQUADRIAS DE MADEIRA / PORTA EM MADEIRA DE LEI TIPO ANGELIM PEDRA OU EQUIV.C/ENCHIMENTO EM MADEIRA 1A.QUALIDADE ESP. 30MM P/ PINTURA, INCLUSIVE ALIZARES, DOBRADIÇAS E FECHADURA EXTERNA, EXCLUSIVE MARCO",und,teste,linear_multipla,True,12,4,0,5710.512839896815,58.26930894003579,75.56793526289319,-0.1338317586741271,calculado,-1.9822903815171977
der_es,"ESQUADRIAS DE MADEIRA / PORTA EM MADEIRA DE LEI TIPO ANGELIM PEDRA/EQUIV, ESP. 30MM C/ ACAB. LISO P/ PINTURA, INCL. FECHADURA TIPO ""LIVRE/OCUPADO"" E FERRAGENS P/ FIXAÇÃO EM GRANITO, EXCLUSIVE MARCO",und,validacao,persistencia,False,8,4,0,0.0,0.0,0.0,,alvo_constante,
der_es,"ESQUADRIAS DE MADEIRA / PORTA EM MADEIRA DE LEI TIPO ANGELIM PEDRA/EQUIV, ESP. 30MM C/ ACAB. LISO P/ PINTURA, INCL. FECHADURA TIPO ""LIVRE/OCUPADO"" E FERRAGENS P/ FIXAÇÃO EM GRANITO, EXCLUSIVE MARCO",und,validacao,linear_simples,True,8,4,0,2.0198535353454394,1.4212155133354827,1.4212155133354827,,alvo_constante,
der_es,"ESQUADRIAS DE MADEIRA / PORTA EM MADEIRA DE LEI TIPO ANGELIM PEDRA/EQUIV, ESP. 30MM C/ ACAB. LISO P/ PINTURA, INCL. FECHADURA TIPO ""LIVRE/OCUPADO"" E FERRAGENS P/ FIXAÇÃO EM GRANITO, EXCLUSIVE MARCO",und,validacao,linear_multipla,False,8,4,0,2002.0127090321564,44.74385666247554,44.74385666247554,,alvo_constante,
der_es,"ESQUADRIAS DE MADEIRA / PORTA EM MADEIRA DE LEI TIPO ANGELIM PEDRA/EQUIV, ESP. 30MM C/ ACAB. LISO P/ PINTURA, INCL. FECHADURA TIPO ""LIVRE/OCUPADO"" E FERRAGENS P/ FIXAÇÃO EM GRANITO, EXCLUSIVE MARCO",und,teste,persistencia,False,12,4,0,54.61443333333224,4.903333333333269,7.3901578693105225,-0.2927261423032679,calculado,0.0
der_es,"ESQUADRIAS DE MADEIRA / PORTA EM MADEIRA DE LEI TIPO ANGELIM PEDRA/EQUIV, ESP. 30MM C/ ACAB. LISO P/ PINTURA, INCL. FECHADURA TIPO ""LIVRE/OCUPADO"" E FERRAGENS P/ FIXAÇÃO EM GRANITO, EXCLUSIVE MARCO",und,teste,linear_simples,True,12,4,0,64.80641156955166,5.717846312800627,8.050242950964378,-0.5339707346866072,calculado,-18.661693647929987
der_es,"ESQUADRIAS DE MADEIRA / PORTA EM MADEIRA DE LEI TIPO ANGELIM PEDRA/EQUIV, ESP. 30MM C/ ACAB. LISO P/ PINTURA, INCL. FECHADURA TIPO ""LIVRE/OCUPADO"" E FERRAGENS P/ FIXAÇÃO EM GRANITO, EXCLUSIVE MARCO",und,teste,linear_multipla,False,12,4,0,69.56159416653345,6.111863681571928,8.340359354760048,-0.6465261248895151,calculado,-27.368517662671927
der_es,"ESQUADRIAS DE MADEIRA / PORTA EM VENEZIANA, EM MADEIRA DE LEI, ESP. 30MM, INCL. DOBRADIÇAS, EXCLUSIVE ALIZAR, MARCO E FECHADURA",und,validacao,persistencia,False,6,3,0,0.0,0.0,0.0,1.0,calculado,
der_es,"ESQUADRIAS DE MADEIRA / PORTA EM VENEZIANA, EM MADEIRA DE LEI, ESP. 30MM, INCL. DOBRADIÇAS, EXCLUSIVE ALIZAR, MARCO E FECHADURA",und,validacao,linear_simples,True,6,3,0,41.33241062160311,5.568433547782358,6.429028746366212,0.979972457875624,calculado,
der_es,"ESQUADRIAS DE MADEIRA / PORTA EM VENEZIANA, EM MADEIRA DE LEI, ESP. 30MM, INCL. DOBRADIÇAS, EXCLUSIVE ALIZAR, MARCO E FECHADURA",und,validacao,linear_multipla,False,6,3,0,249.75871526558637,15.338638663158386,15.803756365674156,0.8789798824775749,calculado,
der_es,"ESQUADRIAS DE MADEIRA / PORTA EM VENEZIANA, EM MADEIRA DE LEI, ESP. 30MM, INCL. DOBRADIÇAS, EXCLUSIVE ALIZAR, MARCO E FECHADURA",und,teste,persistencia,False,9,3,0,24577.04641111112,86.1855555555556,156.77068096781082,0.1616466737114185,calculado,0.0
der_es,"ESQUADRIAS DE MADEIRA / PORTA EM VENEZIANA, EM MADEIRA DE LEI, ESP. 30MM, INCL. DOBRADIÇAS, EXCLUSIVE ALIZAR, MARCO E FECHADURA",und,teste,linear_simples,True,9,3,0,25187.256298799206,97.30336794656212,158.70493470210434,0.14083166280570558,calculado,-2.4828446733624294
der_es,"ESQUADRIAS DE MADEIRA / PORTA EM VENEZIANA, EM MADEIRA DE LEI, ESP. 30MM, INCL. DOBRADIÇAS, EXCLUSIVE ALIZAR, MARCO E FECHADURA",und,teste,linear_multipla,False,9,3,0,25004.780376758354,97.09363854529698,158.12899916447444,0.1470561412744188,calculado,-1.7403798588827033
der_es,ESQUADRIAS DE MADEIRA / REVISÕES E REPAROS,und,validacao,persistencia,False,16,8,0,0.0,0.0,0.0,1.0,calculado,
der_es,ESQUADRIAS DE MADEIRA / REVISÕES E REPAROS,und,validacao,linear_simples,False,16,8,0,0.12029614860761186,0.27972564400878275,0.3468373518057302,0.9998577897873572,calculado,
der_es,ESQUADRIAS DE MADEIRA / REVISÕES E REPAROS,und,validacao,linear_multipla,True,16,8,0,0.11757299826911065,0.2746472777590143,0.34288919240639626,0.9998610090075332,calculado,
der_es,ESQUADRIAS DE MADEIRA / REVISÕES E REPAROS,und,teste,persistencia,False,24,8,0,12.512779166666661,2.15625,3.5373406913480445,0.986832618382557,calculado,0.0
der_es,ESQUADRIAS DE MADEIRA / REVISÕES E REPAROS,und,teste,linear_simples,False,24,8,0,12.480414939045652,2.1777987979200444,3.532763074286988,0.986866675735457,calculado,0.2586493950698492
der_es,ESQUADRIAS DE MADEIRA / REVISÕES E REPAROS,und,teste,linear_multipla,True,24,8,0,12.45086939921922,2.1776817100280135,3.5285789489848773,0.9868977669417196,calculado,0.4947723173470913
der_es,ESQUADRIAS METÁLICAS / ESQUADRIAS METÁLICAS (M2),m2,validacao,persistencia,False,10,5,0,122.15281000000031,3.5269999999999984,11.052276236142504,0.9976236894556809,calculado,0.0
der_es,ESQUADRIAS METÁLICAS / ESQUADRIAS METÁLICAS (M2),m2,validacao,linear_simples,True,10,5,0,234.62294071436386,10.70769681973078,15.31740646174684,0.9954357417732863,calculado,-92.07330614364358
der_es,ESQUADRIAS METÁLICAS / ESQUADRIAS METÁLICAS (M2),m2,validacao,linear_multipla,False,10,5,0,246.0199002993201,11.47598089051561,15.685021526900119,0.9952140300072212,calculado,-101.40338998285793
der_es,ESQUADRIAS METÁLICAS / ESQUADRIAS METÁLICAS (M2),m2,teste,persistencia,False,15,5,0,213.52162666666715,8.164000000000003,14.612379226760684,0.996016848460052,calculado,0.0
der_es,ESQUADRIAS METÁLICAS / ESQUADRIAS METÁLICAS (M2),m2,teste,linear_simples,True,15,5,0,269.45695087721833,10.331774978233478,16.41514394932979,0.9949733997179039,calculado,-26.196561483616335
der_es,ESQUADRIAS METÁLICAS / ESQUADRIAS METÁLICAS (M2),m2,teste,linear_multipla,False,15,5,0,280.0472636790886,10.97318457375396,16.734612743624773,0.9947758421149395,calculado,-31.15639293825535
der_es,ESQUADRIAS METÁLICAS / GRADES E PORTÕES,m2,validacao,persistencia,False,12,6,0,102.03318333333372,6.363333333333347,10.10114762456889,0.9981892432929925,calculado,0.0
der_es,ESQUADRIAS METÁLICAS / GRADES E PORTÕES,m2,validacao,linear_simples,True,12,6,0,158.20138961689256,10.910672664443288,12.57781338774322,0.9971924405575896,calculado,-55.04896000359224
der_es,ESQUADRIAS METÁLICAS / GRADES E PORTÕES,m2,validacao,linear_multipla,False,12,6,0,187.7301780013714,11.70390197010053,13.701466271949561,0.9966684007318172,calculado,-83.98933745708285
der_es,ESQUADRIAS METÁLICAS / GRADES E PORTÕES,m2,teste,persistencia,False,18,6,0,27.910555555555504,3.2655555555555558,5.2830441561239585,0.9995062336183804,calculado,0.0
der_es,ESQUADRIAS METÁLICAS / GRADES E PORTÕES,m2,teste,linear_simples,True,18,6,0,130.82663551849163,9.590416147196107,11.437947172394688,0.997685542506997,calculado,-368.7353329749505
der_es,ESQUADRIAS METÁLICAS / GRADES E PORTÕES,m2,teste,linear_multipla,False,18,6,0,157.61863189140246,10.423208766609733,12.554625916028023,0.997211564585666,calculado,-464.72767651530677
der_es,ESTRUTURAS / INFRA-ESTRUTURA (FUNDAÇÃO),kg,validacao,persistencia,False,6,3,0,0.007800000000000081,0.05000000000000041,0.08831760866327892,0.9080790886473736,calculado,0.0
der_es,ESTRUTURAS / INFRA-ESTRUTURA (FUNDAÇÃO),kg,validacao,linear_simples,True,6,3,0,0.012586888159943098,0.0793986602986907,0.11219130162335714,0.8516668934928795,calculado,-61.37036102490983
der_es,ESTRUTURAS / INFRA-ESTRUTURA (FUNDAÇÃO),kg,validacao,linear_multipla,False,6,3,0,0.01894831951923633,0.11164438382864243,0.1376528950630401,0.7766991283578275,calculado,-142.92717332354013
der_es,ESTRUTURAS / INFRA-ESTRUTURA (FUNDAÇÃO),kg,teste,persistencia,False,9,3,0,0.036722222222222156,0.13444444444444434,0.1916304313573973,0.742832687785309,calculado,0.0
der_es,ESTRUTURAS / INFRA-ESTRUTURA (FUNDAÇÃO),kg,teste,linear_simples,True,9,3,0,0.04802929285348037,0.17343939203638492,0.2191558642917875,0.663648782583006,calculado,-30.7908126115958
der_es,ESTRUTURAS / INFRA-ESTRUTURA (FUNDAÇÃO),kg,teste,linear_multipla,False,9,3,0,0.055100892631706776,0.186640199200382,0.23473579324787,0.614126063151174,calculado,-50.0478165462517
der_es,ESTRUTURAS / INFRA-ESTRUTURA (FUNDAÇÃO),m2,validacao,persistencia,False,8,4,0,0.0,0.0,0.0,1.0,calculado,
der_es,ESTRUTURAS / INFRA-ESTRUTURA (FUNDAÇÃO),m2,validacao,linear_simples,True,8,4,0,1.2929275528067898,1.0282930275854874,1.137069722051726,0.9977243493832811,calculado,
der_es,ESTRUTURAS / INFRA-ESTRUTURA (FUNDAÇÃO),m2,validacao,linear_multipla,False,8,4,0,3.632736128158452,1.5254303832995433,1.9059738004910907,0.9936061087162429,calculado,
der_es,ESTRUTURAS / INFRA-ESTRUTURA (FUNDAÇÃO),m2,teste,persistencia,False,12,4,0,8.777208333333318,2.1908333333333316,2.962635369621668,0.982800630397792,calculado,0.0
der_es,ESTRUTURAS / INFRA-ESTRUTURA (FUNDAÇÃO),m2,teste,linear_simples,True,12,4,0,9.124435710698613,2.4672135571511333,3.0206680901248673,0.9821202213460175,calculado,-3.9560115720009152
der_es,ESTRUTURAS / INFRA-ESTRUTURA (FUNDAÇÃO),m2,teste,linear_multipla,False,12,4,0,9.558415368872643,2.4241295406942123,3.0916687029616616,0.9812698169512137,calculado,-8.900404386808553
der_es,ESTRUTURAS / INFRA-ESTRUTURA (FUNDAÇÃO),m3,validacao,persistencia,False,18,9,0,27.535327777777702,2.9694444444444406,5.247411531200664,0.9707462794984735,calculado,0.0
der_es,ESTRUTURAS / INFRA-ESTRUTURA (FUNDAÇÃO),m3,validacao,linear_simples,False,18,9,0,54.652630949934945,6.353555991059857,7.39274177487182,0.9419366711961652,calculado,-98.48186079717627
der_es,ESTRUTURAS / INFRA-ESTRUTURA (FUNDAÇÃO),m3,validacao,linear_multipla,True,18,9,0,50.85611521561394,6.743602331821383,7.131347363269716,0.9459701154706549,calculado,-84.6940614836523
der_es,ESTRUTURAS / INFRA-ESTRUTURA (FUNDAÇÃO),m3,teste,persistencia,False,27,9,0,124.99185925925927,6.545185185185182,11.179975816577569,0.8651597634836439,calculado,0.0
der_es,ESTRUTURAS / INFRA-ESTRUTURA (FUNDAÇÃO),m3,teste,linear_simples,False,27,9,0,104.94641377923216,7.615406293206017,10.244335692431802,0.8867846327000952,calculado,16.037400834600486
der_es,ESTRUTURAS / INFRA-ESTRUTURA (FUNDAÇÃO),m3,teste,linear_multipla,True,27,9,0,103.18988940429115,8.18476559145397,10.158242436774737,0.8886795574061316,calculado,17.442711856734824
der_es,"ESTRUTURAS / MURO DE ARRIMO (Conc. ciclópico 15MPa c/ 30% de pedra de mão, c/ forn., preparo e aplicação de concreto, forma de tábua pinho-reap.5 vezes, exclusive escav. e reaterro) seções tipicas nas seguintes dimensões:",m,validacao,persistencia,False,8,4,0,68.1999500000009,5.395000000000039,8.258326101577783,0.9998354062831362,calculado,0.0
der_es,"ESTRUTURAS / MURO DE ARRIMO (Conc. ciclópico 15MPa c/ 30% de pedra de mão, c/ forn., preparo e aplicação de concreto, forma de tábua pinho-reap.5 vezes, exclusive escav. e reaterro) seções tipicas nas seguintes dimensões:",m,validacao,linear_simples,True,8,4,0,1212.506988488341,27.580321505015377,34.82107104166012,0.9970737363889759,calculado,-1677.8707880113184
der_es,"ESTRUTURAS / MURO DE ARRIMO (Conc. ciclópico 15MPa c/ 30% de pedra de mão, c/ forn., preparo e aplicação de concreto, forma de tábua pinho-reap.5 vezes, exclusive escav. e reaterro) seções tipicas nas seguintes dimensões:",m,validacao,linear_multipla,False,8,4,0,1887.114796824577,36.18404008650576,43.44093457586493,0.9954456383243963,calculado,-2667.0325224938615
der_es,"ESTRUTURAS / MURO DE ARRIMO (Conc. ciclópico 15MPa c/ 30% de pedra de mão, c/ forn., preparo e aplicação de concreto, forma de tábua pinho-reap.5 vezes, exclusive escav. e reaterro) seções tipicas nas seguintes dimensões:",m,teste,persistencia,False,12,4,0,1200.5796000000057,23.313333333333418,34.64938094685107,0.9971500442428423,calculado,0.0
der_es,"ESTRUTURAS / MURO DE ARRIMO (Conc. ciclópico 15MPa c/ 30% de pedra de mão, c/ forn., preparo e aplicação de concreto, forma de tábua pinho-reap.5 vezes, exclusive escav. e reaterro) seções tipicas nas seguintes dimensões:",m,teste,linear_simples,True,12,4,0,2252.9994366374017,31.81524139048048,47.46577121081466,0.9946517925880817,calculado,-87.65931360464486
der_es,"ESTRUTURAS / MURO DE ARRIMO (Conc. ciclópico 15MPa c/ 30% de pedra de mão, c/ forn., preparo e aplicação de concreto, forma de tábua pinho-reap.5 vezes, exclusive escav. e reaterro) seções tipicas nas seguintes dimensões:",m,teste,linear_multipla,False,12,4,0,2430.991149933496,34.83837326960555,49.305082394551334,0.9942292729083915,calculado,-102.48479567148105
der_es,ESTRUTURAS / RECUPERAÇÃO DE ESTRUTURAS,m2,validacao,persistencia,False,14,7,0,12.396614285714278,1.327142857142854,3.5208826003879024,0.9993019011303366,calculado,0.0
der_es,ESTRUTURAS / RECUPERAÇÃO DE ESTRUTURAS,m2,validacao,linear_simples,False,14,7,0,16.90918903582821,2.285499502736663,4.112078432596856,0.9990477814763955,calculado,-36.401671021693176
der_es,ESTRUTURAS / RECUPERAÇÃO DE ESTRUTURAS,m2,validacao,linear_multipla,True,14,7,0,16.34975912698733,2.198580953215752,4.043483538607191,0.9990792850287378,calculado,-31.888907327128923
der_es,ESTRUTURAS / RECUPERAÇÃO DE ESTRUTURAS,m2,teste,persistencia,False,21,7,0,12.712957142857132,1.6519047619047624,3.5655234037735797,0.9992920553106576,calculado,0.0
der_es,ESTRUTURAS / RECUPERAÇÃO DE ESTRUTURAS,m2,teste,linear_simples,False,21,7,0,11.274656860091888,1.8833920971023768,3.3577755821513575,0.9993721497399412,calculado,11.31365634763713
der_es,ESTRUTURAS / RECUPERAÇÃO DE ESTRUTURAS,m2,teste,linear_multipla,True,21,7,0,11.999633738605658,2.0566174641220707,3.4640487494557086,0.9993317780525931,calculado,5.610995114950577
der_es,ESTRUTURAS / RECUPERAÇÃO DE ESTRUTURAS,m3,validacao,persistencia,False,6,3,0,388.0156999999884,11.203333333333225,19.698114122930356,0.9999184370970021,calculado,0.0
der_es,ESTRUTURAS / RECUPERAÇÃO DE ESTRUTURAS,m3,validacao,linear_simples,False,6,3,0,4854.760940646625,65.95677699826244,69.67611456336114,0.9989795041909899,calculado,-1151.1764190590152
der_es,ESTRUTURAS / RECUPERAÇÃO DE ESTRUTURAS,m3,validacao,linear_multipla,True,6,3,0,4543.813425152096,63.702388012490474,67.40781427365893,0.9990448669637946,calculado,-1071.0385495102987
der_es,ESTRUTURAS / RECUPERAÇÃO DE ESTRUTURAS,m3,teste,persistencia,False,9,3,0,10219.521888888892,56.08222222222225,101.09165093561828,0.9978166814567877,calculado,0.0
der_es,ESTRUTURAS / RECUPERAÇÃO DE ESTRUTURAS,m3,teste,linear_simples,False,9,3,0,8422.585290683322,71.90838106165614,91.77464405097588,0.9982005824884108,calculado,17.58337246832728
der_es,ESTRUTURAS / RECUPERAÇÃO DE ESTRUTURAS,m3,teste,linear_multipla,True,9,3,0,8654.02539782567,70.66771635837848,93.02701434435951,0.9981511371735456,calculado,15.318686217261282
der_es,ESTRUTURAS / SUPER-ESTRUTURA,kg,validacao,persistencia,False,6,3,0,0.007800000000000081,0.05000000000000041,0.08831760866327892,0.9080790886473736,calculado,0.0
der_es,ESTRUTURAS / SUPER-ESTRUTURA,kg,validacao,linear_simples,True,6,3,0,0.012586888159943098,0.0793986602986907,0.11219130162335714,0.8516668934928795,calculado,-61.37036102490983
der_es,ESTRUTURAS / SUPER-ESTRUTURA,kg,validacao,linear_multipla,False,6,3,0,0.01894831951923633,0.11164438382864243,0.1376528950630401,0.7766991283578275,calculado,-142.92717332354013
der_es,ESTRUTURAS / SUPER-ESTRUTURA,kg,teste,persistencia,False,9,3,0,0.036722222222222156,0.13444444444444434,0.1916304313573973,0.742832687785309,calculado,0.0
der_es,ESTRUTURAS / SUPER-ESTRUTURA,kg,teste,linear_simples,True,9,3,0,0.04802929285348037,0.17343939203638492,0.2191558642917875,0.663648782583006,calculado,-30.7908126115958
der_es,ESTRUTURAS / SUPER-ESTRUTURA,kg,teste,linear_multipla,False,9,3,0,0.055100892631706776,0.186640199200382,0.23473579324787,0.614126063151174,calculado,-50.0478165462517
der_es,ESTRUTURAS / SUPER-ESTRUTURA,m3,validacao,persistencia,False,14,7,0,28.609685714285778,2.8600000000000056,5.348802269133322,0.9981361036109749,calculado,0.0
der_es,ESTRUTURAS / SUPER-ESTRUTURA,m3,validacao,linear_simples,False,14,7,0,108.82247218856917,7.684291480053836,10.431801004072556,0.9929103096418926,calculado,-280.3693381162536
der_es,ESTRUTURAS / SUPER-ESTRUTURA,m3,validacao,linear_multipla,True,14,7,0,103.64302109926062,7.83062316208859,10.18052165162771,0.9932477464204335,calculado,-262.2655003424528
der_es,ESTRUTURAS / SUPER-ESTRUTURA,m3,teste,persistencia,False,21,7,0,170.90133809523883,5.971904761904777,13.072923854105433,0.9892577429795195,calculado,0.0
der_es,ESTRUTURAS / SUPER-ESTRUTURA,m3,teste,linear_simples,False,21,7,0,131.72426299915918,7.327020382442784,11.477119107126107,0.991720276126909,calculado,22.923796579197813
der_es,ESTRUTURAS / SUPER-ESTRUTURA,m3,teste,linear_multipla,True,21,7,0,136.04160035189722,8.282840786087657,11.663687253690284,0.9914489034858044,calculado,20.397580341890123
der_es,"IMPERMEABILIZAÇÃO / IMPERMEABILIZAÇÃO CALHAS, LAJES DESCOBERTAS, BALDRAMES, PAREDES E JARDINEIRAS",m2,validacao,persistencia,False,8,4,0,0.5747749999999953,0.3999999999999977,0.75813916928226,0.9999699352783638,calculado,0.0
der_es,"IMPERMEABILIZAÇÃO / IMPERMEABILIZAÇÃO CALHAS, LAJES DESCOBERTAS, BALDRAMES, PAREDES E JARDINEIRAS",m2,validacao,linear_simples,True,8,4,0,44.14519237195215,4.292341296649101,6.644184853836635,0.9976909000561204,calculado,-7580.4301460488905
der_es,"IMPERMEABILIZAÇÃO / IMPERMEABILIZAÇÃO CALHAS, LAJES DESCOBERTAS, BALDRAMES, PAREDES E JARDINEIRAS",m2,validacao,linear_multipla,False,8,4,0,134.39923832469384,6.919709490554405,11.593068546536497,0.9929699870586546,calculado,-23282.930420546294
der_es,"IMPERMEABILIZAÇÃO / IMPERMEABILIZAÇÃO CALHAS, LAJES DESCOBERTAS, BALDRAMES, PAREDES E JARDINEIRAS",m2,teste,persistencia,False,12,4,0,221.1820916666668,4.837500000000001,14.87219189180488,0.9905562734485946,calculado,0.0
der_es,"IMPERMEABILIZAÇÃO / IMPERMEABILIZAÇÃO CALHAS, LAJES DESCOBERTAS, BALDRAMES, PAREDES E JARDINEIRAS",m2,teste,linear_simples,True,12,4,0,162.88460641922077,6.240601071705492,12.762625373300777,0.9930453787154947,calculado,26.357235709346416
der_es,"IMPERMEABILIZAÇÃO / IMPERMEABILIZAÇÃO CALHAS, LAJES DESCOBERTAS, BALDRAMES, PAREDES E JARDINEIRAS",m2,teste,linear_multipla,False,12,4,0,134.75120964090704,5.912043439964777,11.608238869049302,0.9942465795185732,calculado,39.07679928988813
der_es,"INSTALAÇÃO DO CANTEIRO DE OBRAS / INSTALAÇÃO DO CANTEIRO DE OBRAS (UTILIZAÇÃO 1 VEZ), PROJETO PADRÃO LABOR - NR.18 (OBRAS COM PRAZO DE EXECUÇÃO SUPERIOR A 12 MESES)",m,validacao,persistencia,False,6,3,0,0.006150000000001508,0.048333333333336746,0.07842193570680023,0.9999998369960817,calculado,0.0
der_es,"INSTALAÇÃO DO CANTEIRO DE OBRAS / INSTALAÇÃO DO CANTEIRO DE OBRAS (UTILIZAÇÃO 1 VEZ), PROJETO PADRÃO LABOR - NR.18 (OBRAS COM PRAZO DE EXECUÇÃO SUPERIOR A 12 MESES)",m,validacao,linear_simples,False,6,3,0,3.547691426156838,1.6922865529791125,1.8835316366222359,0.9999059694954401,calculado,-57586.039449690536
der_es,"INSTALAÇÃO DO CANTEIRO DE OBRAS / INSTALAÇÃO DO CANTEIRO DE OBRAS (UTILIZAÇÃO 1 VEZ), PROJETO PADRÃO LABOR - NR.18 (OBRAS COM PRAZO DE EXECUÇÃO SUPERIOR A 12 MESES)",m,validacao,linear_multipla,True,6,3,0,3.0783756558983524,1.5824676307229264,1.7545300384713716,0.9999184085701437,calculado,-49954.88871378207
der_es,"INSTALAÇÃO DO CANTEIRO DE OBRAS / INSTALAÇÃO DO CANTEIRO DE OBRAS (UTILIZAÇÃO 1 VEZ), PROJETO PADRÃO LABOR - NR.18 (OBRAS COM PRAZO DE EXECUÇÃO SUPERIOR A 12 MESES)",m,teste,persistencia,False,9,3,0,64.07223333333313,5.667777777777763,8.004513310210255,0.9983608597814465,calculado,0.0
der_es,"INSTALAÇÃO DO CANTEIRO DE OBRAS / INSTALAÇÃO DO CANTEIRO DE OBRAS (UTILIZAÇÃO 1 VEZ), PROJETO PADRÃO LABOR - NR.18 (OBRAS COM PRAZO DE EXECUÇÃO SUPERIOR A 12 MESES)",m,teste,linear_simples,False,9,3,0,51.79090761990772,5.2193901900709,7.196589999430822,0.9986750491559498,calculado,19.167937614305284
der_es,"INSTALAÇÃO DO CANTEIRO DE OBRAS / INSTALAÇÃO DO CANTEIRO DE OBRAS (UTILIZAÇÃO 1 VEZ), PROJETO PADRÃO LABOR - NR.18 (OBRAS COM PRAZO DE EXECUÇÃO SUPERIOR A 12 MESES)",m,teste,linear_multipla,True,9,3,0,51.400375329659,5.049059789468781,7.169405507408477,0.9986850400232926,calculado,19.777456386995777
der_es,"INSTALAÇÃO DO CANTEIRO DE OBRAS / INSTALAÇÃO DO CANTEIRO DE OBRAS (UTILIZAÇÃO 1 VEZ), PROJETO PADRÃO LABOR - NR.18 (OBRAS COM PRAZO DE EXECUÇÃO SUPERIOR A 12 MESES)",m2,validacao,persistencia,False,12,6,0,0.1494166666666739,0.2533333333333398,0.3865445209373351,0.9999968446766517,calculado,0.0
der_es,"INSTALAÇÃO DO CANTEIRO DE OBRAS / INSTALAÇÃO DO CANTEIRO DE OBRAS (UTILIZAÇÃO 1 VEZ), PROJETO PADRÃO LABOR - NR.18 (OBRAS COM PRAZO DE EXECUÇÃO SUPERIOR A 12 MESES)",m2,validacao,linear_simples,True,12,6,0,6.45081106995996,2.240018903574471,2.5398446940629973,0.9998637742680352,calculado,-4217.330331261338
der_es,"INSTALAÇÃO DO CANTEIRO DE OBRAS / INSTALAÇÃO DO CANTEIRO DE OBRAS (UTILIZAÇÃO 1 VEZ), PROJETO PADRÃO LABOR - NR.18 (OBRAS COM PRAZO DE EXECUÇÃO SUPERIOR A 12 MESES)",m2,validacao,linear_multipla,False,12,6,0,7.1757799917458165,2.326086186367732,2.6787646391099416,0.9998484646548794,calculado,-4702.529832735395
der_es,"INSTALAÇÃO DO CANTEIRO DE OBRAS / INSTALAÇÃO DO CANTEIRO DE OBRAS (UTILIZAÇÃO 1 VEZ), PROJETO PADRÃO LABOR - NR.18 (OBRAS COM PRAZO DE EXECUÇÃO SUPERIOR A 12 MESES)",m2,teste,persistencia,False,18,6,0,122.42023888888853,7.996111111111097,11.064367984159263,0.9973935606438693,calculado,0.0
der_es,"INSTALAÇÃO DO CANTEIRO DE OBRAS / INSTALAÇÃO DO CANTEIRO DE OBRAS (UTILIZAÇÃO 1 VEZ), PROJETO PADRÃO LABOR - NR.18 (OBRAS COM PRAZO DE EXECUÇÃO SUPERIOR A 12 MESES)",m2,teste,linear_simples,True,18,6,0,125.46464140142143,8.70830011446244,11.20110000854476,0.9973287425174174,calculado,-2.486845753745072
der_es,"INSTALAÇÃO DO CANTEIRO DE OBRAS / INSTALAÇÃO DO CANTEIRO DE OBRAS (UTILIZAÇÃO 1 VEZ), PROJETO PADRÃO LABOR - NR.18 (OBRAS COM PRAZO DE EXECUÇÃO SUPERIOR A 12 MESES)",m2,teste,linear_multipla,False,18,6,0,145.6544201826618,9.456474530951404,12.068737306887652,0.9968988835783676,calculado,-18.979036068424232
der_es,"INSTALAÇÃO DO CANTEIRO DE OBRAS / INSTALAÇÃO DO CANTEIRO DE OBRAS (UTILIZAÇÃO 1 VEZ), PROJETO PADRÃO LABOR - NR.18 (OBRAS COM PRAZO DE EXECUÇÃO SUPERIOR A 12 MESES)",und,validacao,persistencia,False,10,5,0,87.79604000000246,5.070000000000073,9.369954108745809,0.9999993694423223,calculado,0.0
der_es,"INSTALAÇÃO DO CANTEIRO DE OBRAS / INSTALAÇÃO DO CANTEIRO DE OBRAS (UTILIZAÇÃO 1 VEZ), PROJETO PADRÃO LABOR - NR.18 (OBRAS COM PRAZO DE EXECUÇÃO SUPERIOR A 12 MESES)",und,validacao,linear_simples,True,10,5,0,12822.056969744706,91.52735865446834,113.23452198753128,0.9999079110348711,calculado,-14504.368226339531
der_es,"INSTALAÇÃO DO CANTEIRO DE OBRAS / INSTALAÇÃO DO CANTEIRO DE OBRAS (UTILIZAÇÃO 1 VEZ), PROJETO PADRÃO LABOR - NR.18 (OBRAS COM PRAZO DE EXECUÇÃO SUPERIOR A 12 MESES)",und,validacao,linear_multipla,False,10,5,0,35615.299878693375,153.79313003657072,188.72016288328436,0.9997442082720173,calculado,-40465.95249477354
der_es,"INSTALAÇÃO DO CANTEIRO DE OBRAS / INSTALAÇÃO DO CANTEIRO DE OBRAS (UTILIZAÇÃO 1 VEZ), PROJETO PADRÃO LABOR - NR.18 (OBRAS COM PRAZO DE EXECUÇÃO SUPERIOR A 12 MESES)",und,teste,persistencia,False,15,5,0,107725.2694000001,230.02266666666674,328.21527904715236,0.999232277165584,calculado,0.0
der_es,"INSTALAÇÃO DO CANTEIRO DE OBRAS / INSTALAÇÃO DO CANTEIRO DE OBRAS (UTILIZAÇÃO 1 VEZ), PROJETO PADRÃO LABOR - NR.18 (OBRAS COM PRAZO DE EXECUÇÃO SUPERIOR A 12 MESES)",und,teste,linear_simples,True,15,5,0,108700.7278768935,257.0317382859314,329.6979342927303,0.9992253253914005,calculado,-0.905505720548608
der_es,"INSTALAÇÃO DO CANTEIRO DE OBRAS / INSTALAÇÃO DO CANTEIRO DE OBRAS (UTILIZAÇÃO 1 VEZ), PROJETO PADRÃO LABOR - NR.18 (OBRAS COM PRAZO DE EXECUÇÃO SUPERIOR A 12 MESES)",und,teste,linear_multipla,False,15,5,0,102206.1763726205,246.51848210515365,319.6970071374152,0.9992716099402059,calculado,5.1233039918298
der_es,"INSTALAÇÃO DO CANTEIRO DE OBRAS / INSTALAÇÃO DO CANTEIRO DE OBRAS (UTILIZAÇÃO 2 VEZES), PROJETO PADRÃO LABOR - NR.18 (OBRAS COM PRAZO DE EXECUÇÃO DE 6 A 12 MESES)",m2,validacao,persistencia,False,12,6,0,0.09833333333333466,0.19166666666666762,0.3135814620371151,0.9999967334749419,calculado,0.0
der_es,"INSTALAÇÃO DO CANTEIRO DE OBRAS / INSTALAÇÃO DO CANTEIRO DE OBRAS (UTILIZAÇÃO 2 VEZES), PROJETO PADRÃO LABOR - NR.18 (OBRAS COM PRAZO DE EXECUÇÃO DE 6 A 12 MESES)",m2,validacao,linear_simples,True,12,6,0,5.549999278989624,2.1379713033406156,2.355843644852014,0.9998156351350799,calculado,-5544.067063379203
der_es,"INSTALAÇÃO DO CANTEIRO DE OBRAS / INSTALAÇÃO DO CANTEIRO DE OBRAS (UTILIZAÇÃO 2 VEZES), PROJETO PADRÃO LABOR - NR.18 (OBRAS COM PRAZO DE EXECUÇÃO DE 6 A 12 MESES)",m2,validacao,linear_multipla,False,12,6,0,9.466148067835308,2.765544168729003,3.0767105921479367,0.9996855449844025,calculado,-9526.591255425607
der_es,"INSTALAÇÃO DO CANTEIRO DE OBRAS / INSTALAÇÃO DO CANTEIRO DE OBRAS (UTILIZAÇÃO 2 VEZES), PROJETO PADRÃO LABOR - NR.18 (OBRAS COM PRAZO DE EXECUÇÃO DE 6 A 12 MESES)",m2,teste,persistencia,False,18,6,0,108.26439444444456,7.521666666666672,10.405017753201797,0.9963568450841563,calculado,0.0
der_es,"INSTALAÇÃO DO CANTEIRO DE OBRAS / INSTALAÇÃO DO CANTEIRO DE OBRAS (UTILIZAÇÃO 2 VEZES), PROJETO PADRÃO LABOR - NR.18 (OBRAS COM PRAZO DE EXECUÇÃO DE 6 A 12 MESES)",m2,teste,linear_simples,True,18,6,0,109.04474776258495,8.183661979353122,10.442449318171716,0.9963305857766372,calculado,-0.720784817709224
der_es,"INSTALAÇÃO DO CANTEIRO DE OBRAS / INSTALAÇÃO DO CANTEIRO DE OBRAS (UTILIZAÇÃO 2 VEZES), PROJETO PADRÃO LABOR - NR.18 (OBRAS COM PRAZO DE EXECUÇÃO DE 6 A 12 MESES)",m2,teste,linear_multipla,False,18,6,0,106.44390224667947,8.144819157253933,10.317165417239343,0.9964181056226147,calculado,1.6815243895344276
der_es,"INSTALAÇÃO DO CANTEIRO DE OBRAS / INSTALAÇÃO DO CANTEIRO DE OBRAS (UTILIZAÇÃO 2 VEZES), PROJETO PADRÃO LABOR - NR.18 (OBRAS COM PRAZO DE EXECUÇÃO DE 6 A 12 MESES)",und,validacao,persistencia,False,10,5,0,61.16510000000712,4.238000000000284,7.820811978305521,0.9999993264871717,calculado,0.0
der_es,"INSTALAÇÃO DO CANTEIRO DE OBRAS / INSTALAÇÃO DO CANTEIRO DE OBRAS (UTILIZAÇÃO 2 VEZES), PROJETO PADRÃO LABOR - NR.18 (OBRAS COM PRAZO DE EXECUÇÃO DE 6 A 12 MESES)",und,validacao,linear_simples,True,10,5,0,8784.49469870567,73.30897928555478,93.72563522700537,0.9999032704946136,calculado,-14261.939567996533
der_es,"INSTALAÇÃO DO CANTEIRO DE OBRAS / INSTALAÇÃO DO CANTEIRO DE OBRAS (UTILIZAÇÃO 2 VEZES), PROJETO PADRÃO LABOR - NR.18 (OBRAS COM PRAZO DE EXECUÇÃO DE 6 A 12 MESES)",und,validacao,linear_multipla,False,10,5,0,25526.794463337646,126.29285628148531,159.77106891842982,0.9997189144865778,calculado,-41634.247901719566
der_es,"INSTALAÇÃO DO CANTEIRO DE OBRAS / INSTALAÇÃO DO CANTEIRO DE OBRAS (UTILIZAÇÃO 2 VEZES), PROJETO PADRÃO LABOR - NR.18 (OBRAS COM PRAZO DE EXECUÇÃO DE 6 A 12 MESES)",und,teste,persistencia,False,15,5,0,85146.99538000023,192.92200000000022,291.7995808427425,0.999072803109931,calculado,0.0
der_es,"INSTALAÇÃO DO CANTEIRO DE OBRAS / INSTALAÇÃO DO CANTEIRO DE OBRAS (UTILIZAÇÃO 2 VEZES), PROJETO PADRÃO LABOR - NR.18 (OBRAS COM PRAZO DE EXECUÇÃO DE 6 A 12 MESES)",und,teste,linear_simples,True,15,5,0,80251.20408035239,214.51702975806614,283.286434691731,0.9991261151786329,calculado,5.749810991918794
der_es,"INSTALAÇÃO DO CANTEIRO DE OBRAS / INSTALAÇÃO DO CANTEIRO DE OBRAS (UTILIZAÇÃO 2 VEZES), PROJETO PADRÃO LABOR - NR.18 (OBRAS COM PRAZO DE EXECUÇÃO DE 6 A 12 MESES)",und,teste,linear_multipla,False,15,5,0,70462.71184525003,206.25470920061662,265.44813400220016,0.9992327056639265,calculado,17.24580352978529
der_es,"INSTALAÇÃO DO CANTEIRO DE OBRAS / TAPUMES, BARRACÕES E COBERTURAS",m,validacao,persistencia,False,6,3,0,47.02936666666665,3.3333333333333326,6.857796050238491,0.996598339666668,calculado,0.0
der_es,"INSTALAÇÃO DO CANTEIRO DE OBRAS / TAPUMES, BARRACÕES E COBERTURAS",m,validacao,linear_simples,True,6,3,0,47.20143616965047,3.549496587429056,6.870330135419292,0.9965858937835026,calculado,-0.3658767174208683
der_es,"INSTALAÇÃO DO CANTEIRO DE OBRAS / TAPUMES, BARRACÕES E COBERTURAS",m,validacao,linear_multipla,False,6,3,0,47.30062828893987,3.6152381917870944,6.87754522260231,0.9965787191621653,calculado,-0.5767919950865219
der_es,"INSTALAÇÃO DO CANTEIRO DE OBRAS / TAPUMES, BARRACÕES E COBERTURAS",m,teste,persistencia,False,9,3,0,10.594877777777771,1.565555555555556,3.2549773851407586,0.9992355457876014,calculado,0.0
der_es,"INSTALAÇÃO DO CANTEIRO DE OBRAS / TAPUMES, BARRACÕES E COBERTURAS",m,teste,linear_simples,True,9,3,0,10.944147047293121,1.9863145319962365,3.3081939252850825,0.999210344896195,calculado,-3.2965861130359144
der_es,"INSTALAÇÃO DO CANTEIRO DE OBRAS / TAPUMES, BARRACÕES E COBERTURAS",m,teste,linear_multipla,False,9,3,0,12.120643534971894,2.0968893717602146,3.481471461174412,0.9991254569234649,calculado,-14.40097553927748
der_es,"INSTALAÇÃO DO CANTEIRO DE OBRAS / TAPUMES, BARRACÕES E COBERTURAS",m2,validacao,persistencia,False,6,3,0,1.0909833333333323,0.6149999999999997,1.0445014759842766,0.9998905446001668,calculado,0.0
der_es,"INSTALAÇÃO DO CANTEIRO DE OBRAS / TAPUMES, BARRACÕES E COBERTURAS",m2,validacao,linear_simples,True,6,3,0,0.8955948833037229,0.8398173354961577,0.946358749789805,0.9999101473935985,calculado,17.90938908595697
der_es,"INSTALAÇÃO DO CANTEIRO DE OBRAS / TAPUMES, BARRACÕES E COBERTURAS",m2,validacao,linear_multipla,False,6,3,0,0.9082409552338735,0.8445509279613818,0.9530167654526721,0.9999088786474892,calculado,16.750244711907513
der_es,"INSTALAÇÃO DO CANTEIRO DE OBRAS / TAPUMES, BARRACÕES E COBERTURAS",m2,teste,persistencia,False,9,3,0,28.801899999999957,2.1655555555555552,5.366740165128172,0.9973707159551488,calculado,0.0
der_es,"INSTALAÇÃO DO CANTEIRO DE OBRAS / TAPUMES, BARRACÕES E COBERTURAS",m2,teste,linear_simples,True,9,3,0,32.81652007845805,2.7817035931720957,5.728570509163525,0.9970042270596791,calculado,-13.938733480979021
der_es,"INSTALAÇÃO DO CANTEIRO DE OBRAS / TAPUMES, BARRACÕES E COBERTURAS",m2,teste,linear_multipla,False,9,3,0,32.7293775695525,2.762358229886397,5.720959497282995,0.9970121821740394,calculado,-13.636175285493476
der_es,"INSTALAÇÃO DO CANTEIRO DE OBRAS / TAPUMES, BARRACÕES E COBERTURAS",ms,validacao,persistencia,False,10,5,0,0.0,0.0,0.0,1.0,calculado,
der_es,"INSTALAÇÃO DO CANTEIRO DE OBRAS / TAPUMES, BARRACÕES E COBERTURAS",ms,validacao,linear_simples,True,10,5,0,5.90007701544491,2.4111391041333037,2.4290074136249378,0.9998737074512634,calculado,
der_es,"INSTALAÇÃO DO CANTEIRO DE OBRAS / TAPUMES, BARRACÕES E COBERTURAS",ms,validacao,linear_multipla,False,10,5,0,5.903068163224338,2.4118180780130616,2.4296230496157913,0.9998736434250353,calculado,
der_es,"INSTALAÇÃO DO CANTEIRO DE OBRAS / TAPUMES, BARRACÕES E COBERTURAS",ms,teste,persistencia,False,10,5,0,1573.980529999999,23.42499999999999,39.67342347214315,0.9661241834521218,calculado,0.0
der_es,"INSTALAÇÃO DO CANTEIRO DE OBRAS / TAPUMES, BARRACÕES E COBERTURAS",ms,teste,linear_simples,True,10,5,0,1542.574891488718,24.144956318827248,39.275627194084606,0.9668001077272316,calculado,1.9953003174239288
der_es,"INSTALAÇÃO DO CANTEIRO DE OBRAS / TAPUMES, BARRACÕES E COBERTURAS",ms,teste,linear_multipla,False,10,5,0,1542.617200685701,24.145620784133676,39.27616580937733,0.9667991971323621,calculado,1.992612279282641
der_es,"INSTALAÇÕES ELÉTRICAS / (COMPOSIÇÃO REPRESENTATIVA) - MONTAGEM MECANICA E ELETRICA, TESTE DE ACEITAÇÃO DE QUADROS DE FABRICAÇÃO ESPECIAL COM ATESTADOS TTA/PTTA",m,validacao,persistencia,False,8,4,0,0.0,0.0,0.0,1.0,calculado,
der_es,"INSTALAÇÕES ELÉTRICAS / (COMPOSIÇÃO REPRESENTATIVA) - MONTAGEM MECANICA E ELETRICA, TESTE DE ACEITAÇÃO DE QUADROS DE FABRICAÇÃO ESPECIAL COM ATESTADOS TTA/PTTA",m,validacao,linear_simples,True,8,4,0,0.060796373847130575,0.22176034237472697,0.24656920701322493,0.999774879329685,calculado,
der_es,"INSTALAÇÕES ELÉTRICAS / (COMPOSIÇÃO REPRESENTATIVA) - MONTAGEM MECANICA E ELETRICA, TESTE DE ACEITAÇÃO DE QUADROS DE FABRICAÇÃO ESPECIAL COM ATESTADOS TTA/PTTA",m,validacao,linear_multipla,False,8,4,0,0.10193866262512111,0.2830520649115984,0.3192783466273921,0.99962253505252,calculado,
der_es,"INSTALAÇÕES ELÉTRICAS / (COMPOSIÇÃO REPRESENTATIVA) - MONTAGEM MECANICA E ELETRICA, TESTE DE ACEITAÇÃO DE QUADROS DE FABRICAÇÃO ESPECIAL COM ATESTADOS TTA/PTTA",m,teste,persistencia,False,12,4,0,1.6124583333333355,0.624166666666667,1.269826103580067,0.9943208133071606,calculado,0.0
der_es,"INSTALAÇÕES ELÉTRICAS / (COMPOSIÇÃO REPRESENTATIVA) - MONTAGEM MECANICA E ELETRICA, TESTE DE ACEITAÇÃO DE QUADROS DE FABRICAÇÃO ESPECIAL COM ATESTADOS TTA/PTTA",m,teste,linear_simples,True,12,4,0,1.3600483443524853,0.6844943681336648,1.1662111062549891,0.9952098182637081,calculado,15.65373713930695
der_es,"INSTALAÇÕES ELÉTRICAS / (COMPOSIÇÃO REPRESENTATIVA) - MONTAGEM MECANICA E ELETRICA, TESTE DE ACEITAÇÃO DE QUADROS DE FABRICAÇÃO ESPECIAL COM ATESTADOS TTA/PTTA",m,teste,linear_multipla,False,12,4,0,1.313207165099817,0.6973347721724809,1.1459525143302478,0.9953747960472511,calculado,18.55869153622687
der_es,"INSTALAÇÕES ELÉTRICAS / (COMPOSIÇÃO REPRESENTATIVA) - MONTAGEM MECANICA E ELETRICA, TESTE DE ACEITAÇÃO DE QUADROS DE FABRICAÇÃO ESPECIAL COM ATESTADOS TTA/PTTA",und,validacao,persistencia,False,66,33,0,0.0,0.0,0.0,1.0,calculado,
der_es,"INSTALAÇÕES ELÉTRICAS / (COMPOSIÇÃO REPRESENTATIVA) - MONTAGEM MECANICA E ELETRICA, TESTE DE ACEITAÇÃO DE QUADROS DE FABRICAÇÃO ESPECIAL COM ATESTADOS TTA/PTTA",und,validacao,linear_simples,True,66,33,0,4.770874744003986,1.0584823454159145,2.1842332164867346,0.9999170919267891,calculado,
der_es,"INSTALAÇÕES ELÉTRICAS / (COMPOSIÇÃO REPRESENTATIVA) - MONTAGEM MECANICA E ELETRICA, TESTE DE ACEITAÇÃO DE QUADROS DE FABRICAÇÃO ESPECIAL COM ATESTADOS TTA/PTTA",und,validacao,linear_multipla,False,66,33,0,8.012336558362845,1.3483765840677453,2.830607100669898,0.9998607619311729,calculado,
der_es,"INSTALAÇÕES ELÉTRICAS / (COMPOSIÇÃO REPRESENTATIVA) - MONTAGEM MECANICA E ELETRICA, TESTE DE ACEITAÇÃO DE QUADROS DE FABRICAÇÃO ESPECIAL COM ATESTADOS TTA/PTTA",und,teste,persistencia,False,100,34,0,96.07827500000032,2.7639000000000027,9.801952611597361,0.9983841875737426,calculado,0.0
der_es,"INSTALAÇÕES ELÉTRICAS / (COMPOSIÇÃO REPRESENTATIVA) - MONTAGEM MECANICA E ELETRICA, TESTE DE ACEITAÇÃO DE QUADROS DE FABRICAÇÃO ESPECIAL COM ATESTADOS TTA/PTTA",und,teste,linear_simples,True,100,34,0,79.23955674523127,3.0449360554825615,8.901660336433382,0.9986673755285461,calculado,17.526041401939192
der_es,"INSTALAÇÕES ELÉTRICAS / (COMPOSIÇÃO REPRESENTATIVA) - MONTAGEM MECANICA E ELETRICA, TESTE DE ACEITAÇÃO DE QUADROS DE FABRICAÇÃO ESPECIAL COM ATESTADOS TTA/PTTA",und,teste,linear_multipla,False,100,34,0,76.27730947403,3.104332942537889,8.733688194229858,0.9987171936164588,calculado,20.609201743026972
der_es,INSTALAÇÕES ELÉTRICAS / ABERTURA E FECHAMENTO DE RASGOS (inclusive preparo e aplicação de argamassa),m,validacao,persistencia,False,12,6,0,0.0,0.0,0.0,1.0,calculado,
der_es,INSTALAÇÕES ELÉTRICAS / ABERTURA E FECHAMENTO DE RASGOS (inclusive preparo e aplicação de argamassa),m,validacao,linear_simples,True,12,6,0,0.08199082076155494,0.2748367488426373,0.28634039317140525,0.9996177280355486,calculado,
der_es,INSTALAÇÕES ELÉTRICAS / ABERTURA E FECHAMENTO DE RASGOS (inclusive preparo e aplicação de argamassa),m,validacao,linear_multipla,False,12,6,0,0.13460141738912204,0.34803573692797524,0.3668806582379644,0.999372437697716,calculado,
der_es,INSTALAÇÕES ELÉTRICAS / ABERTURA E FECHAMENTO DE RASGOS (inclusive preparo e aplicação de argamassa),m,teste,persistencia,False,18,6,0,2.032994444444446,0.7505555555555556,1.4258311416308898,0.9910041314758848,calculado,0.0
der_es,INSTALAÇÕES ELÉTRICAS / ABERTURA E FECHAMENTO DE RASGOS (inclusive preparo e aplicação de argamassa),m,teste,linear_simples,True,18,6,0,1.7069642475900904,0.8231168885561594,1.3065084184918558,0.9924467939454297,calculado,16.036944800577142
der_es,INSTALAÇÕES ELÉTRICAS / ABERTURA E FECHAMENTO DE RASGOS (inclusive preparo e aplicação de argamassa),m,teste,linear_multipla,False,18,6,0,1.6503057868470359,0.838320102076794,1.2846422797211043,0.9926975039584434,calculado,18.823890967492883
der_es,INSTALAÇÕES ELÉTRICAS / CAIXAS DE PASSAGEM,und,validacao,persistencia,False,28,14,0,0.6439392857142796,0.26678571428571224,0.8024582766189652,0.9999744167201697,calculado,0.0
der_es,INSTALAÇÕES ELÉTRICAS / CAIXAS DE PASSAGEM,und,validacao,linear_simples,True,28,14,0,32.317400210601164,4.036763812764069,5.684839506142734,0.9987160511692376,calculado,-4918.702993831724
der_es,INSTALAÇÕES ELÉTRICAS / CAIXAS DE PASSAGEM,und,validacao,linear_multipla,False,28,14,0,61.18568000170844,5.628353215307409,7.822127587920593,0.9975691336003004,calculado,-9401.777785438137
der_es,INSTALAÇÕES ELÉTRICAS / CAIXAS DE PASSAGEM,und,teste,persistencia,False,42,14,13,608.7754309523809,9.199285714285713,24.67337494045719,0.9805033600552571,calculado,0.0
der_es,INSTALAÇÕES ELÉTRICAS / CAIXAS DE PASSAGEM,und,teste,linear_simples,True,42,14,13,519.1756724842666,10.121218849166027,22.785426756685215,0.9833728816245751,calculado,14.718031298986993
der_es,INSTALAÇÕES ELÉTRICAS / CAIXAS DE PASSAGEM,und,teste,linear_multipla,False,42,14,13,497.5416375783855,10.316475680707914,22.30564138460012,0.9840657331551504,calculado,18.271728410586306
der_es,"INSTALAÇÕES ELÉTRICAS / CAIXAS DE PASSAGEM EMPREGANDO ARGAMASSA DE CIMENTO, CAL E AREIA",und,validacao,persistencia,False,12,6,0,14.73854999999997,2.525000000000001,3.839081921501542,0.9998966799872633,calculado,0.0
der_es,"INSTALAÇÕES ELÉTRICAS / CAIXAS DE PASSAGEM EMPREGANDO ARGAMASSA DE CIMENTO, CAL E AREIA",und,validacao,linear_simples,True,12,6,0,9.788377842427886,2.525000000000001,3.128638336789327,0.9999313816268662,calculado,33.5865614838101
der_es,"INSTALAÇÕES ELÉTRICAS / CAIXAS DE PASSAGEM EMPREGANDO ARGAMASSA DE CIMENTO, CAL E AREIA",und,validacao,linear_multipla,False,12,6,0,11.647258081397865,2.524486119953823,3.4128079467496946,0.9999183505261157,calculado,20.97419297422142
der_es,"INSTALAÇÕES ELÉTRICAS / CAIXAS DE PASSAGEM EMPREGANDO ARGAMASSA DE CIMENTO, CAL E AREIA",und,teste,persistencia,False,18,6,6,229.08131666666628,7.915000000000002,15.135432490241772,0.9983713174890907,calculado,0.0
der_es,"INSTALAÇÕES ELÉTRICAS / CAIXAS DE PASSAGEM EMPREGANDO ARGAMASSA DE CIMENTO, CAL E AREIA",und,teste,linear_simples,True,18,6,6,286.2427720345321,10.581908783192763,16.918710708400095,0.9979649209133663,calculado,-24.952473732740422
der_es,"INSTALAÇÕES ELÉTRICAS / CAIXAS DE PASSAGEM EMPREGANDO ARGAMASSA DE CIMENTO, CAL E AREIA",und,teste,linear_multipla,False,18,6,6,295.0957511139451,10.67284132136051,17.178351233862493,0.997901979542128,calculado,-28.81703117820633
der_es,"INSTALAÇÕES ELÉTRICAS / CHAVES, FUSIVEIS E DISJUNTORES",und,validacao,persistencia,False,90,45,0,0.0,0.0,0.0,1.0,calculado,
der_es,"INSTALAÇÕES ELÉTRICAS / CHAVES, FUSIVEIS E DISJUNTORES",und,validacao,linear_simples,True,90,45,0,2.3019202113702035,0.9461960419917448,1.517208031672059,0.9999415648354046,calculado,
der_es,"INSTALAÇÕES ELÉTRICAS / CHAVES, FUSIVEIS E DISJUNTORES",und,validacao,linear_multipla,False,90,45,0,2.6864297686331624,1.0131064093521946,1.6390331810653385,0.9999318039066131,calculado,
der_es,"INSTALAÇÕES ELÉTRICAS / CHAVES, FUSIVEIS E DISJUNTORES",und,teste,persistencia,False,135,45,0,115.0120422222222,4.597555555555554,10.724366751571964,0.9969151229851196,calculado,0.0
der_es,"INSTALAÇÕES ELÉTRICAS / CHAVES, FUSIVEIS E DISJUNTORES",und,teste,linear_simples,True,135,45,0,123.56879685654481,4.782414459479017,11.116150271408928,0.9966856119253786,calculado,-7.4398771372040695
der_es,"INSTALAÇÕES ELÉTRICAS / CHAVES, FUSIVEIS E DISJUNTORES",und,teste,linear_multipla,False,135,45,0,124.10083628356574,4.789187475972115,11.14005548835219,0.9966713414527593,calculado,-7.9024716766462495
der_es,INSTALAÇÕES ELÉTRICAS / COMPOSIÇÕES INTERMEDIÁRIAS P/ ELETRICA,und,validacao,persistencia,False,14,7,0,0.0,0.0,0.0,1.0,calculado,
der_es,INSTALAÇÕES ELÉTRICAS / COMPOSIÇÕES INTERMEDIÁRIAS P/ ELETRICA,und,validacao,linear_simples,True,14,7,0,0.02983821995707205,0.16332926490911767,0.17273743067752295,0.9998006198725213,calculado,
der_es,INSTALAÇÕES ELÉTRICAS / COMPOSIÇÕES INTERMEDIÁRIAS P/ ELETRICA,und,validacao,linear_multipla,False,14,7,0,0.03128295855510946,0.16661112402582592,0.17686989160145222,0.999790966073928,calculado,
der_es,INSTALAÇÕES ELÉTRICAS / COMPOSIÇÕES INTERMEDIÁRIAS P/ ELETRICA,und,teste,persistencia,False,21,7,0,1.5627761904761908,0.6833333333333333,1.2501104713089122,0.9902984348532957,calculado,0.0
der_es,INSTALAÇÕES ELÉTRICAS / COMPOSIÇÕES INTERMEDIÁRIAS P/ ELETRICA,und,teste,linear_simples,True,21,7,0,1.6002864944046713,0.7848724447896654,1.2650243058552952,0.9900655744735096,calculado,-2.4002351812802343
der_es,INSTALAÇÕES ELÉTRICAS / COMPOSIÇÕES INTERMEDIÁRIAS P/ ELETRICA,und,teste,linear_multipla,False,21,7,0,1.6009520449469823,0.7864193730751998,1.2652873369108624,0.9900614427993877,calculado,-2.44282288810396
der_es,INSTALAÇÕES ELÉTRICAS / ELETRODUTOS E CONEXÕES,m,validacao,persistencia,False,34,17,0,0.0,0.0,0.0,1.0,calculado,
der_es,INSTALAÇÕES ELÉTRICAS / ELETRODUTOS E CONEXÕES,m,validacao,linear_simples,True,34,17,0,1.3500522416194758,0.8144119601383991,1.1619174848583163,0.999433057212804,calculado,
der_es,INSTALAÇÕES ELÉTRICAS / ELETRODUTOS E CONEXÕES,m,validacao,linear_multipla,False,34,17,0,1.6482459578535131,0.8980670684771999,1.283840316337477,0.9993078333352426,calculado,
der_es,INSTALAÇÕES ELÉTRICAS / ELETRODUTOS E CONEXÕES,m,teste,persistencia,False,51,17,0,5.267060784313725,1.153137254901961,2.295007796133539,0.9977358078028972,calculado,0.0
der_es,INSTALAÇÕES ELÉTRICAS / ELETRODUTOS E CONEXÕES,m,teste,linear_simples,True,51,17,0,5.864638054139464,1.3982866762510193,2.4217014791545766,0.9974789226354551,calculado,-11.345554841619329
der_es,INSTALAÇÕES ELÉTRICAS / ELETRODUTOS E CONEXÕES,m,teste,linear_multipla,False,51,17,0,5.8599273293104055,1.411757493823417,2.4207286773429204,0.997480947671208,calculado,-11.256117392120215
der_es,INSTALAÇÕES ELÉTRICAS / ENVELOPAMENTO DE ELETRODUTOS,m,validacao,persistencia,False,8,4,0,0.7440625000000026,0.49375000000000036,0.8625905749543074,0.9998400011800535,calculado,0.0
der_es,INSTALAÇÕES ELÉTRICAS / ENVELOPAMENTO DE ELETRODUTOS,m,validacao,linear_simples,True,8,4,0,4.342187008278545,1.787453865498394,2.0837914982738903,0.9990662816667796,calculado,-483.5782623473874
der_es,INSTALAÇÕES ELÉTRICAS / ENVELOPAMENTO DE ELETRODUTOS,m,validacao,linear_multipla,False,8,4,0,4.746769991369768,1.9166171661213713,2.178708330954322,0.9989792825237439,calculado,-537.953127777539
der_es,INSTALAÇÕES ELÉTRICAS / ENVELOPAMENTO DE ELETRODUTOS,m,teste,persistencia,False,12,4,0,12.803199999999975,1.9233333333333331,3.5781559496478037,0.9972900992476857,calculado,0.0
der_es,INSTALAÇÕES ELÉTRICAS / ENVELOPAMENTO DE ELETRODUTOS,m,teste,linear_simples,True,12,4,0,9.784376853270073,2.2419655615672056,3.127998857619688,0.9979290575640775,calculado,23.578661168535273
der_es,INSTALAÇÕES ELÉTRICAS / ENVELOPAMENTO DE ELETRODUTOS,m,teste,linear_multipla,False,12,4,0,9.607830630702653,2.4290742631612723,3.0996500819774244,0.997966424998887,calculado,24.95758380168496
der_es,INSTALAÇÕES ELÉTRICAS / FIOS E CABOS,m,validacao,persistencia,False,72,36,0,0.0,0.0,0.0,1.0,calculado,
der_es,INSTALAÇÕES ELÉTRICAS / FIOS E CABOS,m,validacao,linear_simples,True,72,36,0,0.4848166056613332,0.575936006503673,0.6962877319480311,0.9999333683869888,calculado,
der_es,INSTALAÇÕES ELÉTRICAS / FIOS E CABOS,m,validacao,linear_multipla,False,72,36,0,0.5248662052710559,0.5965321253986346,0.7244765042919307,0.9999278641006436,calculado,
der_es,INSTALAÇÕES ELÉTRICAS / FIOS E CABOS,m,teste,persistencia,False,108,36,0,39.629632407407385,2.3732407407407408,6.295207098055424,0.9952044503821177,calculado,0.0
der_es,INSTALAÇÕES ELÉTRICAS / FIOS E CABOS,m,teste,linear_simples,True,108,36,0,36.14574487378352,2.249014937500156,6.0121331383946846,0.9956260327818447,calculado,8.791117459299652
der_es,INSTALAÇÕES ELÉTRICAS / FIOS E CABOS,m,teste,linear_multipla,False,108,36,0,36.01953331302349,2.214554570828016,6.001627555340591,0.9956413055402632,calculado,9.109595207118588
der_es,INSTALAÇÕES ELÉTRICAS / INSTALAÇÕES APARENTES,m,validacao,persistencia,False,22,11,0,0.0,0.0,0.0,1.0,calculado,
der_es,INSTALAÇÕES ELÉTRICAS / INSTALAÇÕES APARENTES,m,validacao,linear_simples,True,22,11,0,0.24542248060441574,0.35748640215376004,0.49540133286499716,0.999764816081787,calculado,
der_es,INSTALAÇÕES ELÉTRICAS / INSTALAÇÕES APARENTES,m,validacao,linear_multipla,False,22,11,0,0.2929850918500697,0.3957055716215223,0.5412809731092252,0.9997192376928569,calculado,
der_es,INSTALAÇÕES ELÉTRICAS / INSTALAÇÕES APARENTES,m,teste,persistencia,False,33,11,0,68.77669696969697,4.00969696969697,8.293171707476999,0.95541742746667,calculado,0.0
der_es,INSTALAÇÕES ELÉTRICAS / INSTALAÇÕES APARENTES,m,teste,linear_simples,True,33,11,0,73.29246351628551,4.334271338493052,8.561101769999322,0.9524902079507986,calculado,-6.5658380607870495
der_es,INSTALAÇÕES ELÉTRICAS / INSTALAÇÕES APARENTES,m,teste,linear_multipla,False,33,11,0,74.44972837496557,4.509469132141743,8.62842560233126,0.9517400433343572,calculado,-8.248478998298133
der_es,INSTALAÇÕES ELÉTRICAS / INSTALAÇÕES APARENTES,und,validacao,persistencia,False,46,23,0,0.0,0.0,0.0,1.0,calculado,
der_es,INSTALAÇÕES ELÉTRICAS / INSTALAÇÕES APARENTES,und,validacao,linear_simples,True,46,23,0,1.8712909183611488,1.0202561286125775,1.367951358185352,0.9984199435682047,calculado,
der_es,INSTALAÇÕES ELÉTRICAS / INSTALAÇÕES APARENTES,und,validacao,linear_multipla,False,46,23,0,4.639765857020248,1.5903846125005696,2.154011573093387,0.9960823344930091,calculado,
der_es,INSTALAÇÕES ELÉTRICAS / INSTALAÇÕES APARENTES,und,teste,persistencia,False,69,23,0,18.849482608695656,1.7621739130434784,4.341599084288605,0.9862365365337084,calculado,0.0
der_es,INSTALAÇÕES ELÉTRICAS / INSTALAÇÕES APARENTES,und,teste,linear_simples,True,69,23,0,15.945022694854453,1.8358689876208931,3.993121923364531,0.9883573071003774,calculado,15.408698340087678
der_es,INSTALAÇÕES ELÉTRICAS / INSTALAÇÕES APARENTES,und,teste,linear_multipla,False,69,23,0,15.303136340190141,1.8946794910732185,3.911922333097903,0.9888259979167427,calculado,18.814024459586555
der_es,INSTALAÇÕES ELÉTRICAS / PADRAO DE ENTRADA DE ENERGIA - NORTEC-01 - ESCELSA,und,validacao,persistencia,False,26,13,0,1396.630446153868,15.609230769230976,37.371519184452055,0.9999982709374025,calculado,0.0
der_es,INSTALAÇÕES ELÉTRICAS / PADRAO DE ENTRADA DE ENERGIA - NORTEC-01 - ESCELSA,und,validacao,linear_simples,True,26,13,0,17230.14169303188,91.8067498857217,131.26363431290434,0.9999786686638309,calculado,-1133.6936904448396
der_es,INSTALAÇÕES ELÉTRICAS / PADRAO DE ENTRADA DE ENERGIA - NORTEC-01 - ESCELSA,und,validacao,linear_multipla,False,26,13,0,30035.776672906006,132.39063730815283,173.3083283425987,0.9999628149750174,calculado,-2050.5887083888574
der_es,INSTALAÇÕES ELÉTRICAS / PADRAO DE ENTRADA DE ENERGIA - NORTEC-01 - ESCELSA,und,teste,persistencia,False,39,13,0,751742.8664820523,400.3076923076922,867.0310643120305,0.9991218628159855,calculado,0.0
der_es,INSTALAÇÕES ELÉTRICAS / PADRAO DE ENTRADA DE ENERGIA - NORTEC-01 - ESCELSA,und,teste,linear_simples,True,39,13,0,845050.9938628995,433.2362369563403,919.2665521288694,0.9990128663227998,calculado,-12.412239815124995
der_es,INSTALAÇÕES ELÉTRICAS / PADRAO DE ENTRADA DE ENERGIA - NORTEC-01 - ESCELSA,und,teste,linear_multipla,False,39,13,0,1044468.7927884903,518.6121111257409,1021.9925600455663,0.9987799194041143,calculado,-38.93963472860262
der_es,INSTALAÇÕES ELÉTRICAS / PONTOS ELETRICOS REVISAO NR-10,und,validacao,persistencia,False,34,17,0,0.0,0.0,0.0,1.0,calculado,
der_es,INSTALAÇÕES ELÉTRICAS / PONTOS ELETRICOS REVISAO NR-10,und,validacao,linear_simples,True,34,17,0,6.956053905146355,2.5344834668411202,2.6374332039212587,0.9993670856488219,calculado,
der_es,INSTALAÇÕES ELÉTRICAS / PONTOS ELETRICOS REVISAO NR-10,und,validacao,linear_multipla,False,34,17,0,7.125504051296429,2.5523121872594636,2.6693639787965275,0.9993516677939908,calculado,
der_es,INSTALAÇÕES ELÉTRICAS / PONTOS ELETRICOS REVISAO NR-10,und,teste,persistencia,False,51,17,0,66.39719215686274,5.339215686274511,8.148447223665546,0.994243910179467,calculado,0.0
der_es,INSTALAÇÕES ELÉTRICAS / PONTOS ELETRICOS REVISAO NR-10,und,teste,linear_simples,True,51,17,0,46.65830363245061,4.710079843059075,6.830688371785864,0.9959551092770973,calculado,29.72849887654766
der_es,INSTALAÇÕES ELÉTRICAS / PONTOS ELETRICOS REVISAO NR-10,und,teste,linear_multipla,False,51,17,0,38.943172961122066,4.384962566757325,6.240446535394889,0.9966239475770121,calculado,41.34816293267465
der_es,INSTALAÇÕES ELÉTRICAS / QUADRO DE DISTRIBUIÇÃO,und,validacao,persistencia,False,20,10,0,0.0,0.0,0.0,1.0,calculado,
der_es,INSTALAÇÕES ELÉTRICAS / QUADRO DE DISTRIBUIÇÃO,und,validacao,linear_simples,True,20,10,0,66.44023364454924,5.890688013465345,8.151087881046875,0.9997737045925886,calculado,
der_es,INSTALAÇÕES ELÉTRICAS / QUADRO DE DISTRIBUIÇÃO,und,validacao,linear_multipla,False,20,10,0,86.02872826894534,6.643298486572593,9.275167290617746,0.9997069861882658,calculado,
der_es,INSTALAÇÕES ELÉTRICAS / QUADRO DE DISTRIBUIÇÃO,und,teste,persistencia,False,30,10,10,19311.70941666667,84.00500000000001,138.96657661706527,0.9198844350798108,calculado,0.0
der_es,INSTALAÇÕES ELÉTRICAS / QUADRO DE DISTRIBUIÇÃO,und,teste,linear_simples,True,30,10,10,20394.05961555171,87.93707694213336,142.80777155166209,0.9153942526855833,calculado,-5.604631757512543
der_es,INSTALAÇÕES ELÉTRICAS / QUADRO DE DISTRIBUIÇÃO,und,teste,linear_multipla,False,30,10,10,19989.40373238138,87.38153313928005,141.38388781039154,0.9170729872801754,calculado,-3.5092404359079534
der_es,"INSTALAÇÕES ELÉTRICAS / QUADROS DE DISTRIBUIÇÃO COM BARRAMENTO, TRINCO E FECHADURA",und,validacao,persistencia,False,10,5,0,0.0,0.0,0.0,1.0,calculado,
der_es,"INSTALAÇÕES ELÉTRICAS / QUADROS DE DISTRIBUIÇÃO COM BARRAMENTO, TRINCO E FECHADURA",und,validacao,linear_simples,False,10,5,0,15.355911990860486,3.063234243385705,3.9186620153900087,0.9992829489703209,calculado,
der_es,"INSTALAÇÕES ELÉTRICAS / QUADROS DE DISTRIBUIÇÃO COM BARRAMENTO, TRINCO E FECHADURA",und,validacao,linear_multipla,True,10,5,0,15.056906388150646,3.0516141634218457,3.8803229747213885,0.9992969111677749,calculado,
der_es,"INSTALAÇÕES ELÉTRICAS / QUADROS DE DISTRIBUIÇÃO COM BARRAMENTO, TRINCO E FECHADURA",und,teste,persistencia,False,15,5,0,1333.5811999999999,19.42800000000001,36.51823106340174,0.9480502650036051,calculado,0.0
der_es,"INSTALAÇÕES ELÉTRICAS / QUADROS DE DISTRIBUIÇÃO COM BARRAMENTO, TRINCO E FECHADURA",und,teste,linear_simples,False,15,5,0,1422.70604994435,20.169272198701044,37.71877582775387,0.9445784011709398,calculado,-6.683121353566638
der_es,"INSTALAÇÕES ELÉTRICAS / QUADROS DE DISTRIBUIÇÃO COM BARRAMENTO, TRINCO E FECHADURA",und,teste,linear_multipla,True,15,5,0,1425.359089687642,20.722679166381432,37.753928135859475,0.9444750518498795,calculado,-6.882062351182071
der_es,"INSTALAÇÕES ELÉTRICAS / TERMINAIS, CONECTORES E ABRAÇADEIRAS",und,validacao,persistencia,False,48,24,0,0.0,0.0,0.0,1.0,calculado,
der_es,"INSTALAÇÕES ELÉTRICAS / TERMINAIS, CONECTORES E ABRAÇADEIRAS",und,validacao,linear_simples,True,48,24,0,2.3675500067765545,0.9303399948157892,1.5386845052760343,0.9993934862181544,calculado,
der_es,"INSTALAÇÕES ELÉTRICAS / TERMINAIS, CONECTORES E ABRAÇADEIRAS",und,validacao,linear_multipla,False,48,24,0,3.464687689337042,1.1175375775213503,1.8613671559735447,0.9991124238865667,calculado,
der_es,"INSTALAÇÕES ELÉTRICAS / TERMINAIS, CONECTORES E ABRAÇADEIRAS",und,teste,persistencia,False,72,24,0,5.3827583333333315,1.0063888888888886,2.3200772257261892,0.9985741211577551,calculado,0.0
der_es,"INSTALAÇÕES ELÉTRICAS / TERMINAIS, CONECTORES E ABRAÇADEIRAS",und,teste,linear_simples,True,72,24,0,6.064212225980644,1.3716273227119213,2.4625621263189776,0.9983936057737607,calculado,-12.659938463655957
der_es,"INSTALAÇÕES ELÉTRICAS / TERMINAIS, CONECTORES E ABRAÇADEIRAS",und,teste,linear_multipla,False,72,24,0,6.3030651936811255,1.438939736543051,2.510590606546819,0.9983303342367603,calculado,-17.09730965718247
der_es,INSTALAÇÕES HIDRO-SANITÁRIAS / ABERTURA E FECHAMENTO DE RASGOS (inclusive preparo e aplicação de argamassa),m,validacao,persistencia,False,12,6,0,0.0,0.0,0.0,1.0,calculado,
der_es,INSTALAÇÕES HIDRO-SANITÁRIAS / ABERTURA E FECHAMENTO DE RASGOS (inclusive preparo e aplicação de argamassa),m,validacao,linear_simples,True,12,6,0,0.08199197939381568,0.27483649898153956,0.2863424163371813,0.9996178633454684,calculado,
der_es,INSTALAÇÕES HIDRO-SANITÁRIAS / ABERTURA E FECHAMENTO DE RASGOS (inclusive preparo e aplicação de argamassa),m,validacao,linear_multipla,False,12,6,0,0.13460338201134,0.3480359485941446,0.36688333569588577,0.9993726595397413,calculado,
der_es,INSTALAÇÕES HIDRO-SANITÁRIAS / ABERTURA E FECHAMENTO DE RASGOS (inclusive preparo e aplicação de argamassa),m,teste,persistencia,False,18,6,0,2.032994444444447,0.7505555555555559,1.42583114163089,0.9910073475459685,calculado,0.0
der_es,INSTALAÇÕES HIDRO-SANITÁRIAS / ABERTURA E FECHAMENTO DE RASGOS (inclusive preparo e aplicação de argamassa),m,teste,linear_simples,True,18,6,0,1.706960590654572,0.8231168397862227,1.3065070189840435,0.9924495104320467,calculado,16.037124679844847
der_es,INSTALAÇÕES HIDRO-SANITÁRIAS / ABERTURA E FECHAMENTO DE RASGOS (inclusive preparo e aplicação de argamassa),m,teste,linear_multipla,False,18,6,0,1.65030206609018,0.8383201876820262,1.284640831551831,0.9927001310972227,calculado,18.82407398603811
der_es,INSTALAÇÕES HIDRO-SANITÁRIAS / CAIXAS DE PVC / EQUIPAMENTOS,und,validacao,persistencia,False,8,4,0,0.0,0.0,0.0,1.0,calculado,
der_es,INSTALAÇÕES HIDRO-SANITÁRIAS / CAIXAS DE PVC / EQUIPAMENTOS,und,validacao,linear_simples,False,8,4,0,0.11006080831805308,0.3317345688408069,0.3317541383585939,0.9984669428419548,calculado,
der_es,INSTALAÇÕES HIDRO-SANITÁRIAS / CAIXAS DE PVC / EQUIPAMENTOS,und,validacao,linear_multipla,True,8,4,0,0.09052563311194292,0.3003075819868788,0.30087477978711163,0.9987390518755069,calculado,
der_es,INSTALAÇÕES HIDRO-SANITÁRIAS / CAIXAS DE PVC / EQUIPAMENTOS,und,teste,persistencia,False,48,16,0,54.29483541666668,2.660624999999999,7.368502929134702,0.9875202596467709,calculado,0.0
der_es,INSTALAÇÕES HIDRO-SANITÁRIAS / CAIXAS DE PVC / EQUIPAMENTOS,und,teste,linear_simples,False,48,16,0,55.09681504663018,2.8577727812257465,7.422722886288439,0.9873359235589328,calculado,-1.4770827166322287
der_es,INSTALAÇÕES HIDRO-SANITÁRIAS / CAIXAS DE PVC / EQUIPAMENTOS,und,teste,linear_multipla,True,48,16,0,54.788333119435556,2.7955257396401585,7.401914152395687,0.9874068285414327,calculado,-0.9089219977953746
der_es,"INSTALAÇÕES HIDRO-SANITÁRIAS / CAIXAS EMPREGANDO ARGAMASSA DE CIMENTO, CAL E AREIA",und,validacao,persistencia,False,26,13,0,16.704119230769262,2.8711538461538497,4.087067314195995,0.9994296784049458,calculado,0.0
der_es,"INSTALAÇÕES HIDRO-SANITÁRIAS / CAIXAS EMPREGANDO ARGAMASSA DE CIMENTO, CAL E AREIA",und,validacao,linear_simples,True,26,13,0,23.716436941530656,3.9749434855970267,4.869952457830636,0.9991902598419807,calculado,-41.979571708543546
der_es,"INSTALAÇÕES HIDRO-SANITÁRIAS / CAIXAS EMPREGANDO ARGAMASSA DE CIMENTO, CAL E AREIA",und,validacao,linear_multipla,False,26,13,0,30.329133166338423,4.55304701742017,5.507189225579454,0.998964485384409,calculado,-81.56679048645475
der_es,"INSTALAÇÕES HIDRO-SANITÁRIAS / CAIXAS EMPREGANDO ARGAMASSA DE CIMENTO, CAL E AREIA",und,teste,persistencia,False,39,13,0,430.76301025641015,12.953846153846156,20.75483101006631,0.985955551155696,calculado,0.0
der_es,"INSTALAÇÕES HIDRO-SANITÁRIAS / CAIXAS EMPREGANDO ARGAMASSA DE CIMENTO, CAL E AREIA",und,teste,linear_simples,True,39,13,0,312.0627563554375,13.271048399848182,17.66529808283567,0.9898256133570112,calculado,27.555814003230395
der_es,"INSTALAÇÕES HIDRO-SANITÁRIAS / CAIXAS EMPREGANDO ARGAMASSA DE CIMENTO, CAL E AREIA",und,teste,linear_multipla,False,39,13,0,301.6855833918688,13.2345090204106,17.369098519838868,0.9901639471307226,calculado,29.96483537147455
der_es,INSTALAÇÕES HIDRO-SANITÁRIAS / ENTRADA DE ÁGUA,und,validacao,persistencia,False,8,4,0,32.89417499999992,2.9924999999999926,5.735344366295708,0.9990705145796369,calculado,0.0
der_es,INSTALAÇÕES HIDRO-SANITÁRIAS / ENTRADA DE ÁGUA,und,validacao,linear_simples,True,8,4,0,62.9700652359807,5.498693794940621,7.935367996254534,0.9982206649792507,calculado,-91.4322679805189
der_es,INSTALAÇÕES HIDRO-SANITÁRIAS / ENTRADA DE ÁGUA,und,validacao,linear_multipla,False,8,4,0,100.00665945879086,7.247250045216894,10.00033296739618,0.9971741278841569,calculado,-204.02543750919762
der_es,INSTALAÇÕES HIDRO-SANITÁRIAS / ENTRADA DE ÁGUA,und,teste,persistencia,False,12,4,0,103.13855833333326,7.092499999999997,10.155715550040444,0.9970263997938139,calculado,0.0
der_es,INSTALAÇÕES HIDRO-SANITÁRIAS / ENTRADA DE ÁGUA,und,teste,linear_simples,True,12,4,0,79.6416168469027,6.982415365206478,8.924215195013101,0.9977038429458015,calculado,22.78191770966087
der_es,INSTALAÇÕES HIDRO-SANITÁRIAS / ENTRADA DE ÁGUA,und,teste,linear_multipla,False,12,4,0,82.57099484031887,7.2116562164209865,9.086858359208582,0.9976193856958071,calculado,19.941682165599143
der_es,INSTALAÇÕES HIDRO-SANITÁRIAS / FURO EM CONCRETO,cm,validacao,persistencia,False,6,3,0,0.0019333333333333457,0.0300000000000001,0.04396968652757654,0.9995084412502543,calculado,0.0
der_es,INSTALAÇÕES HIDRO-SANITÁRIAS / FURO EM CONCRETO,cm,validacao,linear_simples,True,6,3,0,0.0014893891147492722,0.030148663414214294,0.038592604404850316,0.9996213160770012,calculado,22.962631995727794
der_es,INSTALAÇÕES HIDRO-SANITÁRIAS / FURO EM CONCRETO,cm,validacao,linear_multipla,False,6,3,0,0.0037081210591222726,0.056908897562129614,0.06089434340825322,0.9990571934387614,calculado,-91.79936512701288
der_es,INSTALAÇÕES HIDRO-SANITÁRIAS / FURO EM CONCRETO,cm,teste,persistencia,False,9,3,0,0.02319999999999998,0.08444444444444442,0.15231546211727812,0.9942666064607462,calculado,0.0
der_es,INSTALAÇÕES HIDRO-SANITÁRIAS / FURO EM CONCRETO,cm,teste,linear_simples,True,9,3,0,0.016996944201785415,0.10062383849923309,0.13037232912618157,0.9957995616347597,calculado,26.73730947506281
der_es,INSTALAÇÕES HIDRO-SANITÁRIAS / FURO EM CONCRETO,cm,teste,linear_multipla,False,9,3,0,0.014476166101635308,0.10409020784338748,0.12031694021057596,0.9964225190861947,calculado,37.60273232053741
der_es,INSTALAÇÕES HIDRO-SANITÁRIAS / PONTOS HIDRO-SANITÁRIOS,pt,validacao,persistencia,False,18,9,0,0.0,0.0,0.0,1.0,calculado,
der_es,INSTALAÇÕES HIDRO-SANITÁRIAS / PONTOS HIDRO-SANITÁRIOS,pt,validacao,linear_simples,True,18,9,0,0.7023733353604391,0.7445218196109143,0.83807716551666,0.9999526770563438,calculado,
der_es,INSTALAÇÕES HIDRO-SANITÁRIAS / PONTOS HIDRO-SANITÁRIOS,pt,validacao,linear_multipla,False,18,9,0,0.8616339980936303,0.8161624822864787,0.9282424242048142,0.9999419467467069,calculado,
der_es,INSTALAÇÕES HIDRO-SANITÁRIAS / PONTOS HIDRO-SANITÁRIOS,pt,teste,persistencia,False,27,9,0,48.213048148148104,4.75,6.943561632775221,0.9969635857402863,calculado,0.0
der_es,INSTALAÇÕES HIDRO-SANITÁRIAS / PONTOS HIDRO-SANITÁRIOS,pt,teste,linear_simples,True,27,9,0,46.10791760444801,4.670445076783888,6.790281113801402,0.9970961649620317,calculado,4.3663087578107245
der_es,INSTALAÇÕES HIDRO-SANITÁRIAS / PONTOS HIDRO-SANITÁRIOS,pt,teste,linear_multipla,False,27,9,0,49.792033437437354,4.813047273040508,7.056347032100771,0.9968641426718137,calculado,-3.275016515108887
der_es,INSTALAÇÕES HIDRO-SANITÁRIAS / PONTOS HIDRO-SANITÁRIOS,und,validacao,persistencia,False,10,5,0,0.0,0.0,0.0,1.0,calculado,
der_es,INSTALAÇÕES HIDRO-SANITÁRIAS / PONTOS HIDRO-SANITÁRIOS,und,validacao,linear_simples,True,10,5,0,14.16225043569774,3.0917449526115717,3.763276555835053,0.999932921241086,calculado,
der_es,INSTALAÇÕES HIDRO-SANITÁRIAS / PONTOS HIDRO-SANITÁRIOS,und,validacao,linear_multipla,False,10,5,0,18.791574786534227,3.5350453643949264,4.334925003565139,0.9999109946882776,calculado,
der_es,INSTALAÇÕES HIDRO-SANITÁRIAS / PONTOS HIDRO-SANITÁRIOS,und,teste,persistencia,False,15,5,0,624.169286666667,15.008666666666672,24.983380208984272,0.9972639263627897,calculado,0.0
der_es,INSTALAÇÕES HIDRO-SANITÁRIAS / PONTOS HIDRO-SANITÁRIOS,und,teste,linear_simples,True,15,5,0,739.1184453251248,17.298516027558023,27.186732891708868,0.996760041648589,calculado,-18.41634330845336
der_es,INSTALAÇÕES HIDRO-SANITÁRIAS / PONTOS HIDRO-SANITÁRIOS,und,teste,linear_multipla,False,15,5,0,802.2981623710172,18.708002490517416,28.32486826749627,0.9964830905683157,calculado,-28.53855188159533
der_es,INSTALAÇÕES HIDRO-SANITÁRIAS / REDE DE ESGOTO - TUBOS DE PVC,m,validacao,persistencia,False,10,5,0,0.0,0.0,0.0,1.0,calculado,
der_es,INSTALAÇÕES HIDRO-SANITÁRIAS / REDE DE ESGOTO - TUBOS DE PVC,m,validacao,linear_simples,True,10,5,0,0.04695913898426041,0.1858987864257557,0.21670057448991778,0.999917263246157,calculado,
der_es,INSTALAÇÕES HIDRO-SANITÁRIAS / REDE DE ESGOTO - TUBOS DE PVC,m,validacao,linear_multipla,False,10,5,0,0.06256620345166732,0.20868790133404502,0.2501323718587167,0.9998897653431081,calculado,
der_es,INSTALAÇÕES HIDRO-SANITÁRIAS / REDE DE ESGOTO - TUBOS DE PVC,m,teste,persistencia,False,15,5,0,4.29656666666667,1.574000000000001,2.072816119839546,0.9925307681336101,calculado,0.0
der_es,INSTALAÇÕES HIDRO-SANITÁRIAS / REDE DE ESGOTO - TUBOS DE PVC,m,teste,linear_simples,True,15,5,0,4.250775135530972,1.5875757826892951,2.061740802218109,0.9926103729879285,calculado,1.0657702926142003
der_es,INSTALAÇÕES HIDRO-SANITÁRIAS / REDE DE ESGOTO - TUBOS DE PVC,m,teste,linear_multipla,False,15,5,0,4.5636494851101554,1.6443087672395678,2.136269993495709,0.9920664663658847,calculado,-6.216191651709943
der_es,INSTALAÇÕES HIDRO-SANITÁRIAS / REDE DE ÁGUA FRIA - CONEXÕES SOLDÁVEIS DE PVC,und,validacao,persistencia,False,14,7,0,0.0,0.0,0.0,1.0,calculado,
der_es,INSTALAÇÕES HIDRO-SANITÁRIAS / REDE DE ÁGUA FRIA - CONEXÕES SOLDÁVEIS DE PVC,und,validacao,linear_simples,True,14,7,0,0.2734648189995306,0.425982565960387,0.5229386378912259,0.9999656667851372,calculado,
der_es,INSTALAÇÕES HIDRO-SANITÁRIAS / REDE DE ÁGUA FRIA - CONEXÕES SOLDÁVEIS DE PVC,und,validacao,linear_multipla,False,14,7,0,0.31739151397966836,0.4627786583671037,0.5633751094782838,0.9999601518356732,calculado,
der_es,INSTALAÇÕES HIDRO-SANITÁRIAS / REDE DE ÁGUA FRIA - CONEXÕES SOLDÁVEIS DE PVC,und,teste,persistencia,False,21,7,0,447.8592285714288,5.813333333333334,21.162684814820373,0.9647324757879779,calculado,0.0
der_es,INSTALAÇÕES HIDRO-SANITÁRIAS / REDE DE ÁGUA FRIA - CONEXÕES SOLDÁVEIS DE PVC,und,teste,linear_simples,True,21,7,0,456.76446995018256,6.097627349678711,21.372048800949866,0.9640312156689426,calculado,-1.988401892969697
der_es,INSTALAÇÕES HIDRO-SANITÁRIAS / REDE DE ÁGUA FRIA - CONEXÕES SOLDÁVEIS DE PVC,und,teste,linear_multipla,False,21,7,0,459.334203024135,6.339691845751263,21.43208349704095,0.9638288571651485,calculado,-2.562183320260879
der_es,INSTALAÇÕES HIDRO-SANITÁRIAS / REDE DE ÁGUA FRIA - TUBOS METÁLICOS,m,validacao,persistencia,False,18,9,0,14.44866666666664,2.1233333333333317,3.8011401798232383,0.9974184068575744,calculado,0.0
der_es,INSTALAÇÕES HIDRO-SANITÁRIAS / REDE DE ÁGUA FRIA - TUBOS METÁLICOS,m,validacao,linear_simples,True,18,9,0,25.319020006497468,3.5011939182046694,5.031800871109415,0.995476163307684,calculado,-75.23430078782944
der_es,INSTALAÇÕES HIDRO-SANITÁRIAS / REDE DE ÁGUA FRIA - TUBOS METÁLICOS,m,validacao,linear_multipla,False,18,9,0,29.479963311746346,3.8314071661873945,5.429545405625258,0.9947327132059778,calculado,-104.0324134527735
der_es,INSTALAÇÕES HIDRO-SANITÁRIAS / REDE DE ÁGUA FRIA - TUBOS METÁLICOS,m,teste,persistencia,False,27,9,0,8.571948148148172,1.6051851851851837,2.9277889521186755,0.9985571851418932,calculado,0.0
der_es,INSTALAÇÕES HIDRO-SANITÁRIAS / REDE DE ÁGUA FRIA - TUBOS METÁLICOS,m,teste,linear_simples,True,27,9,0,16.213938795717482,2.804644255603046,4.026653548011982,0.9972708990536826,calculado,-89.15115345419157
der_es,INSTALAÇÕES HIDRO-SANITÁRIAS / REDE DE ÁGUA FRIA - TUBOS METÁLICOS,m,teste,linear_multipla,False,27,9,0,21.398694840787805,3.3830606916259716,4.62587233295384,0.9963982102636667,calculado,-149.63630753425218
der_es,INSTALAÇÕES HIDRO-SANITÁRIAS / REDE DE ÁGUA FRIA - TUBOS SOLDÁVEIS DE PVC,m,validacao,persistencia,False,16,8,0,0.0,0.0,0.0,1.0,calculado,
der_es,INSTALAÇÕES HIDRO-SANITÁRIAS / REDE DE ÁGUA FRIA - TUBOS SOLDÁVEIS DE PVC,m,validacao,linear_simples,True,16,8,0,0.3312598764692201,0.40034206464818345,0.5755518017252835,0.9997262037653821,calculado,
der_es,INSTALAÇÕES HIDRO-SANITÁRIAS / REDE DE ÁGUA FRIA - TUBOS SOLDÁVEIS DE PVC,m,validacao,linear_multipla,False,16,8,0,0.41108736609695234,0.44495649881571486,0.6411609517874216,0.9996602239482306,calculado,
der_es,INSTALAÇÕES HIDRO-SANITÁRIAS / REDE DE ÁGUA FRIA - TUBOS SOLDÁVEIS DE PVC,m,teste,persistencia,False,24,8,0,3.8273958333333353,1.3687499999999997,1.9563731324400606,0.9967243014979736,calculado,0.0
der_es,INSTALAÇÕES HIDRO-SANITÁRIAS / REDE DE ÁGUA FRIA - TUBOS SOLDÁVEIS DE PVC,m,teste,linear_simples,True,24,8,0,3.601141685097874,1.341334657304883,1.8976674326914804,0.996917942398138,calculado,5.911438431974598
der_es,INSTALAÇÕES HIDRO-SANITÁRIAS / REDE DE ÁGUA FRIA - TUBOS SOLDÁVEIS DE PVC,m,teste,linear_multipla,False,24,8,0,3.5857959895523677,1.3220313327247628,1.8936198112483846,0.9969310760989883,calculado,6.312381951112561
der_es,INSTALAÇÕES HIDRO-SANITÁRIAS / REVISÕES E REPAROS,und,validacao,persistencia,False,4,2,0,0.0,0.0,0.0,1.0,calculado,
der_es,INSTALAÇÕES HIDRO-SANITÁRIAS / REVISÕES E REPAROS,und,validacao,linear_simples,True,4,2,0,0.029368552520830815,0.13215787619981612,0.17137255474792576,0.9987226635095938,calculado,
der_es,INSTALAÇÕES HIDRO-SANITÁRIAS / REVISÕES E REPAROS,und,validacao,linear_multipla,False,4,2,0,0.036089201427345424,0.1525604019301685,0.18997158057811023,0.9984303600301694,calculado,
der_es,INSTALAÇÕES HIDRO-SANITÁRIAS / REVISÕES E REPAROS,und,teste,persistencia,False,12,4,0,3.7822833333333334,0.9650000000000002,1.9448093308428294,0.8771161274444728,calculado,0.0
der_es,INSTALAÇÕES HIDRO-SANITÁRIAS / REVISÕES E REPAROS,und,teste,linear_simples,True,12,4,0,3.623666316481352,1.008875927209157,1.9035930017945937,0.8822694889370395,calculado,4.193684155126267
der_es,INSTALAÇÕES HIDRO-SANITÁRIAS / REVISÕES E REPAROS,und,teste,linear_multipla,False,12,4,0,3.614019758489853,1.0439792664155425,1.9010575368699005,0.8825828991970218,calculado,4.448730039882799
der_es,"INSTALAÇÕES HIDRO-SANITÁRIAS / SUMIDOUROS, FOSSAS SÉPTICAS E FILTROS ANAERÓBIOS",und,validacao,persistencia,False,8,4,0,115.99782499999802,5.457499999999982,10.770228641955473,0.9999799830485171,calculado,0.0
der_es,"INSTALAÇÕES HIDRO-SANITÁRIAS / SUMIDOUROS, FOSSAS SÉPTICAS E FILTROS ANAERÓBIOS",und,validacao,linear_simples,False,8,4,0,482.7343192209157,17.423253667083145,21.971215697382693,0.9999166978394037,calculado,-316.1580781544171
der_es,"INSTALAÇÕES HIDRO-SANITÁRIAS / SUMIDOUROS, FOSSAS SÉPTICAS E FILTROS ANAERÓBIOS",und,validacao,linear_multipla,True,8,4,0,466.9205522995652,17.122778960247786,21.608344506221783,0.999919426713029,calculado,-302.52526484834794
der_es,"INSTALAÇÕES HIDRO-SANITÁRIAS / SUMIDOUROS, FOSSAS SÉPTICAS E FILTROS ANAERÓBIOS",und,teste,persistencia,False,12,4,0,8882.228533333366,66.49166666666683,94.24557566980725,0.9985318579475059,calculado,0.0
der_es,"INSTALAÇÕES HIDRO-SANITÁRIAS / SUMIDOUROS, FOSSAS SÉPTICAS E FILTROS ANAERÓBIOS",und,teste,linear_simples,False,12,4,0,8659.785298380712,68.25856693396877,93.05796740946317,0.9985686255522012,calculado,2.504362887285164
der_es,"INSTALAÇÕES HIDRO-SANITÁRIAS / SUMIDOUROS, FOSSAS SÉPTICAS E FILTROS ANAERÓBIOS",und,teste,linear_multipla,True,12,4,0,8782.91157188779,69.61434420532919,93.71718930851367,0.998548274031271,calculado,1.1181536376018497
der_es,INSTALAÇÕES HIDRO-SANITÁRIAS / TUBULAÇÃO DE LIGAÇÃO DE CAIXAS,m,validacao,persistencia,False,12,6,0,3.684150000000009,0.7800000000000011,1.91941397306574,0.9982412109157036,calculado,0.0
der_es,INSTALAÇÕES HIDRO-SANITÁRIAS / TUBULAÇÃO DE LIGAÇÃO DE CAIXAS,m,validacao,linear_simples,True,12,6,0,3.628393717996749,0.8722099997726561,1.9048343019792429,0.9982678285996113,calculado,1.5134096603900453
der_es,INSTALAÇÕES HIDRO-SANITÁRIAS / TUBULAÇÃO DE LIGAÇÃO DE CAIXAS,m,validacao,linear_multipla,False,12,6,0,3.6658445727530764,0.8194228272409821,1.9146395412069281,0.998249949806798,calculado,0.49686975956279444
der_es,INSTALAÇÕES HIDRO-SANITÁRIAS / TUBULAÇÃO DE LIGAÇÃO DE CAIXAS,m,teste,persistencia,False,18,6,0,20.558294444444446,2.4361111111111113,4.534125543524842,0.991347516295886,calculado,0.0
der_es,INSTALAÇÕES HIDRO-SANITÁRIAS / TUBULAÇÃO DE LIGAÇÃO DE CAIXAS,m,teste,linear_simples,True,18,6,0,21.15846615829361,2.525320833304258,4.599833275053957,0.9910949186892225,calculado,-2.919365297890026
der_es,INSTALAÇÕES HIDRO-SANITÁRIAS / TUBULAÇÃO DE LIGAÇÃO DE CAIXAS,m,teste,linear_multipla,False,18,6,0,23.65645239873737,2.8172791535466413,4.863789921320345,0.990043577329318,calculado,-15.070111787070697
der_es,ITENS DE SERVIÇOS AUXILIARES / SERVIÇOS AUXILIARES 01,m,validacao,persistencia,False,26,13,0,0.029161538461538485,0.04846153846153866,0.17076749825870988,0.999981063643333,calculado,0.0
der_es,ITENS DE SERVIÇOS AUXILIARES / SERVIÇOS AUXILIARES 01,m,validacao,linear_simples,True,26,13,0,98.45996850228997,8.477980095530222,9.922699657970606,0.9360639671515809,calculado,-337536.3995066654
der_es,ITENS DE SERVIÇOS AUXILIARES / SERVIÇOS AUXILIARES 01,m,validacao,linear_multipla,False,26,13,0,120.6350149294924,9.23900642549626,10.983397239902251,0.9216643637558937,calculado,-413578.5001538908
der_es,ITENS DE SERVIÇOS AUXILIARES / SERVIÇOS AUXILIARES 01,m,teste,persistencia,False,18,13,5,721.3779166666668,10.101666666666667,26.858479418363707,0.6337493299076231,calculado,0.0
der_es,ITENS DE SERVIÇOS AUXILIARES / SERVIÇOS AUXILIARES 01,m,teste,linear_simples,True,18,13,5,710.8169883242895,12.955569535684493,26.661151294051226,0.6391112171969737,calculado,1.4639938509868906
der_es,ITENS DE SERVIÇOS AUXILIARES / SERVIÇOS AUXILIARES 01,m,teste,linear_multipla,False,18,13,5,712.4848163290854,13.053038895639089,26.69241121234808,0.6382644444995534,calculado,1.2327935374948094
der_es,ITENS DE SERVIÇOS AUXILIARES / SERVIÇOS AUXILIARES 01,m2,validacao,persistencia,False,34,17,0,0.009941176470588176,0.018235294117646985,0.09970544855015785,0.9999967552303393,calculado,0.0
der_es,ITENS DE SERVIÇOS AUXILIARES / SERVIÇOS AUXILIARES 01,m2,validacao,linear_simples,False,34,17,0,426.7983334121338,15.155272500423196,20.659098078380232,0.8606943265118266,calculado,-4293137.673376519
der_es,ITENS DE SERVIÇOS AUXILIARES / SERVIÇOS AUXILIARES 01,m2,validacao,linear_multipla,True,34,17,0,416.0832338039925,14.13573405863872,20.398118388812055,0.8641917023227195,calculado,-4185352.6477324944
der_es,ITENS DE SERVIÇOS AUXILIARES / SERVIÇOS AUXILIARES 01,m2,teste,persistencia,False,29,17,10,2096.371244827587,18.26793103448276,45.7861468659199,0.2871768095159254,calculado,0.0
der_es,ITENS DE SERVIÇOS AUXILIARES / SERVIÇOS AUXILIARES 01,m2,teste,linear_simples,False,29,17,10,1611.1015719165061,22.123069204555428,40.13852976774942,0.4521816851280639,calculado,23.14807904889914
der_es,ITENS DE SERVIÇOS AUXILIARES / SERVIÇOS AUXILIARES 01,m2,teste,linear_multipla,True,29,17,10,1610.3417624433778,21.781911552125024,40.12906381219699,0.4524400409961534,calculado,23.184323081295744
der_es,ITENS DE SERVIÇOS AUXILIARES / SERVIÇOS AUXILIARES 01,m3,validacao,persistencia,False,10,5,0,46.403920000000014,4.485999999999995,6.812042278201157,0.9969460015039323,calculado,0.0
der_es,ITENS DE SERVIÇOS AUXILIARES / SERVIÇOS AUXILIARES 01,m3,validacao,linear_simples,True,10,5,0,389.8759360971395,13.938627654265327,19.745276298323596,0.9743409495901716,calculado,-740.1788816486611
der_es,ITENS DE SERVIÇOS AUXILIARES / SERVIÇOS AUXILIARES 01,m3,validacao,linear_multipla,False,10,5,0,613.3108522997991,20.278470312915736,24.765113613706664,0.959635944106757,calculado,-1221.678970870993
der_es,ITENS DE SERVIÇOS AUXILIARES / SERVIÇOS AUXILIARES 01,m3,teste,persistencia,False,13,5,4,18637.83277692308,68.34384615384616,136.52044820071123,0.035500243549349664,calculado,0.0
der_es,ITENS DE SERVIÇOS AUXILIARES / SERVIÇOS AUXILIARES 01,m3,teste,linear_simples,True,13,5,4,17444.613305222287,71.08053474210092,132.07805762208304,0.0972488332927105,calculado,6.402136374880493
der_es,ITENS DE SERVIÇOS AUXILIARES / SERVIÇOS AUXILIARES 01,m3,teste,linear_multipla,False,13,5,4,19663.55256706511,97.47797490480669,140.22678976238853,-0.017580310376616337,calculado,-5.503428442667728
der_es,ITENS DE SERVIÇOS AUXILIARES / SERVIÇOS AUXILIARES 01,und,validacao,persistencia,False,30,15,0,0.2203100000000064,0.10833333333333713,0.46937192076221007,0.9999992042076851,calculado,0.0
der_es,ITENS DE SERVIÇOS AUXILIARES / SERVIÇOS AUXILIARES 01,und,validacao,linear_simples,True,30,15,0,77031.42801918884,135.14125762192032,277.5453620927376,0.7217510851717592,calculado,-34964916.5762728
der_es,ITENS DE SERVIÇOS AUXILIARES / SERVIÇOS AUXILIARES 01,und,validacao,linear_multipla,False,30,15,0,3978790.0552614257,592.7862249413033,1994.6904660276055,-13.37197834278895,calculado,-1805996021.4930372
der_es,ITENS DE SERVIÇOS AUXILIARES / SERVIÇOS AUXILIARES 01,und,teste,persistencia,False,23,15,8,24603.877369565227,52.36913043478262,156.85623152927405,0.882546173478151,calculado,0.0
der_es,ITENS DE SERVIÇOS AUXILIARES / SERVIÇOS AUXILIARES 01,und,teste,linear_simples,True,23,15,8,35565.16515441808,97.4007427431101,188.58728789188862,0.8302192505870979,calculado,-44.55105843769106
der_es,ITENS DE SERVIÇOS AUXILIARES / SERVIÇOS AUXILIARES 01,und,teste,linear_multipla,False,23,15,8,55139.160009233725,126.32249068396085,234.81729069477342,0.7367770438371579,calculado,-124.10760377728255
der_es,ITENS DE SERVIÇOS AUXILIARES / SERVIÇOS AUXILIARES 02,chi,validacao,persistencia,False,10,5,0,0.41618999999999867,0.3669999999999998,0.6451278942969361,0.9998859087438361,calculado,0.0
der_es,ITENS DE SERVIÇOS AUXILIARES / SERVIÇOS AUXILIARES 02,chi,validacao,linear_simples,False,10,5,0,0.3853991488540077,0.3919925986363415,0.6208052422894057,0.9998943495206102,calculado,7.398267893508024
der_es,ITENS DE SERVIÇOS AUXILIARES / SERVIÇOS AUXILIARES 02,chi,validacao,linear_multipla,True,10,5,0,0.3160080696949929,0.35624836611016547,0.5621459505279682,0.9999133718791191,calculado,24.071200726832956
der_es,ITENS DE SERVIÇOS AUXILIARES / SERVIÇOS AUXILIARES 02,chi,teste,persistencia,False,12,5,2,2238.096666666667,15.846666666666666,47.30852636329594,0.3187461044917016,calculado,0.0
der_es,ITENS DE SERVIÇOS AUXILIARES / SERVIÇOS AUXILIARES 02,chi,teste,linear_simples,False,12,5,2,2246.325425832893,15.976929046746784,47.39541566262388,0.3162413537717337,calculado,-0.3676677280647464
der_es,ITENS DE SERVIÇOS AUXILIARES / SERVIÇOS AUXILIARES 02,chi,teste,linear_multipla,True,12,5,2,2251.7300861085723,16.067783241179573,47.45239810703535,0.3145962300728591,calculado,-0.6091523947538242
der_es,ITENS DE SERVIÇOS AUXILIARES / SERVIÇOS AUXILIARES 02,chp,validacao,persistencia,False,24,12,0,1.7355541666666854,0.8579166666666712,1.3174043292272442,0.9998753733884674,calculado,0.0
der_es,ITENS DE SERVIÇOS AUXILIARES / SERVIÇOS AUXILIARES 02,chp,validacao,linear_simples,True,24,12,0,2.4031495591435217,1.0457140739020525,1.5502095210465976,0.9998274347223992,calculado,-38.46583444635575
der_es,ITENS DE SERVIÇOS AUXILIARES / SERVIÇOS AUXILIARES 02,chp,validacao,linear_multipla,False,24,12,0,3.8852433330427836,1.3307656442156972,1.9711020605343559,0.9997210085856861,calculado,-123.86183085860137
der_es,ITENS DE SERVIÇOS AUXILIARES / SERVIÇOS AUXILIARES 02,chp,teste,persistencia,False,36,12,5,3893.8232305555553,22.31027777777778,62.40050665303572,0.7495274111987236,calculado,0.0
der_es,ITENS DE SERVIÇOS AUXILIARES / SERVIÇOS AUXILIARES 02,chp,teste,linear_simples,True,36,12,5,3893.1296805470038,22.31824222399154,62.394949158942374,0.749572024232192,calculado,0.01781154324390145
der_es,ITENS DE SERVIÇOS AUXILIARES / SERVIÇOS AUXILIARES 02,chp,teste,linear_multipla,False,36,12,5,3889.160898263905,21.964039346148187,62.36313733499867,0.7498273186084328,calculado,0.11973661914244293
der_es,ITENS DE SERVIÇOS AUXILIARES / SERVIÇOS AUXILIARES 02,h,validacao,persistencia,False,104,52,0,0.25674615384615235,0.2471153846153841,0.5067012471330146,0.9998441209044643,calculado,0.0
der_es,ITENS DE SERVIÇOS AUXILIARES / SERVIÇOS AUXILIARES 02,h,validacao,linear_simples,False,104,52,0,0.26391060771756086,0.2555081964631331,0.5137223060346522,0.9998397711271736,calculado,-2.790481479111701
der_es,ITENS DE SERVIÇOS AUXILIARES / SERVIÇOS AUXILIARES 02,h,validacao,linear_multipla,True,104,52,0,0.16289217102982834,0.1946449666722199,0.40359902258284563,0.9999011027666448,calculado,36.55516603086615
der_es,ITENS DE SERVIÇOS AUXILIARES / SERVIÇOS AUXILIARES 02,h,teste,persistencia,False,151,52,47,876.9525026490066,10.856092715231787,29.613383843272736,0.48071950635857497,calculado,0.0
der_es,ITENS DE SERVIÇOS AUXILIARES / SERVIÇOS AUXILIARES 02,h,teste,linear_simples,False,151,52,47,876.2448554711516,10.863687915871191,29.601433334741607,0.4811385340422073,calculado,0.08069390026454848
der_es,ITENS DE SERVIÇOS AUXILIARES / SERVIÇOS AUXILIARES 02,h,teste,linear_multipla,True,151,52,47,906.5669838219509,10.929735247962757,30.109250801405718,0.463183525383587,calculado,-3.376976641663933
der_es,MOVIMENTO DE TERRA / ESCAVAÇÕES,m3,validacao,persistencia,False,8,4,0,0.06223749999999981,0.1537499999999996,0.24947444758932688,0.9999540738045767,calculado,0.0
der_es,MOVIMENTO DE TERRA / ESCAVAÇÕES,m3,validacao,linear_simples,True,8,4,0,0.4006479254021635,0.552606452526117,0.6329675547784132,0.9997043545303401,calculado,-543.7403902826508
der_es,MOVIMENTO DE TERRA / ESCAVAÇÕES,m3,validacao,linear_multipla,False,8,4,0,0.6558839270696979,0.6814253925521392,0.8098666106648044,0.9995160111924548,calculado,-953.8404130463143
der_es,MOVIMENTO DE TERRA / ESCAVAÇÕES,m3,teste,persistencia,False,12,4,0,6.804058333333333,1.3058333333333332,2.6084589959079927,0.995139829488188,calculado,0.0
der_es,MOVIMENTO DE TERRA / ESCAVAÇÕES,m3,teste,linear_simples,True,12,4,0,5.594309014705195,1.4000994739307495,2.365229167481493,0.9960039590527857,calculado,17.77981991573369
der_es,MOVIMENTO DE TERRA / ESCAVAÇÕES,m3,teste,linear_multipla,False,12,4,0,5.379952505142691,1.4157266278761933,2.3194724626825582,0.9961570749044955,calculado,20.93024131221649
der_es,MOVIMENTO DE TERRA / REATERRO E COMPACTAÇÃO,m3,validacao,persistencia,False,18,9,0,4.224588888888861,0.48999999999999727,2.055380473024121,0.9994299146059709,calculado,0.0
der_es,MOVIMENTO DE TERRA / REATERRO E COMPACTAÇÃO,m3,validacao,linear_simples,True,18,9,0,3.978919942465275,1.3618046094842633,1.9947230239973857,0.9994630662999714,calculado,5.815215465574002
der_es,MOVIMENTO DE TERRA / REATERRO E COMPACTAÇÃO,m3,validacao,linear_multipla,False,18,9,0,4.201881797085714,1.4981581873995344,2.049849213255871,0.9994329788050488,calculado,0.5374982607862524
der_es,MOVIMENTO DE TERRA / REATERRO E COMPACTAÇÃO,m3,teste,persistencia,False,27,9,0,8.642011111111103,1.9218518518518497,2.9397297683819685,0.99884845095414,calculado,0.0
der_es,MOVIMENTO DE TERRA / REATERRO E COMPACTAÇÃO,m3,teste,linear_simples,True,27,9,0,8.347042397918212,2.021243438866864,2.8891248498322484,0.9988877555715339,calculado,3.4131952551373925
der_es,MOVIMENTO DE TERRA / REATERRO E COMPACTAÇÃO,m3,teste,linear_multipla,False,27,9,0,8.06085939204239,1.9569850734575804,2.8391652632494626,0.9989258894923447,calculado,6.724727746780156
der_es,OUTRAS INSTALAÇÕES / DEPÓSITO DE GÁS,m2,validacao,persistencia,False,22,11,1,865.8623909090908,6.411818181818183,29.425539772603845,0.9956501673641653,calculado,0.0
der_es,OUTRAS INSTALAÇÕES / DEPÓSITO DE GÁS,m2,validacao,linear_simples,True,22,11,1,828.2337291678159,8.488427746498093,28.779050178347024,0.9958392024609699,calculado,4.345801611936001
der_es,OUTRAS INSTALAÇÕES / DEPÓSITO DE GÁS,m2,validacao,linear_multipla,False,22,11,1,828.3771488802885,8.963623355155413,28.781541808601716,0.9958384819634031,calculado,4.329237812193876
der_es,OUTRAS INSTALAÇÕES / DEPÓSITO DE GÁS,m2,teste,persistencia,False,30,11,0,111.43969333333328,3.633999999999998,10.556500051311195,0.9994637193423681,calculado,0.0
der_es,OUTRAS INSTALAÇÕES / DEPÓSITO DE GÁS,m2,teste,linear_simples,True,30,11,0,147.74999409509348,5.519124465270889,12.155245538247819,0.9992889834705357,calculado,-32.582915185481085
der_es,OUTRAS INSTALAÇÕES / DEPÓSITO DE GÁS,m2,teste,linear_multipla,False,30,11,0,162.909325886423,5.671553996169447,12.763593768465956,0.9992160322968638,calculado,-46.186085956945455
der_es,OUTRAS INSTALAÇÕES / INSTALAÇÃO DE INCÊNDIO,m,validacao,persistencia,False,8,4,0,15.506312500000076,2.6137500000000067,3.9378055437007142,0.991618361624423,calculado,0.0
der_es,OUTRAS INSTALAÇÕES / INSTALAÇÃO DE INCÊNDIO,m,validacao,linear_simples,True,8,4,0,57.76127842792228,6.406020442347067,7.60008410663476,0.9687782541533418,calculado,-272.5017048890379
der_es,OUTRAS INSTALAÇÕES / INSTALAÇÃO DE INCÊNDIO,m,validacao,linear_multipla,False,8,4,0,105.99081839394904,9.407222074574864,10.295184233123225,0.9427087058312844,calculado,-583.5333571018159
der_es,OUTRAS INSTALAÇÕES / INSTALAÇÃO DE INCÊNDIO,m,teste,persistencia,False,12,4,0,3.5277166666666484,1.0849999999999937,1.8782216766576432,0.9981280722735338,calculado,0.0
der_es,OUTRAS INSTALAÇÕES / INSTALAÇÃO DE INCÊNDIO,m,teste,linear_simples,True,12,4,0,24.791383301852623,3.9413515718213574,4.979094626722073,0.9868448398311876,calculado,-602.7600469194734
der_es,OUTRAS INSTALAÇÕES / INSTALAÇÃO DE INCÊNDIO,m,teste,linear_multipla,False,12,4,0,50.78814603367832,6.428691275527176,7.12658024817502,0.9730500639026407,calculado,-1339.68892155016
der_es,OUTRAS INSTALAÇÕES / INSTALAÇÃO DE INCÊNDIO,und,validacao,persistencia,False,97,50,2,26.33028865979383,0.549278350515466,5.131304771672974,0.9999496659645987,calculado,0.0
der_es,OUTRAS INSTALAÇÕES / INSTALAÇÃO DE INCÊNDIO,und,validacao,linear_simples,True,97,50,2,28.42852426395931,2.090847941855192,5.331840607516256,0.9999456548932981,calculado,-7.96890467581342
der_es,OUTRAS INSTALAÇÕES / INSTALAÇÃO DE INCÊNDIO,und,validacao,linear_multipla,False,97,50,2,28.493315055766175,2.1026642938076945,5.33791298690473,0.999945531036623,calculado,-8.214974108032745
der_es,OUTRAS INSTALAÇÕES / INSTALAÇÃO DE INCÊNDIO,und,teste,persistencia,False,137,47,0,3327.3201664233575,17.84905109489051,57.68292785931863,0.9937312438980865,calculado,0.0
der_es,OUTRAS INSTALAÇÕES / INSTALAÇÃO DE INCÊNDIO,und,teste,linear_simples,True,137,47,0,3348.01973978887,18.14155335085592,57.86207514243566,0.993692245373643,calculado,-0.6221094553627894
der_es,OUTRAS INSTALAÇÕES / INSTALAÇÃO DE INCÊNDIO,und,teste,linear_multipla,False,137,47,0,3349.1005618612435,18.196083959206696,57.871414030255416,0.9936902090772776,calculado,-0.6545927157138726
der_es,OUTRAS INSTALAÇÕES / INSTALAÇÃO DE PÁRA-RAIO,m,validacao,persistencia,False,18,9,0,0.0,0.0,0.0,1.0,calculado,
der_es,OUTRAS INSTALAÇÕES / INSTALAÇÃO DE PÁRA-RAIO,m,validacao,linear_simples,True,18,9,0,0.30393457316529127,0.5392116570991234,0.551302614872532,0.9992398793852031,calculado,
der_es,OUTRAS INSTALAÇÕES / INSTALAÇÃO DE PÁRA-RAIO,m,validacao,linear_multipla,False,18,9,0,0.40016090956692096,0.6123048895048184,0.6325827294251093,0.9989992235716064,calculado,
der_es,OUTRAS INSTALAÇÕES / INSTALAÇÃO DE PÁRA-RAIO,m,teste,persistencia,False,27,9,0,16.818062962962966,2.307777777777778,4.100983170285263,0.964108689346589,calculado,0.0
der_es,OUTRAS INSTALAÇÕES / INSTALAÇÃO DE PÁRA-RAIO,m,teste,linear_simples,True,27,9,0,15.025357219889782,2.208380633698733,3.876255566895684,0.9679344901463892,calculado,10.659406776042589
der_es,OUTRAS INSTALAÇÕES / INSTALAÇÃO DE PÁRA-RAIO,m,teste,linear_multipla,False,27,9,0,14.942917221654636,2.240173975651595,3.8656069667847293,0.9681104247705751,calculado,11.149594013518733
der_es,OUTRAS INSTALAÇÕES / INSTALAÇÃO DE PÁRA-RAIO,und,validacao,persistencia,False,42,21,0,0.00046190476190476087,0.004285714285714448,0.02149196970742237,0.9999999965911257,calculado,0.0
der_es,OUTRAS INSTALAÇÕES / INSTALAÇÃO DE PÁRA-RAIO,und,validacao,linear_simples,True,42,21,0,1.8377990633871792,0.8667341542911803,1.3556544778767115,0.9999864369744544,calculado,-397774.0240322768
der_es,OUTRAS INSTALAÇÕES / INSTALAÇÃO DE PÁRA-RAIO,und,validacao,linear_multipla,False,42,21,0,2.792967403477099,1.073614385961656,1.6712173417832579,0.9999793877965246,calculado,-604563.0461136001
der_es,OUTRAS INSTALAÇÕES / INSTALAÇÃO DE PÁRA-RAIO,und,teste,persistencia,False,63,21,0,407.93203492063486,7.198095238095241,20.197327420246346,0.9972837374098228,calculado,0.0
der_es,OUTRAS INSTALAÇÕES / INSTALAÇÃO DE PÁRA-RAIO,und,teste,linear_simples,True,63,21,0,383.2639709764678,7.238231214163002,19.577128772536277,0.997447992563936,calculado,6.047101436631799
der_es,OUTRAS INSTALAÇÕES / INSTALAÇÃO DE PÁRA-RAIO,und,teste,linear_multipla,False,63,21,0,410.22925700603054,7.83630383755725,20.254117038420375,0.9972684410911281,calculado,-0.5631384369807116
der_es,OUTRAS INSTALAÇÕES / INSTALAÇÃO DE TELEFONE,m,validacao,persistencia,False,8,4,0,0.0,0.0,0.0,1.0,calculado,
der_es,OUTRAS INSTALAÇÕES / INSTALAÇÃO DE TELEFONE,m,validacao,linear_simples,True,8,4,0,0.0898169959852362,0.21251723580950532,0.29969483810242076,0.9999230028421532,calculado,
der_es,OUTRAS INSTALAÇÕES / INSTALAÇÃO DE TELEFONE,m,validacao,linear_multipla,False,8,4,0,0.1105706981720928,0.23015807972106028,0.33252172586478135,0.9999052113755643,calculado,
der_es,OUTRAS INSTALAÇÕES / INSTALAÇÃO DE TELEFONE,m,teste,persistencia,False,12,4,0,2.3655250000000034,0.9125000000000009,1.5380263326744452,0.9980015207729248,calculado,0.0
der_es,OUTRAS INSTALAÇÕES / INSTALAÇÃO DE TELEFONE,m,teste,linear_simples,True,12,4,0,2.0648855554728347,0.8516935181334307,1.4369709654244356,0.9982555116141659,calculado,12.709205970225144
der_es,OUTRAS INSTALAÇÕES / INSTALAÇÃO DE TELEFONE,m,teste,linear_multipla,False,12,4,0,2.0747500127019793,0.880849580101066,1.4403992546172673,0.9982471777716325,calculado,12.292196755393565
der_es,OUTRAS INSTALAÇÕES / INSTALAÇÃO DE TELEFONE,und,validacao,persistencia,False,18,9,0,0.49098888888889786,0.1722222222222235,0.7007059931875121,0.999999552484419,calculado,0.0
der_es,OUTRAS INSTALAÇÕES / INSTALAÇÃO DE TELEFONE,und,validacao,linear_simples,True,18,9,0,1711.8823875033968,29.19357472720661,41.3749004530935,0.9984396916942097,calculado,-348560.10743692523
der_es,OUTRAS INSTALAÇÕES / INSTALAÇÃO DE TELEFONE,und,validacao,linear_multipla,False,18,9,0,4758.828095785087,48.17173953286597,68.98425976833474,0.9956625297053785,calculado,-969133.3581222702
der_es,OUTRAS INSTALAÇÕES / INSTALAÇÃO DE TELEFONE,und,teste,persistencia,False,27,9,0,18416.946055555563,47.56259259259259,135.70904927658864,0.9787917090066678,calculado,0.0
der_es,OUTRAS INSTALAÇÕES / INSTALAÇÃO DE TELEFONE,und,teste,linear_simples,True,27,9,0,23749.067206447944,58.19435949352013,154.10732366259543,0.972651430556663,calculado,-28.95225481362541
der_es,OUTRAS INSTALAÇÕES / INSTALAÇÃO DE TELEFONE,und,teste,linear_multipla,False,27,9,0,27616.065261075255,72.8322619814932,166.18082097846084,0.9681983350344309,calculado,-49.9492107853828
der_es,OUTRAS INSTALAÇÕES / INSTALAÇÃO DO SISTEMA DE CLIMATIZAÇÃO,kg,validacao,persistencia,False,6,3,0,0.6612499999999956,0.5749999999999981,0.8131727983645269,0.993393904976131,calculado,0.0
der_es,OUTRAS INSTALAÇÕES / INSTALAÇÃO DO SISTEMA DE CLIMATIZAÇÃO,kg,validacao,linear_simples,True,6,3,0,12.47312167210182,2.8720954261614104,3.531730690766472,0.8753895999845966,calculado,-1786.2943927564315
der_es,OUTRAS INSTALAÇÕES / INSTALAÇÃO DO SISTEMA DE CLIMATIZAÇÃO,kg,validacao,linear_multipla,False,6,3,0,30.208864612508236,4.298971631205252,5.496259147138919,0.6982039619003018,calculado,-4468.448334594849
der_es,OUTRAS INSTALAÇÕES / INSTALAÇÃO DO SISTEMA DE CLIMATIZAÇÃO,kg,teste,persistencia,False,9,3,0,17.406855555555573,2.6077777777777778,4.172152388822294,0.8329757993925053,calculado,0.0
der_es,OUTRAS INSTALAÇÕES / INSTALAÇÃO DO SISTEMA DE CLIMATIZAÇÃO,kg,teste,linear_simples,True,9,3,0,21.25535748015175,3.5367607597431934,4.610353292335822,0.796048224768786,calculado,-22.109116217534705
der_es,OUTRAS INSTALAÇÕES / INSTALAÇÃO DO SISTEMA DE CLIMATIZAÇÃO,kg,teste,linear_multipla,False,9,3,0,21.15240215284555,3.6714532590803026,4.599174072901085,0.7970361132008303,calculado,-21.517651969568664
der_es,OUTRAS INSTALAÇÕES / INSTALAÇÃO DO SISTEMA DE CLIMATIZAÇÃO,m,validacao,persistencia,False,20,10,0,0.10997499999999952,0.22149999999999945,0.33162478797580786,0.9999170276771248,calculado,0.0
der_es,OUTRAS INSTALAÇÕES / INSTALAÇÃO DO SISTEMA DE CLIMATIZAÇÃO,m,validacao,linear_simples,True,20,10,0,3.5087249794915443,1.4296883430446894,1.8731590908119748,0.9973527887076247,calculado,-3090.4750893308114
der_es,OUTRAS INSTALAÇÕES / INSTALAÇÃO DO SISTEMA DE CLIMATIZAÇÃO,m,validacao,linear_multipla,False,20,10,0,3.6631386362906135,1.4608907133413942,1.913932766920148,0.9972362889596066,calculado,-3230.883051866906
der_es,OUTRAS INSTALAÇÕES / INSTALAÇÃO DO SISTEMA DE CLIMATIZAÇÃO,m,teste,persistencia,False,30,10,0,34.58909333333334,3.206000000000001,5.881249300389615,0.9772465689702421,calculado,0.0
der_es,OUTRAS INSTALAÇÕES / INSTALAÇÃO DO SISTEMA DE CLIMATIZAÇÃO,m,teste,linear_simples,True,30,10,0,43.758211293651684,4.139735685542263,6.614998963994755,0.9712149308725542,calculado,-26.50869703913896
der_es,OUTRAS INSTALAÇÕES / INSTALAÇÃO DO SISTEMA DE CLIMATIZAÇÃO,m,teste,linear_multipla,False,30,10,0,44.05307276537428,4.171769454356005,6.6372488852968505,0.9710209648123421,calculado,-27.361166541247712
der_es,OUTRAS INSTALAÇÕES / INSTALAÇÃO DO SISTEMA DE CLIMATIZAÇÃO,m2,validacao,persistencia,False,6,3,0,107.89734999999985,7.461666666666659,10.387364920902694,0.925032254205727,calculado,0.0
der_es,OUTRAS INSTALAÇÕES / INSTALAÇÃO DO SISTEMA DE CLIMATIZAÇÃO,m2,validacao,linear_simples,True,6,3,0,137.5391643315401,8.815099147010343,11.727709253368285,0.9044369383644395,calculado,-27.472235723620912
der_es,OUTRAS INSTALAÇÕES / INSTALAÇÃO DO SISTEMA DE CLIMATIZAÇÃO,m2,validacao,linear_multipla,False,6,3,0,178.62671020279757,12.211788637975394,13.365130384803493,0.8758890574926019,calculado,-65.55245351512139
der_es,OUTRAS INSTALAÇÕES / INSTALAÇÃO DO SISTEMA DE CLIMATIZAÇÃO,m2,teste,persistencia,False,9,3,0,57.97158888888901,4.321111111111116,7.613907596555727,0.9617521049767475,calculado,0.0
der_es,OUTRAS INSTALAÇÕES / INSTALAÇÃO DO SISTEMA DE CLIMATIZAÇÃO,m2,teste,linear_simples,True,9,3,0,65.27380003777809,5.198450276397605,8.079220261744204,0.9569343276687002,calculado,-12.596189424590087
der_es,OUTRAS INSTALAÇÕES / INSTALAÇÃO DO SISTEMA DE CLIMATIZAÇÃO,m2,teste,linear_multipla,False,9,3,0,65.45237265115436,5.216975207038903,8.090264065600971,0.9568165108777281,calculado,-12.904224130553615
der_es,OUTRAS INSTALAÇÕES / INSTALAÇÃO DO SISTEMA DE CLIMATIZAÇÃO,und,validacao,persistencia,False,6,3,0,0.0,0.0,0.0,1.0,calculado,
der_es,OUTRAS INSTALAÇÕES / INSTALAÇÃO DO SISTEMA DE CLIMATIZAÇÃO,und,validacao,linear_simples,True,6,3,0,0.0365761875003135,0.15010836286149973,0.19124901960614987,0.9997632335762744,calculado,
der_es,OUTRAS INSTALAÇÕES / INSTALAÇÃO DO SISTEMA DE CLIMATIZAÇÃO,und,validacao,linear_multipla,False,6,3,0,0.1289036696130789,0.3008741820215081,0.3590315718889899,0.9991655756669791,calculado,
der_es,OUTRAS INSTALAÇÕES / INSTALAÇÃO DO SISTEMA DE CLIMATIZAÇÃO,und,teste,persistencia,False,9,3,0,1.2017111111111092,0.7177777777777775,1.0962258485873744,0.9916055413537816,calculado,0.0
der_es,OUTRAS INSTALAÇÕES / INSTALAÇÃO DO SISTEMA DE CLIMATIZAÇÃO,und,teste,linear_simples,True,9,3,0,1.084368297171198,0.7528901996949153,1.0413300615900791,0.9924252303705027,calculado,9.764644169047852
der_es,OUTRAS INSTALAÇÕES / INSTALAÇÃO DO SISTEMA DE CLIMATIZAÇÃO,und,teste,linear_multipla,False,9,3,0,0.8487822740355312,0.5838325169589519,0.9212938044052674,0.994070898044334,calculado,29.36885860606364
der_es,OUTRAS INSTALAÇÕES / INSTALAÇÕES DE REDE LOGICA,m,validacao,persistencia,False,6,3,0,0.0,0.0,0.0,1.0,calculado,
der_es,OUTRAS INSTALAÇÕES / INSTALAÇÕES DE REDE LOGICA,m,validacao,linear_simples,True,6,3,0,0.0012659335935787201,0.035341917494982944,0.03557996056179265,0.9981916956572059,calculado,
der_es,OUTRAS INSTALAÇÕES / INSTALAÇÕES DE REDE LOGICA,m,validacao,linear_multipla,False,6,3,0,0.0020043949630594022,0.04414200001950933,0.044770469765900406,0.9971368513050289,calculado,
der_es,OUTRAS INSTALAÇÕES / INSTALAÇÕES DE REDE LOGICA,m,teste,persistencia,False,9,3,0,0.08715555555555554,0.18000000000000002,0.29522119767312704,0.9069359086918349,calculado,0.0
der_es,OUTRAS INSTALAÇÕES / INSTALAÇÕES DE REDE LOGICA,m,teste,linear_simples,True,9,3,0,0.08737104572440325,0.18273891667243142,0.2955859362764123,0.9067058098000107,calculado,-0.24724777149788515
der_es,OUTRAS INSTALAÇÕES / INSTALAÇÕES DE REDE LOGICA,m,teste,linear_multipla,False,9,3,0,0.08777894022350125,0.18372754426321455,0.2962751090177865,0.9062702629129973,calculado,-0.7152552283925715
der_es,OUTRAS INSTALAÇÕES / INSTALAÇÕES DE REDE LOGICA,und,validacao,persistencia,False,72,36,0,0.0,0.0,0.0,1.0,calculado,
der_es,OUTRAS INSTALAÇÕES / INSTALAÇÕES DE REDE LOGICA,und,validacao,linear_simples,True,72,36,0,66.50860649025024,5.266093570041116,8.155280895852101,0.999953197035499,calculado,
der_es,OUTRAS INSTALAÇÕES / INSTALAÇÕES DE REDE LOGICA,und,validacao,linear_multipla,False,72,36,0,77.8929435274452,5.691620154263027,8.825697905970111,0.9999451857306418,calculado,
der_es,OUTRAS INSTALAÇÕES / INSTALAÇÕES DE REDE LOGICA,und,teste,persistencia,False,132,44,0,7341.671009090913,23.778333333333332,85.6835515667442,0.9942691636487992,calculado,0.0
der_es,OUTRAS INSTALAÇÕES / INSTALAÇÕES DE REDE LOGICA,und,teste,linear_simples,True,132,44,0,7319.887304087618,26.922673255659674,85.55633994092791,0.9942861677951771,calculado,0.29671317301362304
der_es,OUTRAS INSTALAÇÕES / INSTALAÇÕES DE REDE LOGICA,und,teste,linear_multipla,False,132,44,0,7324.284642264963,27.193397730033457,85.58203457656847,0.9942827352761437,calculado,0.23681756924848832
der_es,"PAREDES E PAINÉIS / ALVENARIA DE VEDAÇÃO EMPREGANDO ARGAMASSA DE CIMENTO, CAL E AREIA",m2,validacao,persistencia,False,14,7,0,16.216449999999995,2.6107142857142853,4.026965358678914,0.9756535765573174,calculado,0.0
der_es,"PAREDES E PAINÉIS / ALVENARIA DE VEDAÇÃO EMPREGANDO ARGAMASSA DE CIMENTO, CAL E AREIA",m2,validacao,linear_simples,False,14,7,0,15.317927048487999,2.6107142857142853,3.9138123420123248,0.9770025660248323,calculado,5.540811654289295
der_es,"PAREDES E PAINÉIS / ALVENARIA DE VEDAÇÃO EMPREGANDO ARGAMASSA DE CIMENTO, CAL E AREIA",m2,validacao,linear_multipla,True,14,7,0,15.281534542464737,2.610525301551392,3.909160337267421,0.9770572035911173,calculado,5.765228872751177
der_es,"PAREDES E PAINÉIS / ALVENARIA DE VEDAÇÃO EMPREGANDO ARGAMASSA DE CIMENTO, CAL E AREIA",m2,teste,persistencia,False,21,7,0,2.069057142857144,0.8095238095238105,1.438421754165705,0.997133025379353,calculado,0.0
der_es,"PAREDES E PAINÉIS / ALVENARIA DE VEDAÇÃO EMPREGANDO ARGAMASSA DE CIMENTO, CAL E AREIA",m2,teste,linear_simples,False,21,7,0,1.4001465974934657,1.0048405536225498,1.1832779037459737,0.9980598966181012,calculado,32.32924463555343
der_es,"PAREDES E PAINÉIS / ALVENARIA DE VEDAÇÃO EMPREGANDO ARGAMASSA DE CIMENTO, CAL E AREIA",m2,teste,linear_multipla,True,21,7,0,1.189934508583693,0.8256736553239054,1.0908411931091038,0.9983511755351374,calculado,42.489045665480155
der_es,PAREDES E PAINÉIS / ALVENARIA ESTRUTURAL,m2,validacao,persistencia,False,6,3,0,23.349166666666648,2.3033333333333297,4.832097543165561,0.9821945707457278,calculado,0.0
der_es,PAREDES E PAINÉIS / ALVENARIA ESTRUTURAL,m2,validacao,linear_simples,True,6,3,0,21.975419867372228,2.5989794607551056,4.687794776584426,0.9832421520918766,calculado,5.883493911821639
der_es,PAREDES E PAINÉIS / ALVENARIA ESTRUTURAL,m2,validacao,linear_multipla,False,6,3,0,22.687753496053418,2.668192216070866,4.763166330924569,0.9826989461517252,calculado,2.8327056809160798
der_es,PAREDES E PAINÉIS / ALVENARIA ESTRUTURAL,m2,teste,persistencia,False,9,3,0,3.8799888888888785,1.1233333333333302,1.969768739951185,0.9974144925662146,calculado,0.0
der_es,PAREDES E PAINÉIS / ALVENARIA ESTRUTURAL,m2,teste,linear_simples,True,9,3,0,2.6297734610333428,1.435700813306825,1.6216576275630263,0.9982475983753086,calculado,32.22213938384661
der_es,PAREDES E PAINÉIS / ALVENARIA ESTRUTURAL,m2,teste,linear_multipla,False,9,3,0,3.406568481977116,1.5620765108233536,1.845689161797597,0.9977299656297797,calculado,12.2015918207265
der_es,PAREDES E PAINÉIS / PLACAS E PAINÉIS DIVISÓRIOS,m2,validacao,persistencia,False,8,4,0,38.15156249999999,2.2012499999999946,6.176695111465353,0.9980888087319235,calculado,0.0
der_es,PAREDES E PAINÉIS / PLACAS E PAINÉIS DIVISÓRIOS,m2,validacao,linear_simples,True,8,4,0,55.26080916584316,4.504998246802302,7.43376144127878,0.9972317260677175,calculado,-44.84546777302549
der_es,PAREDES E PAINÉIS / PLACAS E PAINÉIS DIVISÓRIOS,m2,validacao,linear_multipla,False,8,4,0,65.5606777040476,5.43531298882721,8.096954841423262,0.9967157571919328,calculado,-71.84270684601088
der_es,PAREDES E PAINÉIS / PLACAS E PAINÉIS DIVISÓRIOS,m2,teste,persistencia,False,12,4,0,1407.6794916666659,17.227500000000006,37.51905504762434,0.9547627020155458,calculado,0.0
der_es,PAREDES E PAINÉIS / PLACAS E PAINÉIS DIVISÓRIOS,m2,teste,linear_simples,True,12,4,0,1462.9825746518602,18.736911039514016,38.248955209938224,0.9529854778254724,calculado,-3.9286700781380675
der_es,PAREDES E PAINÉIS / PLACAS E PAINÉIS DIVISÓRIOS,m2,teste,linear_multipla,False,12,4,0,1677.2529682388624,23.98514580776457,40.95427899791257,0.9460996677377903,calculado,-19.150202739192192
der_es,PINTURA / SOBRE CONCRETO OU BLOCOS CERÂMICOS APARENTES,m2,validacao,persistencia,False,12,6,0,0.0,0.0,0.0,1.0,calculado,
der_es,PINTURA / SOBRE CONCRETO OU BLOCOS CERÂMICOS APARENTES,m2,validacao,linear_simples,True,12,6,0,0.07298492937549793,0.23483191323698893,0.2701572308406679,0.9990084681558523,calculado,
der_es,PINTURA / SOBRE CONCRETO OU BLOCOS CERÂMICOS APARENTES,m2,validacao,linear_multipla,False,12,6,0,0.2202862820426236,0.3940353259984297,0.4693466544491647,0.9970073155466052,calculado,
der_es,PINTURA / SOBRE CONCRETO OU BLOCOS CERÂMICOS APARENTES,m2,teste,persistencia,False,18,6,0,0.7950277777777788,0.5950000000000003,0.8916433018745662,0.9887038971710439,calculado,0.0
der_es,PINTURA / SOBRE CONCRETO OU BLOCOS CERÂMICOS APARENTES,m2,teste,linear_simples,True,18,6,0,0.7891333266310345,0.645966947750533,0.8883317660823767,0.9887876481142625,calculado,0.7414144903490191
der_es,PINTURA / SOBRE CONCRETO OU BLOCOS CERÂMICOS APARENTES,m2,teste,linear_multipla,False,18,6,0,0.7307571426270951,0.6252368869801762,0.8548433439099208,0.9896170825009625,calculado,8.084074160317979
der_es,PINTURA / SOBRE MADEIRA,m2,validacao,persistencia,False,10,5,0,0.0,0.0,0.0,1.0,calculado,
der_es,PINTURA / SOBRE MADEIRA,m2,validacao,linear_simples,True,10,5,0,0.013620592796240888,0.11481596381531815,0.11670729538568224,0.9998464356769344,calculado,
der_es,PINTURA / SOBRE MADEIRA,m2,validacao,linear_multipla,False,10,5,0,0.025965395503131723,0.16051317438386975,0.16113781524872342,0.9997072551508426,calculado,
der_es,PINTURA / SOBRE MADEIRA,m2,teste,persistencia,False,15,5,0,0.656013333333333,0.5986666666666662,0.8099465002908112,0.9925677576362397,calculado,0.0
der_es,PINTURA / SOBRE MADEIRA,m2,teste,linear_simples,True,15,5,0,0.5564993500900112,0.5780614211679846,0.7459888404594341,0.993695192102075,calculado,15.16950619550241
der_es,PINTURA / SOBRE MADEIRA,m2,teste,linear_multipla,False,15,5,0,0.6331267362881154,0.6255407393272876,0.7956926141972888,0.9928270492199297,calculado,3.48873961584382
der_es,PINTURA / SOBRE PAREDES E FORROS,m2,validacao,persistencia,False,26,13,0,6.153846153846164e-05,0.0015384615384615398,0.007844645405527368,0.9999994680764877,calculado,0.0
der_es,PINTURA / SOBRE PAREDES E FORROS,m2,validacao,linear_simples,True,26,13,0,0.06999037409587182,0.2400210096728753,0.2645569392321279,0.9993950202086845,calculado,-113634.3579057915
der_es,PINTURA / SOBRE PAREDES E FORROS,m2,validacao,linear_multipla,False,26,13,0,0.20931952388127562,0.4038290507336578,0.4575145067440765,0.9981906928843888,calculado,-340044.22630707227
der_es,PINTURA / SOBRE PAREDES E FORROS,m2,teste,persistencia,False,39,13,0,0.8106666666666666,0.6271794871794872,0.9003702941938204,0.9927123004655328,calculado,0.0
der_es,PINTURA / SOBRE PAREDES E FORROS,m2,teste,linear_simples,True,39,13,0,0.8544143523006023,0.6938490662288354,0.9243453641905726,0.9923190192300537,calculado,-5.396507273922978
der_es,PINTURA / SOBRE PAREDES E FORROS,m2,teste,linear_multipla,False,39,13,0,0.7980611144597124,0.6514871164107395,0.8933426635170361,0.9928256213663762,calculado,1.5549612097394225
der_es,PINTURA / SOBRE PISOS,m2,validacao,persistencia,False,6,3,0,0.0,0.0,0.0,1.0,calculado,
der_es,PINTURA / SOBRE PISOS,m2,validacao,linear_simples,True,6,3,0,0.23154162099877276,0.3755704401556355,0.4811877190855693,0.9997184687598123,calculado,
der_es,PINTURA / SOBRE PISOS,m2,validacao,linear_multipla,False,6,3,0,0.46691388519289784,0.5107469719077748,0.683310972539515,0.9994322798441498,calculado,
der_es,PINTURA / SOBRE PISOS,m2,teste,persistencia,False,9,3,0,3.871355555555558,1.1133333333333337,1.96757606093273,0.9947844842155137,calculado,0.0
der_es,PINTURA / SOBRE PISOS,m2,teste,linear_simples,True,9,3,0,4.359502266947446,1.2185727982681689,2.0879421129302043,0.9941268497404895,calculado,-12.609193456575628
der_es,PINTURA / SOBRE PISOS,m2,teste,linear_multipla,False,9,3,0,4.419198775564865,1.1356169869734947,2.1021890437267685,0.9940464262096346,calculado,-14.151198776437091
der_es,PISOS INTERNOS E EXTERNOS / ACABAMENTOS,m2,validacao,persistencia,False,32,16,0,20.813131250000016,1.7650000000000003,4.562141081772901,0.9983143328492885,calculado,0.0
der_es,PISOS INTERNOS E EXTERNOS / ACABAMENTOS,m2,validacao,linear_simples,True,32,16,0,21.408415614641022,2.19766107937148,4.626922909952253,0.998266120435368,calculado,-2.8601384265090157
der_es,PISOS INTERNOS E EXTERNOS / ACABAMENTOS,m2,validacao,linear_multipla,False,32,16,0,21.441863364329325,2.208363948270865,4.630535969445581,0.9982634114833974,calculado,-3.0208434606845107
der_es,PISOS INTERNOS E EXTERNOS / ACABAMENTOS,m2,teste,persistencia,False,48,16,0,10.219829166666647,1.513749999999999,3.196846753703819,0.9991480163303226,calculado,0.0
der_es,PISOS INTERNOS E EXTERNOS / ACABAMENTOS,m2,teste,linear_simples,True,48,16,0,10.110869711536537,1.6286543064228276,3.1797593795028796,0.9991570998164468,calculado,1.0661573041308365
der_es,PISOS INTERNOS E EXTERNOS / ACABAMENTOS,m2,teste,linear_multipla,False,48,16,0,10.140942382738773,1.6324876350891044,3.184484633773379,0.9991545927858155,calculado,0.7718992425546045
der_es,"PISOS INTERNOS E EXTERNOS / DEGRAUS, RODAPÉS, SOLEIRAS E PEITORIS",m,validacao,persistencia,False,24,12,0,0.017633333333333515,0.057500000000000696,0.1327905619136146,0.9999863395010965,calculado,0.0
der_es,"PISOS INTERNOS E EXTERNOS / DEGRAUS, RODAPÉS, SOLEIRAS E PEITORIS",m,validacao,linear_simples,True,24,12,0,2.8965667386608236,1.0818159188029917,1.701930297826801,0.9977560370458896,calculado,-16326.654472556485
der_es,"PISOS INTERNOS E EXTERNOS / DEGRAUS, RODAPÉS, SOLEIRAS E PEITORIS",m,validacao,linear_multipla,False,24,12,0,5.150888787084207,1.4390928001213839,2.2695569583256128,0.9960096194350752,calculado,-29111.08952977781
der_es,"PISOS INTERNOS E EXTERNOS / DEGRAUS, RODAPÉS, SOLEIRAS E PEITORIS",m,teste,persistencia,False,36,12,0,9.570758333333341,1.5091666666666674,3.0936642244001433,0.9935217617575249,calculado,0.0
der_es,"PISOS INTERNOS E EXTERNOS / DEGRAUS, RODAPÉS, SOLEIRAS E PEITORIS",m,teste,linear_simples,True,36,12,0,16.75604294632836,2.1969679284667896,4.093414582757085,0.9886581988148839,calculado,-75.07539489289874
der_es,"PISOS INTERNOS E EXTERNOS / DEGRAUS, RODAPÉS, SOLEIRAS E PEITORIS",m,teste,linear_multipla,False,36,12,0,22.15964973945584,2.5427396853187587,4.70740371536751,0.9850006148538912,calculado,-131.5349418266838
der_es,PISOS INTERNOS E EXTERNOS / LASTRO DE CONTRAPISO,m2,validacao,persistencia,False,14,7,0,0.0619428571428573,0.16428571428571484,0.2488832198900868,0.9998570738756987,calculado,0.0
der_es,PISOS INTERNOS E EXTERNOS / LASTRO DE CONTRAPISO,m2,validacao,linear_simples,False,14,7,0,0.37964778708138697,0.5781109634534679,0.6161556516671636,0.9991240057480398,calculado,-512.9000252697653
der_es,PISOS INTERNOS E EXTERNOS / LASTRO DE CONTRAPISO,m2,validacao,linear_multipla,True,14,7,0,0.3746243189010861,0.5747711519637922,0.6120656164996414,0.9991355968316721,calculado,-504.79018272776665
der_es,PISOS INTERNOS E EXTERNOS / LASTRO DE CONTRAPISO,m2,teste,persistencia,False,21,7,0,2.0045285714285694,0.8157142857142855,1.4158137488485445,0.9955079245182048,calculado,0.0
der_es,PISOS INTERNOS E EXTERNOS / LASTRO DE CONTRAPISO,m2,teste,linear_simples,False,21,7,0,1.5154267303212465,0.9303706110342606,1.231026697647637,0.9966039839208269,calculado,24.39984383753404
der_es,PISOS INTERNOS E EXTERNOS / LASTRO DE CONTRAPISO,m2,teste,linear_multipla,True,21,7,0,1.511282639790915,0.9413295524121471,1.2293423606916485,0.9966132706766911,calculado,24.606580253736787
der_es,REVESTIMENTO DE PAREDES / ACABAMENTOS,m,validacao,persistencia,False,10,5,0,0.0002700000000000418,0.0070000000000003835,0.016431676725156254,0.9999995262969752,calculado,0.0
der_es,REVESTIMENTO DE PAREDES / ACABAMENTOS,m,validacao,linear_simples,False,10,5,0,0.015223313930745963,0.09877312207550908,0.12338279430595647,0.9999732913708993,calculado,-5538.264418793929
der_es,REVESTIMENTO DE PAREDES / ACABAMENTOS,m,validacao,linear_multipla,True,10,5,0,0.01275429809143685,0.09279421101719443,0.11293492857144263,0.9999776231496825,calculado,-4623.814107938843
der_es,REVESTIMENTO DE PAREDES / ACABAMENTOS,m,teste,persistencia,False,15,5,0,6.781186666666657,1.3986666666666656,2.6040711715824236,0.9860997902101586,calculado,0.0
der_es,REVESTIMENTO DE PAREDES / ACABAMENTOS,m,teste,linear_simples,False,15,5,0,6.935726768871389,1.423269528521846,2.6335768013998355,0.9857830108694351,calculado,-2.278953666979603
der_es,REVESTIMENTO DE PAREDES / ACABAMENTOS,m,teste,linear_multipla,True,15,5,0,7.280129797117473,1.4927537001569315,2.6981715655453553,0.9850770467690205,calculado,-7.357755433918401
der_es,REVESTIMENTO DE PAREDES / ACABAMENTOS,m2,validacao,persistencia,False,10,5,0,9.111909999999973,1.846999999999997,3.018594043590488,0.9982963130534969,calculado,0.0
der_es,REVESTIMENTO DE PAREDES / ACABAMENTOS,m2,validacao,linear_simples,True,10,5,0,9.030333910964925,2.1881028874767017,3.005051399055418,0.9983115656315004,calculado,0.8952688188870184
der_es,REVESTIMENTO DE PAREDES / ACABAMENTOS,m2,validacao,linear_multipla,False,10,5,0,9.87321448848669,2.3130195898840418,3.1421671643129825,0.9981539691849391,calculado,-8.35504837610028
der_es,REVESTIMENTO DE PAREDES / ACABAMENTOS,m2,teste,persistencia,False,15,5,0,1.0962999999999983,0.7393333333333335,1.0470434565957605,0.9997907275443882,calculado,0.0
der_es,REVESTIMENTO DE PAREDES / ACABAMENTOS,m2,teste,linear_simples,True,15,5,0,2.4090924822323037,1.1728337632018075,1.5521251503124043,0.9995401288884862,calculado,-119.74755835376332
der_es,REVESTIMENTO DE PAREDES / ACABAMENTOS,m2,teste,linear_multipla,False,15,5,0,3.384618824688128,1.504778807602673,1.8397333569536996,0.9993539108886689,calculado,-208.73107951182462
der_es,"REVESTIMENTO DE PAREDES / REVESTIMENTO EMPREGANDO ARGAMASSA DE CIMENTO, CAL E AREIA",m2,validacao,persistencia,False,10,5,0,0.008620000000000563,0.052000000000001025,0.09284395510748432,0.9999846939039321,calculado,0.0
der_es,"REVESTIMENTO DE PAREDES / REVESTIMENTO EMPREGANDO ARGAMASSA DE CIMENTO, CAL E AREIA",m2,validacao,linear_simples,True,10,5,0,0.23079055366111473,0.43954805578796685,0.48040665447214065,0.9995901969389904,calculado,-2577.3846132378153
der_es,"REVESTIMENTO DE PAREDES / REVESTIMENTO EMPREGANDO ARGAMASSA DE CIMENTO, CAL E AREIA",m2,validacao,linear_multipla,False,10,5,0,0.2935050153433247,0.4935285273011184,0.5417610315843367,0.9994788380555386,calculado,-3304.930572428138
der_es,"REVESTIMENTO DE PAREDES / REVESTIMENTO EMPREGANDO ARGAMASSA DE CIMENTO, CAL E AREIA",m2,teste,persistencia,False,15,5,0,2.783466666666663,0.8493333333333336,1.66837246041364,0.9952636265980065,calculado,0.0
der_es,"REVESTIMENTO DE PAREDES / REVESTIMENTO EMPREGANDO ARGAMASSA DE CIMENTO, CAL E AREIA",m2,teste,linear_simples,True,15,5,0,2.2486432734471857,0.9299571242675431,1.4995476896208355,0.9961736871799218,calculado,19.214291287344725
der_es,"REVESTIMENTO DE PAREDES / REVESTIMENTO EMPREGANDO ARGAMASSA DE CIMENTO, CAL E AREIA",m2,teste,linear_multipla,False,15,5,0,2.2004976812753934,0.9450938591693817,1.4834074562558304,0.9962556121783119,calculado,20.943990182192604
der_es,SERVIÇOS COMPLEMENTARES EXTERNOS / DIVERSOS EXTERNOS,und,validacao,persistencia,False,16,8,0,351.3440499999987,6.425000000000001,18.744173761465152,0.9996315288888324,calculado,0.0
der_es,SERVIÇOS COMPLEMENTARES EXTERNOS / DIVERSOS EXTERNOS,und,validacao,linear_simples,False,16,8,0,378.983507068,9.920912949591433,19.46749873681773,0.9996025420838535,calculado,-7.866778181671619
der_es,SERVIÇOS COMPLEMENTARES EXTERNOS / DIVERSOS EXTERNOS,und,validacao,linear_multipla,True,16,8,0,376.25066320156844,9.79496760852929,19.397181836585656,0.9996054081463813,calculado,-7.088952609719693
der_es,SERVIÇOS COMPLEMENTARES EXTERNOS / DIVERSOS EXTERNOS,und,teste,persistencia,False,23,8,3,320415.3749913043,128.87217391304347,566.0524489756266,0.8033180022912131,calculado,0.0
der_es,SERVIÇOS COMPLEMENTARES EXTERNOS / DIVERSOS EXTERNOS,und,teste,linear_simples,False,23,8,3,318916.72522833635,132.2406354873691,564.7271245728651,0.8042379251546348,calculado,0.46772092725220266
der_es,SERVIÇOS COMPLEMENTARES EXTERNOS / DIVERSOS EXTERNOS,und,teste,linear_multipla,True,23,8,3,318918.9456420742,131.96130445835263,564.7290904868229,0.8042365621881737,calculado,0.46702794747932735
der_es,SERVIÇOS COMPLEMENTARES EXTERNOS / MUROS E FECHAMENTOS,m,validacao,persistencia,False,18,9,1,8410.47048333333,26.159444444444432,91.70861727958464,0.9726373730514237,calculado,0.0
der_es,SERVIÇOS COMPLEMENTARES EXTERNOS / MUROS E FECHAMENTOS,m,validacao,linear_simples,True,18,9,1,8674.285855314858,27.474290896794333,93.13584624254433,0.9717790760487608,calculado,-3.136749275849893
der_es,SERVIÇOS COMPLEMENTARES EXTERNOS / MUROS E FECHAMENTOS,m,validacao,linear_multipla,False,18,9,1,8726.003054124476,27.63789131192611,93.41307753266925,0.9716108193001453,calculado,-3.7516637317308534
der_es,SERVIÇOS COMPLEMENTARES EXTERNOS / MUROS E FECHAMENTOS,m,teste,persistencia,False,25,9,0,138.87191599999954,5.235599999999997,11.78439289908477,0.9995419613984663,calculado,0.0
der_es,SERVIÇOS COMPLEMENTARES EXTERNOS / MUROS E FECHAMENTOS,m,teste,linear_simples,True,25,9,0,152.45724965367816,5.780684577722161,12.347358002976918,0.999497153150641,calculado,-9.782635715689745
der_es,SERVIÇOS COMPLEMENTARES EXTERNOS / MUROS E FECHAMENTOS,m,teste,linear_multipla,False,25,9,0,151.99603540242506,5.776365996316067,12.328667219226297,0.9994986743648414,calculado,-9.45052086875907
der_es,SERVIÇOS COMPLEMENTARES EXTERNOS / PAISAGISMO,m3,validacao,persistencia,False,8,4,0,12.206912499999994,1.7387499999999996,3.493839220685462,0.9939825687543421,calculado,0.0
der_es,SERVIÇOS COMPLEMENTARES EXTERNOS / PAISAGISMO,m3,validacao,linear_simples,True,8,4,0,13.907113031537058,3.2195229145114332,3.7292241862801783,0.9931444502045159,calculado,-13.928178247669626
der_es,SERVIÇOS COMPLEMENTARES EXTERNOS / PAISAGISMO,m3,validacao,linear_multipla,False,8,4,0,23.113320218864896,4.3873296814565315,4.807631456223001,0.9886062249339549,calculado,-89.3461611923974
der_es,SERVIÇOS COMPLEMENTARES EXTERNOS / PAISAGISMO,m3,teste,persistencia,False,12,4,0,13.463333333333338,2.9066666666666663,3.669241520169167,0.9937953763252035,calculado,0.0
der_es,SERVIÇOS COMPLEMENTARES EXTERNOS / PAISAGISMO,m3,teste,linear_simples,True,12,4,0,10.941414681723467,2.7607619338264655,3.3077809301287573,0.9949576112475871,calculado,18.73175527316071
der_es,SERVIÇOS COMPLEMENTARES EXTERNOS / PAISAGISMO,m3,teste,linear_multipla,False,12,4,0,8.401383650724041,2.3443968848061707,2.898514041836617,0.9961281933225801,calculado,37.59804171286924
der_es,SERVIÇOS COMPLEMENTARES EXTERNOS / PAVIMENTAÇÃO,m,validacao,persistencia,False,6,3,0,20.73481666666661,2.1116666666666646,4.553549897241339,0.9976148496727119,calculado,0.0
der_es,SERVIÇOS COMPLEMENTARES EXTERNOS / PAVIMENTAÇÃO,m,validacao,linear_simples,False,6,3,0,15.620897763409888,2.615445010459586,3.9523281447028014,0.998203109773677,calculado,24.66343920695418
der_es,SERVIÇOS COMPLEMENTARES EXTERNOS / PAVIMENTAÇÃO,m,validacao,linear_multipla,True,6,3,0,14.748603685998704,2.7432104088104197,3.8403910850327083,0.9983034507864612,calculado,28.87034439176581
der_es,SERVIÇOS COMPLEMENTARES EXTERNOS / PAVIMENTAÇÃO,m,teste,persistencia,False,9,3,0,4.49900000000001,1.2688888888888892,2.1210846282032243,0.9994525874181319,calculado,0.0
der_es,SERVIÇOS COMPLEMENTARES EXTERNOS / PAVIMENTAÇÃO,m,teste,linear_simples,False,9,3,0,7.538030258919651,2.003450966233179,2.7455473514255133,0.9990828156020816,calculado,-67.54901664635773
der_es,SERVIÇOS COMPLEMENTARES EXTERNOS / PAVIMENTAÇÃO,m,teste,linear_multipla,True,9,3,0,7.505085587145981,2.0069600028834804,2.7395411271134407,0.9990868241212713,calculado,-66.81675010326659
der_es,SERVIÇOS COMPLEMENTARES EXTERNOS / PAVIMENTAÇÃO,m2,validacao,persistencia,False,12,6,0,130.2656916666667,4.974166666666668,11.413399654207623,0.8428478845275573,calculado,0.0
der_es,SERVIÇOS COMPLEMENTARES EXTERNOS / PAVIMENTAÇÃO,m2,validacao,linear_simples,True,12,6,0,148.93886053908048,6.003023387537365,12.204050988875803,0.8203206330822337,calculado,-14.334679095855908
der_es,SERVIÇOS COMPLEMENTARES EXTERNOS / PAVIMENTAÇÃO,m2,validacao,linear_multipla,False,12,6,0,155.28127305457306,6.503607500656821,12.46119067563662,0.8126691668269511,calculado,-19.20350713057898
der_es,SERVIÇOS COMPLEMENTARES EXTERNOS / PAVIMENTAÇÃO,m2,teste,persistencia,False,18,6,0,7.857738888888887,1.2994444444444468,2.8031658689576124,0.9910952071244326,calculado,0.0
der_es,SERVIÇOS COMPLEMENTARES EXTERNOS / PAVIMENTAÇÃO,m2,teste,linear_simples,True,18,6,0,7.945584501947026,1.5614253299953826,2.818791319332991,0.9909956559685121,calculado,-1.1179502691589283
der_es,SERVIÇOS COMPLEMENTARES EXTERNOS / PAVIMENTAÇÃO,m2,teste,linear_multipla,False,18,6,0,8.410995256308023,1.7847198314349484,2.9001715908387253,0.9904682286222679,calculado,-7.040910562725108
der_es,SERVIÇOS COMPLEMENTARES EXTERNOS / QUADRA DE ESPORTES (Ver nota 9 da planilha),m,validacao,persistencia,False,6,3,0,0.0,0.0,0.0,1.0,calculado,
der_es,SERVIÇOS COMPLEMENTARES EXTERNOS / QUADRA DE ESPORTES (Ver nota 9 da planilha),m,validacao,linear_simples,True,6,3,0,0.002124307508979899,0.04112273522540436,0.046090210554736014,0.9995739246568932,calculado,
der_es,SERVIÇOS COMPLEMENTARES EXTERNOS / QUADRA DE ESPORTES (Ver nota 9 da planilha),m,validacao,linear_multipla,False,6,3,0,0.004156121965493358,0.05690754308393379,0.06446799179044867,0.9991664007753324,calculado,
der_es,SERVIÇOS COMPLEMENTARES EXTERNOS / QUADRA DE ESPORTES (Ver nota 9 da planilha),m,teste,persistencia,False,9,3,0,0.10179999999999993,0.2244444444444443,0.3190611226708762,0.9803287370580658,calculado,0.0
der_es,SERVIÇOS COMPLEMENTARES EXTERNOS / QUADRA DE ESPORTES (Ver nota 9 da planilha),m,teste,linear_simples,True,9,3,0,0.10393811061174471,0.23498492520305683,0.3223943402290814,0.9799155805154078,calculado,-2.1003051195921216
der_es,SERVIÇOS COMPLEMENTARES EXTERNOS / QUADRA DE ESPORTES (Ver nota 9 da planilha),m,teste,linear_multipla,False,9,3,0,0.08035606562403402,0.2121172896437121,0.28347145468994583,0.984472443066113,calculado,21.064768542206213
der_es,SERVIÇOS COMPLEMENTARES EXTERNOS / QUADRA DE ESPORTES (Ver nota 9 da planilha),m2,validacao,persistencia,False,12,6,0,1.5152833333333307,0.5633333333333335,1.2309684534273535,0.9997541533876074,calculado,0.0
der_es,SERVIÇOS COMPLEMENTARES EXTERNOS / QUADRA DE ESPORTES (Ver nota 9 da planilha),m2,validacao,linear_simples,True,12,6,0,16.7442312442134,3.731960088328035,4.091971559555785,0.9972833380807713,calculado,-1005.023125106202
der_es,SERVIÇOS COMPLEMENTARES EXTERNOS / QUADRA DE ESPORTES (Ver nota 9 da planilha),m2,validacao,linear_multipla,False,12,6,0,17.91384365587754,3.872552282262364,4.232474885439669,0.997093574725698,calculado,-1082.2108289458015
der_es,SERVIÇOS COMPLEMENTARES EXTERNOS / QUADRA DE ESPORTES (Ver nota 9 da planilha),m2,teste,persistencia,False,30,10,0,6.938663333333316,1.1563333333333305,2.63413426638304,0.9985877679622266,calculado,0.0
der_es,SERVIÇOS COMPLEMENTARES EXTERNOS / QUADRA DE ESPORTES (Ver nota 9 da planilha),m2,teste,linear_simples,True,30,10,0,21.549805490788515,3.5038852277226464,4.642176805205562,0.9956139497969767,calculado,-210.5757471653556
der_es,SERVIÇOS COMPLEMENTARES EXTERNOS / QUADRA DE ESPORTES (Ver nota 9 da planilha),m2,teste,linear_multipla,False,30,10,0,22.4316407307756,3.6053311946439206,4.736205309187472,0.99543446912208,calculado,-223.28475461569195
der_es,SERVIÇOS COMPLEMENTARES EXTERNOS / QUADRA DE ESPORTES (Ver nota 9 da planilha),und,validacao,persistencia,False,4,2,0,0.0,0.0,0.0,1.0,calculado,
der_es,SERVIÇOS COMPLEMENTARES EXTERNOS / QUADRA DE ESPORTES (Ver nota 9 da planilha),und,validacao,linear_simples,True,4,2,0,244.43330862398855,15.634357972783619,15.634363070620708,0.9819126699596077,calculado,
der_es,SERVIÇOS COMPLEMENTARES EXTERNOS / QUADRA DE ESPORTES (Ver nota 9 da planilha),und,validacao,linear_multipla,False,4,2,0,294.4812341530754,17.160400887671926,17.160455534544397,0.9782092739209194,calculado,
der_es,SERVIÇOS COMPLEMENTARES EXTERNOS / QUADRA DE ESPORTES (Ver nota 9 da planilha),und,teste,persistencia,False,18,6,0,1150.4342944444443,15.929444444444442,33.91805263343467,0.9992099131393831,calculado,0.0
der_es,SERVIÇOS COMPLEMENTARES EXTERNOS / QUADRA DE ESPORTES (Ver nota 9 da planilha),und,teste,linear_simples,True,18,6,0,1082.2146180323302,24.38821072145137,32.89703053517643,0.9992567645503929,calculado,5.929906361584776
der_es,SERVIÇOS COMPLEMENTARES EXTERNOS / QUADRA DE ESPORTES (Ver nota 9 da planilha),und,teste,linear_multipla,False,18,6,0,1057.026190705033,24.65948683760702,32.51193920246888,0.9992740632745069,calculado,8.119377542071526
der_es,"SERVIÇOS COMPLEMENTARES EXTERNOS / TRATAMENTO, CONSERVAÇÃO E LIMPEZA",m2,validacao,persistencia,False,6,3,0,0.0,0.0,0.0,1.0,calculado,
der_es,"SERVIÇOS COMPLEMENTARES EXTERNOS / TRATAMENTO, CONSERVAÇÃO E LIMPEZA",m2,validacao,linear_simples,False,6,3,0,0.0022420160116834475,0.03889516061038756,0.0473499314855201,0.9998144070864278,calculado,
der_es,"SERVIÇOS COMPLEMENTARES EXTERNOS / TRATAMENTO, CONSERVAÇÃO E LIMPEZA",m2,validacao,linear_multipla,True,6,3,0,0.0004556780693769686,0.020658973767512984,0.021346617281831064,0.9999622792075944,calculado,
der_es,"SERVIÇOS COMPLEMENTARES EXTERNOS / TRATAMENTO, CONSERVAÇÃO E LIMPEZA",m2,teste,persistencia,False,9,3,0,0.06772222222222239,0.13000000000000023,0.26023493659042474,0.9946510970735928,calculado,0.0
der_es,"SERVIÇOS COMPLEMENTARES EXTERNOS / TRATAMENTO, CONSERVAÇÃO E LIMPEZA",m2,teste,linear_simples,False,9,3,0,0.05794211032287696,0.1404442240134961,0.24071167467091611,0.9954235594565805,calculado,14.441510597884934
der_es,"SERVIÇOS COMPLEMENTARES EXTERNOS / TRATAMENTO, CONSERVAÇÃO E LIMPEZA",m2,teste,linear_multipla,True,9,3,0,0.06325068506065559,0.13554684086934024,0.2514968887693357,0.995004272403997,calculado,6.602762010516996
der_es,SERVIÇOS COMPLEMENTARES INTERNOS / DIVERSOS INTERNOS,m,validacao,persistencia,False,8,4,0,68.66785000000009,4.777500000000005,8.286606663767751,0.9860154152162476,calculado,0.0
der_es,SERVIÇOS COMPLEMENTARES INTERNOS / DIVERSOS INTERNOS,m,validacao,linear_simples,True,8,4,0,176.54445743735934,9.931591442027157,13.28700332796524,0.9640457516416443,calculado,-157.0991482001535
der_es,SERVIÇOS COMPLEMENTARES INTERNOS / DIVERSOS INTERNOS,m,validacao,linear_multipla,False,8,4,0,195.72226137881958,10.642603265125738,13.990077247064063,0.9601400865423944,calculado,-185.0275076019117
der_es,SERVIÇOS COMPLEMENTARES INTERNOS / DIVERSOS INTERNOS,m,teste,persistencia,False,12,4,0,6.579466666666679,1.4316666666666695,2.5650471080794364,0.9987294758153072,calculado,0.0
der_es,SERVIÇOS COMPLEMENTARES INTERNOS / DIVERSOS INTERNOS,m,teste,linear_simples,True,12,4,0,47.31568597629259,5.754474515810638,6.878639834756039,0.9908631312545788,calculado,-619.1416625910788
der_es,SERVIÇOS COMPLEMENTARES INTERNOS / DIVERSOS INTERNOS,m,teste,linear_multipla,False,12,4,0,57.907627928606026,6.3300723997358,7.609706165720594,0.9888177803021293,calculado,-780.1264731985253
der_es,SERVIÇOS GERAIS / ENCARGOS COMPLEMENTARES - EQUIPAMENTOS DE PROTEÇÃO INDIVIDUAL,und,validacao,persistencia,False,18,9,0,0.0,0.0,0.0,1.0,calculado,
der_es,SERVIÇOS GERAIS / ENCARGOS COMPLEMENTARES - EQUIPAMENTOS DE PROTEÇÃO INDIVIDUAL,und,validacao,linear_simples,True,18,9,0,0.037330661196038624,0.1565084443895997,0.19321144167993423,0.999985027330757,calculado,
der_es,SERVIÇOS GERAIS / ENCARGOS COMPLEMENTARES - EQUIPAMENTOS DE PROTEÇÃO INDIVIDUAL,und,validacao,linear_multipla,False,18,9,0,0.03733815168500651,0.15659974361392798,0.19323082488310842,0.9999850243264541,calculado,
der_es,SERVIÇOS GERAIS / ENCARGOS COMPLEMENTARES - EQUIPAMENTOS DE PROTEÇÃO INDIVIDUAL,und,teste,persistencia,False,27,9,0,4.104644444444442,0.8696296296296295,2.025992212335586,0.9983512057621431,calculado,0.0
der_es,SERVIÇOS GERAIS / ENCARGOS COMPLEMENTARES - EQUIPAMENTOS DE PROTEÇÃO INDIVIDUAL,und,teste,linear_simples,True,27,9,0,4.158002348459056,0.9605236465904835,2.0391180320077247,0.9983297724307366,calculado,-1.2999397325834954
der_es,SERVIÇOS GERAIS / ENCARGOS COMPLEMENTARES - EQUIPAMENTOS DE PROTEÇÃO INDIVIDUAL,und,teste,linear_multipla,False,27,9,0,4.158037590498798,0.9606016631746997,2.039126673480291,0.9983297582743651,calculado,-1.300798321925851
der_es,SERVIÇOS GERAIS / ENCARGOS COMPLEMENTARES - FERRAMENTAS MANUAIS,und,validacao,persistencia,False,28,14,0,0.0,0.0,0.0,1.0,calculado,
der_es,SERVIÇOS GERAIS / ENCARGOS COMPLEMENTARES - FERRAMENTAS MANUAIS,und,validacao,linear_simples,True,28,14,0,3.575798755696139,1.7302828733469953,1.8909782536285653,0.9999179614537365,calculado,
der_es,SERVIÇOS GERAIS / ENCARGOS COMPLEMENTARES - FERRAMENTAS MANUAIS,und,validacao,linear_multipla,False,28,14,0,3.87848146021746,1.7803810949531562,1.96938606175058,0.9999110170894826,calculado,
der_es,SERVIÇOS GERAIS / ENCARGOS COMPLEMENTARES - FERRAMENTAS MANUAIS,und,teste,persistencia,False,42,14,0,152.82759285714306,4.079761904761908,12.362345766768662,0.9962540472893138,calculado,0.0
der_es,SERVIÇOS GERAIS / ENCARGOS COMPLEMENTARES - FERRAMENTAS MANUAIS,und,teste,linear_simples,True,42,14,0,160.47942177296852,4.938928964867246,12.66804727544733,0.9960664935319518,calculado,-5.0068372947404045
der_es,SERVIÇOS GERAIS / ENCARGOS COMPLEMENTARES - FERRAMENTAS MANUAIS,und,teste,linear_multipla,False,42,14,0,161.06442671443733,4.961459542527644,12.691116054722585,0.9960521544927423,calculado,-5.389624807474214
der_es,SERVIÇOS PRELIMINARES / DEMOLIÇÕES E RETIRADAS,m,validacao,persistencia,False,12,6,0,0.0,0.0,0.0,1.0,calculado,
der_es,SERVIÇOS PRELIMINARES / DEMOLIÇÕES E RETIRADAS,m,validacao,linear_simples,False,12,6,0,0.468673078402007,0.44143560892971995,0.6845970189841664,0.9568095547506095,calculado,
der_es,SERVIÇOS PRELIMINARES / DEMOLIÇÕES E RETIRADAS,m,validacao,linear_multipla,True,12,6,0,0.12483683939605779,0.3369667087397232,0.3533225713085109,0.9884956936391008,calculado,
der_es,SERVIÇOS PRELIMINARES / DEMOLIÇÕES E RETIRADAS,m,teste,persistencia,False,18,6,0,0.048127777777777735,0.10055555555555551,0.21938044073658375,0.9957770216289592,calculado,0.0
der_es,SERVIÇOS PRELIMINARES / DEMOLIÇÕES E RETIRADAS,m,teste,linear_simples,False,18,6,0,0.4963332369843201,0.457824979227683,0.7045092171038787,0.9564491729850604,calculado,-931.2822654643622
der_es,SERVIÇOS PRELIMINARES / DEMOLIÇÕES E RETIRADAS,m,teste,linear_multipla,True,18,6,0,0.08308396164979354,0.2405266114639319,0.28824288655540753,0.9927097865468149,calculado,-72.6320339023762
der_es,SERVIÇOS PRELIMINARES / DEMOLIÇÕES E RETIRADAS,m2,validacao,persistencia,False,79,40,1,0.05112025316455693,0.03151898734177213,0.2260978840337895,0.9998119579333636,calculado,0.0
der_es,SERVIÇOS PRELIMINARES / DEMOLIÇÕES E RETIRADAS,m2,validacao,linear_simples,False,79,40,1,0.937901278756987,0.5693239071468484,0.9684530338415936,0.9965499995825405,calculado,-1734.6960758153282
der_es,SERVIÇOS PRELIMINARES / DEMOLIÇÕES E RETIRADAS,m2,validacao,linear_multipla,True,79,40,1,0.29725043018236963,0.5128059597379537,0.5452067774545449,0.9989065862991697,calculado,-481.4729227289146
der_es,SERVIÇOS PRELIMINARES / DEMOLIÇÕES E RETIRADAS,m2,teste,persistencia,False,119,40,0,0.9787260504201674,0.4216806722689075,0.9893058427100122,0.9965602414657976,calculado,0.0
der_es,SERVIÇOS PRELIMINARES / DEMOLIÇÕES E RETIRADAS,m2,teste,linear_simples,False,119,40,0,2.3078729580949275,0.7981207959307902,1.5191685087885831,0.991888919580659,calculado,-135.80377339544168
der_es,SERVIÇOS PRELIMINARES / DEMOLIÇÕES E RETIRADAS,m2,teste,linear_multipla,True,119,40,0,1.25956687981739,0.6637417087226491,1.1223042723866776,0.995573218959084,calculado,-28.69452890077439
der_es,SERVIÇOS PRELIMINARES / DEMOLIÇÕES E RETIRADAS,m3,validacao,persistencia,False,8,4,0,0.2346124999999967,0.1712499999999988,0.48436814511278165,0.9999672714514112,calculado,0.0
der_es,SERVIÇOS PRELIMINARES / DEMOLIÇÕES E RETIRADAS,m3,validacao,linear_simples,False,8,4,0,56.06990849641702,6.3063339361227815,7.487984274583983,0.9921782227093728,calculado,-23798.943362530903
der_es,SERVIÇOS PRELIMINARES / DEMOLIÇÕES E RETIRADAS,m3,validacao,linear_multipla,True,8,4,0,15.14600492327078,3.517020973893265,3.8917868548098546,0.997887125545066,calculado,-6355.753603610632
der_es,SERVIÇOS PRELIMINARES / DEMOLIÇÕES E RETIRADAS,m3,teste,persistencia,False,12,4,0,50.75361666666661,3.2949999999999995,7.124157260102181,0.9933298325170505,calculado,0.0
der_es,SERVIÇOS PRELIMINARES / DEMOLIÇÕES E RETIRADAS,m3,teste,linear_simples,False,12,4,0,136.9802689675361,8.042720871766878,11.70385701243552,0.9819977098011813,calculado,-169.89262630716217
der_es,SERVIÇOS PRELIMINARES / DEMOLIÇÕES E RETIRADAS,m3,teste,linear_multipla,True,12,4,0,35.95509633145491,4.478236770326673,5.996256860029839,0.9952746911422787,calculado,29.157568085056106
der_es,SERVIÇOS PRELIMINARES / DEMOLIÇÕES E RETIRADAS,und,validacao,persistencia,False,20,10,0,5.676005000000006,0.5545000000000001,2.3824367777550797,0.9836651240686011,calculado,0.0
der_es,SERVIÇOS PRELIMINARES / DEMOLIÇÕES E RETIRADAS,und,validacao,linear_simples,True,20,10,0,5.261607600923226,0.9942350541972027,2.2938194351176002,0.9848577111259087,calculado,7.300863883607913
der_es,SERVIÇOS PRELIMINARES / DEMOLIÇÕES E RETIRADAS,und,validacao,linear_multipla,False,20,10,0,6.5144693700182685,0.7970600721559918,2.5523458562699273,0.9812521220615298,calculado,-14.772086529491453
der_es,SERVIÇOS PRELIMINARES / DEMOLIÇÕES E RETIRADAS,und,teste,persistencia,False,30,10,0,1.1572166666666657,0.45233333333333337,1.0757400553417473,0.996650003148015,calculado,0.0
der_es,SERVIÇOS PRELIMINARES / DEMOLIÇÕES E RETIRADAS,und,teste,linear_simples,True,30,10,0,2.1343964379489577,0.9549389159635441,1.4609573703393806,0.9938211904875057,calculado,-84.44224832131346
der_es,SERVIÇOS PRELIMINARES / DEMOLIÇÕES E RETIRADAS,und,teste,linear_multipla,False,30,10,0,26.284558711306236,1.7329091606434404,5.126846858577525,0.9239095050434031,calculado,-2171.3601928166368
der_es,SERVIÇOS PRELIMINARES / SERVIÇOS ADMINISTRATIVOS E TÉCNICOS - MENSALISTAS,mês,validacao,persistencia,False,30,15,0,622614.4065166658,332.97433333333316,789.0591907560964,0.9942366346958957,calculado,0.0
der_es,SERVIÇOS PRELIMINARES / SERVIÇOS ADMINISTRATIVOS E TÉCNICOS - MENSALISTAS,mês,validacao,linear_simples,False,30,15,0,594012.4332155494,334.63926913740795,770.7220207153481,0.9945013950657606,calculado,4.593850222826601
der_es,SERVIÇOS PRELIMINARES / SERVIÇOS ADMINISTRATIVOS E TÉCNICOS - MENSALISTAS,mês,validacao,linear_multipla,True,30,15,0,593060.588160903,333.8074923642867,770.104270966538,0.994510206025972,calculado,4.746728962008332
der_es,SERVIÇOS PRELIMINARES / SERVIÇOS ADMINISTRATIVOS E TÉCNICOS - MENSALISTAS,mês,teste,persistencia,False,45,15,0,6051.484768888871,11.976444444444414,77.79128980090812,0.9999439307944238,calculado,0.0
der_es,SERVIÇOS PRELIMINARES / SERVIÇOS ADMINISTRATIVOS E TÉCNICOS - MENSALISTAS,mês,teste,linear_simples,False,45,15,0,21497.338715125665,96.42309885285454,146.6197077992098,0.9998008193443771,calculado,-255.24073076487056
der_es,SERVIÇOS PRELIMINARES / SERVIÇOS ADMINISTRATIVOS E TÉCNICOS - MENSALISTAS,mês,teste,linear_multipla,True,45,15,0,22239.86229381048,98.93696265936342,149.13035336178373,0.9997939395935773,calculado,-267.5108364834239
der_es,VIDROS E ESPELHOS / ESPELHOS,m2,validacao,persistencia,False,6,3,0,0.0,0.0,0.0,1.0,calculado,
der_es,VIDROS E ESPELHOS / ESPELHOS,m2,validacao,linear_simples,True,6,3,0,113.96301771911658,9.584391279740089,10.675346257574814,0.9636352439301266,calculado,
der_es,VIDROS E ESPELHOS / ESPELHOS,m2,validacao,linear_multipla,False,6,3,0,138.7928454690409,9.891132156181357,11.781037537884382,0.9557122295395423,calculado,
der_es,VIDROS E ESPELHOS / ESPELHOS,m2,teste,persistencia,False,9,3,0,524.4753444444448,14.265555555555567,22.90142669015284,0.7789867645021434,calculado,0.0
der_es,VIDROS E ESPELHOS / ESPELHOS,m2,teste,linear_simples,True,9,3,0,357.7939417164357,14.353255771244891,18.915441885307246,0.8492260932035915,calculado,31.78059836245836
der_es,VIDROS E ESPELHOS / ESPELHOS,m2,teste,linear_multipla,False,9,3,0,339.4229461417164,13.743001063961275,18.423434699906434,0.8569676071075223,calculado,35.283336054385316
der_es,VIDROS E ESPELHOS / VIDROS PARA ESQUADRIAS,m2,validacao,persistencia,False,6,3,0,0.0,0.0,0.0,1.0,calculado,
der_es,VIDROS E ESPELHOS / VIDROS PARA ESQUADRIAS,m2,validacao,linear_simples,True,6,3,0,228.56770653043841,15.055954217981991,15.118455824932598,0.9978227786643132,calculado,
der_es,VIDROS E ESPELHOS / VIDROS PARA ESQUADRIAS,m2,validacao,linear_multipla,False,6,3,0,240.7790209733365,15.45125282420465,15.517055808797508,0.9977064598074395,calculado,
der_es,VIDROS E ESPELHOS / VIDROS PARA ESQUADRIAS,m2,teste,persistencia,False,9,3,0,478.1762777777765,12.447777777777763,21.867242116411855,0.9958283625163468,calculado,0.0
der_es,VIDROS E ESPELHOS / VIDROS PARA ESQUADRIAS,m2,teste,linear_simples,True,9,3,0,785.2129280734181,22.42234706124964,28.021651059018954,0.9931497570339062,calculado,-64.2099293847302
der_es,VIDROS E ESPELHOS / VIDROS PARA ESQUADRIAS,m2,teste,linear_multipla,False,9,3,0,792.6230432653655,22.54775343275467,28.153561822003365,0.9930851107607022,calculado,-65.75959120115998
