fonte,regime,codigo,descricao,grupo,unidade,assinatura_tecnica,arquivo_sha256,localizador,competencia_t,competencia_alvo,unidade_alvo,grupo_alvo,unidade_alvo_compativel,mudanca_tecnica_alvo,custo_t,custo_t_1,custo_t_2,custo_alvo,data_corte,publicado_alvo,publicacao_completa,admissivel_publicacao,arquivo_sha256_alvo,particao,excluido_publicacao,excluido_unidade_alvo
der_es,sem_desoneracao,110101,"Chapisco com argamassa de cimento e areia média ou grossa lavada no traço 1:3, espessura 5 mm",TETOS E FORROS / REVESTIMENTO COM ARGAMASSA,m2,f6ce909b4c831c70244232b33b1501f91345eeb26b32577c2f27c3136c20cac5,2dd7e7c15552e8663b500f12008e09dc39c3816602e826e994d7dc8922d7ac8f,TABELA REFERENCIAL OBRAS - DER-ES - 2025-03 - MAR/XLS/tab_DER-EDIFICAÇσES_2025_03_servicos.xlsx!A373,2025-03,2025-04,m2,TETOS E FORROS / REVESTIMENTO COM ARGAMASSA,True,False,14.25,14.25,14.22,14.28,,,False,False,d2087ecf8affe6feb21bd38f6045155bdc7d4b18356273e8e54c68d96e73dbd4,treino,False,False
der_es,sem_desoneracao,110101,"Chapisco com argamassa de cimento e areia média ou grossa lavada no traço 1:3, espessura 5 mm",TETOS E FORROS / REVESTIMENTO COM ARGAMASSA,m2,f6ce909b4c831c70244232b33b1501f91345eeb26b32577c2f27c3136c20cac5,d2087ecf8affe6feb21bd38f6045155bdc7d4b18356273e8e54c68d96e73dbd4,TABELA REFERENCIAL OBRAS - DER-ES - 2025-04 - ABR/XLS/tab_DER-EDIFICAÇσES_2025_04_servicos.xlsx!A373,2025-04,2025-05,m2,TETOS E FORROS / REVESTIMENTO COM ARGAMASSA,True,False,14.28,14.25,14.25,15.32,,,False,False,2bf6c2c7e6a976b4518fe548f59e259ac8091a61f440b44f17701ff9a0f00926,treino,False,False
der_es,sem_desoneracao,110101,"Chapisco com argamassa de cimento e areia média ou grossa lavada no traço 1:3, espessura 5 mm",TETOS E FORROS / REVESTIMENTO COM ARGAMASSA,m2,f6ce909b4c831c70244232b33b1501f91345eeb26b32577c2f27c3136c20cac5,2bf6c2c7e6a976b4518fe548f59e259ac8091a61f440b44f17701ff9a0f00926,TABELA REFERENCIAL OBRAS - DER-ES - 2025-05 - MAI/XLS/tab_DER-EDIFICAÇσES_2025_05_servicos.xlsx!A374,2025-05,2025-06,m2,TETOS E FORROS / REVESTIMENTO COM ARGAMASSA,True,False,15.32,14.28,14.25,15.34,,,False,False,22734abdbfefadc850a2608b6f454b5f7c18b5e3c19f87c396d85d1e76c75234,treino,False,False
der_es,sem_desoneracao,110101,"Chapisco com argamassa de cimento e areia média ou grossa lavada no traço 1:3, espessura 5 mm",TETOS E FORROS / REVESTIMENTO COM ARGAMASSA,m2,f6ce909b4c831c70244232b33b1501f91345eeb26b32577c2f27c3136c20cac5,22734abdbfefadc850a2608b6f454b5f7c18b5e3c19f87c396d85d1e76c75234,TABELA REFERENCIAL OBRAS - DER-ES - 2025-06 - JUN/XLS/tab_DER-EDIFICAÇÕES_2025_06_servicos.xlsx!A372,2025-06,2025-07,m2,TETOS E FORROS / REVESTIMENTO COM ARGAMASSA,True,False,15.34,15.32,14.28,15.34,,,False,False,9f2d3bc52e35d3a9c0317f2bbd34359ce4b9eb726cfdad03719dc91ab8a6eb52,treino,False,False
der_es,sem_desoneracao,110101,"Chapisco com argamassa de cimento e areia média ou grossa lavada no traço 1:3, espessura 5 mm",TETOS E FORROS / REVESTIMENTO COM ARGAMASSA,m2,f6ce909b4c831c70244232b33b1501f91345eeb26b32577c2f27c3136c20cac5,9f2d3bc52e35d3a9c0317f2bbd34359ce4b9eb726cfdad03719dc91ab8a6eb52,TABELA REFERENCIAL OBRAS - DER-ES - 2025-07 - JUL/TABELA REFERENCIAL OBRAS - DER-ES - 2025-07 - JUL/XLS/tab_DER-EDIFICAÇÕES_2025_07_servicos.xlsx!A372,2025-07,2025-08,m2,TETOS E FORROS / REVESTIMENTO COM ARGAMASSA,True,False,15.34,15.34,15.32,15.41,,,False,False,f4e1c72d0bc82c19d0327a48458bea46cf1a06c556062fe2206e7955be9a14b1,treino,False,False
der_es,sem_desoneracao,110101,"Chapisco com argamassa de cimento e areia média ou grossa lavada no traço 1:3, espessura 5 mm",TETOS E FORROS / REVESTIMENTO COM ARGAMASSA,m2,f6ce909b4c831c70244232b33b1501f91345eeb26b32577c2f27c3136c20cac5,f4e1c72d0bc82c19d0327a48458bea46cf1a06c556062fe2206e7955be9a14b1,TABELA REFERENCIAL OBRAS - DER-ES - 2025-08 - AGO/XLS/tab_DER-EDIFICAÇÕES_2025_08_servicos.xlsx!A372,2025-08,2025-09,m2,TETOS E FORROS / REVESTIMENTO COM ARGAMASSA,True,False,15.41,15.34,15.34,15.41,,,False,False,7b1be34ee7d5dd82bcaeb75a32037ae0f2eea1e439205f05e57077b8a3567875,treino,False,False
der_es,sem_desoneracao,110101,"Chapisco com argamassa de cimento e areia média ou grossa lavada no traço 1:3, espessura 5 mm",TETOS E FORROS / REVESTIMENTO COM ARGAMASSA,m2,f6ce909b4c831c70244232b33b1501f91345eeb26b32577c2f27c3136c20cac5,7b1be34ee7d5dd82bcaeb75a32037ae0f2eea1e439205f05e57077b8a3567875,TABELA REFERENCIAL OBRAS - DER-ES - 2025-09 - SET/XLS/tab_DER-EDIFICAÇÕES_2025_09_servicos.xlsx!A372,2025-09,2025-10,m2,TETOS E FORROS / REVESTIMENTO COM ARGAMASSA,True,False,15.41,15.41,15.34,15.38,,,False,False,25f27b5ef0ad1c6c63d22be1ab543e5a65d73aa17c4d0463109a84f7209c8fa3,treino,False,False
der_es,sem_desoneracao,110101,"Chapisco com argamassa de cimento e areia média ou grossa lavada no traço 1:3, espessura 5 mm",TETOS E FORROS / REVESTIMENTO COM ARGAMASSA,m2,f6ce909b4c831c70244232b33b1501f91345eeb26b32577c2f27c3136c20cac5,25f27b5ef0ad1c6c63d22be1ab543e5a65d73aa17c4d0463109a84f7209c8fa3,TABELA REFERENCIAL OBRAS - DER-ES - 2025-10 - OUT/XLS/tab_DER-EDIFICAÇÕES_2025_10_servicos.xlsx!A372,2025-10,2025-11,m2,TETOS E FORROS / REVESTIMENTO COM ARGAMASSA,True,False,15.38,15.41,15.41,15.38,,,False,False,d856141d8d195b8bf3114dd64686b80db08318d557f9eb5f279d84fffec1a86e,treino,False,False
der_es,sem_desoneracao,110101,"Chapisco com argamassa de cimento e areia média ou grossa lavada no traço 1:3, espessura 5 mm",TETOS E FORROS / REVESTIMENTO COM ARGAMASSA,m2,f6ce909b4c831c70244232b33b1501f91345eeb26b32577c2f27c3136c20cac5,d856141d8d195b8bf3114dd64686b80db08318d557f9eb5f279d84fffec1a86e,TABELA REFERENCIAL OBRAS - DER-ES - 2025-11 - NOV/XLS/tab_DER-EDIFICAÇÕES_2025_11_servicos.xlsx!A372,2025-11,2025-12,m2,TETOS E FORROS / REVESTIMENTO COM ARGAMASSA,True,False,15.38,15.38,15.41,15.47,,,False,False,cf2ae6d6af6081526a2c2c6a6446342c23099ac3a9c81f310e3a5da2680fb053,treino,False,False
der_es,sem_desoneracao,110101,"Chapisco com argamassa de cimento e areia média ou grossa lavada no traço 1:3, espessura 5 mm",TETOS E FORROS / REVESTIMENTO COM ARGAMASSA,m2,f6ce909b4c831c70244232b33b1501f91345eeb26b32577c2f27c3136c20cac5,cf2ae6d6af6081526a2c2c6a6446342c23099ac3a9c81f310e3a5da2680fb053,TABELA REFERENCIAL OBRAS - DER-ES - 2025-12 - DEZ/XLS/tab_DER-EDIFICAÇÕES_2025_12_servicos.xlsx!A372,2025-12,2026-01,m2,TETOS E FORROS / REVESTIMENTO COM ARGAMASSA,True,False,15.47,15.38,15.38,15.47,,,False,False,4feebcbe8c47058cf57314347405d833cdfb5d2340951f005ab53d27ae84fd84,validacao,False,False
der_es,sem_desoneracao,110101,"Chapisco com argamassa de cimento e areia média ou grossa lavada no traço 1:3, espessura 5 mm",TETOS E FORROS / REVESTIMENTO COM ARGAMASSA,m2,f6ce909b4c831c70244232b33b1501f91345eeb26b32577c2f27c3136c20cac5,4feebcbe8c47058cf57314347405d833cdfb5d2340951f005ab53d27ae84fd84,TABELA REFERENCIAL OBRAS - DER-ES - 2026-01 - JAN/XLS/tab_DER-EDIFICAÇÕES_2026_01_servicos.xlsx!A372,2026-01,2026-02,m2,TETOS E FORROS / REVESTIMENTO COM ARGAMASSA,True,False,15.47,15.47,15.38,15.35,,,False,False,1a7537f06fa9b2a1aff5982ae95ae6bf2ec16498e28430445e55584fbcce9a3c,validacao,False,False
der_es,sem_desoneracao,110101,"Chapisco com argamassa de cimento e areia média ou grossa lavada no traço 1:3, espessura 5 mm",TETOS E FORROS / REVESTIMENTO COM ARGAMASSA,m2,f6ce909b4c831c70244232b33b1501f91345eeb26b32577c2f27c3136c20cac5,1a7537f06fa9b2a1aff5982ae95ae6bf2ec16498e28430445e55584fbcce9a3c,TABELA REFERENCIAL OBRAS - DER-ES - 2026-02 - FEV/XLS/tab_DER-EDIFICAÇÕES_2026_02_servicos.xlsx!A372,2026-02,2026-03,m2,TETOS E FORROS / REVESTIMENTO COM ARGAMASSA,True,False,15.35,15.47,15.47,15.35,,,False,False,c9a408180051aaa4e38fe277afd37500d913d617b22cb55cd61158248094d761,teste,False,False
der_es,sem_desoneracao,110101,"Chapisco com argamassa de cimento e areia média ou grossa lavada no traço 1:3, espessura 5 mm",TETOS E FORROS / REVESTIMENTO COM ARGAMASSA,m2,f6ce909b4c831c70244232b33b1501f91345eeb26b32577c2f27c3136c20cac5,c9a408180051aaa4e38fe277afd37500d913d617b22cb55cd61158248094d761,TABELA REFERENCIAL OBRAS - DER-ES - 2026-03 - MAR/XLS/tab_DER-EDIFICAÇÕES_2026_03_servicos.xlsx!A372,2026-03,2026-04,m2,TETOS E FORROS / REVESTIMENTO COM ARGAMASSA,True,False,15.35,15.35,15.47,15.36,,,False,False,b07a6f7cd81d76e43925b8f994875b35e8468c5a37790367db80f72665fc0b2b,teste,False,False
der_es,sem_desoneracao,110101,"Chapisco com argamassa de cimento e areia média ou grossa lavada no traço 1:3, espessura 5 mm",TETOS E FORROS / REVESTIMENTO COM ARGAMASSA,m2,f6ce909b4c831c70244232b33b1501f91345eeb26b32577c2f27c3136c20cac5,b07a6f7cd81d76e43925b8f994875b35e8468c5a37790367db80f72665fc0b2b,TABELA REFERENCIAL OBRAS - DER-ES - 2026-04 - ABR/XLS/tab_DER-EDIFICAÇÕES_2026_04_servicos.xlsx!A372,2026-04,2026-05,m2,TETOS E FORROS / REVESTIMENTO COM ARGAMASSA,True,True,15.36,15.35,15.35,8.25,,,False,False,9d7efd575c10dc676bc49f5acb5630fa9b3cd2b98449be07612e1891e8d213f6,teste,False,False
der_es,sem_desoneracao,110201,Forro de gesso acabamento tipo liso,TETOS E FORROS / REBAIXAMENTOS,m2,d7a170b73932173974ec7808e4ef144e8ddd8c5145516872f1557bd5dd4eeed0,2dd7e7c15552e8663b500f12008e09dc39c3816602e826e994d7dc8922d7ac8f,TABELA REFERENCIAL OBRAS - DER-ES - 2025-03 - MAR/XLS/tab_DER-EDIFICAÇσES_2025_03_servicos.xlsx!A375,2025-03,2025-04,m2,TETOS E FORROS / REBAIXAMENTOS,True,False,60.1,60.1,63.13,60.1,,,False,False,d2087ecf8affe6feb21bd38f6045155bdc7d4b18356273e8e54c68d96e73dbd4,treino,False,False
der_es,sem_desoneracao,110201,Forro de gesso acabamento tipo liso,TETOS E FORROS / REBAIXAMENTOS,m2,d7a170b73932173974ec7808e4ef144e8ddd8c5145516872f1557bd5dd4eeed0,d2087ecf8affe6feb21bd38f6045155bdc7d4b18356273e8e54c68d96e73dbd4,TABELA REFERENCIAL OBRAS - DER-ES - 2025-04 - ABR/XLS/tab_DER-EDIFICAÇσES_2025_04_servicos.xlsx!A375,2025-04,2025-05,m2,TETOS E FORROS / REBAIXAMENTOS,True,False,60.1,60.1,60.1,60.1,,,False,False,2bf6c2c7e6a976b4518fe548f59e259ac8091a61f440b44f17701ff9a0f00926,treino,False,False
der_es,sem_desoneracao,110201,Forro de gesso acabamento tipo liso,TETOS E FORROS / REBAIXAMENTOS,m2,d7a170b73932173974ec7808e4ef144e8ddd8c5145516872f1557bd5dd4eeed0,2bf6c2c7e6a976b4518fe548f59e259ac8091a61f440b44f17701ff9a0f00926,TABELA REFERENCIAL OBRAS - DER-ES - 2025-05 - MAI/XLS/tab_DER-EDIFICAÇσES_2025_05_servicos.xlsx!A376,2025-05,2025-06,m2,TETOS E FORROS / REBAIXAMENTOS,True,False,60.1,60.1,60.1,52.1,,,False,False,22734abdbfefadc850a2608b6f454b5f7c18b5e3c19f87c396d85d1e76c75234,treino,False,False
der_es,sem_desoneracao,110201,Forro de gesso acabamento tipo liso,TETOS E FORROS / REBAIXAMENTOS,m2,d7a170b73932173974ec7808e4ef144e8ddd8c5145516872f1557bd5dd4eeed0,22734abdbfefadc850a2608b6f454b5f7c18b5e3c19f87c396d85d1e76c75234,TABELA REFERENCIAL OBRAS - DER-ES - 2025-06 - JUN/XLS/tab_DER-EDIFICAÇÕES_2025_06_servicos.xlsx!A374,2025-06,2025-07,m2,TETOS E FORROS / REBAIXAMENTOS,True,False,52.1,60.1,60.1,52.1,,,False,False,9f2d3bc52e35d3a9c0317f2bbd34359ce4b9eb726cfdad03719dc91ab8a6eb52,treino,False,False
der_es,sem_desoneracao,110201,Forro de gesso acabamento tipo liso,TETOS E FORROS / REBAIXAMENTOS,m2,d7a170b73932173974ec7808e4ef144e8ddd8c5145516872f1557bd5dd4eeed0,9f2d3bc52e35d3a9c0317f2bbd34359ce4b9eb726cfdad03719dc91ab8a6eb52,TABELA REFERENCIAL OBRAS - DER-ES - 2025-07 - JUL/TABELA REFERENCIAL OBRAS - DER-ES - 2025-07 - JUL/XLS/tab_DER-EDIFICAÇÕES_2025_07_servicos.xlsx!A374,2025-07,2025-08,m2,TETOS E FORROS / REBAIXAMENTOS,True,False,52.1,52.1,60.1,52.1,,,False,False,f4e1c72d0bc82c19d0327a48458bea46cf1a06c556062fe2206e7955be9a14b1,treino,False,False
der_es,sem_desoneracao,110201,Forro de gesso acabamento tipo liso,TETOS E FORROS / REBAIXAMENTOS,m2,d7a170b73932173974ec7808e4ef144e8ddd8c5145516872f1557bd5dd4eeed0,f4e1c72d0bc82c19d0327a48458bea46cf1a06c556062fe2206e7955be9a14b1,TABELA REFERENCIAL OBRAS - DER-ES - 2025-08 - AGO/XLS/tab_DER-EDIFICAÇÕES_2025_08_servicos.xlsx!A374,2025-08,2025-09,m2,TETOS E FORROS / REBAIXAMENTOS,True,False,52.1,52.1,52.1,52.1,,,False,False,7b1be34ee7d5dd82bcaeb75a32037ae0f2eea1e439205f05e57077b8a3567875,treino,False,False
der_es,sem_desoneracao,110201,Forro de gesso acabamento tipo liso,TETOS E FORROS / REBAIXAMENTOS,m2,d7a170b73932173974ec7808e4ef144e8ddd8c5145516872f1557bd5dd4eeed0,7b1be34ee7d5dd82bcaeb75a32037ae0f2eea1e439205f05e57077b8a3567875,TABELA REFERENCIAL OBRAS - DER-ES - 2025-09 - SET/XLS/tab_DER-EDIFICAÇÕES_2025_09_servicos.xlsx!A374,2025-09,2025-10,m2,TETOS E FORROS / REBAIXAMENTOS,True,False,52.1,52.1,52.1,52.1,,,False,False,25f27b5ef0ad1c6c63d22be1ab543e5a65d73aa17c4d0463109a84f7209c8fa3,treino,False,False
der_es,sem_desoneracao,110201,Forro de gesso acabamento tipo liso,TETOS E FORROS / REBAIXAMENTOS,m2,d7a170b73932173974ec7808e4ef144e8ddd8c5145516872f1557bd5dd4eeed0,25f27b5ef0ad1c6c63d22be1ab543e5a65d73aa17c4d0463109a84f7209c8fa3,TABELA REFERENCIAL OBRAS - DER-ES - 2025-10 - OUT/XLS/tab_DER-EDIFICAÇÕES_2025_10_servicos.xlsx!A374,2025-10,2025-11,m2,TETOS E FORROS / REBAIXAMENTOS,True,False,52.1,52.1,52.1,52.1,,,False,False,d856141d8d195b8bf3114dd64686b80db08318d557f9eb5f279d84fffec1a86e,treino,False,False
der_es,sem_desoneracao,110201,Forro de gesso acabamento tipo liso,TETOS E FORROS / REBAIXAMENTOS,m2,d7a170b73932173974ec7808e4ef144e8ddd8c5145516872f1557bd5dd4eeed0,d856141d8d195b8bf3114dd64686b80db08318d557f9eb5f279d84fffec1a86e,TABELA REFERENCIAL OBRAS - DER-ES - 2025-11 - NOV/XLS/tab_DER-EDIFICAÇÕES_2025_11_servicos.xlsx!A374,2025-11,2025-12,m2,TETOS E FORROS / REBAIXAMENTOS,True,False,52.1,52.1,52.1,52.1,,,False,False,cf2ae6d6af6081526a2c2c6a6446342c23099ac3a9c81f310e3a5da2680fb053,treino,False,False
der_es,sem_desoneracao,110201,Forro de gesso acabamento tipo liso,TETOS E FORROS / REBAIXAMENTOS,m2,d7a170b73932173974ec7808e4ef144e8ddd8c5145516872f1557bd5dd4eeed0,cf2ae6d6af6081526a2c2c6a6446342c23099ac3a9c81f310e3a5da2680fb053,TABELA REFERENCIAL OBRAS - DER-ES - 2025-12 - DEZ/XLS/tab_DER-EDIFICAÇÕES_2025_12_servicos.xlsx!A374,2025-12,2026-01,m2,TETOS E FORROS / REBAIXAMENTOS,True,False,52.1,52.1,52.1,52.1,,,False,False,4feebcbe8c47058cf57314347405d833cdfb5d2340951f005ab53d27ae84fd84,validacao,False,False
der_es,sem_desoneracao,110201,Forro de gesso acabamento tipo liso,TETOS E FORROS / REBAIXAMENTOS,m2,d7a170b73932173974ec7808e4ef144e8ddd8c5145516872f1557bd5dd4eeed0,4feebcbe8c47058cf57314347405d833cdfb5d2340951f005ab53d27ae84fd84,TABELA REFERENCIAL OBRAS - DER-ES - 2026-01 - JAN/XLS/tab_DER-EDIFICAÇÕES_2026_01_servicos.xlsx!A374,2026-01,2026-02,m2,TETOS E FORROS / REBAIXAMENTOS,True,False,52.1,52.1,52.1,66.8,,,False,False,1a7537f06fa9b2a1aff5982ae95ae6bf2ec16498e28430445e55584fbcce9a3c,validacao,False,False
der_es,sem_desoneracao,110201,Forro de gesso acabamento tipo liso,TETOS E FORROS / REBAIXAMENTOS,m2,d7a170b73932173974ec7808e4ef144e8ddd8c5145516872f1557bd5dd4eeed0,1a7537f06fa9b2a1aff5982ae95ae6bf2ec16498e28430445e55584fbcce9a3c,TABELA REFERENCIAL OBRAS - DER-ES - 2026-02 - FEV/XLS/tab_DER-EDIFICAÇÕES_2026_02_servicos.xlsx!A374,2026-02,2026-03,m2,TETOS E FORROS / REBAIXAMENTOS,True,False,66.8,52.1,52.1,66.8,,,False,False,c9a408180051aaa4e38fe277afd37500d913d617b22cb55cd61158248094d761,teste,False,False
der_es,sem_desoneracao,110201,Forro de gesso acabamento tipo liso,TETOS E FORROS / REBAIXAMENTOS,m2,d7a170b73932173974ec7808e4ef144e8ddd8c5145516872f1557bd5dd4eeed0,c9a408180051aaa4e38fe277afd37500d913d617b22cb55cd61158248094d761,TABELA REFERENCIAL OBRAS - DER-ES - 2026-03 - MAR/XLS/tab_DER-EDIFICAÇÕES_2026_03_servicos.xlsx!A374,2026-03,2026-04,m2,TETOS E FORROS / REBAIXAMENTOS,True,False,66.8,66.8,52.1,66.8,,,False,False,b07a6f7cd81d76e43925b8f994875b35e8468c5a37790367db80f72665fc0b2b,teste,False,False
der_es,sem_desoneracao,110201,Forro de gesso acabamento tipo liso,TETOS E FORROS / REBAIXAMENTOS,m2,d7a170b73932173974ec7808e4ef144e8ddd8c5145516872f1557bd5dd4eeed0,b07a6f7cd81d76e43925b8f994875b35e8468c5a37790367db80f72665fc0b2b,TABELA REFERENCIAL OBRAS - DER-ES - 2026-04 - ABR/XLS/tab_DER-EDIFICAÇÕES_2026_04_servicos.xlsx!A374,2026-04,2026-05,m2,TETOS E FORROS / REBAIXAMENTOS,True,False,66.8,66.8,66.8,66.8,,,False,False,9d7efd575c10dc676bc49f5acb5630fa9b3cd2b98449be07612e1891e8d213f6,teste,False,False
der_es,sem_desoneracao,110210,"Forro PVC branco L = 20 cm, frisado, estruturado por perfis de aço galvanizado e tirantes rígidos fabricado de acordo com a NBR-14285, colocado",TETOS E FORROS / REBAIXAMENTOS,m2,7ea0b5f43bf1d11ab8268a5c72cbd87c7d4282c08daf921a67feaeb9004e3b5a,2dd7e7c15552e8663b500f12008e09dc39c3816602e826e994d7dc8922d7ac8f,TABELA REFERENCIAL OBRAS - DER-ES - 2025-03 - MAR/XLS/tab_DER-EDIFICAÇσES_2025_03_servicos.xlsx!A376,2025-03,2025-04,m2,TETOS E FORROS / REBAIXAMENTOS,True,False,95.35,95.35,95.35,93.4,,,False,False,d2087ecf8affe6feb21bd38f6045155bdc7d4b18356273e8e54c68d96e73dbd4,treino,False,False
der_es,sem_desoneracao,110210,"Forro PVC branco L = 20 cm, frisado, estruturado por perfis de aço galvanizado e tirantes rígidos fabricado de acordo com a NBR-14285, colocado",TETOS E FORROS / REBAIXAMENTOS,m2,7ea0b5f43bf1d11ab8268a5c72cbd87c7d4282c08daf921a67feaeb9004e3b5a,d2087ecf8affe6feb21bd38f6045155bdc7d4b18356273e8e54c68d96e73dbd4,TABELA REFERENCIAL OBRAS - DER-ES - 2025-04 - ABR/XLS/tab_DER-EDIFICAÇσES_2025_04_servicos.xlsx!A376,2025-04,2025-05,m2,TETOS E FORROS / REBAIXAMENTOS,True,False,93.4,95.35,95.35,93.4,,,False,False,2bf6c2c7e6a976b4518fe548f59e259ac8091a61f440b44f17701ff9a0f00926,treino,False,False
der_es,sem_desoneracao,110210,"Forro PVC branco L = 20 cm, frisado, estruturado por perfis de aço galvanizado e tirantes rígidos fabricado de acordo com a NBR-14285, colocado",TETOS E FORROS / REBAIXAMENTOS,m2,7ea0b5f43bf1d11ab8268a5c72cbd87c7d4282c08daf921a67feaeb9004e3b5a,2bf6c2c7e6a976b4518fe548f59e259ac8091a61f440b44f17701ff9a0f00926,TABELA REFERENCIAL OBRAS - DER-ES - 2025-05 - MAI/XLS/tab_DER-EDIFICAÇσES_2025_05_servicos.xlsx!A377,2025-05,2025-06,m2,TETOS E FORROS / REBAIXAMENTOS,True,False,93.4,93.4,95.35,66.23,,,False,False,22734abdbfefadc850a2608b6f454b5f7c18b5e3c19f87c396d85d1e76c75234,treino,False,False
der_es,sem_desoneracao,110210,"Forro PVC branco L = 20 cm, frisado, estruturado por perfis de aço galvanizado e tirantes rígidos fabricado de acordo com a NBR-14285, colocado",TETOS E FORROS / REBAIXAMENTOS,m2,7ea0b5f43bf1d11ab8268a5c72cbd87c7d4282c08daf921a67feaeb9004e3b5a,22734abdbfefadc850a2608b6f454b5f7c18b5e3c19f87c396d85d1e76c75234,TABELA REFERENCIAL OBRAS - DER-ES - 2025-06 - JUN/XLS/tab_DER-EDIFICAÇÕES_2025_06_servicos.xlsx!A375,2025-06,2025-07,m2,TETOS E FORROS / REBAIXAMENTOS,True,False,66.23,93.4,93.4,66.23,,,False,False,9f2d3bc52e35d3a9c0317f2bbd34359ce4b9eb726cfdad03719dc91ab8a6eb52,treino,False,False
der_es,sem_desoneracao,110210,"Forro PVC branco L = 20 cm, frisado, estruturado por perfis de aço galvanizado e tirantes rígidos fabricado de acordo com a NBR-14285, colocado",TETOS E FORROS / REBAIXAMENTOS,m2,7ea0b5f43bf1d11ab8268a5c72cbd87c7d4282c08daf921a67feaeb9004e3b5a,9f2d3bc52e35d3a9c0317f2bbd34359ce4b9eb726cfdad03719dc91ab8a6eb52,TABELA REFERENCIAL OBRAS - DER-ES - 2025-07 - JUL/TABELA REFERENCIAL OBRAS - DER-ES - 2025-07 - JUL/XLS/tab_DER-EDIFICAÇÕES_2025_07_servicos.xlsx!A375,2025-07,2025-08,m2,TETOS E FORROS / REBAIXAMENTOS,True,False,66.23,66.23,93.4,66.23,,,False,False,f4e1c72d0bc82c19d0327a48458bea46cf1a06c556062fe2206e7955be9a14b1,treino,False,False
der_es,sem_desoneracao,110210,"Forro PVC branco L = 20 cm, frisado, estruturado por perfis de aço galvanizado e tirantes rígidos fabricado de acordo com a NBR-14285, colocado",TETOS E FORROS / REBAIXAMENTOS,m2,7ea0b5f43bf1d11ab8268a5c72cbd87c7d4282c08daf921a67feaeb9004e3b5a,f4e1c72d0bc82c19d0327a48458bea46cf1a06c556062fe2206e7955be9a14b1,TABELA REFERENCIAL OBRAS - DER-ES - 2025-08 - AGO/XLS/tab_DER-EDIFICAÇÕES_2025_08_servicos.xlsx!A375,2025-08,2025-09,m2,TETOS E FORROS / REBAIXAMENTOS,True,False,66.23,66.23,66.23,66.23,,,False,False,7b1be34ee7d5dd82bcaeb75a32037ae0f2eea1e439205f05e57077b8a3567875,treino,False,False
der_es,sem_desoneracao,110210,"Forro PVC branco L = 20 cm, frisado, estruturado por perfis de aço galvanizado e tirantes rígidos fabricado de acordo com a NBR-14285, colocado",TETOS E FORROS / REBAIXAMENTOS,m2,7ea0b5f43bf1d11ab8268a5c72cbd87c7d4282c08daf921a67feaeb9004e3b5a,7b1be34ee7d5dd82bcaeb75a32037ae0f2eea1e439205f05e57077b8a3567875,TABELA REFERENCIAL OBRAS - DER-ES - 2025-09 - SET/XLS/tab_DER-EDIFICAÇÕES_2025_09_servicos.xlsx!A375,2025-09,2025-10,m2,TETOS E FORROS / REBAIXAMENTOS,True,False,66.23,66.23,66.23,85.0,,,False,False,25f27b5ef0ad1c6c63d22be1ab543e5a65d73aa17c4d0463109a84f7209c8fa3,treino,False,False
der_es,sem_desoneracao,110210,"Forro PVC branco L = 20 cm, frisado, estruturado por perfis de aço galvanizado e tirantes rígidos fabricado de acordo com a NBR-14285, colocado",TETOS E FORROS / REBAIXAMENTOS,m2,7ea0b5f43bf1d11ab8268a5c72cbd87c7d4282c08daf921a67feaeb9004e3b5a,25f27b5ef0ad1c6c63d22be1ab543e5a65d73aa17c4d0463109a84f7209c8fa3,TABELA REFERENCIAL OBRAS - DER-ES - 2025-10 - OUT/XLS/tab_DER-EDIFICAÇÕES_2025_10_servicos.xlsx!A375,2025-10,2025-11,m2,TETOS E FORROS / REBAIXAMENTOS,True,False,85.0,66.23,66.23,85.0,,,False,False,d856141d8d195b8bf3114dd64686b80db08318d557f9eb5f279d84fffec1a86e,treino,False,False
der_es,sem_desoneracao,110210,"Forro PVC branco L = 20 cm, frisado, estruturado por perfis de aço galvanizado e tirantes rígidos fabricado de acordo com a NBR-14285, colocado",TETOS E FORROS / REBAIXAMENTOS,m2,7ea0b5f43bf1d11ab8268a5c72cbd87c7d4282c08daf921a67feaeb9004e3b5a,d856141d8d195b8bf3114dd64686b80db08318d557f9eb5f279d84fffec1a86e,TABELA REFERENCIAL OBRAS - DER-ES - 2025-11 - NOV/XLS/tab_DER-EDIFICAÇÕES_2025_11_servicos.xlsx!A375,2025-11,2025-12,m2,TETOS E FORROS / REBAIXAMENTOS,True,False,85.0,85.0,66.23,85.0,,,False,False,cf2ae6d6af6081526a2c2c6a6446342c23099ac3a9c81f310e3a5da2680fb053,treino,False,False
der_es,sem_desoneracao,110210,"Forro PVC branco L = 20 cm, frisado, estruturado por perfis de aço galvanizado e tirantes rígidos fabricado de acordo com a NBR-14285, colocado",TETOS E FORROS / REBAIXAMENTOS,m2,7ea0b5f43bf1d11ab8268a5c72cbd87c7d4282c08daf921a67feaeb9004e3b5a,cf2ae6d6af6081526a2c2c6a6446342c23099ac3a9c81f310e3a5da2680fb053,TABELA REFERENCIAL OBRAS - DER-ES - 2025-12 - DEZ/XLS/tab_DER-EDIFICAÇÕES_2025_12_servicos.xlsx!A375,2025-12,2026-01,m2,TETOS E FORROS / REBAIXAMENTOS,True,False,85.0,85.0,85.0,85.0,,,False,False,4feebcbe8c47058cf57314347405d833cdfb5d2340951f005ab53d27ae84fd84,validacao,False,False
der_es,sem_desoneracao,110210,"Forro PVC branco L = 20 cm, frisado, estruturado por perfis de aço galvanizado e tirantes rígidos fabricado de acordo com a NBR-14285, colocado",TETOS E FORROS / REBAIXAMENTOS,m2,7ea0b5f43bf1d11ab8268a5c72cbd87c7d4282c08daf921a67feaeb9004e3b5a,4feebcbe8c47058cf57314347405d833cdfb5d2340951f005ab53d27ae84fd84,TABELA REFERENCIAL OBRAS - DER-ES - 2026-01 - JAN/XLS/tab_DER-EDIFICAÇÕES_2026_01_servicos.xlsx!A375,2026-01,2026-02,m2,TETOS E FORROS / REBAIXAMENTOS,True,False,85.0,85.0,85.0,99.96,,,False,False,1a7537f06fa9b2a1aff5982ae95ae6bf2ec16498e28430445e55584fbcce9a3c,validacao,False,False
der_es,sem_desoneracao,110210,"Forro PVC branco L = 20 cm, frisado, estruturado por perfis de aço galvanizado e tirantes rígidos fabricado de acordo com a NBR-14285, colocado",TETOS E FORROS / REBAIXAMENTOS,m2,7ea0b5f43bf1d11ab8268a5c72cbd87c7d4282c08daf921a67feaeb9004e3b5a,1a7537f06fa9b2a1aff5982ae95ae6bf2ec16498e28430445e55584fbcce9a3c,TABELA REFERENCIAL OBRAS - DER-ES - 2026-02 - FEV/XLS/tab_DER-EDIFICAÇÕES_2026_02_servicos.xlsx!A375,2026-02,2026-03,m2,TETOS E FORROS / REBAIXAMENTOS,True,False,99.96,85.0,85.0,99.96,,,False,False,c9a408180051aaa4e38fe277afd37500d913d617b22cb55cd61158248094d761,teste,False,False
der_es,sem_desoneracao,110210,"Forro PVC branco L = 20 cm, frisado, estruturado por perfis de aço galvanizado e tirantes rígidos fabricado de acordo com a NBR-14285, colocado",TETOS E FORROS / REBAIXAMENTOS,m2,7ea0b5f43bf1d11ab8268a5c72cbd87c7d4282c08daf921a67feaeb9004e3b5a,c9a408180051aaa4e38fe277afd37500d913d617b22cb55cd61158248094d761,TABELA REFERENCIAL OBRAS - DER-ES - 2026-03 - MAR/XLS/tab_DER-EDIFICAÇÕES_2026_03_servicos.xlsx!A375,2026-03,2026-04,m2,TETOS E FORROS / REBAIXAMENTOS,True,False,99.96,99.96,85.0,99.96,,,False,False,b07a6f7cd81d76e43925b8f994875b35e8468c5a37790367db80f72665fc0b2b,teste,False,False
der_es,sem_desoneracao,110210,"Forro PVC branco L = 20 cm, frisado, estruturado por perfis de aço galvanizado e tirantes rígidos fabricado de acordo com a NBR-14285, colocado",TETOS E FORROS / REBAIXAMENTOS,m2,7ea0b5f43bf1d11ab8268a5c72cbd87c7d4282c08daf921a67feaeb9004e3b5a,b07a6f7cd81d76e43925b8f994875b35e8468c5a37790367db80f72665fc0b2b,TABELA REFERENCIAL OBRAS - DER-ES - 2026-04 - ABR/XLS/tab_DER-EDIFICAÇÕES_2026_04_servicos.xlsx!A375,2026-04,2026-05,m2,TETOS E FORROS / REBAIXAMENTOS,True,True,99.96,99.96,99.96,84.08,,,False,False,9d7efd575c10dc676bc49f5acb5630fa9b3cd2b98449be07612e1891e8d213f6,teste,False,False
der_es,sem_desoneracao,110301,"Emboço de argamassa de cimento, cal hidratada CH1 e areia lavada traço 1:0.5:6, espessura 20 mm","TETOS E FORROS / REVESTIMENTO EMPREGANDO ARGAMASSA DE CIMENTO, CAL E AREIA",m2,66c6c5e32808547423cc22466cfc0c7ae21433b1c2d52cccfee551f52d5843ef,2dd7e7c15552e8663b500f12008e09dc39c3816602e826e994d7dc8922d7ac8f,TABELA REFERENCIAL OBRAS - DER-ES - 2025-03 - MAR/XLS/tab_DER-EDIFICAÇσES_2025_03_servicos.xlsx!A378,2025-03,2025-04,m2,"TETOS E FORROS / REVESTIMENTO EMPREGANDO ARGAMASSA DE CIMENTO, CAL E AREIA",True,False,39.76,39.76,39.68,40.06,,,False,False,d2087ecf8affe6feb21bd38f6045155bdc7d4b18356273e8e54c68d96e73dbd4,treino,False,False
der_es,sem_desoneracao,110301,"Emboço de argamassa de cimento, cal hidratada CH1 e areia lavada traço 1:0.5:6, espessura 20 mm","TETOS E FORROS / REVESTIMENTO EMPREGANDO ARGAMASSA DE CIMENTO, CAL E AREIA",m2,66c6c5e32808547423cc22466cfc0c7ae21433b1c2d52cccfee551f52d5843ef,d2087ecf8affe6feb21bd38f6045155bdc7d4b18356273e8e54c68d96e73dbd4,TABELA REFERENCIAL OBRAS - DER-ES - 2025-04 - ABR/XLS/tab_DER-EDIFICAÇσES_2025_04_servicos.xlsx!A378,2025-04,2025-05,m2,"TETOS E FORROS / REVESTIMENTO EMPREGANDO ARGAMASSA DE CIMENTO, CAL E AREIA",True,False,40.06,39.76,39.76,43.03,,,False,False,2bf6c2c7e6a976b4518fe548f59e259ac8091a61f440b44f17701ff9a0f00926,treino,False,False
der_es,sem_desoneracao,110301,"Emboço de argamassa de cimento, cal hidratada CH1 e areia lavada traço 1:0.5:6, espessura 20 mm","TETOS E FORROS / REVESTIMENTO EMPREGANDO ARGAMASSA DE CIMENTO, CAL E AREIA",m2,66c6c5e32808547423cc22466cfc0c7ae21433b1c2d52cccfee551f52d5843ef,2bf6c2c7e6a976b4518fe548f59e259ac8091a61f440b44f17701ff9a0f00926,TABELA REFERENCIAL OBRAS - DER-ES - 2025-05 - MAI/XLS/tab_DER-EDIFICAÇσES_2025_05_servicos.xlsx!A379,2025-05,2025-06,m2,"TETOS E FORROS / REVESTIMENTO EMPREGANDO ARGAMASSA DE CIMENTO, CAL E AREIA",True,False,43.03,40.06,39.76,43.12,,,False,False,22734abdbfefadc850a2608b6f454b5f7c18b5e3c19f87c396d85d1e76c75234,treino,False,False
der_es,sem_desoneracao,110301,"Emboço de argamassa de cimento, cal hidratada CH1 e areia lavada traço 1:0.5:6, espessura 20 mm","TETOS E FORROS / REVESTIMENTO EMPREGANDO ARGAMASSA DE CIMENTO, CAL E AREIA",m2,66c6c5e32808547423cc22466cfc0c7ae21433b1c2d52cccfee551f52d5843ef,22734abdbfefadc850a2608b6f454b5f7c18b5e3c19f87c396d85d1e76c75234,TABELA REFERENCIAL OBRAS - DER-ES - 2025-06 - JUN/XLS/tab_DER-EDIFICAÇÕES_2025_06_servicos.xlsx!A377,2025-06,2025-07,m2,"TETOS E FORROS / REVESTIMENTO EMPREGANDO ARGAMASSA DE CIMENTO, CAL E AREIA",True,False,43.12,43.03,40.06,43.12,,,False,False,9f2d3bc52e35d3a9c0317f2bbd34359ce4b9eb726cfdad03719dc91ab8a6eb52,treino,False,False
der_es,sem_desoneracao,110301,"Emboço de argamassa de cimento, cal hidratada CH1 e areia lavada traço 1:0.5:6, espessura 20 mm","TETOS E FORROS / REVESTIMENTO EMPREGANDO ARGAMASSA DE CIMENTO, CAL E AREIA",m2,66c6c5e32808547423cc22466cfc0c7ae21433b1c2d52cccfee551f52d5843ef,9f2d3bc52e35d3a9c0317f2bbd34359ce4b9eb726cfdad03719dc91ab8a6eb52,TABELA REFERENCIAL OBRAS - DER-ES - 2025-07 - JUL/TABELA REFERENCIAL OBRAS - DER-ES - 2025-07 - JUL/XLS/tab_DER-EDIFICAÇÕES_2025_07_servicos.xlsx!A377,2025-07,2025-08,m2,"TETOS E FORROS / REVESTIMENTO EMPREGANDO ARGAMASSA DE CIMENTO, CAL E AREIA",True,False,43.12,43.12,43.03,43.33,,,False,False,f4e1c72d0bc82c19d0327a48458bea46cf1a06c556062fe2206e7955be9a14b1,treino,False,False
der_es,sem_desoneracao,110301,"Emboço de argamassa de cimento, cal hidratada CH1 e areia lavada traço 1:0.5:6, espessura 20 mm","TETOS E FORROS / REVESTIMENTO EMPREGANDO ARGAMASSA DE CIMENTO, CAL E AREIA",m2,66c6c5e32808547423cc22466cfc0c7ae21433b1c2d52cccfee551f52d5843ef,f4e1c72d0bc82c19d0327a48458bea46cf1a06c556062fe2206e7955be9a14b1,TABELA REFERENCIAL OBRAS - DER-ES - 2025-08 - AGO/XLS/tab_DER-EDIFICAÇÕES_2025_08_servicos.xlsx!A377,2025-08,2025-09,m2,"TETOS E FORROS / REVESTIMENTO EMPREGANDO ARGAMASSA DE CIMENTO, CAL E AREIA",True,False,43.33,43.12,43.12,43.33,,,False,False,7b1be34ee7d5dd82bcaeb75a32037ae0f2eea1e439205f05e57077b8a3567875,treino,False,False
der_es,sem_desoneracao,110301,"Emboço de argamassa de cimento, cal hidratada CH1 e areia lavada traço 1:0.5:6, espessura 20 mm","TETOS E FORROS / REVESTIMENTO EMPREGANDO ARGAMASSA DE CIMENTO, CAL E AREIA",m2,66c6c5e32808547423cc22466cfc0c7ae21433b1c2d52cccfee551f52d5843ef,7b1be34ee7d5dd82bcaeb75a32037ae0f2eea1e439205f05e57077b8a3567875,TABELA REFERENCIAL OBRAS - DER-ES - 2025-09 - SET/XLS/tab_DER-EDIFICAÇÕES_2025_09_servicos.xlsx!A377,2025-09,2025-10,m2,"TETOS E FORROS / REVESTIMENTO EMPREGANDO ARGAMASSA DE CIMENTO, CAL E AREIA",True,False,43.33,43.33,43.12,43.29,,,False,False,25f27b5ef0ad1c6c63d22be1ab543e5a65d73aa17c4d0463109a84f7209c8fa3,treino,False,False
der_es,sem_desoneracao,110301,"Emboço de argamassa de cimento, cal hidratada CH1 e areia lavada traço 1:0.5:6, espessura 20 mm","TETOS E FORROS / REVESTIMENTO EMPREGANDO ARGAMASSA DE CIMENTO, CAL E AREIA",m2,66c6c5e32808547423cc22466cfc0c7ae21433b1c2d52cccfee551f52d5843ef,25f27b5ef0ad1c6c63d22be1ab543e5a65d73aa17c4d0463109a84f7209c8fa3,TABELA REFERENCIAL OBRAS - DER-ES - 2025-10 - OUT/XLS/tab_DER-EDIFICAÇÕES_2025_10_servicos.xlsx!A377,2025-10,2025-11,m2,"TETOS E FORROS / REVESTIMENTO EMPREGANDO ARGAMASSA DE CIMENTO, CAL E AREIA",True,False,43.29,43.33,43.33,43.29,,,False,False,d856141d8d195b8bf3114dd64686b80db08318d557f9eb5f279d84fffec1a86e,treino,False,False
der_es,sem_desoneracao,110301,"Emboço de argamassa de cimento, cal hidratada CH1 e areia lavada traço 1:0.5:6, espessura 20 mm","TETOS E FORROS / REVESTIMENTO EMPREGANDO ARGAMASSA DE CIMENTO, CAL E AREIA",m2,66c6c5e32808547423cc22466cfc0c7ae21433b1c2d52cccfee551f52d5843ef,d856141d8d195b8bf3114dd64686b80db08318d557f9eb5f279d84fffec1a86e,TABELA REFERENCIAL OBRAS - DER-ES - 2025-11 - NOV/XLS/tab_DER-EDIFICAÇÕES_2025_11_servicos.xlsx!A377,2025-11,2025-12,m2,"TETOS E FORROS / REVESTIMENTO EMPREGANDO ARGAMASSA DE CIMENTO, CAL E AREIA",True,False,43.29,43.29,43.33,43.43,,,False,False,cf2ae6d6af6081526a2c2c6a6446342c23099ac3a9c81f310e3a5da2680fb053,treino,False,False
der_es,sem_desoneracao,110301,"Emboço de argamassa de cimento, cal hidratada CH1 e areia lavada traço 1:0.5:6, espessura 20 mm","TETOS E FORROS / REVESTIMENTO EMPREGANDO ARGAMASSA DE CIMENTO, CAL E AREIA",m2,66c6c5e32808547423cc22466cfc0c7ae21433b1c2d52cccfee551f52d5843ef,cf2ae6d6af6081526a2c2c6a6446342c23099ac3a9c81f310e3a5da2680fb053,TABELA REFERENCIAL OBRAS - DER-ES - 2025-12 - DEZ/XLS/tab_DER-EDIFICAÇÕES_2025_12_servicos.xlsx!A377,2025-12,2026-01,m2,"TETOS E FORROS / REVESTIMENTO EMPREGANDO ARGAMASSA DE CIMENTO, CAL E AREIA",True,False,43.43,43.29,43.29,43.43,,,False,False,4feebcbe8c47058cf57314347405d833cdfb5d2340951f005ab53d27ae84fd84,validacao,False,False
der_es,sem_desoneracao,110301,"Emboço de argamassa de cimento, cal hidratada CH1 e areia lavada traço 1:0.5:6, espessura 20 mm","TETOS E FORROS / REVESTIMENTO EMPREGANDO ARGAMASSA DE CIMENTO, CAL E AREIA",m2,66c6c5e32808547423cc22466cfc0c7ae21433b1c2d52cccfee551f52d5843ef,4feebcbe8c47058cf57314347405d833cdfb5d2340951f005ab53d27ae84fd84,TABELA REFERENCIAL OBRAS - DER-ES - 2026-01 - JAN/XLS/tab_DER-EDIFICAÇÕES_2026_01_servicos.xlsx!A377,2026-01,2026-02,m2,"TETOS E FORROS / REVESTIMENTO EMPREGANDO ARGAMASSA DE CIMENTO, CAL E AREIA",True,False,43.43,43.43,43.29,43.25,,,False,False,1a7537f06fa9b2a1aff5982ae95ae6bf2ec16498e28430445e55584fbcce9a3c,validacao,False,False
der_es,sem_desoneracao,110301,"Emboço de argamassa de cimento, cal hidratada CH1 e areia lavada traço 1:0.5:6, espessura 20 mm","TETOS E FORROS / REVESTIMENTO EMPREGANDO ARGAMASSA DE CIMENTO, CAL E AREIA",m2,66c6c5e32808547423cc22466cfc0c7ae21433b1c2d52cccfee551f52d5843ef,1a7537f06fa9b2a1aff5982ae95ae6bf2ec16498e28430445e55584fbcce9a3c,TABELA REFERENCIAL OBRAS - DER-ES - 2026-02 - FEV/XLS/tab_DER-EDIFICAÇÕES_2026_02_servicos.xlsx!A377,2026-02,2026-03,m2,"TETOS E FORROS / REVESTIMENTO EMPREGANDO ARGAMASSA DE CIMENTO, CAL E AREIA",True,False,43.25,43.43,43.43,43.25,,,False,False,c9a408180051aaa4e38fe277afd37500d913d617b22cb55cd61158248094d761,teste,False,False
der_es,sem_desoneracao,110301,"Emboço de argamassa de cimento, cal hidratada CH1 e areia lavada traço 1:0.5:6, espessura 20 mm","TETOS E FORROS / REVESTIMENTO EMPREGANDO ARGAMASSA DE CIMENTO, CAL E AREIA",m2,66c6c5e32808547423cc22466cfc0c7ae21433b1c2d52cccfee551f52d5843ef,c9a408180051aaa4e38fe277afd37500d913d617b22cb55cd61158248094d761,TABELA REFERENCIAL OBRAS - DER-ES - 2026-03 - MAR/XLS/tab_DER-EDIFICAÇÕES_2026_03_servicos.xlsx!A377,2026-03,2026-04,m2,"TETOS E FORROS / REVESTIMENTO EMPREGANDO ARGAMASSA DE CIMENTO, CAL E AREIA",True,False,43.25,43.25,43.43,43.29,,,False,False,b07a6f7cd81d76e43925b8f994875b35e8468c5a37790367db80f72665fc0b2b,teste,False,False
der_es,sem_desoneracao,110301,"Emboço de argamassa de cimento, cal hidratada CH1 e areia lavada traço 1:0.5:6, espessura 20 mm","TETOS E FORROS / REVESTIMENTO EMPREGANDO ARGAMASSA DE CIMENTO, CAL E AREIA",m2,66c6c5e32808547423cc22466cfc0c7ae21433b1c2d52cccfee551f52d5843ef,b07a6f7cd81d76e43925b8f994875b35e8468c5a37790367db80f72665fc0b2b,TABELA REFERENCIAL OBRAS - DER-ES - 2026-04 - ABR/XLS/tab_DER-EDIFICAÇÕES_2026_04_servicos.xlsx!A377,2026-04,2026-05,m2,"TETOS E FORROS / REVESTIMENTO EMPREGANDO ARGAMASSA DE CIMENTO, CAL E AREIA",True,False,43.29,43.25,43.25,45.82,,,False,False,9d7efd575c10dc676bc49f5acb5630fa9b3cd2b98449be07612e1891e8d213f6,teste,False,False
der_es,sem_desoneracao,110302,"Reboco tipo paulista de argamassa de cimento, cal hidratada CH1 e areia lavada traço 1:0.5:6, espessura 25 mm","TETOS E FORROS / REVESTIMENTO EMPREGANDO ARGAMASSA DE CIMENTO, CAL E AREIA",m2,99287b9a69586d9d45e17ecb8e3af3d1199ecc251a25f2e93e5609ad8f38a343,2dd7e7c15552e8663b500f12008e09dc39c3816602e826e994d7dc8922d7ac8f,TABELA REFERENCIAL OBRAS - DER-ES - 2025-03 - MAR/XLS/tab_DER-EDIFICAÇσES_2025_03_servicos.xlsx!A379,2025-03,2025-04,m2,"TETOS E FORROS / REVESTIMENTO EMPREGANDO ARGAMASSA DE CIMENTO, CAL E AREIA",True,False,68.39,68.39,68.3,68.76,,,False,False,d2087ecf8affe6feb21bd38f6045155bdc7d4b18356273e8e54c68d96e73dbd4,treino,False,False
der_es,sem_desoneracao,110302,"Reboco tipo paulista de argamassa de cimento, cal hidratada CH1 e areia lavada traço 1:0.5:6, espessura 25 mm","TETOS E FORROS / REVESTIMENTO EMPREGANDO ARGAMASSA DE CIMENTO, CAL E AREIA",m2,99287b9a69586d9d45e17ecb8e3af3d1199ecc251a25f2e93e5609ad8f38a343,d2087ecf8affe6feb21bd38f6045155bdc7d4b18356273e8e54c68d96e73dbd4,TABELA REFERENCIAL OBRAS - DER-ES - 2025-04 - ABR/XLS/tab_DER-EDIFICAÇσES_2025_04_servicos.xlsx!A379,2025-04,2025-05,m2,"TETOS E FORROS / REVESTIMENTO EMPREGANDO ARGAMASSA DE CIMENTO, CAL E AREIA",True,False,68.76,68.39,68.39,74.1,,,False,False,2bf6c2c7e6a976b4518fe548f59e259ac8091a61f440b44f17701ff9a0f00926,treino,False,False
der_es,sem_desoneracao,110302,"Reboco tipo paulista de argamassa de cimento, cal hidratada CH1 e areia lavada traço 1:0.5:6, espessura 25 mm","TETOS E FORROS / REVESTIMENTO EMPREGANDO ARGAMASSA DE CIMENTO, CAL E AREIA",m2,99287b9a69586d9d45e17ecb8e3af3d1199ecc251a25f2e93e5609ad8f38a343,2bf6c2c7e6a976b4518fe548f59e259ac8091a61f440b44f17701ff9a0f00926,TABELA REFERENCIAL OBRAS - DER-ES - 2025-05 - MAI/XLS/tab_DER-EDIFICAÇσES_2025_05_servicos.xlsx!A380,2025-05,2025-06,m2,"TETOS E FORROS / REVESTIMENTO EMPREGANDO ARGAMASSA DE CIMENTO, CAL E AREIA",True,False,74.1,68.76,68.39,74.21,,,False,False,22734abdbfefadc850a2608b6f454b5f7c18b5e3c19f87c396d85d1e76c75234,treino,False,False
der_es,sem_desoneracao,110302,"Reboco tipo paulista de argamassa de cimento, cal hidratada CH1 e areia lavada traço 1:0.5:6, espessura 25 mm","TETOS E FORROS / REVESTIMENTO EMPREGANDO ARGAMASSA DE CIMENTO, CAL E AREIA",m2,99287b9a69586d9d45e17ecb8e3af3d1199ecc251a25f2e93e5609ad8f38a343,22734abdbfefadc850a2608b6f454b5f7c18b5e3c19f87c396d85d1e76c75234,TABELA REFERENCIAL OBRAS - DER-ES - 2025-06 - JUN/XLS/tab_DER-EDIFICAÇÕES_2025_06_servicos.xlsx!A378,2025-06,2025-07,m2,"TETOS E FORROS / REVESTIMENTO EMPREGANDO ARGAMASSA DE CIMENTO, CAL E AREIA",True,False,74.21,74.1,68.76,74.21,,,False,False,9f2d3bc52e35d3a9c0317f2bbd34359ce4b9eb726cfdad03719dc91ab8a6eb52,treino,False,False
der_es,sem_desoneracao,110302,"Reboco tipo paulista de argamassa de cimento, cal hidratada CH1 e areia lavada traço 1:0.5:6, espessura 25 mm","TETOS E FORROS / REVESTIMENTO EMPREGANDO ARGAMASSA DE CIMENTO, CAL E AREIA",m2,99287b9a69586d9d45e17ecb8e3af3d1199ecc251a25f2e93e5609ad8f38a343,9f2d3bc52e35d3a9c0317f2bbd34359ce4b9eb726cfdad03719dc91ab8a6eb52,TABELA REFERENCIAL OBRAS - DER-ES - 2025-07 - JUL/TABELA REFERENCIAL OBRAS - DER-ES - 2025-07 - JUL/XLS/tab_DER-EDIFICAÇÕES_2025_07_servicos.xlsx!A378,2025-07,2025-08,m2,"TETOS E FORROS / REVESTIMENTO EMPREGANDO ARGAMASSA DE CIMENTO, CAL E AREIA",True,False,74.21,74.21,74.1,74.47,,,False,False,f4e1c72d0bc82c19d0327a48458bea46cf1a06c556062fe2206e7955be9a14b1,treino,False,False
der_es,sem_desoneracao,110302,"Reboco tipo paulista de argamassa de cimento, cal hidratada CH1 e areia lavada traço 1:0.5:6, espessura 25 mm","TETOS E FORROS / REVESTIMENTO EMPREGANDO ARGAMASSA DE CIMENTO, CAL E AREIA",m2,99287b9a69586d9d45e17ecb8e3af3d1199ecc251a25f2e93e5609ad8f38a343,f4e1c72d0bc82c19d0327a48458bea46cf1a06c556062fe2206e7955be9a14b1,TABELA REFERENCIAL OBRAS - DER-ES - 2025-08 - AGO/XLS/tab_DER-EDIFICAÇÕES_2025_08_servicos.xlsx!A378,2025-08,2025-09,m2,"TETOS E FORROS / REVESTIMENTO EMPREGANDO ARGAMASSA DE CIMENTO, CAL E AREIA",True,False,74.47,74.21,74.21,74.47,,,False,False,7b1be34ee7d5dd82bcaeb75a32037ae0f2eea1e439205f05e57077b8a3567875,treino,False,False
der_es,sem_desoneracao,110302,"Reboco tipo paulista de argamassa de cimento, cal hidratada CH1 e areia lavada traço 1:0.5:6, espessura 25 mm","TETOS E FORROS / REVESTIMENTO EMPREGANDO ARGAMASSA DE CIMENTO, CAL E AREIA",m2,99287b9a69586d9d45e17ecb8e3af3d1199ecc251a25f2e93e5609ad8f38a343,7b1be34ee7d5dd82bcaeb75a32037ae0f2eea1e439205f05e57077b8a3567875,TABELA REFERENCIAL OBRAS - DER-ES - 2025-09 - SET/XLS/tab_DER-EDIFICAÇÕES_2025_09_servicos.xlsx!A378,2025-09,2025-10,m2,"TETOS E FORROS / REVESTIMENTO EMPREGANDO ARGAMASSA DE CIMENTO, CAL E AREIA",True,False,74.47,74.47,74.21,74.42,,,False,False,25f27b5ef0ad1c6c63d22be1ab543e5a65d73aa17c4d0463109a84f7209c8fa3,treino,False,False
der_es,sem_desoneracao,110302,"Reboco tipo paulista de argamassa de cimento, cal hidratada CH1 e areia lavada traço 1:0.5:6, espessura 25 mm","TETOS E FORROS / REVESTIMENTO EMPREGANDO ARGAMASSA DE CIMENTO, CAL E AREIA",m2,99287b9a69586d9d45e17ecb8e3af3d1199ecc251a25f2e93e5609ad8f38a343,25f27b5ef0ad1c6c63d22be1ab543e5a65d73aa17c4d0463109a84f7209c8fa3,TABELA REFERENCIAL OBRAS - DER-ES - 2025-10 - OUT/XLS/tab_DER-EDIFICAÇÕES_2025_10_servicos.xlsx!A378,2025-10,2025-11,m2,"TETOS E FORROS / REVESTIMENTO EMPREGANDO ARGAMASSA DE CIMENTO, CAL E AREIA",True,False,74.42,74.47,74.47,74.42,,,False,False,d856141d8d195b8bf3114dd64686b80db08318d557f9eb5f279d84fffec1a86e,treino,False,False
der_es,sem_desoneracao,110302,"Reboco tipo paulista de argamassa de cimento, cal hidratada CH1 e areia lavada traço 1:0.5:6, espessura 25 mm","TETOS E FORROS / REVESTIMENTO EMPREGANDO ARGAMASSA DE CIMENTO, CAL E AREIA",m2,99287b9a69586d9d45e17ecb8e3af3d1199ecc251a25f2e93e5609ad8f38a343,d856141d8d195b8bf3114dd64686b80db08318d557f9eb5f279d84fffec1a86e,TABELA REFERENCIAL OBRAS - DER-ES - 2025-11 - NOV/XLS/tab_DER-EDIFICAÇÕES_2025_11_servicos.xlsx!A378,2025-11,2025-12,m2,"TETOS E FORROS / REVESTIMENTO EMPREGANDO ARGAMASSA DE CIMENTO, CAL E AREIA",True,False,74.42,74.42,74.47,74.59,,,False,False,cf2ae6d6af6081526a2c2c6a6446342c23099ac3a9c81f310e3a5da2680fb053,treino,False,False
der_es,sem_desoneracao,110302,"Reboco tipo paulista de argamassa de cimento, cal hidratada CH1 e areia lavada traço 1:0.5:6, espessura 25 mm","TETOS E FORROS / REVESTIMENTO EMPREGANDO ARGAMASSA DE CIMENTO, CAL E AREIA",m2,99287b9a69586d9d45e17ecb8e3af3d1199ecc251a25f2e93e5609ad8f38a343,cf2ae6d6af6081526a2c2c6a6446342c23099ac3a9c81f310e3a5da2680fb053,TABELA REFERENCIAL OBRAS - DER-ES - 2025-12 - DEZ/XLS/tab_DER-EDIFICAÇÕES_2025_12_servicos.xlsx!A378,2025-12,2026-01,m2,"TETOS E FORROS / REVESTIMENTO EMPREGANDO ARGAMASSA DE CIMENTO, CAL E AREIA",True,False,74.59,74.42,74.42,74.59,,,False,False,4feebcbe8c47058cf57314347405d833cdfb5d2340951f005ab53d27ae84fd84,validacao,False,False
der_es,sem_desoneracao,110302,"Reboco tipo paulista de argamassa de cimento, cal hidratada CH1 e areia lavada traço 1:0.5:6, espessura 25 mm","TETOS E FORROS / REVESTIMENTO EMPREGANDO ARGAMASSA DE CIMENTO, CAL E AREIA",m2,99287b9a69586d9d45e17ecb8e3af3d1199ecc251a25f2e93e5609ad8f38a343,4feebcbe8c47058cf57314347405d833cdfb5d2340951f005ab53d27ae84fd84,TABELA REFERENCIAL OBRAS - DER-ES - 2026-01 - JAN/XLS/tab_DER-EDIFICAÇÕES_2026_01_servicos.xlsx!A378,2026-01,2026-02,m2,"TETOS E FORROS / REVESTIMENTO EMPREGANDO ARGAMASSA DE CIMENTO, CAL E AREIA",True,False,74.59,74.59,74.42,74.37,,,False,False,1a7537f06fa9b2a1aff5982ae95ae6bf2ec16498e28430445e55584fbcce9a3c,validacao,False,False
der_es,sem_desoneracao,110302,"Reboco tipo paulista de argamassa de cimento, cal hidratada CH1 e areia lavada traço 1:0.5:6, espessura 25 mm","TETOS E FORROS / REVESTIMENTO EMPREGANDO ARGAMASSA DE CIMENTO, CAL E AREIA",m2,99287b9a69586d9d45e17ecb8e3af3d1199ecc251a25f2e93e5609ad8f38a343,1a7537f06fa9b2a1aff5982ae95ae6bf2ec16498e28430445e55584fbcce9a3c,TABELA REFERENCIAL OBRAS - DER-ES - 2026-02 - FEV/XLS/tab_DER-EDIFICAÇÕES_2026_02_servicos.xlsx!A378,2026-02,2026-03,m2,"TETOS E FORROS / REVESTIMENTO EMPREGANDO ARGAMASSA DE CIMENTO, CAL E AREIA",True,False,74.37,74.59,74.59,74.37,,,False,False,c9a408180051aaa4e38fe277afd37500d913d617b22cb55cd61158248094d761,teste,False,False
der_es,sem_desoneracao,110302,"Reboco tipo paulista de argamassa de cimento, cal hidratada CH1 e areia lavada traço 1:0.5:6, espessura 25 mm","TETOS E FORROS / REVESTIMENTO EMPREGANDO ARGAMASSA DE CIMENTO, CAL E AREIA",m2,99287b9a69586d9d45e17ecb8e3af3d1199ecc251a25f2e93e5609ad8f38a343,c9a408180051aaa4e38fe277afd37500d913d617b22cb55cd61158248094d761,TABELA REFERENCIAL OBRAS - DER-ES - 2026-03 - MAR/XLS/tab_DER-EDIFICAÇÕES_2026_03_servicos.xlsx!A378,2026-03,2026-04,m2,"TETOS E FORROS / REVESTIMENTO EMPREGANDO ARGAMASSA DE CIMENTO, CAL E AREIA",True,False,74.37,74.37,74.59,74.42,,,False,False,b07a6f7cd81d76e43925b8f994875b35e8468c5a37790367db80f72665fc0b2b,teste,False,False
der_es,sem_desoneracao,110302,"Reboco tipo paulista de argamassa de cimento, cal hidratada CH1 e areia lavada traço 1:0.5:6, espessura 25 mm","TETOS E FORROS / REVESTIMENTO EMPREGANDO ARGAMASSA DE CIMENTO, CAL E AREIA",m2,99287b9a69586d9d45e17ecb8e3af3d1199ecc251a25f2e93e5609ad8f38a343,b07a6f7cd81d76e43925b8f994875b35e8468c5a37790367db80f72665fc0b2b,TABELA REFERENCIAL OBRAS - DER-ES - 2026-04 - ABR/XLS/tab_DER-EDIFICAÇÕES_2026_04_servicos.xlsx!A378,2026-04,2026-05,m2,"TETOS E FORROS / REVESTIMENTO EMPREGANDO ARGAMASSA DE CIMENTO, CAL E AREIA",True,False,74.42,74.37,74.37,79.01,,,False,False,9d7efd575c10dc676bc49f5acb5630fa9b3cd2b98449be07612e1891e8d213f6,teste,False,False
der_es,sem_desoneracao,110401,"Recolocação de forro de madeira, com aproveitamento do material",TETOS E FORROS / REVISÕES E REPAROS,m2,7a5f16e6f6bb4caa8c7b3e275ba20b547b4419f78db85271639b483181b4a4fb,2dd7e7c15552e8663b500f12008e09dc39c3816602e826e994d7dc8922d7ac8f,TABELA REFERENCIAL OBRAS - DER-ES - 2025-03 - MAR/XLS/tab_DER-EDIFICAÇσES_2025_03_servicos.xlsx!A381,2025-03,2025-04,m2,TETOS E FORROS / REVISÕES E REPAROS,True,False,59.96,59.96,59.96,60.03,,,False,False,d2087ecf8affe6feb21bd38f6045155bdc7d4b18356273e8e54c68d96e73dbd4,treino,False,False
der_es,sem_desoneracao,110401,"Recolocação de forro de madeira, com aproveitamento do material",TETOS E FORROS / REVISÕES E REPAROS,m2,7a5f16e6f6bb4caa8c7b3e275ba20b547b4419f78db85271639b483181b4a4fb,d2087ecf8affe6feb21bd38f6045155bdc7d4b18356273e8e54c68d96e73dbd4,TABELA REFERENCIAL OBRAS - DER-ES - 2025-04 - ABR/XLS/tab_DER-EDIFICAÇσES_2025_04_servicos.xlsx!A381,2025-04,2025-05,m2,TETOS E FORROS / REVISÕES E REPAROS,True,False,60.03,59.96,59.96,64.64,,,False,False,2bf6c2c7e6a976b4518fe548f59e259ac8091a61f440b44f17701ff9a0f00926,treino,False,False
der_es,sem_desoneracao,110401,"Recolocação de forro de madeira, com aproveitamento do material",TETOS E FORROS / REVISÕES E REPAROS,m2,7a5f16e6f6bb4caa8c7b3e275ba20b547b4419f78db85271639b483181b4a4fb,2bf6c2c7e6a976b4518fe548f59e259ac8091a61f440b44f17701ff9a0f00926,TABELA REFERENCIAL OBRAS - DER-ES - 2025-05 - MAI/XLS/tab_DER-EDIFICAÇσES_2025_05_servicos.xlsx!A382,2025-05,2025-06,m2,TETOS E FORROS / REVISÕES E REPAROS,True,False,64.64,60.03,59.96,64.64,,,False,False,22734abdbfefadc850a2608b6f454b5f7c18b5e3c19f87c396d85d1e76c75234,treino,False,False
der_es,sem_desoneracao,110401,"Recolocação de forro de madeira, com aproveitamento do material",TETOS E FORROS / REVISÕES E REPAROS,m2,7a5f16e6f6bb4caa8c7b3e275ba20b547b4419f78db85271639b483181b4a4fb,22734abdbfefadc850a2608b6f454b5f7c18b5e3c19f87c396d85d1e76c75234,TABELA REFERENCIAL OBRAS - DER-ES - 2025-06 - JUN/XLS/tab_DER-EDIFICAÇÕES_2025_06_servicos.xlsx!A380,2025-06,2025-07,m2,TETOS E FORROS / REVISÕES E REPAROS,True,False,64.64,64.64,60.03,64.64,,,False,False,9f2d3bc52e35d3a9c0317f2bbd34359ce4b9eb726cfdad03719dc91ab8a6eb52,treino,False,False
der_es,sem_desoneracao,110401,"Recolocação de forro de madeira, com aproveitamento do material",TETOS E FORROS / REVISÕES E REPAROS,m2,7a5f16e6f6bb4caa8c7b3e275ba20b547b4419f78db85271639b483181b4a4fb,9f2d3bc52e35d3a9c0317f2bbd34359ce4b9eb726cfdad03719dc91ab8a6eb52,TABELA REFERENCIAL OBRAS - DER-ES - 2025-07 - JUL/TABELA REFERENCIAL OBRAS - DER-ES - 2025-07 - JUL/XLS/tab_DER-EDIFICAÇÕES_2025_07_servicos.xlsx!A380,2025-07,2025-08,m2,TETOS E FORROS / REVISÕES E REPAROS,True,False,64.64,64.64,64.64,64.64,,,False,False,f4e1c72d0bc82c19d0327a48458bea46cf1a06c556062fe2206e7955be9a14b1,treino,False,False
der_es,sem_desoneracao,110401,"Recolocação de forro de madeira, com aproveitamento do material",TETOS E FORROS / REVISÕES E REPAROS,m2,7a5f16e6f6bb4caa8c7b3e275ba20b547b4419f78db85271639b483181b4a4fb,f4e1c72d0bc82c19d0327a48458bea46cf1a06c556062fe2206e7955be9a14b1,TABELA REFERENCIAL OBRAS - DER-ES - 2025-08 - AGO/XLS/tab_DER-EDIFICAÇÕES_2025_08_servicos.xlsx!A380,2025-08,2025-09,m2,TETOS E FORROS / REVISÕES E REPAROS,True,True,64.64,64.64,64.64,127.0,,,False,False,7b1be34ee7d5dd82bcaeb75a32037ae0f2eea1e439205f05e57077b8a3567875,treino,False,False
der_es,sem_desoneracao,110401,"Recolocação de forro de madeira existente, com aproveitamento integral do material, incluindo desmontagem, limpeza e remontagem das peças",TETOS E FORROS / REVISÕES E REPAROS,m2,66c1ae7ff5745044cdd705d4df8ef1827962cc4dff32b0b59748578bc8717184,d856141d8d195b8bf3114dd64686b80db08318d557f9eb5f279d84fffec1a86e,TABELA REFERENCIAL OBRAS - DER-ES - 2025-11 - NOV/XLS/tab_DER-EDIFICAÇÕES_2025_11_servicos.xlsx!A380,2025-11,2025-12,m2,TETOS E FORROS / REVISÕES E REPAROS,True,False,126.97,126.97,127.0,126.97,,,False,False,cf2ae6d6af6081526a2c2c6a6446342c23099ac3a9c81f310e3a5da2680fb053,treino,False,False
der_es,sem_desoneracao,110401,"Recolocação de forro de madeira existente, com aproveitamento integral do material, incluindo desmontagem, limpeza e remontagem das peças",TETOS E FORROS / REVISÕES E REPAROS,m2,66c1ae7ff5745044cdd705d4df8ef1827962cc4dff32b0b59748578bc8717184,cf2ae6d6af6081526a2c2c6a6446342c23099ac3a9c81f310e3a5da2680fb053,TABELA REFERENCIAL OBRAS - DER-ES - 2025-12 - DEZ/XLS/tab_DER-EDIFICAÇÕES_2025_12_servicos.xlsx!A380,2025-12,2026-01,m2,TETOS E FORROS / REVISÕES E REPAROS,True,False,126.97,126.97,126.97,126.97,,,False,False,4feebcbe8c47058cf57314347405d833cdfb5d2340951f005ab53d27ae84fd84,validacao,False,False
der_es,sem_desoneracao,110401,"Recolocação de forro de madeira existente, com aproveitamento integral do material, incluindo desmontagem, limpeza e remontagem das peças",TETOS E FORROS / REVISÕES E REPAROS,m2,66c1ae7ff5745044cdd705d4df8ef1827962cc4dff32b0b59748578bc8717184,4feebcbe8c47058cf57314347405d833cdfb5d2340951f005ab53d27ae84fd84,TABELA REFERENCIAL OBRAS - DER-ES - 2026-01 - JAN/XLS/tab_DER-EDIFICAÇÕES_2026_01_servicos.xlsx!A380,2026-01,2026-02,m2,TETOS E FORROS / REVISÕES E REPAROS,True,False,126.97,126.97,126.97,126.97,,,False,False,1a7537f06fa9b2a1aff5982ae95ae6bf2ec16498e28430445e55584fbcce9a3c,validacao,False,False
der_es,sem_desoneracao,110401,"Recolocação de forro de madeira existente, com aproveitamento integral do material, incluindo desmontagem, limpeza e remontagem das peças",TETOS E FORROS / REVISÕES E REPAROS,m2,66c1ae7ff5745044cdd705d4df8ef1827962cc4dff32b0b59748578bc8717184,1a7537f06fa9b2a1aff5982ae95ae6bf2ec16498e28430445e55584fbcce9a3c,TABELA REFERENCIAL OBRAS - DER-ES - 2026-02 - FEV/XLS/tab_DER-EDIFICAÇÕES_2026_02_servicos.xlsx!A380,2026-02,2026-03,m2,TETOS E FORROS / REVISÕES E REPAROS,True,False,126.97,126.97,126.97,126.97,,,False,False,c9a408180051aaa4e38fe277afd37500d913d617b22cb55cd61158248094d761,teste,False,False
der_es,sem_desoneracao,110401,"Recolocação de forro de madeira existente, com aproveitamento integral do material, incluindo desmontagem, limpeza e remontagem das peças",TETOS E FORROS / REVISÕES E REPAROS,m2,66c1ae7ff5745044cdd705d4df8ef1827962cc4dff32b0b59748578bc8717184,c9a408180051aaa4e38fe277afd37500d913d617b22cb55cd61158248094d761,TABELA REFERENCIAL OBRAS - DER-ES - 2026-03 - MAR/XLS/tab_DER-EDIFICAÇÕES_2026_03_servicos.xlsx!A380,2026-03,2026-04,m2,TETOS E FORROS / REVISÕES E REPAROS,True,False,126.97,126.97,126.97,126.82,,,False,False,b07a6f7cd81d76e43925b8f994875b35e8468c5a37790367db80f72665fc0b2b,teste,False,False
der_es,sem_desoneracao,110401,"Recolocação de forro de madeira existente, com aproveitamento integral do material, incluindo desmontagem, limpeza e remontagem das peças",TETOS E FORROS / REVISÕES E REPAROS,m2,66c1ae7ff5745044cdd705d4df8ef1827962cc4dff32b0b59748578bc8717184,b07a6f7cd81d76e43925b8f994875b35e8468c5a37790367db80f72665fc0b2b,TABELA REFERENCIAL OBRAS - DER-ES - 2026-04 - ABR/XLS/tab_DER-EDIFICAÇÕES_2026_04_servicos.xlsx!A380,2026-04,2026-05,m2,TETOS E FORROS / REVISÕES E REPAROS,True,False,126.82,126.97,126.97,135.58,,,False,False,9d7efd575c10dc676bc49f5acb5630fa9b3cd2b98449be07612e1891e8d213f6,teste,False,False
der_es,sem_desoneracao,120101,"Chapisco de argamassa de cimento e areia média ou grossa lavada, no traço 1:3, espessura 5 mm",REVESTIMENTO DE PAREDES / REVESTIMENTO COM ARGAMASSA,m2,28ac5c31654def79c1b9dc75c50404f583f2554157a5a550f2d581ef7d6a61d2,2dd7e7c15552e8663b500f12008e09dc39c3816602e826e994d7dc8922d7ac8f,TABELA REFERENCIAL OBRAS - DER-ES - 2025-03 - MAR/XLS/tab_DER-EDIFICAÇσES_2025_03_servicos.xlsx!A384,2025-03,2025-04,m2,REVESTIMENTO DE PAREDES / REVESTIMENTO COM ARGAMASSA,True,False,7.34,7.34,7.32,7.36,,,False,False,d2087ecf8affe6feb21bd38f6045155bdc7d4b18356273e8e54c68d96e73dbd4,treino,False,False
der_es,sem_desoneracao,120101,"Chapisco de argamassa de cimento e areia média ou grossa lavada, no traço 1:3, espessura 5 mm",REVESTIMENTO DE PAREDES / REVESTIMENTO COM ARGAMASSA,m2,28ac5c31654def79c1b9dc75c50404f583f2554157a5a550f2d581ef7d6a61d2,d2087ecf8affe6feb21bd38f6045155bdc7d4b18356273e8e54c68d96e73dbd4,TABELA REFERENCIAL OBRAS - DER-ES - 2025-04 - ABR/XLS/tab_DER-EDIFICAÇσES_2025_04_servicos.xlsx!A384,2025-04,2025-05,m2,REVESTIMENTO DE PAREDES / REVESTIMENTO COM ARGAMASSA,True,False,7.36,7.34,7.34,7.82,,,False,False,2bf6c2c7e6a976b4518fe548f59e259ac8091a61f440b44f17701ff9a0f00926,treino,False,False
der_es,sem_desoneracao,120101,"Chapisco de argamassa de cimento e areia média ou grossa lavada, no traço 1:3, espessura 5 mm",REVESTIMENTO DE PAREDES / REVESTIMENTO COM ARGAMASSA,m2,28ac5c31654def79c1b9dc75c50404f583f2554157a5a550f2d581ef7d6a61d2,2bf6c2c7e6a976b4518fe548f59e259ac8091a61f440b44f17701ff9a0f00926,TABELA REFERENCIAL OBRAS - DER-ES - 2025-05 - MAI/XLS/tab_DER-EDIFICAÇσES_2025_05_servicos.xlsx!A385,2025-05,2025-06,m2,REVESTIMENTO DE PAREDES / REVESTIMENTO COM ARGAMASSA,True,False,7.82,7.36,7.34,7.85,,,False,False,22734abdbfefadc850a2608b6f454b5f7c18b5e3c19f87c396d85d1e76c75234,treino,False,False
der_es,sem_desoneracao,120101,"Chapisco de argamassa de cimento e areia média ou grossa lavada, no traço 1:3, espessura 5 mm",REVESTIMENTO DE PAREDES / REVESTIMENTO COM ARGAMASSA,m2,28ac5c31654def79c1b9dc75c50404f583f2554157a5a550f2d581ef7d6a61d2,22734abdbfefadc850a2608b6f454b5f7c18b5e3c19f87c396d85d1e76c75234,TABELA REFERENCIAL OBRAS - DER-ES - 2025-06 - JUN/XLS/tab_DER-EDIFICAÇÕES_2025_06_servicos.xlsx!A383,2025-06,2025-07,m2,REVESTIMENTO DE PAREDES / REVESTIMENTO COM ARGAMASSA,True,False,7.85,7.82,7.36,7.85,,,False,False,9f2d3bc52e35d3a9c0317f2bbd34359ce4b9eb726cfdad03719dc91ab8a6eb52,treino,False,False
der_es,sem_desoneracao,120101,"Chapisco de argamassa de cimento e areia média ou grossa lavada, no traço 1:3, espessura 5 mm",REVESTIMENTO DE PAREDES / REVESTIMENTO COM ARGAMASSA,m2,28ac5c31654def79c1b9dc75c50404f583f2554157a5a550f2d581ef7d6a61d2,9f2d3bc52e35d3a9c0317f2bbd34359ce4b9eb726cfdad03719dc91ab8a6eb52,TABELA REFERENCIAL OBRAS - DER-ES - 2025-07 - JUL/TABELA REFERENCIAL OBRAS - DER-ES - 2025-07 - JUL/XLS/tab_DER-EDIFICAÇÕES_2025_07_servicos.xlsx!A383,2025-07,2025-08,m2,REVESTIMENTO DE PAREDES / REVESTIMENTO COM ARGAMASSA,True,False,7.85,7.85,7.82,7.9,,,False,False,f4e1c72d0bc82c19d0327a48458bea46cf1a06c556062fe2206e7955be9a14b1,treino,False,False
der_es,sem_desoneracao,120101,"Chapisco de argamassa de cimento e areia média ou grossa lavada, no traço 1:3, espessura 5 mm",REVESTIMENTO DE PAREDES / REVESTIMENTO COM ARGAMASSA,m2,28ac5c31654def79c1b9dc75c50404f583f2554157a5a550f2d581ef7d6a61d2,f4e1c72d0bc82c19d0327a48458bea46cf1a06c556062fe2206e7955be9a14b1,TABELA REFERENCIAL OBRAS - DER-ES - 2025-08 - AGO/XLS/tab_DER-EDIFICAÇÕES_2025_08_servicos.xlsx!A383,2025-08,2025-09,m2,REVESTIMENTO DE PAREDES / REVESTIMENTO COM ARGAMASSA,True,False,7.9,7.85,7.85,7.9,,,False,False,7b1be34ee7d5dd82bcaeb75a32037ae0f2eea1e439205f05e57077b8a3567875,treino,False,False
der_es,sem_desoneracao,120101,"Chapisco de argamassa de cimento e areia média ou grossa lavada, no traço 1:3, espessura 5 mm",REVESTIMENTO DE PAREDES / REVESTIMENTO COM ARGAMASSA,m2,28ac5c31654def79c1b9dc75c50404f583f2554157a5a550f2d581ef7d6a61d2,7b1be34ee7d5dd82bcaeb75a32037ae0f2eea1e439205f05e57077b8a3567875,TABELA REFERENCIAL OBRAS - DER-ES - 2025-09 - SET/XLS/tab_DER-EDIFICAÇÕES_2025_09_servicos.xlsx!A383,2025-09,2025-10,m2,REVESTIMENTO DE PAREDES / REVESTIMENTO COM ARGAMASSA,True,False,7.9,7.9,7.85,7.87,,,False,False,25f27b5ef0ad1c6c63d22be1ab543e5a65d73aa17c4d0463109a84f7209c8fa3,treino,False,False
der_es,sem_desoneracao,120101,"Chapisco de argamassa de cimento e areia média ou grossa lavada, no traço 1:3, espessura 5 mm",REVESTIMENTO DE PAREDES / REVESTIMENTO COM ARGAMASSA,m2,28ac5c31654def79c1b9dc75c50404f583f2554157a5a550f2d581ef7d6a61d2,25f27b5ef0ad1c6c63d22be1ab543e5a65d73aa17c4d0463109a84f7209c8fa3,TABELA REFERENCIAL OBRAS - DER-ES - 2025-10 - OUT/XLS/tab_DER-EDIFICAÇÕES_2025_10_servicos.xlsx!A383,2025-10,2025-11,m2,REVESTIMENTO DE PAREDES / REVESTIMENTO COM ARGAMASSA,True,False,7.87,7.9,7.9,7.87,,,False,False,d856141d8d195b8bf3114dd64686b80db08318d557f9eb5f279d84fffec1a86e,treino,False,False
der_es,sem_desoneracao,120101,"Chapisco de argamassa de cimento e areia média ou grossa lavada, no traço 1:3, espessura 5 mm",REVESTIMENTO DE PAREDES / REVESTIMENTO COM ARGAMASSA,m2,28ac5c31654def79c1b9dc75c50404f583f2554157a5a550f2d581ef7d6a61d2,d856141d8d195b8bf3114dd64686b80db08318d557f9eb5f279d84fffec1a86e,TABELA REFERENCIAL OBRAS - DER-ES - 2025-11 - NOV/XLS/tab_DER-EDIFICAÇÕES_2025_11_servicos.xlsx!A383,2025-11,2025-12,m2,REVESTIMENTO DE PAREDES / REVESTIMENTO COM ARGAMASSA,True,False,7.87,7.87,7.9,7.95,,,False,False,cf2ae6d6af6081526a2c2c6a6446342c23099ac3a9c81f310e3a5da2680fb053,treino,False,False
der_es,sem_desoneracao,120101,"Chapisco de argamassa de cimento e areia média ou grossa lavada, no traço 1:3, espessura 5 mm",REVESTIMENTO DE PAREDES / REVESTIMENTO COM ARGAMASSA,m2,28ac5c31654def79c1b9dc75c50404f583f2554157a5a550f2d581ef7d6a61d2,cf2ae6d6af6081526a2c2c6a6446342c23099ac3a9c81f310e3a5da2680fb053,TABELA REFERENCIAL OBRAS - DER-ES - 2025-12 - DEZ/XLS/tab_DER-EDIFICAÇÕES_2025_12_servicos.xlsx!A383,2025-12,2026-01,m2,REVESTIMENTO DE PAREDES / REVESTIMENTO COM ARGAMASSA,True,False,7.95,7.87,7.87,7.95,,,False,False,4feebcbe8c47058cf57314347405d833cdfb5d2340951f005ab53d27ae84fd84,validacao,False,False
der_es,sem_desoneracao,120101,"Chapisco de argamassa de cimento e areia média ou grossa lavada, no traço 1:3, espessura 5 mm",REVESTIMENTO DE PAREDES / REVESTIMENTO COM ARGAMASSA,m2,28ac5c31654def79c1b9dc75c50404f583f2554157a5a550f2d581ef7d6a61d2,4feebcbe8c47058cf57314347405d833cdfb5d2340951f005ab53d27ae84fd84,TABELA REFERENCIAL OBRAS - DER-ES - 2026-01 - JAN/XLS/tab_DER-EDIFICAÇÕES_2026_01_servicos.xlsx!A383,2026-01,2026-02,m2,REVESTIMENTO DE PAREDES / REVESTIMENTO COM ARGAMASSA,True,False,7.95,7.95,7.87,7.85,,,False,False,1a7537f06fa9b2a1aff5982ae95ae6bf2ec16498e28430445e55584fbcce9a3c,validacao,False,False
der_es,sem_desoneracao,120101,"Chapisco de argamassa de cimento e areia média ou grossa lavada, no traço 1:3, espessura 5 mm",REVESTIMENTO DE PAREDES / REVESTIMENTO COM ARGAMASSA,m2,28ac5c31654def79c1b9dc75c50404f583f2554157a5a550f2d581ef7d6a61d2,1a7537f06fa9b2a1aff5982ae95ae6bf2ec16498e28430445e55584fbcce9a3c,TABELA REFERENCIAL OBRAS - DER-ES - 2026-02 - FEV/XLS/tab_DER-EDIFICAÇÕES_2026_02_servicos.xlsx!A383,2026-02,2026-03,m2,REVESTIMENTO DE PAREDES / REVESTIMENTO COM ARGAMASSA,True,False,7.85,7.95,7.95,7.85,,,False,False,c9a408180051aaa4e38fe277afd37500d913d617b22cb55cd61158248094d761,teste,False,False
der_es,sem_desoneracao,120101,"Chapisco de argamassa de cimento e areia média ou grossa lavada, no traço 1:3, espessura 5 mm",REVESTIMENTO DE PAREDES / REVESTIMENTO COM ARGAMASSA,m2,28ac5c31654def79c1b9dc75c50404f583f2554157a5a550f2d581ef7d6a61d2,c9a408180051aaa4e38fe277afd37500d913d617b22cb55cd61158248094d761,TABELA REFERENCIAL OBRAS - DER-ES - 2026-03 - MAR/XLS/tab_DER-EDIFICAÇÕES_2026_03_servicos.xlsx!A383,2026-03,2026-04,m2,REVESTIMENTO DE PAREDES / REVESTIMENTO COM ARGAMASSA,True,False,7.85,7.85,7.95,7.86,,,False,False,b07a6f7cd81d76e43925b8f994875b35e8468c5a37790367db80f72665fc0b2b,teste,False,False
der_es,sem_desoneracao,120101,"Chapisco de argamassa de cimento e areia média ou grossa lavada, no traço 1:3, espessura 5 mm",REVESTIMENTO DE PAREDES / REVESTIMENTO COM ARGAMASSA,m2,28ac5c31654def79c1b9dc75c50404f583f2554157a5a550f2d581ef7d6a61d2,b07a6f7cd81d76e43925b8f994875b35e8468c5a37790367db80f72665fc0b2b,TABELA REFERENCIAL OBRAS - DER-ES - 2026-04 - ABR/XLS/tab_DER-EDIFICAÇÕES_2026_04_servicos.xlsx!A383,2026-04,2026-05,m2,REVESTIMENTO DE PAREDES / REVESTIMENTO COM ARGAMASSA,True,True,7.86,7.85,7.85,7.2,,,False,False,9d7efd575c10dc676bc49f5acb5630fa9b3cd2b98449be07612e1891e8d213f6,teste,False,False
der_es,sem_desoneracao,120201,"Azulejo branco 15 x 15 cm, juntas a prumo, assentado com argamassa de cimento colante, inclusive rejuntamento com cimento branco, marcas de referência Eliane, Cecrisa ou Portobello",REVESTIMENTO DE PAREDES / ACABAMENTOS,m2,2c7438c22caa4579e8d01d354007bc7d1021c8c36b7b45aba0f4fe97dbce3b0e,2dd7e7c15552e8663b500f12008e09dc39c3816602e826e994d7dc8922d7ac8f,TABELA REFERENCIAL OBRAS - DER-ES - 2025-03 - MAR/XLS/tab_DER-EDIFICAÇσES_2025_03_servicos.xlsx!A386,2025-03,2025-04,m2,REVESTIMENTO DE PAREDES / ACABAMENTOS,True,False,91.05,91.05,96.27,90.63,,,False,False,d2087ecf8affe6feb21bd38f6045155bdc7d4b18356273e8e54c68d96e73dbd4,treino,False,False
der_es,sem_desoneracao,120201,"Azulejo branco 15 x 15 cm, juntas a prumo, assentado com argamassa de cimento colante, inclusive rejuntamento com cimento branco, marcas de referência Eliane, Cecrisa ou Portobello",REVESTIMENTO DE PAREDES / ACABAMENTOS,m2,2c7438c22caa4579e8d01d354007bc7d1021c8c36b7b45aba0f4fe97dbce3b0e,d2087ecf8affe6feb21bd38f6045155bdc7d4b18356273e8e54c68d96e73dbd4,TABELA REFERENCIAL OBRAS - DER-ES - 2025-04 - ABR/XLS/tab_DER-EDIFICAÇσES_2025_04_servicos.xlsx!A386,2025-04,2025-05,m2,REVESTIMENTO DE PAREDES / ACABAMENTOS,True,False,90.63,91.05,91.05,92.59,,,False,False,2bf6c2c7e6a976b4518fe548f59e259ac8091a61f440b44f17701ff9a0f00926,treino,False,False
der_es,sem_desoneracao,120201,"Azulejo branco 15 x 15 cm, juntas a prumo, assentado com argamassa de cimento colante, inclusive rejuntamento com cimento branco, marcas de referência Eliane, Cecrisa ou Portobello",REVESTIMENTO DE PAREDES / ACABAMENTOS,m2,2c7438c22caa4579e8d01d354007bc7d1021c8c36b7b45aba0f4fe97dbce3b0e,2bf6c2c7e6a976b4518fe548f59e259ac8091a61f440b44f17701ff9a0f00926,TABELA REFERENCIAL OBRAS - DER-ES - 2025-05 - MAI/XLS/tab_DER-EDIFICAÇσES_2025_05_servicos.xlsx!A387,2025-05,2025-06,m2,REVESTIMENTO DE PAREDES / ACABAMENTOS,True,False,92.59,90.63,91.05,98.3,,,False,False,22734abdbfefadc850a2608b6f454b5f7c18b5e3c19f87c396d85d1e76c75234,treino,False,False
der_es,sem_desoneracao,120201,"Azulejo branco 15 x 15 cm, juntas a prumo, assentado com argamassa de cimento colante, inclusive rejuntamento com cimento branco, marcas de referência Eliane, Cecrisa ou Portobello",REVESTIMENTO DE PAREDES / ACABAMENTOS,m2,2c7438c22caa4579e8d01d354007bc7d1021c8c36b7b45aba0f4fe97dbce3b0e,22734abdbfefadc850a2608b6f454b5f7c18b5e3c19f87c396d85d1e76c75234,TABELA REFERENCIAL OBRAS - DER-ES - 2025-06 - JUN/XLS/tab_DER-EDIFICAÇÕES_2025_06_servicos.xlsx!A385,2025-06,2025-07,m2,REVESTIMENTO DE PAREDES / ACABAMENTOS,True,False,98.3,92.59,90.63,98.3,,,False,False,9f2d3bc52e35d3a9c0317f2bbd34359ce4b9eb726cfdad03719dc91ab8a6eb52,treino,False,False
der_es,sem_desoneracao,120201,"Azulejo branco 15 x 15 cm, juntas a prumo, assentado com argamassa de cimento colante, inclusive rejuntamento com cimento branco, marcas de referência Eliane, Cecrisa ou Portobello",REVESTIMENTO DE PAREDES / ACABAMENTOS,m2,2c7438c22caa4579e8d01d354007bc7d1021c8c36b7b45aba0f4fe97dbce3b0e,9f2d3bc52e35d3a9c0317f2bbd34359ce4b9eb726cfdad03719dc91ab8a6eb52,TABELA REFERENCIAL OBRAS - DER-ES - 2025-07 - JUL/TABELA REFERENCIAL OBRAS - DER-ES - 2025-07 - JUL/XLS/tab_DER-EDIFICAÇÕES_2025_07_servicos.xlsx!A385,2025-07,2025-08,m2,REVESTIMENTO DE PAREDES / ACABAMENTOS,True,False,98.3,98.3,92.59,98.3,,,False,False,f4e1c72d0bc82c19d0327a48458bea46cf1a06c556062fe2206e7955be9a14b1,treino,False,False
der_es,sem_desoneracao,120201,"Azulejo branco 15 x 15 cm, juntas a prumo, assentado com argamassa de cimento colante, inclusive rejuntamento com cimento branco, marcas de referência Eliane, Cecrisa ou Portobello",REVESTIMENTO DE PAREDES / ACABAMENTOS,m2,2c7438c22caa4579e8d01d354007bc7d1021c8c36b7b45aba0f4fe97dbce3b0e,f4e1c72d0bc82c19d0327a48458bea46cf1a06c556062fe2206e7955be9a14b1,TABELA REFERENCIAL OBRAS - DER-ES - 2025-08 - AGO/XLS/tab_DER-EDIFICAÇÕES_2025_08_servicos.xlsx!A385,2025-08,2025-09,m2,REVESTIMENTO DE PAREDES / ACABAMENTOS,True,False,98.3,98.3,98.3,98.3,,,False,False,7b1be34ee7d5dd82bcaeb75a32037ae0f2eea1e439205f05e57077b8a3567875,treino,False,False
der_es,sem_desoneracao,120201,"Azulejo branco 15 x 15 cm, juntas a prumo, assentado com argamassa de cimento colante, inclusive rejuntamento com cimento branco, marcas de referência Eliane, Cecrisa ou Portobello",REVESTIMENTO DE PAREDES / ACABAMENTOS,m2,2c7438c22caa4579e8d01d354007bc7d1021c8c36b7b45aba0f4fe97dbce3b0e,7b1be34ee7d5dd82bcaeb75a32037ae0f2eea1e439205f05e57077b8a3567875,TABELA REFERENCIAL OBRAS - DER-ES - 2025-09 - SET/XLS/tab_DER-EDIFICAÇÕES_2025_09_servicos.xlsx!A385,2025-09,2025-10,m2,REVESTIMENTO DE PAREDES / ACABAMENTOS,True,False,98.3,98.3,98.3,113.73,,,False,False,25f27b5ef0ad1c6c63d22be1ab543e5a65d73aa17c4d0463109a84f7209c8fa3,treino,False,False
der_es,sem_desoneracao,120201,"Azulejo branco 15 x 15 cm, juntas a prumo, assentado com argamassa de cimento colante, inclusive rejuntamento com cimento branco, marcas de referência Eliane, Cecrisa ou Portobello",REVESTIMENTO DE PAREDES / ACABAMENTOS,m2,2c7438c22caa4579e8d01d354007bc7d1021c8c36b7b45aba0f4fe97dbce3b0e,25f27b5ef0ad1c6c63d22be1ab543e5a65d73aa17c4d0463109a84f7209c8fa3,TABELA REFERENCIAL OBRAS - DER-ES - 2025-10 - OUT/XLS/tab_DER-EDIFICAÇÕES_2025_10_servicos.xlsx!A385,2025-10,2025-11,m2,REVESTIMENTO DE PAREDES / ACABAMENTOS,True,False,113.73,98.3,98.3,113.73,,,False,False,d856141d8d195b8bf3114dd64686b80db08318d557f9eb5f279d84fffec1a86e,treino,False,False
der_es,sem_desoneracao,120201,"Azulejo branco 15 x 15 cm, juntas a prumo, assentado com argamassa de cimento colante, inclusive rejuntamento com cimento branco, marcas de referência Eliane, Cecrisa ou Portobello",REVESTIMENTO DE PAREDES / ACABAMENTOS,m2,2c7438c22caa4579e8d01d354007bc7d1021c8c36b7b45aba0f4fe97dbce3b0e,d856141d8d195b8bf3114dd64686b80db08318d557f9eb5f279d84fffec1a86e,TABELA REFERENCIAL OBRAS - DER-ES - 2025-11 - NOV/XLS/tab_DER-EDIFICAÇÕES_2025_11_servicos.xlsx!A385,2025-11,2025-12,m2,REVESTIMENTO DE PAREDES / ACABAMENTOS,True,False,113.73,113.73,98.3,113.73,,,False,False,cf2ae6d6af6081526a2c2c6a6446342c23099ac3a9c81f310e3a5da2680fb053,treino,False,False
der_es,sem_desoneracao,120201,"Azulejo branco 15 x 15 cm, juntas a prumo, assentado com argamassa de cimento colante, inclusive rejuntamento com cimento branco, marcas de referência Eliane, Cecrisa ou Portobello",REVESTIMENTO DE PAREDES / ACABAMENTOS,m2,2c7438c22caa4579e8d01d354007bc7d1021c8c36b7b45aba0f4fe97dbce3b0e,cf2ae6d6af6081526a2c2c6a6446342c23099ac3a9c81f310e3a5da2680fb053,TABELA REFERENCIAL OBRAS - DER-ES - 2025-12 - DEZ/XLS/tab_DER-EDIFICAÇÕES_2025_12_servicos.xlsx!A385,2025-12,2026-01,m2,REVESTIMENTO DE PAREDES / ACABAMENTOS,True,False,113.73,113.73,113.73,113.73,,,False,False,4feebcbe8c47058cf57314347405d833cdfb5d2340951f005ab53d27ae84fd84,validacao,False,False
der_es,sem_desoneracao,120201,"Azulejo branco 15 x 15 cm, juntas a prumo, assentado com argamassa de cimento colante, inclusive rejuntamento com cimento branco, marcas de referência Eliane, Cecrisa ou Portobello",REVESTIMENTO DE PAREDES / ACABAMENTOS,m2,2c7438c22caa4579e8d01d354007bc7d1021c8c36b7b45aba0f4fe97dbce3b0e,4feebcbe8c47058cf57314347405d833cdfb5d2340951f005ab53d27ae84fd84,TABELA REFERENCIAL OBRAS - DER-ES - 2026-01 - JAN/XLS/tab_DER-EDIFICAÇÕES_2026_01_servicos.xlsx!A385,2026-01,2026-02,m2,REVESTIMENTO DE PAREDES / ACABAMENTOS,True,False,113.73,113.73,113.73,118.62,,,False,False,1a7537f06fa9b2a1aff5982ae95ae6bf2ec16498e28430445e55584fbcce9a3c,validacao,False,False
der_es,sem_desoneracao,120201,"Azulejo branco 15 x 15 cm, juntas a prumo, assentado com argamassa de cimento colante, inclusive rejuntamento com cimento branco, marcas de referência Eliane, Cecrisa ou Portobello",REVESTIMENTO DE PAREDES / ACABAMENTOS,m2,2c7438c22caa4579e8d01d354007bc7d1021c8c36b7b45aba0f4fe97dbce3b0e,1a7537f06fa9b2a1aff5982ae95ae6bf2ec16498e28430445e55584fbcce9a3c,TABELA REFERENCIAL OBRAS - DER-ES - 2026-02 - FEV/XLS/tab_DER-EDIFICAÇÕES_2026_02_servicos.xlsx!A385,2026-02,2026-03,m2,REVESTIMENTO DE PAREDES / ACABAMENTOS,True,False,118.62,113.73,113.73,118.62,,,False,False,c9a408180051aaa4e38fe277afd37500d913d617b22cb55cd61158248094d761,teste,False,False
der_es,sem_desoneracao,120201,"Azulejo branco 15 x 15 cm, juntas a prumo, assentado com argamassa de cimento colante, inclusive rejuntamento com cimento branco, marcas de referência Eliane, Cecrisa ou Portobello",REVESTIMENTO DE PAREDES / ACABAMENTOS,m2,2c7438c22caa4579e8d01d354007bc7d1021c8c36b7b45aba0f4fe97dbce3b0e,c9a408180051aaa4e38fe277afd37500d913d617b22cb55cd61158248094d761,TABELA REFERENCIAL OBRAS - DER-ES - 2026-03 - MAR/XLS/tab_DER-EDIFICAÇÕES_2026_03_servicos.xlsx!A385,2026-03,2026-04,m2,REVESTIMENTO DE PAREDES / ACABAMENTOS,True,False,118.62,118.62,113.73,119.48,,,False,False,b07a6f7cd81d76e43925b8f994875b35e8468c5a37790367db80f72665fc0b2b,teste,False,False
der_es,sem_desoneracao,120201,"Azulejo branco 15 x 15 cm, juntas a prumo, assentado com argamassa de cimento colante, inclusive rejuntamento com cimento branco, marcas de referência Eliane, Cecrisa ou Portobello",REVESTIMENTO DE PAREDES / ACABAMENTOS,m2,2c7438c22caa4579e8d01d354007bc7d1021c8c36b7b45aba0f4fe97dbce3b0e,b07a6f7cd81d76e43925b8f994875b35e8468c5a37790367db80f72665fc0b2b,TABELA REFERENCIAL OBRAS - DER-ES - 2026-04 - ABR/XLS/tab_DER-EDIFICAÇÕES_2026_04_servicos.xlsx!A385,2026-04,2026-05,m2,REVESTIMENTO DE PAREDES / ACABAMENTOS,True,False,119.48,118.62,118.62,121.22,,,False,False,9d7efd575c10dc676bc49f5acb5630fa9b3cd2b98449be07612e1891e8d213f6,teste,False,False
der_es,sem_desoneracao,120221,"Pastilha cerâmica branca 5 x 5 cm, assentada com argamassa de cimento colante e rejunte pré-fabricado, marcas de referência Atlas, Jatobá, NGK ou equivalentwe",REVESTIMENTO DE PAREDES / ACABAMENTOS,m2,77a8eb90f6e0cab72b8e7922330e30a752b5941ea129636063b58d687d5ad6e2,2dd7e7c15552e8663b500f12008e09dc39c3816602e826e994d7dc8922d7ac8f,TABELA REFERENCIAL OBRAS - DER-ES - 2025-03 - MAR/XLS/tab_DER-EDIFICAÇσES_2025_03_servicos.xlsx!A391,2025-03,2025-04,m2,REVESTIMENTO DE PAREDES / ACABAMENTOS,True,False,271.66,271.66,295.38,271.66,,,False,False,d2087ecf8affe6feb21bd38f6045155bdc7d4b18356273e8e54c68d96e73dbd4,treino,False,False
der_es,sem_desoneracao,120221,"Pastilha cerâmica branca 5 x 5 cm, assentada com argamassa de cimento colante e rejunte pré-fabricado, marcas de referência Atlas, Jatobá, NGK ou equivalentwe",REVESTIMENTO DE PAREDES / ACABAMENTOS,m2,77a8eb90f6e0cab72b8e7922330e30a752b5941ea129636063b58d687d5ad6e2,d2087ecf8affe6feb21bd38f6045155bdc7d4b18356273e8e54c68d96e73dbd4,TABELA REFERENCIAL OBRAS - DER-ES - 2025-04 - ABR/XLS/tab_DER-EDIFICAÇσES_2025_04_servicos.xlsx!A391,2025-04,2025-05,m2,REVESTIMENTO DE PAREDES / ACABAMENTOS,True,False,271.66,271.66,271.66,274.46,,,False,False,2bf6c2c7e6a976b4518fe548f59e259ac8091a61f440b44f17701ff9a0f00926,treino,False,False
der_es,sem_desoneracao,120221,"Pastilha cerâmica branca 5 x 5 cm, assentada com argamassa de cimento colante e rejunte pré-fabricado, marcas de referência Atlas, Jatobá, NGK ou equivalentwe",REVESTIMENTO DE PAREDES / ACABAMENTOS,m2,77a8eb90f6e0cab72b8e7922330e30a752b5941ea129636063b58d687d5ad6e2,2bf6c2c7e6a976b4518fe548f59e259ac8091a61f440b44f17701ff9a0f00926,TABELA REFERENCIAL OBRAS - DER-ES - 2025-05 - MAI/XLS/tab_DER-EDIFICAÇσES_2025_05_servicos.xlsx!A392,2025-05,2025-06,m2,REVESTIMENTO DE PAREDES / ACABAMENTOS,True,False,274.46,271.66,271.66,249.84,,,False,False,22734abdbfefadc850a2608b6f454b5f7c18b5e3c19f87c396d85d1e76c75234,treino,False,False
der_es,sem_desoneracao,120221,"Pastilha cerâmica branca 5 x 5 cm, assentada com argamassa de cimento colante e rejunte pré-fabricado, marcas de referência Atlas, Jatobá, NGK ou equivalentwe",REVESTIMENTO DE PAREDES / ACABAMENTOS,m2,77a8eb90f6e0cab72b8e7922330e30a752b5941ea129636063b58d687d5ad6e2,22734abdbfefadc850a2608b6f454b5f7c18b5e3c19f87c396d85d1e76c75234,TABELA REFERENCIAL OBRAS - DER-ES - 2025-06 - JUN/XLS/tab_DER-EDIFICAÇÕES_2025_06_servicos.xlsx!A390,2025-06,2025-07,m2,REVESTIMENTO DE PAREDES / ACABAMENTOS,True,False,249.84,274.46,271.66,249.84,,,False,False,9f2d3bc52e35d3a9c0317f2bbd34359ce4b9eb726cfdad03719dc91ab8a6eb52,treino,False,False
der_es,sem_desoneracao,120221,"Pastilha cerâmica branca 5 x 5 cm, assentada com argamassa de cimento colante e rejunte pré-fabricado, marcas de referência Atlas, Jatobá, NGK ou equivalentwe",REVESTIMENTO DE PAREDES / ACABAMENTOS,m2,77a8eb90f6e0cab72b8e7922330e30a752b5941ea129636063b58d687d5ad6e2,9f2d3bc52e35d3a9c0317f2bbd34359ce4b9eb726cfdad03719dc91ab8a6eb52,TABELA REFERENCIAL OBRAS - DER-ES - 2025-07 - JUL/TABELA REFERENCIAL OBRAS - DER-ES - 2025-07 - JUL/XLS/tab_DER-EDIFICAÇÕES_2025_07_servicos.xlsx!A390,2025-07,2025-08,m2,REVESTIMENTO DE PAREDES / ACABAMENTOS,True,False,249.84,249.84,274.46,249.84,,,False,False,f4e1c72d0bc82c19d0327a48458bea46cf1a06c556062fe2206e7955be9a14b1,treino,False,False
der_es,sem_desoneracao,120221,"Pastilha cerâmica branca 5 x 5 cm, assentada com argamassa de cimento colante e rejunte pré-fabricado, marcas de referência Atlas, Jatobá, NGK ou equivalentwe",REVESTIMENTO DE PAREDES / ACABAMENTOS,m2,77a8eb90f6e0cab72b8e7922330e30a752b5941ea129636063b58d687d5ad6e2,f4e1c72d0bc82c19d0327a48458bea46cf1a06c556062fe2206e7955be9a14b1,TABELA REFERENCIAL OBRAS - DER-ES - 2025-08 - AGO/XLS/tab_DER-EDIFICAÇÕES_2025_08_servicos.xlsx!A390,2025-08,2025-09,m2,REVESTIMENTO DE PAREDES / ACABAMENTOS,True,False,249.84,249.84,249.84,249.84,,,False,False,7b1be34ee7d5dd82bcaeb75a32037ae0f2eea1e439205f05e57077b8a3567875,treino,False,False
der_es,sem_desoneracao,120221,"Pastilha cerâmica branca 5 x 5 cm, assentada com argamassa de cimento colante e rejunte pré-fabricado, marcas de referência Atlas, Jatobá, NGK ou equivalentwe",REVESTIMENTO DE PAREDES / ACABAMENTOS,m2,77a8eb90f6e0cab72b8e7922330e30a752b5941ea129636063b58d687d5ad6e2,7b1be34ee7d5dd82bcaeb75a32037ae0f2eea1e439205f05e57077b8a3567875,TABELA REFERENCIAL OBRAS - DER-ES - 2025-09 - SET/XLS/tab_DER-EDIFICAÇÕES_2025_09_servicos.xlsx!A390,2025-09,2025-10,m2,REVESTIMENTO DE PAREDES / ACABAMENTOS,True,False,249.84,249.84,249.84,244.73,,,False,False,25f27b5ef0ad1c6c63d22be1ab543e5a65d73aa17c4d0463109a84f7209c8fa3,treino,False,False
der_es,sem_desoneracao,120221,"Pastilha cerâmica branca 5 x 5 cm, assentada com argamassa de cimento colante e rejunte pré-fabricado, marcas de referência Atlas, Jatobá, NGK ou equivalentwe",REVESTIMENTO DE PAREDES / ACABAMENTOS,m2,77a8eb90f6e0cab72b8e7922330e30a752b5941ea129636063b58d687d5ad6e2,25f27b5ef0ad1c6c63d22be1ab543e5a65d73aa17c4d0463109a84f7209c8fa3,TABELA REFERENCIAL OBRAS - DER-ES - 2025-10 - OUT/XLS/tab_DER-EDIFICAÇÕES_2025_10_servicos.xlsx!A390,2025-10,2025-11,m2,REVESTIMENTO DE PAREDES / ACABAMENTOS,True,False,244.73,249.84,249.84,244.73,,,False,False,d856141d8d195b8bf3114dd64686b80db08318d557f9eb5f279d84fffec1a86e,treino,False,False
der_es,sem_desoneracao,120221,"Pastilha cerâmica branca 5 x 5 cm, assentada com argamassa de cimento colante e rejunte pré-fabricado, marcas de referência Atlas, Jatobá, NGK ou equivalentwe",REVESTIMENTO DE PAREDES / ACABAMENTOS,m2,77a8eb90f6e0cab72b8e7922330e30a752b5941ea129636063b58d687d5ad6e2,d856141d8d195b8bf3114dd64686b80db08318d557f9eb5f279d84fffec1a86e,TABELA REFERENCIAL OBRAS - DER-ES - 2025-11 - NOV/XLS/tab_DER-EDIFICAÇÕES_2025_11_servicos.xlsx!A390,2025-11,2025-12,m2,REVESTIMENTO DE PAREDES / ACABAMENTOS,True,False,244.73,244.73,249.84,244.73,,,False,False,cf2ae6d6af6081526a2c2c6a6446342c23099ac3a9c81f310e3a5da2680fb053,treino,False,False
der_es,sem_desoneracao,120221,"Pastilha cerâmica branca 5 x 5 cm, assentada com argamassa de cimento colante e rejunte pré-fabricado, marcas de referência Atlas, Jatobá, NGK ou equivalentwe",REVESTIMENTO DE PAREDES / ACABAMENTOS,m2,77a8eb90f6e0cab72b8e7922330e30a752b5941ea129636063b58d687d5ad6e2,cf2ae6d6af6081526a2c2c6a6446342c23099ac3a9c81f310e3a5da2680fb053,TABELA REFERENCIAL OBRAS - DER-ES - 2025-12 - DEZ/XLS/tab_DER-EDIFICAÇÕES_2025_12_servicos.xlsx!A390,2025-12,2026-01,m2,REVESTIMENTO DE PAREDES / ACABAMENTOS,True,False,244.73,244.73,244.73,244.73,,,False,False,4feebcbe8c47058cf57314347405d833cdfb5d2340951f005ab53d27ae84fd84,validacao,False,False
der_es,sem_desoneracao,120221,"Pastilha cerâmica branca 5 x 5 cm, assentada com argamassa de cimento colante e rejunte pré-fabricado, marcas de referência Atlas, Jatobá, NGK ou equivalentwe",REVESTIMENTO DE PAREDES / ACABAMENTOS,m2,77a8eb90f6e0cab72b8e7922330e30a752b5941ea129636063b58d687d5ad6e2,4feebcbe8c47058cf57314347405d833cdfb5d2340951f005ab53d27ae84fd84,TABELA REFERENCIAL OBRAS - DER-ES - 2026-01 - JAN/XLS/tab_DER-EDIFICAÇÕES_2026_01_servicos.xlsx!A390,2026-01,2026-02,m2,REVESTIMENTO DE PAREDES / ACABAMENTOS,True,False,244.73,244.73,244.73,241.47,,,False,False,1a7537f06fa9b2a1aff5982ae95ae6bf2ec16498e28430445e55584fbcce9a3c,validacao,False,False
der_es,sem_desoneracao,120221,"Pastilha cerâmica branca 5 x 5 cm, assentada com argamassa de cimento colante e rejunte pré-fabricado, marcas de referência Atlas, Jatobá, NGK ou equivalentwe",REVESTIMENTO DE PAREDES / ACABAMENTOS,m2,77a8eb90f6e0cab72b8e7922330e30a752b5941ea129636063b58d687d5ad6e2,1a7537f06fa9b2a1aff5982ae95ae6bf2ec16498e28430445e55584fbcce9a3c,TABELA REFERENCIAL OBRAS - DER-ES - 2026-02 - FEV/XLS/tab_DER-EDIFICAÇÕES_2026_02_servicos.xlsx!A390,2026-02,2026-03,m2,REVESTIMENTO DE PAREDES / ACABAMENTOS,True,False,241.47,244.73,244.73,241.47,,,False,False,c9a408180051aaa4e38fe277afd37500d913d617b22cb55cd61158248094d761,teste,False,False
der_es,sem_desoneracao,120221,"Pastilha cerâmica branca 5 x 5 cm, assentada com argamassa de cimento colante e rejunte pré-fabricado, marcas de referência Atlas, Jatobá, NGK ou equivalentwe",REVESTIMENTO DE PAREDES / ACABAMENTOS,m2,77a8eb90f6e0cab72b8e7922330e30a752b5941ea129636063b58d687d5ad6e2,c9a408180051aaa4e38fe277afd37500d913d617b22cb55cd61158248094d761,TABELA REFERENCIAL OBRAS - DER-ES - 2026-03 - MAR/XLS/tab_DER-EDIFICAÇÕES_2026_03_servicos.xlsx!A390,2026-03,2026-04,m2,REVESTIMENTO DE PAREDES / ACABAMENTOS,True,False,241.47,241.47,244.73,241.47,,,False,False,b07a6f7cd81d76e43925b8f994875b35e8468c5a37790367db80f72665fc0b2b,teste,False,False
der_es,sem_desoneracao,120221,"Pastilha cerâmica branca 5 x 5 cm, assentada com argamassa de cimento colante e rejunte pré-fabricado, marcas de referência Atlas, Jatobá, NGK ou equivalentwe",REVESTIMENTO DE PAREDES / ACABAMENTOS,m2,77a8eb90f6e0cab72b8e7922330e30a752b5941ea129636063b58d687d5ad6e2,b07a6f7cd81d76e43925b8f994875b35e8468c5a37790367db80f72665fc0b2b,TABELA REFERENCIAL OBRAS - DER-ES - 2026-04 - ABR/XLS/tab_DER-EDIFICAÇÕES_2026_04_servicos.xlsx!A390,2026-04,2026-05,m2,REVESTIMENTO DE PAREDES / ACABAMENTOS,True,False,241.47,241.47,241.47,243.88,,,False,False,9d7efd575c10dc676bc49f5acb5630fa9b3cd2b98449be07612e1891e8d213f6,teste,False,False
der_es,sem_desoneracao,120224,"Assentamento de revestimento cerâmico com cimento colante, excl. rejuntamento e cerâmica",REVESTIMENTO DE PAREDES / ACABAMENTOS,m2,a98dcf2eec77bec1544530e7be0fcd279da7253e5953f7ff18a3a9afa7bc14eb,2dd7e7c15552e8663b500f12008e09dc39c3816602e826e994d7dc8922d7ac8f,TABELA REFERENCIAL OBRAS - DER-ES - 2025-03 - MAR/XLS/tab_DER-EDIFICAÇσES_2025_03_servicos.xlsx!A392,2025-03,2025-04,m2,REVESTIMENTO DE PAREDES / ACABAMENTOS,True,False,16.87,16.87,16.87,16.74,,,False,False,d2087ecf8affe6feb21bd38f6045155bdc7d4b18356273e8e54c68d96e73dbd4,treino,False,False
der_es,sem_desoneracao,120224,"Assentamento de revestimento cerâmico com cimento colante, excl. rejuntamento e cerâmica",REVESTIMENTO DE PAREDES / ACABAMENTOS,m2,a98dcf2eec77bec1544530e7be0fcd279da7253e5953f7ff18a3a9afa7bc14eb,d2087ecf8affe6feb21bd38f6045155bdc7d4b18356273e8e54c68d96e73dbd4,TABELA REFERENCIAL OBRAS - DER-ES - 2025-04 - ABR/XLS/tab_DER-EDIFICAÇσES_2025_04_servicos.xlsx!A392,2025-04,2025-05,m2,REVESTIMENTO DE PAREDES / ACABAMENTOS,True,False,16.74,16.87,16.87,17.87,,,False,False,2bf6c2c7e6a976b4518fe548f59e259ac8091a61f440b44f17701ff9a0f00926,treino,False,False
der_es,sem_desoneracao,120224,"Assentamento de revestimento cerâmico com cimento colante, excl. rejuntamento e cerâmica",REVESTIMENTO DE PAREDES / ACABAMENTOS,m2,a98dcf2eec77bec1544530e7be0fcd279da7253e5953f7ff18a3a9afa7bc14eb,2bf6c2c7e6a976b4518fe548f59e259ac8091a61f440b44f17701ff9a0f00926,TABELA REFERENCIAL OBRAS - DER-ES - 2025-05 - MAI/XLS/tab_DER-EDIFICAÇσES_2025_05_servicos.xlsx!A393,2025-05,2025-06,m2,REVESTIMENTO DE PAREDES / ACABAMENTOS,True,False,17.87,16.74,16.87,17.87,,,False,False,22734abdbfefadc850a2608b6f454b5f7c18b5e3c19f87c396d85d1e76c75234,treino,False,False
der_es,sem_desoneracao,120224,"Assentamento de revestimento cerâmico com cimento colante, excl. rejuntamento e cerâmica",REVESTIMENTO DE PAREDES / ACABAMENTOS,m2,a98dcf2eec77bec1544530e7be0fcd279da7253e5953f7ff18a3a9afa7bc14eb,22734abdbfefadc850a2608b6f454b5f7c18b5e3c19f87c396d85d1e76c75234,TABELA REFERENCIAL OBRAS - DER-ES - 2025-06 - JUN/XLS/tab_DER-EDIFICAÇÕES_2025_06_servicos.xlsx!A391,2025-06,2025-07,m2,REVESTIMENTO DE PAREDES / ACABAMENTOS,True,False,17.87,17.87,16.74,17.87,,,False,False,9f2d3bc52e35d3a9c0317f2bbd34359ce4b9eb726cfdad03719dc91ab8a6eb52,treino,False,False
der_es,sem_desoneracao,120224,"Assentamento de revestimento cerâmico com cimento colante, excl. rejuntamento e cerâmica",REVESTIMENTO DE PAREDES / ACABAMENTOS,m2,a98dcf2eec77bec1544530e7be0fcd279da7253e5953f7ff18a3a9afa7bc14eb,9f2d3bc52e35d3a9c0317f2bbd34359ce4b9eb726cfdad03719dc91ab8a6eb52,TABELA REFERENCIAL OBRAS - DER-ES - 2025-07 - JUL/TABELA REFERENCIAL OBRAS - DER-ES - 2025-07 - JUL/XLS/tab_DER-EDIFICAÇÕES_2025_07_servicos.xlsx!A391,2025-07,2025-08,m2,REVESTIMENTO DE PAREDES / ACABAMENTOS,True,False,17.87,17.87,17.87,17.87,,,False,False,f4e1c72d0bc82c19d0327a48458bea46cf1a06c556062fe2206e7955be9a14b1,treino,False,False
der_es,sem_desoneracao,120224,"Assentamento de revestimento cerâmico com cimento colante, excl. rejuntamento e cerâmica",REVESTIMENTO DE PAREDES / ACABAMENTOS,m2,a98dcf2eec77bec1544530e7be0fcd279da7253e5953f7ff18a3a9afa7bc14eb,f4e1c72d0bc82c19d0327a48458bea46cf1a06c556062fe2206e7955be9a14b1,TABELA REFERENCIAL OBRAS - DER-ES - 2025-08 - AGO/XLS/tab_DER-EDIFICAÇÕES_2025_08_servicos.xlsx!A391,2025-08,2025-09,m2,REVESTIMENTO DE PAREDES / ACABAMENTOS,True,False,17.87,17.87,17.87,17.87,,,False,False,7b1be34ee7d5dd82bcaeb75a32037ae0f2eea1e439205f05e57077b8a3567875,treino,False,False
der_es,sem_desoneracao,120224,"Assentamento de revestimento cerâmico com cimento colante, excl. rejuntamento e cerâmica",REVESTIMENTO DE PAREDES / ACABAMENTOS,m2,a98dcf2eec77bec1544530e7be0fcd279da7253e5953f7ff18a3a9afa7bc14eb,7b1be34ee7d5dd82bcaeb75a32037ae0f2eea1e439205f05e57077b8a3567875,TABELA REFERENCIAL OBRAS - DER-ES - 2025-09 - SET/XLS/tab_DER-EDIFICAÇÕES_2025_09_servicos.xlsx!A391,2025-09,2025-10,m2,REVESTIMENTO DE PAREDES / ACABAMENTOS,True,False,17.87,17.87,17.87,17.55,,,False,False,25f27b5ef0ad1c6c63d22be1ab543e5a65d73aa17c4d0463109a84f7209c8fa3,treino,False,False
der_es,sem_desoneracao,120224,"Assentamento de revestimento cerâmico com cimento colante, excl. rejuntamento e cerâmica",REVESTIMENTO DE PAREDES / ACABAMENTOS,m2,a98dcf2eec77bec1544530e7be0fcd279da7253e5953f7ff18a3a9afa7bc14eb,25f27b5ef0ad1c6c63d22be1ab543e5a65d73aa17c4d0463109a84f7209c8fa3,TABELA REFERENCIAL OBRAS - DER-ES - 2025-10 - OUT/XLS/tab_DER-EDIFICAÇÕES_2025_10_servicos.xlsx!A391,2025-10,2025-11,m2,REVESTIMENTO DE PAREDES / ACABAMENTOS,True,False,17.55,17.87,17.87,17.55,,,False,False,d856141d8d195b8bf3114dd64686b80db08318d557f9eb5f279d84fffec1a86e,treino,False,False
der_es,sem_desoneracao,120224,"Assentamento de revestimento cerâmico com cimento colante, excl. rejuntamento e cerâmica",REVESTIMENTO DE PAREDES / ACABAMENTOS,m2,a98dcf2eec77bec1544530e7be0fcd279da7253e5953f7ff18a3a9afa7bc14eb,d856141d8d195b8bf3114dd64686b80db08318d557f9eb5f279d84fffec1a86e,TABELA REFERENCIAL OBRAS - DER-ES - 2025-11 - NOV/XLS/tab_DER-EDIFICAÇÕES_2025_11_servicos.xlsx!A391,2025-11,2025-12,m2,REVESTIMENTO DE PAREDES / ACABAMENTOS,True,False,17.55,17.55,17.87,17.55,,,False,False,cf2ae6d6af6081526a2c2c6a6446342c23099ac3a9c81f310e3a5da2680fb053,treino,False,False
der_es,sem_desoneracao,120224,"Assentamento de revestimento cerâmico com cimento colante, excl. rejuntamento e cerâmica",REVESTIMENTO DE PAREDES / ACABAMENTOS,m2,a98dcf2eec77bec1544530e7be0fcd279da7253e5953f7ff18a3a9afa7bc14eb,cf2ae6d6af6081526a2c2c6a6446342c23099ac3a9c81f310e3a5da2680fb053,TABELA REFERENCIAL OBRAS - DER-ES - 2025-12 - DEZ/XLS/tab_DER-EDIFICAÇÕES_2025_12_servicos.xlsx!A391,2025-12,2026-01,m2,REVESTIMENTO DE PAREDES / ACABAMENTOS,True,False,17.55,17.55,17.55,17.55,,,False,False,4feebcbe8c47058cf57314347405d833cdfb5d2340951f005ab53d27ae84fd84,validacao,False,False
der_es,sem_desoneracao,120224,"Assentamento de revestimento cerâmico com cimento colante, excl. rejuntamento e cerâmica",REVESTIMENTO DE PAREDES / ACABAMENTOS,m2,a98dcf2eec77bec1544530e7be0fcd279da7253e5953f7ff18a3a9afa7bc14eb,4feebcbe8c47058cf57314347405d833cdfb5d2340951f005ab53d27ae84fd84,TABELA REFERENCIAL OBRAS - DER-ES - 2026-01 - JAN/XLS/tab_DER-EDIFICAÇÕES_2026_01_servicos.xlsx!A391,2026-01,2026-02,m2,REVESTIMENTO DE PAREDES / ACABAMENTOS,True,False,17.55,17.55,17.55,17.55,,,False,False,1a7537f06fa9b2a1aff5982ae95ae6bf2ec16498e28430445e55584fbcce9a3c,validacao,False,False
der_es,sem_desoneracao,120224,"Assentamento de revestimento cerâmico com cimento colante, excl. rejuntamento e cerâmica",REVESTIMENTO DE PAREDES / ACABAMENTOS,m2,a98dcf2eec77bec1544530e7be0fcd279da7253e5953f7ff18a3a9afa7bc14eb,1a7537f06fa9b2a1aff5982ae95ae6bf2ec16498e28430445e55584fbcce9a3c,TABELA REFERENCIAL OBRAS - DER-ES - 2026-02 - FEV/XLS/tab_DER-EDIFICAÇÕES_2026_02_servicos.xlsx!A391,2026-02,2026-03,m2,REVESTIMENTO DE PAREDES / ACABAMENTOS,True,False,17.55,17.55,17.55,17.55,,,False,False,c9a408180051aaa4e38fe277afd37500d913d617b22cb55cd61158248094d761,teste,False,False
der_es,sem_desoneracao,120224,"Assentamento de revestimento cerâmico com cimento colante, excl. rejuntamento e cerâmica",REVESTIMENTO DE PAREDES / ACABAMENTOS,m2,a98dcf2eec77bec1544530e7be0fcd279da7253e5953f7ff18a3a9afa7bc14eb,c9a408180051aaa4e38fe277afd37500d913d617b22cb55cd61158248094d761,TABELA REFERENCIAL OBRAS - DER-ES - 2026-03 - MAR/XLS/tab_DER-EDIFICAÇÕES_2026_03_servicos.xlsx!A391,2026-03,2026-04,m2,REVESTIMENTO DE PAREDES / ACABAMENTOS,True,False,17.55,17.55,17.55,18.32,,,False,False,b07a6f7cd81d76e43925b8f994875b35e8468c5a37790367db80f72665fc0b2b,teste,False,False
der_es,sem_desoneracao,120224,"Assentamento de revestimento cerâmico com cimento colante, excl. rejuntamento e cerâmica",REVESTIMENTO DE PAREDES / ACABAMENTOS,m2,a98dcf2eec77bec1544530e7be0fcd279da7253e5953f7ff18a3a9afa7bc14eb,b07a6f7cd81d76e43925b8f994875b35e8468c5a37790367db80f72665fc0b2b,TABELA REFERENCIAL OBRAS - DER-ES - 2026-04 - ABR/XLS/tab_DER-EDIFICAÇÕES_2026_04_servicos.xlsx!A391,2026-04,2026-05,m2,REVESTIMENTO DE PAREDES / ACABAMENTOS,True,False,18.32,17.55,17.55,19.3,,,False,False,9d7efd575c10dc676bc49f5acb5630fa9b3cd2b98449be07612e1891e8d213f6,teste,False,False
der_es,sem_desoneracao,120232,"Cerâmica 10 x 10 cm, branco brilhante ref Galeria Mesh BR telada, ELIANE, STRUFALDI, CERAL, empregando argamassa colante, inclusive rejuntamento junta plus cinza claro esp. 3 mm",REVESTIMENTO DE PAREDES / ACABAMENTOS,m2,3c5a0ea9be3760410f59f86908f1f3f913fb62377234ced828b536021c6c78cd,2dd7e7c15552e8663b500f12008e09dc39c3816602e826e994d7dc8922d7ac8f,TABELA REFERENCIAL OBRAS - DER-ES - 2025-03 - MAR/XLS/tab_DER-EDIFICAÇσES_2025_03_servicos.xlsx!A394,2025-03,2025-04,m2,REVESTIMENTO DE PAREDES / ACABAMENTOS,True,False,115.61,115.61,119.63,115.48,,,False,False,d2087ecf8affe6feb21bd38f6045155bdc7d4b18356273e8e54c68d96e73dbd4,treino,False,False
der_es,sem_desoneracao,120232,"Cerâmica 10 x 10 cm, branco brilhante ref Galeria Mesh BR telada, ELIANE, STRUFALDI, CERAL, empregando argamassa colante, inclusive rejuntamento junta plus cinza claro esp. 3 mm",REVESTIMENTO DE PAREDES / ACABAMENTOS,m2,3c5a0ea9be3760410f59f86908f1f3f913fb62377234ced828b536021c6c78cd,d2087ecf8affe6feb21bd38f6045155bdc7d4b18356273e8e54c68d96e73dbd4,TABELA REFERENCIAL OBRAS - DER-ES - 2025-04 - ABR/XLS/tab_DER-EDIFICAÇσES_2025_04_servicos.xlsx!A394,2025-04,2025-05,m2,REVESTIMENTO DE PAREDES / ACABAMENTOS,True,False,115.48,115.61,115.61,116.67,,,False,False,2bf6c2c7e6a976b4518fe548f59e259ac8091a61f440b44f17701ff9a0f00926,treino,False,False
der_es,sem_desoneracao,120232,"Cerâmica 10 x 10 cm, branco brilhante ref Galeria Mesh BR telada, ELIANE, STRUFALDI, CERAL, empregando argamassa colante, inclusive rejuntamento junta plus cinza claro esp. 3 mm",REVESTIMENTO DE PAREDES / ACABAMENTOS,m2,3c5a0ea9be3760410f59f86908f1f3f913fb62377234ced828b536021c6c78cd,2bf6c2c7e6a976b4518fe548f59e259ac8091a61f440b44f17701ff9a0f00926,TABELA REFERENCIAL OBRAS - DER-ES - 2025-05 - MAI/XLS/tab_DER-EDIFICAÇσES_2025_05_servicos.xlsx!A395,2025-05,2025-06,m2,REVESTIMENTO DE PAREDES / ACABAMENTOS,True,False,116.67,115.48,115.61,116.34,,,False,False,22734abdbfefadc850a2608b6f454b5f7c18b5e3c19f87c396d85d1e76c75234,treino,False,False
der_es,sem_desoneracao,120232,"Cerâmica 10 x 10 cm, branco brilhante ref Galeria Mesh BR telada, ELIANE, STRUFALDI, CERAL, empregando argamassa colante, inclusive rejuntamento junta plus cinza claro esp. 3 mm",REVESTIMENTO DE PAREDES / ACABAMENTOS,m2,3c5a0ea9be3760410f59f86908f1f3f913fb62377234ced828b536021c6c78cd,22734abdbfefadc850a2608b6f454b5f7c18b5e3c19f87c396d85d1e76c75234,TABELA REFERENCIAL OBRAS - DER-ES - 2025-06 - JUN/XLS/tab_DER-EDIFICAÇÕES_2025_06_servicos.xlsx!A393,2025-06,2025-07,m2,REVESTIMENTO DE PAREDES / ACABAMENTOS,True,False,116.34,116.67,115.48,116.34,,,False,False,9f2d3bc52e35d3a9c0317f2bbd34359ce4b9eb726cfdad03719dc91ab8a6eb52,treino,False,False
der_es,sem_desoneracao,120232,"Cerâmica 10 x 10 cm, branco brilhante ref Galeria Mesh BR telada, ELIANE, STRUFALDI, CERAL, empregando argamassa colante, inclusive rejuntamento junta plus cinza claro esp. 3 mm",REVESTIMENTO DE PAREDES / ACABAMENTOS,m2,3c5a0ea9be3760410f59f86908f1f3f913fb62377234ced828b536021c6c78cd,9f2d3bc52e35d3a9c0317f2bbd34359ce4b9eb726cfdad03719dc91ab8a6eb52,TABELA REFERENCIAL OBRAS - DER-ES - 2025-07 - JUL/TABELA REFERENCIAL OBRAS - DER-ES - 2025-07 - JUL/XLS/tab_DER-EDIFICAÇÕES_2025_07_servicos.xlsx!A393,2025-07,2025-08,m2,REVESTIMENTO DE PAREDES / ACABAMENTOS,True,False,116.34,116.34,116.67,116.34,,,False,False,f4e1c72d0bc82c19d0327a48458bea46cf1a06c556062fe2206e7955be9a14b1,treino,False,False
der_es,sem_desoneracao,120232,"Cerâmica 10 x 10 cm, branco brilhante ref Galeria Mesh BR telada, ELIANE, STRUFALDI, CERAL, empregando argamassa colante, inclusive rejuntamento junta plus cinza claro esp. 3 mm",REVESTIMENTO DE PAREDES / ACABAMENTOS,m2,3c5a0ea9be3760410f59f86908f1f3f913fb62377234ced828b536021c6c78cd,f4e1c72d0bc82c19d0327a48458bea46cf1a06c556062fe2206e7955be9a14b1,TABELA REFERENCIAL OBRAS - DER-ES - 2025-08 - AGO/XLS/tab_DER-EDIFICAÇÕES_2025_08_servicos.xlsx!A393,2025-08,2025-09,m2,REVESTIMENTO DE PAREDES / ACABAMENTOS,True,False,116.34,116.34,116.34,116.34,,,False,False,7b1be34ee7d5dd82bcaeb75a32037ae0f2eea1e439205f05e57077b8a3567875,treino,False,False
der_es,sem_desoneracao,120232,"Cerâmica 10 x 10 cm, branco brilhante ref Galeria Mesh BR telada, ELIANE, STRUFALDI, CERAL, empregando argamassa colante, inclusive rejuntamento junta plus cinza claro esp. 3 mm",REVESTIMENTO DE PAREDES / ACABAMENTOS,m2,3c5a0ea9be3760410f59f86908f1f3f913fb62377234ced828b536021c6c78cd,7b1be34ee7d5dd82bcaeb75a32037ae0f2eea1e439205f05e57077b8a3567875,TABELA REFERENCIAL OBRAS - DER-ES - 2025-09 - SET/XLS/tab_DER-EDIFICAÇÕES_2025_09_servicos.xlsx!A393,2025-09,2025-10,m2,REVESTIMENTO DE PAREDES / ACABAMENTOS,True,False,116.34,116.34,116.34,113.4,,,False,False,25f27b5ef0ad1c6c63d22be1ab543e5a65d73aa17c4d0463109a84f7209c8fa3,treino,False,False
der_es,sem_desoneracao,120232,"Cerâmica 10 x 10 cm, branco brilhante ref Galeria Mesh BR telada, ELIANE, STRUFALDI, CERAL, empregando argamassa colante, inclusive rejuntamento junta plus cinza claro esp. 3 mm",REVESTIMENTO DE PAREDES / ACABAMENTOS,m2,3c5a0ea9be3760410f59f86908f1f3f913fb62377234ced828b536021c6c78cd,25f27b5ef0ad1c6c63d22be1ab543e5a65d73aa17c4d0463109a84f7209c8fa3,TABELA REFERENCIAL OBRAS - DER-ES - 2025-10 - OUT/XLS/tab_DER-EDIFICAÇÕES_2025_10_servicos.xlsx!A393,2025-10,2025-11,m2,REVESTIMENTO DE PAREDES / ACABAMENTOS,True,False,113.4,116.34,116.34,113.4,,,False,False,d856141d8d195b8bf3114dd64686b80db08318d557f9eb5f279d84fffec1a86e,treino,False,False
der_es,sem_desoneracao,120232,"Cerâmica 10 x 10 cm, branco brilhante ref Galeria Mesh BR telada, ELIANE, STRUFALDI, CERAL, empregando argamassa colante, inclusive rejuntamento junta plus cinza claro esp. 3 mm",REVESTIMENTO DE PAREDES / ACABAMENTOS,m2,3c5a0ea9be3760410f59f86908f1f3f913fb62377234ced828b536021c6c78cd,d856141d8d195b8bf3114dd64686b80db08318d557f9eb5f279d84fffec1a86e,TABELA REFERENCIAL OBRAS - DER-ES - 2025-11 - NOV/XLS/tab_DER-EDIFICAÇÕES_2025_11_servicos.xlsx!A393,2025-11,2025-12,m2,REVESTIMENTO DE PAREDES / ACABAMENTOS,True,False,113.4,113.4,116.34,113.4,,,False,False,cf2ae6d6af6081526a2c2c6a6446342c23099ac3a9c81f310e3a5da2680fb053,treino,False,False
der_es,sem_desoneracao,120232,"Cerâmica 10 x 10 cm, branco brilhante ref Galeria Mesh BR telada, ELIANE, STRUFALDI, CERAL, empregando argamassa colante, inclusive rejuntamento junta plus cinza claro esp. 3 mm",REVESTIMENTO DE PAREDES / ACABAMENTOS,m2,3c5a0ea9be3760410f59f86908f1f3f913fb62377234ced828b536021c6c78cd,cf2ae6d6af6081526a2c2c6a6446342c23099ac3a9c81f310e3a5da2680fb053,TABELA REFERENCIAL OBRAS - DER-ES - 2025-12 - DEZ/XLS/tab_DER-EDIFICAÇÕES_2025_12_servicos.xlsx!A393,2025-12,2026-01,m2,REVESTIMENTO DE PAREDES / ACABAMENTOS,True,False,113.4,113.4,113.4,113.4,,,False,False,4feebcbe8c47058cf57314347405d833cdfb5d2340951f005ab53d27ae84fd84,validacao,False,False
der_es,sem_desoneracao,120232,"Cerâmica 10 x 10 cm, branco brilhante ref Galeria Mesh BR telada, ELIANE, STRUFALDI, CERAL, empregando argamassa colante, inclusive rejuntamento junta plus cinza claro esp. 3 mm",REVESTIMENTO DE PAREDES / ACABAMENTOS,m2,3c5a0ea9be3760410f59f86908f1f3f913fb62377234ced828b536021c6c78cd,4feebcbe8c47058cf57314347405d833cdfb5d2340951f005ab53d27ae84fd84,TABELA REFERENCIAL OBRAS - DER-ES - 2026-01 - JAN/XLS/tab_DER-EDIFICAÇÕES_2026_01_servicos.xlsx!A393,2026-01,2026-02,m2,REVESTIMENTO DE PAREDES / ACABAMENTOS,True,False,113.4,113.4,113.4,119.85,,,False,False,1a7537f06fa9b2a1aff5982ae95ae6bf2ec16498e28430445e55584fbcce9a3c,validacao,False,False
der_es,sem_desoneracao,120232,"Cerâmica 10 x 10 cm, branco brilhante ref Galeria Mesh BR telada, ELIANE, STRUFALDI, CERAL, empregando argamassa colante, inclusive rejuntamento junta plus cinza claro esp. 3 mm",REVESTIMENTO DE PAREDES / ACABAMENTOS,m2,3c5a0ea9be3760410f59f86908f1f3f913fb62377234ced828b536021c6c78cd,1a7537f06fa9b2a1aff5982ae95ae6bf2ec16498e28430445e55584fbcce9a3c,TABELA REFERENCIAL OBRAS - DER-ES - 2026-02 - FEV/XLS/tab_DER-EDIFICAÇÕES_2026_02_servicos.xlsx!A393,2026-02,2026-03,m2,REVESTIMENTO DE PAREDES / ACABAMENTOS,True,False,119.85,113.4,113.4,119.85,,,False,False,c9a408180051aaa4e38fe277afd37500d913d617b22cb55cd61158248094d761,teste,False,False
der_es,sem_desoneracao,120232,"Cerâmica 10 x 10 cm, branco brilhante ref Galeria Mesh BR telada, ELIANE, STRUFALDI, CERAL, empregando argamassa colante, inclusive rejuntamento junta plus cinza claro esp. 3 mm",REVESTIMENTO DE PAREDES / ACABAMENTOS,m2,3c5a0ea9be3760410f59f86908f1f3f913fb62377234ced828b536021c6c78cd,c9a408180051aaa4e38fe277afd37500d913d617b22cb55cd61158248094d761,TABELA REFERENCIAL OBRAS - DER-ES - 2026-03 - MAR/XLS/tab_DER-EDIFICAÇÕES_2026_03_servicos.xlsx!A393,2026-03,2026-04,m2,REVESTIMENTO DE PAREDES / ACABAMENTOS,True,False,119.85,119.85,113.4,120.62,,,False,False,b07a6f7cd81d76e43925b8f994875b35e8468c5a37790367db80f72665fc0b2b,teste,False,False
der_es,sem_desoneracao,120232,"Cerâmica 10 x 10 cm, branco brilhante ref Galeria Mesh BR telada, ELIANE, STRUFALDI, CERAL, empregando argamassa colante, inclusive rejuntamento junta plus cinza claro esp. 3 mm",REVESTIMENTO DE PAREDES / ACABAMENTOS,m2,3c5a0ea9be3760410f59f86908f1f3f913fb62377234ced828b536021c6c78cd,b07a6f7cd81d76e43925b8f994875b35e8468c5a37790367db80f72665fc0b2b,TABELA REFERENCIAL OBRAS - DER-ES - 2026-04 - ABR/XLS/tab_DER-EDIFICAÇÕES_2026_04_servicos.xlsx!A393,2026-04,2026-05,m2,REVESTIMENTO DE PAREDES / ACABAMENTOS,True,False,120.62,119.85,119.85,121.67,,,False,False,9d7efd575c10dc676bc49f5acb5630fa9b3cd2b98449be07612e1891e8d213f6,teste,False,False
der_es,sem_desoneracao,120241,"Cerâmica retificada, acabamento brilhante, dim. 32x60cm, ref. TRADIZIONALLE BIANCO Biancogres/equiv. assentado com argamassa de cimento colante, inclusive rejuntamento com argamassapre-fabricada para rejunte",REVESTIMENTO DE PAREDES / ACABAMENTOS,m2,9cc0879fde016776c6601d69c18a619000a84838bdd8ecd73c59d2f798988510,22734abdbfefadc850a2608b6f454b5f7c18b5e3c19f87c396d85d1e76c75234,TABELA REFERENCIAL OBRAS - DER-ES - 2025-06 - JUN/XLS/tab_DER-EDIFICAÇÕES_2025_06_servicos.xlsx!A394,2025-06,2025-07,m2,REVESTIMENTO DE PAREDES / ACABAMENTOS,True,False,84.03,81.53,79.57,84.03,,,False,False,9f2d3bc52e35d3a9c0317f2bbd34359ce4b9eb726cfdad03719dc91ab8a6eb52,treino,False,False
der_es,sem_desoneracao,120241,"Cerâmica retificada, acabamento brilhante, dim. 32x60cm, ref. TRADIZIONALLE BIANCO Biancogres/equiv. assentado com argamassa de cimento colante, inclusive rejuntamento com argamassapre-fabricada para rejunte",REVESTIMENTO DE PAREDES / ACABAMENTOS,m2,9cc0879fde016776c6601d69c18a619000a84838bdd8ecd73c59d2f798988510,9f2d3bc52e35d3a9c0317f2bbd34359ce4b9eb726cfdad03719dc91ab8a6eb52,TABELA REFERENCIAL OBRAS - DER-ES - 2025-07 - JUL/TABELA REFERENCIAL OBRAS - DER-ES - 2025-07 - JUL/XLS/tab_DER-EDIFICAÇÕES_2025_07_servicos.xlsx!A394,2025-07,2025-08,m2,REVESTIMENTO DE PAREDES / ACABAMENTOS,True,False,84.03,84.03,81.53,84.03,,,False,False,f4e1c72d0bc82c19d0327a48458bea46cf1a06c556062fe2206e7955be9a14b1,treino,False,False
der_es,sem_desoneracao,120241,"Cerâmica retificada, acabamento brilhante, dim. 32x60cm, ref. TRADIZIONALLE BIANCO Biancogres/equiv. assentado com argamassa de cimento colante, inclusive rejuntamento com argamassapre-fabricada para rejunte",REVESTIMENTO DE PAREDES / ACABAMENTOS,m2,9cc0879fde016776c6601d69c18a619000a84838bdd8ecd73c59d2f798988510,f4e1c72d0bc82c19d0327a48458bea46cf1a06c556062fe2206e7955be9a14b1,TABELA REFERENCIAL OBRAS - DER-ES - 2025-08 - AGO/XLS/tab_DER-EDIFICAÇÕES_2025_08_servicos.xlsx!A394,2025-08,2025-09,m2,REVESTIMENTO DE PAREDES / ACABAMENTOS,True,False,84.03,84.03,84.03,84.03,,,False,False,7b1be34ee7d5dd82bcaeb75a32037ae0f2eea1e439205f05e57077b8a3567875,treino,False,False
der_es,sem_desoneracao,120241,"Cerâmica retificada, acabamento brilhante, dim. 32x60cm, ref. TRADIZIONALLE BIANCO Biancogres/equiv. assentado com argamassa de cimento colante, inclusive rejuntamento com argamassapre-fabricada para rejunte",REVESTIMENTO DE PAREDES / ACABAMENTOS,m2,9cc0879fde016776c6601d69c18a619000a84838bdd8ecd73c59d2f798988510,7b1be34ee7d5dd82bcaeb75a32037ae0f2eea1e439205f05e57077b8a3567875,TABELA REFERENCIAL OBRAS - DER-ES - 2025-09 - SET/XLS/tab_DER-EDIFICAÇÕES_2025_09_servicos.xlsx!A394,2025-09,2025-10,m2,REVESTIMENTO DE PAREDES / ACABAMENTOS,True,False,84.03,84.03,84.03,84.54,,,False,False,25f27b5ef0ad1c6c63d22be1ab543e5a65d73aa17c4d0463109a84f7209c8fa3,treino,False,False
der_es,sem_desoneracao,120241,"Cerâmica retificada, acabamento brilhante, dim. 32x60cm, ref. TRADIZIONALLE BIANCO Biancogres/equiv. assentado com argamassa de cimento colante, inclusive rejuntamento com argamassapre-fabricada para rejunte",REVESTIMENTO DE PAREDES / ACABAMENTOS,m2,9cc0879fde016776c6601d69c18a619000a84838bdd8ecd73c59d2f798988510,25f27b5ef0ad1c6c63d22be1ab543e5a65d73aa17c4d0463109a84f7209c8fa3,TABELA REFERENCIAL OBRAS - DER-ES - 2025-10 - OUT/XLS/tab_DER-EDIFICAÇÕES_2025_10_servicos.xlsx!A394,2025-10,2025-11,m2,REVESTIMENTO DE PAREDES / ACABAMENTOS,True,False,84.54,84.03,84.03,84.54,,,False,False,d856141d8d195b8bf3114dd64686b80db08318d557f9eb5f279d84fffec1a86e,treino,False,False
der_es,sem_desoneracao,120241,"Cerâmica retificada, acabamento brilhante, dim. 32x60cm, ref. TRADIZIONALLE BIANCO Biancogres/equiv. assentado com argamassa de cimento colante, inclusive rejuntamento com argamassapre-fabricada para rejunte",REVESTIMENTO DE PAREDES / ACABAMENTOS,m2,9cc0879fde016776c6601d69c18a619000a84838bdd8ecd73c59d2f798988510,d856141d8d195b8bf3114dd64686b80db08318d557f9eb5f279d84fffec1a86e,TABELA REFERENCIAL OBRAS - DER-ES - 2025-11 - NOV/XLS/tab_DER-EDIFICAÇÕES_2025_11_servicos.xlsx!A394,2025-11,2025-12,m2,REVESTIMENTO DE PAREDES / ACABAMENTOS,True,False,84.54,84.54,84.03,84.54,,,False,False,cf2ae6d6af6081526a2c2c6a6446342c23099ac3a9c81f310e3a5da2680fb053,treino,False,False
der_es,sem_desoneracao,120241,"Cerâmica retificada, acabamento brilhante, dim. 32x60cm, ref. TRADIZIONALLE BIANCO Biancogres/equiv. assentado com argamassa de cimento colante, inclusive rejuntamento com argamassapre-fabricada para rejunte",REVESTIMENTO DE PAREDES / ACABAMENTOS,m2,9cc0879fde016776c6601d69c18a619000a84838bdd8ecd73c59d2f798988510,cf2ae6d6af6081526a2c2c6a6446342c23099ac3a9c81f310e3a5da2680fb053,TABELA REFERENCIAL OBRAS - DER-ES - 2025-12 - DEZ/XLS/tab_DER-EDIFICAÇÕES_2025_12_servicos.xlsx!A394,2025-12,2026-01,m2,REVESTIMENTO DE PAREDES / ACABAMENTOS,True,False,84.54,84.54,84.54,84.54,,,False,False,4feebcbe8c47058cf57314347405d833cdfb5d2340951f005ab53d27ae84fd84,validacao,False,False
der_es,sem_desoneracao,120241,"Cerâmica retificada, acabamento brilhante, dim. 32x60cm, ref. TRADIZIONALLE BIANCO Biancogres/equiv. assentado com argamassa de cimento colante, inclusive rejuntamento com argamassapre-fabricada para rejunte",REVESTIMENTO DE PAREDES / ACABAMENTOS,m2,9cc0879fde016776c6601d69c18a619000a84838bdd8ecd73c59d2f798988510,4feebcbe8c47058cf57314347405d833cdfb5d2340951f005ab53d27ae84fd84,TABELA REFERENCIAL OBRAS - DER-ES - 2026-01 - JAN/XLS/tab_DER-EDIFICAÇÕES_2026_01_servicos.xlsx!A394,2026-01,2026-02,m2,REVESTIMENTO DE PAREDES / ACABAMENTOS,True,False,84.54,84.54,84.54,88.41,,,False,False,1a7537f06fa9b2a1aff5982ae95ae6bf2ec16498e28430445e55584fbcce9a3c,validacao,False,False
der_es,sem_desoneracao,120241,"Cerâmica retificada, acabamento brilhante, dim. 32x60cm, ref. TRADIZIONALLE BIANCO Biancogres/equiv. assentado com argamassa de cimento colante, inclusive rejuntamento com argamassapre-fabricada para rejunte",REVESTIMENTO DE PAREDES / ACABAMENTOS,m2,9cc0879fde016776c6601d69c18a619000a84838bdd8ecd73c59d2f798988510,1a7537f06fa9b2a1aff5982ae95ae6bf2ec16498e28430445e55584fbcce9a3c,TABELA REFERENCIAL OBRAS - DER-ES - 2026-02 - FEV/XLS/tab_DER-EDIFICAÇÕES_2026_02_servicos.xlsx!A394,2026-02,2026-03,m2,REVESTIMENTO DE PAREDES / ACABAMENTOS,True,False,88.41,84.54,84.54,88.41,,,False,False,c9a408180051aaa4e38fe277afd37500d913d617b22cb55cd61158248094d761,teste,False,False
der_es,sem_desoneracao,120241,"Cerâmica retificada, acabamento brilhante, dim. 32x60cm, ref. TRADIZIONALLE BIANCO Biancogres/equiv. assentado com argamassa de cimento colante, inclusive rejuntamento com argamassapre-fabricada para rejunte",REVESTIMENTO DE PAREDES / ACABAMENTOS,m2,9cc0879fde016776c6601d69c18a619000a84838bdd8ecd73c59d2f798988510,c9a408180051aaa4e38fe277afd37500d913d617b22cb55cd61158248094d761,TABELA REFERENCIAL OBRAS - DER-ES - 2026-03 - MAR/XLS/tab_DER-EDIFICAÇÕES_2026_03_servicos.xlsx!A394,2026-03,2026-04,m2,REVESTIMENTO DE PAREDES / ACABAMENTOS,True,False,88.41,88.41,84.54,89.18,,,False,False,b07a6f7cd81d76e43925b8f994875b35e8468c5a37790367db80f72665fc0b2b,teste,False,False
der_es,sem_desoneracao,120241,"Cerâmica retificada, acabamento brilhante, dim. 32x60cm, ref. TRADIZIONALLE BIANCO Biancogres/equiv. assentado com argamassa de cimento colante, inclusive rejuntamento com argamassapre-fabricada para rejunte",REVESTIMENTO DE PAREDES / ACABAMENTOS,m2,9cc0879fde016776c6601d69c18a619000a84838bdd8ecd73c59d2f798988510,b07a6f7cd81d76e43925b8f994875b35e8468c5a37790367db80f72665fc0b2b,TABELA REFERENCIAL OBRAS - DER-ES - 2026-04 - ABR/XLS/tab_DER-EDIFICAÇÕES_2026_04_servicos.xlsx!A394,2026-04,2026-05,m2,REVESTIMENTO DE PAREDES / ACABAMENTOS,True,False,89.18,88.41,88.41,90.92,,,False,False,9d7efd575c10dc676bc49f5acb5630fa9b3cd2b98449be07612e1891e8d213f6,teste,False,False
der_es,sem_desoneracao,120301,"Emboço de argamassa de cimento, cal hidratada CH1 e areia média ou grossa lavada no traço 1:0.5:6, espessura 20 mm","REVESTIMENTO DE PAREDES / REVESTIMENTO EMPREGANDO ARGAMASSA DE CIMENTO, CAL E AREIA",m2,8c522e85972302031bb2e1b93dd51a26a48b46f7affcda58dc6c7f035214464e,2dd7e7c15552e8663b500f12008e09dc39c3816602e826e994d7dc8922d7ac8f,TABELA REFERENCIAL OBRAS - DER-ES - 2025-03 - MAR/XLS/tab_DER-EDIFICAÇσES_2025_03_servicos.xlsx!A396,2025-03,2025-04,m2,"REVESTIMENTO DE PAREDES / REVESTIMENTO EMPREGANDO ARGAMASSA DE CIMENTO, CAL E AREIA",True,False,35.56,35.56,35.48,35.86,,,False,False,d2087ecf8affe6feb21bd38f6045155bdc7d4b18356273e8e54c68d96e73dbd4,treino,False,False
der_es,sem_desoneracao,120301,"Emboço de argamassa de cimento, cal hidratada CH1 e areia média ou grossa lavada no traço 1:0.5:6, espessura 20 mm","REVESTIMENTO DE PAREDES / REVESTIMENTO EMPREGANDO ARGAMASSA DE CIMENTO, CAL E AREIA",m2,8c522e85972302031bb2e1b93dd51a26a48b46f7affcda58dc6c7f035214464e,d2087ecf8affe6feb21bd38f6045155bdc7d4b18356273e8e54c68d96e73dbd4,TABELA REFERENCIAL OBRAS - DER-ES - 2025-04 - ABR/XLS/tab_DER-EDIFICAÇσES_2025_04_servicos.xlsx!A397,2025-04,2025-05,m2,"REVESTIMENTO DE PAREDES / REVESTIMENTO EMPREGANDO ARGAMASSA DE CIMENTO, CAL E AREIA",True,False,35.86,35.56,35.56,38.45,,,False,False,2bf6c2c7e6a976b4518fe548f59e259ac8091a61f440b44f17701ff9a0f00926,treino,False,False
der_es,sem_desoneracao,120301,"Emboço de argamassa de cimento, cal hidratada CH1 e areia média ou grossa lavada no traço 1:0.5:6, espessura 20 mm","REVESTIMENTO DE PAREDES / REVESTIMENTO EMPREGANDO ARGAMASSA DE CIMENTO, CAL E AREIA",m2,8c522e85972302031bb2e1b93dd51a26a48b46f7affcda58dc6c7f035214464e,2bf6c2c7e6a976b4518fe548f59e259ac8091a61f440b44f17701ff9a0f00926,TABELA REFERENCIAL OBRAS - DER-ES - 2025-05 - MAI/XLS/tab_DER-EDIFICAÇσES_2025_05_servicos.xlsx!A398,2025-05,2025-06,m2,"REVESTIMENTO DE PAREDES / REVESTIMENTO EMPREGANDO ARGAMASSA DE CIMENTO, CAL E AREIA",True,False,38.45,35.86,35.56,38.54,,,False,False,22734abdbfefadc850a2608b6f454b5f7c18b5e3c19f87c396d85d1e76c75234,treino,False,False
der_es,sem_desoneracao,120301,"Emboço de argamassa de cimento, cal hidratada CH1 e areia média ou grossa lavada no traço 1:0.5:6, espessura 20 mm","REVESTIMENTO DE PAREDES / REVESTIMENTO EMPREGANDO ARGAMASSA DE CIMENTO, CAL E AREIA",m2,8c522e85972302031bb2e1b93dd51a26a48b46f7affcda58dc6c7f035214464e,22734abdbfefadc850a2608b6f454b5f7c18b5e3c19f87c396d85d1e76c75234,TABELA REFERENCIAL OBRAS - DER-ES - 2025-06 - JUN/XLS/tab_DER-EDIFICAÇÕES_2025_06_servicos.xlsx!A396,2025-06,2025-07,m2,"REVESTIMENTO DE PAREDES / REVESTIMENTO EMPREGANDO ARGAMASSA DE CIMENTO, CAL E AREIA",True,False,38.54,38.45,35.86,38.54,,,False,False,9f2d3bc52e35d3a9c0317f2bbd34359ce4b9eb726cfdad03719dc91ab8a6eb52,treino,False,False
der_es,sem_desoneracao,120301,"Emboço de argamassa de cimento, cal hidratada CH1 e areia média ou grossa lavada no traço 1:0.5:6, espessura 20 mm","REVESTIMENTO DE PAREDES / REVESTIMENTO EMPREGANDO ARGAMASSA DE CIMENTO, CAL E AREIA",m2,8c522e85972302031bb2e1b93dd51a26a48b46f7affcda58dc6c7f035214464e,9f2d3bc52e35d3a9c0317f2bbd34359ce4b9eb726cfdad03719dc91ab8a6eb52,TABELA REFERENCIAL OBRAS - DER-ES - 2025-07 - JUL/TABELA REFERENCIAL OBRAS - DER-ES - 2025-07 - JUL/XLS/tab_DER-EDIFICAÇÕES_2025_07_servicos.xlsx!A396,2025-07,2025-08,m2,"REVESTIMENTO DE PAREDES / REVESTIMENTO EMPREGANDO ARGAMASSA DE CIMENTO, CAL E AREIA",True,False,38.54,38.54,38.45,38.75,,,False,False,f4e1c72d0bc82c19d0327a48458bea46cf1a06c556062fe2206e7955be9a14b1,treino,False,False
der_es,sem_desoneracao,120301,"Emboço de argamassa de cimento, cal hidratada CH1 e areia média ou grossa lavada no traço 1:0.5:6, espessura 20 mm","REVESTIMENTO DE PAREDES / REVESTIMENTO EMPREGANDO ARGAMASSA DE CIMENTO, CAL E AREIA",m2,8c522e85972302031bb2e1b93dd51a26a48b46f7affcda58dc6c7f035214464e,f4e1c72d0bc82c19d0327a48458bea46cf1a06c556062fe2206e7955be9a14b1,TABELA REFERENCIAL OBRAS - DER-ES - 2025-08 - AGO/XLS/tab_DER-EDIFICAÇÕES_2025_08_servicos.xlsx!A396,2025-08,2025-09,m2,"REVESTIMENTO DE PAREDES / REVESTIMENTO EMPREGANDO ARGAMASSA DE CIMENTO, CAL E AREIA",True,False,38.75,38.54,38.54,38.75,,,False,False,7b1be34ee7d5dd82bcaeb75a32037ae0f2eea1e439205f05e57077b8a3567875,treino,False,False
der_es,sem_desoneracao,120301,"Emboço de argamassa de cimento, cal hidratada CH1 e areia média ou grossa lavada no traço 1:0.5:6, espessura 20 mm","REVESTIMENTO DE PAREDES / REVESTIMENTO EMPREGANDO ARGAMASSA DE CIMENTO, CAL E AREIA",m2,8c522e85972302031bb2e1b93dd51a26a48b46f7affcda58dc6c7f035214464e,7b1be34ee7d5dd82bcaeb75a32037ae0f2eea1e439205f05e57077b8a3567875,TABELA REFERENCIAL OBRAS - DER-ES - 2025-09 - SET/XLS/tab_DER-EDIFICAÇÕES_2025_09_servicos.xlsx!A396,2025-09,2025-10,m2,"REVESTIMENTO DE PAREDES / REVESTIMENTO EMPREGANDO ARGAMASSA DE CIMENTO, CAL E AREIA",True,False,38.75,38.75,38.54,38.71,,,False,False,25f27b5ef0ad1c6c63d22be1ab543e5a65d73aa17c4d0463109a84f7209c8fa3,treino,False,False
der_es,sem_desoneracao,120301,"Emboço de argamassa de cimento, cal hidratada CH1 e areia média ou grossa lavada no traço 1:0.5:6, espessura 20 mm","REVESTIMENTO DE PAREDES / REVESTIMENTO EMPREGANDO ARGAMASSA DE CIMENTO, CAL E AREIA",m2,8c522e85972302031bb2e1b93dd51a26a48b46f7affcda58dc6c7f035214464e,25f27b5ef0ad1c6c63d22be1ab543e5a65d73aa17c4d0463109a84f7209c8fa3,TABELA REFERENCIAL OBRAS - DER-ES - 2025-10 - OUT/XLS/tab_DER-EDIFICAÇÕES_2025_10_servicos.xlsx!A396,2025-10,2025-11,m2,"REVESTIMENTO DE PAREDES / REVESTIMENTO EMPREGANDO ARGAMASSA DE CIMENTO, CAL E AREIA",True,False,38.71,38.75,38.75,38.71,,,False,False,d856141d8d195b8bf3114dd64686b80db08318d557f9eb5f279d84fffec1a86e,treino,False,False
der_es,sem_desoneracao,120301,"Emboço de argamassa de cimento, cal hidratada CH1 e areia média ou grossa lavada no traço 1:0.5:6, espessura 20 mm","REVESTIMENTO DE PAREDES / REVESTIMENTO EMPREGANDO ARGAMASSA DE CIMENTO, CAL E AREIA",m2,8c522e85972302031bb2e1b93dd51a26a48b46f7affcda58dc6c7f035214464e,d856141d8d195b8bf3114dd64686b80db08318d557f9eb5f279d84fffec1a86e,TABELA REFERENCIAL OBRAS - DER-ES - 2025-11 - NOV/XLS/tab_DER-EDIFICAÇÕES_2025_11_servicos.xlsx!A396,2025-11,2025-12,m2,"REVESTIMENTO DE PAREDES / REVESTIMENTO EMPREGANDO ARGAMASSA DE CIMENTO, CAL E AREIA",True,False,38.71,38.71,38.75,38.85,,,False,False,cf2ae6d6af6081526a2c2c6a6446342c23099ac3a9c81f310e3a5da2680fb053,treino,False,False
der_es,sem_desoneracao,120301,"Emboço de argamassa de cimento, cal hidratada CH1 e areia média ou grossa lavada no traço 1:0.5:6, espessura 20 mm","REVESTIMENTO DE PAREDES / REVESTIMENTO EMPREGANDO ARGAMASSA DE CIMENTO, CAL E AREIA",m2,8c522e85972302031bb2e1b93dd51a26a48b46f7affcda58dc6c7f035214464e,cf2ae6d6af6081526a2c2c6a6446342c23099ac3a9c81f310e3a5da2680fb053,TABELA REFERENCIAL OBRAS - DER-ES - 2025-12 - DEZ/XLS/tab_DER-EDIFICAÇÕES_2025_12_servicos.xlsx!A396,2025-12,2026-01,m2,"REVESTIMENTO DE PAREDES / REVESTIMENTO EMPREGANDO ARGAMASSA DE CIMENTO, CAL E AREIA",True,False,38.85,38.71,38.71,38.85,,,False,False,4feebcbe8c47058cf57314347405d833cdfb5d2340951f005ab53d27ae84fd84,validacao,False,False
der_es,sem_desoneracao,120301,"Emboço de argamassa de cimento, cal hidratada CH1 e areia média ou grossa lavada no traço 1:0.5:6, espessura 20 mm","REVESTIMENTO DE PAREDES / REVESTIMENTO EMPREGANDO ARGAMASSA DE CIMENTO, CAL E AREIA",m2,8c522e85972302031bb2e1b93dd51a26a48b46f7affcda58dc6c7f035214464e,4feebcbe8c47058cf57314347405d833cdfb5d2340951f005ab53d27ae84fd84,TABELA REFERENCIAL OBRAS - DER-ES - 2026-01 - JAN/XLS/tab_DER-EDIFICAÇÕES_2026_01_servicos.xlsx!A396,2026-01,2026-02,m2,"REVESTIMENTO DE PAREDES / REVESTIMENTO EMPREGANDO ARGAMASSA DE CIMENTO, CAL E AREIA",True,False,38.85,38.85,38.71,38.67,,,False,False,1a7537f06fa9b2a1aff5982ae95ae6bf2ec16498e28430445e55584fbcce9a3c,validacao,False,False
der_es,sem_desoneracao,120301,"Emboço de argamassa de cimento, cal hidratada CH1 e areia média ou grossa lavada no traço 1:0.5:6, espessura 20 mm","REVESTIMENTO DE PAREDES / REVESTIMENTO EMPREGANDO ARGAMASSA DE CIMENTO, CAL E AREIA",m2,8c522e85972302031bb2e1b93dd51a26a48b46f7affcda58dc6c7f035214464e,1a7537f06fa9b2a1aff5982ae95ae6bf2ec16498e28430445e55584fbcce9a3c,TABELA REFERENCIAL OBRAS - DER-ES - 2026-02 - FEV/XLS/tab_DER-EDIFICAÇÕES_2026_02_servicos.xlsx!A396,2026-02,2026-03,m2,"REVESTIMENTO DE PAREDES / REVESTIMENTO EMPREGANDO ARGAMASSA DE CIMENTO, CAL E AREIA",True,False,38.67,38.85,38.85,38.67,,,False,False,c9a408180051aaa4e38fe277afd37500d913d617b22cb55cd61158248094d761,teste,False,False
der_es,sem_desoneracao,120301,"Emboço de argamassa de cimento, cal hidratada CH1 e areia média ou grossa lavada no traço 1:0.5:6, espessura 20 mm","REVESTIMENTO DE PAREDES / REVESTIMENTO EMPREGANDO ARGAMASSA DE CIMENTO, CAL E AREIA",m2,8c522e85972302031bb2e1b93dd51a26a48b46f7affcda58dc6c7f035214464e,c9a408180051aaa4e38fe277afd37500d913d617b22cb55cd61158248094d761,TABELA REFERENCIAL OBRAS - DER-ES - 2026-03 - MAR/XLS/tab_DER-EDIFICAÇÕES_2026_03_servicos.xlsx!A396,2026-03,2026-04,m2,"REVESTIMENTO DE PAREDES / REVESTIMENTO EMPREGANDO ARGAMASSA DE CIMENTO, CAL E AREIA",True,False,38.67,38.67,38.85,38.71,,,False,False,b07a6f7cd81d76e43925b8f994875b35e8468c5a37790367db80f72665fc0b2b,teste,False,False
der_es,sem_desoneracao,120301,"Emboço de argamassa de cimento, cal hidratada CH1 e areia média ou grossa lavada no traço 1:0.5:6, espessura 20 mm","REVESTIMENTO DE PAREDES / REVESTIMENTO EMPREGANDO ARGAMASSA DE CIMENTO, CAL E AREIA",m2,8c522e85972302031bb2e1b93dd51a26a48b46f7affcda58dc6c7f035214464e,b07a6f7cd81d76e43925b8f994875b35e8468c5a37790367db80f72665fc0b2b,TABELA REFERENCIAL OBRAS - DER-ES - 2026-04 - ABR/XLS/tab_DER-EDIFICAÇÕES_2026_04_servicos.xlsx!A396,2026-04,2026-05,m2,"REVESTIMENTO DE PAREDES / REVESTIMENTO EMPREGANDO ARGAMASSA DE CIMENTO, CAL E AREIA",True,False,38.71,38.67,38.67,40.92,,,False,False,9d7efd575c10dc676bc49f5acb5630fa9b3cd2b98449be07612e1891e8d213f6,teste,False,False
der_es,sem_desoneracao,120302,"Reboco de argamassa de cimento, cal hidratada CH1 e areia média ou grossa lavada no traço 1:0.5:6, espessura 5mm","REVESTIMENTO DE PAREDES / REVESTIMENTO EMPREGANDO ARGAMASSA DE CIMENTO, CAL E AREIA",m2,cdf6b5993269e9335fbc321d01dceea050877e4ff35eed6fb19f48c5c5902f0f,2dd7e7c15552e8663b500f12008e09dc39c3816602e826e994d7dc8922d7ac8f,TABELA REFERENCIAL OBRAS - DER-ES - 2025-03 - MAR/XLS/tab_DER-EDIFICAÇσES_2025_03_servicos.xlsx!A397,2025-03,2025-04,m2,"REVESTIMENTO DE PAREDES / REVESTIMENTO EMPREGANDO ARGAMASSA DE CIMENTO, CAL E AREIA",True,False,25.0,25.0,24.98,25.08,,,False,False,d2087ecf8affe6feb21bd38f6045155bdc7d4b18356273e8e54c68d96e73dbd4,treino,False,False
der_es,sem_desoneracao,120302,"Reboco de argamassa de cimento, cal hidratada CH1 e areia média ou grossa lavada no traço 1:0.5:6, espessura 5mm","REVESTIMENTO DE PAREDES / REVESTIMENTO EMPREGANDO ARGAMASSA DE CIMENTO, CAL E AREIA",m2,cdf6b5993269e9335fbc321d01dceea050877e4ff35eed6fb19f48c5c5902f0f,d2087ecf8affe6feb21bd38f6045155bdc7d4b18356273e8e54c68d96e73dbd4,TABELA REFERENCIAL OBRAS - DER-ES - 2025-04 - ABR/XLS/tab_DER-EDIFICAÇσES_2025_04_servicos.xlsx!A398,2025-04,2025-05,m2,"REVESTIMENTO DE PAREDES / REVESTIMENTO EMPREGANDO ARGAMASSA DE CIMENTO, CAL E AREIA",True,False,25.08,25.0,25.0,27.17,,,False,False,2bf6c2c7e6a976b4518fe548f59e259ac8091a61f440b44f17701ff9a0f00926,treino,False,False
der_es,sem_desoneracao,120302,"Reboco de argamassa de cimento, cal hidratada CH1 e areia média ou grossa lavada no traço 1:0.5:6, espessura 5mm","REVESTIMENTO DE PAREDES / REVESTIMENTO EMPREGANDO ARGAMASSA DE CIMENTO, CAL E AREIA",m2,cdf6b5993269e9335fbc321d01dceea050877e4ff35eed6fb19f48c5c5902f0f,2bf6c2c7e6a976b4518fe548f59e259ac8091a61f440b44f17701ff9a0f00926,TABELA REFERENCIAL OBRAS - DER-ES - 2025-05 - MAI/XLS/tab_DER-EDIFICAÇσES_2025_05_servicos.xlsx!A399,2025-05,2025-06,m2,"REVESTIMENTO DE PAREDES / REVESTIMENTO EMPREGANDO ARGAMASSA DE CIMENTO, CAL E AREIA",True,False,27.17,25.08,25.0,27.19,,,False,False,22734abdbfefadc850a2608b6f454b5f7c18b5e3c19f87c396d85d1e76c75234,treino,False,False
der_es,sem_desoneracao,120302,"Reboco de argamassa de cimento, cal hidratada CH1 e areia média ou grossa lavada no traço 1:0.5:6, espessura 5mm","REVESTIMENTO DE PAREDES / REVESTIMENTO EMPREGANDO ARGAMASSA DE CIMENTO, CAL E AREIA",m2,cdf6b5993269e9335fbc321d01dceea050877e4ff35eed6fb19f48c5c5902f0f,22734abdbfefadc850a2608b6f454b5f7c18b5e3c19f87c396d85d1e76c75234,TABELA REFERENCIAL OBRAS - DER-ES - 2025-06 - JUN/XLS/tab_DER-EDIFICAÇÕES_2025_06_servicos.xlsx!A397,2025-06,2025-07,m2,"REVESTIMENTO DE PAREDES / REVESTIMENTO EMPREGANDO ARGAMASSA DE CIMENTO, CAL E AREIA",True,False,27.19,27.17,25.08,27.19,,,False,False,9f2d3bc52e35d3a9c0317f2bbd34359ce4b9eb726cfdad03719dc91ab8a6eb52,treino,False,False
der_es,sem_desoneracao,120302,"Reboco de argamassa de cimento, cal hidratada CH1 e areia média ou grossa lavada no traço 1:0.5:6, espessura 5mm","REVESTIMENTO DE PAREDES / REVESTIMENTO EMPREGANDO ARGAMASSA DE CIMENTO, CAL E AREIA",m2,cdf6b5993269e9335fbc321d01dceea050877e4ff35eed6fb19f48c5c5902f0f,9f2d3bc52e35d3a9c0317f2bbd34359ce4b9eb726cfdad03719dc91ab8a6eb52,TABELA REFERENCIAL OBRAS - DER-ES - 2025-07 - JUL/TABELA REFERENCIAL OBRAS - DER-ES - 2025-07 - JUL/XLS/tab_DER-EDIFICAÇÕES_2025_07_servicos.xlsx!A397,2025-07,2025-08,m2,"REVESTIMENTO DE PAREDES / REVESTIMENTO EMPREGANDO ARGAMASSA DE CIMENTO, CAL E AREIA",True,False,27.19,27.19,27.17,27.25,,,False,False,f4e1c72d0bc82c19d0327a48458bea46cf1a06c556062fe2206e7955be9a14b1,treino,False,False
der_es,sem_desoneracao,120302,"Reboco de argamassa de cimento, cal hidratada CH1 e areia média ou grossa lavada no traço 1:0.5:6, espessura 5mm","REVESTIMENTO DE PAREDES / REVESTIMENTO EMPREGANDO ARGAMASSA DE CIMENTO, CAL E AREIA",m2,cdf6b5993269e9335fbc321d01dceea050877e4ff35eed6fb19f48c5c5902f0f,f4e1c72d0bc82c19d0327a48458bea46cf1a06c556062fe2206e7955be9a14b1,TABELA REFERENCIAL OBRAS - DER-ES - 2025-08 - AGO/XLS/tab_DER-EDIFICAÇÕES_2025_08_servicos.xlsx!A397,2025-08,2025-09,m2,"REVESTIMENTO DE PAREDES / REVESTIMENTO EMPREGANDO ARGAMASSA DE CIMENTO, CAL E AREIA",True,False,27.25,27.19,27.19,27.25,,,False,False,7b1be34ee7d5dd82bcaeb75a32037ae0f2eea1e439205f05e57077b8a3567875,treino,False,False
der_es,sem_desoneracao,120302,"Reboco de argamassa de cimento, cal hidratada CH1 e areia média ou grossa lavada no traço 1:0.5:6, espessura 5mm","REVESTIMENTO DE PAREDES / REVESTIMENTO EMPREGANDO ARGAMASSA DE CIMENTO, CAL E AREIA",m2,cdf6b5993269e9335fbc321d01dceea050877e4ff35eed6fb19f48c5c5902f0f,7b1be34ee7d5dd82bcaeb75a32037ae0f2eea1e439205f05e57077b8a3567875,TABELA REFERENCIAL OBRAS - DER-ES - 2025-09 - SET/XLS/tab_DER-EDIFICAÇÕES_2025_09_servicos.xlsx!A397,2025-09,2025-10,m2,"REVESTIMENTO DE PAREDES / REVESTIMENTO EMPREGANDO ARGAMASSA DE CIMENTO, CAL E AREIA",True,False,27.25,27.25,27.19,27.23,,,False,False,25f27b5ef0ad1c6c63d22be1ab543e5a65d73aa17c4d0463109a84f7209c8fa3,treino,False,False
der_es,sem_desoneracao,120302,"Reboco de argamassa de cimento, cal hidratada CH1 e areia média ou grossa lavada no traço 1:0.5:6, espessura 5mm","REVESTIMENTO DE PAREDES / REVESTIMENTO EMPREGANDO ARGAMASSA DE CIMENTO, CAL E AREIA",m2,cdf6b5993269e9335fbc321d01dceea050877e4ff35eed6fb19f48c5c5902f0f,25f27b5ef0ad1c6c63d22be1ab543e5a65d73aa17c4d0463109a84f7209c8fa3,TABELA REFERENCIAL OBRAS - DER-ES - 2025-10 - OUT/XLS/tab_DER-EDIFICAÇÕES_2025_10_servicos.xlsx!A397,2025-10,2025-11,m2,"REVESTIMENTO DE PAREDES / REVESTIMENTO EMPREGANDO ARGAMASSA DE CIMENTO, CAL E AREIA",True,False,27.23,27.25,27.25,27.23,,,False,False,d856141d8d195b8bf3114dd64686b80db08318d557f9eb5f279d84fffec1a86e,treino,False,False
der_es,sem_desoneracao,120302,"Reboco de argamassa de cimento, cal hidratada CH1 e areia média ou grossa lavada no traço 1:0.5:6, espessura 5mm","REVESTIMENTO DE PAREDES / REVESTIMENTO EMPREGANDO ARGAMASSA DE CIMENTO, CAL E AREIA",m2,cdf6b5993269e9335fbc321d01dceea050877e4ff35eed6fb19f48c5c5902f0f,d856141d8d195b8bf3114dd64686b80db08318d557f9eb5f279d84fffec1a86e,TABELA REFERENCIAL OBRAS - DER-ES - 2025-11 - NOV/XLS/tab_DER-EDIFICAÇÕES_2025_11_servicos.xlsx!A397,2025-11,2025-12,m2,"REVESTIMENTO DE PAREDES / REVESTIMENTO EMPREGANDO ARGAMASSA DE CIMENTO, CAL E AREIA",True,False,27.23,27.23,27.25,27.27,,,False,False,cf2ae6d6af6081526a2c2c6a6446342c23099ac3a9c81f310e3a5da2680fb053,treino,False,False
der_es,sem_desoneracao,120302,"Reboco de argamassa de cimento, cal hidratada CH1 e areia média ou grossa lavada no traço 1:0.5:6, espessura 5mm","REVESTIMENTO DE PAREDES / REVESTIMENTO EMPREGANDO ARGAMASSA DE CIMENTO, CAL E AREIA",m2,cdf6b5993269e9335fbc321d01dceea050877e4ff35eed6fb19f48c5c5902f0f,cf2ae6d6af6081526a2c2c6a6446342c23099ac3a9c81f310e3a5da2680fb053,TABELA REFERENCIAL OBRAS - DER-ES - 2025-12 - DEZ/XLS/tab_DER-EDIFICAÇÕES_2025_12_servicos.xlsx!A397,2025-12,2026-01,m2,"REVESTIMENTO DE PAREDES / REVESTIMENTO EMPREGANDO ARGAMASSA DE CIMENTO, CAL E AREIA",True,False,27.27,27.23,27.23,27.27,,,False,False,4feebcbe8c47058cf57314347405d833cdfb5d2340951f005ab53d27ae84fd84,validacao,False,False
der_es,sem_desoneracao,120302,"Reboco de argamassa de cimento, cal hidratada CH1 e areia média ou grossa lavada no traço 1:0.5:6, espessura 5mm","REVESTIMENTO DE PAREDES / REVESTIMENTO EMPREGANDO ARGAMASSA DE CIMENTO, CAL E AREIA",m2,cdf6b5993269e9335fbc321d01dceea050877e4ff35eed6fb19f48c5c5902f0f,4feebcbe8c47058cf57314347405d833cdfb5d2340951f005ab53d27ae84fd84,TABELA REFERENCIAL OBRAS - DER-ES - 2026-01 - JAN/XLS/tab_DER-EDIFICAÇÕES_2026_01_servicos.xlsx!A397,2026-01,2026-02,m2,"REVESTIMENTO DE PAREDES / REVESTIMENTO EMPREGANDO ARGAMASSA DE CIMENTO, CAL E AREIA",True,False,27.27,27.27,27.23,27.22,,,False,False,1a7537f06fa9b2a1aff5982ae95ae6bf2ec16498e28430445e55584fbcce9a3c,validacao,False,False
der_es,sem_desoneracao,120302,"Reboco de argamassa de cimento, cal hidratada CH1 e areia média ou grossa lavada no traço 1:0.5:6, espessura 5mm","REVESTIMENTO DE PAREDES / REVESTIMENTO EMPREGANDO ARGAMASSA DE CIMENTO, CAL E AREIA",m2,cdf6b5993269e9335fbc321d01dceea050877e4ff35eed6fb19f48c5c5902f0f,1a7537f06fa9b2a1aff5982ae95ae6bf2ec16498e28430445e55584fbcce9a3c,TABELA REFERENCIAL OBRAS - DER-ES - 2026-02 - FEV/XLS/tab_DER-EDIFICAÇÕES_2026_02_servicos.xlsx!A397,2026-02,2026-03,m2,"REVESTIMENTO DE PAREDES / REVESTIMENTO EMPREGANDO ARGAMASSA DE CIMENTO, CAL E AREIA",True,False,27.22,27.27,27.27,27.22,,,False,False,c9a408180051aaa4e38fe277afd37500d913d617b22cb55cd61158248094d761,teste,False,False
der_es,sem_desoneracao,120302,"Reboco de argamassa de cimento, cal hidratada CH1 e areia média ou grossa lavada no traço 1:0.5:6, espessura 5mm","REVESTIMENTO DE PAREDES / REVESTIMENTO EMPREGANDO ARGAMASSA DE CIMENTO, CAL E AREIA",m2,cdf6b5993269e9335fbc321d01dceea050877e4ff35eed6fb19f48c5c5902f0f,c9a408180051aaa4e38fe277afd37500d913d617b22cb55cd61158248094d761,TABELA REFERENCIAL OBRAS - DER-ES - 2026-03 - MAR/XLS/tab_DER-EDIFICAÇÕES_2026_03_servicos.xlsx!A397,2026-03,2026-04,m2,"REVESTIMENTO DE PAREDES / REVESTIMENTO EMPREGANDO ARGAMASSA DE CIMENTO, CAL E AREIA",True,False,27.22,27.22,27.27,27.23,,,False,False,b07a6f7cd81d76e43925b8f994875b35e8468c5a37790367db80f72665fc0b2b,teste,False,False
der_es,sem_desoneracao,120302,"Reboco de argamassa de cimento, cal hidratada CH1 e areia média ou grossa lavada no traço 1:0.5:6, espessura 5mm","REVESTIMENTO DE PAREDES / REVESTIMENTO EMPREGANDO ARGAMASSA DE CIMENTO, CAL E AREIA",m2,cdf6b5993269e9335fbc321d01dceea050877e4ff35eed6fb19f48c5c5902f0f,b07a6f7cd81d76e43925b8f994875b35e8468c5a37790367db80f72665fc0b2b,TABELA REFERENCIAL OBRAS - DER-ES - 2026-04 - ABR/XLS/tab_DER-EDIFICAÇÕES_2026_04_servicos.xlsx!A397,2026-04,2026-05,m2,"REVESTIMENTO DE PAREDES / REVESTIMENTO EMPREGANDO ARGAMASSA DE CIMENTO, CAL E AREIA",True,False,27.23,27.22,27.22,29.03,,,False,False,9d7efd575c10dc676bc49f5acb5630fa9b3cd2b98449be07612e1891e8d213f6,teste,False,False
der_es,sem_desoneracao,120303,"Reboco tipo paulista de argamassa de cimento, cal hidratada CH1 e areia média ou grossa lavada no traço 1:0.5:6, espessura 25 mm","REVESTIMENTO DE PAREDES / REVESTIMENTO EMPREGANDO ARGAMASSA DE CIMENTO, CAL E AREIA",m2,bd29d4f3bd7433c2c014fe33aaae91f10ebd7f460f7631a247cd8459c61bb8b2,2dd7e7c15552e8663b500f12008e09dc39c3816602e826e994d7dc8922d7ac8f,TABELA REFERENCIAL OBRAS - DER-ES - 2025-03 - MAR/XLS/tab_DER-EDIFICAÇσES_2025_03_servicos.xlsx!A398,2025-03,2025-04,m2,"REVESTIMENTO DE PAREDES / REVESTIMENTO EMPREGANDO ARGAMASSA DE CIMENTO, CAL E AREIA",True,False,60.67,60.67,60.58,61.04,,,False,False,d2087ecf8affe6feb21bd38f6045155bdc7d4b18356273e8e54c68d96e73dbd4,treino,False,False
der_es,sem_desoneracao,120303,"Reboco tipo paulista de argamassa de cimento, cal hidratada CH1 e areia média ou grossa lavada no traço 1:0.5:6, espessura 25 mm","REVESTIMENTO DE PAREDES / REVESTIMENTO EMPREGANDO ARGAMASSA DE CIMENTO, CAL E AREIA",m2,bd29d4f3bd7433c2c014fe33aaae91f10ebd7f460f7631a247cd8459c61bb8b2,d2087ecf8affe6feb21bd38f6045155bdc7d4b18356273e8e54c68d96e73dbd4,TABELA REFERENCIAL OBRAS - DER-ES - 2025-04 - ABR/XLS/tab_DER-EDIFICAÇσES_2025_04_servicos.xlsx!A399,2025-04,2025-05,m2,"REVESTIMENTO DE PAREDES / REVESTIMENTO EMPREGANDO ARGAMASSA DE CIMENTO, CAL E AREIA",True,False,61.04,60.67,60.67,65.69,,,False,False,2bf6c2c7e6a976b4518fe548f59e259ac8091a61f440b44f17701ff9a0f00926,treino,False,False
der_es,sem_desoneracao,120303,"Reboco tipo paulista de argamassa de cimento, cal hidratada CH1 e areia média ou grossa lavada no traço 1:0.5:6, espessura 25 mm","REVESTIMENTO DE PAREDES / REVESTIMENTO EMPREGANDO ARGAMASSA DE CIMENTO, CAL E AREIA",m2,bd29d4f3bd7433c2c014fe33aaae91f10ebd7f460f7631a247cd8459c61bb8b2,2bf6c2c7e6a976b4518fe548f59e259ac8091a61f440b44f17701ff9a0f00926,TABELA REFERENCIAL OBRAS - DER-ES - 2025-05 - MAI/XLS/tab_DER-EDIFICAÇσES_2025_05_servicos.xlsx!A400,2025-05,2025-06,m2,"REVESTIMENTO DE PAREDES / REVESTIMENTO EMPREGANDO ARGAMASSA DE CIMENTO, CAL E AREIA",True,False,65.69,61.04,60.67,65.8,,,False,False,22734abdbfefadc850a2608b6f454b5f7c18b5e3c19f87c396d85d1e76c75234,treino,False,False
der_es,sem_desoneracao,120303,"Reboco tipo paulista de argamassa de cimento, cal hidratada CH1 e areia média ou grossa lavada no traço 1:0.5:6, espessura 25 mm","REVESTIMENTO DE PAREDES / REVESTIMENTO EMPREGANDO ARGAMASSA DE CIMENTO, CAL E AREIA",m2,bd29d4f3bd7433c2c014fe33aaae91f10ebd7f460f7631a247cd8459c61bb8b2,22734abdbfefadc850a2608b6f454b5f7c18b5e3c19f87c396d85d1e76c75234,TABELA REFERENCIAL OBRAS - DER-ES - 2025-06 - JUN/XLS/tab_DER-EDIFICAÇÕES_2025_06_servicos.xlsx!A398,2025-06,2025-07,m2,"REVESTIMENTO DE PAREDES / REVESTIMENTO EMPREGANDO ARGAMASSA DE CIMENTO, CAL E AREIA",True,False,65.8,65.69,61.04,65.8,,,False,False,9f2d3bc52e35d3a9c0317f2bbd34359ce4b9eb726cfdad03719dc91ab8a6eb52,treino,False,False
der_es,sem_desoneracao,120303,"Reboco tipo paulista de argamassa de cimento, cal hidratada CH1 e areia média ou grossa lavada no traço 1:0.5:6, espessura 25 mm","REVESTIMENTO DE PAREDES / REVESTIMENTO EMPREGANDO ARGAMASSA DE CIMENTO, CAL E AREIA",m2,bd29d4f3bd7433c2c014fe33aaae91f10ebd7f460f7631a247cd8459c61bb8b2,9f2d3bc52e35d3a9c0317f2bbd34359ce4b9eb726cfdad03719dc91ab8a6eb52,TABELA REFERENCIAL OBRAS - DER-ES - 2025-07 - JUL/TABELA REFERENCIAL OBRAS - DER-ES - 2025-07 - JUL/XLS/tab_DER-EDIFICAÇÕES_2025_07_servicos.xlsx!A398,2025-07,2025-08,m2,"REVESTIMENTO DE PAREDES / REVESTIMENTO EMPREGANDO ARGAMASSA DE CIMENTO, CAL E AREIA",True,False,65.8,65.8,65.69,66.06,,,False,False,f4e1c72d0bc82c19d0327a48458bea46cf1a06c556062fe2206e7955be9a14b1,treino,False,False
der_es,sem_desoneracao,120303,"Reboco tipo paulista de argamassa de cimento, cal hidratada CH1 e areia média ou grossa lavada no traço 1:0.5:6, espessura 25 mm","REVESTIMENTO DE PAREDES / REVESTIMENTO EMPREGANDO ARGAMASSA DE CIMENTO, CAL E AREIA",m2,bd29d4f3bd7433c2c014fe33aaae91f10ebd7f460f7631a247cd8459c61bb8b2,f4e1c72d0bc82c19d0327a48458bea46cf1a06c556062fe2206e7955be9a14b1,TABELA REFERENCIAL OBRAS - DER-ES - 2025-08 - AGO/XLS/tab_DER-EDIFICAÇÕES_2025_08_servicos.xlsx!A398,2025-08,2025-09,m2,"REVESTIMENTO DE PAREDES / REVESTIMENTO EMPREGANDO ARGAMASSA DE CIMENTO, CAL E AREIA",True,False,66.06,65.8,65.8,66.06,,,False,False,7b1be34ee7d5dd82bcaeb75a32037ae0f2eea1e439205f05e57077b8a3567875,treino,False,False
der_es,sem_desoneracao,120303,"Reboco tipo paulista de argamassa de cimento, cal hidratada CH1 e areia média ou grossa lavada no traço 1:0.5:6, espessura 25 mm","REVESTIMENTO DE PAREDES / REVESTIMENTO EMPREGANDO ARGAMASSA DE CIMENTO, CAL E AREIA",m2,bd29d4f3bd7433c2c014fe33aaae91f10ebd7f460f7631a247cd8459c61bb8b2,7b1be34ee7d5dd82bcaeb75a32037ae0f2eea1e439205f05e57077b8a3567875,TABELA REFERENCIAL OBRAS - DER-ES - 2025-09 - SET/XLS/tab_DER-EDIFICAÇÕES_2025_09_servicos.xlsx!A398,2025-09,2025-10,m2,"REVESTIMENTO DE PAREDES / REVESTIMENTO EMPREGANDO ARGAMASSA DE CIMENTO, CAL E AREIA",True,False,66.06,66.06,65.8,66.01,,,False,False,25f27b5ef0ad1c6c63d22be1ab543e5a65d73aa17c4d0463109a84f7209c8fa3,treino,False,False
der_es,sem_desoneracao,120303,"Reboco tipo paulista de argamassa de cimento, cal hidratada CH1 e areia média ou grossa lavada no traço 1:0.5:6, espessura 25 mm","REVESTIMENTO DE PAREDES / REVESTIMENTO EMPREGANDO ARGAMASSA DE CIMENTO, CAL E AREIA",m2,bd29d4f3bd7433c2c014fe33aaae91f10ebd7f460f7631a247cd8459c61bb8b2,25f27b5ef0ad1c6c63d22be1ab543e5a65d73aa17c4d0463109a84f7209c8fa3,TABELA REFERENCIAL OBRAS - DER-ES - 2025-10 - OUT/XLS/tab_DER-EDIFICAÇÕES_2025_10_servicos.xlsx!A398,2025-10,2025-11,m2,"REVESTIMENTO DE PAREDES / REVESTIMENTO EMPREGANDO ARGAMASSA DE CIMENTO, CAL E AREIA",True,False,66.01,66.06,66.06,66.01,,,False,False,d856141d8d195b8bf3114dd64686b80db08318d557f9eb5f279d84fffec1a86e,treino,False,False
der_es,sem_desoneracao,120303,"Reboco tipo paulista de argamassa de cimento, cal hidratada CH1 e areia média ou grossa lavada no traço 1:0.5:6, espessura 25 mm","REVESTIMENTO DE PAREDES / REVESTIMENTO EMPREGANDO ARGAMASSA DE CIMENTO, CAL E AREIA",m2,bd29d4f3bd7433c2c014fe33aaae91f10ebd7f460f7631a247cd8459c61bb8b2,d856141d8d195b8bf3114dd64686b80db08318d557f9eb5f279d84fffec1a86e,TABELA REFERENCIAL OBRAS - DER-ES - 2025-11 - NOV/XLS/tab_DER-EDIFICAÇÕES_2025_11_servicos.xlsx!A398,2025-11,2025-12,m2,"REVESTIMENTO DE PAREDES / REVESTIMENTO EMPREGANDO ARGAMASSA DE CIMENTO, CAL E AREIA",True,False,66.01,66.01,66.06,66.18,,,False,False,cf2ae6d6af6081526a2c2c6a6446342c23099ac3a9c81f310e3a5da2680fb053,treino,False,False
der_es,sem_desoneracao,120303,"Reboco tipo paulista de argamassa de cimento, cal hidratada CH1 e areia média ou grossa lavada no traço 1:0.5:6, espessura 25 mm","REVESTIMENTO DE PAREDES / REVESTIMENTO EMPREGANDO ARGAMASSA DE CIMENTO, CAL E AREIA",m2,bd29d4f3bd7433c2c014fe33aaae91f10ebd7f460f7631a247cd8459c61bb8b2,cf2ae6d6af6081526a2c2c6a6446342c23099ac3a9c81f310e3a5da2680fb053,TABELA REFERENCIAL OBRAS - DER-ES - 2025-12 - DEZ/XLS/tab_DER-EDIFICAÇÕES_2025_12_servicos.xlsx!A398,2025-12,2026-01,m2,"REVESTIMENTO DE PAREDES / REVESTIMENTO EMPREGANDO ARGAMASSA DE CIMENTO, CAL E AREIA",True,False,66.18,66.01,66.01,66.18,,,False,False,4feebcbe8c47058cf57314347405d833cdfb5d2340951f005ab53d27ae84fd84,validacao,False,False
der_es,sem_desoneracao,120303,"Reboco tipo paulista de argamassa de cimento, cal hidratada CH1 e areia média ou grossa lavada no traço 1:0.5:6, espessura 25 mm","REVESTIMENTO DE PAREDES / REVESTIMENTO EMPREGANDO ARGAMASSA DE CIMENTO, CAL E AREIA",m2,bd29d4f3bd7433c2c014fe33aaae91f10ebd7f460f7631a247cd8459c61bb8b2,4feebcbe8c47058cf57314347405d833cdfb5d2340951f005ab53d27ae84fd84,TABELA REFERENCIAL OBRAS - DER-ES - 2026-01 - JAN/XLS/tab_DER-EDIFICAÇÕES_2026_01_servicos.xlsx!A398,2026-01,2026-02,m2,"REVESTIMENTO DE PAREDES / REVESTIMENTO EMPREGANDO ARGAMASSA DE CIMENTO, CAL E AREIA",True,False,66.18,66.18,66.01,65.96,,,False,False,1a7537f06fa9b2a1aff5982ae95ae6bf2ec16498e28430445e55584fbcce9a3c,validacao,False,False
der_es,sem_desoneracao,120303,"Reboco tipo paulista de argamassa de cimento, cal hidratada CH1 e areia média ou grossa lavada no traço 1:0.5:6, espessura 25 mm","REVESTIMENTO DE PAREDES / REVESTIMENTO EMPREGANDO ARGAMASSA DE CIMENTO, CAL E AREIA",m2,bd29d4f3bd7433c2c014fe33aaae91f10ebd7f460f7631a247cd8459c61bb8b2,1a7537f06fa9b2a1aff5982ae95ae6bf2ec16498e28430445e55584fbcce9a3c,TABELA REFERENCIAL OBRAS - DER-ES - 2026-02 - FEV/XLS/tab_DER-EDIFICAÇÕES_2026_02_servicos.xlsx!A398,2026-02,2026-03,m2,"REVESTIMENTO DE PAREDES / REVESTIMENTO EMPREGANDO ARGAMASSA DE CIMENTO, CAL E AREIA",True,False,65.96,66.18,66.18,65.96,,,False,False,c9a408180051aaa4e38fe277afd37500d913d617b22cb55cd61158248094d761,teste,False,False
der_es,sem_desoneracao,120303,"Reboco tipo paulista de argamassa de cimento, cal hidratada CH1 e areia média ou grossa lavada no traço 1:0.5:6, espessura 25 mm","REVESTIMENTO DE PAREDES / REVESTIMENTO EMPREGANDO ARGAMASSA DE CIMENTO, CAL E AREIA",m2,bd29d4f3bd7433c2c014fe33aaae91f10ebd7f460f7631a247cd8459c61bb8b2,c9a408180051aaa4e38fe277afd37500d913d617b22cb55cd61158248094d761,TABELA REFERENCIAL OBRAS - DER-ES - 2026-03 - MAR/XLS/tab_DER-EDIFICAÇÕES_2026_03_servicos.xlsx!A398,2026-03,2026-04,m2,"REVESTIMENTO DE PAREDES / REVESTIMENTO EMPREGANDO ARGAMASSA DE CIMENTO, CAL E AREIA",True,False,65.96,65.96,66.18,66.01,,,False,False,b07a6f7cd81d76e43925b8f994875b35e8468c5a37790367db80f72665fc0b2b,teste,False,False
der_es,sem_desoneracao,120303,"Reboco tipo paulista de argamassa de cimento, cal hidratada CH1 e areia média ou grossa lavada no traço 1:0.5:6, espessura 25 mm","REVESTIMENTO DE PAREDES / REVESTIMENTO EMPREGANDO ARGAMASSA DE CIMENTO, CAL E AREIA",m2,bd29d4f3bd7433c2c014fe33aaae91f10ebd7f460f7631a247cd8459c61bb8b2,b07a6f7cd81d76e43925b8f994875b35e8468c5a37790367db80f72665fc0b2b,TABELA REFERENCIAL OBRAS - DER-ES - 2026-04 - ABR/XLS/tab_DER-EDIFICAÇÕES_2026_04_servicos.xlsx!A398,2026-04,2026-05,m2,"REVESTIMENTO DE PAREDES / REVESTIMENTO EMPREGANDO ARGAMASSA DE CIMENTO, CAL E AREIA",True,False,66.01,65.96,65.96,70.02,,,False,False,9d7efd575c10dc676bc49f5acb5630fa9b3cd2b98449be07612e1891e8d213f6,teste,False,False
der_es,sem_desoneracao,120304,"Reboco de argamassa de cimento, cal hidratada CH1 e areia média ou grossa lavada no traço 1:0.5:6, com impermeabilizante para revestimentos (caixas, fossas, filtros, cisternas, etc...)","REVESTIMENTO DE PAREDES / REVESTIMENTO EMPREGANDO ARGAMASSA DE CIMENTO, CAL E AREIA",m2,00ebf3d3830ba5d4d838131bc88f627fb7305728c856cfbe8998517f79c76fae,2dd7e7c15552e8663b500f12008e09dc39c3816602e826e994d7dc8922d7ac8f,TABELA REFERENCIAL OBRAS - DER-ES - 2025-03 - MAR/XLS/tab_DER-EDIFICAÇσES_2025_03_servicos.xlsx!A399,2025-03,2025-04,m2,"REVESTIMENTO DE PAREDES / REVESTIMENTO EMPREGANDO ARGAMASSA DE CIMENTO, CAL E AREIA",True,False,66.48,66.48,66.83,66.85,,,False,False,d2087ecf8affe6feb21bd38f6045155bdc7d4b18356273e8e54c68d96e73dbd4,treino,False,False
der_es,sem_desoneracao,120304,"Reboco de argamassa de cimento, cal hidratada CH1 e areia média ou grossa lavada no traço 1:0.5:6, com impermeabilizante para revestimentos (caixas, fossas, filtros, cisternas, etc...)","REVESTIMENTO DE PAREDES / REVESTIMENTO EMPREGANDO ARGAMASSA DE CIMENTO, CAL E AREIA",m2,00ebf3d3830ba5d4d838131bc88f627fb7305728c856cfbe8998517f79c76fae,d2087ecf8affe6feb21bd38f6045155bdc7d4b18356273e8e54c68d96e73dbd4,TABELA REFERENCIAL OBRAS - DER-ES - 2025-04 - ABR/XLS/tab_DER-EDIFICAÇσES_2025_04_servicos.xlsx!A400,2025-04,2025-05,m2,"REVESTIMENTO DE PAREDES / REVESTIMENTO EMPREGANDO ARGAMASSA DE CIMENTO, CAL E AREIA",True,False,66.85,66.48,66.48,71.69,,,False,False,2bf6c2c7e6a976b4518fe548f59e259ac8091a61f440b44f17701ff9a0f00926,treino,False,False
der_es,sem_desoneracao,120304,"Reboco de argamassa de cimento, cal hidratada CH1 e areia média ou grossa lavada no traço 1:0.5:6, com impermeabilizante para revestimentos (caixas, fossas, filtros, cisternas, etc...)","REVESTIMENTO DE PAREDES / REVESTIMENTO EMPREGANDO ARGAMASSA DE CIMENTO, CAL E AREIA",m2,00ebf3d3830ba5d4d838131bc88f627fb7305728c856cfbe8998517f79c76fae,2bf6c2c7e6a976b4518fe548f59e259ac8091a61f440b44f17701ff9a0f00926,TABELA REFERENCIAL OBRAS - DER-ES - 2025-05 - MAI/XLS/tab_DER-EDIFICAÇσES_2025_05_servicos.xlsx!A401,2025-05,2025-06,m2,"REVESTIMENTO DE PAREDES / REVESTIMENTO EMPREGANDO ARGAMASSA DE CIMENTO, CAL E AREIA",True,False,71.69,66.85,66.48,72.1,,,False,False,22734abdbfefadc850a2608b6f454b5f7c18b5e3c19f87c396d85d1e76c75234,treino,False,False
der_es,sem_desoneracao,120304,"Reboco de argamassa de cimento, cal hidratada CH1 e areia média ou grossa lavada no traço 1:0.5:6, com impermeabilizante para revestimentos (caixas, fossas, filtros, cisternas, etc...)","REVESTIMENTO DE PAREDES / REVESTIMENTO EMPREGANDO ARGAMASSA DE CIMENTO, CAL E AREIA",m2,00ebf3d3830ba5d4d838131bc88f627fb7305728c856cfbe8998517f79c76fae,22734abdbfefadc850a2608b6f454b5f7c18b5e3c19f87c396d85d1e76c75234,TABELA REFERENCIAL OBRAS - DER-ES - 2025-06 - JUN/XLS/tab_DER-EDIFICAÇÕES_2025_06_servicos.xlsx!A399,2025-06,2025-07,m2,"REVESTIMENTO DE PAREDES / REVESTIMENTO EMPREGANDO ARGAMASSA DE CIMENTO, CAL E AREIA",True,False,72.1,71.69,66.85,72.1,,,False,False,9f2d3bc52e35d3a9c0317f2bbd34359ce4b9eb726cfdad03719dc91ab8a6eb52,treino,False,False
der_es,sem_desoneracao,120304,"Reboco de argamassa de cimento, cal hidratada CH1 e areia média ou grossa lavada no traço 1:0.5:6, com impermeabilizante para revestimentos (caixas, fossas, filtros, cisternas, etc...)","REVESTIMENTO DE PAREDES / REVESTIMENTO EMPREGANDO ARGAMASSA DE CIMENTO, CAL E AREIA",m2,00ebf3d3830ba5d4d838131bc88f627fb7305728c856cfbe8998517f79c76fae,9f2d3bc52e35d3a9c0317f2bbd34359ce4b9eb726cfdad03719dc91ab8a6eb52,TABELA REFERENCIAL OBRAS - DER-ES - 2025-07 - JUL/TABELA REFERENCIAL OBRAS - DER-ES - 2025-07 - JUL/XLS/tab_DER-EDIFICAÇÕES_2025_07_servicos.xlsx!A399,2025-07,2025-08,m2,"REVESTIMENTO DE PAREDES / REVESTIMENTO EMPREGANDO ARGAMASSA DE CIMENTO, CAL E AREIA",True,False,72.1,72.1,71.69,72.36,,,False,False,f4e1c72d0bc82c19d0327a48458bea46cf1a06c556062fe2206e7955be9a14b1,treino,False,False
der_es,sem_desoneracao,120304,"Reboco de argamassa de cimento, cal hidratada CH1 e areia média ou grossa lavada no traço 1:0.5:6, com impermeabilizante para revestimentos (caixas, fossas, filtros, cisternas, etc...)","REVESTIMENTO DE PAREDES / REVESTIMENTO EMPREGANDO ARGAMASSA DE CIMENTO, CAL E AREIA",m2,00ebf3d3830ba5d4d838131bc88f627fb7305728c856cfbe8998517f79c76fae,f4e1c72d0bc82c19d0327a48458bea46cf1a06c556062fe2206e7955be9a14b1,TABELA REFERENCIAL OBRAS - DER-ES - 2025-08 - AGO/XLS/tab_DER-EDIFICAÇÕES_2025_08_servicos.xlsx!A399,2025-08,2025-09,m2,"REVESTIMENTO DE PAREDES / REVESTIMENTO EMPREGANDO ARGAMASSA DE CIMENTO, CAL E AREIA",True,False,72.36,72.1,72.1,72.36,,,False,False,7b1be34ee7d5dd82bcaeb75a32037ae0f2eea1e439205f05e57077b8a3567875,treino,False,False
der_es,sem_desoneracao,120304,"Reboco de argamassa de cimento, cal hidratada CH1 e areia média ou grossa lavada no traço 1:0.5:6, com impermeabilizante para revestimentos (caixas, fossas, filtros, cisternas, etc...)","REVESTIMENTO DE PAREDES / REVESTIMENTO EMPREGANDO ARGAMASSA DE CIMENTO, CAL E AREIA",m2,00ebf3d3830ba5d4d838131bc88f627fb7305728c856cfbe8998517f79c76fae,7b1be34ee7d5dd82bcaeb75a32037ae0f2eea1e439205f05e57077b8a3567875,TABELA REFERENCIAL OBRAS - DER-ES - 2025-09 - SET/XLS/tab_DER-EDIFICAÇÕES_2025_09_servicos.xlsx!A399,2025-09,2025-10,m2,"REVESTIMENTO DE PAREDES / REVESTIMENTO EMPREGANDO ARGAMASSA DE CIMENTO, CAL E AREIA",True,False,72.36,72.36,72.1,71.85,,,False,False,25f27b5ef0ad1c6c63d22be1ab543e5a65d73aa17c4d0463109a84f7209c8fa3,treino,False,False
der_es,sem_desoneracao,120304,"Reboco de argamassa de cimento, cal hidratada CH1 e areia média ou grossa lavada no traço 1:0.5:6, com impermeabilizante para revestimentos (caixas, fossas, filtros, cisternas, etc...)","REVESTIMENTO DE PAREDES / REVESTIMENTO EMPREGANDO ARGAMASSA DE CIMENTO, CAL E AREIA",m2,00ebf3d3830ba5d4d838131bc88f627fb7305728c856cfbe8998517f79c76fae,25f27b5ef0ad1c6c63d22be1ab543e5a65d73aa17c4d0463109a84f7209c8fa3,TABELA REFERENCIAL OBRAS - DER-ES - 2025-10 - OUT/XLS/tab_DER-EDIFICAÇÕES_2025_10_servicos.xlsx!A399,2025-10,2025-11,m2,"REVESTIMENTO DE PAREDES / REVESTIMENTO EMPREGANDO ARGAMASSA DE CIMENTO, CAL E AREIA",True,False,71.85,72.36,72.36,71.85,,,False,False,d856141d8d195b8bf3114dd64686b80db08318d557f9eb5f279d84fffec1a86e,treino,False,False
der_es,sem_desoneracao,120304,"Reboco de argamassa de cimento, cal hidratada CH1 e areia média ou grossa lavada no traço 1:0.5:6, com impermeabilizante para revestimentos (caixas, fossas, filtros, cisternas, etc...)","REVESTIMENTO DE PAREDES / REVESTIMENTO EMPREGANDO ARGAMASSA DE CIMENTO, CAL E AREIA",m2,00ebf3d3830ba5d4d838131bc88f627fb7305728c856cfbe8998517f79c76fae,d856141d8d195b8bf3114dd64686b80db08318d557f9eb5f279d84fffec1a86e,TABELA REFERENCIAL OBRAS - DER-ES - 2025-11 - NOV/XLS/tab_DER-EDIFICAÇÕES_2025_11_servicos.xlsx!A399,2025-11,2025-12,m2,"REVESTIMENTO DE PAREDES / REVESTIMENTO EMPREGANDO ARGAMASSA DE CIMENTO, CAL E AREIA",True,False,71.85,71.85,72.36,72.02,,,False,False,cf2ae6d6af6081526a2c2c6a6446342c23099ac3a9c81f310e3a5da2680fb053,treino,False,False
der_es,sem_desoneracao,120304,"Reboco de argamassa de cimento, cal hidratada CH1 e areia média ou grossa lavada no traço 1:0.5:6, com impermeabilizante para revestimentos (caixas, fossas, filtros, cisternas, etc...)","REVESTIMENTO DE PAREDES / REVESTIMENTO EMPREGANDO ARGAMASSA DE CIMENTO, CAL E AREIA",m2,00ebf3d3830ba5d4d838131bc88f627fb7305728c856cfbe8998517f79c76fae,cf2ae6d6af6081526a2c2c6a6446342c23099ac3a9c81f310e3a5da2680fb053,TABELA REFERENCIAL OBRAS - DER-ES - 2025-12 - DEZ/XLS/tab_DER-EDIFICAÇÕES_2025_12_servicos.xlsx!A399,2025-12,2026-01,m2,"REVESTIMENTO DE PAREDES / REVESTIMENTO EMPREGANDO ARGAMASSA DE CIMENTO, CAL E AREIA",True,False,72.02,71.85,71.85,72.02,,,False,False,4feebcbe8c47058cf57314347405d833cdfb5d2340951f005ab53d27ae84fd84,validacao,False,False
der_es,sem_desoneracao,120304,"Reboco de argamassa de cimento, cal hidratada CH1 e areia média ou grossa lavada no traço 1:0.5:6, com impermeabilizante para revestimentos (caixas, fossas, filtros, cisternas, etc...)","REVESTIMENTO DE PAREDES / REVESTIMENTO EMPREGANDO ARGAMASSA DE CIMENTO, CAL E AREIA",m2,00ebf3d3830ba5d4d838131bc88f627fb7305728c856cfbe8998517f79c76fae,4feebcbe8c47058cf57314347405d833cdfb5d2340951f005ab53d27ae84fd84,TABELA REFERENCIAL OBRAS - DER-ES - 2026-01 - JAN/XLS/tab_DER-EDIFICAÇÕES_2026_01_servicos.xlsx!A399,2026-01,2026-02,m2,"REVESTIMENTO DE PAREDES / REVESTIMENTO EMPREGANDO ARGAMASSA DE CIMENTO, CAL E AREIA",True,False,72.02,72.02,71.85,72.0,,,False,False,1a7537f06fa9b2a1aff5982ae95ae6bf2ec16498e28430445e55584fbcce9a3c,validacao,False,False
der_es,sem_desoneracao,120304,"Reboco de argamassa de cimento, cal hidratada CH1 e areia média ou grossa lavada no traço 1:0.5:6, com impermeabilizante para revestimentos (caixas, fossas, filtros, cisternas, etc...)","REVESTIMENTO DE PAREDES / REVESTIMENTO EMPREGANDO ARGAMASSA DE CIMENTO, CAL E AREIA",m2,00ebf3d3830ba5d4d838131bc88f627fb7305728c856cfbe8998517f79c76fae,1a7537f06fa9b2a1aff5982ae95ae6bf2ec16498e28430445e55584fbcce9a3c,TABELA REFERENCIAL OBRAS - DER-ES - 2026-02 - FEV/XLS/tab_DER-EDIFICAÇÕES_2026_02_servicos.xlsx!A399,2026-02,2026-03,m2,"REVESTIMENTO DE PAREDES / REVESTIMENTO EMPREGANDO ARGAMASSA DE CIMENTO, CAL E AREIA",True,False,72.0,72.02,72.02,72.0,,,False,False,c9a408180051aaa4e38fe277afd37500d913d617b22cb55cd61158248094d761,teste,False,False
der_es,sem_desoneracao,120304,"Reboco de argamassa de cimento, cal hidratada CH1 e areia média ou grossa lavada no traço 1:0.5:6, com impermeabilizante para revestimentos (caixas, fossas, filtros, cisternas, etc...)","REVESTIMENTO DE PAREDES / REVESTIMENTO EMPREGANDO ARGAMASSA DE CIMENTO, CAL E AREIA",m2,00ebf3d3830ba5d4d838131bc88f627fb7305728c856cfbe8998517f79c76fae,c9a408180051aaa4e38fe277afd37500d913d617b22cb55cd61158248094d761,TABELA REFERENCIAL OBRAS - DER-ES - 2026-03 - MAR/XLS/tab_DER-EDIFICAÇÕES_2026_03_servicos.xlsx!A399,2026-03,2026-04,m2,"REVESTIMENTO DE PAREDES / REVESTIMENTO EMPREGANDO ARGAMASSA DE CIMENTO, CAL E AREIA",True,False,72.0,72.0,72.02,72.05,,,False,False,b07a6f7cd81d76e43925b8f994875b35e8468c5a37790367db80f72665fc0b2b,teste,False,False
der_es,sem_desoneracao,120304,"Reboco de argamassa de cimento, cal hidratada CH1 e areia média ou grossa lavada no traço 1:0.5:6, com impermeabilizante para revestimentos (caixas, fossas, filtros, cisternas, etc...)","REVESTIMENTO DE PAREDES / REVESTIMENTO EMPREGANDO ARGAMASSA DE CIMENTO, CAL E AREIA",m2,00ebf3d3830ba5d4d838131bc88f627fb7305728c856cfbe8998517f79c76fae,b07a6f7cd81d76e43925b8f994875b35e8468c5a37790367db80f72665fc0b2b,TABELA REFERENCIAL OBRAS - DER-ES - 2026-04 - ABR/XLS/tab_DER-EDIFICAÇÕES_2026_04_servicos.xlsx!A399,2026-04,2026-05,m2,"REVESTIMENTO DE PAREDES / REVESTIMENTO EMPREGANDO ARGAMASSA DE CIMENTO, CAL E AREIA",True,False,72.05,72.0,72.0,76.22,,,False,False,9d7efd575c10dc676bc49f5acb5630fa9b3cd2b98449be07612e1891e8d213f6,teste,False,False
der_es,sem_desoneracao,120308,"Chapisco de argamassa de cimento e areia média ou grossa lavada no traço 1:3, espessura 5mm, com utilização de impermeabilizante","REVESTIMENTO DE PAREDES / REVESTIMENTO EMPREGANDO ARGAMASSA DE CIMENTO, CAL E AREIA",m2,1dc7e48bce2d1639c3c0b9e5fd612783ce654a581c24ff3a0bb6f92d398148ac,2dd7e7c15552e8663b500f12008e09dc39c3816602e826e994d7dc8922d7ac8f,TABELA REFERENCIAL OBRAS - DER-ES - 2025-03 - MAR/XLS/tab_DER-EDIFICAÇσES_2025_03_servicos.xlsx!A400,2025-03,2025-04,m2,"REVESTIMENTO DE PAREDES / REVESTIMENTO EMPREGANDO ARGAMASSA DE CIMENTO, CAL E AREIA",True,False,8.15,8.15,8.22,8.17,,,False,False,d2087ecf8affe6feb21bd38f6045155bdc7d4b18356273e8e54c68d96e73dbd4,treino,False,False
der_es,sem_desoneracao,120308,"Chapisco de argamassa de cimento e areia média ou grossa lavada no traço 1:3, espessura 5mm, com utilização de impermeabilizante","REVESTIMENTO DE PAREDES / REVESTIMENTO EMPREGANDO ARGAMASSA DE CIMENTO, CAL E AREIA",m2,1dc7e48bce2d1639c3c0b9e5fd612783ce654a581c24ff3a0bb6f92d398148ac,d2087ecf8affe6feb21bd38f6045155bdc7d4b18356273e8e54c68d96e73dbd4,TABELA REFERENCIAL OBRAS - DER-ES - 2025-04 - ABR/XLS/tab_DER-EDIFICAÇσES_2025_04_servicos.xlsx!A401,2025-04,2025-05,m2,"REVESTIMENTO DE PAREDES / REVESTIMENTO EMPREGANDO ARGAMASSA DE CIMENTO, CAL E AREIA",True,False,8.17,8.15,8.15,8.63,,,False,False,2bf6c2c7e6a976b4518fe548f59e259ac8091a61f440b44f17701ff9a0f00926,treino,False,False
der_es,sem_desoneracao,120308,"Chapisco de argamassa de cimento e areia média ou grossa lavada no traço 1:3, espessura 5mm, com utilização de impermeabilizante","REVESTIMENTO DE PAREDES / REVESTIMENTO EMPREGANDO ARGAMASSA DE CIMENTO, CAL E AREIA",m2,1dc7e48bce2d1639c3c0b9e5fd612783ce654a581c24ff3a0bb6f92d398148ac,2bf6c2c7e6a976b4518fe548f59e259ac8091a61f440b44f17701ff9a0f00926,TABELA REFERENCIAL OBRAS - DER-ES - 2025-05 - MAI/XLS/tab_DER-EDIFICAÇσES_2025_05_servicos.xlsx!A402,2025-05,2025-06,m2,"REVESTIMENTO DE PAREDES / REVESTIMENTO EMPREGANDO ARGAMASSA DE CIMENTO, CAL E AREIA",True,False,8.63,8.17,8.15,8.73,,,False,False,22734abdbfefadc850a2608b6f454b5f7c18b5e3c19f87c396d85d1e76c75234,treino,False,False
der_es,sem_desoneracao,120308,"Chapisco de argamassa de cimento e areia média ou grossa lavada no traço 1:3, espessura 5mm, com utilização de impermeabilizante","REVESTIMENTO DE PAREDES / REVESTIMENTO EMPREGANDO ARGAMASSA DE CIMENTO, CAL E AREIA",m2,1dc7e48bce2d1639c3c0b9e5fd612783ce654a581c24ff3a0bb6f92d398148ac,22734abdbfefadc850a2608b6f454b5f7c18b5e3c19f87c396d85d1e76c75234,TABELA REFERENCIAL OBRAS - DER-ES - 2025-06 - JUN/XLS/tab_DER-EDIFICAÇÕES_2025_06_servicos.xlsx!A400,2025-06,2025-07,m2,"REVESTIMENTO DE PAREDES / REVESTIMENTO EMPREGANDO ARGAMASSA DE CIMENTO, CAL E AREIA",True,False,8.73,8.63,8.17,8.73,,,False,False,9f2d3bc52e35d3a9c0317f2bbd34359ce4b9eb726cfdad03719dc91ab8a6eb52,treino,False,False
der_es,sem_desoneracao,120308,"Chapisco de argamassa de cimento e areia média ou grossa lavada no traço 1:3, espessura 5mm, com utilização de impermeabilizante","REVESTIMENTO DE PAREDES / REVESTIMENTO EMPREGANDO ARGAMASSA DE CIMENTO, CAL E AREIA",m2,1dc7e48bce2d1639c3c0b9e5fd612783ce654a581c24ff3a0bb6f92d398148ac,9f2d3bc52e35d3a9c0317f2bbd34359ce4b9eb726cfdad03719dc91ab8a6eb52,TABELA REFERENCIAL OBRAS - DER-ES - 2025-07 - JUL/TABELA REFERENCIAL OBRAS - DER-ES - 2025-07 - JUL/XLS/tab_DER-EDIFICAÇÕES_2025_07_servicos.xlsx!A400,2025-07,2025-08,m2,"REVESTIMENTO DE PAREDES / REVESTIMENTO EMPREGANDO ARGAMASSA DE CIMENTO, CAL E AREIA",True,False,8.73,8.73,8.63,8.78,,,False,False,f4e1c72d0bc82c19d0327a48458bea46cf1a06c556062fe2206e7955be9a14b1,treino,False,False
der_es,sem_desoneracao,120308,"Chapisco de argamassa de cimento e areia média ou grossa lavada no traço 1:3, espessura 5mm, com utilização de impermeabilizante","REVESTIMENTO DE PAREDES / REVESTIMENTO EMPREGANDO ARGAMASSA DE CIMENTO, CAL E AREIA",m2,1dc7e48bce2d1639c3c0b9e5fd612783ce654a581c24ff3a0bb6f92d398148ac,f4e1c72d0bc82c19d0327a48458bea46cf1a06c556062fe2206e7955be9a14b1,TABELA REFERENCIAL OBRAS - DER-ES - 2025-08 - AGO/XLS/tab_DER-EDIFICAÇÕES_2025_08_servicos.xlsx!A400,2025-08,2025-09,m2,"REVESTIMENTO DE PAREDES / REVESTIMENTO EMPREGANDO ARGAMASSA DE CIMENTO, CAL E AREIA",True,False,8.78,8.73,8.73,8.78,,,False,False,7b1be34ee7d5dd82bcaeb75a32037ae0f2eea1e439205f05e57077b8a3567875,treino,False,False
der_es,sem_desoneracao,120308,"Chapisco de argamassa de cimento e areia média ou grossa lavada no traço 1:3, espessura 5mm, com utilização de impermeabilizante","REVESTIMENTO DE PAREDES / REVESTIMENTO EMPREGANDO ARGAMASSA DE CIMENTO, CAL E AREIA",m2,1dc7e48bce2d1639c3c0b9e5fd612783ce654a581c24ff3a0bb6f92d398148ac,7b1be34ee7d5dd82bcaeb75a32037ae0f2eea1e439205f05e57077b8a3567875,TABELA REFERENCIAL OBRAS - DER-ES - 2025-09 - SET/XLS/tab_DER-EDIFICAÇÕES_2025_09_servicos.xlsx!A400,2025-09,2025-10,m2,"REVESTIMENTO DE PAREDES / REVESTIMENTO EMPREGANDO ARGAMASSA DE CIMENTO, CAL E AREIA",True,False,8.78,8.78,8.73,8.64,,,False,False,25f27b5ef0ad1c6c63d22be1ab543e5a65d73aa17c4d0463109a84f7209c8fa3,treino,False,False
der_es,sem_desoneracao,120308,"Chapisco de argamassa de cimento e areia média ou grossa lavada no traço 1:3, espessura 5mm, com utilização de impermeabilizante","REVESTIMENTO DE PAREDES / REVESTIMENTO EMPREGANDO ARGAMASSA DE CIMENTO, CAL E AREIA",m2,1dc7e48bce2d1639c3c0b9e5fd612783ce654a581c24ff3a0bb6f92d398148ac,25f27b5ef0ad1c6c63d22be1ab543e5a65d73aa17c4d0463109a84f7209c8fa3,TABELA REFERENCIAL OBRAS - DER-ES - 2025-10 - OUT/XLS/tab_DER-EDIFICAÇÕES_2025_10_servicos.xlsx!A400,2025-10,2025-11,m2,"REVESTIMENTO DE PAREDES / REVESTIMENTO EMPREGANDO ARGAMASSA DE CIMENTO, CAL E AREIA",True,False,8.64,8.78,8.78,8.64,,,False,False,d856141d8d195b8bf3114dd64686b80db08318d557f9eb5f279d84fffec1a86e,treino,False,False
der_es,sem_desoneracao,120308,"Chapisco de argamassa de cimento e areia média ou grossa lavada no traço 1:3, espessura 5mm, com utilização de impermeabilizante","REVESTIMENTO DE PAREDES / REVESTIMENTO EMPREGANDO ARGAMASSA DE CIMENTO, CAL E AREIA",m2,1dc7e48bce2d1639c3c0b9e5fd612783ce654a581c24ff3a0bb6f92d398148ac,d856141d8d195b8bf3114dd64686b80db08318d557f9eb5f279d84fffec1a86e,TABELA REFERENCIAL OBRAS - DER-ES - 2025-11 - NOV/XLS/tab_DER-EDIFICAÇÕES_2025_11_servicos.xlsx!A400,2025-11,2025-12,m2,"REVESTIMENTO DE PAREDES / REVESTIMENTO EMPREGANDO ARGAMASSA DE CIMENTO, CAL E AREIA",True,False,8.64,8.64,8.78,8.72,,,False,False,cf2ae6d6af6081526a2c2c6a6446342c23099ac3a9c81f310e3a5da2680fb053,treino,False,False
der_es,sem_desoneracao,120308,"Chapisco de argamassa de cimento e areia média ou grossa lavada no traço 1:3, espessura 5mm, com utilização de impermeabilizante","REVESTIMENTO DE PAREDES / REVESTIMENTO EMPREGANDO ARGAMASSA DE CIMENTO, CAL E AREIA",m2,1dc7e48bce2d1639c3c0b9e5fd612783ce654a581c24ff3a0bb6f92d398148ac,cf2ae6d6af6081526a2c2c6a6446342c23099ac3a9c81f310e3a5da2680fb053,TABELA REFERENCIAL OBRAS - DER-ES - 2025-12 - DEZ/XLS/tab_DER-EDIFICAÇÕES_2025_12_servicos.xlsx!A400,2025-12,2026-01,m2,"REVESTIMENTO DE PAREDES / REVESTIMENTO EMPREGANDO ARGAMASSA DE CIMENTO, CAL E AREIA",True,False,8.72,8.64,8.64,8.72,,,False,False,4feebcbe8c47058cf57314347405d833cdfb5d2340951f005ab53d27ae84fd84,validacao,False,False
der_es,sem_desoneracao,120308,"Chapisco de argamassa de cimento e areia média ou grossa lavada no traço 1:3, espessura 5mm, com utilização de impermeabilizante","REVESTIMENTO DE PAREDES / REVESTIMENTO EMPREGANDO ARGAMASSA DE CIMENTO, CAL E AREIA",m2,1dc7e48bce2d1639c3c0b9e5fd612783ce654a581c24ff3a0bb6f92d398148ac,4feebcbe8c47058cf57314347405d833cdfb5d2340951f005ab53d27ae84fd84,TABELA REFERENCIAL OBRAS - DER-ES - 2026-01 - JAN/XLS/tab_DER-EDIFICAÇÕES_2026_01_servicos.xlsx!A400,2026-01,2026-02,m2,"REVESTIMENTO DE PAREDES / REVESTIMENTO EMPREGANDO ARGAMASSA DE CIMENTO, CAL E AREIA",True,False,8.72,8.72,8.64,8.67,,,False,False,1a7537f06fa9b2a1aff5982ae95ae6bf2ec16498e28430445e55584fbcce9a3c,validacao,False,False
der_es,sem_desoneracao,120308,"Chapisco de argamassa de cimento e areia média ou grossa lavada no traço 1:3, espessura 5mm, com utilização de impermeabilizante","REVESTIMENTO DE PAREDES / REVESTIMENTO EMPREGANDO ARGAMASSA DE CIMENTO, CAL E AREIA",m2,1dc7e48bce2d1639c3c0b9e5fd612783ce654a581c24ff3a0bb6f92d398148ac,1a7537f06fa9b2a1aff5982ae95ae6bf2ec16498e28430445e55584fbcce9a3c,TABELA REFERENCIAL OBRAS - DER-ES - 2026-02 - FEV/XLS/tab_DER-EDIFICAÇÕES_2026_02_servicos.xlsx!A400,2026-02,2026-03,m2,"REVESTIMENTO DE PAREDES / REVESTIMENTO EMPREGANDO ARGAMASSA DE CIMENTO, CAL E AREIA",True,False,8.67,8.72,8.72,8.67,,,False,False,c9a408180051aaa4e38fe277afd37500d913d617b22cb55cd61158248094d761,teste,False,False
der_es,sem_desoneracao,120308,"Chapisco de argamassa de cimento e areia média ou grossa lavada no traço 1:3, espessura 5mm, com utilização de impermeabilizante","REVESTIMENTO DE PAREDES / REVESTIMENTO EMPREGANDO ARGAMASSA DE CIMENTO, CAL E AREIA",m2,1dc7e48bce2d1639c3c0b9e5fd612783ce654a581c24ff3a0bb6f92d398148ac,c9a408180051aaa4e38fe277afd37500d913d617b22cb55cd61158248094d761,TABELA REFERENCIAL OBRAS - DER-ES - 2026-03 - MAR/XLS/tab_DER-EDIFICAÇÕES_2026_03_servicos.xlsx!A400,2026-03,2026-04,m2,"REVESTIMENTO DE PAREDES / REVESTIMENTO EMPREGANDO ARGAMASSA DE CIMENTO, CAL E AREIA",True,False,8.67,8.67,8.72,8.68,,,False,False,b07a6f7cd81d76e43925b8f994875b35e8468c5a37790367db80f72665fc0b2b,teste,False,False
der_es,sem_desoneracao,120308,"Chapisco de argamassa de cimento e areia média ou grossa lavada no traço 1:3, espessura 5mm, com utilização de impermeabilizante","REVESTIMENTO DE PAREDES / REVESTIMENTO EMPREGANDO ARGAMASSA DE CIMENTO, CAL E AREIA",m2,1dc7e48bce2d1639c3c0b9e5fd612783ce654a581c24ff3a0bb6f92d398148ac,b07a6f7cd81d76e43925b8f994875b35e8468c5a37790367db80f72665fc0b2b,TABELA REFERENCIAL OBRAS - DER-ES - 2026-04 - ABR/XLS/tab_DER-EDIFICAÇÕES_2026_04_servicos.xlsx!A400,2026-04,2026-05,m2,"REVESTIMENTO DE PAREDES / REVESTIMENTO EMPREGANDO ARGAMASSA DE CIMENTO, CAL E AREIA",True,False,8.68,8.67,8.67,9.07,,,False,False,9d7efd575c10dc676bc49f5acb5630fa9b3cd2b98449be07612e1891e8d213f6,teste,False,False
der_es,sem_desoneracao,130103,"Regularização de base para revestimento cerâmico, com argamassa de cimento e areia no traço 1:5, espessura: 3 cm",PISOS INTERNOS E EXTERNOS / LASTRO DE CONTRAPISO,m2,a33314a4cea8ee57350f8042f61721df13602afb631ea3219d03d15be62333fb,2dd7e7c15552e8663b500f12008e09dc39c3816602e826e994d7dc8922d7ac8f,TABELA REFERENCIAL OBRAS - DER-ES - 2025-03 - MAR/XLS/tab_DER-EDIFICAÇσES_2025_03_servicos.xlsx!A403,2025-03,2025-04,m2,PISOS INTERNOS E EXTERNOS / LASTRO DE CONTRAPISO,True,False,26.07,26.07,25.95,26.08,,,False,False,d2087ecf8affe6feb21bd38f6045155bdc7d4b18356273e8e54c68d96e73dbd4,treino,False,False
der_es,sem_desoneracao,130103,"Regularização de base para revestimento cerâmico, com argamassa de cimento e areia no traço 1:5, espessura: 3 cm",PISOS INTERNOS E EXTERNOS / LASTRO DE CONTRAPISO,m2,a33314a4cea8ee57350f8042f61721df13602afb631ea3219d03d15be62333fb,d2087ecf8affe6feb21bd38f6045155bdc7d4b18356273e8e54c68d96e73dbd4,TABELA REFERENCIAL OBRAS - DER-ES - 2025-04 - ABR/XLS/tab_DER-EDIFICAÇσES_2025_04_servicos.xlsx!A404,2025-04,2025-05,m2,PISOS INTERNOS E EXTERNOS / LASTRO DE CONTRAPISO,True,False,26.08,26.07,26.07,27.55,,,False,False,2bf6c2c7e6a976b4518fe548f59e259ac8091a61f440b44f17701ff9a0f00926,treino,False,False
der_es,sem_desoneracao,130103,"Regularização de base para revestimento cerâmico, com argamassa de cimento e areia no traço 1:5, espessura: 3 cm",PISOS INTERNOS E EXTERNOS / LASTRO DE CONTRAPISO,m2,a33314a4cea8ee57350f8042f61721df13602afb631ea3219d03d15be62333fb,2bf6c2c7e6a976b4518fe548f59e259ac8091a61f440b44f17701ff9a0f00926,TABELA REFERENCIAL OBRAS - DER-ES - 2025-05 - MAI/XLS/tab_DER-EDIFICAÇσES_2025_05_servicos.xlsx!A405,2025-05,2025-06,m2,PISOS INTERNOS E EXTERNOS / LASTRO DE CONTRAPISO,True,False,27.55,26.08,26.07,27.69,,,False,False,22734abdbfefadc850a2608b6f454b5f7c18b5e3c19f87c396d85d1e76c75234,treino,False,False
der_es,sem_desoneracao,130103,"Regularização de base para revestimento cerâmico, com argamassa de cimento e areia no traço 1:5, espessura: 3 cm",PISOS INTERNOS E EXTERNOS / LASTRO DE CONTRAPISO,m2,a33314a4cea8ee57350f8042f61721df13602afb631ea3219d03d15be62333fb,22734abdbfefadc850a2608b6f454b5f7c18b5e3c19f87c396d85d1e76c75234,TABELA REFERENCIAL OBRAS - DER-ES - 2025-06 - JUN/XLS/tab_DER-EDIFICAÇÕES_2025_06_servicos.xlsx!A403,2025-06,2025-07,m2,PISOS INTERNOS E EXTERNOS / LASTRO DE CONTRAPISO,True,False,27.69,27.55,26.08,27.69,,,False,False,9f2d3bc52e35d3a9c0317f2bbd34359ce4b9eb726cfdad03719dc91ab8a6eb52,treino,False,False
der_es,sem_desoneracao,130103,"Regularização de base para revestimento cerâmico, com argamassa de cimento e areia no traço 1:5, espessura: 3 cm",PISOS INTERNOS E EXTERNOS / LASTRO DE CONTRAPISO,m2,a33314a4cea8ee57350f8042f61721df13602afb631ea3219d03d15be62333fb,9f2d3bc52e35d3a9c0317f2bbd34359ce4b9eb726cfdad03719dc91ab8a6eb52,TABELA REFERENCIAL OBRAS - DER-ES - 2025-07 - JUL/TABELA REFERENCIAL OBRAS - DER-ES - 2025-07 - JUL/XLS/tab_DER-EDIFICAÇÕES_2025_07_servicos.xlsx!A403,2025-07,2025-08,m2,PISOS INTERNOS E EXTERNOS / LASTRO DE CONTRAPISO,True,False,27.69,27.69,27.55,28.02,,,False,False,f4e1c72d0bc82c19d0327a48458bea46cf1a06c556062fe2206e7955be9a14b1,treino,False,False
der_es,sem_desoneracao,130103,"Regularização de base para revestimento cerâmico, com argamassa de cimento e areia no traço 1:5, espessura: 3 cm",PISOS INTERNOS E EXTERNOS / LASTRO DE CONTRAPISO,m2,a33314a4cea8ee57350f8042f61721df13602afb631ea3219d03d15be62333fb,f4e1c72d0bc82c19d0327a48458bea46cf1a06c556062fe2206e7955be9a14b1,TABELA REFERENCIAL OBRAS - DER-ES - 2025-08 - AGO/XLS/tab_DER-EDIFICAÇÕES_2025_08_servicos.xlsx!A403,2025-08,2025-09,m2,PISOS INTERNOS E EXTERNOS / LASTRO DE CONTRAPISO,True,False,28.02,27.69,27.69,28.02,,,False,False,7b1be34ee7d5dd82bcaeb75a32037ae0f2eea1e439205f05e57077b8a3567875,treino,False,False
der_es,sem_desoneracao,130103,"Regularização de base para revestimento cerâmico, com argamassa de cimento e areia no traço 1:5, espessura: 3 cm",PISOS INTERNOS E EXTERNOS / LASTRO DE CONTRAPISO,m2,a33314a4cea8ee57350f8042f61721df13602afb631ea3219d03d15be62333fb,7b1be34ee7d5dd82bcaeb75a32037ae0f2eea1e439205f05e57077b8a3567875,TABELA REFERENCIAL OBRAS - DER-ES - 2025-09 - SET/XLS/tab_DER-EDIFICAÇÕES_2025_09_servicos.xlsx!A403,2025-09,2025-10,m2,PISOS INTERNOS E EXTERNOS / LASTRO DE CONTRAPISO,True,False,28.02,28.02,27.69,27.94,,,False,False,25f27b5ef0ad1c6c63d22be1ab543e5a65d73aa17c4d0463109a84f7209c8fa3,treino,False,False
der_es,sem_desoneracao,130103,"Regularização de base para revestimento cerâmico, com argamassa de cimento e areia no traço 1:5, espessura: 3 cm",PISOS INTERNOS E EXTERNOS / LASTRO DE CONTRAPISO,m2,a33314a4cea8ee57350f8042f61721df13602afb631ea3219d03d15be62333fb,25f27b5ef0ad1c6c63d22be1ab543e5a65d73aa17c4d0463109a84f7209c8fa3,TABELA REFERENCIAL OBRAS - DER-ES - 2025-10 - OUT/XLS/tab_DER-EDIFICAÇÕES_2025_10_servicos.xlsx!A403,2025-10,2025-11,m2,PISOS INTERNOS E EXTERNOS / LASTRO DE CONTRAPISO,True,False,27.94,28.02,28.02,27.94,,,False,False,d856141d8d195b8bf3114dd64686b80db08318d557f9eb5f279d84fffec1a86e,treino,False,False
der_es,sem_desoneracao,130103,"Regularização de base para revestimento cerâmico, com argamassa de cimento e areia no traço 1:5, espessura: 3 cm",PISOS INTERNOS E EXTERNOS / LASTRO DE CONTRAPISO,m2,a33314a4cea8ee57350f8042f61721df13602afb631ea3219d03d15be62333fb,d856141d8d195b8bf3114dd64686b80db08318d557f9eb5f279d84fffec1a86e,TABELA REFERENCIAL OBRAS - DER-ES - 2025-11 - NOV/XLS/tab_DER-EDIFICAÇÕES_2025_11_servicos.xlsx!A403,2025-11,2025-12,m2,PISOS INTERNOS E EXTERNOS / LASTRO DE CONTRAPISO,True,False,27.94,27.94,28.02,28.2,,,False,False,cf2ae6d6af6081526a2c2c6a6446342c23099ac3a9c81f310e3a5da2680fb053,treino,False,False
der_es,sem_desoneracao,130103,"Regularização de base para revestimento cerâmico, com argamassa de cimento e areia no traço 1:5, espessura: 3 cm",PISOS INTERNOS E EXTERNOS / LASTRO DE CONTRAPISO,m2,a33314a4cea8ee57350f8042f61721df13602afb631ea3219d03d15be62333fb,cf2ae6d6af6081526a2c2c6a6446342c23099ac3a9c81f310e3a5da2680fb053,TABELA REFERENCIAL OBRAS - DER-ES - 2025-12 - DEZ/XLS/tab_DER-EDIFICAÇÕES_2025_12_servicos.xlsx!A403,2025-12,2026-01,m2,PISOS INTERNOS E EXTERNOS / LASTRO DE CONTRAPISO,True,False,28.2,27.94,27.94,28.2,,,False,False,4feebcbe8c47058cf57314347405d833cdfb5d2340951f005ab53d27ae84fd84,validacao,False,False
der_es,sem_desoneracao,130103,"Regularização de base para revestimento cerâmico, com argamassa de cimento e areia no traço 1:5, espessura: 3 cm",PISOS INTERNOS E EXTERNOS / LASTRO DE CONTRAPISO,m2,a33314a4cea8ee57350f8042f61721df13602afb631ea3219d03d15be62333fb,4feebcbe8c47058cf57314347405d833cdfb5d2340951f005ab53d27ae84fd84,TABELA REFERENCIAL OBRAS - DER-ES - 2026-01 - JAN/XLS/tab_DER-EDIFICAÇÕES_2026_01_servicos.xlsx!A403,2026-01,2026-02,m2,PISOS INTERNOS E EXTERNOS / LASTRO DE CONTRAPISO,True,False,28.2,28.2,27.94,27.85,,,False,False,1a7537f06fa9b2a1aff5982ae95ae6bf2ec16498e28430445e55584fbcce9a3c,validacao,False,False
der_es,sem_desoneracao,130103,"Regularização de base para revestimento cerâmico, com argamassa de cimento e areia no traço 1:5, espessura: 3 cm",PISOS INTERNOS E EXTERNOS / LASTRO DE CONTRAPISO,m2,a33314a4cea8ee57350f8042f61721df13602afb631ea3219d03d15be62333fb,1a7537f06fa9b2a1aff5982ae95ae6bf2ec16498e28430445e55584fbcce9a3c,TABELA REFERENCIAL OBRAS - DER-ES - 2026-02 - FEV/XLS/tab_DER-EDIFICAÇÕES_2026_02_servicos.xlsx!A403,2026-02,2026-03,m2,PISOS INTERNOS E EXTERNOS / LASTRO DE CONTRAPISO,True,False,27.85,28.2,28.2,27.85,,,False,False,c9a408180051aaa4e38fe277afd37500d913d617b22cb55cd61158248094d761,teste,False,False
der_es,sem_desoneracao,130103,"Regularização de base para revestimento cerâmico, com argamassa de cimento e areia no traço 1:5, espessura: 3 cm",PISOS INTERNOS E EXTERNOS / LASTRO DE CONTRAPISO,m2,a33314a4cea8ee57350f8042f61721df13602afb631ea3219d03d15be62333fb,c9a408180051aaa4e38fe277afd37500d913d617b22cb55cd61158248094d761,TABELA REFERENCIAL OBRAS - DER-ES - 2026-03 - MAR/XLS/tab_DER-EDIFICAÇÕES_2026_03_servicos.xlsx!A403,2026-03,2026-04,m2,PISOS INTERNOS E EXTERNOS / LASTRO DE CONTRAPISO,True,False,27.85,27.85,28.2,27.93,,,False,False,b07a6f7cd81d76e43925b8f994875b35e8468c5a37790367db80f72665fc0b2b,teste,False,False
der_es,sem_desoneracao,130103,"Regularização de base para revestimento cerâmico, com argamassa de cimento e areia no traço 1:5, espessura: 3 cm",PISOS INTERNOS E EXTERNOS / LASTRO DE CONTRAPISO,m2,a33314a4cea8ee57350f8042f61721df13602afb631ea3219d03d15be62333fb,b07a6f7cd81d76e43925b8f994875b35e8468c5a37790367db80f72665fc0b2b,TABELA REFERENCIAL OBRAS - DER-ES - 2026-04 - ABR/XLS/tab_DER-EDIFICAÇÕES_2026_04_servicos.xlsx!A403,2026-04,2026-05,m2,PISOS INTERNOS E EXTERNOS / LASTRO DE CONTRAPISO,True,False,27.93,27.85,27.85,29.15,,,False,False,9d7efd575c10dc676bc49f5acb5630fa9b3cd2b98449be07612e1891e8d213f6,teste,False,False
der_es,sem_desoneracao,130104,"Regularização de base p/ revestimento cerâmico, com argamassa de cimento e areia no traço 1:5, espessura 5cm",PISOS INTERNOS E EXTERNOS / LASTRO DE CONTRAPISO,m2,47f104b3f4bd1457c65938d737ffa872a22db73f912ac33731019441a77f77e5,2dd7e7c15552e8663b500f12008e09dc39c3816602e826e994d7dc8922d7ac8f,TABELA REFERENCIAL OBRAS - DER-ES - 2025-03 - MAR/XLS/tab_DER-EDIFICAÇσES_2025_03_servicos.xlsx!A404,2025-03,2025-04,m2,PISOS INTERNOS E EXTERNOS / LASTRO DE CONTRAPISO,True,False,40.65,40.65,40.45,40.69,,,False,False,d2087ecf8affe6feb21bd38f6045155bdc7d4b18356273e8e54c68d96e73dbd4,treino,False,False
der_es,sem_desoneracao,130104,"Regularização de base p/ revestimento cerâmico, com argamassa de cimento e areia no traço 1:5, espessura 5cm",PISOS INTERNOS E EXTERNOS / LASTRO DE CONTRAPISO,m2,47f104b3f4bd1457c65938d737ffa872a22db73f912ac33731019441a77f77e5,d2087ecf8affe6feb21bd38f6045155bdc7d4b18356273e8e54c68d96e73dbd4,TABELA REFERENCIAL OBRAS - DER-ES - 2025-04 - ABR/XLS/tab_DER-EDIFICAÇσES_2025_04_servicos.xlsx!A405,2025-04,2025-05,m2,PISOS INTERNOS E EXTERNOS / LASTRO DE CONTRAPISO,True,False,40.69,40.65,40.65,42.9,,,False,False,2bf6c2c7e6a976b4518fe548f59e259ac8091a61f440b44f17701ff9a0f00926,treino,False,False
der_es,sem_desoneracao,130104,"Regularização de base p/ revestimento cerâmico, com argamassa de cimento e areia no traço 1:5, espessura 5cm",PISOS INTERNOS E EXTERNOS / LASTRO DE CONTRAPISO,m2,47f104b3f4bd1457c65938d737ffa872a22db73f912ac33731019441a77f77e5,2bf6c2c7e6a976b4518fe548f59e259ac8091a61f440b44f17701ff9a0f00926,TABELA REFERENCIAL OBRAS - DER-ES - 2025-05 - MAI/XLS/tab_DER-EDIFICAÇσES_2025_05_servicos.xlsx!A406,2025-05,2025-06,m2,PISOS INTERNOS E EXTERNOS / LASTRO DE CONTRAPISO,True,False,42.9,40.69,40.65,43.12,,,False,False,22734abdbfefadc850a2608b6f454b5f7c18b5e3c19f87c396d85d1e76c75234,treino,False,False
der_es,sem_desoneracao,130104,"Regularização de base p/ revestimento cerâmico, com argamassa de cimento e areia no traço 1:5, espessura 5cm",PISOS INTERNOS E EXTERNOS / LASTRO DE CONTRAPISO,m2,47f104b3f4bd1457c65938d737ffa872a22db73f912ac33731019441a77f77e5,22734abdbfefadc850a2608b6f454b5f7c18b5e3c19f87c396d85d1e76c75234,TABELA REFERENCIAL OBRAS - DER-ES - 2025-06 - JUN/XLS/tab_DER-EDIFICAÇÕES_2025_06_servicos.xlsx!A404,2025-06,2025-07,m2,PISOS INTERNOS E EXTERNOS / LASTRO DE CONTRAPISO,True,False,43.12,42.9,40.69,43.12,,,False,False,9f2d3bc52e35d3a9c0317f2bbd34359ce4b9eb726cfdad03719dc91ab8a6eb52,treino,False,False
der_es,sem_desoneracao,130104,"Regularização de base p/ revestimento cerâmico, com argamassa de cimento e areia no traço 1:5, espessura 5cm",PISOS INTERNOS E EXTERNOS / LASTRO DE CONTRAPISO,m2,47f104b3f4bd1457c65938d737ffa872a22db73f912ac33731019441a77f77e5,9f2d3bc52e35d3a9c0317f2bbd34359ce4b9eb726cfdad03719dc91ab8a6eb52,TABELA REFERENCIAL OBRAS - DER-ES - 2025-07 - JUL/TABELA REFERENCIAL OBRAS - DER-ES - 2025-07 - JUL/XLS/tab_DER-EDIFICAÇÕES_2025_07_servicos.xlsx!A404,2025-07,2025-08,m2,PISOS INTERNOS E EXTERNOS / LASTRO DE CONTRAPISO,True,False,43.12,43.12,42.9,43.68,,,False,False,f4e1c72d0bc82c19d0327a48458bea46cf1a06c556062fe2206e7955be9a14b1,treino,False,False
der_es,sem_desoneracao,130104,"Regularização de base p/ revestimento cerâmico, com argamassa de cimento e areia no traço 1:5, espessura 5cm",PISOS INTERNOS E EXTERNOS / LASTRO DE CONTRAPISO,m2,47f104b3f4bd1457c65938d737ffa872a22db73f912ac33731019441a77f77e5,f4e1c72d0bc82c19d0327a48458bea46cf1a06c556062fe2206e7955be9a14b1,TABELA REFERENCIAL OBRAS - DER-ES - 2025-08 - AGO/XLS/tab_DER-EDIFICAÇÕES_2025_08_servicos.xlsx!A404,2025-08,2025-09,m2,PISOS INTERNOS E EXTERNOS / LASTRO DE CONTRAPISO,True,False,43.68,43.12,43.12,43.68,,,False,False,7b1be34ee7d5dd82bcaeb75a32037ae0f2eea1e439205f05e57077b8a3567875,treino,False,False
der_es,sem_desoneracao,130104,"Regularização de base p/ revestimento cerâmico, com argamassa de cimento e areia no traço 1:5, espessura 5cm",PISOS INTERNOS E EXTERNOS / LASTRO DE CONTRAPISO,m2,47f104b3f4bd1457c65938d737ffa872a22db73f912ac33731019441a77f77e5,7b1be34ee7d5dd82bcaeb75a32037ae0f2eea1e439205f05e57077b8a3567875,TABELA REFERENCIAL OBRAS - DER-ES - 2025-09 - SET/XLS/tab_DER-EDIFICAÇÕES_2025_09_servicos.xlsx!A404,2025-09,2025-10,m2,PISOS INTERNOS E EXTERNOS / LASTRO DE CONTRAPISO,True,False,43.68,43.68,43.12,43.53,,,False,False,25f27b5ef0ad1c6c63d22be1ab543e5a65d73aa17c4d0463109a84f7209c8fa3,treino,False,False
der_es,sem_desoneracao,130104,"Regularização de base p/ revestimento cerâmico, com argamassa de cimento e areia no traço 1:5, espessura 5cm",PISOS INTERNOS E EXTERNOS / LASTRO DE CONTRAPISO,m2,47f104b3f4bd1457c65938d737ffa872a22db73f912ac33731019441a77f77e5,25f27b5ef0ad1c6c63d22be1ab543e5a65d73aa17c4d0463109a84f7209c8fa3,TABELA REFERENCIAL OBRAS - DER-ES - 2025-10 - OUT/XLS/tab_DER-EDIFICAÇÕES_2025_10_servicos.xlsx!A404,2025-10,2025-11,m2,PISOS INTERNOS E EXTERNOS / LASTRO DE CONTRAPISO,True,False,43.53,43.68,43.68,43.53,,,False,False,d856141d8d195b8bf3114dd64686b80db08318d557f9eb5f279d84fffec1a86e,treino,False,False
der_es,sem_desoneracao,130104,"Regularização de base p/ revestimento cerâmico, com argamassa de cimento e areia no traço 1:5, espessura 5cm",PISOS INTERNOS E EXTERNOS / LASTRO DE CONTRAPISO,m2,47f104b3f4bd1457c65938d737ffa872a22db73f912ac33731019441a77f77e5,d856141d8d195b8bf3114dd64686b80db08318d557f9eb5f279d84fffec1a86e,TABELA REFERENCIAL OBRAS - DER-ES - 2025-11 - NOV/XLS/tab_DER-EDIFICAÇÕES_2025_11_servicos.xlsx!A404,2025-11,2025-12,m2,PISOS INTERNOS E EXTERNOS / LASTRO DE CONTRAPISO,True,False,43.53,43.53,43.68,43.97,,,False,False,cf2ae6d6af6081526a2c2c6a6446342c23099ac3a9c81f310e3a5da2680fb053,treino,False,False
der_es,sem_desoneracao,130104,"Regularização de base p/ revestimento cerâmico, com argamassa de cimento e areia no traço 1:5, espessura 5cm",PISOS INTERNOS E EXTERNOS / LASTRO DE CONTRAPISO,m2,47f104b3f4bd1457c65938d737ffa872a22db73f912ac33731019441a77f77e5,cf2ae6d6af6081526a2c2c6a6446342c23099ac3a9c81f310e3a5da2680fb053,TABELA REFERENCIAL OBRAS - DER-ES - 2025-12 - DEZ/XLS/tab_DER-EDIFICAÇÕES_2025_12_servicos.xlsx!A404,2025-12,2026-01,m2,PISOS INTERNOS E EXTERNOS / LASTRO DE CONTRAPISO,True,False,43.97,43.53,43.53,43.97,,,False,False,4feebcbe8c47058cf57314347405d833cdfb5d2340951f005ab53d27ae84fd84,validacao,False,False
der_es,sem_desoneracao,130104,"Regularização de base p/ revestimento cerâmico, com argamassa de cimento e areia no traço 1:5, espessura 5cm",PISOS INTERNOS E EXTERNOS / LASTRO DE CONTRAPISO,m2,47f104b3f4bd1457c65938d737ffa872a22db73f912ac33731019441a77f77e5,4feebcbe8c47058cf57314347405d833cdfb5d2340951f005ab53d27ae84fd84,TABELA REFERENCIAL OBRAS - DER-ES - 2026-01 - JAN/XLS/tab_DER-EDIFICAÇÕES_2026_01_servicos.xlsx!A404,2026-01,2026-02,m2,PISOS INTERNOS E EXTERNOS / LASTRO DE CONTRAPISO,True,False,43.97,43.97,43.53,43.39,,,False,False,1a7537f06fa9b2a1aff5982ae95ae6bf2ec16498e28430445e55584fbcce9a3c,validacao,False,False
der_es,sem_desoneracao,130104,"Regularização de base p/ revestimento cerâmico, com argamassa de cimento e areia no traço 1:5, espessura 5cm",PISOS INTERNOS E EXTERNOS / LASTRO DE CONTRAPISO,m2,47f104b3f4bd1457c65938d737ffa872a22db73f912ac33731019441a77f77e5,1a7537f06fa9b2a1aff5982ae95ae6bf2ec16498e28430445e55584fbcce9a3c,TABELA REFERENCIAL OBRAS - DER-ES - 2026-02 - FEV/XLS/tab_DER-EDIFICAÇÕES_2026_02_servicos.xlsx!A404,2026-02,2026-03,m2,PISOS INTERNOS E EXTERNOS / LASTRO DE CONTRAPISO,True,False,43.39,43.97,43.97,43.39,,,False,False,c9a408180051aaa4e38fe277afd37500d913d617b22cb55cd61158248094d761,teste,False,False
der_es,sem_desoneracao,130104,"Regularização de base p/ revestimento cerâmico, com argamassa de cimento e areia no traço 1:5, espessura 5cm",PISOS INTERNOS E EXTERNOS / LASTRO DE CONTRAPISO,m2,47f104b3f4bd1457c65938d737ffa872a22db73f912ac33731019441a77f77e5,c9a408180051aaa4e38fe277afd37500d913d617b22cb55cd61158248094d761,TABELA REFERENCIAL OBRAS - DER-ES - 2026-03 - MAR/XLS/tab_DER-EDIFICAÇÕES_2026_03_servicos.xlsx!A404,2026-03,2026-04,m2,PISOS INTERNOS E EXTERNOS / LASTRO DE CONTRAPISO,True,False,43.39,43.39,43.97,43.51,,,False,False,b07a6f7cd81d76e43925b8f994875b35e8468c5a37790367db80f72665fc0b2b,teste,False,False
der_es,sem_desoneracao,130104,"Regularização de base p/ revestimento cerâmico, com argamassa de cimento e areia no traço 1:5, espessura 5cm",PISOS INTERNOS E EXTERNOS / LASTRO DE CONTRAPISO,m2,47f104b3f4bd1457c65938d737ffa872a22db73f912ac33731019441a77f77e5,b07a6f7cd81d76e43925b8f994875b35e8468c5a37790367db80f72665fc0b2b,TABELA REFERENCIAL OBRAS - DER-ES - 2026-04 - ABR/XLS/tab_DER-EDIFICAÇÕES_2026_04_servicos.xlsx!A404,2026-04,2026-05,m2,PISOS INTERNOS E EXTERNOS / LASTRO DE CONTRAPISO,True,False,43.51,43.39,43.39,45.33,,,False,False,9d7efd575c10dc676bc49f5acb5630fa9b3cd2b98449be07612e1891e8d213f6,teste,False,False
der_es,sem_desoneracao,130109,"Lastro regularizado e impermeabilizado de concreto não estrutural, espessura de 8 cm",PISOS INTERNOS E EXTERNOS / LASTRO DE CONTRAPISO,m2,f50936ab4f0ea400afb082e5aef83407de65a4ac0a27024addeca6d3a679bccd,2dd7e7c15552e8663b500f12008e09dc39c3816602e826e994d7dc8922d7ac8f,TABELA REFERENCIAL OBRAS - DER-ES - 2025-03 - MAR/XLS/tab_DER-EDIFICAÇσES_2025_03_servicos.xlsx!A405,2025-03,2025-04,m2,PISOS INTERNOS E EXTERNOS / LASTRO DE CONTRAPISO,True,False,81.86,81.86,83.98,82.32,,,False,False,d2087ecf8affe6feb21bd38f6045155bdc7d4b18356273e8e54c68d96e73dbd4,treino,False,False
der_es,sem_desoneracao,130109,"Lastro regularizado e impermeabilizado de concreto não estrutural, espessura de 8 cm",PISOS INTERNOS E EXTERNOS / LASTRO DE CONTRAPISO,m2,f50936ab4f0ea400afb082e5aef83407de65a4ac0a27024addeca6d3a679bccd,d2087ecf8affe6feb21bd38f6045155bdc7d4b18356273e8e54c68d96e73dbd4,TABELA REFERENCIAL OBRAS - DER-ES - 2025-04 - ABR/XLS/tab_DER-EDIFICAÇσES_2025_04_servicos.xlsx!A406,2025-04,2025-05,m2,PISOS INTERNOS E EXTERNOS / LASTRO DE CONTRAPISO,True,False,82.32,81.86,81.86,85.94,,,False,False,2bf6c2c7e6a976b4518fe548f59e259ac8091a61f440b44f17701ff9a0f00926,treino,False,False
der_es,sem_desoneracao,130109,"Lastro regularizado e impermeabilizado de concreto não estrutural, espessura de 8 cm",PISOS INTERNOS E EXTERNOS / LASTRO DE CONTRAPISO,m2,f50936ab4f0ea400afb082e5aef83407de65a4ac0a27024addeca6d3a679bccd,2bf6c2c7e6a976b4518fe548f59e259ac8091a61f440b44f17701ff9a0f00926,TABELA REFERENCIAL OBRAS - DER-ES - 2025-05 - MAI/XLS/tab_DER-EDIFICAÇσES_2025_05_servicos.xlsx!A407,2025-05,2025-06,m2,PISOS INTERNOS E EXTERNOS / LASTRO DE CONTRAPISO,True,False,85.94,82.32,81.86,87.09,,,False,False,22734abdbfefadc850a2608b6f454b5f7c18b5e3c19f87c396d85d1e76c75234,treino,False,False
der_es,sem_desoneracao,130109,"Lastro regularizado e impermeabilizado de concreto não estrutural, espessura de 8 cm",PISOS INTERNOS E EXTERNOS / LASTRO DE CONTRAPISO,m2,f50936ab4f0ea400afb082e5aef83407de65a4ac0a27024addeca6d3a679bccd,22734abdbfefadc850a2608b6f454b5f7c18b5e3c19f87c396d85d1e76c75234,TABELA REFERENCIAL OBRAS - DER-ES - 2025-06 - JUN/XLS/tab_DER-EDIFICAÇÕES_2025_06_servicos.xlsx!A405,2025-06,2025-07,m2,PISOS INTERNOS E EXTERNOS / LASTRO DE CONTRAPISO,True,False,87.09,85.94,82.32,87.09,,,False,False,9f2d3bc52e35d3a9c0317f2bbd34359ce4b9eb726cfdad03719dc91ab8a6eb52,treino,False,False
der_es,sem_desoneracao,130109,"Lastro regularizado e impermeabilizado de concreto não estrutural, espessura de 8 cm",PISOS INTERNOS E EXTERNOS / LASTRO DE CONTRAPISO,m2,f50936ab4f0ea400afb082e5aef83407de65a4ac0a27024addeca6d3a679bccd,9f2d3bc52e35d3a9c0317f2bbd34359ce4b9eb726cfdad03719dc91ab8a6eb52,TABELA REFERENCIAL OBRAS - DER-ES - 2025-07 - JUL/TABELA REFERENCIAL OBRAS - DER-ES - 2025-07 - JUL/XLS/tab_DER-EDIFICAÇÕES_2025_07_servicos.xlsx!A405,2025-07,2025-08,m2,PISOS INTERNOS E EXTERNOS / LASTRO DE CONTRAPISO,True,False,87.09,87.09,85.94,88.42,,,False,False,f4e1c72d0bc82c19d0327a48458bea46cf1a06c556062fe2206e7955be9a14b1,treino,False,False
der_es,sem_desoneracao,130109,"Lastro regularizado e impermeabilizado de concreto não estrutural, espessura de 8 cm",PISOS INTERNOS E EXTERNOS / LASTRO DE CONTRAPISO,m2,f50936ab4f0ea400afb082e5aef83407de65a4ac0a27024addeca6d3a679bccd,f4e1c72d0bc82c19d0327a48458bea46cf1a06c556062fe2206e7955be9a14b1,TABELA REFERENCIAL OBRAS - DER-ES - 2025-08 - AGO/XLS/tab_DER-EDIFICAÇÕES_2025_08_servicos.xlsx!A405,2025-08,2025-09,m2,PISOS INTERNOS E EXTERNOS / LASTRO DE CONTRAPISO,True,False,88.42,87.09,87.09,88.42,,,False,False,7b1be34ee7d5dd82bcaeb75a32037ae0f2eea1e439205f05e57077b8a3567875,treino,False,False
der_es,sem_desoneracao,130109,"Lastro regularizado e impermeabilizado de concreto não estrutural, espessura de 8 cm",PISOS INTERNOS E EXTERNOS / LASTRO DE CONTRAPISO,m2,f50936ab4f0ea400afb082e5aef83407de65a4ac0a27024addeca6d3a679bccd,7b1be34ee7d5dd82bcaeb75a32037ae0f2eea1e439205f05e57077b8a3567875,TABELA REFERENCIAL OBRAS - DER-ES - 2025-09 - SET/XLS/tab_DER-EDIFICAÇÕES_2025_09_servicos.xlsx!A405,2025-09,2025-10,m2,PISOS INTERNOS E EXTERNOS / LASTRO DE CONTRAPISO,True,False,88.42,88.42,87.09,86.77,,,False,False,25f27b5ef0ad1c6c63d22be1ab543e5a65d73aa17c4d0463109a84f7209c8fa3,treino,False,False
der_es,sem_desoneracao,130109,"Lastro regularizado e impermeabilizado de concreto não estrutural, espessura de 8 cm",PISOS INTERNOS E EXTERNOS / LASTRO DE CONTRAPISO,m2,f50936ab4f0ea400afb082e5aef83407de65a4ac0a27024addeca6d3a679bccd,25f27b5ef0ad1c6c63d22be1ab543e5a65d73aa17c4d0463109a84f7209c8fa3,TABELA REFERENCIAL OBRAS - DER-ES - 2025-10 - OUT/XLS/tab_DER-EDIFICAÇÕES_2025_10_servicos.xlsx!A405,2025-10,2025-11,m2,PISOS INTERNOS E EXTERNOS / LASTRO DE CONTRAPISO,True,False,86.77,88.42,88.42,86.77,,,False,False,d856141d8d195b8bf3114dd64686b80db08318d557f9eb5f279d84fffec1a86e,treino,False,False
der_es,sem_desoneracao,130109,"Lastro regularizado e impermeabilizado de concreto não estrutural, espessura de 8 cm",PISOS INTERNOS E EXTERNOS / LASTRO DE CONTRAPISO,m2,f50936ab4f0ea400afb082e5aef83407de65a4ac0a27024addeca6d3a679bccd,d856141d8d195b8bf3114dd64686b80db08318d557f9eb5f279d84fffec1a86e,TABELA REFERENCIAL OBRAS - DER-ES - 2025-11 - NOV/XLS/tab_DER-EDIFICAÇÕES_2025_11_servicos.xlsx!A405,2025-11,2025-12,m2,PISOS INTERNOS E EXTERNOS / LASTRO DE CONTRAPISO,True,False,86.77,86.77,88.42,87.43,,,False,False,cf2ae6d6af6081526a2c2c6a6446342c23099ac3a9c81f310e3a5da2680fb053,treino,False,False
der_es,sem_desoneracao,130109,"Lastro regularizado e impermeabilizado de concreto não estrutural, espessura de 8 cm",PISOS INTERNOS E EXTERNOS / LASTRO DE CONTRAPISO,m2,f50936ab4f0ea400afb082e5aef83407de65a4ac0a27024addeca6d3a679bccd,cf2ae6d6af6081526a2c2c6a6446342c23099ac3a9c81f310e3a5da2680fb053,TABELA REFERENCIAL OBRAS - DER-ES - 2025-12 - DEZ/XLS/tab_DER-EDIFICAÇÕES_2025_12_servicos.xlsx!A405,2025-12,2026-01,m2,PISOS INTERNOS E EXTERNOS / LASTRO DE CONTRAPISO,True,False,87.43,86.77,86.77,87.43,,,False,False,4feebcbe8c47058cf57314347405d833cdfb5d2340951f005ab53d27ae84fd84,validacao,False,False
der_es,sem_desoneracao,130109,"Lastro regularizado e impermeabilizado de concreto não estrutural, espessura de 8 cm",PISOS INTERNOS E EXTERNOS / LASTRO DE CONTRAPISO,m2,f50936ab4f0ea400afb082e5aef83407de65a4ac0a27024addeca6d3a679bccd,4feebcbe8c47058cf57314347405d833cdfb5d2340951f005ab53d27ae84fd84,TABELA REFERENCIAL OBRAS - DER-ES - 2026-01 - JAN/XLS/tab_DER-EDIFICAÇÕES_2026_01_servicos.xlsx!A405,2026-01,2026-02,m2,PISOS INTERNOS E EXTERNOS / LASTRO DE CONTRAPISO,True,False,87.43,87.43,86.77,87.66,,,False,False,1a7537f06fa9b2a1aff5982ae95ae6bf2ec16498e28430445e55584fbcce9a3c,validacao,False,False
der_es,sem_desoneracao,130109,"Lastro regularizado e impermeabilizado de concreto não estrutural, espessura de 8 cm",PISOS INTERNOS E EXTERNOS / LASTRO DE CONTRAPISO,m2,f50936ab4f0ea400afb082e5aef83407de65a4ac0a27024addeca6d3a679bccd,1a7537f06fa9b2a1aff5982ae95ae6bf2ec16498e28430445e55584fbcce9a3c,TABELA REFERENCIAL OBRAS - DER-ES - 2026-02 - FEV/XLS/tab_DER-EDIFICAÇÕES_2026_02_servicos.xlsx!A405,2026-02,2026-03,m2,PISOS INTERNOS E EXTERNOS / LASTRO DE CONTRAPISO,True,False,87.66,87.43,87.43,87.66,,,False,False,c9a408180051aaa4e38fe277afd37500d913d617b22cb55cd61158248094d761,teste,False,False
der_es,sem_desoneracao,130109,"Lastro regularizado e impermeabilizado de concreto não estrutural, espessura de 8 cm",PISOS INTERNOS E EXTERNOS / LASTRO DE CONTRAPISO,m2,f50936ab4f0ea400afb082e5aef83407de65a4ac0a27024addeca6d3a679bccd,c9a408180051aaa4e38fe277afd37500d913d617b22cb55cd61158248094d761,TABELA REFERENCIAL OBRAS - DER-ES - 2026-03 - MAR/XLS/tab_DER-EDIFICAÇÕES_2026_03_servicos.xlsx!A405,2026-03,2026-04,m2,PISOS INTERNOS E EXTERNOS / LASTRO DE CONTRAPISO,True,False,87.66,87.66,87.43,87.59,,,False,False,b07a6f7cd81d76e43925b8f994875b35e8468c5a37790367db80f72665fc0b2b,teste,False,False
der_es,sem_desoneracao,130109,"Lastro regularizado e impermeabilizado de concreto não estrutural, espessura de 8 cm",PISOS INTERNOS E EXTERNOS / LASTRO DE CONTRAPISO,m2,f50936ab4f0ea400afb082e5aef83407de65a4ac0a27024addeca6d3a679bccd,b07a6f7cd81d76e43925b8f994875b35e8468c5a37790367db80f72665fc0b2b,TABELA REFERENCIAL OBRAS - DER-ES - 2026-04 - ABR/XLS/tab_DER-EDIFICAÇÕES_2026_04_servicos.xlsx!A405,2026-04,2026-05,m2,PISOS INTERNOS E EXTERNOS / LASTRO DE CONTRAPISO,True,False,87.59,87.66,87.66,90.57,,,False,False,9d7efd575c10dc676bc49f5acb5630fa9b3cd2b98449be07612e1891e8d213f6,teste,False,False
der_es,sem_desoneracao,130110,"Lastro regularizado de concreto não estrutural, espessura de 8 cm",PISOS INTERNOS E EXTERNOS / LASTRO DE CONTRAPISO,m2,3ae9964f6b197b523b714b0fce6a41babc9e9e018268af41f355fc0fe2f6e4fa,2dd7e7c15552e8663b500f12008e09dc39c3816602e826e994d7dc8922d7ac8f,TABELA REFERENCIAL OBRAS - DER-ES - 2025-03 - MAR/XLS/tab_DER-EDIFICAÇσES_2025_03_servicos.xlsx!A406,2025-03,2025-04,m2,PISOS INTERNOS E EXTERNOS / LASTRO DE CONTRAPISO,True,False,69.94,69.94,70.67,70.4,,,False,False,d2087ecf8affe6feb21bd38f6045155bdc7d4b18356273e8e54c68d96e73dbd4,treino,False,False
der_es,sem_desoneracao,130110,"Lastro regularizado de concreto não estrutural, espessura de 8 cm",PISOS INTERNOS E EXTERNOS / LASTRO DE CONTRAPISO,m2,3ae9964f6b197b523b714b0fce6a41babc9e9e018268af41f355fc0fe2f6e4fa,d2087ecf8affe6feb21bd38f6045155bdc7d4b18356273e8e54c68d96e73dbd4,TABELA REFERENCIAL OBRAS - DER-ES - 2025-04 - ABR/XLS/tab_DER-EDIFICAÇσES_2025_04_servicos.xlsx!A407,2025-04,2025-05,m2,PISOS INTERNOS E EXTERNOS / LASTRO DE CONTRAPISO,True,False,70.4,69.94,69.94,74.02,,,False,False,2bf6c2c7e6a976b4518fe548f59e259ac8091a61f440b44f17701ff9a0f00926,treino,False,False
der_es,sem_desoneracao,130110,"Lastro regularizado de concreto não estrutural, espessura de 8 cm",PISOS INTERNOS E EXTERNOS / LASTRO DE CONTRAPISO,m2,3ae9964f6b197b523b714b0fce6a41babc9e9e018268af41f355fc0fe2f6e4fa,2bf6c2c7e6a976b4518fe548f59e259ac8091a61f440b44f17701ff9a0f00926,TABELA REFERENCIAL OBRAS - DER-ES - 2025-05 - MAI/XLS/tab_DER-EDIFICAÇσES_2025_05_servicos.xlsx!A408,2025-05,2025-06,m2,PISOS INTERNOS E EXTERNOS / LASTRO DE CONTRAPISO,True,False,74.02,70.4,69.94,74.21,,,False,False,22734abdbfefadc850a2608b6f454b5f7c18b5e3c19f87c396d85d1e76c75234,treino,False,False
der_es,sem_desoneracao,130110,"Lastro regularizado de concreto não estrutural, espessura de 8 cm",PISOS INTERNOS E EXTERNOS / LASTRO DE CONTRAPISO,m2,3ae9964f6b197b523b714b0fce6a41babc9e9e018268af41f355fc0fe2f6e4fa,22734abdbfefadc850a2608b6f454b5f7c18b5e3c19f87c396d85d1e76c75234,TABELA REFERENCIAL OBRAS - DER-ES - 2025-06 - JUN/XLS/tab_DER-EDIFICAÇÕES_2025_06_servicos.xlsx!A406,2025-06,2025-07,m2,PISOS INTERNOS E EXTERNOS / LASTRO DE CONTRAPISO,True,False,74.21,74.02,70.4,74.21,,,False,False,9f2d3bc52e35d3a9c0317f2bbd34359ce4b9eb726cfdad03719dc91ab8a6eb52,treino,False,False
der_es,sem_desoneracao,130110,"Lastro regularizado de concreto não estrutural, espessura de 8 cm",PISOS INTERNOS E EXTERNOS / LASTRO DE CONTRAPISO,m2,3ae9964f6b197b523b714b0fce6a41babc9e9e018268af41f355fc0fe2f6e4fa,9f2d3bc52e35d3a9c0317f2bbd34359ce4b9eb726cfdad03719dc91ab8a6eb52,TABELA REFERENCIAL OBRAS - DER-ES - 2025-07 - JUL/TABELA REFERENCIAL OBRAS - DER-ES - 2025-07 - JUL/XLS/tab_DER-EDIFICAÇÕES_2025_07_servicos.xlsx!A406,2025-07,2025-08,m2,PISOS INTERNOS E EXTERNOS / LASTRO DE CONTRAPISO,True,False,74.21,74.21,74.02,75.54,,,False,False,f4e1c72d0bc82c19d0327a48458bea46cf1a06c556062fe2206e7955be9a14b1,treino,False,False
der_es,sem_desoneracao,130110,"Lastro regularizado de concreto não estrutural, espessura de 8 cm",PISOS INTERNOS E EXTERNOS / LASTRO DE CONTRAPISO,m2,3ae9964f6b197b523b714b0fce6a41babc9e9e018268af41f355fc0fe2f6e4fa,f4e1c72d0bc82c19d0327a48458bea46cf1a06c556062fe2206e7955be9a14b1,TABELA REFERENCIAL OBRAS - DER-ES - 2025-08 - AGO/XLS/tab_DER-EDIFICAÇÕES_2025_08_servicos.xlsx!A406,2025-08,2025-09,m2,PISOS INTERNOS E EXTERNOS / LASTRO DE CONTRAPISO,True,False,75.54,74.21,74.21,75.54,,,False,False,7b1be34ee7d5dd82bcaeb75a32037ae0f2eea1e439205f05e57077b8a3567875,treino,False,False
der_es,sem_desoneracao,130110,"Lastro regularizado de concreto não estrutural, espessura de 8 cm",PISOS INTERNOS E EXTERNOS / LASTRO DE CONTRAPISO,m2,3ae9964f6b197b523b714b0fce6a41babc9e9e018268af41f355fc0fe2f6e4fa,7b1be34ee7d5dd82bcaeb75a32037ae0f2eea1e439205f05e57077b8a3567875,TABELA REFERENCIAL OBRAS - DER-ES - 2025-09 - SET/XLS/tab_DER-EDIFICAÇÕES_2025_09_servicos.xlsx!A406,2025-09,2025-10,m2,PISOS INTERNOS E EXTERNOS / LASTRO DE CONTRAPISO,True,False,75.54,75.54,74.21,75.38,,,False,False,25f27b5ef0ad1c6c63d22be1ab543e5a65d73aa17c4d0463109a84f7209c8fa3,treino,False,False
der_es,sem_desoneracao,130110,"Lastro regularizado de concreto não estrutural, espessura de 8 cm",PISOS INTERNOS E EXTERNOS / LASTRO DE CONTRAPISO,m2,3ae9964f6b197b523b714b0fce6a41babc9e9e018268af41f355fc0fe2f6e4fa,25f27b5ef0ad1c6c63d22be1ab543e5a65d73aa17c4d0463109a84f7209c8fa3,TABELA REFERENCIAL OBRAS - DER-ES - 2025-10 - OUT/XLS/tab_DER-EDIFICAÇÕES_2025_10_servicos.xlsx!A406,2025-10,2025-11,m2,PISOS INTERNOS E EXTERNOS / LASTRO DE CONTRAPISO,True,False,75.38,75.54,75.54,75.38,,,False,False,d856141d8d195b8bf3114dd64686b80db08318d557f9eb5f279d84fffec1a86e,treino,False,False
der_es,sem_desoneracao,130110,"Lastro regularizado de concreto não estrutural, espessura de 8 cm",PISOS INTERNOS E EXTERNOS / LASTRO DE CONTRAPISO,m2,3ae9964f6b197b523b714b0fce6a41babc9e9e018268af41f355fc0fe2f6e4fa,d856141d8d195b8bf3114dd64686b80db08318d557f9eb5f279d84fffec1a86e,TABELA REFERENCIAL OBRAS - DER-ES - 2025-11 - NOV/XLS/tab_DER-EDIFICAÇÕES_2025_11_servicos.xlsx!A406,2025-11,2025-12,m2,PISOS INTERNOS E EXTERNOS / LASTRO DE CONTRAPISO,True,False,75.38,75.38,75.54,76.04,,,False,False,cf2ae6d6af6081526a2c2c6a6446342c23099ac3a9c81f310e3a5da2680fb053,treino,False,False
der_es,sem_desoneracao,130110,"Lastro regularizado de concreto não estrutural, espessura de 8 cm",PISOS INTERNOS E EXTERNOS / LASTRO DE CONTRAPISO,m2,3ae9964f6b197b523b714b0fce6a41babc9e9e018268af41f355fc0fe2f6e4fa,cf2ae6d6af6081526a2c2c6a6446342c23099ac3a9c81f310e3a5da2680fb053,TABELA REFERENCIAL OBRAS - DER-ES - 2025-12 - DEZ/XLS/tab_DER-EDIFICAÇÕES_2025_12_servicos.xlsx!A406,2025-12,2026-01,m2,PISOS INTERNOS E EXTERNOS / LASTRO DE CONTRAPISO,True,False,76.04,75.38,75.38,76.04,,,False,False,4feebcbe8c47058cf57314347405d833cdfb5d2340951f005ab53d27ae84fd84,validacao,False,False
der_es,sem_desoneracao,130110,"Lastro regularizado de concreto não estrutural, espessura de 8 cm",PISOS INTERNOS E EXTERNOS / LASTRO DE CONTRAPISO,m2,3ae9964f6b197b523b714b0fce6a41babc9e9e018268af41f355fc0fe2f6e4fa,4feebcbe8c47058cf57314347405d833cdfb5d2340951f005ab53d27ae84fd84,TABELA REFERENCIAL OBRAS - DER-ES - 2026-01 - JAN/XLS/tab_DER-EDIFICAÇÕES_2026_01_servicos.xlsx!A406,2026-01,2026-02,m2,PISOS INTERNOS E EXTERNOS / LASTRO DE CONTRAPISO,True,False,76.04,76.04,75.38,75.62,,,False,False,1a7537f06fa9b2a1aff5982ae95ae6bf2ec16498e28430445e55584fbcce9a3c,validacao,False,False
der_es,sem_desoneracao,130110,"Lastro regularizado de concreto não estrutural, espessura de 8 cm",PISOS INTERNOS E EXTERNOS / LASTRO DE CONTRAPISO,m2,3ae9964f6b197b523b714b0fce6a41babc9e9e018268af41f355fc0fe2f6e4fa,1a7537f06fa9b2a1aff5982ae95ae6bf2ec16498e28430445e55584fbcce9a3c,TABELA REFERENCIAL OBRAS - DER-ES - 2026-02 - FEV/XLS/tab_DER-EDIFICAÇÕES_2026_02_servicos.xlsx!A406,2026-02,2026-03,m2,PISOS INTERNOS E EXTERNOS / LASTRO DE CONTRAPISO,True,False,75.62,76.04,76.04,75.62,,,False,False,c9a408180051aaa4e38fe277afd37500d913d617b22cb55cd61158248094d761,teste,False,False
der_es,sem_desoneracao,130110,"Lastro regularizado de concreto não estrutural, espessura de 8 cm",PISOS INTERNOS E EXTERNOS / LASTRO DE CONTRAPISO,m2,3ae9964f6b197b523b714b0fce6a41babc9e9e018268af41f355fc0fe2f6e4fa,c9a408180051aaa4e38fe277afd37500d913d617b22cb55cd61158248094d761,TABELA REFERENCIAL OBRAS - DER-ES - 2026-03 - MAR/XLS/tab_DER-EDIFICAÇÕES_2026_03_servicos.xlsx!A406,2026-03,2026-04,m2,PISOS INTERNOS E EXTERNOS / LASTRO DE CONTRAPISO,True,False,75.62,75.62,76.04,75.55,,,False,False,b07a6f7cd81d76e43925b8f994875b35e8468c5a37790367db80f72665fc0b2b,teste,False,False
der_es,sem_desoneracao,130110,"Lastro regularizado de concreto não estrutural, espessura de 8 cm",PISOS INTERNOS E EXTERNOS / LASTRO DE CONTRAPISO,m2,3ae9964f6b197b523b714b0fce6a41babc9e9e018268af41f355fc0fe2f6e4fa,b07a6f7cd81d76e43925b8f994875b35e8468c5a37790367db80f72665fc0b2b,TABELA REFERENCIAL OBRAS - DER-ES - 2026-04 - ABR/XLS/tab_DER-EDIFICAÇÕES_2026_04_servicos.xlsx!A406,2026-04,2026-05,m2,PISOS INTERNOS E EXTERNOS / LASTRO DE CONTRAPISO,True,False,75.55,75.62,75.62,78.53,,,False,False,9d7efd575c10dc676bc49f5acb5630fa9b3cd2b98449be07612e1891e8d213f6,teste,False,False
der_es,sem_desoneracao,130111,"Lastro impermeabilizado de concreto não estrutural, espessura de 6 cm",PISOS INTERNOS E EXTERNOS / LASTRO DE CONTRAPISO,m2,805e5ce2138542fe39a084592b8d93644cc569318cd88e1d83590cb02825151b,2dd7e7c15552e8663b500f12008e09dc39c3816602e826e994d7dc8922d7ac8f,TABELA REFERENCIAL OBRAS - DER-ES - 2025-03 - MAR/XLS/tab_DER-EDIFICAÇσES_2025_03_servicos.xlsx!A407,2025-03,2025-04,m2,PISOS INTERNOS E EXTERNOS / LASTRO DE CONTRAPISO,True,False,61.99,61.99,63.58,62.35,,,False,False,d2087ecf8affe6feb21bd38f6045155bdc7d4b18356273e8e54c68d96e73dbd4,treino,False,False
der_es,sem_desoneracao,130111,"Lastro impermeabilizado de concreto não estrutural, espessura de 6 cm",PISOS INTERNOS E EXTERNOS / LASTRO DE CONTRAPISO,m2,805e5ce2138542fe39a084592b8d93644cc569318cd88e1d83590cb02825151b,d2087ecf8affe6feb21bd38f6045155bdc7d4b18356273e8e54c68d96e73dbd4,TABELA REFERENCIAL OBRAS - DER-ES - 2025-04 - ABR/XLS/tab_DER-EDIFICAÇσES_2025_04_servicos.xlsx!A408,2025-04,2025-05,m2,PISOS INTERNOS E EXTERNOS / LASTRO DE CONTRAPISO,True,False,62.35,61.99,61.99,65.12,,,False,False,2bf6c2c7e6a976b4518fe548f59e259ac8091a61f440b44f17701ff9a0f00926,treino,False,False
der_es,sem_desoneracao,130111,"Lastro impermeabilizado de concreto não estrutural, espessura de 6 cm",PISOS INTERNOS E EXTERNOS / LASTRO DE CONTRAPISO,m2,805e5ce2138542fe39a084592b8d93644cc569318cd88e1d83590cb02825151b,2bf6c2c7e6a976b4518fe548f59e259ac8091a61f440b44f17701ff9a0f00926,TABELA REFERENCIAL OBRAS - DER-ES - 2025-05 - MAI/XLS/tab_DER-EDIFICAÇσES_2025_05_servicos.xlsx!A409,2025-05,2025-06,m2,PISOS INTERNOS E EXTERNOS / LASTRO DE CONTRAPISO,True,False,65.12,62.35,61.99,65.97,,,False,False,22734abdbfefadc850a2608b6f454b5f7c18b5e3c19f87c396d85d1e76c75234,treino,False,False
der_es,sem_desoneracao,130111,"Lastro impermeabilizado de concreto não estrutural, espessura de 6 cm",PISOS INTERNOS E EXTERNOS / LASTRO DE CONTRAPISO,m2,805e5ce2138542fe39a084592b8d93644cc569318cd88e1d83590cb02825151b,22734abdbfefadc850a2608b6f454b5f7c18b5e3c19f87c396d85d1e76c75234,TABELA REFERENCIAL OBRAS - DER-ES - 2025-06 - JUN/XLS/tab_DER-EDIFICAÇÕES_2025_06_servicos.xlsx!A407,2025-06,2025-07,m2,PISOS INTERNOS E EXTERNOS / LASTRO DE CONTRAPISO,True,False,65.97,65.12,62.35,65.97,,,False,False,9f2d3bc52e35d3a9c0317f2bbd34359ce4b9eb726cfdad03719dc91ab8a6eb52,treino,False,False
der_es,sem_desoneracao,130111,"Lastro impermeabilizado de concreto não estrutural, espessura de 6 cm",PISOS INTERNOS E EXTERNOS / LASTRO DE CONTRAPISO,m2,805e5ce2138542fe39a084592b8d93644cc569318cd88e1d83590cb02825151b,9f2d3bc52e35d3a9c0317f2bbd34359ce4b9eb726cfdad03719dc91ab8a6eb52,TABELA REFERENCIAL OBRAS - DER-ES - 2025-07 - JUL/TABELA REFERENCIAL OBRAS - DER-ES - 2025-07 - JUL/XLS/tab_DER-EDIFICAÇÕES_2025_07_servicos.xlsx!A407,2025-07,2025-08,m2,PISOS INTERNOS E EXTERNOS / LASTRO DE CONTRAPISO,True,False,65.97,65.97,65.12,66.96,,,False,False,f4e1c72d0bc82c19d0327a48458bea46cf1a06c556062fe2206e7955be9a14b1,treino,False,False
der_es,sem_desoneracao,130111,"Lastro impermeabilizado de concreto não estrutural, espessura de 6 cm",PISOS INTERNOS E EXTERNOS / LASTRO DE CONTRAPISO,m2,805e5ce2138542fe39a084592b8d93644cc569318cd88e1d83590cb02825151b,f4e1c72d0bc82c19d0327a48458bea46cf1a06c556062fe2206e7955be9a14b1,TABELA REFERENCIAL OBRAS - DER-ES - 2025-08 - AGO/XLS/tab_DER-EDIFICAÇÕES_2025_08_servicos.xlsx!A407,2025-08,2025-09,m2,PISOS INTERNOS E EXTERNOS / LASTRO DE CONTRAPISO,True,False,66.96,65.97,65.97,66.96,,,False,False,7b1be34ee7d5dd82bcaeb75a32037ae0f2eea1e439205f05e57077b8a3567875,treino,False,False
der_es,sem_desoneracao,130111,"Lastro impermeabilizado de concreto não estrutural, espessura de 6 cm",PISOS INTERNOS E EXTERNOS / LASTRO DE CONTRAPISO,m2,805e5ce2138542fe39a084592b8d93644cc569318cd88e1d83590cb02825151b,7b1be34ee7d5dd82bcaeb75a32037ae0f2eea1e439205f05e57077b8a3567875,TABELA REFERENCIAL OBRAS - DER-ES - 2025-09 - SET/XLS/tab_DER-EDIFICAÇÕES_2025_09_servicos.xlsx!A407,2025-09,2025-10,m2,PISOS INTERNOS E EXTERNOS / LASTRO DE CONTRAPISO,True,False,66.96,66.96,65.97,65.71,,,False,False,25f27b5ef0ad1c6c63d22be1ab543e5a65d73aa17c4d0463109a84f7209c8fa3,treino,False,False
der_es,sem_desoneracao,130111,"Lastro impermeabilizado de concreto não estrutural, espessura de 6 cm",PISOS INTERNOS E EXTERNOS / LASTRO DE CONTRAPISO,m2,805e5ce2138542fe39a084592b8d93644cc569318cd88e1d83590cb02825151b,25f27b5ef0ad1c6c63d22be1ab543e5a65d73aa17c4d0463109a84f7209c8fa3,TABELA REFERENCIAL OBRAS - DER-ES - 2025-10 - OUT/XLS/tab_DER-EDIFICAÇÕES_2025_10_servicos.xlsx!A407,2025-10,2025-11,m2,PISOS INTERNOS E EXTERNOS / LASTRO DE CONTRAPISO,True,False,65.71,66.96,66.96,65.71,,,False,False,d856141d8d195b8bf3114dd64686b80db08318d557f9eb5f279d84fffec1a86e,treino,False,False
der_es,sem_desoneracao,130111,"Lastro impermeabilizado de concreto não estrutural, espessura de 6 cm",PISOS INTERNOS E EXTERNOS / LASTRO DE CONTRAPISO,m2,805e5ce2138542fe39a084592b8d93644cc569318cd88e1d83590cb02825151b,d856141d8d195b8bf3114dd64686b80db08318d557f9eb5f279d84fffec1a86e,TABELA REFERENCIAL OBRAS - DER-ES - 2025-11 - NOV/XLS/tab_DER-EDIFICAÇÕES_2025_11_servicos.xlsx!A407,2025-11,2025-12,m2,PISOS INTERNOS E EXTERNOS / LASTRO DE CONTRAPISO,True,False,65.71,65.71,66.96,66.21,,,False,False,cf2ae6d6af6081526a2c2c6a6446342c23099ac3a9c81f310e3a5da2680fb053,treino,False,False
der_es,sem_desoneracao,130111,"Lastro impermeabilizado de concreto não estrutural, espessura de 6 cm",PISOS INTERNOS E EXTERNOS / LASTRO DE CONTRAPISO,m2,805e5ce2138542fe39a084592b8d93644cc569318cd88e1d83590cb02825151b,cf2ae6d6af6081526a2c2c6a6446342c23099ac3a9c81f310e3a5da2680fb053,TABELA REFERENCIAL OBRAS - DER-ES - 2025-12 - DEZ/XLS/tab_DER-EDIFICAÇÕES_2025_12_servicos.xlsx!A407,2025-12,2026-01,m2,PISOS INTERNOS E EXTERNOS / LASTRO DE CONTRAPISO,True,False,66.21,65.71,65.71,66.21,,,False,False,4feebcbe8c47058cf57314347405d833cdfb5d2340951f005ab53d27ae84fd84,validacao,False,False
der_es,sem_desoneracao,130111,"Lastro impermeabilizado de concreto não estrutural, espessura de 6 cm",PISOS INTERNOS E EXTERNOS / LASTRO DE CONTRAPISO,m2,805e5ce2138542fe39a084592b8d93644cc569318cd88e1d83590cb02825151b,4feebcbe8c47058cf57314347405d833cdfb5d2340951f005ab53d27ae84fd84,TABELA REFERENCIAL OBRAS - DER-ES - 2026-01 - JAN/XLS/tab_DER-EDIFICAÇÕES_2026_01_servicos.xlsx!A407,2026-01,2026-02,m2,PISOS INTERNOS E EXTERNOS / LASTRO DE CONTRAPISO,True,False,66.21,66.21,65.71,66.4,,,False,False,1a7537f06fa9b2a1aff5982ae95ae6bf2ec16498e28430445e55584fbcce9a3c,validacao,False,False
der_es,sem_desoneracao,130111,"Lastro impermeabilizado de concreto não estrutural, espessura de 6 cm",PISOS INTERNOS E EXTERNOS / LASTRO DE CONTRAPISO,m2,805e5ce2138542fe39a084592b8d93644cc569318cd88e1d83590cb02825151b,1a7537f06fa9b2a1aff5982ae95ae6bf2ec16498e28430445e55584fbcce9a3c,TABELA REFERENCIAL OBRAS - DER-ES - 2026-02 - FEV/XLS/tab_DER-EDIFICAÇÕES_2026_02_servicos.xlsx!A407,2026-02,2026-03,m2,PISOS INTERNOS E EXTERNOS / LASTRO DE CONTRAPISO,True,False,66.4,66.21,66.21,66.4,,,False,False,c9a408180051aaa4e38fe277afd37500d913d617b22cb55cd61158248094d761,teste,False,False
der_es,sem_desoneracao,130111,"Lastro impermeabilizado de concreto não estrutural, espessura de 6 cm",PISOS INTERNOS E EXTERNOS / LASTRO DE CONTRAPISO,m2,805e5ce2138542fe39a084592b8d93644cc569318cd88e1d83590cb02825151b,c9a408180051aaa4e38fe277afd37500d913d617b22cb55cd61158248094d761,TABELA REFERENCIAL OBRAS - DER-ES - 2026-03 - MAR/XLS/tab_DER-EDIFICAÇÕES_2026_03_servicos.xlsx!A407,2026-03,2026-04,m2,PISOS INTERNOS E EXTERNOS / LASTRO DE CONTRAPISO,True,False,66.4,66.4,66.21,66.33,,,False,False,b07a6f7cd81d76e43925b8f994875b35e8468c5a37790367db80f72665fc0b2b,teste,False,False
der_es,sem_desoneracao,130111,"Lastro impermeabilizado de concreto não estrutural, espessura de 6 cm",PISOS INTERNOS E EXTERNOS / LASTRO DE CONTRAPISO,m2,805e5ce2138542fe39a084592b8d93644cc569318cd88e1d83590cb02825151b,b07a6f7cd81d76e43925b8f994875b35e8468c5a37790367db80f72665fc0b2b,TABELA REFERENCIAL OBRAS - DER-ES - 2026-04 - ABR/XLS/tab_DER-EDIFICAÇÕES_2026_04_servicos.xlsx!A407,2026-04,2026-05,m2,PISOS INTERNOS E EXTERNOS / LASTRO DE CONTRAPISO,True,False,66.33,66.4,66.4,68.6,,,False,False,9d7efd575c10dc676bc49f5acb5630fa9b3cd2b98449be07612e1891e8d213f6,teste,False,False
der_es,sem_desoneracao,130112,"Lastro de concreto não estrutural, espessura de 6 cm",PISOS INTERNOS E EXTERNOS / LASTRO DE CONTRAPISO,m2,e29037a39ee31b07b5b04b64def3620b40ff7b58047ccf52bae7f27c7a48fa5e,2dd7e7c15552e8663b500f12008e09dc39c3816602e826e994d7dc8922d7ac8f,TABELA REFERENCIAL OBRAS - DER-ES - 2025-03 - MAR/XLS/tab_DER-EDIFICAÇσES_2025_03_servicos.xlsx!A408,2025-03,2025-04,m2,PISOS INTERNOS E EXTERNOS / LASTRO DE CONTRAPISO,True,False,53.05,53.05,53.6,53.41,,,False,False,d2087ecf8affe6feb21bd38f6045155bdc7d4b18356273e8e54c68d96e73dbd4,treino,False,False
der_es,sem_desoneracao,130112,"Lastro de concreto não estrutural, espessura de 6 cm",PISOS INTERNOS E EXTERNOS / LASTRO DE CONTRAPISO,m2,e29037a39ee31b07b5b04b64def3620b40ff7b58047ccf52bae7f27c7a48fa5e,d2087ecf8affe6feb21bd38f6045155bdc7d4b18356273e8e54c68d96e73dbd4,TABELA REFERENCIAL OBRAS - DER-ES - 2025-04 - ABR/XLS/tab_DER-EDIFICAÇσES_2025_04_servicos.xlsx!A409,2025-04,2025-05,m2,PISOS INTERNOS E EXTERNOS / LASTRO DE CONTRAPISO,True,False,53.41,53.05,53.05,56.18,,,False,False,2bf6c2c7e6a976b4518fe548f59e259ac8091a61f440b44f17701ff9a0f00926,treino,False,False
der_es,sem_desoneracao,130112,"Lastro de concreto não estrutural, espessura de 6 cm",PISOS INTERNOS E EXTERNOS / LASTRO DE CONTRAPISO,m2,e29037a39ee31b07b5b04b64def3620b40ff7b58047ccf52bae7f27c7a48fa5e,2bf6c2c7e6a976b4518fe548f59e259ac8091a61f440b44f17701ff9a0f00926,TABELA REFERENCIAL OBRAS - DER-ES - 2025-05 - MAI/XLS/tab_DER-EDIFICAÇσES_2025_05_servicos.xlsx!A410,2025-05,2025-06,m2,PISOS INTERNOS E EXTERNOS / LASTRO DE CONTRAPISO,True,False,56.18,53.41,53.05,56.31,,,False,False,22734abdbfefadc850a2608b6f454b5f7c18b5e3c19f87c396d85d1e76c75234,treino,False,False
der_es,sem_desoneracao,130112,"Lastro de concreto não estrutural, espessura de 6 cm",PISOS INTERNOS E EXTERNOS / LASTRO DE CONTRAPISO,m2,e29037a39ee31b07b5b04b64def3620b40ff7b58047ccf52bae7f27c7a48fa5e,22734abdbfefadc850a2608b6f454b5f7c18b5e3c19f87c396d85d1e76c75234,TABELA REFERENCIAL OBRAS - DER-ES - 2025-06 - JUN/XLS/tab_DER-EDIFICAÇÕES_2025_06_servicos.xlsx!A408,2025-06,2025-07,m2,PISOS INTERNOS E EXTERNOS / LASTRO DE CONTRAPISO,True,False,56.31,56.18,53.41,56.31,,,False,False,9f2d3bc52e35d3a9c0317f2bbd34359ce4b9eb726cfdad03719dc91ab8a6eb52,treino,False,False
der_es,sem_desoneracao,130112,"Lastro de concreto não estrutural, espessura de 6 cm",PISOS INTERNOS E EXTERNOS / LASTRO DE CONTRAPISO,m2,e29037a39ee31b07b5b04b64def3620b40ff7b58047ccf52bae7f27c7a48fa5e,9f2d3bc52e35d3a9c0317f2bbd34359ce4b9eb726cfdad03719dc91ab8a6eb52,TABELA REFERENCIAL OBRAS - DER-ES - 2025-07 - JUL/TABELA REFERENCIAL OBRAS - DER-ES - 2025-07 - JUL/XLS/tab_DER-EDIFICAÇÕES_2025_07_servicos.xlsx!A408,2025-07,2025-08,m2,PISOS INTERNOS E EXTERNOS / LASTRO DE CONTRAPISO,True,False,56.31,56.31,56.18,57.3,,,False,False,f4e1c72d0bc82c19d0327a48458bea46cf1a06c556062fe2206e7955be9a14b1,treino,False,False
der_es,sem_desoneracao,130112,"Lastro de concreto não estrutural, espessura de 6 cm",PISOS INTERNOS E EXTERNOS / LASTRO DE CONTRAPISO,m2,e29037a39ee31b07b5b04b64def3620b40ff7b58047ccf52bae7f27c7a48fa5e,f4e1c72d0bc82c19d0327a48458bea46cf1a06c556062fe2206e7955be9a14b1,TABELA REFERENCIAL OBRAS - DER-ES - 2025-08 - AGO/XLS/tab_DER-EDIFICAÇÕES_2025_08_servicos.xlsx!A408,2025-08,2025-09,m2,PISOS INTERNOS E EXTERNOS / LASTRO DE CONTRAPISO,True,False,57.3,56.31,56.31,57.3,,,False,False,7b1be34ee7d5dd82bcaeb75a32037ae0f2eea1e439205f05e57077b8a3567875,treino,False,False
der_es,sem_desoneracao,130112,"Lastro de concreto não estrutural, espessura de 6 cm",PISOS INTERNOS E EXTERNOS / LASTRO DE CONTRAPISO,m2,e29037a39ee31b07b5b04b64def3620b40ff7b58047ccf52bae7f27c7a48fa5e,7b1be34ee7d5dd82bcaeb75a32037ae0f2eea1e439205f05e57077b8a3567875,TABELA REFERENCIAL OBRAS - DER-ES - 2025-09 - SET/XLS/tab_DER-EDIFICAÇÕES_2025_09_servicos.xlsx!A408,2025-09,2025-10,m2,PISOS INTERNOS E EXTERNOS / LASTRO DE CONTRAPISO,True,False,57.3,57.3,56.31,57.17,,,False,False,25f27b5ef0ad1c6c63d22be1ab543e5a65d73aa17c4d0463109a84f7209c8fa3,treino,False,False
der_es,sem_desoneracao,130112,"Lastro de concreto não estrutural, espessura de 6 cm",PISOS INTERNOS E EXTERNOS / LASTRO DE CONTRAPISO,m2,e29037a39ee31b07b5b04b64def3620b40ff7b58047ccf52bae7f27c7a48fa5e,25f27b5ef0ad1c6c63d22be1ab543e5a65d73aa17c4d0463109a84f7209c8fa3,TABELA REFERENCIAL OBRAS - DER-ES - 2025-10 - OUT/XLS/tab_DER-EDIFICAÇÕES_2025_10_servicos.xlsx!A408,2025-10,2025-11,m2,PISOS INTERNOS E EXTERNOS / LASTRO DE CONTRAPISO,True,False,57.17,57.3,57.3,57.17,,,False,False,d856141d8d195b8bf3114dd64686b80db08318d557f9eb5f279d84fffec1a86e,treino,False,False
der_es,sem_desoneracao,130112,"Lastro de concreto não estrutural, espessura de 6 cm",PISOS INTERNOS E EXTERNOS / LASTRO DE CONTRAPISO,m2,e29037a39ee31b07b5b04b64def3620b40ff7b58047ccf52bae7f27c7a48fa5e,d856141d8d195b8bf3114dd64686b80db08318d557f9eb5f279d84fffec1a86e,TABELA REFERENCIAL OBRAS - DER-ES - 2025-11 - NOV/XLS/tab_DER-EDIFICAÇÕES_2025_11_servicos.xlsx!A408,2025-11,2025-12,m2,PISOS INTERNOS E EXTERNOS / LASTRO DE CONTRAPISO,True,False,57.17,57.17,57.3,57.67,,,False,False,cf2ae6d6af6081526a2c2c6a6446342c23099ac3a9c81f310e3a5da2680fb053,treino,False,False
der_es,sem_desoneracao,130112,"Lastro de concreto não estrutural, espessura de 6 cm",PISOS INTERNOS E EXTERNOS / LASTRO DE CONTRAPISO,m2,e29037a39ee31b07b5b04b64def3620b40ff7b58047ccf52bae7f27c7a48fa5e,cf2ae6d6af6081526a2c2c6a6446342c23099ac3a9c81f310e3a5da2680fb053,TABELA REFERENCIAL OBRAS - DER-ES - 2025-12 - DEZ/XLS/tab_DER-EDIFICAÇÕES_2025_12_servicos.xlsx!A408,2025-12,2026-01,m2,PISOS INTERNOS E EXTERNOS / LASTRO DE CONTRAPISO,True,False,57.67,57.17,57.17,57.67,,,False,False,4feebcbe8c47058cf57314347405d833cdfb5d2340951f005ab53d27ae84fd84,validacao,False,False
der_es,sem_desoneracao,130112,"Lastro de concreto não estrutural, espessura de 6 cm",PISOS INTERNOS E EXTERNOS / LASTRO DE CONTRAPISO,m2,e29037a39ee31b07b5b04b64def3620b40ff7b58047ccf52bae7f27c7a48fa5e,4feebcbe8c47058cf57314347405d833cdfb5d2340951f005ab53d27ae84fd84,TABELA REFERENCIAL OBRAS - DER-ES - 2026-01 - JAN/XLS/tab_DER-EDIFICAÇÕES_2026_01_servicos.xlsx!A408,2026-01,2026-02,m2,PISOS INTERNOS E EXTERNOS / LASTRO DE CONTRAPISO,True,False,57.67,57.67,57.17,57.37,,,False,False,1a7537f06fa9b2a1aff5982ae95ae6bf2ec16498e28430445e55584fbcce9a3c,validacao,False,False
der_es,sem_desoneracao,130112,"Lastro de concreto não estrutural, espessura de 6 cm",PISOS INTERNOS E EXTERNOS / LASTRO DE CONTRAPISO,m2,e29037a39ee31b07b5b04b64def3620b40ff7b58047ccf52bae7f27c7a48fa5e,1a7537f06fa9b2a1aff5982ae95ae6bf2ec16498e28430445e55584fbcce9a3c,TABELA REFERENCIAL OBRAS - DER-ES - 2026-02 - FEV/XLS/tab_DER-EDIFICAÇÕES_2026_02_servicos.xlsx!A408,2026-02,2026-03,m2,PISOS INTERNOS E EXTERNOS / LASTRO DE CONTRAPISO,True,False,57.37,57.67,57.67,57.37,,,False,False,c9a408180051aaa4e38fe277afd37500d913d617b22cb55cd61158248094d761,teste,False,False
der_es,sem_desoneracao,130112,"Lastro de concreto não estrutural, espessura de 6 cm",PISOS INTERNOS E EXTERNOS / LASTRO DE CONTRAPISO,m2,e29037a39ee31b07b5b04b64def3620b40ff7b58047ccf52bae7f27c7a48fa5e,c9a408180051aaa4e38fe277afd37500d913d617b22cb55cd61158248094d761,TABELA REFERENCIAL OBRAS - DER-ES - 2026-03 - MAR/XLS/tab_DER-EDIFICAÇÕES_2026_03_servicos.xlsx!A408,2026-03,2026-04,m2,PISOS INTERNOS E EXTERNOS / LASTRO DE CONTRAPISO,True,False,57.37,57.37,57.67,57.3,,,False,False,b07a6f7cd81d76e43925b8f994875b35e8468c5a37790367db80f72665fc0b2b,teste,False,False
der_es,sem_desoneracao,130112,"Lastro de concreto não estrutural, espessura de 6 cm",PISOS INTERNOS E EXTERNOS / LASTRO DE CONTRAPISO,m2,e29037a39ee31b07b5b04b64def3620b40ff7b58047ccf52bae7f27c7a48fa5e,b07a6f7cd81d76e43925b8f994875b35e8468c5a37790367db80f72665fc0b2b,TABELA REFERENCIAL OBRAS - DER-ES - 2026-04 - ABR/XLS/tab_DER-EDIFICAÇÕES_2026_04_servicos.xlsx!A408,2026-04,2026-05,m2,PISOS INTERNOS E EXTERNOS / LASTRO DE CONTRAPISO,True,False,57.3,57.37,57.37,59.57,,,False,False,9d7efd575c10dc676bc49f5acb5630fa9b3cd2b98449be07612e1891e8d213f6,teste,False,False
der_es,sem_desoneracao,130113,"Lastro impermeabilizado de concreto não estrutural, espessura de 8cm",PISOS INTERNOS E EXTERNOS / LASTRO DE CONTRAPISO,m2,47a0a9d32fabfb9b2ba7b7fded3a42a412efe0363de7ed1c1e0b316714b1bc98,2dd7e7c15552e8663b500f12008e09dc39c3816602e826e994d7dc8922d7ac8f,TABELA REFERENCIAL OBRAS - DER-ES - 2025-03 - MAR/XLS/tab_DER-EDIFICAÇσES_2025_03_servicos.xlsx!A409,2025-03,2025-04,m2,PISOS INTERNOS E EXTERNOS / LASTRO DE CONTRAPISO,True,False,82.44,82.44,84.57,82.92,,,False,False,d2087ecf8affe6feb21bd38f6045155bdc7d4b18356273e8e54c68d96e73dbd4,treino,False,False
der_es,sem_desoneracao,130113,"Lastro impermeabilizado de concreto não estrutural, espessura de 8cm",PISOS INTERNOS E EXTERNOS / LASTRO DE CONTRAPISO,m2,47a0a9d32fabfb9b2ba7b7fded3a42a412efe0363de7ed1c1e0b316714b1bc98,d2087ecf8affe6feb21bd38f6045155bdc7d4b18356273e8e54c68d96e73dbd4,TABELA REFERENCIAL OBRAS - DER-ES - 2025-04 - ABR/XLS/tab_DER-EDIFICAÇσES_2025_04_servicos.xlsx!A410,2025-04,2025-05,m2,PISOS INTERNOS E EXTERNOS / LASTRO DE CONTRAPISO,True,False,82.92,82.44,82.44,86.6,,,False,False,2bf6c2c7e6a976b4518fe548f59e259ac8091a61f440b44f17701ff9a0f00926,treino,False,False
der_es,sem_desoneracao,130113,"Lastro impermeabilizado de concreto não estrutural, espessura de 8cm",PISOS INTERNOS E EXTERNOS / LASTRO DE CONTRAPISO,m2,47a0a9d32fabfb9b2ba7b7fded3a42a412efe0363de7ed1c1e0b316714b1bc98,2bf6c2c7e6a976b4518fe548f59e259ac8091a61f440b44f17701ff9a0f00926,TABELA REFERENCIAL OBRAS - DER-ES - 2025-05 - MAI/XLS/tab_DER-EDIFICAÇσES_2025_05_servicos.xlsx!A411,2025-05,2025-06,m2,PISOS INTERNOS E EXTERNOS / LASTRO DE CONTRAPISO,True,False,86.6,82.92,82.44,87.73,,,False,False,22734abdbfefadc850a2608b6f454b5f7c18b5e3c19f87c396d85d1e76c75234,treino,False,False
der_es,sem_desoneracao,130113,"Lastro impermeabilizado de concreto não estrutural, espessura de 8cm",PISOS INTERNOS E EXTERNOS / LASTRO DE CONTRAPISO,m2,47a0a9d32fabfb9b2ba7b7fded3a42a412efe0363de7ed1c1e0b316714b1bc98,22734abdbfefadc850a2608b6f454b5f7c18b5e3c19f87c396d85d1e76c75234,TABELA REFERENCIAL OBRAS - DER-ES - 2025-06 - JUN/XLS/tab_DER-EDIFICAÇÕES_2025_06_servicos.xlsx!A409,2025-06,2025-07,m2,PISOS INTERNOS E EXTERNOS / LASTRO DE CONTRAPISO,True,False,87.73,86.6,82.92,87.73,,,False,False,9f2d3bc52e35d3a9c0317f2bbd34359ce4b9eb726cfdad03719dc91ab8a6eb52,treino,False,False
der_es,sem_desoneracao,130113,"Lastro impermeabilizado de concreto não estrutural, espessura de 8cm",PISOS INTERNOS E EXTERNOS / LASTRO DE CONTRAPISO,m2,47a0a9d32fabfb9b2ba7b7fded3a42a412efe0363de7ed1c1e0b316714b1bc98,9f2d3bc52e35d3a9c0317f2bbd34359ce4b9eb726cfdad03719dc91ab8a6eb52,TABELA REFERENCIAL OBRAS - DER-ES - 2025-07 - JUL/TABELA REFERENCIAL OBRAS - DER-ES - 2025-07 - JUL/XLS/tab_DER-EDIFICAÇÕES_2025_07_servicos.xlsx!A409,2025-07,2025-08,m2,PISOS INTERNOS E EXTERNOS / LASTRO DE CONTRAPISO,True,False,87.73,87.73,86.6,89.05,,,False,False,f4e1c72d0bc82c19d0327a48458bea46cf1a06c556062fe2206e7955be9a14b1,treino,False,False
der_es,sem_desoneracao,130113,"Lastro impermeabilizado de concreto não estrutural, espessura de 8cm",PISOS INTERNOS E EXTERNOS / LASTRO DE CONTRAPISO,m2,47a0a9d32fabfb9b2ba7b7fded3a42a412efe0363de7ed1c1e0b316714b1bc98,f4e1c72d0bc82c19d0327a48458bea46cf1a06c556062fe2206e7955be9a14b1,TABELA REFERENCIAL OBRAS - DER-ES - 2025-08 - AGO/XLS/tab_DER-EDIFICAÇÕES_2025_08_servicos.xlsx!A409,2025-08,2025-09,m2,PISOS INTERNOS E EXTERNOS / LASTRO DE CONTRAPISO,True,False,89.05,87.73,87.73,89.05,,,False,False,7b1be34ee7d5dd82bcaeb75a32037ae0f2eea1e439205f05e57077b8a3567875,treino,False,False
der_es,sem_desoneracao,130113,"Lastro impermeabilizado de concreto não estrutural, espessura de 8cm",PISOS INTERNOS E EXTERNOS / LASTRO DE CONTRAPISO,m2,47a0a9d32fabfb9b2ba7b7fded3a42a412efe0363de7ed1c1e0b316714b1bc98,7b1be34ee7d5dd82bcaeb75a32037ae0f2eea1e439205f05e57077b8a3567875,TABELA REFERENCIAL OBRAS - DER-ES - 2025-09 - SET/XLS/tab_DER-EDIFICAÇÕES_2025_09_servicos.xlsx!A409,2025-09,2025-10,m2,PISOS INTERNOS E EXTERNOS / LASTRO DE CONTRAPISO,True,False,89.05,89.05,87.73,87.41,,,False,False,25f27b5ef0ad1c6c63d22be1ab543e5a65d73aa17c4d0463109a84f7209c8fa3,treino,False,False
der_es,sem_desoneracao,130113,"Lastro impermeabilizado de concreto não estrutural, espessura de 8cm",PISOS INTERNOS E EXTERNOS / LASTRO DE CONTRAPISO,m2,47a0a9d32fabfb9b2ba7b7fded3a42a412efe0363de7ed1c1e0b316714b1bc98,25f27b5ef0ad1c6c63d22be1ab543e5a65d73aa17c4d0463109a84f7209c8fa3,TABELA REFERENCIAL OBRAS - DER-ES - 2025-10 - OUT/XLS/tab_DER-EDIFICAÇÕES_2025_10_servicos.xlsx!A409,2025-10,2025-11,m2,PISOS INTERNOS E EXTERNOS / LASTRO DE CONTRAPISO,True,False,87.41,89.05,89.05,87.41,,,False,False,d856141d8d195b8bf3114dd64686b80db08318d557f9eb5f279d84fffec1a86e,treino,False,False
der_es,sem_desoneracao,130113,"Lastro impermeabilizado de concreto não estrutural, espessura de 8cm",PISOS INTERNOS E EXTERNOS / LASTRO DE CONTRAPISO,m2,47a0a9d32fabfb9b2ba7b7fded3a42a412efe0363de7ed1c1e0b316714b1bc98,d856141d8d195b8bf3114dd64686b80db08318d557f9eb5f279d84fffec1a86e,TABELA REFERENCIAL OBRAS - DER-ES - 2025-11 - NOV/XLS/tab_DER-EDIFICAÇÕES_2025_11_servicos.xlsx!A409,2025-11,2025-12,m2,PISOS INTERNOS E EXTERNOS / LASTRO DE CONTRAPISO,True,False,87.41,87.41,89.05,88.07,,,False,False,cf2ae6d6af6081526a2c2c6a6446342c23099ac3a9c81f310e3a5da2680fb053,treino,False,False
der_es,sem_desoneracao,130113,"Lastro impermeabilizado de concreto não estrutural, espessura de 8cm",PISOS INTERNOS E EXTERNOS / LASTRO DE CONTRAPISO,m2,47a0a9d32fabfb9b2ba7b7fded3a42a412efe0363de7ed1c1e0b316714b1bc98,cf2ae6d6af6081526a2c2c6a6446342c23099ac3a9c81f310e3a5da2680fb053,TABELA REFERENCIAL OBRAS - DER-ES - 2025-12 - DEZ/XLS/tab_DER-EDIFICAÇÕES_2025_12_servicos.xlsx!A409,2025-12,2026-01,m2,PISOS INTERNOS E EXTERNOS / LASTRO DE CONTRAPISO,True,False,88.07,87.41,87.41,88.07,,,False,False,4feebcbe8c47058cf57314347405d833cdfb5d2340951f005ab53d27ae84fd84,validacao,False,False
der_es,sem_desoneracao,130113,"Lastro impermeabilizado de concreto não estrutural, espessura de 8cm",PISOS INTERNOS E EXTERNOS / LASTRO DE CONTRAPISO,m2,47a0a9d32fabfb9b2ba7b7fded3a42a412efe0363de7ed1c1e0b316714b1bc98,4feebcbe8c47058cf57314347405d833cdfb5d2340951f005ab53d27ae84fd84,TABELA REFERENCIAL OBRAS - DER-ES - 2026-01 - JAN/XLS/tab_DER-EDIFICAÇÕES_2026_01_servicos.xlsx!A409,2026-01,2026-02,m2,PISOS INTERNOS E EXTERNOS / LASTRO DE CONTRAPISO,True,False,88.07,88.07,87.41,88.3,,,False,False,1a7537f06fa9b2a1aff5982ae95ae6bf2ec16498e28430445e55584fbcce9a3c,validacao,False,False
der_es,sem_desoneracao,130113,"Lastro impermeabilizado de concreto não estrutural, espessura de 8cm",PISOS INTERNOS E EXTERNOS / LASTRO DE CONTRAPISO,m2,47a0a9d32fabfb9b2ba7b7fded3a42a412efe0363de7ed1c1e0b316714b1bc98,1a7537f06fa9b2a1aff5982ae95ae6bf2ec16498e28430445e55584fbcce9a3c,TABELA REFERENCIAL OBRAS - DER-ES - 2026-02 - FEV/XLS/tab_DER-EDIFICAÇÕES_2026_02_servicos.xlsx!A409,2026-02,2026-03,m2,PISOS INTERNOS E EXTERNOS / LASTRO DE CONTRAPISO,True,False,88.3,88.07,88.07,88.3,,,False,False,c9a408180051aaa4e38fe277afd37500d913d617b22cb55cd61158248094d761,teste,False,False
der_es,sem_desoneracao,130113,"Lastro impermeabilizado de concreto não estrutural, espessura de 8cm",PISOS INTERNOS E EXTERNOS / LASTRO DE CONTRAPISO,m2,47a0a9d32fabfb9b2ba7b7fded3a42a412efe0363de7ed1c1e0b316714b1bc98,c9a408180051aaa4e38fe277afd37500d913d617b22cb55cd61158248094d761,TABELA REFERENCIAL OBRAS - DER-ES - 2026-03 - MAR/XLS/tab_DER-EDIFICAÇÕES_2026_03_servicos.xlsx!A409,2026-03,2026-04,m2,PISOS INTERNOS E EXTERNOS / LASTRO DE CONTRAPISO,True,False,88.3,88.3,88.07,88.22,,,False,False,b07a6f7cd81d76e43925b8f994875b35e8468c5a37790367db80f72665fc0b2b,teste,False,False
der_es,sem_desoneracao,130113,"Lastro impermeabilizado de concreto não estrutural, espessura de 8cm",PISOS INTERNOS E EXTERNOS / LASTRO DE CONTRAPISO,m2,47a0a9d32fabfb9b2ba7b7fded3a42a412efe0363de7ed1c1e0b316714b1bc98,b07a6f7cd81d76e43925b8f994875b35e8468c5a37790367db80f72665fc0b2b,TABELA REFERENCIAL OBRAS - DER-ES - 2026-04 - ABR/XLS/tab_DER-EDIFICAÇÕES_2026_04_servicos.xlsx!A409,2026-04,2026-05,m2,PISOS INTERNOS E EXTERNOS / LASTRO DE CONTRAPISO,True,False,88.22,88.3,88.3,91.25,,,False,False,9d7efd575c10dc676bc49f5acb5630fa9b3cd2b98449be07612e1891e8d213f6,teste,False,False
der_es,sem_desoneracao,130202,"Piso cimentado liso com 1.5 cm de espessura, de argamassa de cimento e areia no traço 1:3 e juntas plásticas em quadros de 1 m",PISOS INTERNOS E EXTERNOS / ACABAMENTOS,m2,961ae1871d70a95ca52486148b8bd7cc75c26b58a12f8fc4c955df199cdb8296,2dd7e7c15552e8663b500f12008e09dc39c3816602e826e994d7dc8922d7ac8f,TABELA REFERENCIAL OBRAS - DER-ES - 2025-03 - MAR/XLS/tab_DER-EDIFICAÇσES_2025_03_servicos.xlsx!A411,2025-03,2025-04,m2,PISOS INTERNOS E EXTERNOS / ACABAMENTOS,True,False,59.67,59.67,59.61,58.95,,,False,False,d2087ecf8affe6feb21bd38f6045155bdc7d4b18356273e8e54c68d96e73dbd4,treino,False,False
der_es,sem_desoneracao,130202,"Piso cimentado liso com 1.5 cm de espessura, de argamassa de cimento e areia no traço 1:3 e juntas plásticas em quadros de 1 m",PISOS INTERNOS E EXTERNOS / ACABAMENTOS,m2,961ae1871d70a95ca52486148b8bd7cc75c26b58a12f8fc4c955df199cdb8296,d2087ecf8affe6feb21bd38f6045155bdc7d4b18356273e8e54c68d96e73dbd4,TABELA REFERENCIAL OBRAS - DER-ES - 2025-04 - ABR/XLS/tab_DER-EDIFICAÇσES_2025_04_servicos.xlsx!A412,2025-04,2025-05,m2,PISOS INTERNOS E EXTERNOS / ACABAMENTOS,True,False,58.95,59.67,59.67,62.95,,,False,False,2bf6c2c7e6a976b4518fe548f59e259ac8091a61f440b44f17701ff9a0f00926,treino,False,False
der_es,sem_desoneracao,130202,"Piso cimentado liso com 1.5 cm de espessura, de argamassa de cimento e areia no traço 1:3 e juntas plásticas em quadros de 1 m",PISOS INTERNOS E EXTERNOS / ACABAMENTOS,m2,961ae1871d70a95ca52486148b8bd7cc75c26b58a12f8fc4c955df199cdb8296,2bf6c2c7e6a976b4518fe548f59e259ac8091a61f440b44f17701ff9a0f00926,TABELA REFERENCIAL OBRAS - DER-ES - 2025-05 - MAI/XLS/tab_DER-EDIFICAÇσES_2025_05_servicos.xlsx!A413,2025-05,2025-06,m2,PISOS INTERNOS E EXTERNOS / ACABAMENTOS,True,False,62.95,58.95,59.67,63.01,,,False,False,22734abdbfefadc850a2608b6f454b5f7c18b5e3c19f87c396d85d1e76c75234,treino,False,False
der_es,sem_desoneracao,130202,"Piso cimentado liso com 1.5 cm de espessura, de argamassa de cimento e areia no traço 1:3 e juntas plásticas em quadros de 1 m",PISOS INTERNOS E EXTERNOS / ACABAMENTOS,m2,961ae1871d70a95ca52486148b8bd7cc75c26b58a12f8fc4c955df199cdb8296,22734abdbfefadc850a2608b6f454b5f7c18b5e3c19f87c396d85d1e76c75234,TABELA REFERENCIAL OBRAS - DER-ES - 2025-06 - JUN/XLS/tab_DER-EDIFICAÇÕES_2025_06_servicos.xlsx!A411,2025-06,2025-07,m2,PISOS INTERNOS E EXTERNOS / ACABAMENTOS,True,False,63.01,62.95,58.95,63.01,,,False,False,9f2d3bc52e35d3a9c0317f2bbd34359ce4b9eb726cfdad03719dc91ab8a6eb52,treino,False,False
der_es,sem_desoneracao,130202,"Piso cimentado liso com 1.5 cm de espessura, de argamassa de cimento e areia no traço 1:3 e juntas plásticas em quadros de 1 m",PISOS INTERNOS E EXTERNOS / ACABAMENTOS,m2,961ae1871d70a95ca52486148b8bd7cc75c26b58a12f8fc4c955df199cdb8296,9f2d3bc52e35d3a9c0317f2bbd34359ce4b9eb726cfdad03719dc91ab8a6eb52,TABELA REFERENCIAL OBRAS - DER-ES - 2025-07 - JUL/TABELA REFERENCIAL OBRAS - DER-ES - 2025-07 - JUL/XLS/tab_DER-EDIFICAÇÕES_2025_07_servicos.xlsx!A411,2025-07,2025-08,m2,PISOS INTERNOS E EXTERNOS / ACABAMENTOS,True,False,63.01,63.01,62.95,63.18,,,False,False,f4e1c72d0bc82c19d0327a48458bea46cf1a06c556062fe2206e7955be9a14b1,treino,False,False
der_es,sem_desoneracao,130202,"Piso cimentado liso com 1.5 cm de espessura, de argamassa de cimento e areia no traço 1:3 e juntas plásticas em quadros de 1 m",PISOS INTERNOS E EXTERNOS / ACABAMENTOS,m2,961ae1871d70a95ca52486148b8bd7cc75c26b58a12f8fc4c955df199cdb8296,f4e1c72d0bc82c19d0327a48458bea46cf1a06c556062fe2206e7955be9a14b1,TABELA REFERENCIAL OBRAS - DER-ES - 2025-08 - AGO/XLS/tab_DER-EDIFICAÇÕES_2025_08_servicos.xlsx!A411,2025-08,2025-09,m2,PISOS INTERNOS E EXTERNOS / ACABAMENTOS,True,False,63.18,63.01,63.01,63.18,,,False,False,7b1be34ee7d5dd82bcaeb75a32037ae0f2eea1e439205f05e57077b8a3567875,treino,False,False
der_es,sem_desoneracao,130202,"Piso cimentado liso com 1.5 cm de espessura, de argamassa de cimento e areia no traço 1:3 e juntas plásticas em quadros de 1 m",PISOS INTERNOS E EXTERNOS / ACABAMENTOS,m2,961ae1871d70a95ca52486148b8bd7cc75c26b58a12f8fc4c955df199cdb8296,7b1be34ee7d5dd82bcaeb75a32037ae0f2eea1e439205f05e57077b8a3567875,TABELA REFERENCIAL OBRAS - DER-ES - 2025-09 - SET/XLS/tab_DER-EDIFICAÇÕES_2025_09_servicos.xlsx!A411,2025-09,2025-10,m2,PISOS INTERNOS E EXTERNOS / ACABAMENTOS,True,False,63.18,63.18,63.01,64.22,,,False,False,25f27b5ef0ad1c6c63d22be1ab543e5a65d73aa17c4d0463109a84f7209c8fa3,treino,False,False
der_es,sem_desoneracao,130202,"Piso cimentado liso com 1.5 cm de espessura, de argamassa de cimento e areia no traço 1:3 e juntas plásticas em quadros de 1 m",PISOS INTERNOS E EXTERNOS / ACABAMENTOS,m2,961ae1871d70a95ca52486148b8bd7cc75c26b58a12f8fc4c955df199cdb8296,25f27b5ef0ad1c6c63d22be1ab543e5a65d73aa17c4d0463109a84f7209c8fa3,TABELA REFERENCIAL OBRAS - DER-ES - 2025-10 - OUT/XLS/tab_DER-EDIFICAÇÕES_2025_10_servicos.xlsx!A411,2025-10,2025-11,m2,PISOS INTERNOS E EXTERNOS / ACABAMENTOS,True,False,64.22,63.18,63.18,64.22,,,False,False,d856141d8d195b8bf3114dd64686b80db08318d557f9eb5f279d84fffec1a86e,treino,False,False
der_es,sem_desoneracao,130202,"Piso cimentado liso com 1.5 cm de espessura, de argamassa de cimento e areia no traço 1:3 e juntas plásticas em quadros de 1 m",PISOS INTERNOS E EXTERNOS / ACABAMENTOS,m2,961ae1871d70a95ca52486148b8bd7cc75c26b58a12f8fc4c955df199cdb8296,d856141d8d195b8bf3114dd64686b80db08318d557f9eb5f279d84fffec1a86e,TABELA REFERENCIAL OBRAS - DER-ES - 2025-11 - NOV/XLS/tab_DER-EDIFICAÇÕES_2025_11_servicos.xlsx!A411,2025-11,2025-12,m2,PISOS INTERNOS E EXTERNOS / ACABAMENTOS,True,False,64.22,64.22,63.18,64.44,,,False,False,cf2ae6d6af6081526a2c2c6a6446342c23099ac3a9c81f310e3a5da2680fb053,treino,False,False
der_es,sem_desoneracao,130202,"Piso cimentado liso com 1.5 cm de espessura, de argamassa de cimento e areia no traço 1:3 e juntas plásticas em quadros de 1 m",PISOS INTERNOS E EXTERNOS / ACABAMENTOS,m2,961ae1871d70a95ca52486148b8bd7cc75c26b58a12f8fc4c955df199cdb8296,cf2ae6d6af6081526a2c2c6a6446342c23099ac3a9c81f310e3a5da2680fb053,TABELA REFERENCIAL OBRAS - DER-ES - 2025-12 - DEZ/XLS/tab_DER-EDIFICAÇÕES_2025_12_servicos.xlsx!A411,2025-12,2026-01,m2,PISOS INTERNOS E EXTERNOS / ACABAMENTOS,True,False,64.44,64.22,64.22,64.44,,,False,False,4feebcbe8c47058cf57314347405d833cdfb5d2340951f005ab53d27ae84fd84,validacao,False,False
der_es,sem_desoneracao,130202,"Piso cimentado liso com 1.5 cm de espessura, de argamassa de cimento e areia no traço 1:3 e juntas plásticas em quadros de 1 m",PISOS INTERNOS E EXTERNOS / ACABAMENTOS,m2,961ae1871d70a95ca52486148b8bd7cc75c26b58a12f8fc4c955df199cdb8296,4feebcbe8c47058cf57314347405d833cdfb5d2340951f005ab53d27ae84fd84,TABELA REFERENCIAL OBRAS - DER-ES - 2026-01 - JAN/XLS/tab_DER-EDIFICAÇÕES_2026_01_servicos.xlsx!A411,2026-01,2026-02,m2,PISOS INTERNOS E EXTERNOS / ACABAMENTOS,True,False,64.44,64.44,64.22,64.15,,,False,False,1a7537f06fa9b2a1aff5982ae95ae6bf2ec16498e28430445e55584fbcce9a3c,validacao,False,False
der_es,sem_desoneracao,130202,"Piso cimentado liso com 1.5 cm de espessura, de argamassa de cimento e areia no traço 1:3 e juntas plásticas em quadros de 1 m",PISOS INTERNOS E EXTERNOS / ACABAMENTOS,m2,961ae1871d70a95ca52486148b8bd7cc75c26b58a12f8fc4c955df199cdb8296,1a7537f06fa9b2a1aff5982ae95ae6bf2ec16498e28430445e55584fbcce9a3c,TABELA REFERENCIAL OBRAS - DER-ES - 2026-02 - FEV/XLS/tab_DER-EDIFICAÇÕES_2026_02_servicos.xlsx!A411,2026-02,2026-03,m2,PISOS INTERNOS E EXTERNOS / ACABAMENTOS,True,False,64.15,64.44,64.44,64.15,,,False,False,c9a408180051aaa4e38fe277afd37500d913d617b22cb55cd61158248094d761,teste,False,False
der_es,sem_desoneracao,130202,"Piso cimentado liso com 1.5 cm de espessura, de argamassa de cimento e areia no traço 1:3 e juntas plásticas em quadros de 1 m",PISOS INTERNOS E EXTERNOS / ACABAMENTOS,m2,961ae1871d70a95ca52486148b8bd7cc75c26b58a12f8fc4c955df199cdb8296,c9a408180051aaa4e38fe277afd37500d913d617b22cb55cd61158248094d761,TABELA REFERENCIAL OBRAS - DER-ES - 2026-03 - MAR/XLS/tab_DER-EDIFICAÇÕES_2026_03_servicos.xlsx!A411,2026-03,2026-04,m2,PISOS INTERNOS E EXTERNOS / ACABAMENTOS,True,False,64.15,64.15,64.44,64.87,,,False,False,b07a6f7cd81d76e43925b8f994875b35e8468c5a37790367db80f72665fc0b2b,teste,False,False
der_es,sem_desoneracao,130202,"Piso cimentado liso com 1.5 cm de espessura, de argamassa de cimento e areia no traço 1:3 e juntas plásticas em quadros de 1 m",PISOS INTERNOS E EXTERNOS / ACABAMENTOS,m2,961ae1871d70a95ca52486148b8bd7cc75c26b58a12f8fc4c955df199cdb8296,b07a6f7cd81d76e43925b8f994875b35e8468c5a37790367db80f72665fc0b2b,TABELA REFERENCIAL OBRAS - DER-ES - 2026-04 - ABR/XLS/tab_DER-EDIFICAÇÕES_2026_04_servicos.xlsx!A411,2026-04,2026-05,m2,PISOS INTERNOS E EXTERNOS / ACABAMENTOS,True,False,64.87,64.15,64.15,68.3,,,False,False,9d7efd575c10dc676bc49f5acb5630fa9b3cd2b98449be07612e1891e8d213f6,teste,False,False
der_es,sem_desoneracao,130205,"Piso de tábuas corridas de Peroba de 15cm sobre caibros de 5x6cm espaçados de 50cm, fixados com argamassa de cimento e areia no traço 1:5",PISOS INTERNOS E EXTERNOS / ACABAMENTOS,m2,3a5caa850c9309ca2717e14adae5d8e72e9254c6d21f543332ebaada90356e18,2dd7e7c15552e8663b500f12008e09dc39c3816602e826e994d7dc8922d7ac8f,TABELA REFERENCIAL OBRAS - DER-ES - 2025-03 - MAR/XLS/tab_DER-EDIFICAÇσES_2025_03_servicos.xlsx!A412,2025-03,2025-04,m2,PISOS INTERNOS E EXTERNOS / ACABAMENTOS,True,False,437.46,437.46,437.36,454.18,,,False,False,d2087ecf8affe6feb21bd38f6045155bdc7d4b18356273e8e54c68d96e73dbd4,treino,False,False
der_es,sem_desoneracao,130205,"Piso de tábuas corridas de Peroba de 15cm sobre caibros de 5x6cm espaçados de 50cm, fixados com argamassa de cimento e areia no traço 1:5",PISOS INTERNOS E EXTERNOS / ACABAMENTOS,m2,3a5caa850c9309ca2717e14adae5d8e72e9254c6d21f543332ebaada90356e18,d2087ecf8affe6feb21bd38f6045155bdc7d4b18356273e8e54c68d96e73dbd4,TABELA REFERENCIAL OBRAS - DER-ES - 2025-04 - ABR/XLS/tab_DER-EDIFICAÇσES_2025_04_servicos.xlsx!A413,2025-04,2025-05,m2,PISOS INTERNOS E EXTERNOS / ACABAMENTOS,True,False,454.18,437.46,437.46,460.98,,,False,False,2bf6c2c7e6a976b4518fe548f59e259ac8091a61f440b44f17701ff9a0f00926,treino,False,False
der_es,sem_desoneracao,130205,"Piso de tábuas corridas de Peroba de 15cm sobre caibros de 5x6cm espaçados de 50cm, fixados com argamassa de cimento e areia no traço 1:5",PISOS INTERNOS E EXTERNOS / ACABAMENTOS,m2,3a5caa850c9309ca2717e14adae5d8e72e9254c6d21f543332ebaada90356e18,2bf6c2c7e6a976b4518fe548f59e259ac8091a61f440b44f17701ff9a0f00926,TABELA REFERENCIAL OBRAS - DER-ES - 2025-05 - MAI/XLS/tab_DER-EDIFICAÇσES_2025_05_servicos.xlsx!A414,2025-05,2025-06,m2,PISOS INTERNOS E EXTERNOS / ACABAMENTOS,True,False,460.98,454.18,437.46,461.09,,,False,False,22734abdbfefadc850a2608b6f454b5f7c18b5e3c19f87c396d85d1e76c75234,treino,False,False
der_es,sem_desoneracao,130205,"Piso de tábuas corridas de Peroba de 15cm sobre caibros de 5x6cm espaçados de 50cm, fixados com argamassa de cimento e areia no traço 1:5",PISOS INTERNOS E EXTERNOS / ACABAMENTOS,m2,3a5caa850c9309ca2717e14adae5d8e72e9254c6d21f543332ebaada90356e18,22734abdbfefadc850a2608b6f454b5f7c18b5e3c19f87c396d85d1e76c75234,TABELA REFERENCIAL OBRAS - DER-ES - 2025-06 - JUN/XLS/tab_DER-EDIFICAÇÕES_2025_06_servicos.xlsx!A412,2025-06,2025-07,m2,PISOS INTERNOS E EXTERNOS / ACABAMENTOS,True,False,461.09,460.98,454.18,461.09,,,False,False,9f2d3bc52e35d3a9c0317f2bbd34359ce4b9eb726cfdad03719dc91ab8a6eb52,treino,False,False
der_es,sem_desoneracao,130205,"Piso de tábuas corridas de Peroba de 15cm sobre caibros de 5x6cm espaçados de 50cm, fixados com argamassa de cimento e areia no traço 1:5",PISOS INTERNOS E EXTERNOS / ACABAMENTOS,m2,3a5caa850c9309ca2717e14adae5d8e72e9254c6d21f543332ebaada90356e18,9f2d3bc52e35d3a9c0317f2bbd34359ce4b9eb726cfdad03719dc91ab8a6eb52,TABELA REFERENCIAL OBRAS - DER-ES - 2025-07 - JUL/TABELA REFERENCIAL OBRAS - DER-ES - 2025-07 - JUL/XLS/tab_DER-EDIFICAÇÕES_2025_07_servicos.xlsx!A412,2025-07,2025-08,m2,PISOS INTERNOS E EXTERNOS / ACABAMENTOS,True,False,461.09,461.09,460.98,461.37,,,False,False,f4e1c72d0bc82c19d0327a48458bea46cf1a06c556062fe2206e7955be9a14b1,treino,False,False
der_es,sem_desoneracao,130205,"Piso de tábuas corridas de Peroba de 15cm sobre caibros de 5x6cm espaçados de 50cm, fixados com argamassa de cimento e areia no traço 1:5",PISOS INTERNOS E EXTERNOS / ACABAMENTOS,m2,3a5caa850c9309ca2717e14adae5d8e72e9254c6d21f543332ebaada90356e18,f4e1c72d0bc82c19d0327a48458bea46cf1a06c556062fe2206e7955be9a14b1,TABELA REFERENCIAL OBRAS - DER-ES - 2025-08 - AGO/XLS/tab_DER-EDIFICAÇÕES_2025_08_servicos.xlsx!A412,2025-08,2025-09,m2,PISOS INTERNOS E EXTERNOS / ACABAMENTOS,True,False,461.37,461.09,461.09,461.37,,,False,False,7b1be34ee7d5dd82bcaeb75a32037ae0f2eea1e439205f05e57077b8a3567875,treino,False,False
der_es,sem_desoneracao,130205,"Piso de tábuas corridas de Peroba de 15cm sobre caibros de 5x6cm espaçados de 50cm, fixados com argamassa de cimento e areia no traço 1:5",PISOS INTERNOS E EXTERNOS / ACABAMENTOS,m2,3a5caa850c9309ca2717e14adae5d8e72e9254c6d21f543332ebaada90356e18,7b1be34ee7d5dd82bcaeb75a32037ae0f2eea1e439205f05e57077b8a3567875,TABELA REFERENCIAL OBRAS - DER-ES - 2025-09 - SET/XLS/tab_DER-EDIFICAÇÕES_2025_09_servicos.xlsx!A412,2025-09,2025-10,m2,PISOS INTERNOS E EXTERNOS / ACABAMENTOS,True,False,461.37,461.37,461.09,451.83,,,False,False,25f27b5ef0ad1c6c63d22be1ab543e5a65d73aa17c4d0463109a84f7209c8fa3,treino,False,False
der_es,sem_desoneracao,130205,"Piso de tábuas corridas de Peroba de 15cm sobre caibros de 5x6cm espaçados de 50cm, fixados com argamassa de cimento e areia no traço 1:5",PISOS INTERNOS E EXTERNOS / ACABAMENTOS,m2,3a5caa850c9309ca2717e14adae5d8e72e9254c6d21f543332ebaada90356e18,25f27b5ef0ad1c6c63d22be1ab543e5a65d73aa17c4d0463109a84f7209c8fa3,TABELA REFERENCIAL OBRAS - DER-ES - 2025-10 - OUT/XLS/tab_DER-EDIFICAÇÕES_2025_10_servicos.xlsx!A412,2025-10,2025-11,m2,PISOS INTERNOS E EXTERNOS / ACABAMENTOS,True,False,451.83,461.37,461.37,451.83,,,False,False,d856141d8d195b8bf3114dd64686b80db08318d557f9eb5f279d84fffec1a86e,treino,False,False
der_es,sem_desoneracao,130205,"Piso de tábuas corridas de Peroba de 15cm sobre caibros de 5x6cm espaçados de 50cm, fixados com argamassa de cimento e areia no traço 1:5",PISOS INTERNOS E EXTERNOS / ACABAMENTOS,m2,3a5caa850c9309ca2717e14adae5d8e72e9254c6d21f543332ebaada90356e18,d856141d8d195b8bf3114dd64686b80db08318d557f9eb5f279d84fffec1a86e,TABELA REFERENCIAL OBRAS - DER-ES - 2025-11 - NOV/XLS/tab_DER-EDIFICAÇÕES_2025_11_servicos.xlsx!A412,2025-11,2025-12,m2,PISOS INTERNOS E EXTERNOS / ACABAMENTOS,True,False,451.83,451.83,461.37,452.05,,,False,False,cf2ae6d6af6081526a2c2c6a6446342c23099ac3a9c81f310e3a5da2680fb053,treino,False,False
der_es,sem_desoneracao,130205,"Piso de tábuas corridas de Peroba de 15cm sobre caibros de 5x6cm espaçados de 50cm, fixados com argamassa de cimento e areia no traço 1:5",PISOS INTERNOS E EXTERNOS / ACABAMENTOS,m2,3a5caa850c9309ca2717e14adae5d8e72e9254c6d21f543332ebaada90356e18,cf2ae6d6af6081526a2c2c6a6446342c23099ac3a9c81f310e3a5da2680fb053,TABELA REFERENCIAL OBRAS - DER-ES - 2025-12 - DEZ/XLS/tab_DER-EDIFICAÇÕES_2025_12_servicos.xlsx!A412,2025-12,2026-01,m2,PISOS INTERNOS E EXTERNOS / ACABAMENTOS,True,False,452.05,451.83,451.83,452.05,,,False,False,4feebcbe8c47058cf57314347405d833cdfb5d2340951f005ab53d27ae84fd84,validacao,False,False
der_es,sem_desoneracao,130205,"Piso de tábuas corridas de Peroba de 15cm sobre caibros de 5x6cm espaçados de 50cm, fixados com argamassa de cimento e areia no traço 1:5",PISOS INTERNOS E EXTERNOS / ACABAMENTOS,m2,3a5caa850c9309ca2717e14adae5d8e72e9254c6d21f543332ebaada90356e18,4feebcbe8c47058cf57314347405d833cdfb5d2340951f005ab53d27ae84fd84,TABELA REFERENCIAL OBRAS - DER-ES - 2026-01 - JAN/XLS/tab_DER-EDIFICAÇÕES_2026_01_servicos.xlsx!A412,2026-01,2026-02,m2,PISOS INTERNOS E EXTERNOS / ACABAMENTOS,True,False,452.05,452.05,451.83,451.76,,,False,False,1a7537f06fa9b2a1aff5982ae95ae6bf2ec16498e28430445e55584fbcce9a3c,validacao,False,False
der_es,sem_desoneracao,130205,"Piso de tábuas corridas de Peroba de 15cm sobre caibros de 5x6cm espaçados de 50cm, fixados com argamassa de cimento e areia no traço 1:5",PISOS INTERNOS E EXTERNOS / ACABAMENTOS,m2,3a5caa850c9309ca2717e14adae5d8e72e9254c6d21f543332ebaada90356e18,1a7537f06fa9b2a1aff5982ae95ae6bf2ec16498e28430445e55584fbcce9a3c,TABELA REFERENCIAL OBRAS - DER-ES - 2026-02 - FEV/XLS/tab_DER-EDIFICAÇÕES_2026_02_servicos.xlsx!A412,2026-02,2026-03,m2,PISOS INTERNOS E EXTERNOS / ACABAMENTOS,True,False,451.76,452.05,452.05,451.76,,,False,False,c9a408180051aaa4e38fe277afd37500d913d617b22cb55cd61158248094d761,teste,False,False
der_es,sem_desoneracao,130205,"Piso de tábuas corridas de Peroba de 15cm sobre caibros de 5x6cm espaçados de 50cm, fixados com argamassa de cimento e areia no traço 1:5",PISOS INTERNOS E EXTERNOS / ACABAMENTOS,m2,3a5caa850c9309ca2717e14adae5d8e72e9254c6d21f543332ebaada90356e18,c9a408180051aaa4e38fe277afd37500d913d617b22cb55cd61158248094d761,TABELA REFERENCIAL OBRAS - DER-ES - 2026-03 - MAR/XLS/tab_DER-EDIFICAÇÕES_2026_03_servicos.xlsx!A412,2026-03,2026-04,m2,PISOS INTERNOS E EXTERNOS / ACABAMENTOS,True,False,451.76,451.76,452.05,437.68,,,False,False,b07a6f7cd81d76e43925b8f994875b35e8468c5a37790367db80f72665fc0b2b,teste,False,False
der_es,sem_desoneracao,130205,"Piso de tábuas corridas de Peroba de 15cm sobre caibros de 5x6cm espaçados de 50cm, fixados com argamassa de cimento e areia no traço 1:5",PISOS INTERNOS E EXTERNOS / ACABAMENTOS,m2,3a5caa850c9309ca2717e14adae5d8e72e9254c6d21f543332ebaada90356e18,b07a6f7cd81d76e43925b8f994875b35e8468c5a37790367db80f72665fc0b2b,TABELA REFERENCIAL OBRAS - DER-ES - 2026-04 - ABR/XLS/tab_DER-EDIFICAÇÕES_2026_04_servicos.xlsx!A412,2026-04,2026-05,m2,PISOS INTERNOS E EXTERNOS / ACABAMENTOS,True,False,437.68,451.76,451.76,443.81,,,False,False,9d7efd575c10dc676bc49f5acb5630fa9b3cd2b98449be07612e1891e8d213f6,teste,False,False
der_es,sem_desoneracao,130209,"Piso de cimentado camurçado executado com argamassa de cimento e areia no traço 1:3, esp. 3.0cm",PISOS INTERNOS E EXTERNOS / ACABAMENTOS,m2,8434daf263489e3429222f24356321ab1439eda74da7553149b8b9f47f4cc5c4,2dd7e7c15552e8663b500f12008e09dc39c3816602e826e994d7dc8922d7ac8f,TABELA REFERENCIAL OBRAS - DER-ES - 2025-03 - MAR/XLS/tab_DER-EDIFICAÇσES_2025_03_servicos.xlsx!A414,2025-03,2025-04,m2,PISOS INTERNOS E EXTERNOS / ACABAMENTOS,True,False,94.07,94.07,93.95,91.41,,,False,False,d2087ecf8affe6feb21bd38f6045155bdc7d4b18356273e8e54c68d96e73dbd4,treino,False,False
der_es,sem_desoneracao,130209,"Piso de cimentado camurçado executado com argamassa de cimento e areia no traço 1:3, esp. 3.0cm",PISOS INTERNOS E EXTERNOS / ACABAMENTOS,m2,8434daf263489e3429222f24356321ab1439eda74da7553149b8b9f47f4cc5c4,d2087ecf8affe6feb21bd38f6045155bdc7d4b18356273e8e54c68d96e73dbd4,TABELA REFERENCIAL OBRAS - DER-ES - 2025-04 - ABR/XLS/tab_DER-EDIFICAÇσES_2025_04_servicos.xlsx!A415,2025-04,2025-05,m2,PISOS INTERNOS E EXTERNOS / ACABAMENTOS,True,False,91.41,94.07,94.07,95.68,,,False,False,2bf6c2c7e6a976b4518fe548f59e259ac8091a61f440b44f17701ff9a0f00926,treino,False,False
der_es,sem_desoneracao,130209,"Piso de cimentado camurçado executado com argamassa de cimento e areia no traço 1:3, esp. 3.0cm",PISOS INTERNOS E EXTERNOS / ACABAMENTOS,m2,8434daf263489e3429222f24356321ab1439eda74da7553149b8b9f47f4cc5c4,2bf6c2c7e6a976b4518fe548f59e259ac8091a61f440b44f17701ff9a0f00926,TABELA REFERENCIAL OBRAS - DER-ES - 2025-05 - MAI/XLS/tab_DER-EDIFICAÇσES_2025_05_servicos.xlsx!A416,2025-05,2025-06,m2,PISOS INTERNOS E EXTERNOS / ACABAMENTOS,True,False,95.68,91.41,94.07,95.81,,,False,False,22734abdbfefadc850a2608b6f454b5f7c18b5e3c19f87c396d85d1e76c75234,treino,False,False
der_es,sem_desoneracao,130209,"Piso de cimentado camurçado executado com argamassa de cimento e areia no traço 1:3, esp. 3.0cm",PISOS INTERNOS E EXTERNOS / ACABAMENTOS,m2,8434daf263489e3429222f24356321ab1439eda74da7553149b8b9f47f4cc5c4,22734abdbfefadc850a2608b6f454b5f7c18b5e3c19f87c396d85d1e76c75234,TABELA REFERENCIAL OBRAS - DER-ES - 2025-06 - JUN/XLS/tab_DER-EDIFICAÇÕES_2025_06_servicos.xlsx!A414,2025-06,2025-07,m2,PISOS INTERNOS E EXTERNOS / ACABAMENTOS,True,False,95.81,95.68,91.41,95.81,,,False,False,9f2d3bc52e35d3a9c0317f2bbd34359ce4b9eb726cfdad03719dc91ab8a6eb52,treino,False,False
der_es,sem_desoneracao,130209,"Piso de cimentado camurçado executado com argamassa de cimento e areia no traço 1:3, esp. 3.0cm",PISOS INTERNOS E EXTERNOS / ACABAMENTOS,m2,8434daf263489e3429222f24356321ab1439eda74da7553149b8b9f47f4cc5c4,9f2d3bc52e35d3a9c0317f2bbd34359ce4b9eb726cfdad03719dc91ab8a6eb52,TABELA REFERENCIAL OBRAS - DER-ES - 2025-07 - JUL/TABELA REFERENCIAL OBRAS - DER-ES - 2025-07 - JUL/XLS/tab_DER-EDIFICAÇÕES_2025_07_servicos.xlsx!A414,2025-07,2025-08,m2,PISOS INTERNOS E EXTERNOS / ACABAMENTOS,True,False,95.81,95.81,95.68,96.15,,,False,False,f4e1c72d0bc82c19d0327a48458bea46cf1a06c556062fe2206e7955be9a14b1,treino,False,False
der_es,sem_desoneracao,130209,"Piso de cimentado camurçado executado com argamassa de cimento e areia no traço 1:3, esp. 3.0cm",PISOS INTERNOS E EXTERNOS / ACABAMENTOS,m2,8434daf263489e3429222f24356321ab1439eda74da7553149b8b9f47f4cc5c4,f4e1c72d0bc82c19d0327a48458bea46cf1a06c556062fe2206e7955be9a14b1,TABELA REFERENCIAL OBRAS - DER-ES - 2025-08 - AGO/XLS/tab_DER-EDIFICAÇÕES_2025_08_servicos.xlsx!A414,2025-08,2025-09,m2,PISOS INTERNOS E EXTERNOS / ACABAMENTOS,True,False,96.15,95.81,95.81,96.15,,,False,False,7b1be34ee7d5dd82bcaeb75a32037ae0f2eea1e439205f05e57077b8a3567875,treino,False,False
der_es,sem_desoneracao,130209,"Piso de cimentado camurçado executado com argamassa de cimento e areia no traço 1:3, esp. 3.0cm",PISOS INTERNOS E EXTERNOS / ACABAMENTOS,m2,8434daf263489e3429222f24356321ab1439eda74da7553149b8b9f47f4cc5c4,7b1be34ee7d5dd82bcaeb75a32037ae0f2eea1e439205f05e57077b8a3567875,TABELA REFERENCIAL OBRAS - DER-ES - 2025-09 - SET/XLS/tab_DER-EDIFICAÇÕES_2025_09_servicos.xlsx!A414,2025-09,2025-10,m2,PISOS INTERNOS E EXTERNOS / ACABAMENTOS,True,False,96.15,96.15,95.81,102.74,,,False,False,25f27b5ef0ad1c6c63d22be1ab543e5a65d73aa17c4d0463109a84f7209c8fa3,treino,False,False
der_es,sem_desoneracao,130209,"Piso de cimentado camurçado executado com argamassa de cimento e areia no traço 1:3, esp. 3.0cm",PISOS INTERNOS E EXTERNOS / ACABAMENTOS,m2,8434daf263489e3429222f24356321ab1439eda74da7553149b8b9f47f4cc5c4,25f27b5ef0ad1c6c63d22be1ab543e5a65d73aa17c4d0463109a84f7209c8fa3,TABELA REFERENCIAL OBRAS - DER-ES - 2025-10 - OUT/XLS/tab_DER-EDIFICAÇÕES_2025_10_servicos.xlsx!A414,2025-10,2025-11,m2,PISOS INTERNOS E EXTERNOS / ACABAMENTOS,True,False,102.74,96.15,96.15,102.74,,,False,False,d856141d8d195b8bf3114dd64686b80db08318d557f9eb5f279d84fffec1a86e,treino,False,False
der_es,sem_desoneracao,130209,"Piso de cimentado camurçado executado com argamassa de cimento e areia no traço 1:3, esp. 3.0cm",PISOS INTERNOS E EXTERNOS / ACABAMENTOS,m2,8434daf263489e3429222f24356321ab1439eda74da7553149b8b9f47f4cc5c4,d856141d8d195b8bf3114dd64686b80db08318d557f9eb5f279d84fffec1a86e,TABELA REFERENCIAL OBRAS - DER-ES - 2025-11 - NOV/XLS/tab_DER-EDIFICAÇÕES_2025_11_servicos.xlsx!A414,2025-11,2025-12,m2,PISOS INTERNOS E EXTERNOS / ACABAMENTOS,True,False,102.74,102.74,96.15,103.18,,,False,False,cf2ae6d6af6081526a2c2c6a6446342c23099ac3a9c81f310e3a5da2680fb053,treino,False,False
der_es,sem_desoneracao,130209,"Piso de cimentado camurçado executado com argamassa de cimento e areia no traço 1:3, esp. 3.0cm",PISOS INTERNOS E EXTERNOS / ACABAMENTOS,m2,8434daf263489e3429222f24356321ab1439eda74da7553149b8b9f47f4cc5c4,cf2ae6d6af6081526a2c2c6a6446342c23099ac3a9c81f310e3a5da2680fb053,TABELA REFERENCIAL OBRAS - DER-ES - 2025-12 - DEZ/XLS/tab_DER-EDIFICAÇÕES_2025_12_servicos.xlsx!A414,2025-12,2026-01,m2,PISOS INTERNOS E EXTERNOS / ACABAMENTOS,True,False,103.18,102.74,102.74,103.18,,,False,False,4feebcbe8c47058cf57314347405d833cdfb5d2340951f005ab53d27ae84fd84,validacao,False,False
der_es,sem_desoneracao,130209,"Piso de cimentado camurçado executado com argamassa de cimento e areia no traço 1:3, esp. 3.0cm",PISOS INTERNOS E EXTERNOS / ACABAMENTOS,m2,8434daf263489e3429222f24356321ab1439eda74da7553149b8b9f47f4cc5c4,4feebcbe8c47058cf57314347405d833cdfb5d2340951f005ab53d27ae84fd84,TABELA REFERENCIAL OBRAS - DER-ES - 2026-01 - JAN/XLS/tab_DER-EDIFICAÇÕES_2026_01_servicos.xlsx!A414,2026-01,2026-02,m2,PISOS INTERNOS E EXTERNOS / ACABAMENTOS,True,False,103.18,103.18,102.74,102.6,,,False,False,1a7537f06fa9b2a1aff5982ae95ae6bf2ec16498e28430445e55584fbcce9a3c,validacao,False,False
der_es,sem_desoneracao,130209,"Piso de cimentado camurçado executado com argamassa de cimento e areia no traço 1:3, esp. 3.0cm",PISOS INTERNOS E EXTERNOS / ACABAMENTOS,m2,8434daf263489e3429222f24356321ab1439eda74da7553149b8b9f47f4cc5c4,1a7537f06fa9b2a1aff5982ae95ae6bf2ec16498e28430445e55584fbcce9a3c,TABELA REFERENCIAL OBRAS - DER-ES - 2026-02 - FEV/XLS/tab_DER-EDIFICAÇÕES_2026_02_servicos.xlsx!A414,2026-02,2026-03,m2,PISOS INTERNOS E EXTERNOS / ACABAMENTOS,True,False,102.6,103.18,103.18,102.6,,,False,False,c9a408180051aaa4e38fe277afd37500d913d617b22cb55cd61158248094d761,teste,False,False
der_es,sem_desoneracao,130209,"Piso de cimentado camurçado executado com argamassa de cimento e areia no traço 1:3, esp. 3.0cm",PISOS INTERNOS E EXTERNOS / ACABAMENTOS,m2,8434daf263489e3429222f24356321ab1439eda74da7553149b8b9f47f4cc5c4,c9a408180051aaa4e38fe277afd37500d913d617b22cb55cd61158248094d761,TABELA REFERENCIAL OBRAS - DER-ES - 2026-03 - MAR/XLS/tab_DER-EDIFICAÇÕES_2026_03_servicos.xlsx!A414,2026-03,2026-04,m2,PISOS INTERNOS E EXTERNOS / ACABAMENTOS,True,False,102.6,102.6,103.18,93.31,,,False,False,b07a6f7cd81d76e43925b8f994875b35e8468c5a37790367db80f72665fc0b2b,teste,False,False
der_es,sem_desoneracao,130209,"Piso de cimentado camurçado executado com argamassa de cimento e areia no traço 1:3, esp. 3.0cm",PISOS INTERNOS E EXTERNOS / ACABAMENTOS,m2,8434daf263489e3429222f24356321ab1439eda74da7553149b8b9f47f4cc5c4,b07a6f7cd81d76e43925b8f994875b35e8468c5a37790367db80f72665fc0b2b,TABELA REFERENCIAL OBRAS - DER-ES - 2026-04 - ABR/XLS/tab_DER-EDIFICAÇÕES_2026_04_servicos.xlsx!A414,2026-04,2026-05,m2,PISOS INTERNOS E EXTERNOS / ACABAMENTOS,True,False,93.31,102.6,102.6,96.95,,,False,False,9d7efd575c10dc676bc49f5acb5630fa9b3cd2b98449be07612e1891e8d213f6,teste,False,False
der_es,sem_desoneracao,130210,"Piso cimentado liso com 1.5 cm de espessura, em argamassa de cimento e areia no traço 1:3 e juntas plásticas em quadros de 1 m colorido com corante tipo Xadrez ou equivalente",PISOS INTERNOS E EXTERNOS / ACABAMENTOS,m2,ee68196dcca10f846850450ef9f7c005a65904f20dad52b39d6167b897862d30,2dd7e7c15552e8663b500f12008e09dc39c3816602e826e994d7dc8922d7ac8f,TABELA REFERENCIAL OBRAS - DER-ES - 2025-03 - MAR/XLS/tab_DER-EDIFICAÇσES_2025_03_servicos.xlsx!A415,2025-03,2025-04,m2,PISOS INTERNOS E EXTERNOS / ACABAMENTOS,True,False,72.34,72.34,72.28,70.8,,,False,False,d2087ecf8affe6feb21bd38f6045155bdc7d4b18356273e8e54c68d96e73dbd4,treino,False,False
der_es,sem_desoneracao,130210,"Piso cimentado liso com 1.5 cm de espessura, em argamassa de cimento e areia no traço 1:3 e juntas plásticas em quadros de 1 m colorido com corante tipo Xadrez ou equivalente",PISOS INTERNOS E EXTERNOS / ACABAMENTOS,m2,ee68196dcca10f846850450ef9f7c005a65904f20dad52b39d6167b897862d30,d2087ecf8affe6feb21bd38f6045155bdc7d4b18356273e8e54c68d96e73dbd4,TABELA REFERENCIAL OBRAS - DER-ES - 2025-04 - ABR/XLS/tab_DER-EDIFICAÇσES_2025_04_servicos.xlsx!A416,2025-04,2025-05,m2,PISOS INTERNOS E EXTERNOS / ACABAMENTOS,True,False,70.8,72.34,72.34,74.8,,,False,False,2bf6c2c7e6a976b4518fe548f59e259ac8091a61f440b44f17701ff9a0f00926,treino,False,False
der_es,sem_desoneracao,130210,"Piso cimentado liso com 1.5 cm de espessura, em argamassa de cimento e areia no traço 1:3 e juntas plásticas em quadros de 1 m colorido com corante tipo Xadrez ou equivalente",PISOS INTERNOS E EXTERNOS / ACABAMENTOS,m2,ee68196dcca10f846850450ef9f7c005a65904f20dad52b39d6167b897862d30,2bf6c2c7e6a976b4518fe548f59e259ac8091a61f440b44f17701ff9a0f00926,TABELA REFERENCIAL OBRAS - DER-ES - 2025-05 - MAI/XLS/tab_DER-EDIFICAÇσES_2025_05_servicos.xlsx!A417,2025-05,2025-06,m2,PISOS INTERNOS E EXTERNOS / ACABAMENTOS,True,False,74.8,70.8,72.34,74.86,,,False,False,22734abdbfefadc850a2608b6f454b5f7c18b5e3c19f87c396d85d1e76c75234,treino,False,False
der_es,sem_desoneracao,130210,"Piso cimentado liso com 1.5 cm de espessura, em argamassa de cimento e areia no traço 1:3 e juntas plásticas em quadros de 1 m colorido com corante tipo Xadrez ou equivalente",PISOS INTERNOS E EXTERNOS / ACABAMENTOS,m2,ee68196dcca10f846850450ef9f7c005a65904f20dad52b39d6167b897862d30,22734abdbfefadc850a2608b6f454b5f7c18b5e3c19f87c396d85d1e76c75234,TABELA REFERENCIAL OBRAS - DER-ES - 2025-06 - JUN/XLS/tab_DER-EDIFICAÇÕES_2025_06_servicos.xlsx!A415,2025-06,2025-07,m2,PISOS INTERNOS E EXTERNOS / ACABAMENTOS,True,False,74.86,74.8,70.8,74.86,,,False,False,9f2d3bc52e35d3a9c0317f2bbd34359ce4b9eb726cfdad03719dc91ab8a6eb52,treino,False,False
der_es,sem_desoneracao,130210,"Piso cimentado liso com 1.5 cm de espessura, em argamassa de cimento e areia no traço 1:3 e juntas plásticas em quadros de 1 m colorido com corante tipo Xadrez ou equivalente",PISOS INTERNOS E EXTERNOS / ACABAMENTOS,m2,ee68196dcca10f846850450ef9f7c005a65904f20dad52b39d6167b897862d30,9f2d3bc52e35d3a9c0317f2bbd34359ce4b9eb726cfdad03719dc91ab8a6eb52,TABELA REFERENCIAL OBRAS - DER-ES - 2025-07 - JUL/TABELA REFERENCIAL OBRAS - DER-ES - 2025-07 - JUL/XLS/tab_DER-EDIFICAÇÕES_2025_07_servicos.xlsx!A415,2025-07,2025-08,m2,PISOS INTERNOS E EXTERNOS / ACABAMENTOS,True,False,74.86,74.86,74.8,75.03,,,False,False,f4e1c72d0bc82c19d0327a48458bea46cf1a06c556062fe2206e7955be9a14b1,treino,False,False
der_es,sem_desoneracao,130210,"Piso cimentado liso com 1.5 cm de espessura, em argamassa de cimento e areia no traço 1:3 e juntas plásticas em quadros de 1 m colorido com corante tipo Xadrez ou equivalente",PISOS INTERNOS E EXTERNOS / ACABAMENTOS,m2,ee68196dcca10f846850450ef9f7c005a65904f20dad52b39d6167b897862d30,f4e1c72d0bc82c19d0327a48458bea46cf1a06c556062fe2206e7955be9a14b1,TABELA REFERENCIAL OBRAS - DER-ES - 2025-08 - AGO/XLS/tab_DER-EDIFICAÇÕES_2025_08_servicos.xlsx!A415,2025-08,2025-09,m2,PISOS INTERNOS E EXTERNOS / ACABAMENTOS,True,False,75.03,74.86,74.86,75.03,,,False,False,7b1be34ee7d5dd82bcaeb75a32037ae0f2eea1e439205f05e57077b8a3567875,treino,False,False
der_es,sem_desoneracao,130210,"Piso cimentado liso com 1.5 cm de espessura, em argamassa de cimento e areia no traço 1:3 e juntas plásticas em quadros de 1 m colorido com corante tipo Xadrez ou equivalente",PISOS INTERNOS E EXTERNOS / ACABAMENTOS,m2,ee68196dcca10f846850450ef9f7c005a65904f20dad52b39d6167b897862d30,7b1be34ee7d5dd82bcaeb75a32037ae0f2eea1e439205f05e57077b8a3567875,TABELA REFERENCIAL OBRAS - DER-ES - 2025-09 - SET/XLS/tab_DER-EDIFICAÇÕES_2025_09_servicos.xlsx!A415,2025-09,2025-10,m2,PISOS INTERNOS E EXTERNOS / ACABAMENTOS,True,False,75.03,75.03,74.86,77.47,,,False,False,25f27b5ef0ad1c6c63d22be1ab543e5a65d73aa17c4d0463109a84f7209c8fa3,treino,False,False
der_es,sem_desoneracao,130210,"Piso cimentado liso com 1.5 cm de espessura, em argamassa de cimento e areia no traço 1:3 e juntas plásticas em quadros de 1 m colorido com corante tipo Xadrez ou equivalente",PISOS INTERNOS E EXTERNOS / ACABAMENTOS,m2,ee68196dcca10f846850450ef9f7c005a65904f20dad52b39d6167b897862d30,25f27b5ef0ad1c6c63d22be1ab543e5a65d73aa17c4d0463109a84f7209c8fa3,TABELA REFERENCIAL OBRAS - DER-ES - 2025-10 - OUT/XLS/tab_DER-EDIFICAÇÕES_2025_10_servicos.xlsx!A415,2025-10,2025-11,m2,PISOS INTERNOS E EXTERNOS / ACABAMENTOS,True,False,77.47,75.03,75.03,77.47,,,False,False,d856141d8d195b8bf3114dd64686b80db08318d557f9eb5f279d84fffec1a86e,treino,False,False
der_es,sem_desoneracao,130210,"Piso cimentado liso com 1.5 cm de espessura, em argamassa de cimento e areia no traço 1:3 e juntas plásticas em quadros de 1 m colorido com corante tipo Xadrez ou equivalente",PISOS INTERNOS E EXTERNOS / ACABAMENTOS,m2,ee68196dcca10f846850450ef9f7c005a65904f20dad52b39d6167b897862d30,d856141d8d195b8bf3114dd64686b80db08318d557f9eb5f279d84fffec1a86e,TABELA REFERENCIAL OBRAS - DER-ES - 2025-11 - NOV/XLS/tab_DER-EDIFICAÇÕES_2025_11_servicos.xlsx!A415,2025-11,2025-12,m2,PISOS INTERNOS E EXTERNOS / ACABAMENTOS,True,False,77.47,77.47,75.03,77.69,,,False,False,cf2ae6d6af6081526a2c2c6a6446342c23099ac3a9c81f310e3a5da2680fb053,treino,False,False
der_es,sem_desoneracao,130210,"Piso cimentado liso com 1.5 cm de espessura, em argamassa de cimento e areia no traço 1:3 e juntas plásticas em quadros de 1 m colorido com corante tipo Xadrez ou equivalente",PISOS INTERNOS E EXTERNOS / ACABAMENTOS,m2,ee68196dcca10f846850450ef9f7c005a65904f20dad52b39d6167b897862d30,cf2ae6d6af6081526a2c2c6a6446342c23099ac3a9c81f310e3a5da2680fb053,TABELA REFERENCIAL OBRAS - DER-ES - 2025-12 - DEZ/XLS/tab_DER-EDIFICAÇÕES_2025_12_servicos.xlsx!A415,2025-12,2026-01,m2,PISOS INTERNOS E EXTERNOS / ACABAMENTOS,True,False,77.69,77.47,77.47,77.69,,,False,False,4feebcbe8c47058cf57314347405d833cdfb5d2340951f005ab53d27ae84fd84,validacao,False,False
der_es,sem_desoneracao,130210,"Piso cimentado liso com 1.5 cm de espessura, em argamassa de cimento e areia no traço 1:3 e juntas plásticas em quadros de 1 m colorido com corante tipo Xadrez ou equivalente",PISOS INTERNOS E EXTERNOS / ACABAMENTOS,m2,ee68196dcca10f846850450ef9f7c005a65904f20dad52b39d6167b897862d30,4feebcbe8c47058cf57314347405d833cdfb5d2340951f005ab53d27ae84fd84,TABELA REFERENCIAL OBRAS - DER-ES - 2026-01 - JAN/XLS/tab_DER-EDIFICAÇÕES_2026_01_servicos.xlsx!A415,2026-01,2026-02,m2,PISOS INTERNOS E EXTERNOS / ACABAMENTOS,True,False,77.69,77.69,77.47,77.4,,,False,False,1a7537f06fa9b2a1aff5982ae95ae6bf2ec16498e28430445e55584fbcce9a3c,validacao,False,False
der_es,sem_desoneracao,130210,"Piso cimentado liso com 1.5 cm de espessura, em argamassa de cimento e areia no traço 1:3 e juntas plásticas em quadros de 1 m colorido com corante tipo Xadrez ou equivalente",PISOS INTERNOS E EXTERNOS / ACABAMENTOS,m2,ee68196dcca10f846850450ef9f7c005a65904f20dad52b39d6167b897862d30,1a7537f06fa9b2a1aff5982ae95ae6bf2ec16498e28430445e55584fbcce9a3c,TABELA REFERENCIAL OBRAS - DER-ES - 2026-02 - FEV/XLS/tab_DER-EDIFICAÇÕES_2026_02_servicos.xlsx!A415,2026-02,2026-03,m2,PISOS INTERNOS E EXTERNOS / ACABAMENTOS,True,False,77.4,77.69,77.69,77.4,,,False,False,c9a408180051aaa4e38fe277afd37500d913d617b22cb55cd61158248094d761,teste,False,False
der_es,sem_desoneracao,130210,"Piso cimentado liso com 1.5 cm de espessura, em argamassa de cimento e areia no traço 1:3 e juntas plásticas em quadros de 1 m colorido com corante tipo Xadrez ou equivalente",PISOS INTERNOS E EXTERNOS / ACABAMENTOS,m2,ee68196dcca10f846850450ef9f7c005a65904f20dad52b39d6167b897862d30,c9a408180051aaa4e38fe277afd37500d913d617b22cb55cd61158248094d761,TABELA REFERENCIAL OBRAS - DER-ES - 2026-03 - MAR/XLS/tab_DER-EDIFICAÇÕES_2026_03_servicos.xlsx!A415,2026-03,2026-04,m2,PISOS INTERNOS E EXTERNOS / ACABAMENTOS,True,False,77.4,77.4,77.69,78.41,,,False,False,b07a6f7cd81d76e43925b8f994875b35e8468c5a37790367db80f72665fc0b2b,teste,False,False
der_es,sem_desoneracao,130210,"Piso cimentado liso com 1.5 cm de espessura, em argamassa de cimento e areia no traço 1:3 e juntas plásticas em quadros de 1 m colorido com corante tipo Xadrez ou equivalente",PISOS INTERNOS E EXTERNOS / ACABAMENTOS,m2,ee68196dcca10f846850450ef9f7c005a65904f20dad52b39d6167b897862d30,b07a6f7cd81d76e43925b8f994875b35e8468c5a37790367db80f72665fc0b2b,TABELA REFERENCIAL OBRAS - DER-ES - 2026-04 - ABR/XLS/tab_DER-EDIFICAÇÕES_2026_04_servicos.xlsx!A415,2026-04,2026-05,m2,PISOS INTERNOS E EXTERNOS / ACABAMENTOS,True,False,78.41,77.4,77.4,81.84,,,False,False,9d7efd575c10dc676bc49f5acb5630fa9b3cd2b98449be07612e1891e8d213f6,teste,False,False
der_es,sem_desoneracao,130211,"Fornecimento e instalação de Piso Paviflex dim. 30x30cm, esp. 2mm linha Chroma Concept ref. Fademac ou equivalente",PISOS INTERNOS E EXTERNOS / ACABAMENTOS,m2,e592a18e6408019c900f34a070a3d609864d5c28db0ebd8f850b3d3641fe104a,2dd7e7c15552e8663b500f12008e09dc39c3816602e826e994d7dc8922d7ac8f,TABELA REFERENCIAL OBRAS - DER-ES - 2025-03 - MAR/XLS/tab_DER-EDIFICAÇσES_2025_03_servicos.xlsx!A416,2025-03,2025-04,m2,PISOS INTERNOS E EXTERNOS / ACABAMENTOS,True,False,254.87,254.87,216.16,254.87,,,False,False,d2087ecf8affe6feb21bd38f6045155bdc7d4b18356273e8e54c68d96e73dbd4,treino,False,False
der_es,sem_desoneracao,130211,"Fornecimento e instalação de Piso Paviflex dim. 30x30cm, esp. 2mm linha Chroma Concept ref. Fademac ou equivalente",PISOS INTERNOS E EXTERNOS / ACABAMENTOS,m2,e592a18e6408019c900f34a070a3d609864d5c28db0ebd8f850b3d3641fe104a,d2087ecf8affe6feb21bd38f6045155bdc7d4b18356273e8e54c68d96e73dbd4,TABELA REFERENCIAL OBRAS - DER-ES - 2025-04 - ABR/XLS/tab_DER-EDIFICAÇσES_2025_04_servicos.xlsx!A417,2025-04,2025-05,m2,PISOS INTERNOS E EXTERNOS / ACABAMENTOS,True,False,254.87,254.87,254.87,254.87,,,False,False,2bf6c2c7e6a976b4518fe548f59e259ac8091a61f440b44f17701ff9a0f00926,treino,False,False
der_es,sem_desoneracao,130211,"Fornecimento e instalação de Piso Paviflex dim. 30x30cm, esp. 2mm linha Chroma Concept ref. Fademac ou equivalente",PISOS INTERNOS E EXTERNOS / ACABAMENTOS,m2,e592a18e6408019c900f34a070a3d609864d5c28db0ebd8f850b3d3641fe104a,2bf6c2c7e6a976b4518fe548f59e259ac8091a61f440b44f17701ff9a0f00926,TABELA REFERENCIAL OBRAS - DER-ES - 2025-05 - MAI/XLS/tab_DER-EDIFICAÇσES_2025_05_servicos.xlsx!A418,2025-05,2025-06,m2,PISOS INTERNOS E EXTERNOS / ACABAMENTOS,True,False,254.87,254.87,254.87,259.5,,,False,False,22734abdbfefadc850a2608b6f454b5f7c18b5e3c19f87c396d85d1e76c75234,treino,False,False
der_es,sem_desoneracao,130211,"Fornecimento e instalação de Piso Paviflex dim. 30x30cm, esp. 2mm linha Chroma Concept ref. Fademac ou equivalente",PISOS INTERNOS E EXTERNOS / ACABAMENTOS,m2,e592a18e6408019c900f34a070a3d609864d5c28db0ebd8f850b3d3641fe104a,22734abdbfefadc850a2608b6f454b5f7c18b5e3c19f87c396d85d1e76c75234,TABELA REFERENCIAL OBRAS - DER-ES - 2025-06 - JUN/XLS/tab_DER-EDIFICAÇÕES_2025_06_servicos.xlsx!A416,2025-06,2025-07,m2,PISOS INTERNOS E EXTERNOS / ACABAMENTOS,True,False,259.5,254.87,254.87,259.5,,,False,False,9f2d3bc52e35d3a9c0317f2bbd34359ce4b9eb726cfdad03719dc91ab8a6eb52,treino,False,False
der_es,sem_desoneracao,130211,"Fornecimento e instalação de Piso Paviflex dim. 30x30cm, esp. 2mm linha Chroma Concept ref. Fademac ou equivalente",PISOS INTERNOS E EXTERNOS / ACABAMENTOS,m2,e592a18e6408019c900f34a070a3d609864d5c28db0ebd8f850b3d3641fe104a,9f2d3bc52e35d3a9c0317f2bbd34359ce4b9eb726cfdad03719dc91ab8a6eb52,TABELA REFERENCIAL OBRAS - DER-ES - 2025-07 - JUL/TABELA REFERENCIAL OBRAS - DER-ES - 2025-07 - JUL/XLS/tab_DER-EDIFICAÇÕES_2025_07_servicos.xlsx!A416,2025-07,2025-08,m2,PISOS INTERNOS E EXTERNOS / ACABAMENTOS,True,False,259.5,259.5,254.87,259.5,,,False,False,f4e1c72d0bc82c19d0327a48458bea46cf1a06c556062fe2206e7955be9a14b1,treino,False,False
der_es,sem_desoneracao,130211,"Fornecimento e instalação de Piso Paviflex dim. 30x30cm, esp. 2mm linha Chroma Concept ref. Fademac ou equivalente",PISOS INTERNOS E EXTERNOS / ACABAMENTOS,m2,e592a18e6408019c900f34a070a3d609864d5c28db0ebd8f850b3d3641fe104a,f4e1c72d0bc82c19d0327a48458bea46cf1a06c556062fe2206e7955be9a14b1,TABELA REFERENCIAL OBRAS - DER-ES - 2025-08 - AGO/XLS/tab_DER-EDIFICAÇÕES_2025_08_servicos.xlsx!A416,2025-08,2025-09,m2,PISOS INTERNOS E EXTERNOS / ACABAMENTOS,True,False,259.5,259.5,259.5,259.5,,,False,False,7b1be34ee7d5dd82bcaeb75a32037ae0f2eea1e439205f05e57077b8a3567875,treino,False,False
der_es,sem_desoneracao,130211,"Fornecimento e instalação de Piso Paviflex dim. 30x30cm, esp. 2mm linha Chroma Concept ref. Fademac ou equivalente",PISOS INTERNOS E EXTERNOS / ACABAMENTOS,m2,e592a18e6408019c900f34a070a3d609864d5c28db0ebd8f850b3d3641fe104a,7b1be34ee7d5dd82bcaeb75a32037ae0f2eea1e439205f05e57077b8a3567875,TABELA REFERENCIAL OBRAS - DER-ES - 2025-09 - SET/XLS/tab_DER-EDIFICAÇÕES_2025_09_servicos.xlsx!A416,2025-09,2025-10,m2,PISOS INTERNOS E EXTERNOS / ACABAMENTOS,True,False,259.5,259.5,259.5,286.67,,,False,False,25f27b5ef0ad1c6c63d22be1ab543e5a65d73aa17c4d0463109a84f7209c8fa3,treino,False,False
der_es,sem_desoneracao,130211,"Fornecimento e instalação de Piso Paviflex dim. 30x30cm, esp. 2mm linha Chroma Concept ref. Fademac ou equivalente",PISOS INTERNOS E EXTERNOS / ACABAMENTOS,m2,e592a18e6408019c900f34a070a3d609864d5c28db0ebd8f850b3d3641fe104a,25f27b5ef0ad1c6c63d22be1ab543e5a65d73aa17c4d0463109a84f7209c8fa3,TABELA REFERENCIAL OBRAS - DER-ES - 2025-10 - OUT/XLS/tab_DER-EDIFICAÇÕES_2025_10_servicos.xlsx!A416,2025-10,2025-11,m2,PISOS INTERNOS E EXTERNOS / ACABAMENTOS,True,False,286.67,259.5,259.5,286.67,,,False,False,d856141d8d195b8bf3114dd64686b80db08318d557f9eb5f279d84fffec1a86e,treino,False,False
der_es,sem_desoneracao,130211,"Fornecimento e instalação de Piso Paviflex dim. 30x30cm, esp. 2mm linha Chroma Concept ref. Fademac ou equivalente",PISOS INTERNOS E EXTERNOS / ACABAMENTOS,m2,e592a18e6408019c900f34a070a3d609864d5c28db0ebd8f850b3d3641fe104a,d856141d8d195b8bf3114dd64686b80db08318d557f9eb5f279d84fffec1a86e,TABELA REFERENCIAL OBRAS - DER-ES - 2025-11 - NOV/XLS/tab_DER-EDIFICAÇÕES_2025_11_servicos.xlsx!A416,2025-11,2025-12,m2,PISOS INTERNOS E EXTERNOS / ACABAMENTOS,True,False,286.67,286.67,259.5,286.67,,,False,False,cf2ae6d6af6081526a2c2c6a6446342c23099ac3a9c81f310e3a5da2680fb053,treino,False,False
der_es,sem_desoneracao,130211,"Fornecimento e instalação de Piso Paviflex dim. 30x30cm, esp. 2mm linha Chroma Concept ref. Fademac ou equivalente",PISOS INTERNOS E EXTERNOS / ACABAMENTOS,m2,e592a18e6408019c900f34a070a3d609864d5c28db0ebd8f850b3d3641fe104a,cf2ae6d6af6081526a2c2c6a6446342c23099ac3a9c81f310e3a5da2680fb053,TABELA REFERENCIAL OBRAS - DER-ES - 2025-12 - DEZ/XLS/tab_DER-EDIFICAÇÕES_2025_12_servicos.xlsx!A416,2025-12,2026-01,m2,PISOS INTERNOS E EXTERNOS / ACABAMENTOS,True,False,286.67,286.67,286.67,286.67,,,False,False,4feebcbe8c47058cf57314347405d833cdfb5d2340951f005ab53d27ae84fd84,validacao,False,False
der_es,sem_desoneracao,130211,"Fornecimento e instalação de Piso Paviflex dim. 30x30cm, esp. 2mm linha Chroma Concept ref. Fademac ou equivalente",PISOS INTERNOS E EXTERNOS / ACABAMENTOS,m2,e592a18e6408019c900f34a070a3d609864d5c28db0ebd8f850b3d3641fe104a,4feebcbe8c47058cf57314347405d833cdfb5d2340951f005ab53d27ae84fd84,TABELA REFERENCIAL OBRAS - DER-ES - 2026-01 - JAN/XLS/tab_DER-EDIFICAÇÕES_2026_01_servicos.xlsx!A416,2026-01,2026-02,m2,PISOS INTERNOS E EXTERNOS / ACABAMENTOS,True,False,286.67,286.67,286.67,269.0,,,False,False,1a7537f06fa9b2a1aff5982ae95ae6bf2ec16498e28430445e55584fbcce9a3c,validacao,False,False
der_es,sem_desoneracao,130211,"Fornecimento e instalação de Piso Paviflex dim. 30x30cm, esp. 2mm linha Chroma Concept ref. Fademac ou equivalente",PISOS INTERNOS E EXTERNOS / ACABAMENTOS,m2,e592a18e6408019c900f34a070a3d609864d5c28db0ebd8f850b3d3641fe104a,1a7537f06fa9b2a1aff5982ae95ae6bf2ec16498e28430445e55584fbcce9a3c,TABELA REFERENCIAL OBRAS - DER-ES - 2026-02 - FEV/XLS/tab_DER-EDIFICAÇÕES_2026_02_servicos.xlsx!A416,2026-02,2026-03,m2,PISOS INTERNOS E EXTERNOS / ACABAMENTOS,True,False,269.0,286.67,286.67,269.0,,,False,False,c9a408180051aaa4e38fe277afd37500d913d617b22cb55cd61158248094d761,teste,False,False
der_es,sem_desoneracao,130211,"Fornecimento e instalação de Piso Paviflex dim. 30x30cm, esp. 2mm linha Chroma Concept ref. Fademac ou equivalente",PISOS INTERNOS E EXTERNOS / ACABAMENTOS,m2,e592a18e6408019c900f34a070a3d609864d5c28db0ebd8f850b3d3641fe104a,c9a408180051aaa4e38fe277afd37500d913d617b22cb55cd61158248094d761,TABELA REFERENCIAL OBRAS - DER-ES - 2026-03 - MAR/XLS/tab_DER-EDIFICAÇÕES_2026_03_servicos.xlsx!A416,2026-03,2026-04,m2,PISOS INTERNOS E EXTERNOS / ACABAMENTOS,True,False,269.0,269.0,286.67,269.0,,,False,False,b07a6f7cd81d76e43925b8f994875b35e8468c5a37790367db80f72665fc0b2b,teste,False,False
der_es,sem_desoneracao,130211,"Fornecimento e instalação de Piso Paviflex dim. 30x30cm, esp. 2mm linha Chroma Concept ref. Fademac ou equivalente",PISOS INTERNOS E EXTERNOS / ACABAMENTOS,m2,e592a18e6408019c900f34a070a3d609864d5c28db0ebd8f850b3d3641fe104a,b07a6f7cd81d76e43925b8f994875b35e8468c5a37790367db80f72665fc0b2b,TABELA REFERENCIAL OBRAS - DER-ES - 2026-04 - ABR/XLS/tab_DER-EDIFICAÇÕES_2026_04_servicos.xlsx!A416,2026-04,2026-05,m2,PISOS INTERNOS E EXTERNOS / ACABAMENTOS,True,False,269.0,269.0,269.0,269.0,,,False,False,9d7efd575c10dc676bc49f5acb5630fa9b3cd2b98449be07612e1891e8d213f6,teste,False,False
der_es,sem_desoneracao,130222,"Revestimento de piso com placas de borracha plurigoma preto pastilhado ou equivalente, inclusive arremate",PISOS INTERNOS E EXTERNOS / ACABAMENTOS,m2,42ceb5bc3940fc3dcb9ca95606cc8c530081006991a2010fcb43a236deea8ed0,2dd7e7c15552e8663b500f12008e09dc39c3816602e826e994d7dc8922d7ac8f,TABELA REFERENCIAL OBRAS - DER-ES - 2025-03 - MAR/XLS/tab_DER-EDIFICAÇσES_2025_03_servicos.xlsx!A417,2025-03,2025-04,m2,PISOS INTERNOS E EXTERNOS / ACABAMENTOS,True,False,199.6,199.6,170.2,199.6,,,False,False,d2087ecf8affe6feb21bd38f6045155bdc7d4b18356273e8e54c68d96e73dbd4,treino,False,False
der_es,sem_desoneracao,130222,"Revestimento de piso com placas de borracha plurigoma preto pastilhado ou equivalente, inclusive arremate",PISOS INTERNOS E EXTERNOS / ACABAMENTOS,m2,42ceb5bc3940fc3dcb9ca95606cc8c530081006991a2010fcb43a236deea8ed0,d2087ecf8affe6feb21bd38f6045155bdc7d4b18356273e8e54c68d96e73dbd4,TABELA REFERENCIAL OBRAS - DER-ES - 2025-04 - ABR/XLS/tab_DER-EDIFICAÇσES_2025_04_servicos.xlsx!A418,2025-04,2025-05,m2,PISOS INTERNOS E EXTERNOS / ACABAMENTOS,True,False,199.6,199.6,199.6,199.6,,,False,False,2bf6c2c7e6a976b4518fe548f59e259ac8091a61f440b44f17701ff9a0f00926,treino,False,False
der_es,sem_desoneracao,130222,"Revestimento de piso com placas de borracha plurigoma preto pastilhado ou equivalente, inclusive arremate",PISOS INTERNOS E EXTERNOS / ACABAMENTOS,m2,42ceb5bc3940fc3dcb9ca95606cc8c530081006991a2010fcb43a236deea8ed0,2bf6c2c7e6a976b4518fe548f59e259ac8091a61f440b44f17701ff9a0f00926,TABELA REFERENCIAL OBRAS - DER-ES - 2025-05 - MAI/XLS/tab_DER-EDIFICAÇσES_2025_05_servicos.xlsx!A419,2025-05,2025-06,m2,PISOS INTERNOS E EXTERNOS / ACABAMENTOS,True,False,199.6,199.6,199.6,150.92,,,False,False,22734abdbfefadc850a2608b6f454b5f7c18b5e3c19f87c396d85d1e76c75234,treino,False,False
der_es,sem_desoneracao,130222,"Revestimento de piso com placas de borracha plurigoma preto pastilhado ou equivalente, inclusive arremate",PISOS INTERNOS E EXTERNOS / ACABAMENTOS,m2,42ceb5bc3940fc3dcb9ca95606cc8c530081006991a2010fcb43a236deea8ed0,22734abdbfefadc850a2608b6f454b5f7c18b5e3c19f87c396d85d1e76c75234,TABELA REFERENCIAL OBRAS - DER-ES - 2025-06 - JUN/XLS/tab_DER-EDIFICAÇÕES_2025_06_servicos.xlsx!A417,2025-06,2025-07,m2,PISOS INTERNOS E EXTERNOS / ACABAMENTOS,True,False,150.92,199.6,199.6,150.92,,,False,False,9f2d3bc52e35d3a9c0317f2bbd34359ce4b9eb726cfdad03719dc91ab8a6eb52,treino,False,False
der_es,sem_desoneracao,130222,"Revestimento de piso com placas de borracha plurigoma preto pastilhado ou equivalente, inclusive arremate",PISOS INTERNOS E EXTERNOS / ACABAMENTOS,m2,42ceb5bc3940fc3dcb9ca95606cc8c530081006991a2010fcb43a236deea8ed0,9f2d3bc52e35d3a9c0317f2bbd34359ce4b9eb726cfdad03719dc91ab8a6eb52,TABELA REFERENCIAL OBRAS - DER-ES - 2025-07 - JUL/TABELA REFERENCIAL OBRAS - DER-ES - 2025-07 - JUL/XLS/tab_DER-EDIFICAÇÕES_2025_07_servicos.xlsx!A417,2025-07,2025-08,m2,PISOS INTERNOS E EXTERNOS / ACABAMENTOS,True,False,150.92,150.92,199.6,150.92,,,False,False,f4e1c72d0bc82c19d0327a48458bea46cf1a06c556062fe2206e7955be9a14b1,treino,False,False
der_es,sem_desoneracao,130222,"Revestimento de piso com placas de borracha plurigoma preto pastilhado ou equivalente, inclusive arremate",PISOS INTERNOS E EXTERNOS / ACABAMENTOS,m2,42ceb5bc3940fc3dcb9ca95606cc8c530081006991a2010fcb43a236deea8ed0,f4e1c72d0bc82c19d0327a48458bea46cf1a06c556062fe2206e7955be9a14b1,TABELA REFERENCIAL OBRAS - DER-ES - 2025-08 - AGO/XLS/tab_DER-EDIFICAÇÕES_2025_08_servicos.xlsx!A417,2025-08,2025-09,m2,PISOS INTERNOS E EXTERNOS / ACABAMENTOS,True,False,150.92,150.92,150.92,150.92,,,False,False,7b1be34ee7d5dd82bcaeb75a32037ae0f2eea1e439205f05e57077b8a3567875,treino,False,False
der_es,sem_desoneracao,130222,"Revestimento de piso com placas de borracha plurigoma preto pastilhado ou equivalente, inclusive arremate",PISOS INTERNOS E EXTERNOS / ACABAMENTOS,m2,42ceb5bc3940fc3dcb9ca95606cc8c530081006991a2010fcb43a236deea8ed0,7b1be34ee7d5dd82bcaeb75a32037ae0f2eea1e439205f05e57077b8a3567875,TABELA REFERENCIAL OBRAS - DER-ES - 2025-09 - SET/XLS/tab_DER-EDIFICAÇÕES_2025_09_servicos.xlsx!A417,2025-09,2025-10,m2,PISOS INTERNOS E EXTERNOS / ACABAMENTOS,True,False,150.92,150.92,150.92,184.8,,,False,False,25f27b5ef0ad1c6c63d22be1ab543e5a65d73aa17c4d0463109a84f7209c8fa3,treino,False,False
der_es,sem_desoneracao,130222,"Revestimento de piso com placas de borracha plurigoma preto pastilhado ou equivalente, inclusive arremate",PISOS INTERNOS E EXTERNOS / ACABAMENTOS,m2,42ceb5bc3940fc3dcb9ca95606cc8c530081006991a2010fcb43a236deea8ed0,25f27b5ef0ad1c6c63d22be1ab543e5a65d73aa17c4d0463109a84f7209c8fa3,TABELA REFERENCIAL OBRAS - DER-ES - 2025-10 - OUT/XLS/tab_DER-EDIFICAÇÕES_2025_10_servicos.xlsx!A417,2025-10,2025-11,m2,PISOS INTERNOS E EXTERNOS / ACABAMENTOS,True,False,184.8,150.92,150.92,184.8,,,False,False,d856141d8d195b8bf3114dd64686b80db08318d557f9eb5f279d84fffec1a86e,treino,False,False
der_es,sem_desoneracao,130222,"Revestimento de piso com placas de borracha plurigoma preto pastilhado ou equivalente, inclusive arremate",PISOS INTERNOS E EXTERNOS / ACABAMENTOS,m2,42ceb5bc3940fc3dcb9ca95606cc8c530081006991a2010fcb43a236deea8ed0,d856141d8d195b8bf3114dd64686b80db08318d557f9eb5f279d84fffec1a86e,TABELA REFERENCIAL OBRAS - DER-ES - 2025-11 - NOV/XLS/tab_DER-EDIFICAÇÕES_2025_11_servicos.xlsx!A417,2025-11,2025-12,m2,PISOS INTERNOS E EXTERNOS / ACABAMENTOS,True,False,184.8,184.8,150.92,184.8,,,False,False,cf2ae6d6af6081526a2c2c6a6446342c23099ac3a9c81f310e3a5da2680fb053,treino,False,False
der_es,sem_desoneracao,130222,"Revestimento de piso com placas de borracha plurigoma preto pastilhado ou equivalente, inclusive arremate",PISOS INTERNOS E EXTERNOS / ACABAMENTOS,m2,42ceb5bc3940fc3dcb9ca95606cc8c530081006991a2010fcb43a236deea8ed0,cf2ae6d6af6081526a2c2c6a6446342c23099ac3a9c81f310e3a5da2680fb053,TABELA REFERENCIAL OBRAS - DER-ES - 2025-12 - DEZ/XLS/tab_DER-EDIFICAÇÕES_2025_12_servicos.xlsx!A417,2025-12,2026-01,m2,PISOS INTERNOS E EXTERNOS / ACABAMENTOS,True,False,184.8,184.8,184.8,184.8,,,False,False,4feebcbe8c47058cf57314347405d833cdfb5d2340951f005ab53d27ae84fd84,validacao,False,False
der_es,sem_desoneracao,130222,"Revestimento de piso com placas de borracha plurigoma preto pastilhado ou equivalente, inclusive arremate",PISOS INTERNOS E EXTERNOS / ACABAMENTOS,m2,42ceb5bc3940fc3dcb9ca95606cc8c530081006991a2010fcb43a236deea8ed0,4feebcbe8c47058cf57314347405d833cdfb5d2340951f005ab53d27ae84fd84,TABELA REFERENCIAL OBRAS - DER-ES - 2026-01 - JAN/XLS/tab_DER-EDIFICAÇÕES_2026_01_servicos.xlsx!A417,2026-01,2026-02,m2,PISOS INTERNOS E EXTERNOS / ACABAMENTOS,True,False,184.8,184.8,184.8,198.1,,,False,False,1a7537f06fa9b2a1aff5982ae95ae6bf2ec16498e28430445e55584fbcce9a3c,validacao,False,False
der_es,sem_desoneracao,130222,"Revestimento de piso com placas de borracha plurigoma preto pastilhado ou equivalente, inclusive arremate",PISOS INTERNOS E EXTERNOS / ACABAMENTOS,m2,42ceb5bc3940fc3dcb9ca95606cc8c530081006991a2010fcb43a236deea8ed0,1a7537f06fa9b2a1aff5982ae95ae6bf2ec16498e28430445e55584fbcce9a3c,TABELA REFERENCIAL OBRAS - DER-ES - 2026-02 - FEV/XLS/tab_DER-EDIFICAÇÕES_2026_02_servicos.xlsx!A417,2026-02,2026-03,m2,PISOS INTERNOS E EXTERNOS / ACABAMENTOS,True,False,198.1,184.8,184.8,198.1,,,False,False,c9a408180051aaa4e38fe277afd37500d913d617b22cb55cd61158248094d761,teste,False,False
der_es,sem_desoneracao,130222,"Revestimento de piso com placas de borracha plurigoma preto pastilhado ou equivalente, inclusive arremate",PISOS INTERNOS E EXTERNOS / ACABAMENTOS,m2,42ceb5bc3940fc3dcb9ca95606cc8c530081006991a2010fcb43a236deea8ed0,c9a408180051aaa4e38fe277afd37500d913d617b22cb55cd61158248094d761,TABELA REFERENCIAL OBRAS - DER-ES - 2026-03 - MAR/XLS/tab_DER-EDIFICAÇÕES_2026_03_servicos.xlsx!A417,2026-03,2026-04,m2,PISOS INTERNOS E EXTERNOS / ACABAMENTOS,True,False,198.1,198.1,184.8,198.1,,,False,False,b07a6f7cd81d76e43925b8f994875b35e8468c5a37790367db80f72665fc0b2b,teste,False,False
der_es,sem_desoneracao,130222,"Revestimento de piso com placas de borracha plurigoma preto pastilhado ou equivalente, inclusive arremate",PISOS INTERNOS E EXTERNOS / ACABAMENTOS,m2,42ceb5bc3940fc3dcb9ca95606cc8c530081006991a2010fcb43a236deea8ed0,b07a6f7cd81d76e43925b8f994875b35e8468c5a37790367db80f72665fc0b2b,TABELA REFERENCIAL OBRAS - DER-ES - 2026-04 - ABR/XLS/tab_DER-EDIFICAÇÕES_2026_04_servicos.xlsx!A417,2026-04,2026-05,m2,PISOS INTERNOS E EXTERNOS / ACABAMENTOS,True,False,198.1,198.1,198.1,198.1,,,False,False,9d7efd575c10dc676bc49f5acb5630fa9b3cd2b98449be07612e1891e8d213f6,teste,False,False
der_es,sem_desoneracao,130223,"Assentamento de piso cerâmico, com utilização de cimento colante, excl. rejuntamento e cerâmica",PISOS INTERNOS E EXTERNOS / ACABAMENTOS,m2,c71ca4c13d67ff73486887c424db7c22a35f151947f18a880cb7e32b961a1029,2dd7e7c15552e8663b500f12008e09dc39c3816602e826e994d7dc8922d7ac8f,TABELA REFERENCIAL OBRAS - DER-ES - 2025-03 - MAR/XLS/tab_DER-EDIFICAÇσES_2025_03_servicos.xlsx!A418,2025-03,2025-04,m2,PISOS INTERNOS E EXTERNOS / ACABAMENTOS,True,False,15.07,15.07,15.07,14.94,,,False,False,d2087ecf8affe6feb21bd38f6045155bdc7d4b18356273e8e54c68d96e73dbd4,treino,False,False
der_es,sem_desoneracao,130223,"Assentamento de piso cerâmico, com utilização de cimento colante, excl. rejuntamento e cerâmica",PISOS INTERNOS E EXTERNOS / ACABAMENTOS,m2,c71ca4c13d67ff73486887c424db7c22a35f151947f18a880cb7e32b961a1029,d2087ecf8affe6feb21bd38f6045155bdc7d4b18356273e8e54c68d96e73dbd4,TABELA REFERENCIAL OBRAS - DER-ES - 2025-04 - ABR/XLS/tab_DER-EDIFICAÇσES_2025_04_servicos.xlsx!A419,2025-04,2025-05,m2,PISOS INTERNOS E EXTERNOS / ACABAMENTOS,True,False,14.94,15.07,15.07,15.9,,,False,False,2bf6c2c7e6a976b4518fe548f59e259ac8091a61f440b44f17701ff9a0f00926,treino,False,False
der_es,sem_desoneracao,130223,"Assentamento de piso cerâmico, com utilização de cimento colante, excl. rejuntamento e cerâmica",PISOS INTERNOS E EXTERNOS / ACABAMENTOS,m2,c71ca4c13d67ff73486887c424db7c22a35f151947f18a880cb7e32b961a1029,2bf6c2c7e6a976b4518fe548f59e259ac8091a61f440b44f17701ff9a0f00926,TABELA REFERENCIAL OBRAS - DER-ES - 2025-05 - MAI/XLS/tab_DER-EDIFICAÇσES_2025_05_servicos.xlsx!A420,2025-05,2025-06,m2,PISOS INTERNOS E EXTERNOS / ACABAMENTOS,True,False,15.9,14.94,15.07,15.9,,,False,False,22734abdbfefadc850a2608b6f454b5f7c18b5e3c19f87c396d85d1e76c75234,treino,False,False
der_es,sem_desoneracao,130223,"Assentamento de piso cerâmico, com utilização de cimento colante, excl. rejuntamento e cerâmica",PISOS INTERNOS E EXTERNOS / ACABAMENTOS,m2,c71ca4c13d67ff73486887c424db7c22a35f151947f18a880cb7e32b961a1029,22734abdbfefadc850a2608b6f454b5f7c18b5e3c19f87c396d85d1e76c75234,TABELA REFERENCIAL OBRAS - DER-ES - 2025-06 - JUN/XLS/tab_DER-EDIFICAÇÕES_2025_06_servicos.xlsx!A418,2025-06,2025-07,m2,PISOS INTERNOS E EXTERNOS / ACABAMENTOS,True,False,15.9,15.9,14.94,15.9,,,False,False,9f2d3bc52e35d3a9c0317f2bbd34359ce4b9eb726cfdad03719dc91ab8a6eb52,treino,False,False
der_es,sem_desoneracao,130223,"Assentamento de piso cerâmico, com utilização de cimento colante, excl. rejuntamento e cerâmica",PISOS INTERNOS E EXTERNOS / ACABAMENTOS,m2,c71ca4c13d67ff73486887c424db7c22a35f151947f18a880cb7e32b961a1029,9f2d3bc52e35d3a9c0317f2bbd34359ce4b9eb726cfdad03719dc91ab8a6eb52,TABELA REFERENCIAL OBRAS - DER-ES - 2025-07 - JUL/TABELA REFERENCIAL OBRAS - DER-ES - 2025-07 - JUL/XLS/tab_DER-EDIFICAÇÕES_2025_07_servicos.xlsx!A418,2025-07,2025-08,m2,PISOS INTERNOS E EXTERNOS / ACABAMENTOS,True,False,15.9,15.9,15.9,15.9,,,False,False,f4e1c72d0bc82c19d0327a48458bea46cf1a06c556062fe2206e7955be9a14b1,treino,False,False
der_es,sem_desoneracao,130223,"Assentamento de piso cerâmico, com utilização de cimento colante, excl. rejuntamento e cerâmica",PISOS INTERNOS E EXTERNOS / ACABAMENTOS,m2,c71ca4c13d67ff73486887c424db7c22a35f151947f18a880cb7e32b961a1029,f4e1c72d0bc82c19d0327a48458bea46cf1a06c556062fe2206e7955be9a14b1,TABELA REFERENCIAL OBRAS - DER-ES - 2025-08 - AGO/XLS/tab_DER-EDIFICAÇÕES_2025_08_servicos.xlsx!A418,2025-08,2025-09,m2,PISOS INTERNOS E EXTERNOS / ACABAMENTOS,True,False,15.9,15.9,15.9,15.9,,,False,False,7b1be34ee7d5dd82bcaeb75a32037ae0f2eea1e439205f05e57077b8a3567875,treino,False,False
der_es,sem_desoneracao,130223,"Assentamento de piso cerâmico, com utilização de cimento colante, excl. rejuntamento e cerâmica",PISOS INTERNOS E EXTERNOS / ACABAMENTOS,m2,c71ca4c13d67ff73486887c424db7c22a35f151947f18a880cb7e32b961a1029,7b1be34ee7d5dd82bcaeb75a32037ae0f2eea1e439205f05e57077b8a3567875,TABELA REFERENCIAL OBRAS - DER-ES - 2025-09 - SET/XLS/tab_DER-EDIFICAÇÕES_2025_09_servicos.xlsx!A418,2025-09,2025-10,m2,PISOS INTERNOS E EXTERNOS / ACABAMENTOS,True,False,15.9,15.9,15.9,15.58,,,False,False,25f27b5ef0ad1c6c63d22be1ab543e5a65d73aa17c4d0463109a84f7209c8fa3,treino,False,False
der_es,sem_desoneracao,130223,"Assentamento de piso cerâmico, com utilização de cimento colante, excl. rejuntamento e cerâmica",PISOS INTERNOS E EXTERNOS / ACABAMENTOS,m2,c71ca4c13d67ff73486887c424db7c22a35f151947f18a880cb7e32b961a1029,25f27b5ef0ad1c6c63d22be1ab543e5a65d73aa17c4d0463109a84f7209c8fa3,TABELA REFERENCIAL OBRAS - DER-ES - 2025-10 - OUT/XLS/tab_DER-EDIFICAÇÕES_2025_10_servicos.xlsx!A418,2025-10,2025-11,m2,PISOS INTERNOS E EXTERNOS / ACABAMENTOS,True,False,15.58,15.9,15.9,15.58,,,False,False,d856141d8d195b8bf3114dd64686b80db08318d557f9eb5f279d84fffec1a86e,treino,False,False
der_es,sem_desoneracao,130223,"Assentamento de piso cerâmico, com utilização de cimento colante, excl. rejuntamento e cerâmica",PISOS INTERNOS E EXTERNOS / ACABAMENTOS,m2,c71ca4c13d67ff73486887c424db7c22a35f151947f18a880cb7e32b961a1029,d856141d8d195b8bf3114dd64686b80db08318d557f9eb5f279d84fffec1a86e,TABELA REFERENCIAL OBRAS - DER-ES - 2025-11 - NOV/XLS/tab_DER-EDIFICAÇÕES_2025_11_servicos.xlsx!A418,2025-11,2025-12,m2,PISOS INTERNOS E EXTERNOS / ACABAMENTOS,True,False,15.58,15.58,15.9,15.58,,,False,False,cf2ae6d6af6081526a2c2c6a6446342c23099ac3a9c81f310e3a5da2680fb053,treino,False,False
der_es,sem_desoneracao,130223,"Assentamento de piso cerâmico, com utilização de cimento colante, excl. rejuntamento e cerâmica",PISOS INTERNOS E EXTERNOS / ACABAMENTOS,m2,c71ca4c13d67ff73486887c424db7c22a35f151947f18a880cb7e32b961a1029,cf2ae6d6af6081526a2c2c6a6446342c23099ac3a9c81f310e3a5da2680fb053,TABELA REFERENCIAL OBRAS - DER-ES - 2025-12 - DEZ/XLS/tab_DER-EDIFICAÇÕES_2025_12_servicos.xlsx!A418,2025-12,2026-01,m2,PISOS INTERNOS E EXTERNOS / ACABAMENTOS,True,False,15.58,15.58,15.58,15.58,,,False,False,4feebcbe8c47058cf57314347405d833cdfb5d2340951f005ab53d27ae84fd84,validacao,False,False
der_es,sem_desoneracao,130223,"Assentamento de piso cerâmico, com utilização de cimento colante, excl. rejuntamento e cerâmica",PISOS INTERNOS E EXTERNOS / ACABAMENTOS,m2,c71ca4c13d67ff73486887c424db7c22a35f151947f18a880cb7e32b961a1029,4feebcbe8c47058cf57314347405d833cdfb5d2340951f005ab53d27ae84fd84,TABELA REFERENCIAL OBRAS - DER-ES - 2026-01 - JAN/XLS/tab_DER-EDIFICAÇÕES_2026_01_servicos.xlsx!A418,2026-01,2026-02,m2,PISOS INTERNOS E EXTERNOS / ACABAMENTOS,True,False,15.58,15.58,15.58,15.58,,,False,False,1a7537f06fa9b2a1aff5982ae95ae6bf2ec16498e28430445e55584fbcce9a3c,validacao,False,False
der_es,sem_desoneracao,130223,"Assentamento de piso cerâmico, com utilização de cimento colante, excl. rejuntamento e cerâmica",PISOS INTERNOS E EXTERNOS / ACABAMENTOS,m2,c71ca4c13d67ff73486887c424db7c22a35f151947f18a880cb7e32b961a1029,1a7537f06fa9b2a1aff5982ae95ae6bf2ec16498e28430445e55584fbcce9a3c,TABELA REFERENCIAL OBRAS - DER-ES - 2026-02 - FEV/XLS/tab_DER-EDIFICAÇÕES_2026_02_servicos.xlsx!A418,2026-02,2026-03,m2,PISOS INTERNOS E EXTERNOS / ACABAMENTOS,True,False,15.58,15.58,15.58,15.58,,,False,False,c9a408180051aaa4e38fe277afd37500d913d617b22cb55cd61158248094d761,teste,False,False
der_es,sem_desoneracao,130223,"Assentamento de piso cerâmico, com utilização de cimento colante, excl. rejuntamento e cerâmica",PISOS INTERNOS E EXTERNOS / ACABAMENTOS,m2,c71ca4c13d67ff73486887c424db7c22a35f151947f18a880cb7e32b961a1029,c9a408180051aaa4e38fe277afd37500d913d617b22cb55cd61158248094d761,TABELA REFERENCIAL OBRAS - DER-ES - 2026-03 - MAR/XLS/tab_DER-EDIFICAÇÕES_2026_03_servicos.xlsx!A418,2026-03,2026-04,m2,PISOS INTERNOS E EXTERNOS / ACABAMENTOS,True,False,15.58,15.58,15.58,16.35,,,False,False,b07a6f7cd81d76e43925b8f994875b35e8468c5a37790367db80f72665fc0b2b,teste,False,False
der_es,sem_desoneracao,130223,"Assentamento de piso cerâmico, com utilização de cimento colante, excl. rejuntamento e cerâmica",PISOS INTERNOS E EXTERNOS / ACABAMENTOS,m2,c71ca4c13d67ff73486887c424db7c22a35f151947f18a880cb7e32b961a1029,b07a6f7cd81d76e43925b8f994875b35e8468c5a37790367db80f72665fc0b2b,TABELA REFERENCIAL OBRAS - DER-ES - 2026-04 - ABR/XLS/tab_DER-EDIFICAÇÕES_2026_04_servicos.xlsx!A418,2026-04,2026-05,m2,PISOS INTERNOS E EXTERNOS / ACABAMENTOS,True,False,16.35,15.58,15.58,17.21,,,False,False,9d7efd575c10dc676bc49f5acb5630fa9b3cd2b98449be07612e1891e8d213f6,teste,False,False
der_es,sem_desoneracao,130225,"Rejuntamento de piso cerâmico, usando cimento branco, para juntas de no máximo 3mm de espessura",PISOS INTERNOS E EXTERNOS / ACABAMENTOS,m2,304a9f3fbe69f637038e4a1508ea0bd951af17b10343bf234ed6de53b00fde7e,2dd7e7c15552e8663b500f12008e09dc39c3816602e826e994d7dc8922d7ac8f,TABELA REFERENCIAL OBRAS - DER-ES - 2025-03 - MAR/XLS/tab_DER-EDIFICAÇσES_2025_03_servicos.xlsx!A419,2025-03,2025-04,m2,PISOS INTERNOS E EXTERNOS / ACABAMENTOS,True,False,10.93,10.93,10.93,10.64,,,False,False,d2087ecf8affe6feb21bd38f6045155bdc7d4b18356273e8e54c68d96e73dbd4,treino,False,False
der_es,sem_desoneracao,130225,"Rejuntamento de piso cerâmico, usando cimento branco, para juntas de no máximo 3mm de espessura",PISOS INTERNOS E EXTERNOS / ACABAMENTOS,m2,304a9f3fbe69f637038e4a1508ea0bd951af17b10343bf234ed6de53b00fde7e,d2087ecf8affe6feb21bd38f6045155bdc7d4b18356273e8e54c68d96e73dbd4,TABELA REFERENCIAL OBRAS - DER-ES - 2025-04 - ABR/XLS/tab_DER-EDIFICAÇσES_2025_04_servicos.xlsx!A420,2025-04,2025-05,m2,PISOS INTERNOS E EXTERNOS / ACABAMENTOS,True,False,10.64,10.93,10.93,11.48,,,False,False,2bf6c2c7e6a976b4518fe548f59e259ac8091a61f440b44f17701ff9a0f00926,treino,False,False
der_es,sem_desoneracao,130225,"Rejuntamento de piso cerâmico, usando cimento branco, para juntas de no máximo 3mm de espessura",PISOS INTERNOS E EXTERNOS / ACABAMENTOS,m2,304a9f3fbe69f637038e4a1508ea0bd951af17b10343bf234ed6de53b00fde7e,2bf6c2c7e6a976b4518fe548f59e259ac8091a61f440b44f17701ff9a0f00926,TABELA REFERENCIAL OBRAS - DER-ES - 2025-05 - MAI/XLS/tab_DER-EDIFICAÇσES_2025_05_servicos.xlsx!A421,2025-05,2025-06,m2,PISOS INTERNOS E EXTERNOS / ACABAMENTOS,True,False,11.48,10.64,10.93,11.48,,,False,False,22734abdbfefadc850a2608b6f454b5f7c18b5e3c19f87c396d85d1e76c75234,treino,False,False
der_es,sem_desoneracao,130225,"Rejuntamento de piso cerâmico, usando cimento branco, para juntas de no máximo 3mm de espessura",PISOS INTERNOS E EXTERNOS / ACABAMENTOS,m2,304a9f3fbe69f637038e4a1508ea0bd951af17b10343bf234ed6de53b00fde7e,22734abdbfefadc850a2608b6f454b5f7c18b5e3c19f87c396d85d1e76c75234,TABELA REFERENCIAL OBRAS - DER-ES - 2025-06 - JUN/XLS/tab_DER-EDIFICAÇÕES_2025_06_servicos.xlsx!A419,2025-06,2025-07,m2,PISOS INTERNOS E EXTERNOS / ACABAMENTOS,True,False,11.48,11.48,10.64,11.48,,,False,False,9f2d3bc52e35d3a9c0317f2bbd34359ce4b9eb726cfdad03719dc91ab8a6eb52,treino,False,False
der_es,sem_desoneracao,130225,"Rejuntamento de piso cerâmico, usando cimento branco, para juntas de no máximo 3mm de espessura",PISOS INTERNOS E EXTERNOS / ACABAMENTOS,m2,304a9f3fbe69f637038e4a1508ea0bd951af17b10343bf234ed6de53b00fde7e,9f2d3bc52e35d3a9c0317f2bbd34359ce4b9eb726cfdad03719dc91ab8a6eb52,TABELA REFERENCIAL OBRAS - DER-ES - 2025-07 - JUL/TABELA REFERENCIAL OBRAS - DER-ES - 2025-07 - JUL/XLS/tab_DER-EDIFICAÇÕES_2025_07_servicos.xlsx!A419,2025-07,2025-08,m2,PISOS INTERNOS E EXTERNOS / ACABAMENTOS,True,False,11.48,11.48,11.48,11.48,,,False,False,f4e1c72d0bc82c19d0327a48458bea46cf1a06c556062fe2206e7955be9a14b1,treino,False,False
der_es,sem_desoneracao,130225,"Rejuntamento de piso cerâmico, usando cimento branco, para juntas de no máximo 3mm de espessura",PISOS INTERNOS E EXTERNOS / ACABAMENTOS,m2,304a9f3fbe69f637038e4a1508ea0bd951af17b10343bf234ed6de53b00fde7e,f4e1c72d0bc82c19d0327a48458bea46cf1a06c556062fe2206e7955be9a14b1,TABELA REFERENCIAL OBRAS - DER-ES - 2025-08 - AGO/XLS/tab_DER-EDIFICAÇÕES_2025_08_servicos.xlsx!A419,2025-08,2025-09,m2,PISOS INTERNOS E EXTERNOS / ACABAMENTOS,True,False,11.48,11.48,11.48,11.48,,,False,False,7b1be34ee7d5dd82bcaeb75a32037ae0f2eea1e439205f05e57077b8a3567875,treino,False,False
der_es,sem_desoneracao,130225,"Rejuntamento de piso cerâmico, usando cimento branco, para juntas de no máximo 3mm de espessura",PISOS INTERNOS E EXTERNOS / ACABAMENTOS,m2,304a9f3fbe69f637038e4a1508ea0bd951af17b10343bf234ed6de53b00fde7e,7b1be34ee7d5dd82bcaeb75a32037ae0f2eea1e439205f05e57077b8a3567875,TABELA REFERENCIAL OBRAS - DER-ES - 2025-09 - SET/XLS/tab_DER-EDIFICAÇÕES_2025_09_servicos.xlsx!A419,2025-09,2025-10,m2,PISOS INTERNOS E EXTERNOS / ACABAMENTOS,True,False,11.48,11.48,11.48,11.55,,,False,False,25f27b5ef0ad1c6c63d22be1ab543e5a65d73aa17c4d0463109a84f7209c8fa3,treino,False,False
der_es,sem_desoneracao,130225,"Rejuntamento de piso cerâmico, usando cimento branco, para juntas de no máximo 3mm de espessura",PISOS INTERNOS E EXTERNOS / ACABAMENTOS,m2,304a9f3fbe69f637038e4a1508ea0bd951af17b10343bf234ed6de53b00fde7e,25f27b5ef0ad1c6c63d22be1ab543e5a65d73aa17c4d0463109a84f7209c8fa3,TABELA REFERENCIAL OBRAS - DER-ES - 2025-10 - OUT/XLS/tab_DER-EDIFICAÇÕES_2025_10_servicos.xlsx!A419,2025-10,2025-11,m2,PISOS INTERNOS E EXTERNOS / ACABAMENTOS,True,False,11.55,11.48,11.48,11.55,,,False,False,d856141d8d195b8bf3114dd64686b80db08318d557f9eb5f279d84fffec1a86e,treino,False,False
der_es,sem_desoneracao,130225,"Rejuntamento de piso cerâmico, usando cimento branco, para juntas de no máximo 3mm de espessura",PISOS INTERNOS E EXTERNOS / ACABAMENTOS,m2,304a9f3fbe69f637038e4a1508ea0bd951af17b10343bf234ed6de53b00fde7e,d856141d8d195b8bf3114dd64686b80db08318d557f9eb5f279d84fffec1a86e,TABELA REFERENCIAL OBRAS - DER-ES - 2025-11 - NOV/XLS/tab_DER-EDIFICAÇÕES_2025_11_servicos.xlsx!A419,2025-11,2025-12,m2,PISOS INTERNOS E EXTERNOS / ACABAMENTOS,True,False,11.55,11.55,11.48,11.55,,,False,False,cf2ae6d6af6081526a2c2c6a6446342c23099ac3a9c81f310e3a5da2680fb053,treino,False,False
der_es,sem_desoneracao,130225,"Rejuntamento de piso cerâmico, usando cimento branco, para juntas de no máximo 3mm de espessura",PISOS INTERNOS E EXTERNOS / ACABAMENTOS,m2,304a9f3fbe69f637038e4a1508ea0bd951af17b10343bf234ed6de53b00fde7e,cf2ae6d6af6081526a2c2c6a6446342c23099ac3a9c81f310e3a5da2680fb053,TABELA REFERENCIAL OBRAS - DER-ES - 2025-12 - DEZ/XLS/tab_DER-EDIFICAÇÕES_2025_12_servicos.xlsx!A419,2025-12,2026-01,m2,PISOS INTERNOS E EXTERNOS / ACABAMENTOS,True,False,11.55,11.55,11.55,11.55,,,False,False,4feebcbe8c47058cf57314347405d833cdfb5d2340951f005ab53d27ae84fd84,validacao,False,False
der_es,sem_desoneracao,130225,"Rejuntamento de piso cerâmico, usando cimento branco, para juntas de no máximo 3mm de espessura",PISOS INTERNOS E EXTERNOS / ACABAMENTOS,m2,304a9f3fbe69f637038e4a1508ea0bd951af17b10343bf234ed6de53b00fde7e,4feebcbe8c47058cf57314347405d833cdfb5d2340951f005ab53d27ae84fd84,TABELA REFERENCIAL OBRAS - DER-ES - 2026-01 - JAN/XLS/tab_DER-EDIFICAÇÕES_2026_01_servicos.xlsx!A419,2026-01,2026-02,m2,PISOS INTERNOS E EXTERNOS / ACABAMENTOS,True,False,11.55,11.55,11.55,11.55,,,False,False,1a7537f06fa9b2a1aff5982ae95ae6bf2ec16498e28430445e55584fbcce9a3c,validacao,False,False
der_es,sem_desoneracao,130225,"Rejuntamento de piso cerâmico, usando cimento branco, para juntas de no máximo 3mm de espessura",PISOS INTERNOS E EXTERNOS / ACABAMENTOS,m2,304a9f3fbe69f637038e4a1508ea0bd951af17b10343bf234ed6de53b00fde7e,1a7537f06fa9b2a1aff5982ae95ae6bf2ec16498e28430445e55584fbcce9a3c,TABELA REFERENCIAL OBRAS - DER-ES - 2026-02 - FEV/XLS/tab_DER-EDIFICAÇÕES_2026_02_servicos.xlsx!A419,2026-02,2026-03,m2,PISOS INTERNOS E EXTERNOS / ACABAMENTOS,True,False,11.55,11.55,11.55,11.55,,,False,False,c9a408180051aaa4e38fe277afd37500d913d617b22cb55cd61158248094d761,teste,False,False
der_es,sem_desoneracao,130225,"Rejuntamento de piso cerâmico, usando cimento branco, para juntas de no máximo 3mm de espessura",PISOS INTERNOS E EXTERNOS / ACABAMENTOS,m2,304a9f3fbe69f637038e4a1508ea0bd951af17b10343bf234ed6de53b00fde7e,c9a408180051aaa4e38fe277afd37500d913d617b22cb55cd61158248094d761,TABELA REFERENCIAL OBRAS - DER-ES - 2026-03 - MAR/XLS/tab_DER-EDIFICAÇÕES_2026_03_servicos.xlsx!A419,2026-03,2026-04,m2,PISOS INTERNOS E EXTERNOS / ACABAMENTOS,True,False,11.55,11.55,11.55,11.64,,,False,False,b07a6f7cd81d76e43925b8f994875b35e8468c5a37790367db80f72665fc0b2b,teste,False,False
der_es,sem_desoneracao,130225,"Rejuntamento de piso cerâmico, usando cimento branco, para juntas de no máximo 3mm de espessura",PISOS INTERNOS E EXTERNOS / ACABAMENTOS,m2,304a9f3fbe69f637038e4a1508ea0bd951af17b10343bf234ed6de53b00fde7e,b07a6f7cd81d76e43925b8f994875b35e8468c5a37790367db80f72665fc0b2b,TABELA REFERENCIAL OBRAS - DER-ES - 2026-04 - ABR/XLS/tab_DER-EDIFICAÇÕES_2026_04_servicos.xlsx!A419,2026-04,2026-05,m2,PISOS INTERNOS E EXTERNOS / ACABAMENTOS,True,False,11.64,11.55,11.55,12.38,,,False,False,9d7efd575c10dc676bc49f5acb5630fa9b3cd2b98449be07612e1891e8d213f6,teste,False,False
der_es,sem_desoneracao,130226,"Rejuntamento empregando argamassa para rejunte, esp. 5mm",PISOS INTERNOS E EXTERNOS / ACABAMENTOS,m2,c3fee0dbe744f97cfd35994dd48ca7e5ee711ea726b73149c60cc636f2988e48,2dd7e7c15552e8663b500f12008e09dc39c3816602e826e994d7dc8922d7ac8f,TABELA REFERENCIAL OBRAS - DER-ES - 2025-03 - MAR/XLS/tab_DER-EDIFICAÇσES_2025_03_servicos.xlsx!A420,2025-03,2025-04,m2,PISOS INTERNOS E EXTERNOS / ACABAMENTOS,True,False,15.97,15.97,17.5,15.97,,,False,False,d2087ecf8affe6feb21bd38f6045155bdc7d4b18356273e8e54c68d96e73dbd4,treino,False,False
der_es,sem_desoneracao,130226,"Rejuntamento empregando argamassa para rejunte, esp. 5mm",PISOS INTERNOS E EXTERNOS / ACABAMENTOS,m2,c3fee0dbe744f97cfd35994dd48ca7e5ee711ea726b73149c60cc636f2988e48,d2087ecf8affe6feb21bd38f6045155bdc7d4b18356273e8e54c68d96e73dbd4,TABELA REFERENCIAL OBRAS - DER-ES - 2025-04 - ABR/XLS/tab_DER-EDIFICAÇσES_2025_04_servicos.xlsx!A421,2025-04,2025-05,m2,PISOS INTERNOS E EXTERNOS / ACABAMENTOS,True,False,15.97,15.97,15.97,16.81,,,False,False,2bf6c2c7e6a976b4518fe548f59e259ac8091a61f440b44f17701ff9a0f00926,treino,False,False
der_es,sem_desoneracao,130226,"Rejuntamento empregando argamassa para rejunte, esp. 5mm",PISOS INTERNOS E EXTERNOS / ACABAMENTOS,m2,c3fee0dbe744f97cfd35994dd48ca7e5ee711ea726b73149c60cc636f2988e48,2bf6c2c7e6a976b4518fe548f59e259ac8091a61f440b44f17701ff9a0f00926,TABELA REFERENCIAL OBRAS - DER-ES - 2025-05 - MAI/XLS/tab_DER-EDIFICAÇσES_2025_05_servicos.xlsx!A422,2025-05,2025-06,m2,PISOS INTERNOS E EXTERNOS / ACABAMENTOS,True,False,16.81,15.97,15.97,16.74,,,False,False,22734abdbfefadc850a2608b6f454b5f7c18b5e3c19f87c396d85d1e76c75234,treino,False,False
der_es,sem_desoneracao,130226,"Rejuntamento empregando argamassa para rejunte, esp. 5mm",PISOS INTERNOS E EXTERNOS / ACABAMENTOS,m2,c3fee0dbe744f97cfd35994dd48ca7e5ee711ea726b73149c60cc636f2988e48,22734abdbfefadc850a2608b6f454b5f7c18b5e3c19f87c396d85d1e76c75234,TABELA REFERENCIAL OBRAS - DER-ES - 2025-06 - JUN/XLS/tab_DER-EDIFICAÇÕES_2025_06_servicos.xlsx!A420,2025-06,2025-07,m2,PISOS INTERNOS E EXTERNOS / ACABAMENTOS,True,False,16.74,16.81,15.97,16.74,,,False,False,9f2d3bc52e35d3a9c0317f2bbd34359ce4b9eb726cfdad03719dc91ab8a6eb52,treino,False,False
der_es,sem_desoneracao,130226,"Rejuntamento empregando argamassa para rejunte, esp. 5mm",PISOS INTERNOS E EXTERNOS / ACABAMENTOS,m2,c3fee0dbe744f97cfd35994dd48ca7e5ee711ea726b73149c60cc636f2988e48,9f2d3bc52e35d3a9c0317f2bbd34359ce4b9eb726cfdad03719dc91ab8a6eb52,TABELA REFERENCIAL OBRAS - DER-ES - 2025-07 - JUL/TABELA REFERENCIAL OBRAS - DER-ES - 2025-07 - JUL/XLS/tab_DER-EDIFICAÇÕES_2025_07_servicos.xlsx!A420,2025-07,2025-08,m2,PISOS INTERNOS E EXTERNOS / ACABAMENTOS,True,False,16.74,16.74,16.81,16.74,,,False,False,f4e1c72d0bc82c19d0327a48458bea46cf1a06c556062fe2206e7955be9a14b1,treino,False,False
der_es,sem_desoneracao,130226,"Rejuntamento empregando argamassa para rejunte, esp. 5mm",PISOS INTERNOS E EXTERNOS / ACABAMENTOS,m2,c3fee0dbe744f97cfd35994dd48ca7e5ee711ea726b73149c60cc636f2988e48,f4e1c72d0bc82c19d0327a48458bea46cf1a06c556062fe2206e7955be9a14b1,TABELA REFERENCIAL OBRAS - DER-ES - 2025-08 - AGO/XLS/tab_DER-EDIFICAÇÕES_2025_08_servicos.xlsx!A420,2025-08,2025-09,m2,PISOS INTERNOS E EXTERNOS / ACABAMENTOS,True,False,16.74,16.74,16.74,16.74,,,False,False,7b1be34ee7d5dd82bcaeb75a32037ae0f2eea1e439205f05e57077b8a3567875,treino,False,False
der_es,sem_desoneracao,130226,"Rejuntamento empregando argamassa para rejunte, esp. 5mm",PISOS INTERNOS E EXTERNOS / ACABAMENTOS,m2,c3fee0dbe744f97cfd35994dd48ca7e5ee711ea726b73149c60cc636f2988e48,7b1be34ee7d5dd82bcaeb75a32037ae0f2eea1e439205f05e57077b8a3567875,TABELA REFERENCIAL OBRAS - DER-ES - 2025-09 - SET/XLS/tab_DER-EDIFICAÇÕES_2025_09_servicos.xlsx!A420,2025-09,2025-10,m2,PISOS INTERNOS E EXTERNOS / ACABAMENTOS,True,False,16.74,16.74,16.74,17.67,,,False,False,25f27b5ef0ad1c6c63d22be1ab543e5a65d73aa17c4d0463109a84f7209c8fa3,treino,False,False
der_es,sem_desoneracao,130226,"Rejuntamento empregando argamassa para rejunte, esp. 5mm",PISOS INTERNOS E EXTERNOS / ACABAMENTOS,m2,c3fee0dbe744f97cfd35994dd48ca7e5ee711ea726b73149c60cc636f2988e48,25f27b5ef0ad1c6c63d22be1ab543e5a65d73aa17c4d0463109a84f7209c8fa3,TABELA REFERENCIAL OBRAS - DER-ES - 2025-10 - OUT/XLS/tab_DER-EDIFICAÇÕES_2025_10_servicos.xlsx!A420,2025-10,2025-11,m2,PISOS INTERNOS E EXTERNOS / ACABAMENTOS,True,False,17.67,16.74,16.74,17.67,,,False,False,d856141d8d195b8bf3114dd64686b80db08318d557f9eb5f279d84fffec1a86e,treino,False,False
der_es,sem_desoneracao,130226,"Rejuntamento empregando argamassa para rejunte, esp. 5mm",PISOS INTERNOS E EXTERNOS / ACABAMENTOS,m2,c3fee0dbe744f97cfd35994dd48ca7e5ee711ea726b73149c60cc636f2988e48,d856141d8d195b8bf3114dd64686b80db08318d557f9eb5f279d84fffec1a86e,TABELA REFERENCIAL OBRAS - DER-ES - 2025-11 - NOV/XLS/tab_DER-EDIFICAÇÕES_2025_11_servicos.xlsx!A420,2025-11,2025-12,m2,PISOS INTERNOS E EXTERNOS / ACABAMENTOS,True,False,17.67,17.67,16.74,17.67,,,False,False,cf2ae6d6af6081526a2c2c6a6446342c23099ac3a9c81f310e3a5da2680fb053,treino,False,False
der_es,sem_desoneracao,130226,"Rejuntamento empregando argamassa para rejunte, esp. 5mm",PISOS INTERNOS E EXTERNOS / ACABAMENTOS,m2,c3fee0dbe744f97cfd35994dd48ca7e5ee711ea726b73149c60cc636f2988e48,cf2ae6d6af6081526a2c2c6a6446342c23099ac3a9c81f310e3a5da2680fb053,TABELA REFERENCIAL OBRAS - DER-ES - 2025-12 - DEZ/XLS/tab_DER-EDIFICAÇÕES_2025_12_servicos.xlsx!A420,2025-12,2026-01,m2,PISOS INTERNOS E EXTERNOS / ACABAMENTOS,True,False,17.67,17.67,17.67,17.67,,,False,False,4feebcbe8c47058cf57314347405d833cdfb5d2340951f005ab53d27ae84fd84,validacao,False,False
der_es,sem_desoneracao,130226,"Rejuntamento empregando argamassa para rejunte, esp. 5mm",PISOS INTERNOS E EXTERNOS / ACABAMENTOS,m2,c3fee0dbe744f97cfd35994dd48ca7e5ee711ea726b73149c60cc636f2988e48,4feebcbe8c47058cf57314347405d833cdfb5d2340951f005ab53d27ae84fd84,TABELA REFERENCIAL OBRAS - DER-ES - 2026-01 - JAN/XLS/tab_DER-EDIFICAÇÕES_2026_01_servicos.xlsx!A420,2026-01,2026-02,m2,PISOS INTERNOS E EXTERNOS / ACABAMENTOS,True,False,17.67,17.67,17.67,18.68,,,False,False,1a7537f06fa9b2a1aff5982ae95ae6bf2ec16498e28430445e55584fbcce9a3c,validacao,False,False
der_es,sem_desoneracao,130226,"Rejuntamento empregando argamassa para rejunte, esp. 5mm",PISOS INTERNOS E EXTERNOS / ACABAMENTOS,m2,c3fee0dbe744f97cfd35994dd48ca7e5ee711ea726b73149c60cc636f2988e48,1a7537f06fa9b2a1aff5982ae95ae6bf2ec16498e28430445e55584fbcce9a3c,TABELA REFERENCIAL OBRAS - DER-ES - 2026-02 - FEV/XLS/tab_DER-EDIFICAÇÕES_2026_02_servicos.xlsx!A420,2026-02,2026-03,m2,PISOS INTERNOS E EXTERNOS / ACABAMENTOS,True,False,18.68,17.67,17.67,18.68,,,False,False,c9a408180051aaa4e38fe277afd37500d913d617b22cb55cd61158248094d761,teste,False,False
der_es,sem_desoneracao,130226,"Rejuntamento empregando argamassa para rejunte, esp. 5mm",PISOS INTERNOS E EXTERNOS / ACABAMENTOS,m2,c3fee0dbe744f97cfd35994dd48ca7e5ee711ea726b73149c60cc636f2988e48,c9a408180051aaa4e38fe277afd37500d913d617b22cb55cd61158248094d761,TABELA REFERENCIAL OBRAS - DER-ES - 2026-03 - MAR/XLS/tab_DER-EDIFICAÇÕES_2026_03_servicos.xlsx!A420,2026-03,2026-04,m2,PISOS INTERNOS E EXTERNOS / ACABAMENTOS,True,False,18.68,18.68,17.67,18.68,,,False,False,b07a6f7cd81d76e43925b8f994875b35e8468c5a37790367db80f72665fc0b2b,teste,False,False
der_es,sem_desoneracao,130226,"Rejuntamento empregando argamassa para rejunte, esp. 5mm",PISOS INTERNOS E EXTERNOS / ACABAMENTOS,m2,c3fee0dbe744f97cfd35994dd48ca7e5ee711ea726b73149c60cc636f2988e48,b07a6f7cd81d76e43925b8f994875b35e8468c5a37790367db80f72665fc0b2b,TABELA REFERENCIAL OBRAS - DER-ES - 2026-04 - ABR/XLS/tab_DER-EDIFICAÇÕES_2026_04_servicos.xlsx!A420,2026-04,2026-05,m2,PISOS INTERNOS E EXTERNOS / ACABAMENTOS,True,False,18.68,18.68,18.68,19.42,,,False,False,9d7efd575c10dc676bc49f5acb5630fa9b3cd2b98449be07612e1891e8d213f6,teste,False,False
der_es,sem_desoneracao,130228,"Assentamento e rejuntamento de piso em porcelanato (dimensões superiores a 30x30cm) utilizando dupla colagem de argamassa colante para porcelanato tipo ACIII, exclusive fornecimento do porcelanato e do rejunte",PISOS INTERNOS E EXTERNOS / ACABAMENTOS,m2,70b91fa0150f202763c74ae720659efbcf1bc4f21d95b6ce0a074d0039fa8295,2dd7e7c15552e8663b500f12008e09dc39c3816602e826e994d7dc8922d7ac8f,TABELA REFERENCIAL OBRAS - DER-ES - 2025-03 - MAR/XLS/tab_DER-EDIFICAÇσES_2025_03_servicos.xlsx!A421,2025-03,2025-04,m2,PISOS INTERNOS E EXTERNOS / ACABAMENTOS,True,False,55.94,55.94,56.82,55.94,,,False,False,d2087ecf8affe6feb21bd38f6045155bdc7d4b18356273e8e54c68d96e73dbd4,treino,False,False
der_es,sem_desoneracao,130228,"Assentamento e rejuntamento de piso em porcelanato (dimensões superiores a 30x30cm) utilizando dupla colagem de argamassa colante para porcelanato tipo ACIII, exclusive fornecimento do porcelanato e do rejunte",PISOS INTERNOS E EXTERNOS / ACABAMENTOS,m2,70b91fa0150f202763c74ae720659efbcf1bc4f21d95b6ce0a074d0039fa8295,d2087ecf8affe6feb21bd38f6045155bdc7d4b18356273e8e54c68d96e73dbd4,TABELA REFERENCIAL OBRAS - DER-ES - 2025-04 - ABR/XLS/tab_DER-EDIFICAÇσES_2025_04_servicos.xlsx!A422,2025-04,2025-05,m2,PISOS INTERNOS E EXTERNOS / ACABAMENTOS,True,False,55.94,55.94,55.94,59.29,,,False,False,2bf6c2c7e6a976b4518fe548f59e259ac8091a61f440b44f17701ff9a0f00926,treino,False,False
der_es,sem_desoneracao,130228,"Assentamento e rejuntamento de piso em porcelanato (dimensões superiores a 30x30cm) utilizando dupla colagem de argamassa colante para porcelanato tipo ACIII, exclusive fornecimento do porcelanato e do rejunte",PISOS INTERNOS E EXTERNOS / ACABAMENTOS,m2,70b91fa0150f202763c74ae720659efbcf1bc4f21d95b6ce0a074d0039fa8295,2bf6c2c7e6a976b4518fe548f59e259ac8091a61f440b44f17701ff9a0f00926,TABELA REFERENCIAL OBRAS - DER-ES - 2025-05 - MAI/XLS/tab_DER-EDIFICAÇσES_2025_05_servicos.xlsx!A423,2025-05,2025-06,m2,PISOS INTERNOS E EXTERNOS / ACABAMENTOS,True,False,59.29,55.94,55.94,56.33,,,False,False,22734abdbfefadc850a2608b6f454b5f7c18b5e3c19f87c396d85d1e76c75234,treino,False,False
der_es,sem_desoneracao,130228,"Assentamento e rejuntamento de piso em porcelanato (dimensões superiores a 30x30cm) utilizando dupla colagem de argamassa colante para porcelanato tipo ACIII, exclusive fornecimento do porcelanato e do rejunte",PISOS INTERNOS E EXTERNOS / ACABAMENTOS,m2,70b91fa0150f202763c74ae720659efbcf1bc4f21d95b6ce0a074d0039fa8295,22734abdbfefadc850a2608b6f454b5f7c18b5e3c19f87c396d85d1e76c75234,TABELA REFERENCIAL OBRAS - DER-ES - 2025-06 - JUN/XLS/tab_DER-EDIFICAÇÕES_2025_06_servicos.xlsx!A421,2025-06,2025-07,m2,PISOS INTERNOS E EXTERNOS / ACABAMENTOS,True,False,56.33,59.29,55.94,56.33,,,False,False,9f2d3bc52e35d3a9c0317f2bbd34359ce4b9eb726cfdad03719dc91ab8a6eb52,treino,False,False
der_es,sem_desoneracao,130228,"Assentamento e rejuntamento de piso em porcelanato (dimensões superiores a 30x30cm) utilizando dupla colagem de argamassa colante para porcelanato tipo ACIII, exclusive fornecimento do porcelanato e do rejunte",PISOS INTERNOS E EXTERNOS / ACABAMENTOS,m2,70b91fa0150f202763c74ae720659efbcf1bc4f21d95b6ce0a074d0039fa8295,9f2d3bc52e35d3a9c0317f2bbd34359ce4b9eb726cfdad03719dc91ab8a6eb52,TABELA REFERENCIAL OBRAS - DER-ES - 2025-07 - JUL/TABELA REFERENCIAL OBRAS - DER-ES - 2025-07 - JUL/XLS/tab_DER-EDIFICAÇÕES_2025_07_servicos.xlsx!A421,2025-07,2025-08,m2,PISOS INTERNOS E EXTERNOS / ACABAMENTOS,True,False,56.33,56.33,59.29,56.33,,,False,False,f4e1c72d0bc82c19d0327a48458bea46cf1a06c556062fe2206e7955be9a14b1,treino,False,False
der_es,sem_desoneracao,130228,"Assentamento e rejuntamento de piso em porcelanato (dimensões superiores a 30x30cm) utilizando dupla colagem de argamassa colante para porcelanato tipo ACIII, exclusive fornecimento do porcelanato e do rejunte",PISOS INTERNOS E EXTERNOS / ACABAMENTOS,m2,70b91fa0150f202763c74ae720659efbcf1bc4f21d95b6ce0a074d0039fa8295,f4e1c72d0bc82c19d0327a48458bea46cf1a06c556062fe2206e7955be9a14b1,TABELA REFERENCIAL OBRAS - DER-ES - 2025-08 - AGO/XLS/tab_DER-EDIFICAÇÕES_2025_08_servicos.xlsx!A421,2025-08,2025-09,m2,PISOS INTERNOS E EXTERNOS / ACABAMENTOS,True,False,56.33,56.33,56.33,56.33,,,False,False,7b1be34ee7d5dd82bcaeb75a32037ae0f2eea1e439205f05e57077b8a3567875,treino,False,False
der_es,sem_desoneracao,130228,"Assentamento e rejuntamento de piso em porcelanato (dimensões superiores a 30x30cm) utilizando dupla colagem de argamassa colante para porcelanato tipo ACIII, exclusive fornecimento do porcelanato e do rejunte",PISOS INTERNOS E EXTERNOS / ACABAMENTOS,m2,70b91fa0150f202763c74ae720659efbcf1bc4f21d95b6ce0a074d0039fa8295,7b1be34ee7d5dd82bcaeb75a32037ae0f2eea1e439205f05e57077b8a3567875,TABELA REFERENCIAL OBRAS - DER-ES - 2025-09 - SET/XLS/tab_DER-EDIFICAÇÕES_2025_09_servicos.xlsx!A421,2025-09,2025-10,m2,PISOS INTERNOS E EXTERNOS / ACABAMENTOS,True,False,56.33,56.33,56.33,56.89,,,False,False,25f27b5ef0ad1c6c63d22be1ab543e5a65d73aa17c4d0463109a84f7209c8fa3,treino,False,False
der_es,sem_desoneracao,130228,"Assentamento e rejuntamento de piso em porcelanato (dimensões superiores a 30x30cm) utilizando dupla colagem de argamassa colante para porcelanato tipo ACIII, exclusive fornecimento do porcelanato e do rejunte",PISOS INTERNOS E EXTERNOS / ACABAMENTOS,m2,70b91fa0150f202763c74ae720659efbcf1bc4f21d95b6ce0a074d0039fa8295,25f27b5ef0ad1c6c63d22be1ab543e5a65d73aa17c4d0463109a84f7209c8fa3,TABELA REFERENCIAL OBRAS - DER-ES - 2025-10 - OUT/XLS/tab_DER-EDIFICAÇÕES_2025_10_servicos.xlsx!A421,2025-10,2025-11,m2,PISOS INTERNOS E EXTERNOS / ACABAMENTOS,True,False,56.89,56.33,56.33,56.89,,,False,False,d856141d8d195b8bf3114dd64686b80db08318d557f9eb5f279d84fffec1a86e,treino,False,False
der_es,sem_desoneracao,130228,"Assentamento e rejuntamento de piso em porcelanato (dimensões superiores a 30x30cm) utilizando dupla colagem de argamassa colante para porcelanato tipo ACIII, exclusive fornecimento do porcelanato e do rejunte",PISOS INTERNOS E EXTERNOS / ACABAMENTOS,m2,70b91fa0150f202763c74ae720659efbcf1bc4f21d95b6ce0a074d0039fa8295,d856141d8d195b8bf3114dd64686b80db08318d557f9eb5f279d84fffec1a86e,TABELA REFERENCIAL OBRAS - DER-ES - 2025-11 - NOV/XLS/tab_DER-EDIFICAÇÕES_2025_11_servicos.xlsx!A421,2025-11,2025-12,m2,PISOS INTERNOS E EXTERNOS / ACABAMENTOS,True,False,56.89,56.89,56.33,56.89,,,False,False,cf2ae6d6af6081526a2c2c6a6446342c23099ac3a9c81f310e3a5da2680fb053,treino,False,False
der_es,sem_desoneracao,130228,"Assentamento e rejuntamento de piso em porcelanato (dimensões superiores a 30x30cm) utilizando dupla colagem de argamassa colante para porcelanato tipo ACIII, exclusive fornecimento do porcelanato e do rejunte",PISOS INTERNOS E EXTERNOS / ACABAMENTOS,m2,70b91fa0150f202763c74ae720659efbcf1bc4f21d95b6ce0a074d0039fa8295,cf2ae6d6af6081526a2c2c6a6446342c23099ac3a9c81f310e3a5da2680fb053,TABELA REFERENCIAL OBRAS - DER-ES - 2025-12 - DEZ/XLS/tab_DER-EDIFICAÇÕES_2025_12_servicos.xlsx!A421,2025-12,2026-01,m2,PISOS INTERNOS E EXTERNOS / ACABAMENTOS,True,False,56.89,56.89,56.89,56.89,,,False,False,4feebcbe8c47058cf57314347405d833cdfb5d2340951f005ab53d27ae84fd84,validacao,False,False
der_es,sem_desoneracao,130228,"Assentamento e rejuntamento de piso em porcelanato (dimensões superiores a 30x30cm) utilizando dupla colagem de argamassa colante para porcelanato tipo ACIII, exclusive fornecimento do porcelanato e do rejunte",PISOS INTERNOS E EXTERNOS / ACABAMENTOS,m2,70b91fa0150f202763c74ae720659efbcf1bc4f21d95b6ce0a074d0039fa8295,4feebcbe8c47058cf57314347405d833cdfb5d2340951f005ab53d27ae84fd84,TABELA REFERENCIAL OBRAS - DER-ES - 2026-01 - JAN/XLS/tab_DER-EDIFICAÇÕES_2026_01_servicos.xlsx!A421,2026-01,2026-02,m2,PISOS INTERNOS E EXTERNOS / ACABAMENTOS,True,False,56.89,56.89,56.89,55.29,,,False,False,1a7537f06fa9b2a1aff5982ae95ae6bf2ec16498e28430445e55584fbcce9a3c,validacao,False,False
der_es,sem_desoneracao,130228,"Assentamento e rejuntamento de piso em porcelanato (dimensões superiores a 30x30cm) utilizando dupla colagem de argamassa colante para porcelanato tipo ACIII, exclusive fornecimento do porcelanato e do rejunte",PISOS INTERNOS E EXTERNOS / ACABAMENTOS,m2,70b91fa0150f202763c74ae720659efbcf1bc4f21d95b6ce0a074d0039fa8295,1a7537f06fa9b2a1aff5982ae95ae6bf2ec16498e28430445e55584fbcce9a3c,TABELA REFERENCIAL OBRAS - DER-ES - 2026-02 - FEV/XLS/tab_DER-EDIFICAÇÕES_2026_02_servicos.xlsx!A421,2026-02,2026-03,m2,PISOS INTERNOS E EXTERNOS / ACABAMENTOS,True,False,55.29,56.89,56.89,55.29,,,False,False,c9a408180051aaa4e38fe277afd37500d913d617b22cb55cd61158248094d761,teste,False,False
der_es,sem_desoneracao,130228,"Assentamento e rejuntamento de piso em porcelanato (dimensões superiores a 30x30cm) utilizando dupla colagem de argamassa colante para porcelanato tipo ACIII, exclusive fornecimento do porcelanato e do rejunte",PISOS INTERNOS E EXTERNOS / ACABAMENTOS,m2,70b91fa0150f202763c74ae720659efbcf1bc4f21d95b6ce0a074d0039fa8295,c9a408180051aaa4e38fe277afd37500d913d617b22cb55cd61158248094d761,TABELA REFERENCIAL OBRAS - DER-ES - 2026-03 - MAR/XLS/tab_DER-EDIFICAÇÕES_2026_03_servicos.xlsx!A421,2026-03,2026-04,m2,PISOS INTERNOS E EXTERNOS / ACABAMENTOS,True,False,55.29,55.29,56.89,55.29,,,False,False,b07a6f7cd81d76e43925b8f994875b35e8468c5a37790367db80f72665fc0b2b,teste,False,False
der_es,sem_desoneracao,130228,"Assentamento e rejuntamento de piso em porcelanato (dimensões superiores a 30x30cm) utilizando dupla colagem de argamassa colante para porcelanato tipo ACIII, exclusive fornecimento do porcelanato e do rejunte",PISOS INTERNOS E EXTERNOS / ACABAMENTOS,m2,70b91fa0150f202763c74ae720659efbcf1bc4f21d95b6ce0a074d0039fa8295,b07a6f7cd81d76e43925b8f994875b35e8468c5a37790367db80f72665fc0b2b,TABELA REFERENCIAL OBRAS - DER-ES - 2026-04 - ABR/XLS/tab_DER-EDIFICAÇÕES_2026_04_servicos.xlsx!A421,2026-04,2026-05,m2,PISOS INTERNOS E EXTERNOS / ACABAMENTOS,True,False,55.29,55.29,55.29,58.19,,,False,False,9d7efd575c10dc676bc49f5acb5630fa9b3cd2b98449be07612e1891e8d213f6,teste,False,False
der_es,sem_desoneracao,130230,"Piso argamassa alta resistência tipo granilite ou equiv de qualidade comprovada, esp de 10mm, com juntas plástica em quadros de 1m, na cor natural, com acabamento anti-derrapante mecanizado, inclusive regularização e=3.0cm",PISOS INTERNOS E EXTERNOS / ACABAMENTOS,m2,34f30609ea2e764f788b3c716d4fcbd8e30a3714c3cf5f3bcf504da70540679f,2dd7e7c15552e8663b500f12008e09dc39c3816602e826e994d7dc8922d7ac8f,TABELA REFERENCIAL OBRAS - DER-ES - 2025-03 - MAR/XLS/tab_DER-EDIFICAÇσES_2025_03_servicos.xlsx!A422,2025-03,2025-04,m2,PISOS INTERNOS E EXTERNOS / ACABAMENTOS,True,False,138.16,138.12,140.14,138.5,,,False,False,d2087ecf8affe6feb21bd38f6045155bdc7d4b18356273e8e54c68d96e73dbd4,treino,False,False
der_es,sem_desoneracao,130230,"Piso argamassa alta resistência tipo granilite ou equiv de qualidade comprovada, esp de 10mm, com juntas plástica em quadros de 1m, na cor natural, com acabamento anti-derrapante mecanizado, inclusive regularização e=3.0cm",PISOS INTERNOS E EXTERNOS / ACABAMENTOS,m2,34f30609ea2e764f788b3c716d4fcbd8e30a3714c3cf5f3bcf504da70540679f,d2087ecf8affe6feb21bd38f6045155bdc7d4b18356273e8e54c68d96e73dbd4,TABELA REFERENCIAL OBRAS - DER-ES - 2025-04 - ABR/XLS/tab_DER-EDIFICAÇσES_2025_04_servicos.xlsx!A423,2025-04,2025-05,m2,PISOS INTERNOS E EXTERNOS / ACABAMENTOS,True,False,138.5,138.16,138.12,145.97,,,False,False,2bf6c2c7e6a976b4518fe548f59e259ac8091a61f440b44f17701ff9a0f00926,treino,False,False
der_es,sem_desoneracao,130230,"Piso argamassa alta resistência tipo granilite ou equiv de qualidade comprovada, esp de 10mm, com juntas plástica em quadros de 1m, na cor natural, com acabamento anti-derrapante mecanizado, inclusive regularização e=3.0cm",PISOS INTERNOS E EXTERNOS / ACABAMENTOS,m2,34f30609ea2e764f788b3c716d4fcbd8e30a3714c3cf5f3bcf504da70540679f,2bf6c2c7e6a976b4518fe548f59e259ac8091a61f440b44f17701ff9a0f00926,TABELA REFERENCIAL OBRAS - DER-ES - 2025-05 - MAI/XLS/tab_DER-EDIFICAÇσES_2025_05_servicos.xlsx!A424,2025-05,2025-06,m2,PISOS INTERNOS E EXTERNOS / ACABAMENTOS,True,False,145.97,138.5,138.16,145.93,,,False,False,22734abdbfefadc850a2608b6f454b5f7c18b5e3c19f87c396d85d1e76c75234,treino,False,False
der_es,sem_desoneracao,130230,"Piso argamassa alta resistência tipo granilite ou equiv de qualidade comprovada, esp de 10mm, com juntas plástica em quadros de 1m, na cor natural, com acabamento anti-derrapante mecanizado, inclusive regularização e=3.0cm",PISOS INTERNOS E EXTERNOS / ACABAMENTOS,m2,34f30609ea2e764f788b3c716d4fcbd8e30a3714c3cf5f3bcf504da70540679f,22734abdbfefadc850a2608b6f454b5f7c18b5e3c19f87c396d85d1e76c75234,TABELA REFERENCIAL OBRAS - DER-ES - 2025-06 - JUN/XLS/tab_DER-EDIFICAÇÕES_2025_06_servicos.xlsx!A422,2025-06,2025-07,m2,PISOS INTERNOS E EXTERNOS / ACABAMENTOS,True,False,145.93,145.97,138.5,145.93,,,False,False,9f2d3bc52e35d3a9c0317f2bbd34359ce4b9eb726cfdad03719dc91ab8a6eb52,treino,False,False
der_es,sem_desoneracao,130230,"Piso argamassa alta resistência tipo granilite ou equiv de qualidade comprovada, esp de 10mm, com juntas plástica em quadros de 1m, na cor natural, com acabamento anti-derrapante mecanizado, inclusive regularização e=3.0cm",PISOS INTERNOS E EXTERNOS / ACABAMENTOS,m2,34f30609ea2e764f788b3c716d4fcbd8e30a3714c3cf5f3bcf504da70540679f,9f2d3bc52e35d3a9c0317f2bbd34359ce4b9eb726cfdad03719dc91ab8a6eb52,TABELA REFERENCIAL OBRAS - DER-ES - 2025-07 - JUL/TABELA REFERENCIAL OBRAS - DER-ES - 2025-07 - JUL/XLS/tab_DER-EDIFICAÇÕES_2025_07_servicos.xlsx!A422,2025-07,2025-08,m2,PISOS INTERNOS E EXTERNOS / ACABAMENTOS,True,False,145.93,145.93,145.97,146.47,,,False,False,f4e1c72d0bc82c19d0327a48458bea46cf1a06c556062fe2206e7955be9a14b1,treino,False,False
der_es,sem_desoneracao,130230,"Piso argamassa alta resistência tipo granilite ou equiv de qualidade comprovada, esp de 10mm, com juntas plástica em quadros de 1m, na cor natural, com acabamento anti-derrapante mecanizado, inclusive regularização e=3.0cm",PISOS INTERNOS E EXTERNOS / ACABAMENTOS,m2,34f30609ea2e764f788b3c716d4fcbd8e30a3714c3cf5f3bcf504da70540679f,f4e1c72d0bc82c19d0327a48458bea46cf1a06c556062fe2206e7955be9a14b1,TABELA REFERENCIAL OBRAS - DER-ES - 2025-08 - AGO/XLS/tab_DER-EDIFICAÇÕES_2025_08_servicos.xlsx!A422,2025-08,2025-09,m2,PISOS INTERNOS E EXTERNOS / ACABAMENTOS,True,False,146.47,145.93,145.93,146.48,,,False,False,7b1be34ee7d5dd82bcaeb75a32037ae0f2eea1e439205f05e57077b8a3567875,treino,False,False
der_es,sem_desoneracao,130230,"Piso argamassa alta resistência tipo granilite ou equiv de qualidade comprovada, esp de 10mm, com juntas plástica em quadros de 1m, na cor natural, com acabamento anti-derrapante mecanizado, inclusive regularização e=3.0cm",PISOS INTERNOS E EXTERNOS / ACABAMENTOS,m2,34f30609ea2e764f788b3c716d4fcbd8e30a3714c3cf5f3bcf504da70540679f,7b1be34ee7d5dd82bcaeb75a32037ae0f2eea1e439205f05e57077b8a3567875,TABELA REFERENCIAL OBRAS - DER-ES - 2025-09 - SET/XLS/tab_DER-EDIFICAÇÕES_2025_09_servicos.xlsx!A422,2025-09,2025-10,m2,PISOS INTERNOS E EXTERNOS / ACABAMENTOS,True,False,146.48,146.47,145.93,146.22,,,False,False,25f27b5ef0ad1c6c63d22be1ab543e5a65d73aa17c4d0463109a84f7209c8fa3,treino,False,False
der_es,sem_desoneracao,130230,"Piso argamassa alta resistência tipo granilite ou equiv de qualidade comprovada, esp de 10mm, com juntas plástica em quadros de 1m, na cor natural, com acabamento anti-derrapante mecanizado, inclusive regularização e=3.0cm",PISOS INTERNOS E EXTERNOS / ACABAMENTOS,m2,34f30609ea2e764f788b3c716d4fcbd8e30a3714c3cf5f3bcf504da70540679f,25f27b5ef0ad1c6c63d22be1ab543e5a65d73aa17c4d0463109a84f7209c8fa3,TABELA REFERENCIAL OBRAS - DER-ES - 2025-10 - OUT/XLS/tab_DER-EDIFICAÇÕES_2025_10_servicos.xlsx!A422,2025-10,2025-11,m2,PISOS INTERNOS E EXTERNOS / ACABAMENTOS,True,False,146.22,146.48,146.47,146.32,,,False,False,d856141d8d195b8bf3114dd64686b80db08318d557f9eb5f279d84fffec1a86e,treino,False,False
der_es,sem_desoneracao,130230,"Piso argamassa alta resistência tipo granilite ou equiv de qualidade comprovada, esp de 10mm, com juntas plástica em quadros de 1m, na cor natural, com acabamento anti-derrapante mecanizado, inclusive regularização e=3.0cm",PISOS INTERNOS E EXTERNOS / ACABAMENTOS,m2,34f30609ea2e764f788b3c716d4fcbd8e30a3714c3cf5f3bcf504da70540679f,d856141d8d195b8bf3114dd64686b80db08318d557f9eb5f279d84fffec1a86e,TABELA REFERENCIAL OBRAS - DER-ES - 2025-11 - NOV/XLS/tab_DER-EDIFICAÇÕES_2025_11_servicos.xlsx!A422,2025-11,2025-12,m2,PISOS INTERNOS E EXTERNOS / ACABAMENTOS,True,False,146.32,146.22,146.48,147.13,,,False,False,cf2ae6d6af6081526a2c2c6a6446342c23099ac3a9c81f310e3a5da2680fb053,treino,False,False
der_es,sem_desoneracao,130230,"Piso argamassa alta resistência tipo granilite ou equiv de qualidade comprovada, esp de 10mm, com juntas plástica em quadros de 1m, na cor natural, com acabamento anti-derrapante mecanizado, inclusive regularização e=3.0cm",PISOS INTERNOS E EXTERNOS / ACABAMENTOS,m2,34f30609ea2e764f788b3c716d4fcbd8e30a3714c3cf5f3bcf504da70540679f,cf2ae6d6af6081526a2c2c6a6446342c23099ac3a9c81f310e3a5da2680fb053,TABELA REFERENCIAL OBRAS - DER-ES - 2025-12 - DEZ/XLS/tab_DER-EDIFICAÇÕES_2025_12_servicos.xlsx!A422,2025-12,2026-01,m2,PISOS INTERNOS E EXTERNOS / ACABAMENTOS,True,False,147.13,146.32,146.22,147.1,,,False,False,4feebcbe8c47058cf57314347405d833cdfb5d2340951f005ab53d27ae84fd84,validacao,False,False
der_es,sem_desoneracao,130230,"Piso argamassa alta resistência tipo granilite ou equiv de qualidade comprovada, esp de 10mm, com juntas plástica em quadros de 1m, na cor natural, com acabamento anti-derrapante mecanizado, inclusive regularização e=3.0cm",PISOS INTERNOS E EXTERNOS / ACABAMENTOS,m2,34f30609ea2e764f788b3c716d4fcbd8e30a3714c3cf5f3bcf504da70540679f,4feebcbe8c47058cf57314347405d833cdfb5d2340951f005ab53d27ae84fd84,TABELA REFERENCIAL OBRAS - DER-ES - 2026-01 - JAN/XLS/tab_DER-EDIFICAÇÕES_2026_01_servicos.xlsx!A422,2026-01,2026-02,m2,PISOS INTERNOS E EXTERNOS / ACABAMENTOS,True,False,147.1,147.13,146.32,146.9,,,False,False,1a7537f06fa9b2a1aff5982ae95ae6bf2ec16498e28430445e55584fbcce9a3c,validacao,False,False
der_es,sem_desoneracao,130230,"Piso argamassa alta resistência tipo granilite ou equiv de qualidade comprovada, esp de 10mm, com juntas plástica em quadros de 1m, na cor natural, com acabamento anti-derrapante mecanizado, inclusive regularização e=3.0cm",PISOS INTERNOS E EXTERNOS / ACABAMENTOS,m2,34f30609ea2e764f788b3c716d4fcbd8e30a3714c3cf5f3bcf504da70540679f,1a7537f06fa9b2a1aff5982ae95ae6bf2ec16498e28430445e55584fbcce9a3c,TABELA REFERENCIAL OBRAS - DER-ES - 2026-02 - FEV/XLS/tab_DER-EDIFICAÇÕES_2026_02_servicos.xlsx!A422,2026-02,2026-03,m2,PISOS INTERNOS E EXTERNOS / ACABAMENTOS,True,False,146.9,147.1,147.13,146.87,,,False,False,c9a408180051aaa4e38fe277afd37500d913d617b22cb55cd61158248094d761,teste,False,False
der_es,sem_desoneracao,130230,"Piso argamassa alta resistência tipo granilite ou equiv de qualidade comprovada, esp de 10mm, com juntas plástica em quadros de 1m, na cor natural, com acabamento anti-derrapante mecanizado, inclusive regularização e=3.0cm",PISOS INTERNOS E EXTERNOS / ACABAMENTOS,m2,34f30609ea2e764f788b3c716d4fcbd8e30a3714c3cf5f3bcf504da70540679f,c9a408180051aaa4e38fe277afd37500d913d617b22cb55cd61158248094d761,TABELA REFERENCIAL OBRAS - DER-ES - 2026-03 - MAR/XLS/tab_DER-EDIFICAÇÕES_2026_03_servicos.xlsx!A422,2026-03,2026-04,m2,PISOS INTERNOS E EXTERNOS / ACABAMENTOS,True,False,146.87,146.9,147.1,146.95,,,False,False,b07a6f7cd81d76e43925b8f994875b35e8468c5a37790367db80f72665fc0b2b,teste,False,False
der_es,sem_desoneracao,130230,"Piso argamassa alta resistência tipo granilite ou equiv de qualidade comprovada, esp de 10mm, com juntas plástica em quadros de 1m, na cor natural, com acabamento anti-derrapante mecanizado, inclusive regularização e=3.0cm",PISOS INTERNOS E EXTERNOS / ACABAMENTOS,m2,34f30609ea2e764f788b3c716d4fcbd8e30a3714c3cf5f3bcf504da70540679f,b07a6f7cd81d76e43925b8f994875b35e8468c5a37790367db80f72665fc0b2b,TABELA REFERENCIAL OBRAS - DER-ES - 2026-04 - ABR/XLS/tab_DER-EDIFICAÇÕES_2026_04_servicos.xlsx!A422,2026-04,2026-05,m2,PISOS INTERNOS E EXTERNOS / ACABAMENTOS,True,False,146.95,146.87,146.9,153.29,,,False,False,9d7efd575c10dc676bc49f5acb5630fa9b3cd2b98449be07612e1891e8d213f6,teste,False,False
der_es,sem_desoneracao,130231,"Piso argamassa alta resistência tipo granilite ou equiv de qualidade comprovada, esp de 10mm, com juntas plástica em quadros de 1m, na cor natural, com acabamento polido mecanizado, inclusive regularização e=3.0cm",PISOS INTERNOS E EXTERNOS / ACABAMENTOS,m2,401c93c635077fecf165e6becdb0f2aa3c2647118bdd948d82fa1c2375ba0368,2dd7e7c15552e8663b500f12008e09dc39c3816602e826e994d7dc8922d7ac8f,TABELA REFERENCIAL OBRAS - DER-ES - 2025-03 - MAR/XLS/tab_DER-EDIFICAÇσES_2025_03_servicos.xlsx!A423,2025-03,2025-04,m2,PISOS INTERNOS E EXTERNOS / ACABAMENTOS,True,False,152.54,152.5,154.1,152.88,,,False,False,d2087ecf8affe6feb21bd38f6045155bdc7d4b18356273e8e54c68d96e73dbd4,treino,False,False
der_es,sem_desoneracao,130231,"Piso argamassa alta resistência tipo granilite ou equiv de qualidade comprovada, esp de 10mm, com juntas plástica em quadros de 1m, na cor natural, com acabamento polido mecanizado, inclusive regularização e=3.0cm",PISOS INTERNOS E EXTERNOS / ACABAMENTOS,m2,401c93c635077fecf165e6becdb0f2aa3c2647118bdd948d82fa1c2375ba0368,d2087ecf8affe6feb21bd38f6045155bdc7d4b18356273e8e54c68d96e73dbd4,TABELA REFERENCIAL OBRAS - DER-ES - 2025-04 - ABR/XLS/tab_DER-EDIFICAÇσES_2025_04_servicos.xlsx!A424,2025-04,2025-05,m2,PISOS INTERNOS E EXTERNOS / ACABAMENTOS,True,False,152.88,152.54,152.5,161.23,,,False,False,2bf6c2c7e6a976b4518fe548f59e259ac8091a61f440b44f17701ff9a0f00926,treino,False,False
der_es,sem_desoneracao,130231,"Piso argamassa alta resistência tipo granilite ou equiv de qualidade comprovada, esp de 10mm, com juntas plástica em quadros de 1m, na cor natural, com acabamento polido mecanizado, inclusive regularização e=3.0cm",PISOS INTERNOS E EXTERNOS / ACABAMENTOS,m2,401c93c635077fecf165e6becdb0f2aa3c2647118bdd948d82fa1c2375ba0368,2bf6c2c7e6a976b4518fe548f59e259ac8091a61f440b44f17701ff9a0f00926,TABELA REFERENCIAL OBRAS - DER-ES - 2025-05 - MAI/XLS/tab_DER-EDIFICAÇσES_2025_05_servicos.xlsx!A425,2025-05,2025-06,m2,PISOS INTERNOS E EXTERNOS / ACABAMENTOS,True,False,161.23,152.88,152.54,161.04,,,False,False,22734abdbfefadc850a2608b6f454b5f7c18b5e3c19f87c396d85d1e76c75234,treino,False,False
der_es,sem_desoneracao,130231,"Piso argamassa alta resistência tipo granilite ou equiv de qualidade comprovada, esp de 10mm, com juntas plástica em quadros de 1m, na cor natural, com acabamento polido mecanizado, inclusive regularização e=3.0cm",PISOS INTERNOS E EXTERNOS / ACABAMENTOS,m2,401c93c635077fecf165e6becdb0f2aa3c2647118bdd948d82fa1c2375ba0368,22734abdbfefadc850a2608b6f454b5f7c18b5e3c19f87c396d85d1e76c75234,TABELA REFERENCIAL OBRAS - DER-ES - 2025-06 - JUN/XLS/tab_DER-EDIFICAÇÕES_2025_06_servicos.xlsx!A423,2025-06,2025-07,m2,PISOS INTERNOS E EXTERNOS / ACABAMENTOS,True,False,161.04,161.23,152.88,161.04,,,False,False,9f2d3bc52e35d3a9c0317f2bbd34359ce4b9eb726cfdad03719dc91ab8a6eb52,treino,False,False
der_es,sem_desoneracao,130231,"Piso argamassa alta resistência tipo granilite ou equiv de qualidade comprovada, esp de 10mm, com juntas plástica em quadros de 1m, na cor natural, com acabamento polido mecanizado, inclusive regularização e=3.0cm",PISOS INTERNOS E EXTERNOS / ACABAMENTOS,m2,401c93c635077fecf165e6becdb0f2aa3c2647118bdd948d82fa1c2375ba0368,9f2d3bc52e35d3a9c0317f2bbd34359ce4b9eb726cfdad03719dc91ab8a6eb52,TABELA REFERENCIAL OBRAS - DER-ES - 2025-07 - JUL/TABELA REFERENCIAL OBRAS - DER-ES - 2025-07 - JUL/XLS/tab_DER-EDIFICAÇÕES_2025_07_servicos.xlsx!A423,2025-07,2025-08,m2,PISOS INTERNOS E EXTERNOS / ACABAMENTOS,True,False,161.04,161.04,161.23,161.63,,,False,False,f4e1c72d0bc82c19d0327a48458bea46cf1a06c556062fe2206e7955be9a14b1,treino,False,False
der_es,sem_desoneracao,130231,"Piso argamassa alta resistência tipo granilite ou equiv de qualidade comprovada, esp de 10mm, com juntas plástica em quadros de 1m, na cor natural, com acabamento polido mecanizado, inclusive regularização e=3.0cm",PISOS INTERNOS E EXTERNOS / ACABAMENTOS,m2,401c93c635077fecf165e6becdb0f2aa3c2647118bdd948d82fa1c2375ba0368,f4e1c72d0bc82c19d0327a48458bea46cf1a06c556062fe2206e7955be9a14b1,TABELA REFERENCIAL OBRAS - DER-ES - 2025-08 - AGO/XLS/tab_DER-EDIFICAÇÕES_2025_08_servicos.xlsx!A423,2025-08,2025-09,m2,PISOS INTERNOS E EXTERNOS / ACABAMENTOS,True,False,161.63,161.04,161.04,161.65,,,False,False,7b1be34ee7d5dd82bcaeb75a32037ae0f2eea1e439205f05e57077b8a3567875,treino,False,False
der_es,sem_desoneracao,130231,"Piso argamassa alta resistência tipo granilite ou equiv de qualidade comprovada, esp de 10mm, com juntas plástica em quadros de 1m, na cor natural, com acabamento polido mecanizado, inclusive regularização e=3.0cm",PISOS INTERNOS E EXTERNOS / ACABAMENTOS,m2,401c93c635077fecf165e6becdb0f2aa3c2647118bdd948d82fa1c2375ba0368,7b1be34ee7d5dd82bcaeb75a32037ae0f2eea1e439205f05e57077b8a3567875,TABELA REFERENCIAL OBRAS - DER-ES - 2025-09 - SET/XLS/tab_DER-EDIFICAÇÕES_2025_09_servicos.xlsx!A423,2025-09,2025-10,m2,PISOS INTERNOS E EXTERNOS / ACABAMENTOS,True,False,161.65,161.63,161.04,161.39,,,False,False,25f27b5ef0ad1c6c63d22be1ab543e5a65d73aa17c4d0463109a84f7209c8fa3,treino,False,False
der_es,sem_desoneracao,130231,"Piso argamassa alta resistência tipo granilite ou equiv de qualidade comprovada, esp de 10mm, com juntas plástica em quadros de 1m, na cor natural, com acabamento polido mecanizado, inclusive regularização e=3.0cm",PISOS INTERNOS E EXTERNOS / ACABAMENTOS,m2,401c93c635077fecf165e6becdb0f2aa3c2647118bdd948d82fa1c2375ba0368,25f27b5ef0ad1c6c63d22be1ab543e5a65d73aa17c4d0463109a84f7209c8fa3,TABELA REFERENCIAL OBRAS - DER-ES - 2025-10 - OUT/XLS/tab_DER-EDIFICAÇÕES_2025_10_servicos.xlsx!A423,2025-10,2025-11,m2,PISOS INTERNOS E EXTERNOS / ACABAMENTOS,True,False,161.39,161.65,161.63,161.5,,,False,False,d856141d8d195b8bf3114dd64686b80db08318d557f9eb5f279d84fffec1a86e,treino,False,False
der_es,sem_desoneracao,130231,"Piso argamassa alta resistência tipo granilite ou equiv de qualidade comprovada, esp de 10mm, com juntas plástica em quadros de 1m, na cor natural, com acabamento polido mecanizado, inclusive regularização e=3.0cm",PISOS INTERNOS E EXTERNOS / ACABAMENTOS,m2,401c93c635077fecf165e6becdb0f2aa3c2647118bdd948d82fa1c2375ba0368,d856141d8d195b8bf3114dd64686b80db08318d557f9eb5f279d84fffec1a86e,TABELA REFERENCIAL OBRAS - DER-ES - 2025-11 - NOV/XLS/tab_DER-EDIFICAÇÕES_2025_11_servicos.xlsx!A423,2025-11,2025-12,m2,PISOS INTERNOS E EXTERNOS / ACABAMENTOS,True,False,161.5,161.39,161.65,162.32,,,False,False,cf2ae6d6af6081526a2c2c6a6446342c23099ac3a9c81f310e3a5da2680fb053,treino,False,False
der_es,sem_desoneracao,130231,"Piso argamassa alta resistência tipo granilite ou equiv de qualidade comprovada, esp de 10mm, com juntas plástica em quadros de 1m, na cor natural, com acabamento polido mecanizado, inclusive regularização e=3.0cm",PISOS INTERNOS E EXTERNOS / ACABAMENTOS,m2,401c93c635077fecf165e6becdb0f2aa3c2647118bdd948d82fa1c2375ba0368,cf2ae6d6af6081526a2c2c6a6446342c23099ac3a9c81f310e3a5da2680fb053,TABELA REFERENCIAL OBRAS - DER-ES - 2025-12 - DEZ/XLS/tab_DER-EDIFICAÇÕES_2025_12_servicos.xlsx!A423,2025-12,2026-01,m2,PISOS INTERNOS E EXTERNOS / ACABAMENTOS,True,False,162.32,161.5,161.39,162.28,,,False,False,4feebcbe8c47058cf57314347405d833cdfb5d2340951f005ab53d27ae84fd84,validacao,False,False
der_es,sem_desoneracao,130231,"Piso argamassa alta resistência tipo granilite ou equiv de qualidade comprovada, esp de 10mm, com juntas plástica em quadros de 1m, na cor natural, com acabamento polido mecanizado, inclusive regularização e=3.0cm",PISOS INTERNOS E EXTERNOS / ACABAMENTOS,m2,401c93c635077fecf165e6becdb0f2aa3c2647118bdd948d82fa1c2375ba0368,4feebcbe8c47058cf57314347405d833cdfb5d2340951f005ab53d27ae84fd84,TABELA REFERENCIAL OBRAS - DER-ES - 2026-01 - JAN/XLS/tab_DER-EDIFICAÇÕES_2026_01_servicos.xlsx!A423,2026-01,2026-02,m2,PISOS INTERNOS E EXTERNOS / ACABAMENTOS,True,False,162.28,162.32,161.5,162.08,,,False,False,1a7537f06fa9b2a1aff5982ae95ae6bf2ec16498e28430445e55584fbcce9a3c,validacao,False,False
der_es,sem_desoneracao,130231,"Piso argamassa alta resistência tipo granilite ou equiv de qualidade comprovada, esp de 10mm, com juntas plástica em quadros de 1m, na cor natural, com acabamento polido mecanizado, inclusive regularização e=3.0cm",PISOS INTERNOS E EXTERNOS / ACABAMENTOS,m2,401c93c635077fecf165e6becdb0f2aa3c2647118bdd948d82fa1c2375ba0368,1a7537f06fa9b2a1aff5982ae95ae6bf2ec16498e28430445e55584fbcce9a3c,TABELA REFERENCIAL OBRAS - DER-ES - 2026-02 - FEV/XLS/tab_DER-EDIFICAÇÕES_2026_02_servicos.xlsx!A423,2026-02,2026-03,m2,PISOS INTERNOS E EXTERNOS / ACABAMENTOS,True,False,162.08,162.28,162.32,162.04,,,False,False,c9a408180051aaa4e38fe277afd37500d913d617b22cb55cd61158248094d761,teste,False,False
der_es,sem_desoneracao,130231,"Piso argamassa alta resistência tipo granilite ou equiv de qualidade comprovada, esp de 10mm, com juntas plástica em quadros de 1m, na cor natural, com acabamento polido mecanizado, inclusive regularização e=3.0cm",PISOS INTERNOS E EXTERNOS / ACABAMENTOS,m2,401c93c635077fecf165e6becdb0f2aa3c2647118bdd948d82fa1c2375ba0368,c9a408180051aaa4e38fe277afd37500d913d617b22cb55cd61158248094d761,TABELA REFERENCIAL OBRAS - DER-ES - 2026-03 - MAR/XLS/tab_DER-EDIFICAÇÕES_2026_03_servicos.xlsx!A423,2026-03,2026-04,m2,PISOS INTERNOS E EXTERNOS / ACABAMENTOS,True,False,162.04,162.08,162.28,162.12,,,False,False,b07a6f7cd81d76e43925b8f994875b35e8468c5a37790367db80f72665fc0b2b,teste,False,False
der_es,sem_desoneracao,130231,"Piso argamassa alta resistência tipo granilite ou equiv de qualidade comprovada, esp de 10mm, com juntas plástica em quadros de 1m, na cor natural, com acabamento polido mecanizado, inclusive regularização e=3.0cm",PISOS INTERNOS E EXTERNOS / ACABAMENTOS,m2,401c93c635077fecf165e6becdb0f2aa3c2647118bdd948d82fa1c2375ba0368,b07a6f7cd81d76e43925b8f994875b35e8468c5a37790367db80f72665fc0b2b,TABELA REFERENCIAL OBRAS - DER-ES - 2026-04 - ABR/XLS/tab_DER-EDIFICAÇÕES_2026_04_servicos.xlsx!A423,2026-04,2026-05,m2,PISOS INTERNOS E EXTERNOS / ACABAMENTOS,True,False,162.12,162.04,162.08,169.23,,,False,False,9d7efd575c10dc676bc49f5acb5630fa9b3cd2b98449be07612e1891e8d213f6,teste,False,False
der_es,sem_desoneracao,130233,"Porcelanato esmaltado, acabamento acetinado, dim. 60x60cm, ref. de cor CIMENTO CINZA BOLD Portobello/equiv, utilizando dupla colagem de argamassa colante para porcelanato tipo ACIII e rejunte 3mm para porcelanato",PISOS INTERNOS E EXTERNOS / ACABAMENTOS,m2,0e65256e183bdad3e7ea6aba1b012ee7a2fe0e7f2ba74ea2b30f0c568c99fd0c,2dd7e7c15552e8663b500f12008e09dc39c3816602e826e994d7dc8922d7ac8f,TABELA REFERENCIAL OBRAS - DER-ES - 2025-03 - MAR/XLS/tab_DER-EDIFICAÇσES_2025_03_servicos.xlsx!A424,2025-03,2025-04,m2,PISOS INTERNOS E EXTERNOS / ACABAMENTOS,True,False,129.33,129.33,132.74,129.33,,,False,False,d2087ecf8affe6feb21bd38f6045155bdc7d4b18356273e8e54c68d96e73dbd4,treino,False,False
der_es,sem_desoneracao,130233,"Porcelanato esmaltado, acabamento acetinado, dim. 60x60cm, ref. de cor CIMENTO CINZA BOLD Portobello/equiv, utilizando dupla colagem de argamassa colante para porcelanato tipo ACIII e rejunte 3mm para porcelanato",PISOS INTERNOS E EXTERNOS / ACABAMENTOS,m2,0e65256e183bdad3e7ea6aba1b012ee7a2fe0e7f2ba74ea2b30f0c568c99fd0c,d2087ecf8affe6feb21bd38f6045155bdc7d4b18356273e8e54c68d96e73dbd4,TABELA REFERENCIAL OBRAS - DER-ES - 2025-04 - ABR/XLS/tab_DER-EDIFICAÇσES_2025_04_servicos.xlsx!A425,2025-04,2025-05,m2,PISOS INTERNOS E EXTERNOS / ACABAMENTOS,True,False,129.33,129.33,129.33,132.68,,,False,False,2bf6c2c7e6a976b4518fe548f59e259ac8091a61f440b44f17701ff9a0f00926,treino,False,False
der_es,sem_desoneracao,130233,"Porcelanato esmaltado, acabamento acetinado, dim. 60x60cm, ref. de cor CIMENTO CINZA BOLD Portobello/equiv, utilizando dupla colagem de argamassa colante para porcelanato tipo ACIII e rejunte 3mm para porcelanato",PISOS INTERNOS E EXTERNOS / ACABAMENTOS,m2,0e65256e183bdad3e7ea6aba1b012ee7a2fe0e7f2ba74ea2b30f0c568c99fd0c,2bf6c2c7e6a976b4518fe548f59e259ac8091a61f440b44f17701ff9a0f00926,TABELA REFERENCIAL OBRAS - DER-ES - 2025-05 - MAI/XLS/tab_DER-EDIFICAÇσES_2025_05_servicos.xlsx!A426,2025-05,2025-06,m2,PISOS INTERNOS E EXTERNOS / ACABAMENTOS,True,False,132.68,129.33,129.33,131.8,,,False,False,22734abdbfefadc850a2608b6f454b5f7c18b5e3c19f87c396d85d1e76c75234,treino,False,False
der_es,sem_desoneracao,130233,"Porcelanato esmaltado, acabamento acetinado, dim. 60x60cm, ref. de cor CIMENTO CINZA BOLD Portobello/equiv, utilizando dupla colagem de argamassa colante para porcelanato tipo ACIII e rejunte 3mm para porcelanato",PISOS INTERNOS E EXTERNOS / ACABAMENTOS,m2,0e65256e183bdad3e7ea6aba1b012ee7a2fe0e7f2ba74ea2b30f0c568c99fd0c,22734abdbfefadc850a2608b6f454b5f7c18b5e3c19f87c396d85d1e76c75234,TABELA REFERENCIAL OBRAS - DER-ES - 2025-06 - JUN/XLS/tab_DER-EDIFICAÇÕES_2025_06_servicos.xlsx!A424,2025-06,2025-07,m2,PISOS INTERNOS E EXTERNOS / ACABAMENTOS,True,False,131.8,132.68,129.33,131.8,,,False,False,9f2d3bc52e35d3a9c0317f2bbd34359ce4b9eb726cfdad03719dc91ab8a6eb52,treino,False,False
der_es,sem_desoneracao,130233,"Porcelanato esmaltado, acabamento acetinado, dim. 60x60cm, ref. de cor CIMENTO CINZA BOLD Portobello/equiv, utilizando dupla colagem de argamassa colante para porcelanato tipo ACIII e rejunte 3mm para porcelanato",PISOS INTERNOS E EXTERNOS / ACABAMENTOS,m2,0e65256e183bdad3e7ea6aba1b012ee7a2fe0e7f2ba74ea2b30f0c568c99fd0c,9f2d3bc52e35d3a9c0317f2bbd34359ce4b9eb726cfdad03719dc91ab8a6eb52,TABELA REFERENCIAL OBRAS - DER-ES - 2025-07 - JUL/TABELA REFERENCIAL OBRAS - DER-ES - 2025-07 - JUL/XLS/tab_DER-EDIFICAÇÕES_2025_07_servicos.xlsx!A424,2025-07,2025-08,m2,PISOS INTERNOS E EXTERNOS / ACABAMENTOS,True,False,131.8,131.8,132.68,131.8,,,False,False,f4e1c72d0bc82c19d0327a48458bea46cf1a06c556062fe2206e7955be9a14b1,treino,False,False
der_es,sem_desoneracao,130233,"Porcelanato esmaltado, acabamento acetinado, dim. 60x60cm, ref. de cor CIMENTO CINZA BOLD Portobello/equiv, utilizando dupla colagem de argamassa colante para porcelanato tipo ACIII e rejunte 3mm para porcelanato",PISOS INTERNOS E EXTERNOS / ACABAMENTOS,m2,0e65256e183bdad3e7ea6aba1b012ee7a2fe0e7f2ba74ea2b30f0c568c99fd0c,f4e1c72d0bc82c19d0327a48458bea46cf1a06c556062fe2206e7955be9a14b1,TABELA REFERENCIAL OBRAS - DER-ES - 2025-08 - AGO/XLS/tab_DER-EDIFICAÇÕES_2025_08_servicos.xlsx!A424,2025-08,2025-09,m2,PISOS INTERNOS E EXTERNOS / ACABAMENTOS,True,False,131.8,131.8,131.8,131.8,,,False,False,7b1be34ee7d5dd82bcaeb75a32037ae0f2eea1e439205f05e57077b8a3567875,treino,False,False
der_es,sem_desoneracao,130233,"Porcelanato esmaltado, acabamento acetinado, dim. 60x60cm, ref. de cor CIMENTO CINZA BOLD Portobello/equiv, utilizando dupla colagem de argamassa colante para porcelanato tipo ACIII e rejunte 3mm para porcelanato",PISOS INTERNOS E EXTERNOS / ACABAMENTOS,m2,0e65256e183bdad3e7ea6aba1b012ee7a2fe0e7f2ba74ea2b30f0c568c99fd0c,7b1be34ee7d5dd82bcaeb75a32037ae0f2eea1e439205f05e57077b8a3567875,TABELA REFERENCIAL OBRAS - DER-ES - 2025-09 - SET/XLS/tab_DER-EDIFICAÇÕES_2025_09_servicos.xlsx!A424,2025-09,2025-10,m2,PISOS INTERNOS E EXTERNOS / ACABAMENTOS,True,False,131.8,131.8,131.8,144.21,,,False,False,25f27b5ef0ad1c6c63d22be1ab543e5a65d73aa17c4d0463109a84f7209c8fa3,treino,False,False
der_es,sem_desoneracao,130233,"Porcelanato esmaltado, acabamento acetinado, dim. 60x60cm, ref. de cor CIMENTO CINZA BOLD Portobello/equiv, utilizando dupla colagem de argamassa colante para porcelanato tipo ACIII e rejunte 3mm para porcelanato",PISOS INTERNOS E EXTERNOS / ACABAMENTOS,m2,0e65256e183bdad3e7ea6aba1b012ee7a2fe0e7f2ba74ea2b30f0c568c99fd0c,25f27b5ef0ad1c6c63d22be1ab543e5a65d73aa17c4d0463109a84f7209c8fa3,TABELA REFERENCIAL OBRAS - DER-ES - 2025-10 - OUT/XLS/tab_DER-EDIFICAÇÕES_2025_10_servicos.xlsx!A424,2025-10,2025-11,m2,PISOS INTERNOS E EXTERNOS / ACABAMENTOS,True,False,144.21,131.8,131.8,144.21,,,False,False,d856141d8d195b8bf3114dd64686b80db08318d557f9eb5f279d84fffec1a86e,treino,False,False
der_es,sem_desoneracao,130233,"Porcelanato esmaltado, acabamento acetinado, dim. 60x60cm, ref. de cor CIMENTO CINZA BOLD Portobello/equiv, utilizando dupla colagem de argamassa colante para porcelanato tipo ACIII e rejunte 3mm para porcelanato",PISOS INTERNOS E EXTERNOS / ACABAMENTOS,m2,0e65256e183bdad3e7ea6aba1b012ee7a2fe0e7f2ba74ea2b30f0c568c99fd0c,d856141d8d195b8bf3114dd64686b80db08318d557f9eb5f279d84fffec1a86e,TABELA REFERENCIAL OBRAS - DER-ES - 2025-11 - NOV/XLS/tab_DER-EDIFICAÇÕES_2025_11_servicos.xlsx!A424,2025-11,2025-12,m2,PISOS INTERNOS E EXTERNOS / ACABAMENTOS,True,False,144.21,144.21,131.8,144.21,,,False,False,cf2ae6d6af6081526a2c2c6a6446342c23099ac3a9c81f310e3a5da2680fb053,treino,False,False
der_es,sem_desoneracao,130233,"Porcelanato esmaltado, acabamento acetinado, dim. 60x60cm, ref. de cor CIMENTO CINZA BOLD Portobello/equiv, utilizando dupla colagem de argamassa colante para porcelanato tipo ACIII e rejunte 3mm para porcelanato",PISOS INTERNOS E EXTERNOS / ACABAMENTOS,m2,0e65256e183bdad3e7ea6aba1b012ee7a2fe0e7f2ba74ea2b30f0c568c99fd0c,cf2ae6d6af6081526a2c2c6a6446342c23099ac3a9c81f310e3a5da2680fb053,TABELA REFERENCIAL OBRAS - DER-ES - 2025-12 - DEZ/XLS/tab_DER-EDIFICAÇÕES_2025_12_servicos.xlsx!A424,2025-12,2026-01,m2,PISOS INTERNOS E EXTERNOS / ACABAMENTOS,True,False,144.21,144.21,144.21,144.21,,,False,False,4feebcbe8c47058cf57314347405d833cdfb5d2340951f005ab53d27ae84fd84,validacao,False,False
der_es,sem_desoneracao,130233,"Porcelanato esmaltado, acabamento acetinado, dim. 60x60cm, ref. de cor CIMENTO CINZA BOLD Portobello/equiv, utilizando dupla colagem de argamassa colante para porcelanato tipo ACIII e rejunte 3mm para porcelanato",PISOS INTERNOS E EXTERNOS / ACABAMENTOS,m2,0e65256e183bdad3e7ea6aba1b012ee7a2fe0e7f2ba74ea2b30f0c568c99fd0c,4feebcbe8c47058cf57314347405d833cdfb5d2340951f005ab53d27ae84fd84,TABELA REFERENCIAL OBRAS - DER-ES - 2026-01 - JAN/XLS/tab_DER-EDIFICAÇÕES_2026_01_servicos.xlsx!A424,2026-01,2026-02,m2,PISOS INTERNOS E EXTERNOS / ACABAMENTOS,True,False,144.21,144.21,144.21,139.69,,,False,False,1a7537f06fa9b2a1aff5982ae95ae6bf2ec16498e28430445e55584fbcce9a3c,validacao,False,False
der_es,sem_desoneracao,130233,"Porcelanato esmaltado, acabamento acetinado, dim. 60x60cm, ref. de cor CIMENTO CINZA BOLD Portobello/equiv, utilizando dupla colagem de argamassa colante para porcelanato tipo ACIII e rejunte 3mm para porcelanato",PISOS INTERNOS E EXTERNOS / ACABAMENTOS,m2,0e65256e183bdad3e7ea6aba1b012ee7a2fe0e7f2ba74ea2b30f0c568c99fd0c,1a7537f06fa9b2a1aff5982ae95ae6bf2ec16498e28430445e55584fbcce9a3c,TABELA REFERENCIAL OBRAS - DER-ES - 2026-02 - FEV/XLS/tab_DER-EDIFICAÇÕES_2026_02_servicos.xlsx!A424,2026-02,2026-03,m2,PISOS INTERNOS E EXTERNOS / ACABAMENTOS,True,False,139.69,144.21,144.21,139.69,,,False,False,c9a408180051aaa4e38fe277afd37500d913d617b22cb55cd61158248094d761,teste,False,False
der_es,sem_desoneracao,130233,"Porcelanato esmaltado, acabamento acetinado, dim. 60x60cm, ref. de cor CIMENTO CINZA BOLD Portobello/equiv, utilizando dupla colagem de argamassa colante para porcelanato tipo ACIII e rejunte 3mm para porcelanato",PISOS INTERNOS E EXTERNOS / ACABAMENTOS,m2,0e65256e183bdad3e7ea6aba1b012ee7a2fe0e7f2ba74ea2b30f0c568c99fd0c,c9a408180051aaa4e38fe277afd37500d913d617b22cb55cd61158248094d761,TABELA REFERENCIAL OBRAS - DER-ES - 2026-03 - MAR/XLS/tab_DER-EDIFICAÇÕES_2026_03_servicos.xlsx!A424,2026-03,2026-04,m2,PISOS INTERNOS E EXTERNOS / ACABAMENTOS,True,False,139.69,139.69,144.21,139.69,,,False,False,b07a6f7cd81d76e43925b8f994875b35e8468c5a37790367db80f72665fc0b2b,teste,False,False
der_es,sem_desoneracao,130233,"Porcelanato esmaltado, acabamento acetinado, dim. 60x60cm, ref. de cor CIMENTO CINZA BOLD Portobello/equiv, utilizando dupla colagem de argamassa colante para porcelanato tipo ACIII e rejunte 3mm para porcelanato",PISOS INTERNOS E EXTERNOS / ACABAMENTOS,m2,0e65256e183bdad3e7ea6aba1b012ee7a2fe0e7f2ba74ea2b30f0c568c99fd0c,b07a6f7cd81d76e43925b8f994875b35e8468c5a37790367db80f72665fc0b2b,TABELA REFERENCIAL OBRAS - DER-ES - 2026-04 - ABR/XLS/tab_DER-EDIFICAÇÕES_2026_04_servicos.xlsx!A424,2026-04,2026-05,m2,PISOS INTERNOS E EXTERNOS / ACABAMENTOS,True,False,139.69,139.69,139.69,142.59,,,False,False,9d7efd575c10dc676bc49f5acb5630fa9b3cd2b98449be07612e1891e8d213f6,teste,False,False
der_es,sem_desoneracao,130234,"Porcelanato natural retificado, acabamento acetinado, dim. 60x60cm, ref. PLATINA NA Eliane/equiv, utilizando dupla colagem de argamassa colante para porcelanato tipo ACIII e rejunte e rejunte 3mm para porcelanato",PISOS INTERNOS E EXTERNOS / ACABAMENTOS,m2,ac6ba01e3058e7d0fb18fcdb5797a48ab393083eddb55304932a3c94f26d3621,2dd7e7c15552e8663b500f12008e09dc39c3816602e826e994d7dc8922d7ac8f,TABELA REFERENCIAL OBRAS - DER-ES - 2025-03 - MAR/XLS/tab_DER-EDIFICAÇσES_2025_03_servicos.xlsx!A425,2025-03,2025-04,m2,PISOS INTERNOS E EXTERNOS / ACABAMENTOS,True,False,221.82,221.82,208.35,221.82,,,False,False,d2087ecf8affe6feb21bd38f6045155bdc7d4b18356273e8e54c68d96e73dbd4,treino,False,False
der_es,sem_desoneracao,130234,"Porcelanato natural retificado, acabamento acetinado, dim. 60x60cm, ref. PLATINA NA Eliane/equiv, utilizando dupla colagem de argamassa colante para porcelanato tipo ACIII e rejunte e rejunte 3mm para porcelanato",PISOS INTERNOS E EXTERNOS / ACABAMENTOS,m2,ac6ba01e3058e7d0fb18fcdb5797a48ab393083eddb55304932a3c94f26d3621,d2087ecf8affe6feb21bd38f6045155bdc7d4b18356273e8e54c68d96e73dbd4,TABELA REFERENCIAL OBRAS - DER-ES - 2025-04 - ABR/XLS/tab_DER-EDIFICAÇσES_2025_04_servicos.xlsx!A426,2025-04,2025-05,m2,PISOS INTERNOS E EXTERNOS / ACABAMENTOS,True,False,221.82,221.82,221.82,225.17,,,False,False,2bf6c2c7e6a976b4518fe548f59e259ac8091a61f440b44f17701ff9a0f00926,treino,False,False
der_es,sem_desoneracao,130234,"Porcelanato natural retificado, acabamento acetinado, dim. 60x60cm, ref. PLATINA NA Eliane/equiv, utilizando dupla colagem de argamassa colante para porcelanato tipo ACIII e rejunte e rejunte 3mm para porcelanato",PISOS INTERNOS E EXTERNOS / ACABAMENTOS,m2,ac6ba01e3058e7d0fb18fcdb5797a48ab393083eddb55304932a3c94f26d3621,2bf6c2c7e6a976b4518fe548f59e259ac8091a61f440b44f17701ff9a0f00926,TABELA REFERENCIAL OBRAS - DER-ES - 2025-05 - MAI/XLS/tab_DER-EDIFICAÇσES_2025_05_servicos.xlsx!A427,2025-05,2025-06,m2,PISOS INTERNOS E EXTERNOS / ACABAMENTOS,True,False,225.17,221.82,221.82,220.71,,,False,False,22734abdbfefadc850a2608b6f454b5f7c18b5e3c19f87c396d85d1e76c75234,treino,False,False
der_es,sem_desoneracao,130234,"Porcelanato natural retificado, acabamento acetinado, dim. 60x60cm, ref. PLATINA NA Eliane/equiv, utilizando dupla colagem de argamassa colante para porcelanato tipo ACIII e rejunte e rejunte 3mm para porcelanato",PISOS INTERNOS E EXTERNOS / ACABAMENTOS,m2,ac6ba01e3058e7d0fb18fcdb5797a48ab393083eddb55304932a3c94f26d3621,22734abdbfefadc850a2608b6f454b5f7c18b5e3c19f87c396d85d1e76c75234,TABELA REFERENCIAL OBRAS - DER-ES - 2025-06 - JUN/XLS/tab_DER-EDIFICAÇÕES_2025_06_servicos.xlsx!A425,2025-06,2025-07,m2,PISOS INTERNOS E EXTERNOS / ACABAMENTOS,True,False,220.71,225.17,221.82,220.71,,,False,False,9f2d3bc52e35d3a9c0317f2bbd34359ce4b9eb726cfdad03719dc91ab8a6eb52,treino,False,False
der_es,sem_desoneracao,130234,"Porcelanato natural retificado, acabamento acetinado, dim. 60x60cm, ref. PLATINA NA Eliane/equiv, utilizando dupla colagem de argamassa colante para porcelanato tipo ACIII e rejunte e rejunte 3mm para porcelanato",PISOS INTERNOS E EXTERNOS / ACABAMENTOS,m2,ac6ba01e3058e7d0fb18fcdb5797a48ab393083eddb55304932a3c94f26d3621,9f2d3bc52e35d3a9c0317f2bbd34359ce4b9eb726cfdad03719dc91ab8a6eb52,TABELA REFERENCIAL OBRAS - DER-ES - 2025-07 - JUL/TABELA REFERENCIAL OBRAS - DER-ES - 2025-07 - JUL/XLS/tab_DER-EDIFICAÇÕES_2025_07_servicos.xlsx!A425,2025-07,2025-08,m2,PISOS INTERNOS E EXTERNOS / ACABAMENTOS,True,False,220.71,220.71,225.17,220.71,,,False,False,f4e1c72d0bc82c19d0327a48458bea46cf1a06c556062fe2206e7955be9a14b1,treino,False,False
der_es,sem_desoneracao,130234,"Porcelanato natural retificado, acabamento acetinado, dim. 60x60cm, ref. PLATINA NA Eliane/equiv, utilizando dupla colagem de argamassa colante para porcelanato tipo ACIII e rejunte e rejunte 3mm para porcelanato",PISOS INTERNOS E EXTERNOS / ACABAMENTOS,m2,ac6ba01e3058e7d0fb18fcdb5797a48ab393083eddb55304932a3c94f26d3621,f4e1c72d0bc82c19d0327a48458bea46cf1a06c556062fe2206e7955be9a14b1,TABELA REFERENCIAL OBRAS - DER-ES - 2025-08 - AGO/XLS/tab_DER-EDIFICAÇÕES_2025_08_servicos.xlsx!A425,2025-08,2025-09,m2,PISOS INTERNOS E EXTERNOS / ACABAMENTOS,True,False,220.71,220.71,220.71,220.71,,,False,False,7b1be34ee7d5dd82bcaeb75a32037ae0f2eea1e439205f05e57077b8a3567875,treino,False,False
der_es,sem_desoneracao,130234,"Porcelanato natural retificado, acabamento acetinado, dim. 60x60cm, ref. PLATINA NA Eliane/equiv, utilizando dupla colagem de argamassa colante para porcelanato tipo ACIII e rejunte e rejunte 3mm para porcelanato",PISOS INTERNOS E EXTERNOS / ACABAMENTOS,m2,ac6ba01e3058e7d0fb18fcdb5797a48ab393083eddb55304932a3c94f26d3621,7b1be34ee7d5dd82bcaeb75a32037ae0f2eea1e439205f05e57077b8a3567875,TABELA REFERENCIAL OBRAS - DER-ES - 2025-09 - SET/XLS/tab_DER-EDIFICAÇÕES_2025_09_servicos.xlsx!A425,2025-09,2025-10,m2,PISOS INTERNOS E EXTERNOS / ACABAMENTOS,True,False,220.71,220.71,220.71,206.69,,,False,False,25f27b5ef0ad1c6c63d22be1ab543e5a65d73aa17c4d0463109a84f7209c8fa3,treino,False,False
der_es,sem_desoneracao,130234,"Porcelanato natural retificado, acabamento acetinado, dim. 60x60cm, ref. PLATINA NA Eliane/equiv, utilizando dupla colagem de argamassa colante para porcelanato tipo ACIII e rejunte e rejunte 3mm para porcelanato",PISOS INTERNOS E EXTERNOS / ACABAMENTOS,m2,ac6ba01e3058e7d0fb18fcdb5797a48ab393083eddb55304932a3c94f26d3621,25f27b5ef0ad1c6c63d22be1ab543e5a65d73aa17c4d0463109a84f7209c8fa3,TABELA REFERENCIAL OBRAS - DER-ES - 2025-10 - OUT/XLS/tab_DER-EDIFICAÇÕES_2025_10_servicos.xlsx!A425,2025-10,2025-11,m2,PISOS INTERNOS E EXTERNOS / ACABAMENTOS,True,False,206.69,220.71,220.71,206.69,,,False,False,d856141d8d195b8bf3114dd64686b80db08318d557f9eb5f279d84fffec1a86e,treino,False,False
der_es,sem_desoneracao,130234,"Porcelanato natural retificado, acabamento acetinado, dim. 60x60cm, ref. PLATINA NA Eliane/equiv, utilizando dupla colagem de argamassa colante para porcelanato tipo ACIII e rejunte e rejunte 3mm para porcelanato",PISOS INTERNOS E EXTERNOS / ACABAMENTOS,m2,ac6ba01e3058e7d0fb18fcdb5797a48ab393083eddb55304932a3c94f26d3621,d856141d8d195b8bf3114dd64686b80db08318d557f9eb5f279d84fffec1a86e,TABELA REFERENCIAL OBRAS - DER-ES - 2025-11 - NOV/XLS/tab_DER-EDIFICAÇÕES_2025_11_servicos.xlsx!A425,2025-11,2025-12,m2,PISOS INTERNOS E EXTERNOS / ACABAMENTOS,True,False,206.69,206.69,220.71,206.69,,,False,False,cf2ae6d6af6081526a2c2c6a6446342c23099ac3a9c81f310e3a5da2680fb053,treino,False,False
der_es,sem_desoneracao,130234,"Porcelanato natural retificado, acabamento acetinado, dim. 60x60cm, ref. PLATINA NA Eliane/equiv, utilizando dupla colagem de argamassa colante para porcelanato tipo ACIII e rejunte e rejunte 3mm para porcelanato",PISOS INTERNOS E EXTERNOS / ACABAMENTOS,m2,ac6ba01e3058e7d0fb18fcdb5797a48ab393083eddb55304932a3c94f26d3621,cf2ae6d6af6081526a2c2c6a6446342c23099ac3a9c81f310e3a5da2680fb053,TABELA REFERENCIAL OBRAS - DER-ES - 2025-12 - DEZ/XLS/tab_DER-EDIFICAÇÕES_2025_12_servicos.xlsx!A425,2025-12,2026-01,m2,PISOS INTERNOS E EXTERNOS / ACABAMENTOS,True,False,206.69,206.69,206.69,206.69,,,False,False,4feebcbe8c47058cf57314347405d833cdfb5d2340951f005ab53d27ae84fd84,validacao,False,False
der_es,sem_desoneracao,130234,"Porcelanato natural retificado, acabamento acetinado, dim. 60x60cm, ref. PLATINA NA Eliane/equiv, utilizando dupla colagem de argamassa colante para porcelanato tipo ACIII e rejunte e rejunte 3mm para porcelanato",PISOS INTERNOS E EXTERNOS / ACABAMENTOS,m2,ac6ba01e3058e7d0fb18fcdb5797a48ab393083eddb55304932a3c94f26d3621,4feebcbe8c47058cf57314347405d833cdfb5d2340951f005ab53d27ae84fd84,TABELA REFERENCIAL OBRAS - DER-ES - 2026-01 - JAN/XLS/tab_DER-EDIFICAÇÕES_2026_01_servicos.xlsx!A425,2026-01,2026-02,m2,PISOS INTERNOS E EXTERNOS / ACABAMENTOS,True,False,206.69,206.69,206.69,218.55,,,False,False,1a7537f06fa9b2a1aff5982ae95ae6bf2ec16498e28430445e55584fbcce9a3c,validacao,False,False
der_es,sem_desoneracao,130234,"Porcelanato natural retificado, acabamento acetinado, dim. 60x60cm, ref. PLATINA NA Eliane/equiv, utilizando dupla colagem de argamassa colante para porcelanato tipo ACIII e rejunte e rejunte 3mm para porcelanato",PISOS INTERNOS E EXTERNOS / ACABAMENTOS,m2,ac6ba01e3058e7d0fb18fcdb5797a48ab393083eddb55304932a3c94f26d3621,1a7537f06fa9b2a1aff5982ae95ae6bf2ec16498e28430445e55584fbcce9a3c,TABELA REFERENCIAL OBRAS - DER-ES - 2026-02 - FEV/XLS/tab_DER-EDIFICAÇÕES_2026_02_servicos.xlsx!A425,2026-02,2026-03,m2,PISOS INTERNOS E EXTERNOS / ACABAMENTOS,True,False,218.55,206.69,206.69,218.55,,,False,False,c9a408180051aaa4e38fe277afd37500d913d617b22cb55cd61158248094d761,teste,False,False
der_es,sem_desoneracao,130234,"Porcelanato natural retificado, acabamento acetinado, dim. 60x60cm, ref. PLATINA NA Eliane/equiv, utilizando dupla colagem de argamassa colante para porcelanato tipo ACIII e rejunte e rejunte 3mm para porcelanato",PISOS INTERNOS E EXTERNOS / ACABAMENTOS,m2,ac6ba01e3058e7d0fb18fcdb5797a48ab393083eddb55304932a3c94f26d3621,c9a408180051aaa4e38fe277afd37500d913d617b22cb55cd61158248094d761,TABELA REFERENCIAL OBRAS - DER-ES - 2026-03 - MAR/XLS/tab_DER-EDIFICAÇÕES_2026_03_servicos.xlsx!A425,2026-03,2026-04,m2,PISOS INTERNOS E EXTERNOS / ACABAMENTOS,True,False,218.55,218.55,206.69,218.55,,,False,False,b07a6f7cd81d76e43925b8f994875b35e8468c5a37790367db80f72665fc0b2b,teste,False,False
der_es,sem_desoneracao,130234,"Porcelanato natural retificado, acabamento acetinado, dim. 60x60cm, ref. PLATINA NA Eliane/equiv, utilizando dupla colagem de argamassa colante para porcelanato tipo ACIII e rejunte e rejunte 3mm para porcelanato",PISOS INTERNOS E EXTERNOS / ACABAMENTOS,m2,ac6ba01e3058e7d0fb18fcdb5797a48ab393083eddb55304932a3c94f26d3621,b07a6f7cd81d76e43925b8f994875b35e8468c5a37790367db80f72665fc0b2b,TABELA REFERENCIAL OBRAS - DER-ES - 2026-04 - ABR/XLS/tab_DER-EDIFICAÇÕES_2026_04_servicos.xlsx!A425,2026-04,2026-05,m2,PISOS INTERNOS E EXTERNOS / ACABAMENTOS,True,False,218.55,218.55,218.55,221.45,,,False,False,9d7efd575c10dc676bc49f5acb5630fa9b3cd2b98449be07612e1891e8d213f6,teste,False,False
der_es,sem_desoneracao,130236,"Piso cerâmico esmaltado, PEI 5, acabamento semibrilho, dim. 45x45cm, ref. de cor CARGO PLUS WHITE Eliane/equiv. assentado com argamassa de cimento colante, inclusive rejuntamento",PISOS INTERNOS E EXTERNOS / ACABAMENTOS,m2,2bf825decb658a7cec73f841c7e43304c2eae3d8a227a97fbb078dd518a93954,2dd7e7c15552e8663b500f12008e09dc39c3816602e826e994d7dc8922d7ac8f,TABELA REFERENCIAL OBRAS - DER-ES - 2025-03 - MAR/XLS/tab_DER-EDIFICAÇσES_2025_03_servicos.xlsx!A426,2025-03,2025-04,m2,PISOS INTERNOS E EXTERNOS / ACABAMENTOS,True,False,90.75,90.75,87.43,90.33,,,False,False,d2087ecf8affe6feb21bd38f6045155bdc7d4b18356273e8e54c68d96e73dbd4,treino,False,False
der_es,sem_desoneracao,130236,"Piso cerâmico esmaltado, PEI 5, acabamento semibrilho, dim. 45x45cm, ref. de cor CARGO PLUS WHITE Eliane/equiv. assentado com argamassa de cimento colante, inclusive rejuntamento",PISOS INTERNOS E EXTERNOS / ACABAMENTOS,m2,2bf825decb658a7cec73f841c7e43304c2eae3d8a227a97fbb078dd518a93954,d2087ecf8affe6feb21bd38f6045155bdc7d4b18356273e8e54c68d96e73dbd4,TABELA REFERENCIAL OBRAS - DER-ES - 2025-04 - ABR/XLS/tab_DER-EDIFICAÇσES_2025_04_servicos.xlsx!A427,2025-04,2025-05,m2,PISOS INTERNOS E EXTERNOS / ACABAMENTOS,True,False,90.33,90.75,90.75,92.15,,,False,False,2bf6c2c7e6a976b4518fe548f59e259ac8091a61f440b44f17701ff9a0f00926,treino,False,False
der_es,sem_desoneracao,130236,"Piso cerâmico esmaltado, PEI 5, acabamento semibrilho, dim. 45x45cm, ref. de cor CARGO PLUS WHITE Eliane/equiv. assentado com argamassa de cimento colante, inclusive rejuntamento",PISOS INTERNOS E EXTERNOS / ACABAMENTOS,m2,2bf825decb658a7cec73f841c7e43304c2eae3d8a227a97fbb078dd518a93954,2bf6c2c7e6a976b4518fe548f59e259ac8091a61f440b44f17701ff9a0f00926,TABELA REFERENCIAL OBRAS - DER-ES - 2025-05 - MAI/XLS/tab_DER-EDIFICAÇσES_2025_05_servicos.xlsx!A428,2025-05,2025-06,m2,PISOS INTERNOS E EXTERNOS / ACABAMENTOS,True,False,92.15,90.33,90.75,93.46,,,False,False,22734abdbfefadc850a2608b6f454b5f7c18b5e3c19f87c396d85d1e76c75234,treino,False,False
der_es,sem_desoneracao,130236,"Piso cerâmico esmaltado, PEI 5, acabamento semibrilho, dim. 45x45cm, ref. de cor CARGO PLUS WHITE Eliane/equiv. assentado com argamassa de cimento colante, inclusive rejuntamento",PISOS INTERNOS E EXTERNOS / ACABAMENTOS,m2,2bf825decb658a7cec73f841c7e43304c2eae3d8a227a97fbb078dd518a93954,22734abdbfefadc850a2608b6f454b5f7c18b5e3c19f87c396d85d1e76c75234,TABELA REFERENCIAL OBRAS - DER-ES - 2025-06 - JUN/XLS/tab_DER-EDIFICAÇÕES_2025_06_servicos.xlsx!A426,2025-06,2025-07,m2,PISOS INTERNOS E EXTERNOS / ACABAMENTOS,True,False,93.46,92.15,90.33,93.46,,,False,False,9f2d3bc52e35d3a9c0317f2bbd34359ce4b9eb726cfdad03719dc91ab8a6eb52,treino,False,False
der_es,sem_desoneracao,130236,"Piso cerâmico esmaltado, PEI 5, acabamento semibrilho, dim. 45x45cm, ref. de cor CARGO PLUS WHITE Eliane/equiv. assentado com argamassa de cimento colante, inclusive rejuntamento",PISOS INTERNOS E EXTERNOS / ACABAMENTOS,m2,2bf825decb658a7cec73f841c7e43304c2eae3d8a227a97fbb078dd518a93954,9f2d3bc52e35d3a9c0317f2bbd34359ce4b9eb726cfdad03719dc91ab8a6eb52,TABELA REFERENCIAL OBRAS - DER-ES - 2025-07 - JUL/TABELA REFERENCIAL OBRAS - DER-ES - 2025-07 - JUL/XLS/tab_DER-EDIFICAÇÕES_2025_07_servicos.xlsx!A426,2025-07,2025-08,m2,PISOS INTERNOS E EXTERNOS / ACABAMENTOS,True,False,93.46,93.46,92.15,93.46,,,False,False,f4e1c72d0bc82c19d0327a48458bea46cf1a06c556062fe2206e7955be9a14b1,treino,False,False
der_es,sem_desoneracao,130236,"Piso cerâmico esmaltado, PEI 5, acabamento semibrilho, dim. 45x45cm, ref. de cor CARGO PLUS WHITE Eliane/equiv. assentado com argamassa de cimento colante, inclusive rejuntamento",PISOS INTERNOS E EXTERNOS / ACABAMENTOS,m2,2bf825decb658a7cec73f841c7e43304c2eae3d8a227a97fbb078dd518a93954,f4e1c72d0bc82c19d0327a48458bea46cf1a06c556062fe2206e7955be9a14b1,TABELA REFERENCIAL OBRAS - DER-ES - 2025-08 - AGO/XLS/tab_DER-EDIFICAÇÕES_2025_08_servicos.xlsx!A426,2025-08,2025-09,m2,PISOS INTERNOS E EXTERNOS / ACABAMENTOS,True,False,93.46,93.46,93.46,93.46,,,False,False,7b1be34ee7d5dd82bcaeb75a32037ae0f2eea1e439205f05e57077b8a3567875,treino,False,False
der_es,sem_desoneracao,130236,"Piso cerâmico esmaltado, PEI 5, acabamento semibrilho, dim. 45x45cm, ref. de cor CARGO PLUS WHITE Eliane/equiv. assentado com argamassa de cimento colante, inclusive rejuntamento",PISOS INTERNOS E EXTERNOS / ACABAMENTOS,m2,2bf825decb658a7cec73f841c7e43304c2eae3d8a227a97fbb078dd518a93954,7b1be34ee7d5dd82bcaeb75a32037ae0f2eea1e439205f05e57077b8a3567875,TABELA REFERENCIAL OBRAS - DER-ES - 2025-09 - SET/XLS/tab_DER-EDIFICAÇÕES_2025_09_servicos.xlsx!A426,2025-09,2025-10,m2,PISOS INTERNOS E EXTERNOS / ACABAMENTOS,True,False,93.46,93.46,93.46,92.98,,,False,False,25f27b5ef0ad1c6c63d22be1ab543e5a65d73aa17c4d0463109a84f7209c8fa3,treino,False,False
der_es,sem_desoneracao,130236,"Piso cerâmico esmaltado, PEI 5, acabamento semibrilho, dim. 45x45cm, ref. de cor CARGO PLUS WHITE Eliane/equiv. assentado com argamassa de cimento colante, inclusive rejuntamento",PISOS INTERNOS E EXTERNOS / ACABAMENTOS,m2,2bf825decb658a7cec73f841c7e43304c2eae3d8a227a97fbb078dd518a93954,25f27b5ef0ad1c6c63d22be1ab543e5a65d73aa17c4d0463109a84f7209c8fa3,TABELA REFERENCIAL OBRAS - DER-ES - 2025-10 - OUT/XLS/tab_DER-EDIFICAÇÕES_2025_10_servicos.xlsx!A426,2025-10,2025-11,m2,PISOS INTERNOS E EXTERNOS / ACABAMENTOS,True,False,92.98,93.46,93.46,92.98,,,False,False,d856141d8d195b8bf3114dd64686b80db08318d557f9eb5f279d84fffec1a86e,treino,False,False
der_es,sem_desoneracao,130236,"Piso cerâmico esmaltado, PEI 5, acabamento semibrilho, dim. 45x45cm, ref. de cor CARGO PLUS WHITE Eliane/equiv. assentado com argamassa de cimento colante, inclusive rejuntamento",PISOS INTERNOS E EXTERNOS / ACABAMENTOS,m2,2bf825decb658a7cec73f841c7e43304c2eae3d8a227a97fbb078dd518a93954,d856141d8d195b8bf3114dd64686b80db08318d557f9eb5f279d84fffec1a86e,TABELA REFERENCIAL OBRAS - DER-ES - 2025-11 - NOV/XLS/tab_DER-EDIFICAÇÕES_2025_11_servicos.xlsx!A426,2025-11,2025-12,m2,PISOS INTERNOS E EXTERNOS / ACABAMENTOS,True,False,92.98,92.98,93.46,92.98,,,False,False,cf2ae6d6af6081526a2c2c6a6446342c23099ac3a9c81f310e3a5da2680fb053,treino,False,False
der_es,sem_desoneracao,130236,"Piso cerâmico esmaltado, PEI 5, acabamento semibrilho, dim. 45x45cm, ref. de cor CARGO PLUS WHITE Eliane/equiv. assentado com argamassa de cimento colante, inclusive rejuntamento",PISOS INTERNOS E EXTERNOS / ACABAMENTOS,m2,2bf825decb658a7cec73f841c7e43304c2eae3d8a227a97fbb078dd518a93954,cf2ae6d6af6081526a2c2c6a6446342c23099ac3a9c81f310e3a5da2680fb053,TABELA REFERENCIAL OBRAS - DER-ES - 2025-12 - DEZ/XLS/tab_DER-EDIFICAÇÕES_2025_12_servicos.xlsx!A426,2025-12,2026-01,m2,PISOS INTERNOS E EXTERNOS / ACABAMENTOS,True,False,92.98,92.98,92.98,92.98,,,False,False,4feebcbe8c47058cf57314347405d833cdfb5d2340951f005ab53d27ae84fd84,validacao,False,False
der_es,sem_desoneracao,130236,"Piso cerâmico esmaltado, PEI 5, acabamento semibrilho, dim. 45x45cm, ref. de cor CARGO PLUS WHITE Eliane/equiv. assentado com argamassa de cimento colante, inclusive rejuntamento",PISOS INTERNOS E EXTERNOS / ACABAMENTOS,m2,2bf825decb658a7cec73f841c7e43304c2eae3d8a227a97fbb078dd518a93954,4feebcbe8c47058cf57314347405d833cdfb5d2340951f005ab53d27ae84fd84,TABELA REFERENCIAL OBRAS - DER-ES - 2026-01 - JAN/XLS/tab_DER-EDIFICAÇÕES_2026_01_servicos.xlsx!A426,2026-01,2026-02,m2,PISOS INTERNOS E EXTERNOS / ACABAMENTOS,True,False,92.98,92.98,92.98,89.98,,,False,False,1a7537f06fa9b2a1aff5982ae95ae6bf2ec16498e28430445e55584fbcce9a3c,validacao,False,False
der_es,sem_desoneracao,130236,"Piso cerâmico esmaltado, PEI 5, acabamento semibrilho, dim. 45x45cm, ref. de cor CARGO PLUS WHITE Eliane/equiv. assentado com argamassa de cimento colante, inclusive rejuntamento",PISOS INTERNOS E EXTERNOS / ACABAMENTOS,m2,2bf825decb658a7cec73f841c7e43304c2eae3d8a227a97fbb078dd518a93954,1a7537f06fa9b2a1aff5982ae95ae6bf2ec16498e28430445e55584fbcce9a3c,TABELA REFERENCIAL OBRAS - DER-ES - 2026-02 - FEV/XLS/tab_DER-EDIFICAÇÕES_2026_02_servicos.xlsx!A426,2026-02,2026-03,m2,PISOS INTERNOS E EXTERNOS / ACABAMENTOS,True,False,89.98,92.98,92.98,89.98,,,False,False,c9a408180051aaa4e38fe277afd37500d913d617b22cb55cd61158248094d761,teste,False,False
der_es,sem_desoneracao,130236,"Piso cerâmico esmaltado, PEI 5, acabamento semibrilho, dim. 45x45cm, ref. de cor CARGO PLUS WHITE Eliane/equiv. assentado com argamassa de cimento colante, inclusive rejuntamento",PISOS INTERNOS E EXTERNOS / ACABAMENTOS,m2,2bf825decb658a7cec73f841c7e43304c2eae3d8a227a97fbb078dd518a93954,c9a408180051aaa4e38fe277afd37500d913d617b22cb55cd61158248094d761,TABELA REFERENCIAL OBRAS - DER-ES - 2026-03 - MAR/XLS/tab_DER-EDIFICAÇÕES_2026_03_servicos.xlsx!A426,2026-03,2026-04,m2,PISOS INTERNOS E EXTERNOS / ACABAMENTOS,True,False,89.98,89.98,92.98,90.84,,,False,False,b07a6f7cd81d76e43925b8f994875b35e8468c5a37790367db80f72665fc0b2b,teste,False,False
der_es,sem_desoneracao,130236,"Piso cerâmico esmaltado, PEI 5, acabamento semibrilho, dim. 45x45cm, ref. de cor CARGO PLUS WHITE Eliane/equiv. assentado com argamassa de cimento colante, inclusive rejuntamento",PISOS INTERNOS E EXTERNOS / ACABAMENTOS,m2,2bf825decb658a7cec73f841c7e43304c2eae3d8a227a97fbb078dd518a93954,b07a6f7cd81d76e43925b8f994875b35e8468c5a37790367db80f72665fc0b2b,TABELA REFERENCIAL OBRAS - DER-ES - 2026-04 - ABR/XLS/tab_DER-EDIFICAÇÕES_2026_04_servicos.xlsx!A426,2026-04,2026-05,m2,PISOS INTERNOS E EXTERNOS / ACABAMENTOS,True,False,90.84,89.98,89.98,92.43,,,False,False,9d7efd575c10dc676bc49f5acb5630fa9b3cd2b98449be07612e1891e8d213f6,teste,False,False
der_es,sem_desoneracao,130237,"Assentamento e rejuntamento de piso em porcelanato (dimensões superiores a 30x30cm) utilizando dupla colagem de argamassa colante para porcelanato tipo ACII/ACIII, exclusive fornecimento do porcelanato e do rejunte",PISOS INTERNOS E EXTERNOS / ACABAMENTOS,m2,507a1c1ddb28bfefb5bc7cc3a289186288d2bb73839fc8e2e8b91ad28356af94,2dd7e7c15552e8663b500f12008e09dc39c3816602e826e994d7dc8922d7ac8f,TABELA REFERENCIAL OBRAS - DER-ES - 2025-03 - MAR/XLS/tab_DER-EDIFICAÇσES_2025_03_servicos.xlsx!A427,2025-03,2025-04,m2,PISOS INTERNOS E EXTERNOS / ACABAMENTOS,True,False,55.94,55.94,56.82,55.94,,,False,False,d2087ecf8affe6feb21bd38f6045155bdc7d4b18356273e8e54c68d96e73dbd4,treino,False,False
der_es,sem_desoneracao,130237,"Assentamento e rejuntamento de piso em porcelanato (dimensões superiores a 30x30cm) utilizando dupla colagem de argamassa colante para porcelanato tipo ACII/ACIII, exclusive fornecimento do porcelanato e do rejunte",PISOS INTERNOS E EXTERNOS / ACABAMENTOS,m2,507a1c1ddb28bfefb5bc7cc3a289186288d2bb73839fc8e2e8b91ad28356af94,d2087ecf8affe6feb21bd38f6045155bdc7d4b18356273e8e54c68d96e73dbd4,TABELA REFERENCIAL OBRAS - DER-ES - 2025-04 - ABR/XLS/tab_DER-EDIFICAÇσES_2025_04_servicos.xlsx!A428,2025-04,2025-05,m2,PISOS INTERNOS E EXTERNOS / ACABAMENTOS,True,False,55.94,55.94,55.94,59.29,,,False,False,2bf6c2c7e6a976b4518fe548f59e259ac8091a61f440b44f17701ff9a0f00926,treino,False,False
der_es,sem_desoneracao,130237,"Assentamento e rejuntamento de piso em porcelanato (dimensões superiores a 30x30cm) utilizando dupla colagem de argamassa colante para porcelanato tipo ACII/ACIII, exclusive fornecimento do porcelanato e do rejunte",PISOS INTERNOS E EXTERNOS / ACABAMENTOS,m2,507a1c1ddb28bfefb5bc7cc3a289186288d2bb73839fc8e2e8b91ad28356af94,2bf6c2c7e6a976b4518fe548f59e259ac8091a61f440b44f17701ff9a0f00926,TABELA REFERENCIAL OBRAS - DER-ES - 2025-05 - MAI/XLS/tab_DER-EDIFICAÇσES_2025_05_servicos.xlsx!A429,2025-05,2025-06,m2,PISOS INTERNOS E EXTERNOS / ACABAMENTOS,True,False,59.29,55.94,55.94,56.33,,,False,False,22734abdbfefadc850a2608b6f454b5f7c18b5e3c19f87c396d85d1e76c75234,treino,False,False
der_es,sem_desoneracao,130237,"Assentamento e rejuntamento de piso em porcelanato (dimensões superiores a 30x30cm) utilizando dupla colagem de argamassa colante para porcelanato tipo ACII/ACIII, exclusive fornecimento do porcelanato e do rejunte",PISOS INTERNOS E EXTERNOS / ACABAMENTOS,m2,507a1c1ddb28bfefb5bc7cc3a289186288d2bb73839fc8e2e8b91ad28356af94,22734abdbfefadc850a2608b6f454b5f7c18b5e3c19f87c396d85d1e76c75234,TABELA REFERENCIAL OBRAS - DER-ES - 2025-06 - JUN/XLS/tab_DER-EDIFICAÇÕES_2025_06_servicos.xlsx!A427,2025-06,2025-07,m2,PISOS INTERNOS E EXTERNOS / ACABAMENTOS,True,False,56.33,59.29,55.94,56.33,,,False,False,9f2d3bc52e35d3a9c0317f2bbd34359ce4b9eb726cfdad03719dc91ab8a6eb52,treino,False,False
der_es,sem_desoneracao,130237,"Assentamento e rejuntamento de piso em porcelanato (dimensões superiores a 30x30cm) utilizando dupla colagem de argamassa colante para porcelanato tipo ACII/ACIII, exclusive fornecimento do porcelanato e do rejunte",PISOS INTERNOS E EXTERNOS / ACABAMENTOS,m2,507a1c1ddb28bfefb5bc7cc3a289186288d2bb73839fc8e2e8b91ad28356af94,9f2d3bc52e35d3a9c0317f2bbd34359ce4b9eb726cfdad03719dc91ab8a6eb52,TABELA REFERENCIAL OBRAS - DER-ES - 2025-07 - JUL/TABELA REFERENCIAL OBRAS - DER-ES - 2025-07 - JUL/XLS/tab_DER-EDIFICAÇÕES_2025_07_servicos.xlsx!A427,2025-07,2025-08,m2,PISOS INTERNOS E EXTERNOS / ACABAMENTOS,True,False,56.33,56.33,59.29,56.33,,,False,False,f4e1c72d0bc82c19d0327a48458bea46cf1a06c556062fe2206e7955be9a14b1,treino,False,False
der_es,sem_desoneracao,130237,"Assentamento e rejuntamento de piso em porcelanato (dimensões superiores a 30x30cm) utilizando dupla colagem de argamassa colante para porcelanato tipo ACII/ACIII, exclusive fornecimento do porcelanato e do rejunte",PISOS INTERNOS E EXTERNOS / ACABAMENTOS,m2,507a1c1ddb28bfefb5bc7cc3a289186288d2bb73839fc8e2e8b91ad28356af94,f4e1c72d0bc82c19d0327a48458bea46cf1a06c556062fe2206e7955be9a14b1,TABELA REFERENCIAL OBRAS - DER-ES - 2025-08 - AGO/XLS/tab_DER-EDIFICAÇÕES_2025_08_servicos.xlsx!A427,2025-08,2025-09,m2,PISOS INTERNOS E EXTERNOS / ACABAMENTOS,True,False,56.33,56.33,56.33,56.33,,,False,False,7b1be34ee7d5dd82bcaeb75a32037ae0f2eea1e439205f05e57077b8a3567875,treino,False,False
der_es,sem_desoneracao,130237,"Assentamento e rejuntamento de piso em porcelanato (dimensões superiores a 30x30cm) utilizando dupla colagem de argamassa colante para porcelanato tipo ACII/ACIII, exclusive fornecimento do porcelanato e do rejunte",PISOS INTERNOS E EXTERNOS / ACABAMENTOS,m2,507a1c1ddb28bfefb5bc7cc3a289186288d2bb73839fc8e2e8b91ad28356af94,7b1be34ee7d5dd82bcaeb75a32037ae0f2eea1e439205f05e57077b8a3567875,TABELA REFERENCIAL OBRAS - DER-ES - 2025-09 - SET/XLS/tab_DER-EDIFICAÇÕES_2025_09_servicos.xlsx!A427,2025-09,2025-10,m2,PISOS INTERNOS E EXTERNOS / ACABAMENTOS,True,False,56.33,56.33,56.33,56.89,,,False,False,25f27b5ef0ad1c6c63d22be1ab543e5a65d73aa17c4d0463109a84f7209c8fa3,treino,False,False
der_es,sem_desoneracao,130237,"Assentamento e rejuntamento de piso em porcelanato (dimensões superiores a 30x30cm) utilizando dupla colagem de argamassa colante para porcelanato tipo ACII/ACIII, exclusive fornecimento do porcelanato e do rejunte",PISOS INTERNOS E EXTERNOS / ACABAMENTOS,m2,507a1c1ddb28bfefb5bc7cc3a289186288d2bb73839fc8e2e8b91ad28356af94,25f27b5ef0ad1c6c63d22be1ab543e5a65d73aa17c4d0463109a84f7209c8fa3,TABELA REFERENCIAL OBRAS - DER-ES - 2025-10 - OUT/XLS/tab_DER-EDIFICAÇÕES_2025_10_servicos.xlsx!A427,2025-10,2025-11,m2,PISOS INTERNOS E EXTERNOS / ACABAMENTOS,True,False,56.89,56.33,56.33,56.89,,,False,False,d856141d8d195b8bf3114dd64686b80db08318d557f9eb5f279d84fffec1a86e,treino,False,False
der_es,sem_desoneracao,130237,"Assentamento e rejuntamento de piso em porcelanato (dimensões superiores a 30x30cm) utilizando dupla colagem de argamassa colante para porcelanato tipo ACII/ACIII, exclusive fornecimento do porcelanato e do rejunte",PISOS INTERNOS E EXTERNOS / ACABAMENTOS,m2,507a1c1ddb28bfefb5bc7cc3a289186288d2bb73839fc8e2e8b91ad28356af94,d856141d8d195b8bf3114dd64686b80db08318d557f9eb5f279d84fffec1a86e,TABELA REFERENCIAL OBRAS - DER-ES - 2025-11 - NOV/XLS/tab_DER-EDIFICAÇÕES_2025_11_servicos.xlsx!A427,2025-11,2025-12,m2,PISOS INTERNOS E EXTERNOS / ACABAMENTOS,True,False,56.89,56.89,56.33,56.89,,,False,False,cf2ae6d6af6081526a2c2c6a6446342c23099ac3a9c81f310e3a5da2680fb053,treino,False,False
der_es,sem_desoneracao,130237,"Assentamento e rejuntamento de piso em porcelanato (dimensões superiores a 30x30cm) utilizando dupla colagem de argamassa colante para porcelanato tipo ACII/ACIII, exclusive fornecimento do porcelanato e do rejunte",PISOS INTERNOS E EXTERNOS / ACABAMENTOS,m2,507a1c1ddb28bfefb5bc7cc3a289186288d2bb73839fc8e2e8b91ad28356af94,cf2ae6d6af6081526a2c2c6a6446342c23099ac3a9c81f310e3a5da2680fb053,TABELA REFERENCIAL OBRAS - DER-ES - 2025-12 - DEZ/XLS/tab_DER-EDIFICAÇÕES_2025_12_servicos.xlsx!A427,2025-12,2026-01,m2,PISOS INTERNOS E EXTERNOS / ACABAMENTOS,True,False,56.89,56.89,56.89,56.89,,,False,False,4feebcbe8c47058cf57314347405d833cdfb5d2340951f005ab53d27ae84fd84,validacao,False,False
der_es,sem_desoneracao,130237,"Assentamento e rejuntamento de piso em porcelanato (dimensões superiores a 30x30cm) utilizando dupla colagem de argamassa colante para porcelanato tipo ACII/ACIII, exclusive fornecimento do porcelanato e do rejunte",PISOS INTERNOS E EXTERNOS / ACABAMENTOS,m2,507a1c1ddb28bfefb5bc7cc3a289186288d2bb73839fc8e2e8b91ad28356af94,4feebcbe8c47058cf57314347405d833cdfb5d2340951f005ab53d27ae84fd84,TABELA REFERENCIAL OBRAS - DER-ES - 2026-01 - JAN/XLS/tab_DER-EDIFICAÇÕES_2026_01_servicos.xlsx!A427,2026-01,2026-02,m2,PISOS INTERNOS E EXTERNOS / ACABAMENTOS,True,False,56.89,56.89,56.89,55.29,,,False,False,1a7537f06fa9b2a1aff5982ae95ae6bf2ec16498e28430445e55584fbcce9a3c,validacao,False,False
der_es,sem_desoneracao,130237,"Assentamento e rejuntamento de piso em porcelanato (dimensões superiores a 30x30cm) utilizando dupla colagem de argamassa colante para porcelanato tipo ACII/ACIII, exclusive fornecimento do porcelanato e do rejunte",PISOS INTERNOS E EXTERNOS / ACABAMENTOS,m2,507a1c1ddb28bfefb5bc7cc3a289186288d2bb73839fc8e2e8b91ad28356af94,1a7537f06fa9b2a1aff5982ae95ae6bf2ec16498e28430445e55584fbcce9a3c,TABELA REFERENCIAL OBRAS - DER-ES - 2026-02 - FEV/XLS/tab_DER-EDIFICAÇÕES_2026_02_servicos.xlsx!A427,2026-02,2026-03,m2,PISOS INTERNOS E EXTERNOS / ACABAMENTOS,True,False,55.29,56.89,56.89,55.29,,,False,False,c9a408180051aaa4e38fe277afd37500d913d617b22cb55cd61158248094d761,teste,False,False
der_es,sem_desoneracao,130237,"Assentamento e rejuntamento de piso em porcelanato (dimensões superiores a 30x30cm) utilizando dupla colagem de argamassa colante para porcelanato tipo ACII/ACIII, exclusive fornecimento do porcelanato e do rejunte",PISOS INTERNOS E EXTERNOS / ACABAMENTOS,m2,507a1c1ddb28bfefb5bc7cc3a289186288d2bb73839fc8e2e8b91ad28356af94,c9a408180051aaa4e38fe277afd37500d913d617b22cb55cd61158248094d761,TABELA REFERENCIAL OBRAS - DER-ES - 2026-03 - MAR/XLS/tab_DER-EDIFICAÇÕES_2026_03_servicos.xlsx!A427,2026-03,2026-04,m2,PISOS INTERNOS E EXTERNOS / ACABAMENTOS,True,False,55.29,55.29,56.89,55.29,,,False,False,b07a6f7cd81d76e43925b8f994875b35e8468c5a37790367db80f72665fc0b2b,teste,False,False
der_es,sem_desoneracao,130237,"Assentamento e rejuntamento de piso em porcelanato (dimensões superiores a 30x30cm) utilizando dupla colagem de argamassa colante para porcelanato tipo ACII/ACIII, exclusive fornecimento do porcelanato e do rejunte",PISOS INTERNOS E EXTERNOS / ACABAMENTOS,m2,507a1c1ddb28bfefb5bc7cc3a289186288d2bb73839fc8e2e8b91ad28356af94,b07a6f7cd81d76e43925b8f994875b35e8468c5a37790367db80f72665fc0b2b,TABELA REFERENCIAL OBRAS - DER-ES - 2026-04 - ABR/XLS/tab_DER-EDIFICAÇÕES_2026_04_servicos.xlsx!A427,2026-04,2026-05,m2,PISOS INTERNOS E EXTERNOS / ACABAMENTOS,True,False,55.29,55.29,55.29,58.19,,,False,False,9d7efd575c10dc676bc49f5acb5630fa9b3cd2b98449be07612e1891e8d213f6,teste,False,False
der_es,sem_desoneracao,130403,"Recomposição de piso cimentado, com argamassa de cimento e areia no traço 1:3, com 2 cm de espessura, incl. lastro",PISOS INTERNOS E EXTERNOS / REVISÕES E REPAROS,m2,58bd11b4b5fa66d9c300621acf8f3dcd5139c325fb9b95dcaea4409079f90bd8,2dd7e7c15552e8663b500f12008e09dc39c3816602e826e994d7dc8922d7ac8f,TABELA REFERENCIAL OBRAS - DER-ES - 2025-03 - MAR/XLS/tab_DER-EDIFICAÇσES_2025_03_servicos.xlsx!A442,2025-03,2025-04,m2,PISOS INTERNOS E EXTERNOS / REVISÕES E REPAROS,True,False,134.23,134.23,134.92,134.83,,,False,False,d2087ecf8affe6feb21bd38f6045155bdc7d4b18356273e8e54c68d96e73dbd4,treino,False,False
der_es,sem_desoneracao,130403,"Recomposição de piso cimentado, com argamassa de cimento e areia no traço 1:3, com 2 cm de espessura, incl. lastro",PISOS INTERNOS E EXTERNOS / REVISÕES E REPAROS,m2,58bd11b4b5fa66d9c300621acf8f3dcd5139c325fb9b95dcaea4409079f90bd8,d2087ecf8affe6feb21bd38f6045155bdc7d4b18356273e8e54c68d96e73dbd4,TABELA REFERENCIAL OBRAS - DER-ES - 2025-04 - ABR/XLS/tab_DER-EDIFICAÇσES_2025_04_servicos.xlsx!A443,2025-04,2025-05,m2,PISOS INTERNOS E EXTERNOS / REVISÕES E REPAROS,True,False,134.83,134.23,134.23,143.28,,,False,False,2bf6c2c7e6a976b4518fe548f59e259ac8091a61f440b44f17701ff9a0f00926,treino,False,False
der_es,sem_desoneracao,130403,"Recomposição de piso cimentado, com argamassa de cimento e areia no traço 1:3, com 2 cm de espessura, incl. lastro",PISOS INTERNOS E EXTERNOS / REVISÕES E REPAROS,m2,58bd11b4b5fa66d9c300621acf8f3dcd5139c325fb9b95dcaea4409079f90bd8,2bf6c2c7e6a976b4518fe548f59e259ac8091a61f440b44f17701ff9a0f00926,TABELA REFERENCIAL OBRAS - DER-ES - 2025-05 - MAI/XLS/tab_DER-EDIFICAÇσES_2025_05_servicos.xlsx!A444,2025-05,2025-06,m2,PISOS INTERNOS E EXTERNOS / REVISÕES E REPAROS,True,False,143.28,134.83,134.23,143.57,,,False,False,22734abdbfefadc850a2608b6f454b5f7c18b5e3c19f87c396d85d1e76c75234,treino,False,False
der_es,sem_desoneracao,130403,"Recomposição de piso cimentado, com argamassa de cimento e areia no traço 1:3, com 2 cm de espessura, incl. lastro",PISOS INTERNOS E EXTERNOS / REVISÕES E REPAROS,m2,58bd11b4b5fa66d9c300621acf8f3dcd5139c325fb9b95dcaea4409079f90bd8,22734abdbfefadc850a2608b6f454b5f7c18b5e3c19f87c396d85d1e76c75234,TABELA REFERENCIAL OBRAS - DER-ES - 2025-06 - JUN/XLS/tab_DER-EDIFICAÇÕES_2025_06_servicos.xlsx!A442,2025-06,2025-07,m2,PISOS INTERNOS E EXTERNOS / REVISÕES E REPAROS,True,False,143.57,143.28,134.83,143.58,,,False,False,9f2d3bc52e35d3a9c0317f2bbd34359ce4b9eb726cfdad03719dc91ab8a6eb52,treino,False,False
der_es,sem_desoneracao,130403,"Recomposição de piso cimentado, com argamassa de cimento e areia no traço 1:3, com 2 cm de espessura, incl. lastro",PISOS INTERNOS E EXTERNOS / REVISÕES E REPAROS,m2,58bd11b4b5fa66d9c300621acf8f3dcd5139c325fb9b95dcaea4409079f90bd8,9f2d3bc52e35d3a9c0317f2bbd34359ce4b9eb726cfdad03719dc91ab8a6eb52,TABELA REFERENCIAL OBRAS - DER-ES - 2025-07 - JUL/TABELA REFERENCIAL OBRAS - DER-ES - 2025-07 - JUL/XLS/tab_DER-EDIFICAÇÕES_2025_07_servicos.xlsx!A442,2025-07,2025-08,m2,PISOS INTERNOS E EXTERNOS / REVISÕES E REPAROS,True,False,143.58,143.57,143.28,145.24,,,False,False,f4e1c72d0bc82c19d0327a48458bea46cf1a06c556062fe2206e7955be9a14b1,treino,False,False
der_es,sem_desoneracao,130403,"Recomposição de piso cimentado, com argamassa de cimento e areia no traço 1:3, com 2 cm de espessura, incl. lastro",PISOS INTERNOS E EXTERNOS / REVISÕES E REPAROS,m2,58bd11b4b5fa66d9c300621acf8f3dcd5139c325fb9b95dcaea4409079f90bd8,f4e1c72d0bc82c19d0327a48458bea46cf1a06c556062fe2206e7955be9a14b1,TABELA REFERENCIAL OBRAS - DER-ES - 2025-08 - AGO/XLS/tab_DER-EDIFICAÇÕES_2025_08_servicos.xlsx!A442,2025-08,2025-09,m2,PISOS INTERNOS E EXTERNOS / REVISÕES E REPAROS,True,False,145.24,143.58,143.57,145.24,,,False,False,7b1be34ee7d5dd82bcaeb75a32037ae0f2eea1e439205f05e57077b8a3567875,treino,False,False
der_es,sem_desoneracao,130403,"Recomposição de piso cimentado, com argamassa de cimento e areia no traço 1:3, com 2 cm de espessura, incl. lastro",PISOS INTERNOS E EXTERNOS / REVISÕES E REPAROS,m2,58bd11b4b5fa66d9c300621acf8f3dcd5139c325fb9b95dcaea4409079f90bd8,7b1be34ee7d5dd82bcaeb75a32037ae0f2eea1e439205f05e57077b8a3567875,TABELA REFERENCIAL OBRAS - DER-ES - 2025-09 - SET/XLS/tab_DER-EDIFICAÇÕES_2025_09_servicos.xlsx!A442,2025-09,2025-10,m2,PISOS INTERNOS E EXTERNOS / REVISÕES E REPAROS,True,False,145.24,145.24,143.58,144.96,,,False,False,25f27b5ef0ad1c6c63d22be1ab543e5a65d73aa17c4d0463109a84f7209c8fa3,treino,False,False
der_es,sem_desoneracao,130403,"Recomposição de piso cimentado, com argamassa de cimento e areia no traço 1:3, com 2 cm de espessura, incl. lastro",PISOS INTERNOS E EXTERNOS / REVISÕES E REPAROS,m2,58bd11b4b5fa66d9c300621acf8f3dcd5139c325fb9b95dcaea4409079f90bd8,25f27b5ef0ad1c6c63d22be1ab543e5a65d73aa17c4d0463109a84f7209c8fa3,TABELA REFERENCIAL OBRAS - DER-ES - 2025-10 - OUT/XLS/tab_DER-EDIFICAÇÕES_2025_10_servicos.xlsx!A442,2025-10,2025-11,m2,PISOS INTERNOS E EXTERNOS / REVISÕES E REPAROS,True,False,144.96,145.24,145.24,144.97,,,False,False,d856141d8d195b8bf3114dd64686b80db08318d557f9eb5f279d84fffec1a86e,treino,False,False
der_es,sem_desoneracao,130403,"Recomposição de piso cimentado, com argamassa de cimento e areia no traço 1:3, com 2 cm de espessura, incl. lastro",PISOS INTERNOS E EXTERNOS / REVISÕES E REPAROS,m2,58bd11b4b5fa66d9c300621acf8f3dcd5139c325fb9b95dcaea4409079f90bd8,d856141d8d195b8bf3114dd64686b80db08318d557f9eb5f279d84fffec1a86e,TABELA REFERENCIAL OBRAS - DER-ES - 2025-11 - NOV/XLS/tab_DER-EDIFICAÇÕES_2025_11_servicos.xlsx!A442,2025-11,2025-12,m2,PISOS INTERNOS E EXTERNOS / REVISÕES E REPAROS,True,False,144.97,144.96,145.24,145.99,,,False,False,cf2ae6d6af6081526a2c2c6a6446342c23099ac3a9c81f310e3a5da2680fb053,treino,False,False
der_es,sem_desoneracao,130403,"Recomposição de piso cimentado, com argamassa de cimento e areia no traço 1:3, com 2 cm de espessura, incl. lastro",PISOS INTERNOS E EXTERNOS / REVISÕES E REPAROS,m2,58bd11b4b5fa66d9c300621acf8f3dcd5139c325fb9b95dcaea4409079f90bd8,cf2ae6d6af6081526a2c2c6a6446342c23099ac3a9c81f310e3a5da2680fb053,TABELA REFERENCIAL OBRAS - DER-ES - 2025-12 - DEZ/XLS/tab_DER-EDIFICAÇÕES_2025_12_servicos.xlsx!A442,2025-12,2026-01,m2,PISOS INTERNOS E EXTERNOS / REVISÕES E REPAROS,True,False,145.99,144.97,144.96,145.99,,,False,False,4feebcbe8c47058cf57314347405d833cdfb5d2340951f005ab53d27ae84fd84,validacao,False,False
der_es,sem_desoneracao,130403,"Recomposição de piso cimentado, com argamassa de cimento e areia no traço 1:3, com 2 cm de espessura, incl. lastro",PISOS INTERNOS E EXTERNOS / REVISÕES E REPAROS,m2,58bd11b4b5fa66d9c300621acf8f3dcd5139c325fb9b95dcaea4409079f90bd8,4feebcbe8c47058cf57314347405d833cdfb5d2340951f005ab53d27ae84fd84,TABELA REFERENCIAL OBRAS - DER-ES - 2026-01 - JAN/XLS/tab_DER-EDIFICAÇÕES_2026_01_servicos.xlsx!A442,2026-01,2026-02,m2,PISOS INTERNOS E EXTERNOS / REVISÕES E REPAROS,True,False,145.99,145.99,144.97,145.13,,,False,False,1a7537f06fa9b2a1aff5982ae95ae6bf2ec16498e28430445e55584fbcce9a3c,validacao,False,False
der_es,sem_desoneracao,130403,"Recomposição de piso cimentado, com argamassa de cimento e areia no traço 1:3, com 2 cm de espessura, incl. lastro",PISOS INTERNOS E EXTERNOS / REVISÕES E REPAROS,m2,58bd11b4b5fa66d9c300621acf8f3dcd5139c325fb9b95dcaea4409079f90bd8,1a7537f06fa9b2a1aff5982ae95ae6bf2ec16498e28430445e55584fbcce9a3c,TABELA REFERENCIAL OBRAS - DER-ES - 2026-02 - FEV/XLS/tab_DER-EDIFICAÇÕES_2026_02_servicos.xlsx!A442,2026-02,2026-03,m2,PISOS INTERNOS E EXTERNOS / REVISÕES E REPAROS,True,False,145.13,145.99,145.99,145.13,,,False,False,c9a408180051aaa4e38fe277afd37500d913d617b22cb55cd61158248094d761,teste,False,False
der_es,sem_desoneracao,130403,"Recomposição de piso cimentado, com argamassa de cimento e areia no traço 1:3, com 2 cm de espessura, incl. lastro",PISOS INTERNOS E EXTERNOS / REVISÕES E REPAROS,m2,58bd11b4b5fa66d9c300621acf8f3dcd5139c325fb9b95dcaea4409079f90bd8,c9a408180051aaa4e38fe277afd37500d913d617b22cb55cd61158248094d761,TABELA REFERENCIAL OBRAS - DER-ES - 2026-03 - MAR/XLS/tab_DER-EDIFICAÇÕES_2026_03_servicos.xlsx!A442,2026-03,2026-04,m2,PISOS INTERNOS E EXTERNOS / REVISÕES E REPAROS,True,False,145.13,145.13,145.99,145.1,,,False,False,b07a6f7cd81d76e43925b8f994875b35e8468c5a37790367db80f72665fc0b2b,teste,False,False
der_es,sem_desoneracao,130403,"Recomposição de piso cimentado, com argamassa de cimento e areia no traço 1:3, com 2 cm de espessura, incl. lastro",PISOS INTERNOS E EXTERNOS / REVISÕES E REPAROS,m2,58bd11b4b5fa66d9c300621acf8f3dcd5139c325fb9b95dcaea4409079f90bd8,b07a6f7cd81d76e43925b8f994875b35e8468c5a37790367db80f72665fc0b2b,TABELA REFERENCIAL OBRAS - DER-ES - 2026-04 - ABR/XLS/tab_DER-EDIFICAÇÕES_2026_04_servicos.xlsx!A442,2026-04,2026-05,m2,PISOS INTERNOS E EXTERNOS / REVISÕES E REPAROS,True,False,145.1,145.13,145.13,152.09,,,False,False,9d7efd575c10dc676bc49f5acb5630fa9b3cd2b98449be07612e1891e8d213f6,teste,False,False
der_es,sem_desoneracao,190101,"Emassamento de paredes e forros, com duas demãos de massa corrida, referência Suvinil, Coral, Metalatex ou equivalente, inclusive uma demão de liquido selador PVA, referência Suvinil, Coral ou Metalatex ou equivalente",PINTURA / SOBRE PAREDES E FORROS,m2,662f1a284823808ad7e36d80c3ce81d49e02703399a7fda5b626a397766d9013,2dd7e7c15552e8663b500f12008e09dc39c3816602e826e994d7dc8922d7ac8f,TABELA REFERENCIAL OBRAS - DER-ES - 2025-03 - MAR/XLS/tab_DER-EDIFICAÇσES_2025_03_servicos.xlsx!A1231,2025-03,2025-04,m2,PINTURA / SOBRE PAREDES E FORROS,True,False,18.34,18.34,18.34,18.51,,,False,False,d2087ecf8affe6feb21bd38f6045155bdc7d4b18356273e8e54c68d96e73dbd4,treino,False,False
der_es,sem_desoneracao,190101,"Emassamento de paredes e forros, com duas demãos de massa corrida, referência Suvinil, Coral, Metalatex ou equivalente, inclusive uma demão de liquido selador PVA, referência Suvinil, Coral ou Metalatex ou equivalente",PINTURA / SOBRE PAREDES E FORROS,m2,662f1a284823808ad7e36d80c3ce81d49e02703399a7fda5b626a397766d9013,d2087ecf8affe6feb21bd38f6045155bdc7d4b18356273e8e54c68d96e73dbd4,TABELA REFERENCIAL OBRAS - DER-ES - 2025-04 - ABR/XLS/tab_DER-EDIFICAÇσES_2025_04_servicos.xlsx!A1232,2025-04,2025-05,m2,PINTURA / SOBRE PAREDES E FORROS,True,False,18.51,18.34,18.34,19.59,,,False,False,2bf6c2c7e6a976b4518fe548f59e259ac8091a61f440b44f17701ff9a0f00926,treino,False,False
der_es,sem_desoneracao,190101,"Emassamento de paredes e forros, com duas demãos de massa corrida, referência Suvinil, Coral, Metalatex ou equivalente, inclusive uma demão de liquido selador PVA, referência Suvinil, Coral ou Metalatex ou equivalente",PINTURA / SOBRE PAREDES E FORROS,m2,662f1a284823808ad7e36d80c3ce81d49e02703399a7fda5b626a397766d9013,2bf6c2c7e6a976b4518fe548f59e259ac8091a61f440b44f17701ff9a0f00926,TABELA REFERENCIAL OBRAS - DER-ES - 2025-05 - MAI/XLS/tab_DER-EDIFICAÇσES_2025_05_servicos.xlsx!A1233,2025-05,2025-06,m2,PINTURA / SOBRE PAREDES E FORROS,True,False,19.59,18.51,18.34,19.59,,,False,False,22734abdbfefadc850a2608b6f454b5f7c18b5e3c19f87c396d85d1e76c75234,treino,False,False
der_es,sem_desoneracao,190101,"Emassamento de paredes e forros, com duas demãos de massa corrida, referência Suvinil, Coral, Metalatex ou equivalente, inclusive uma demão de liquido selador PVA, referência Suvinil, Coral ou Metalatex ou equivalente",PINTURA / SOBRE PAREDES E FORROS,m2,662f1a284823808ad7e36d80c3ce81d49e02703399a7fda5b626a397766d9013,22734abdbfefadc850a2608b6f454b5f7c18b5e3c19f87c396d85d1e76c75234,TABELA REFERENCIAL OBRAS - DER-ES - 2025-06 - JUN/XLS/tab_DER-EDIFICAÇÕES_2025_06_servicos.xlsx!A1231,2025-06,2025-07,m2,PINTURA / SOBRE PAREDES E FORROS,True,False,19.59,19.59,18.51,19.59,,,False,False,9f2d3bc52e35d3a9c0317f2bbd34359ce4b9eb726cfdad03719dc91ab8a6eb52,treino,False,False
der_es,sem_desoneracao,190101,"Emassamento de paredes e forros, com duas demãos de massa corrida, referência Suvinil, Coral, Metalatex ou equivalente, inclusive uma demão de liquido selador PVA, referência Suvinil, Coral ou Metalatex ou equivalente",PINTURA / SOBRE PAREDES E FORROS,m2,662f1a284823808ad7e36d80c3ce81d49e02703399a7fda5b626a397766d9013,9f2d3bc52e35d3a9c0317f2bbd34359ce4b9eb726cfdad03719dc91ab8a6eb52,TABELA REFERENCIAL OBRAS - DER-ES - 2025-07 - JUL/TABELA REFERENCIAL OBRAS - DER-ES - 2025-07 - JUL/XLS/tab_DER-EDIFICAÇÕES_2025_07_servicos.xlsx!A1231,2025-07,2025-08,m2,PINTURA / SOBRE PAREDES E FORROS,True,False,19.59,19.59,19.59,19.59,,,False,False,f4e1c72d0bc82c19d0327a48458bea46cf1a06c556062fe2206e7955be9a14b1,treino,False,False
der_es,sem_desoneracao,190101,"Emassamento de paredes e forros, com duas demãos de massa corrida, referência Suvinil, Coral, Metalatex ou equivalente, inclusive uma demão de liquido selador PVA, referência Suvinil, Coral ou Metalatex ou equivalente",PINTURA / SOBRE PAREDES E FORROS,m2,662f1a284823808ad7e36d80c3ce81d49e02703399a7fda5b626a397766d9013,f4e1c72d0bc82c19d0327a48458bea46cf1a06c556062fe2206e7955be9a14b1,TABELA REFERENCIAL OBRAS - DER-ES - 2025-08 - AGO/XLS/tab_DER-EDIFICAÇÕES_2025_08_servicos.xlsx!A1231,2025-08,2025-09,m2,PINTURA / SOBRE PAREDES E FORROS,True,False,19.59,19.59,19.59,19.59,,,False,False,7b1be34ee7d5dd82bcaeb75a32037ae0f2eea1e439205f05e57077b8a3567875,treino,False,False
der_es,sem_desoneracao,190101,"Emassamento de paredes e forros, com duas demãos de massa corrida, referência Suvinil, Coral, Metalatex ou equivalente, inclusive uma demão de liquido selador PVA, referência Suvinil, Coral ou Metalatex ou equivalente",PINTURA / SOBRE PAREDES E FORROS,m2,662f1a284823808ad7e36d80c3ce81d49e02703399a7fda5b626a397766d9013,7b1be34ee7d5dd82bcaeb75a32037ae0f2eea1e439205f05e57077b8a3567875,TABELA REFERENCIAL OBRAS - DER-ES - 2025-09 - SET/XLS/tab_DER-EDIFICAÇÕES_2025_09_servicos.xlsx!A1231,2025-09,2025-10,m2,PINTURA / SOBRE PAREDES E FORROS,True,False,19.59,19.59,19.59,20.06,,,False,False,25f27b5ef0ad1c6c63d22be1ab543e5a65d73aa17c4d0463109a84f7209c8fa3,treino,False,False
der_es,sem_desoneracao,190101,"Emassamento de paredes e forros, com duas demãos de massa corrida, referência Suvinil, Coral, Metalatex ou equivalente, inclusive uma demão de liquido selador PVA, referência Suvinil, Coral ou Metalatex ou equivalente",PINTURA / SOBRE PAREDES E FORROS,m2,662f1a284823808ad7e36d80c3ce81d49e02703399a7fda5b626a397766d9013,25f27b5ef0ad1c6c63d22be1ab543e5a65d73aa17c4d0463109a84f7209c8fa3,TABELA REFERENCIAL OBRAS - DER-ES - 2025-10 - OUT/XLS/tab_DER-EDIFICAÇÕES_2025_10_servicos.xlsx!A1231,2025-10,2025-11,m2,PINTURA / SOBRE PAREDES E FORROS,True,False,20.06,19.59,19.59,20.06,,,False,False,d856141d8d195b8bf3114dd64686b80db08318d557f9eb5f279d84fffec1a86e,treino,False,False
der_es,sem_desoneracao,190101,"Emassamento de paredes e forros, com duas demãos de massa corrida, referência Suvinil, Coral, Metalatex ou equivalente, inclusive uma demão de liquido selador PVA, referência Suvinil, Coral ou Metalatex ou equivalente",PINTURA / SOBRE PAREDES E FORROS,m2,662f1a284823808ad7e36d80c3ce81d49e02703399a7fda5b626a397766d9013,d856141d8d195b8bf3114dd64686b80db08318d557f9eb5f279d84fffec1a86e,TABELA REFERENCIAL OBRAS - DER-ES - 2025-11 - NOV/XLS/tab_DER-EDIFICAÇÕES_2025_11_servicos.xlsx!A1231,2025-11,2025-12,m2,PINTURA / SOBRE PAREDES E FORROS,True,False,20.06,20.06,19.59,20.06,,,False,False,cf2ae6d6af6081526a2c2c6a6446342c23099ac3a9c81f310e3a5da2680fb053,treino,False,False
der_es,sem_desoneracao,190101,"Emassamento de paredes e forros, com duas demãos de massa corrida, referência Suvinil, Coral, Metalatex ou equivalente, inclusive uma demão de liquido selador PVA, referência Suvinil, Coral ou Metalatex ou equivalente",PINTURA / SOBRE PAREDES E FORROS,m2,662f1a284823808ad7e36d80c3ce81d49e02703399a7fda5b626a397766d9013,cf2ae6d6af6081526a2c2c6a6446342c23099ac3a9c81f310e3a5da2680fb053,TABELA REFERENCIAL OBRAS - DER-ES - 2025-12 - DEZ/XLS/tab_DER-EDIFICAÇÕES_2025_12_servicos.xlsx!A1230,2025-12,2026-01,m2,PINTURA / SOBRE PAREDES E FORROS,True,False,20.06,20.06,20.06,20.06,,,False,False,4feebcbe8c47058cf57314347405d833cdfb5d2340951f005ab53d27ae84fd84,validacao,False,False
der_es,sem_desoneracao,190101,"Emassamento de paredes e forros, com duas demãos de massa corrida, referência Suvinil, Coral, Metalatex ou equivalente, inclusive uma demão de liquido selador PVA, referência Suvinil, Coral ou Metalatex ou equivalente",PINTURA / SOBRE PAREDES E FORROS,m2,662f1a284823808ad7e36d80c3ce81d49e02703399a7fda5b626a397766d9013,4feebcbe8c47058cf57314347405d833cdfb5d2340951f005ab53d27ae84fd84,TABELA REFERENCIAL OBRAS - DER-ES - 2026-01 - JAN/XLS/tab_DER-EDIFICAÇÕES_2026_01_servicos.xlsx!A1230,2026-01,2026-02,m2,PINTURA / SOBRE PAREDES E FORROS,True,False,20.06,20.06,20.06,20.06,,,False,False,1a7537f06fa9b2a1aff5982ae95ae6bf2ec16498e28430445e55584fbcce9a3c,validacao,False,False
der_es,sem_desoneracao,190101,"Emassamento de paredes e forros, com duas demãos de massa corrida, referência Suvinil, Coral, Metalatex ou equivalente, inclusive uma demão de liquido selador PVA, referência Suvinil, Coral ou Metalatex ou equivalente",PINTURA / SOBRE PAREDES E FORROS,m2,662f1a284823808ad7e36d80c3ce81d49e02703399a7fda5b626a397766d9013,1a7537f06fa9b2a1aff5982ae95ae6bf2ec16498e28430445e55584fbcce9a3c,TABELA REFERENCIAL OBRAS - DER-ES - 2026-02 - FEV/XLS/tab_DER-EDIFICAÇÕES_2026_02_servicos.xlsx!A1228,2026-02,2026-03,m2,PINTURA / SOBRE PAREDES E FORROS,True,False,20.06,20.06,20.06,20.06,,,False,False,c9a408180051aaa4e38fe277afd37500d913d617b22cb55cd61158248094d761,teste,False,False
der_es,sem_desoneracao,190101,"Emassamento de paredes e forros, com duas demãos de massa corrida, referência Suvinil, Coral, Metalatex ou equivalente, inclusive uma demão de liquido selador PVA, referência Suvinil, Coral ou Metalatex ou equivalente",PINTURA / SOBRE PAREDES E FORROS,m2,662f1a284823808ad7e36d80c3ce81d49e02703399a7fda5b626a397766d9013,c9a408180051aaa4e38fe277afd37500d913d617b22cb55cd61158248094d761,TABELA REFERENCIAL OBRAS - DER-ES - 2026-03 - MAR/XLS/tab_DER-EDIFICAÇÕES_2026_03_servicos.xlsx!A1228,2026-03,2026-04,m2,PINTURA / SOBRE PAREDES E FORROS,True,False,20.06,20.06,20.06,19.27,,,False,False,b07a6f7cd81d76e43925b8f994875b35e8468c5a37790367db80f72665fc0b2b,teste,False,False
der_es,sem_desoneracao,190101,"Emassamento de paredes e forros, com duas demãos de massa corrida, referência Suvinil, Coral, Metalatex ou equivalente, inclusive uma demão de liquido selador PVA, referência Suvinil, Coral ou Metalatex ou equivalente",PINTURA / SOBRE PAREDES E FORROS,m2,662f1a284823808ad7e36d80c3ce81d49e02703399a7fda5b626a397766d9013,b07a6f7cd81d76e43925b8f994875b35e8468c5a37790367db80f72665fc0b2b,TABELA REFERENCIAL OBRAS - DER-ES - 2026-04 - ABR/XLS/tab_DER-EDIFICAÇÕES_2026_04_servicos.xlsx!A1228,2026-04,2026-05,m2,PINTURA / SOBRE PAREDES E FORROS,True,False,19.27,20.06,20.06,20.3,,,False,False,9d7efd575c10dc676bc49f5acb5630fa9b3cd2b98449be07612e1891e8d213f6,teste,False,False
der_es,sem_desoneracao,190102,"Emassamento de paredes e forros, com duas demãos de massa à base de óleo, marcas de referência Suvinil, Coral ou Metalatex",PINTURA / SOBRE PAREDES E FORROS,m2,2a4aef57475c9337f4b60a293e2cac7934cfb9ca0989a612c12ed9d8a2c34bb6,2dd7e7c15552e8663b500f12008e09dc39c3816602e826e994d7dc8922d7ac8f,TABELA REFERENCIAL OBRAS - DER-ES - 2025-03 - MAR/XLS/tab_DER-EDIFICAÇσES_2025_03_servicos.xlsx!A1232,2025-03,2025-04,m2,PINTURA / SOBRE PAREDES E FORROS,True,False,22.62,22.62,22.62,22.71,,,False,False,d2087ecf8affe6feb21bd38f6045155bdc7d4b18356273e8e54c68d96e73dbd4,treino,False,False
der_es,sem_desoneracao,190102,"Emassamento de paredes e forros, com duas demãos de massa à base de óleo, marcas de referência Suvinil, Coral ou Metalatex",PINTURA / SOBRE PAREDES E FORROS,m2,2a4aef57475c9337f4b60a293e2cac7934cfb9ca0989a612c12ed9d8a2c34bb6,d2087ecf8affe6feb21bd38f6045155bdc7d4b18356273e8e54c68d96e73dbd4,TABELA REFERENCIAL OBRAS - DER-ES - 2025-04 - ABR/XLS/tab_DER-EDIFICAÇσES_2025_04_servicos.xlsx!A1233,2025-04,2025-05,m2,PINTURA / SOBRE PAREDES E FORROS,True,False,22.71,22.62,22.62,23.79,,,False,False,2bf6c2c7e6a976b4518fe548f59e259ac8091a61f440b44f17701ff9a0f00926,treino,False,False
der_es,sem_desoneracao,190102,"Emassamento de paredes e forros, com duas demãos de massa à base de óleo, marcas de referência Suvinil, Coral ou Metalatex",PINTURA / SOBRE PAREDES E FORROS,m2,2a4aef57475c9337f4b60a293e2cac7934cfb9ca0989a612c12ed9d8a2c34bb6,2bf6c2c7e6a976b4518fe548f59e259ac8091a61f440b44f17701ff9a0f00926,TABELA REFERENCIAL OBRAS - DER-ES - 2025-05 - MAI/XLS/tab_DER-EDIFICAÇσES_2025_05_servicos.xlsx!A1234,2025-05,2025-06,m2,PINTURA / SOBRE PAREDES E FORROS,True,False,23.79,22.71,22.62,23.79,,,False,False,22734abdbfefadc850a2608b6f454b5f7c18b5e3c19f87c396d85d1e76c75234,treino,False,False
der_es,sem_desoneracao,190102,"Emassamento de paredes e forros, com duas demãos de massa à base de óleo, marcas de referência Suvinil, Coral ou Metalatex",PINTURA / SOBRE PAREDES E FORROS,m2,2a4aef57475c9337f4b60a293e2cac7934cfb9ca0989a612c12ed9d8a2c34bb6,22734abdbfefadc850a2608b6f454b5f7c18b5e3c19f87c396d85d1e76c75234,TABELA REFERENCIAL OBRAS - DER-ES - 2025-06 - JUN/XLS/tab_DER-EDIFICAÇÕES_2025_06_servicos.xlsx!A1232,2025-06,2025-07,m2,PINTURA / SOBRE PAREDES E FORROS,True,False,23.79,23.79,22.71,23.79,,,False,False,9f2d3bc52e35d3a9c0317f2bbd34359ce4b9eb726cfdad03719dc91ab8a6eb52,treino,False,False
der_es,sem_desoneracao,190102,"Emassamento de paredes e forros, com duas demãos de massa à base de óleo, marcas de referência Suvinil, Coral ou Metalatex",PINTURA / SOBRE PAREDES E FORROS,m2,2a4aef57475c9337f4b60a293e2cac7934cfb9ca0989a612c12ed9d8a2c34bb6,9f2d3bc52e35d3a9c0317f2bbd34359ce4b9eb726cfdad03719dc91ab8a6eb52,TABELA REFERENCIAL OBRAS - DER-ES - 2025-07 - JUL/TABELA REFERENCIAL OBRAS - DER-ES - 2025-07 - JUL/XLS/tab_DER-EDIFICAÇÕES_2025_07_servicos.xlsx!A1232,2025-07,2025-08,m2,PINTURA / SOBRE PAREDES E FORROS,True,False,23.79,23.79,23.79,23.79,,,False,False,f4e1c72d0bc82c19d0327a48458bea46cf1a06c556062fe2206e7955be9a14b1,treino,False,False
der_es,sem_desoneracao,190102,"Emassamento de paredes e forros, com duas demãos de massa à base de óleo, marcas de referência Suvinil, Coral ou Metalatex",PINTURA / SOBRE PAREDES E FORROS,m2,2a4aef57475c9337f4b60a293e2cac7934cfb9ca0989a612c12ed9d8a2c34bb6,f4e1c72d0bc82c19d0327a48458bea46cf1a06c556062fe2206e7955be9a14b1,TABELA REFERENCIAL OBRAS - DER-ES - 2025-08 - AGO/XLS/tab_DER-EDIFICAÇÕES_2025_08_servicos.xlsx!A1232,2025-08,2025-09,m2,PINTURA / SOBRE PAREDES E FORROS,True,False,23.79,23.79,23.79,23.79,,,False,False,7b1be34ee7d5dd82bcaeb75a32037ae0f2eea1e439205f05e57077b8a3567875,treino,False,False
der_es,sem_desoneracao,190102,"Emassamento de paredes e forros, com duas demãos de massa à base de óleo, marcas de referência Suvinil, Coral ou Metalatex",PINTURA / SOBRE PAREDES E FORROS,m2,2a4aef57475c9337f4b60a293e2cac7934cfb9ca0989a612c12ed9d8a2c34bb6,7b1be34ee7d5dd82bcaeb75a32037ae0f2eea1e439205f05e57077b8a3567875,TABELA REFERENCIAL OBRAS - DER-ES - 2025-09 - SET/XLS/tab_DER-EDIFICAÇÕES_2025_09_servicos.xlsx!A1232,2025-09,2025-10,m2,PINTURA / SOBRE PAREDES E FORROS,True,False,23.79,23.79,23.79,25.45,,,False,False,25f27b5ef0ad1c6c63d22be1ab543e5a65d73aa17c4d0463109a84f7209c8fa3,treino,False,False
der_es,sem_desoneracao,190102,"Emassamento de paredes e forros, com duas demãos de massa à base de óleo, marcas de referência Suvinil, Coral ou Metalatex",PINTURA / SOBRE PAREDES E FORROS,m2,2a4aef57475c9337f4b60a293e2cac7934cfb9ca0989a612c12ed9d8a2c34bb6,25f27b5ef0ad1c6c63d22be1ab543e5a65d73aa17c4d0463109a84f7209c8fa3,TABELA REFERENCIAL OBRAS - DER-ES - 2025-10 - OUT/XLS/tab_DER-EDIFICAÇÕES_2025_10_servicos.xlsx!A1232,2025-10,2025-11,m2,PINTURA / SOBRE PAREDES E FORROS,True,False,25.45,23.79,23.79,25.45,,,False,False,d856141d8d195b8bf3114dd64686b80db08318d557f9eb5f279d84fffec1a86e,treino,False,False
der_es,sem_desoneracao,190102,"Emassamento de paredes e forros, com duas demãos de massa à base de óleo, marcas de referência Suvinil, Coral ou Metalatex",PINTURA / SOBRE PAREDES E FORROS,m2,2a4aef57475c9337f4b60a293e2cac7934cfb9ca0989a612c12ed9d8a2c34bb6,d856141d8d195b8bf3114dd64686b80db08318d557f9eb5f279d84fffec1a86e,TABELA REFERENCIAL OBRAS - DER-ES - 2025-11 - NOV/XLS/tab_DER-EDIFICAÇÕES_2025_11_servicos.xlsx!A1232,2025-11,2025-12,m2,PINTURA / SOBRE PAREDES E FORROS,True,False,25.45,25.45,23.79,25.45,,,False,False,cf2ae6d6af6081526a2c2c6a6446342c23099ac3a9c81f310e3a5da2680fb053,treino,False,False
der_es,sem_desoneracao,190102,"Emassamento de paredes e forros, com duas demãos de massa à base de óleo, marcas de referência Suvinil, Coral ou Metalatex",PINTURA / SOBRE PAREDES E FORROS,m2,2a4aef57475c9337f4b60a293e2cac7934cfb9ca0989a612c12ed9d8a2c34bb6,cf2ae6d6af6081526a2c2c6a6446342c23099ac3a9c81f310e3a5da2680fb053,TABELA REFERENCIAL OBRAS - DER-ES - 2025-12 - DEZ/XLS/tab_DER-EDIFICAÇÕES_2025_12_servicos.xlsx!A1231,2025-12,2026-01,m2,PINTURA / SOBRE PAREDES E FORROS,True,False,25.45,25.45,25.45,25.45,,,False,False,4feebcbe8c47058cf57314347405d833cdfb5d2340951f005ab53d27ae84fd84,validacao,False,False
der_es,sem_desoneracao,190102,"Emassamento de paredes e forros, com duas demãos de massa à base de óleo, marcas de referência Suvinil, Coral ou Metalatex",PINTURA / SOBRE PAREDES E FORROS,m2,2a4aef57475c9337f4b60a293e2cac7934cfb9ca0989a612c12ed9d8a2c34bb6,4feebcbe8c47058cf57314347405d833cdfb5d2340951f005ab53d27ae84fd84,TABELA REFERENCIAL OBRAS - DER-ES - 2026-01 - JAN/XLS/tab_DER-EDIFICAÇÕES_2026_01_servicos.xlsx!A1231,2026-01,2026-02,m2,PINTURA / SOBRE PAREDES E FORROS,True,False,25.45,25.45,25.45,25.45,,,False,False,1a7537f06fa9b2a1aff5982ae95ae6bf2ec16498e28430445e55584fbcce9a3c,validacao,False,False
der_es,sem_desoneracao,190102,"Emassamento de paredes e forros, com duas demãos de massa à base de óleo, marcas de referência Suvinil, Coral ou Metalatex",PINTURA / SOBRE PAREDES E FORROS,m2,2a4aef57475c9337f4b60a293e2cac7934cfb9ca0989a612c12ed9d8a2c34bb6,1a7537f06fa9b2a1aff5982ae95ae6bf2ec16498e28430445e55584fbcce9a3c,TABELA REFERENCIAL OBRAS - DER-ES - 2026-02 - FEV/XLS/tab_DER-EDIFICAÇÕES_2026_02_servicos.xlsx!A1229,2026-02,2026-03,m2,PINTURA / SOBRE PAREDES E FORROS,True,False,25.45,25.45,25.45,25.45,,,False,False,c9a408180051aaa4e38fe277afd37500d913d617b22cb55cd61158248094d761,teste,False,False
der_es,sem_desoneracao,190102,"Emassamento de paredes e forros, com duas demãos de massa à base de óleo, marcas de referência Suvinil, Coral ou Metalatex",PINTURA / SOBRE PAREDES E FORROS,m2,2a4aef57475c9337f4b60a293e2cac7934cfb9ca0989a612c12ed9d8a2c34bb6,c9a408180051aaa4e38fe277afd37500d913d617b22cb55cd61158248094d761,TABELA REFERENCIAL OBRAS - DER-ES - 2026-03 - MAR/XLS/tab_DER-EDIFICAÇÕES_2026_03_servicos.xlsx!A1229,2026-03,2026-04,m2,PINTURA / SOBRE PAREDES E FORROS,True,False,25.45,25.45,25.45,24.95,,,False,False,b07a6f7cd81d76e43925b8f994875b35e8468c5a37790367db80f72665fc0b2b,teste,False,False
der_es,sem_desoneracao,190102,"Emassamento de paredes e forros, com duas demãos de massa à base de óleo, marcas de referência Suvinil, Coral ou Metalatex",PINTURA / SOBRE PAREDES E FORROS,m2,2a4aef57475c9337f4b60a293e2cac7934cfb9ca0989a612c12ed9d8a2c34bb6,b07a6f7cd81d76e43925b8f994875b35e8468c5a37790367db80f72665fc0b2b,TABELA REFERENCIAL OBRAS - DER-ES - 2026-04 - ABR/XLS/tab_DER-EDIFICAÇÕES_2026_04_servicos.xlsx!A1229,2026-04,2026-05,m2,PINTURA / SOBRE PAREDES E FORROS,True,False,24.95,25.45,25.45,25.98,,,False,False,9d7efd575c10dc676bc49f5acb5630fa9b3cd2b98449be07612e1891e8d213f6,teste,False,False
der_es,sem_desoneracao,190103,"Emassamento de paredes e forros, com duas demãos de massa acrílica premium, referência Suvinil, Coral ou Sherwin Williams ou equivalente, inclusive uma demão de liquido selador acrílico, referência Suvinil, Coral ou Metalatex ou equivalente",PINTURA / SOBRE PAREDES E FORROS,m2,d30c7fe74b2f2e8723be75deb5b9be22f47c9f934cafd95529357a234791312a,2dd7e7c15552e8663b500f12008e09dc39c3816602e826e994d7dc8922d7ac8f,TABELA REFERENCIAL OBRAS - DER-ES - 2025-03 - MAR/XLS/tab_DER-EDIFICAÇσES_2025_03_servicos.xlsx!A1233,2025-03,2025-04,m2,PINTURA / SOBRE PAREDES E FORROS,True,False,22.14,22.14,22.14,22.75,,,False,False,d2087ecf8affe6feb21bd38f6045155bdc7d4b18356273e8e54c68d96e73dbd4,treino,False,False
der_es,sem_desoneracao,190103,"Emassamento de paredes e forros, com duas demãos de massa acrílica premium, referência Suvinil, Coral ou Sherwin Williams ou equivalente, inclusive uma demão de liquido selador acrílico, referência Suvinil, Coral ou Metalatex ou equivalente",PINTURA / SOBRE PAREDES E FORROS,m2,d30c7fe74b2f2e8723be75deb5b9be22f47c9f934cafd95529357a234791312a,d2087ecf8affe6feb21bd38f6045155bdc7d4b18356273e8e54c68d96e73dbd4,TABELA REFERENCIAL OBRAS - DER-ES - 2025-04 - ABR/XLS/tab_DER-EDIFICAÇσES_2025_04_servicos.xlsx!A1234,2025-04,2025-05,m2,PINTURA / SOBRE PAREDES E FORROS,True,False,22.75,22.14,22.14,23.83,,,False,False,2bf6c2c7e6a976b4518fe548f59e259ac8091a61f440b44f17701ff9a0f00926,treino,False,False
der_es,sem_desoneracao,190103,"Emassamento de paredes e forros, com duas demãos de massa acrílica premium, referência Suvinil, Coral ou Sherwin Williams ou equivalente, inclusive uma demão de liquido selador acrílico, referência Suvinil, Coral ou Metalatex ou equivalente",PINTURA / SOBRE PAREDES E FORROS,m2,d30c7fe74b2f2e8723be75deb5b9be22f47c9f934cafd95529357a234791312a,2bf6c2c7e6a976b4518fe548f59e259ac8091a61f440b44f17701ff9a0f00926,TABELA REFERENCIAL OBRAS - DER-ES - 2025-05 - MAI/XLS/tab_DER-EDIFICAÇσES_2025_05_servicos.xlsx!A1235,2025-05,2025-06,m2,PINTURA / SOBRE PAREDES E FORROS,True,False,23.83,22.75,22.14,23.83,,,False,False,22734abdbfefadc850a2608b6f454b5f7c18b5e3c19f87c396d85d1e76c75234,treino,False,False
der_es,sem_desoneracao,190103,"Emassamento de paredes e forros, com duas demãos de massa acrílica premium, referência Suvinil, Coral ou Sherwin Williams ou equivalente, inclusive uma demão de liquido selador acrílico, referência Suvinil, Coral ou Metalatex ou equivalente",PINTURA / SOBRE PAREDES E FORROS,m2,d30c7fe74b2f2e8723be75deb5b9be22f47c9f934cafd95529357a234791312a,22734abdbfefadc850a2608b6f454b5f7c18b5e3c19f87c396d85d1e76c75234,TABELA REFERENCIAL OBRAS - DER-ES - 2025-06 - JUN/XLS/tab_DER-EDIFICAÇÕES_2025_06_servicos.xlsx!A1233,2025-06,2025-07,m2,PINTURA / SOBRE PAREDES E FORROS,True,False,23.83,23.83,22.75,23.83,,,False,False,9f2d3bc52e35d3a9c0317f2bbd34359ce4b9eb726cfdad03719dc91ab8a6eb52,treino,False,False
der_es,sem_desoneracao,190103,"Emassamento de paredes e forros, com duas demãos de massa acrílica premium, referência Suvinil, Coral ou Sherwin Williams ou equivalente, inclusive uma demão de liquido selador acrílico, referência Suvinil, Coral ou Metalatex ou equivalente",PINTURA / SOBRE PAREDES E FORROS,m2,d30c7fe74b2f2e8723be75deb5b9be22f47c9f934cafd95529357a234791312a,9f2d3bc52e35d3a9c0317f2bbd34359ce4b9eb726cfdad03719dc91ab8a6eb52,TABELA REFERENCIAL OBRAS - DER-ES - 2025-07 - JUL/TABELA REFERENCIAL OBRAS - DER-ES - 2025-07 - JUL/XLS/tab_DER-EDIFICAÇÕES_2025_07_servicos.xlsx!A1233,2025-07,2025-08,m2,PINTURA / SOBRE PAREDES E FORROS,True,False,23.83,23.83,23.83,23.83,,,False,False,f4e1c72d0bc82c19d0327a48458bea46cf1a06c556062fe2206e7955be9a14b1,treino,False,False
der_es,sem_desoneracao,190103,"Emassamento de paredes e forros, com duas demãos de massa acrílica premium, referência Suvinil, Coral ou Sherwin Williams ou equivalente, inclusive uma demão de liquido selador acrílico, referência Suvinil, Coral ou Metalatex ou equivalente",PINTURA / SOBRE PAREDES E FORROS,m2,d30c7fe74b2f2e8723be75deb5b9be22f47c9f934cafd95529357a234791312a,f4e1c72d0bc82c19d0327a48458bea46cf1a06c556062fe2206e7955be9a14b1,TABELA REFERENCIAL OBRAS - DER-ES - 2025-08 - AGO/XLS/tab_DER-EDIFICAÇÕES_2025_08_servicos.xlsx!A1233,2025-08,2025-09,m2,PINTURA / SOBRE PAREDES E FORROS,True,False,23.83,23.83,23.83,23.83,,,False,False,7b1be34ee7d5dd82bcaeb75a32037ae0f2eea1e439205f05e57077b8a3567875,treino,False,False
der_es,sem_desoneracao,190103,"Emassamento de paredes e forros, com duas demãos de massa acrílica premium, referência Suvinil, Coral ou Sherwin Williams ou equivalente, inclusive uma demão de liquido selador acrílico, referência Suvinil, Coral ou Metalatex ou equivalente",PINTURA / SOBRE PAREDES E FORROS,m2,d30c7fe74b2f2e8723be75deb5b9be22f47c9f934cafd95529357a234791312a,7b1be34ee7d5dd82bcaeb75a32037ae0f2eea1e439205f05e57077b8a3567875,TABELA REFERENCIAL OBRAS - DER-ES - 2025-09 - SET/XLS/tab_DER-EDIFICAÇÕES_2025_09_servicos.xlsx!A1233,2025-09,2025-10,m2,PINTURA / SOBRE PAREDES E FORROS,True,False,23.83,23.83,23.83,23.75,,,False,False,25f27b5ef0ad1c6c63d22be1ab543e5a65d73aa17c4d0463109a84f7209c8fa3,treino,False,False
der_es,sem_desoneracao,190103,"Emassamento de paredes e forros, com duas demãos de massa acrílica premium, referência Suvinil, Coral ou Sherwin Williams ou equivalente, inclusive uma demão de liquido selador acrílico, referência Suvinil, Coral ou Metalatex ou equivalente",PINTURA / SOBRE PAREDES E FORROS,m2,d30c7fe74b2f2e8723be75deb5b9be22f47c9f934cafd95529357a234791312a,25f27b5ef0ad1c6c63d22be1ab543e5a65d73aa17c4d0463109a84f7209c8fa3,TABELA REFERENCIAL OBRAS - DER-ES - 2025-10 - OUT/XLS/tab_DER-EDIFICAÇÕES_2025_10_servicos.xlsx!A1233,2025-10,2025-11,m2,PINTURA / SOBRE PAREDES E FORROS,True,False,23.75,23.83,23.83,23.75,,,False,False,d856141d8d195b8bf3114dd64686b80db08318d557f9eb5f279d84fffec1a86e,treino,False,False
der_es,sem_desoneracao,190103,"Emassamento de paredes e forros, com duas demãos de massa acrílica premium, referência Suvinil, Coral ou Sherwin Williams ou equivalente, inclusive uma demão de liquido selador acrílico, referência Suvinil, Coral ou Metalatex ou equivalente",PINTURA / SOBRE PAREDES E FORROS,m2,d30c7fe74b2f2e8723be75deb5b9be22f47c9f934cafd95529357a234791312a,d856141d8d195b8bf3114dd64686b80db08318d557f9eb5f279d84fffec1a86e,TABELA REFERENCIAL OBRAS - DER-ES - 2025-11 - NOV/XLS/tab_DER-EDIFICAÇÕES_2025_11_servicos.xlsx!A1233,2025-11,2025-12,m2,PINTURA / SOBRE PAREDES E FORROS,True,False,23.75,23.75,23.83,23.75,,,False,False,cf2ae6d6af6081526a2c2c6a6446342c23099ac3a9c81f310e3a5da2680fb053,treino,False,False
der_es,sem_desoneracao,190103,"Emassamento de paredes e forros, com duas demãos de massa acrílica premium, referência Suvinil, Coral ou Sherwin Williams ou equivalente, inclusive uma demão de liquido selador acrílico, referência Suvinil, Coral ou Metalatex ou equivalente",PINTURA / SOBRE PAREDES E FORROS,m2,d30c7fe74b2f2e8723be75deb5b9be22f47c9f934cafd95529357a234791312a,cf2ae6d6af6081526a2c2c6a6446342c23099ac3a9c81f310e3a5da2680fb053,TABELA REFERENCIAL OBRAS - DER-ES - 2025-12 - DEZ/XLS/tab_DER-EDIFICAÇÕES_2025_12_servicos.xlsx!A1232,2025-12,2026-01,m2,PINTURA / SOBRE PAREDES E FORROS,True,False,23.75,23.75,23.75,23.75,,,False,False,4feebcbe8c47058cf57314347405d833cdfb5d2340951f005ab53d27ae84fd84,validacao,False,False
der_es,sem_desoneracao,190103,"Emassamento de paredes e forros, com duas demãos de massa acrílica premium, referência Suvinil, Coral ou Sherwin Williams ou equivalente, inclusive uma demão de liquido selador acrílico, referência Suvinil, Coral ou Metalatex ou equivalente",PINTURA / SOBRE PAREDES E FORROS,m2,d30c7fe74b2f2e8723be75deb5b9be22f47c9f934cafd95529357a234791312a,4feebcbe8c47058cf57314347405d833cdfb5d2340951f005ab53d27ae84fd84,TABELA REFERENCIAL OBRAS - DER-ES - 2026-01 - JAN/XLS/tab_DER-EDIFICAÇÕES_2026_01_servicos.xlsx!A1232,2026-01,2026-02,m2,PINTURA / SOBRE PAREDES E FORROS,True,False,23.75,23.75,23.75,23.75,,,False,False,1a7537f06fa9b2a1aff5982ae95ae6bf2ec16498e28430445e55584fbcce9a3c,validacao,False,False
der_es,sem_desoneracao,190103,"Emassamento de paredes e forros, com duas demãos de massa acrílica premium, referência Suvinil, Coral ou Sherwin Williams ou equivalente, inclusive uma demão de liquido selador acrílico, referência Suvinil, Coral ou Metalatex ou equivalente",PINTURA / SOBRE PAREDES E FORROS,m2,d30c7fe74b2f2e8723be75deb5b9be22f47c9f934cafd95529357a234791312a,1a7537f06fa9b2a1aff5982ae95ae6bf2ec16498e28430445e55584fbcce9a3c,TABELA REFERENCIAL OBRAS - DER-ES - 2026-02 - FEV/XLS/tab_DER-EDIFICAÇÕES_2026_02_servicos.xlsx!A1230,2026-02,2026-03,m2,PINTURA / SOBRE PAREDES E FORROS,True,False,23.75,23.75,23.75,23.75,,,False,False,c9a408180051aaa4e38fe277afd37500d913d617b22cb55cd61158248094d761,teste,False,False
der_es,sem_desoneracao,190103,"Emassamento de paredes e forros, com duas demãos de massa acrílica premium, referência Suvinil, Coral ou Sherwin Williams ou equivalente, inclusive uma demão de liquido selador acrílico, referência Suvinil, Coral ou Metalatex ou equivalente",PINTURA / SOBRE PAREDES E FORROS,m2,d30c7fe74b2f2e8723be75deb5b9be22f47c9f934cafd95529357a234791312a,c9a408180051aaa4e38fe277afd37500d913d617b22cb55cd61158248094d761,TABELA REFERENCIAL OBRAS - DER-ES - 2026-03 - MAR/XLS/tab_DER-EDIFICAÇÕES_2026_03_servicos.xlsx!A1230,2026-03,2026-04,m2,PINTURA / SOBRE PAREDES E FORROS,True,False,23.75,23.75,23.75,22.3,,,False,False,b07a6f7cd81d76e43925b8f994875b35e8468c5a37790367db80f72665fc0b2b,teste,False,False
der_es,sem_desoneracao,190103,"Emassamento de paredes e forros, com duas demãos de massa acrílica premium, referência Suvinil, Coral ou Sherwin Williams ou equivalente, inclusive uma demão de liquido selador acrílico, referência Suvinil, Coral ou Metalatex ou equivalente",PINTURA / SOBRE PAREDES E FORROS,m2,d30c7fe74b2f2e8723be75deb5b9be22f47c9f934cafd95529357a234791312a,b07a6f7cd81d76e43925b8f994875b35e8468c5a37790367db80f72665fc0b2b,TABELA REFERENCIAL OBRAS - DER-ES - 2026-04 - ABR/XLS/tab_DER-EDIFICAÇÕES_2026_04_servicos.xlsx!A1230,2026-04,2026-05,m2,PINTURA / SOBRE PAREDES E FORROS,True,False,22.3,23.75,23.75,23.34,,,False,False,9d7efd575c10dc676bc49f5acb5630fa9b3cd2b98449be07612e1891e8d213f6,teste,False,False
der_es,sem_desoneracao,190104,"Pintura em paredes e forros, aplicação manual, com três demãos de tinta látex premium, referência Suvinil, Coral e Metalatex, inclusive uma demão de liquido selador PVA, referência Suvinil, Coral ou Metalatex ou equivalente",PINTURA / SOBRE PAREDES E FORROS,m2,926ad9e8dbbbe4648f6c74df4606989986ee37dff6be93f3d8fa34ad494bd2b8,2dd7e7c15552e8663b500f12008e09dc39c3816602e826e994d7dc8922d7ac8f,TABELA REFERENCIAL OBRAS - DER-ES - 2025-03 - MAR/XLS/tab_DER-EDIFICAÇσES_2025_03_servicos.xlsx!A1234,2025-03,2025-04,m2,PINTURA / SOBRE PAREDES E FORROS,True,False,27.39,27.39,27.39,27.16,,,False,False,d2087ecf8affe6feb21bd38f6045155bdc7d4b18356273e8e54c68d96e73dbd4,treino,False,False
der_es,sem_desoneracao,190104,"Pintura em paredes e forros, aplicação manual, com três demãos de tinta látex premium, referência Suvinil, Coral e Metalatex, inclusive uma demão de liquido selador PVA, referência Suvinil, Coral ou Metalatex ou equivalente",PINTURA / SOBRE PAREDES E FORROS,m2,926ad9e8dbbbe4648f6c74df4606989986ee37dff6be93f3d8fa34ad494bd2b8,d2087ecf8affe6feb21bd38f6045155bdc7d4b18356273e8e54c68d96e73dbd4,TABELA REFERENCIAL OBRAS - DER-ES - 2025-04 - ABR/XLS/tab_DER-EDIFICAÇσES_2025_04_servicos.xlsx!A1235,2025-04,2025-05,m2,PINTURA / SOBRE PAREDES E FORROS,True,False,27.16,27.39,27.39,28.77,,,False,False,2bf6c2c7e6a976b4518fe548f59e259ac8091a61f440b44f17701ff9a0f00926,treino,False,False
der_es,sem_desoneracao,190104,"Pintura em paredes e forros, aplicação manual, com três demãos de tinta látex premium, referência Suvinil, Coral e Metalatex, inclusive uma demão de liquido selador PVA, referência Suvinil, Coral ou Metalatex ou equivalente",PINTURA / SOBRE PAREDES E FORROS,m2,926ad9e8dbbbe4648f6c74df4606989986ee37dff6be93f3d8fa34ad494bd2b8,2bf6c2c7e6a976b4518fe548f59e259ac8091a61f440b44f17701ff9a0f00926,TABELA REFERENCIAL OBRAS - DER-ES - 2025-05 - MAI/XLS/tab_DER-EDIFICAÇσES_2025_05_servicos.xlsx!A1236,2025-05,2025-06,m2,PINTURA / SOBRE PAREDES E FORROS,True,False,28.77,27.16,27.39,28.77,,,False,False,22734abdbfefadc850a2608b6f454b5f7c18b5e3c19f87c396d85d1e76c75234,treino,False,False
der_es,sem_desoneracao,190104,"Pintura em paredes e forros, aplicação manual, com três demãos de tinta látex premium, referência Suvinil, Coral e Metalatex, inclusive uma demão de liquido selador PVA, referência Suvinil, Coral ou Metalatex ou equivalente",PINTURA / SOBRE PAREDES E FORROS,m2,926ad9e8dbbbe4648f6c74df4606989986ee37dff6be93f3d8fa34ad494bd2b8,22734abdbfefadc850a2608b6f454b5f7c18b5e3c19f87c396d85d1e76c75234,TABELA REFERENCIAL OBRAS - DER-ES - 2025-06 - JUN/XLS/tab_DER-EDIFICAÇÕES_2025_06_servicos.xlsx!A1234,2025-06,2025-07,m2,PINTURA / SOBRE PAREDES E FORROS,True,False,28.77,28.77,27.16,28.77,,,False,False,9f2d3bc52e35d3a9c0317f2bbd34359ce4b9eb726cfdad03719dc91ab8a6eb52,treino,False,False
der_es,sem_desoneracao,190104,"Pintura em paredes e forros, aplicação manual, com três demãos de tinta látex premium, referência Suvinil, Coral e Metalatex, inclusive uma demão de liquido selador PVA, referência Suvinil, Coral ou Metalatex ou equivalente",PINTURA / SOBRE PAREDES E FORROS,m2,926ad9e8dbbbe4648f6c74df4606989986ee37dff6be93f3d8fa34ad494bd2b8,9f2d3bc52e35d3a9c0317f2bbd34359ce4b9eb726cfdad03719dc91ab8a6eb52,TABELA REFERENCIAL OBRAS - DER-ES - 2025-07 - JUL/TABELA REFERENCIAL OBRAS - DER-ES - 2025-07 - JUL/XLS/tab_DER-EDIFICAÇÕES_2025_07_servicos.xlsx!A1234,2025-07,2025-08,m2,PINTURA / SOBRE PAREDES E FORROS,True,False,28.77,28.77,28.77,28.77,,,False,False,f4e1c72d0bc82c19d0327a48458bea46cf1a06c556062fe2206e7955be9a14b1,treino,False,False
der_es,sem_desoneracao,190104,"Pintura em paredes e forros, aplicação manual, com três demãos de tinta látex premium, referência Suvinil, Coral e Metalatex, inclusive uma demão de liquido selador PVA, referência Suvinil, Coral ou Metalatex ou equivalente",PINTURA / SOBRE PAREDES E FORROS,m2,926ad9e8dbbbe4648f6c74df4606989986ee37dff6be93f3d8fa34ad494bd2b8,f4e1c72d0bc82c19d0327a48458bea46cf1a06c556062fe2206e7955be9a14b1,TABELA REFERENCIAL OBRAS - DER-ES - 2025-08 - AGO/XLS/tab_DER-EDIFICAÇÕES_2025_08_servicos.xlsx!A1234,2025-08,2025-09,m2,PINTURA / SOBRE PAREDES E FORROS,True,False,28.77,28.77,28.77,28.77,,,False,False,7b1be34ee7d5dd82bcaeb75a32037ae0f2eea1e439205f05e57077b8a3567875,treino,False,False
der_es,sem_desoneracao,190104,"Pintura em paredes e forros, aplicação manual, com três demãos de tinta látex premium, referência Suvinil, Coral e Metalatex, inclusive uma demão de liquido selador PVA, referência Suvinil, Coral ou Metalatex ou equivalente",PINTURA / SOBRE PAREDES E FORROS,m2,926ad9e8dbbbe4648f6c74df4606989986ee37dff6be93f3d8fa34ad494bd2b8,7b1be34ee7d5dd82bcaeb75a32037ae0f2eea1e439205f05e57077b8a3567875,TABELA REFERENCIAL OBRAS - DER-ES - 2025-09 - SET/XLS/tab_DER-EDIFICAÇÕES_2025_09_servicos.xlsx!A1234,2025-09,2025-10,m2,PINTURA / SOBRE PAREDES E FORROS,True,False,28.77,28.77,28.77,30.77,,,False,False,25f27b5ef0ad1c6c63d22be1ab543e5a65d73aa17c4d0463109a84f7209c8fa3,treino,False,False
der_es,sem_desoneracao,190104,"Pintura em paredes e forros, aplicação manual, com três demãos de tinta látex premium, referência Suvinil, Coral e Metalatex, inclusive uma demão de liquido selador PVA, referência Suvinil, Coral ou Metalatex ou equivalente",PINTURA / SOBRE PAREDES E FORROS,m2,926ad9e8dbbbe4648f6c74df4606989986ee37dff6be93f3d8fa34ad494bd2b8,25f27b5ef0ad1c6c63d22be1ab543e5a65d73aa17c4d0463109a84f7209c8fa3,TABELA REFERENCIAL OBRAS - DER-ES - 2025-10 - OUT/XLS/tab_DER-EDIFICAÇÕES_2025_10_servicos.xlsx!A1234,2025-10,2025-11,m2,PINTURA / SOBRE PAREDES E FORROS,True,False,30.77,28.77,28.77,30.77,,,False,False,d856141d8d195b8bf3114dd64686b80db08318d557f9eb5f279d84fffec1a86e,treino,False,False
der_es,sem_desoneracao,190104,"Pintura em paredes e forros, aplicação manual, com três demãos de tinta látex premium, referência Suvinil, Coral e Metalatex, inclusive uma demão de liquido selador PVA, referência Suvinil, Coral ou Metalatex ou equivalente",PINTURA / SOBRE PAREDES E FORROS,m2,926ad9e8dbbbe4648f6c74df4606989986ee37dff6be93f3d8fa34ad494bd2b8,d856141d8d195b8bf3114dd64686b80db08318d557f9eb5f279d84fffec1a86e,TABELA REFERENCIAL OBRAS - DER-ES - 2025-11 - NOV/XLS/tab_DER-EDIFICAÇÕES_2025_11_servicos.xlsx!A1234,2025-11,2025-12,m2,PINTURA / SOBRE PAREDES E FORROS,True,False,30.77,30.77,28.77,30.77,,,False,False,cf2ae6d6af6081526a2c2c6a6446342c23099ac3a9c81f310e3a5da2680fb053,treino,False,False
der_es,sem_desoneracao,190104,"Pintura em paredes e forros, aplicação manual, com três demãos de tinta látex premium, referência Suvinil, Coral e Metalatex, inclusive uma demão de liquido selador PVA, referência Suvinil, Coral ou Metalatex ou equivalente",PINTURA / SOBRE PAREDES E FORROS,m2,926ad9e8dbbbe4648f6c74df4606989986ee37dff6be93f3d8fa34ad494bd2b8,cf2ae6d6af6081526a2c2c6a6446342c23099ac3a9c81f310e3a5da2680fb053,TABELA REFERENCIAL OBRAS - DER-ES - 2025-12 - DEZ/XLS/tab_DER-EDIFICAÇÕES_2025_12_servicos.xlsx!A1233,2025-12,2026-01,m2,PINTURA / SOBRE PAREDES E FORROS,True,False,30.77,30.77,30.77,30.77,,,False,False,4feebcbe8c47058cf57314347405d833cdfb5d2340951f005ab53d27ae84fd84,validacao,False,False
der_es,sem_desoneracao,190104,"Pintura em paredes e forros, aplicação manual, com três demãos de tinta látex premium, referência Suvinil, Coral e Metalatex, inclusive uma demão de liquido selador PVA, referência Suvinil, Coral ou Metalatex ou equivalente",PINTURA / SOBRE PAREDES E FORROS,m2,926ad9e8dbbbe4648f6c74df4606989986ee37dff6be93f3d8fa34ad494bd2b8,4feebcbe8c47058cf57314347405d833cdfb5d2340951f005ab53d27ae84fd84,TABELA REFERENCIAL OBRAS - DER-ES - 2026-01 - JAN/XLS/tab_DER-EDIFICAÇÕES_2026_01_servicos.xlsx!A1233,2026-01,2026-02,m2,PINTURA / SOBRE PAREDES E FORROS,True,False,30.77,30.77,30.77,30.77,,,False,False,1a7537f06fa9b2a1aff5982ae95ae6bf2ec16498e28430445e55584fbcce9a3c,validacao,False,False
der_es,sem_desoneracao,190104,"Pintura em paredes e forros, aplicação manual, com três demãos de tinta látex premium, referência Suvinil, Coral e Metalatex, inclusive uma demão de liquido selador PVA, referência Suvinil, Coral ou Metalatex ou equivalente",PINTURA / SOBRE PAREDES E FORROS,m2,926ad9e8dbbbe4648f6c74df4606989986ee37dff6be93f3d8fa34ad494bd2b8,1a7537f06fa9b2a1aff5982ae95ae6bf2ec16498e28430445e55584fbcce9a3c,TABELA REFERENCIAL OBRAS - DER-ES - 2026-02 - FEV/XLS/tab_DER-EDIFICAÇÕES_2026_02_servicos.xlsx!A1231,2026-02,2026-03,m2,PINTURA / SOBRE PAREDES E FORROS,True,False,30.77,30.77,30.77,30.77,,,False,False,c9a408180051aaa4e38fe277afd37500d913d617b22cb55cd61158248094d761,teste,False,False
der_es,sem_desoneracao,190104,"Pintura em paredes e forros, aplicação manual, com três demãos de tinta látex premium, referência Suvinil, Coral e Metalatex, inclusive uma demão de liquido selador PVA, referência Suvinil, Coral ou Metalatex ou equivalente",PINTURA / SOBRE PAREDES E FORROS,m2,926ad9e8dbbbe4648f6c74df4606989986ee37dff6be93f3d8fa34ad494bd2b8,c9a408180051aaa4e38fe277afd37500d913d617b22cb55cd61158248094d761,TABELA REFERENCIAL OBRAS - DER-ES - 2026-03 - MAR/XLS/tab_DER-EDIFICAÇÕES_2026_03_servicos.xlsx!A1231,2026-03,2026-04,m2,PINTURA / SOBRE PAREDES E FORROS,True,False,30.77,30.77,30.77,29.26,,,False,False,b07a6f7cd81d76e43925b8f994875b35e8468c5a37790367db80f72665fc0b2b,teste,False,False
der_es,sem_desoneracao,190104,"Pintura em paredes e forros, aplicação manual, com três demãos de tinta látex premium, referência Suvinil, Coral e Metalatex, inclusive uma demão de liquido selador PVA, referência Suvinil, Coral ou Metalatex ou equivalente",PINTURA / SOBRE PAREDES E FORROS,m2,926ad9e8dbbbe4648f6c74df4606989986ee37dff6be93f3d8fa34ad494bd2b8,b07a6f7cd81d76e43925b8f994875b35e8468c5a37790367db80f72665fc0b2b,TABELA REFERENCIAL OBRAS - DER-ES - 2026-04 - ABR/XLS/tab_DER-EDIFICAÇÕES_2026_04_servicos.xlsx!A1231,2026-04,2026-05,m2,PINTURA / SOBRE PAREDES E FORROS,True,False,29.26,30.77,30.77,30.79,,,False,False,9d7efd575c10dc676bc49f5acb5630fa9b3cd2b98449be07612e1891e8d213f6,teste,False,False
der_es,sem_desoneracao,190105,"Pintura em paredes e forros, aplicação manual, com três demãos de tinta esmalte sintético premium, acabamento fosco, referência Suvinil, Coral ou Metalatex, inclusive uma demão de liquido selador acrílico, referência Suvinil, Coral ou Metalatex ou equivalente",PINTURA / SOBRE PAREDES E FORROS,m2,af920e1b299357fb31a2e7f221753d2c1f4f027d59974cb360a06d4e0a20042e,2dd7e7c15552e8663b500f12008e09dc39c3816602e826e994d7dc8922d7ac8f,TABELA REFERENCIAL OBRAS - DER-ES - 2025-03 - MAR/XLS/tab_DER-EDIFICAÇσES_2025_03_servicos.xlsx!A1235,2025-03,2025-04,m2,PINTURA / SOBRE PAREDES E FORROS,True,False,32.69,32.69,32.69,32.02,,,False,False,d2087ecf8affe6feb21bd38f6045155bdc7d4b18356273e8e54c68d96e73dbd4,treino,False,False
der_es,sem_desoneracao,190105,"Pintura em paredes e forros, aplicação manual, com três demãos de tinta esmalte sintético premium, acabamento fosco, referência Suvinil, Coral ou Metalatex, inclusive uma demão de liquido selador acrílico, referência Suvinil, Coral ou Metalatex ou equivalente",PINTURA / SOBRE PAREDES E FORROS,m2,af920e1b299357fb31a2e7f221753d2c1f4f027d59974cb360a06d4e0a20042e,d2087ecf8affe6feb21bd38f6045155bdc7d4b18356273e8e54c68d96e73dbd4,TABELA REFERENCIAL OBRAS - DER-ES - 2025-04 - ABR/XLS/tab_DER-EDIFICAÇσES_2025_04_servicos.xlsx!A1236,2025-04,2025-05,m2,PINTURA / SOBRE PAREDES E FORROS,True,False,32.02,32.69,32.69,33.62,,,False,False,2bf6c2c7e6a976b4518fe548f59e259ac8091a61f440b44f17701ff9a0f00926,treino,False,False
der_es,sem_desoneracao,190105,"Pintura em paredes e forros, aplicação manual, com três demãos de tinta esmalte sintético premium, acabamento fosco, referência Suvinil, Coral ou Metalatex, inclusive uma demão de liquido selador acrílico, referência Suvinil, Coral ou Metalatex ou equivalente",PINTURA / SOBRE PAREDES E FORROS,m2,af920e1b299357fb31a2e7f221753d2c1f4f027d59974cb360a06d4e0a20042e,2bf6c2c7e6a976b4518fe548f59e259ac8091a61f440b44f17701ff9a0f00926,TABELA REFERENCIAL OBRAS - DER-ES - 2025-05 - MAI/XLS/tab_DER-EDIFICAÇσES_2025_05_servicos.xlsx!A1237,2025-05,2025-06,m2,PINTURA / SOBRE PAREDES E FORROS,True,False,33.62,32.02,32.69,33.62,,,False,False,22734abdbfefadc850a2608b6f454b5f7c18b5e3c19f87c396d85d1e76c75234,treino,False,False
der_es,sem_desoneracao,190105,"Pintura em paredes e forros, aplicação manual, com três demãos de tinta esmalte sintético premium, acabamento fosco, referência Suvinil, Coral ou Metalatex, inclusive uma demão de liquido selador acrílico, referência Suvinil, Coral ou Metalatex ou equivalente",PINTURA / SOBRE PAREDES E FORROS,m2,af920e1b299357fb31a2e7f221753d2c1f4f027d59974cb360a06d4e0a20042e,22734abdbfefadc850a2608b6f454b5f7c18b5e3c19f87c396d85d1e76c75234,TABELA REFERENCIAL OBRAS - DER-ES - 2025-06 - JUN/XLS/tab_DER-EDIFICAÇÕES_2025_06_servicos.xlsx!A1235,2025-06,2025-07,m2,PINTURA / SOBRE PAREDES E FORROS,True,False,33.62,33.62,32.02,33.62,,,False,False,9f2d3bc52e35d3a9c0317f2bbd34359ce4b9eb726cfdad03719dc91ab8a6eb52,treino,False,False
der_es,sem_desoneracao,190105,"Pintura em paredes e forros, aplicação manual, com três demãos de tinta esmalte sintético premium, acabamento fosco, referência Suvinil, Coral ou Metalatex, inclusive uma demão de liquido selador acrílico, referência Suvinil, Coral ou Metalatex ou equivalente",PINTURA / SOBRE PAREDES E FORROS,m2,af920e1b299357fb31a2e7f221753d2c1f4f027d59974cb360a06d4e0a20042e,9f2d3bc52e35d3a9c0317f2bbd34359ce4b9eb726cfdad03719dc91ab8a6eb52,TABELA REFERENCIAL OBRAS - DER-ES - 2025-07 - JUL/TABELA REFERENCIAL OBRAS - DER-ES - 2025-07 - JUL/XLS/tab_DER-EDIFICAÇÕES_2025_07_servicos.xlsx!A1235,2025-07,2025-08,m2,PINTURA / SOBRE PAREDES E FORROS,True,False,33.62,33.62,33.62,33.62,,,False,False,f4e1c72d0bc82c19d0327a48458bea46cf1a06c556062fe2206e7955be9a14b1,treino,False,False
der_es,sem_desoneracao,190105,"Pintura em paredes e forros, aplicação manual, com três demãos de tinta esmalte sintético premium, acabamento fosco, referência Suvinil, Coral ou Metalatex, inclusive uma demão de liquido selador acrílico, referência Suvinil, Coral ou Metalatex ou equivalente",PINTURA / SOBRE PAREDES E FORROS,m2,af920e1b299357fb31a2e7f221753d2c1f4f027d59974cb360a06d4e0a20042e,f4e1c72d0bc82c19d0327a48458bea46cf1a06c556062fe2206e7955be9a14b1,TABELA REFERENCIAL OBRAS - DER-ES - 2025-08 - AGO/XLS/tab_DER-EDIFICAÇÕES_2025_08_servicos.xlsx!A1235,2025-08,2025-09,m2,PINTURA / SOBRE PAREDES E FORROS,True,False,33.62,33.62,33.62,33.62,,,False,False,7b1be34ee7d5dd82bcaeb75a32037ae0f2eea1e439205f05e57077b8a3567875,treino,False,False
der_es,sem_desoneracao,190105,"Pintura em paredes e forros, aplicação manual, com três demãos de tinta esmalte sintético premium, acabamento fosco, referência Suvinil, Coral ou Metalatex, inclusive uma demão de liquido selador acrílico, referência Suvinil, Coral ou Metalatex ou equivalente",PINTURA / SOBRE PAREDES E FORROS,m2,af920e1b299357fb31a2e7f221753d2c1f4f027d59974cb360a06d4e0a20042e,7b1be34ee7d5dd82bcaeb75a32037ae0f2eea1e439205f05e57077b8a3567875,TABELA REFERENCIAL OBRAS - DER-ES - 2025-09 - SET/XLS/tab_DER-EDIFICAÇÕES_2025_09_servicos.xlsx!A1235,2025-09,2025-10,m2,PINTURA / SOBRE PAREDES E FORROS,True,False,33.62,33.62,33.62,35.98,,,False,False,25f27b5ef0ad1c6c63d22be1ab543e5a65d73aa17c4d0463109a84f7209c8fa3,treino,False,False
der_es,sem_desoneracao,190105,"Pintura em paredes e forros, aplicação manual, com três demãos de tinta esmalte sintético premium, acabamento fosco, referência Suvinil, Coral ou Metalatex, inclusive uma demão de liquido selador acrílico, referência Suvinil, Coral ou Metalatex ou equivalente",PINTURA / SOBRE PAREDES E FORROS,m2,af920e1b299357fb31a2e7f221753d2c1f4f027d59974cb360a06d4e0a20042e,25f27b5ef0ad1c6c63d22be1ab543e5a65d73aa17c4d0463109a84f7209c8fa3,TABELA REFERENCIAL OBRAS - DER-ES - 2025-10 - OUT/XLS/tab_DER-EDIFICAÇÕES_2025_10_servicos.xlsx!A1235,2025-10,2025-11,m2,PINTURA / SOBRE PAREDES E FORROS,True,False,35.98,33.62,33.62,35.98,,,False,False,d856141d8d195b8bf3114dd64686b80db08318d557f9eb5f279d84fffec1a86e,treino,False,False
der_es,sem_desoneracao,190105,"Pintura em paredes e forros, aplicação manual, com três demãos de tinta esmalte sintético premium, acabamento fosco, referência Suvinil, Coral ou Metalatex, inclusive uma demão de liquido selador acrílico, referência Suvinil, Coral ou Metalatex ou equivalente",PINTURA / SOBRE PAREDES E FORROS,m2,af920e1b299357fb31a2e7f221753d2c1f4f027d59974cb360a06d4e0a20042e,d856141d8d195b8bf3114dd64686b80db08318d557f9eb5f279d84fffec1a86e,TABELA REFERENCIAL OBRAS - DER-ES - 2025-11 - NOV/XLS/tab_DER-EDIFICAÇÕES_2025_11_servicos.xlsx!A1235,2025-11,2025-12,m2,PINTURA / SOBRE PAREDES E FORROS,True,False,35.98,35.98,33.62,35.98,,,False,False,cf2ae6d6af6081526a2c2c6a6446342c23099ac3a9c81f310e3a5da2680fb053,treino,False,False
der_es,sem_desoneracao,190105,"Pintura em paredes e forros, aplicação manual, com três demãos de tinta esmalte sintético premium, acabamento fosco, referência Suvinil, Coral ou Metalatex, inclusive uma demão de liquido selador acrílico, referência Suvinil, Coral ou Metalatex ou equivalente",PINTURA / SOBRE PAREDES E FORROS,m2,af920e1b299357fb31a2e7f221753d2c1f4f027d59974cb360a06d4e0a20042e,cf2ae6d6af6081526a2c2c6a6446342c23099ac3a9c81f310e3a5da2680fb053,TABELA REFERENCIAL OBRAS - DER-ES - 2025-12 - DEZ/XLS/tab_DER-EDIFICAÇÕES_2025_12_servicos.xlsx!A1234,2025-12,2026-01,m2,PINTURA / SOBRE PAREDES E FORROS,True,False,35.98,35.98,35.98,35.98,,,False,False,4feebcbe8c47058cf57314347405d833cdfb5d2340951f005ab53d27ae84fd84,validacao,False,False
der_es,sem_desoneracao,190105,"Pintura em paredes e forros, aplicação manual, com três demãos de tinta esmalte sintético premium, acabamento fosco, referência Suvinil, Coral ou Metalatex, inclusive uma demão de liquido selador acrílico, referência Suvinil, Coral ou Metalatex ou equivalente",PINTURA / SOBRE PAREDES E FORROS,m2,af920e1b299357fb31a2e7f221753d2c1f4f027d59974cb360a06d4e0a20042e,4feebcbe8c47058cf57314347405d833cdfb5d2340951f005ab53d27ae84fd84,TABELA REFERENCIAL OBRAS - DER-ES - 2026-01 - JAN/XLS/tab_DER-EDIFICAÇÕES_2026_01_servicos.xlsx!A1234,2026-01,2026-02,m2,PINTURA / SOBRE PAREDES E FORROS,True,False,35.98,35.98,35.98,35.98,,,False,False,1a7537f06fa9b2a1aff5982ae95ae6bf2ec16498e28430445e55584fbcce9a3c,validacao,False,False
der_es,sem_desoneracao,190105,"Pintura em paredes e forros, aplicação manual, com três demãos de tinta esmalte sintético premium, acabamento fosco, referência Suvinil, Coral ou Metalatex, inclusive uma demão de liquido selador acrílico, referência Suvinil, Coral ou Metalatex ou equivalente",PINTURA / SOBRE PAREDES E FORROS,m2,af920e1b299357fb31a2e7f221753d2c1f4f027d59974cb360a06d4e0a20042e,1a7537f06fa9b2a1aff5982ae95ae6bf2ec16498e28430445e55584fbcce9a3c,TABELA REFERENCIAL OBRAS - DER-ES - 2026-02 - FEV/XLS/tab_DER-EDIFICAÇÕES_2026_02_servicos.xlsx!A1232,2026-02,2026-03,m2,PINTURA / SOBRE PAREDES E FORROS,True,False,35.98,35.98,35.98,35.98,,,False,False,c9a408180051aaa4e38fe277afd37500d913d617b22cb55cd61158248094d761,teste,False,False
der_es,sem_desoneracao,190105,"Pintura em paredes e forros, aplicação manual, com três demãos de tinta esmalte sintético premium, acabamento fosco, referência Suvinil, Coral ou Metalatex, inclusive uma demão de liquido selador acrílico, referência Suvinil, Coral ou Metalatex ou equivalente",PINTURA / SOBRE PAREDES E FORROS,m2,af920e1b299357fb31a2e7f221753d2c1f4f027d59974cb360a06d4e0a20042e,c9a408180051aaa4e38fe277afd37500d913d617b22cb55cd61158248094d761,TABELA REFERENCIAL OBRAS - DER-ES - 2026-03 - MAR/XLS/tab_DER-EDIFICAÇÕES_2026_03_servicos.xlsx!A1232,2026-03,2026-04,m2,PINTURA / SOBRE PAREDES E FORROS,True,False,35.98,35.98,35.98,33.98,,,False,False,b07a6f7cd81d76e43925b8f994875b35e8468c5a37790367db80f72665fc0b2b,teste,False,False
der_es,sem_desoneracao,190105,"Pintura em paredes e forros, aplicação manual, com três demãos de tinta esmalte sintético premium, acabamento fosco, referência Suvinil, Coral ou Metalatex, inclusive uma demão de liquido selador acrílico, referência Suvinil, Coral ou Metalatex ou equivalente",PINTURA / SOBRE PAREDES E FORROS,m2,af920e1b299357fb31a2e7f221753d2c1f4f027d59974cb360a06d4e0a20042e,b07a6f7cd81d76e43925b8f994875b35e8468c5a37790367db80f72665fc0b2b,TABELA REFERENCIAL OBRAS - DER-ES - 2026-04 - ABR/XLS/tab_DER-EDIFICAÇÕES_2026_04_servicos.xlsx!A1232,2026-04,2026-05,m2,PINTURA / SOBRE PAREDES E FORROS,True,False,33.98,35.98,35.98,35.52,,,False,False,9d7efd575c10dc676bc49f5acb5630fa9b3cd2b98449be07612e1891e8d213f6,teste,False,False
der_es,sem_desoneracao,190106,"Pintura em paredes e forros, aplicação manual, com três demão de tinta látex acrílico premium, referência Coral e Metalatex, inclusive uma demão de liquido selador acrílico, referência Suvinil, Coral ou Metalatex ou equivalente",PINTURA / SOBRE PAREDES E FORROS,m2,3e1643ac8b20c7096ec2cfe8ae3837ebac1fe4a823336d7dd56a68ecb1e5cc96,2dd7e7c15552e8663b500f12008e09dc39c3816602e826e994d7dc8922d7ac8f,TABELA REFERENCIAL OBRAS - DER-ES - 2025-03 - MAR/XLS/tab_DER-EDIFICAÇσES_2025_03_servicos.xlsx!A1236,2025-03,2025-04,m2,PINTURA / SOBRE PAREDES E FORROS,True,False,27.59,27.59,27.59,27.84,,,False,False,d2087ecf8affe6feb21bd38f6045155bdc7d4b18356273e8e54c68d96e73dbd4,treino,False,False
der_es,sem_desoneracao,190106,"Pintura em paredes e forros, aplicação manual, com três demão de tinta látex acrílico premium, referência Coral e Metalatex, inclusive uma demão de liquido selador acrílico, referência Suvinil, Coral ou Metalatex ou equivalente",PINTURA / SOBRE PAREDES E FORROS,m2,3e1643ac8b20c7096ec2cfe8ae3837ebac1fe4a823336d7dd56a68ecb1e5cc96,d2087ecf8affe6feb21bd38f6045155bdc7d4b18356273e8e54c68d96e73dbd4,TABELA REFERENCIAL OBRAS - DER-ES - 2025-04 - ABR/XLS/tab_DER-EDIFICAÇσES_2025_04_servicos.xlsx!A1237,2025-04,2025-05,m2,PINTURA / SOBRE PAREDES E FORROS,True,False,27.84,27.59,27.59,29.44,,,False,False,2bf6c2c7e6a976b4518fe548f59e259ac8091a61f440b44f17701ff9a0f00926,treino,False,False
der_es,sem_desoneracao,190106,"Pintura em paredes e forros, aplicação manual, com três demão de tinta látex acrílico premium, referência Coral e Metalatex, inclusive uma demão de liquido selador acrílico, referência Suvinil, Coral ou Metalatex ou equivalente",PINTURA / SOBRE PAREDES E FORROS,m2,3e1643ac8b20c7096ec2cfe8ae3837ebac1fe4a823336d7dd56a68ecb1e5cc96,2bf6c2c7e6a976b4518fe548f59e259ac8091a61f440b44f17701ff9a0f00926,TABELA REFERENCIAL OBRAS - DER-ES - 2025-05 - MAI/XLS/tab_DER-EDIFICAÇσES_2025_05_servicos.xlsx!A1238,2025-05,2025-06,m2,PINTURA / SOBRE PAREDES E FORROS,True,False,29.44,27.84,27.59,29.44,,,False,False,22734abdbfefadc850a2608b6f454b5f7c18b5e3c19f87c396d85d1e76c75234,treino,False,False
der_es,sem_desoneracao,190106,"Pintura em paredes e forros, aplicação manual, com três demão de tinta látex acrílico premium, referência Coral e Metalatex, inclusive uma demão de liquido selador acrílico, referência Suvinil, Coral ou Metalatex ou equivalente",PINTURA / SOBRE PAREDES E FORROS,m2,3e1643ac8b20c7096ec2cfe8ae3837ebac1fe4a823336d7dd56a68ecb1e5cc96,22734abdbfefadc850a2608b6f454b5f7c18b5e3c19f87c396d85d1e76c75234,TABELA REFERENCIAL OBRAS - DER-ES - 2025-06 - JUN/XLS/tab_DER-EDIFICAÇÕES_2025_06_servicos.xlsx!A1236,2025-06,2025-07,m2,PINTURA / SOBRE PAREDES E FORROS,True,False,29.44,29.44,27.84,29.44,,,False,False,9f2d3bc52e35d3a9c0317f2bbd34359ce4b9eb726cfdad03719dc91ab8a6eb52,treino,False,False
der_es,sem_desoneracao,190106,"Pintura em paredes e forros, aplicação manual, com três demão de tinta látex acrílico premium, referência Coral e Metalatex, inclusive uma demão de liquido selador acrílico, referência Suvinil, Coral ou Metalatex ou equivalente",PINTURA / SOBRE PAREDES E FORROS,m2,3e1643ac8b20c7096ec2cfe8ae3837ebac1fe4a823336d7dd56a68ecb1e5cc96,9f2d3bc52e35d3a9c0317f2bbd34359ce4b9eb726cfdad03719dc91ab8a6eb52,TABELA REFERENCIAL OBRAS - DER-ES - 2025-07 - JUL/TABELA REFERENCIAL OBRAS - DER-ES - 2025-07 - JUL/XLS/tab_DER-EDIFICAÇÕES_2025_07_servicos.xlsx!A1236,2025-07,2025-08,m2,PINTURA / SOBRE PAREDES E FORROS,True,False,29.44,29.44,29.44,29.44,,,False,False,f4e1c72d0bc82c19d0327a48458bea46cf1a06c556062fe2206e7955be9a14b1,treino,False,False
der_es,sem_desoneracao,190106,"Pintura em paredes e forros, aplicação manual, com três demão de tinta látex acrílico premium, referência Coral e Metalatex, inclusive uma demão de liquido selador acrílico, referência Suvinil, Coral ou Metalatex ou equivalente",PINTURA / SOBRE PAREDES E FORROS,m2,3e1643ac8b20c7096ec2cfe8ae3837ebac1fe4a823336d7dd56a68ecb1e5cc96,f4e1c72d0bc82c19d0327a48458bea46cf1a06c556062fe2206e7955be9a14b1,TABELA REFERENCIAL OBRAS - DER-ES - 2025-08 - AGO/XLS/tab_DER-EDIFICAÇÕES_2025_08_servicos.xlsx!A1236,2025-08,2025-09,m2,PINTURA / SOBRE PAREDES E FORROS,True,False,29.44,29.44,29.44,29.44,,,False,False,7b1be34ee7d5dd82bcaeb75a32037ae0f2eea1e439205f05e57077b8a3567875,treino,False,False
der_es,sem_desoneracao,190106,"Pintura em paredes e forros, aplicação manual, com três demão de tinta látex acrílico premium, referência Coral e Metalatex, inclusive uma demão de liquido selador acrílico, referência Suvinil, Coral ou Metalatex ou equivalente",PINTURA / SOBRE PAREDES E FORROS,m2,3e1643ac8b20c7096ec2cfe8ae3837ebac1fe4a823336d7dd56a68ecb1e5cc96,7b1be34ee7d5dd82bcaeb75a32037ae0f2eea1e439205f05e57077b8a3567875,TABELA REFERENCIAL OBRAS - DER-ES - 2025-09 - SET/XLS/tab_DER-EDIFICAÇÕES_2025_09_servicos.xlsx!A1236,2025-09,2025-10,m2,PINTURA / SOBRE PAREDES E FORROS,True,False,29.44,29.44,29.44,31.27,,,False,False,25f27b5ef0ad1c6c63d22be1ab543e5a65d73aa17c4d0463109a84f7209c8fa3,treino,False,False
der_es,sem_desoneracao,190106,"Pintura em paredes e forros, aplicação manual, com três demão de tinta látex acrílico premium, referência Coral e Metalatex, inclusive uma demão de liquido selador acrílico, referência Suvinil, Coral ou Metalatex ou equivalente",PINTURA / SOBRE PAREDES E FORROS,m2,3e1643ac8b20c7096ec2cfe8ae3837ebac1fe4a823336d7dd56a68ecb1e5cc96,25f27b5ef0ad1c6c63d22be1ab543e5a65d73aa17c4d0463109a84f7209c8fa3,TABELA REFERENCIAL OBRAS - DER-ES - 2025-10 - OUT/XLS/tab_DER-EDIFICAÇÕES_2025_10_servicos.xlsx!A1236,2025-10,2025-11,m2,PINTURA / SOBRE PAREDES E FORROS,True,False,31.27,29.44,29.44,31.27,,,False,False,d856141d8d195b8bf3114dd64686b80db08318d557f9eb5f279d84fffec1a86e,treino,False,False
der_es,sem_desoneracao,190106,"Pintura em paredes e forros, aplicação manual, com três demão de tinta látex acrílico premium, referência Coral e Metalatex, inclusive uma demão de liquido selador acrílico, referência Suvinil, Coral ou Metalatex ou equivalente",PINTURA / SOBRE PAREDES E FORROS,m2,3e1643ac8b20c7096ec2cfe8ae3837ebac1fe4a823336d7dd56a68ecb1e5cc96,d856141d8d195b8bf3114dd64686b80db08318d557f9eb5f279d84fffec1a86e,TABELA REFERENCIAL OBRAS - DER-ES - 2025-11 - NOV/XLS/tab_DER-EDIFICAÇÕES_2025_11_servicos.xlsx!A1236,2025-11,2025-12,m2,PINTURA / SOBRE PAREDES E FORROS,True,False,31.27,31.27,29.44,31.27,,,False,False,cf2ae6d6af6081526a2c2c6a6446342c23099ac3a9c81f310e3a5da2680fb053,treino,False,False
der_es,sem_desoneracao,190106,"Pintura em paredes e forros, aplicação manual, com três demão de tinta látex acrílico premium, referência Coral e Metalatex, inclusive uma demão de liquido selador acrílico, referência Suvinil, Coral ou Metalatex ou equivalente",PINTURA / SOBRE PAREDES E FORROS,m2,3e1643ac8b20c7096ec2cfe8ae3837ebac1fe4a823336d7dd56a68ecb1e5cc96,cf2ae6d6af6081526a2c2c6a6446342c23099ac3a9c81f310e3a5da2680fb053,TABELA REFERENCIAL OBRAS - DER-ES - 2025-12 - DEZ/XLS/tab_DER-EDIFICAÇÕES_2025_12_servicos.xlsx!A1235,2025-12,2026-01,m2,PINTURA / SOBRE PAREDES E FORROS,True,False,31.27,31.27,31.27,31.27,,,False,False,4feebcbe8c47058cf57314347405d833cdfb5d2340951f005ab53d27ae84fd84,validacao,False,False
der_es,sem_desoneracao,190106,"Pintura em paredes e forros, aplicação manual, com três demão de tinta látex acrílico premium, referência Coral e Metalatex, inclusive uma demão de liquido selador acrílico, referência Suvinil, Coral ou Metalatex ou equivalente",PINTURA / SOBRE PAREDES E FORROS,m2,3e1643ac8b20c7096ec2cfe8ae3837ebac1fe4a823336d7dd56a68ecb1e5cc96,4feebcbe8c47058cf57314347405d833cdfb5d2340951f005ab53d27ae84fd84,TABELA REFERENCIAL OBRAS - DER-ES - 2026-01 - JAN/XLS/tab_DER-EDIFICAÇÕES_2026_01_servicos.xlsx!A1235,2026-01,2026-02,m2,PINTURA / SOBRE PAREDES E FORROS,True,False,31.27,31.27,31.27,31.27,,,False,False,1a7537f06fa9b2a1aff5982ae95ae6bf2ec16498e28430445e55584fbcce9a3c,validacao,False,False
der_es,sem_desoneracao,190106,"Pintura em paredes e forros, aplicação manual, com três demão de tinta látex acrílico premium, referência Coral e Metalatex, inclusive uma demão de liquido selador acrílico, referência Suvinil, Coral ou Metalatex ou equivalente",PINTURA / SOBRE PAREDES E FORROS,m2,3e1643ac8b20c7096ec2cfe8ae3837ebac1fe4a823336d7dd56a68ecb1e5cc96,1a7537f06fa9b2a1aff5982ae95ae6bf2ec16498e28430445e55584fbcce9a3c,TABELA REFERENCIAL OBRAS - DER-ES - 2026-02 - FEV/XLS/tab_DER-EDIFICAÇÕES_2026_02_servicos.xlsx!A1233,2026-02,2026-03,m2,PINTURA / SOBRE PAREDES E FORROS,True,False,31.27,31.27,31.27,31.27,,,False,False,c9a408180051aaa4e38fe277afd37500d913d617b22cb55cd61158248094d761,teste,False,False
der_es,sem_desoneracao,190106,"Pintura em paredes e forros, aplicação manual, com três demão de tinta látex acrílico premium, referência Coral e Metalatex, inclusive uma demão de liquido selador acrílico, referência Suvinil, Coral ou Metalatex ou equivalente",PINTURA / SOBRE PAREDES E FORROS,m2,3e1643ac8b20c7096ec2cfe8ae3837ebac1fe4a823336d7dd56a68ecb1e5cc96,c9a408180051aaa4e38fe277afd37500d913d617b22cb55cd61158248094d761,TABELA REFERENCIAL OBRAS - DER-ES - 2026-03 - MAR/XLS/tab_DER-EDIFICAÇÕES_2026_03_servicos.xlsx!A1233,2026-03,2026-04,m2,PINTURA / SOBRE PAREDES E FORROS,True,False,31.27,31.27,31.27,29.88,,,False,False,b07a6f7cd81d76e43925b8f994875b35e8468c5a37790367db80f72665fc0b2b,teste,False,False
der_es,sem_desoneracao,190106,"Pintura em paredes e forros, aplicação manual, com três demão de tinta látex acrílico premium, referência Coral e Metalatex, inclusive uma demão de liquido selador acrílico, referência Suvinil, Coral ou Metalatex ou equivalente",PINTURA / SOBRE PAREDES E FORROS,m2,3e1643ac8b20c7096ec2cfe8ae3837ebac1fe4a823336d7dd56a68ecb1e5cc96,b07a6f7cd81d76e43925b8f994875b35e8468c5a37790367db80f72665fc0b2b,TABELA REFERENCIAL OBRAS - DER-ES - 2026-04 - ABR/XLS/tab_DER-EDIFICAÇÕES_2026_04_servicos.xlsx!A1233,2026-04,2026-05,m2,PINTURA / SOBRE PAREDES E FORROS,True,False,29.88,31.27,31.27,31.42,,,False,False,9d7efd575c10dc676bc49f5acb5630fa9b3cd2b98449be07612e1891e8d213f6,teste,False,False
der_es,sem_desoneracao,190107,Pintura com nata de cimento sobre superfície áspera a três demãos,PINTURA / SOBRE PAREDES E FORROS,m2,4eed46d4319a6785179d1120733b673ed193f705edcbc6c8a5e926908cb6564f,2dd7e7c15552e8663b500f12008e09dc39c3816602e826e994d7dc8922d7ac8f,TABELA REFERENCIAL OBRAS - DER-ES - 2025-03 - MAR/XLS/tab_DER-EDIFICAÇσES_2025_03_servicos.xlsx!A1237,2025-03,2025-04,m2,PINTURA / SOBRE PAREDES E FORROS,True,False,4.14,4.14,4.14,4.16,,,False,False,d2087ecf8affe6feb21bd38f6045155bdc7d4b18356273e8e54c68d96e73dbd4,treino,False,False
der_es,sem_desoneracao,190107,Pintura com nata de cimento sobre superfície áspera a três demãos,PINTURA / SOBRE PAREDES E FORROS,m2,4eed46d4319a6785179d1120733b673ed193f705edcbc6c8a5e926908cb6564f,d2087ecf8affe6feb21bd38f6045155bdc7d4b18356273e8e54c68d96e73dbd4,TABELA REFERENCIAL OBRAS - DER-ES - 2025-04 - ABR/XLS/tab_DER-EDIFICAÇσES_2025_04_servicos.xlsx!A1238,2025-04,2025-05,m2,PINTURA / SOBRE PAREDES E FORROS,True,False,4.16,4.14,4.14,4.52,,,False,False,2bf6c2c7e6a976b4518fe548f59e259ac8091a61f440b44f17701ff9a0f00926,treino,False,False
der_es,sem_desoneracao,190107,Pintura com nata de cimento sobre superfície áspera a três demãos,PINTURA / SOBRE PAREDES E FORROS,m2,4eed46d4319a6785179d1120733b673ed193f705edcbc6c8a5e926908cb6564f,2bf6c2c7e6a976b4518fe548f59e259ac8091a61f440b44f17701ff9a0f00926,TABELA REFERENCIAL OBRAS - DER-ES - 2025-05 - MAI/XLS/tab_DER-EDIFICAÇσES_2025_05_servicos.xlsx!A1239,2025-05,2025-06,m2,PINTURA / SOBRE PAREDES E FORROS,True,False,4.52,4.16,4.14,4.52,,,False,False,22734abdbfefadc850a2608b6f454b5f7c18b5e3c19f87c396d85d1e76c75234,treino,False,False
der_es,sem_desoneracao,190107,Pintura com nata de cimento sobre superfície áspera a três demãos,PINTURA / SOBRE PAREDES E FORROS,m2,4eed46d4319a6785179d1120733b673ed193f705edcbc6c8a5e926908cb6564f,22734abdbfefadc850a2608b6f454b5f7c18b5e3c19f87c396d85d1e76c75234,TABELA REFERENCIAL OBRAS - DER-ES - 2025-06 - JUN/XLS/tab_DER-EDIFICAÇÕES_2025_06_servicos.xlsx!A1237,2025-06,2025-07,m2,PINTURA / SOBRE PAREDES E FORROS,True,False,4.52,4.52,4.16,4.52,,,False,False,9f2d3bc52e35d3a9c0317f2bbd34359ce4b9eb726cfdad03719dc91ab8a6eb52,treino,False,False
der_es,sem_desoneracao,190107,Pintura com nata de cimento sobre superfície áspera a três demãos,PINTURA / SOBRE PAREDES E FORROS,m2,4eed46d4319a6785179d1120733b673ed193f705edcbc6c8a5e926908cb6564f,9f2d3bc52e35d3a9c0317f2bbd34359ce4b9eb726cfdad03719dc91ab8a6eb52,TABELA REFERENCIAL OBRAS - DER-ES - 2025-07 - JUL/TABELA REFERENCIAL OBRAS - DER-ES - 2025-07 - JUL/XLS/tab_DER-EDIFICAÇÕES_2025_07_servicos.xlsx!A1237,2025-07,2025-08,m2,PINTURA / SOBRE PAREDES E FORROS,True,False,4.52,4.52,4.52,4.52,,,False,False,f4e1c72d0bc82c19d0327a48458bea46cf1a06c556062fe2206e7955be9a14b1,treino,False,False
der_es,sem_desoneracao,190107,Pintura com nata de cimento sobre superfície áspera a três demãos,PINTURA / SOBRE PAREDES E FORROS,m2,4eed46d4319a6785179d1120733b673ed193f705edcbc6c8a5e926908cb6564f,f4e1c72d0bc82c19d0327a48458bea46cf1a06c556062fe2206e7955be9a14b1,TABELA REFERENCIAL OBRAS - DER-ES - 2025-08 - AGO/XLS/tab_DER-EDIFICAÇÕES_2025_08_servicos.xlsx!A1237,2025-08,2025-09,m2,PINTURA / SOBRE PAREDES E FORROS,True,False,4.52,4.52,4.52,4.52,,,False,False,7b1be34ee7d5dd82bcaeb75a32037ae0f2eea1e439205f05e57077b8a3567875,treino,False,False
der_es,sem_desoneracao,190107,Pintura com nata de cimento sobre superfície áspera a três demãos,PINTURA / SOBRE PAREDES E FORROS,m2,4eed46d4319a6785179d1120733b673ed193f705edcbc6c8a5e926908cb6564f,7b1be34ee7d5dd82bcaeb75a32037ae0f2eea1e439205f05e57077b8a3567875,TABELA REFERENCIAL OBRAS - DER-ES - 2025-09 - SET/XLS/tab_DER-EDIFICAÇÕES_2025_09_servicos.xlsx!A1237,2025-09,2025-10,m2,PINTURA / SOBRE PAREDES E FORROS,True,False,4.52,4.52,4.52,4.51,,,False,False,25f27b5ef0ad1c6c63d22be1ab543e5a65d73aa17c4d0463109a84f7209c8fa3,treino,False,False
der_es,sem_desoneracao,190107,Pintura com nata de cimento sobre superfície áspera a três demãos,PINTURA / SOBRE PAREDES E FORROS,m2,4eed46d4319a6785179d1120733b673ed193f705edcbc6c8a5e926908cb6564f,25f27b5ef0ad1c6c63d22be1ab543e5a65d73aa17c4d0463109a84f7209c8fa3,TABELA REFERENCIAL OBRAS - DER-ES - 2025-10 - OUT/XLS/tab_DER-EDIFICAÇÕES_2025_10_servicos.xlsx!A1237,2025-10,2025-11,m2,PINTURA / SOBRE PAREDES E FORROS,True,False,4.51,4.52,4.52,4.51,,,False,False,d856141d8d195b8bf3114dd64686b80db08318d557f9eb5f279d84fffec1a86e,treino,False,False
der_es,sem_desoneracao,190107,Pintura com nata de cimento sobre superfície áspera a três demãos,PINTURA / SOBRE PAREDES E FORROS,m2,4eed46d4319a6785179d1120733b673ed193f705edcbc6c8a5e926908cb6564f,d856141d8d195b8bf3114dd64686b80db08318d557f9eb5f279d84fffec1a86e,TABELA REFERENCIAL OBRAS - DER-ES - 2025-11 - NOV/XLS/tab_DER-EDIFICAÇÕES_2025_11_servicos.xlsx!A1237,2025-11,2025-12,m2,PINTURA / SOBRE PAREDES E FORROS,True,False,4.51,4.51,4.52,4.54,,,False,False,cf2ae6d6af6081526a2c2c6a6446342c23099ac3a9c81f310e3a5da2680fb053,treino,False,False
der_es,sem_desoneracao,190107,Pintura com nata de cimento sobre superfície áspera a três demãos,PINTURA / SOBRE PAREDES E FORROS,m2,4eed46d4319a6785179d1120733b673ed193f705edcbc6c8a5e926908cb6564f,cf2ae6d6af6081526a2c2c6a6446342c23099ac3a9c81f310e3a5da2680fb053,TABELA REFERENCIAL OBRAS - DER-ES - 2025-12 - DEZ/XLS/tab_DER-EDIFICAÇÕES_2025_12_servicos.xlsx!A1236,2025-12,2026-01,m2,PINTURA / SOBRE PAREDES E FORROS,True,False,4.54,4.51,4.51,4.54,,,False,False,4feebcbe8c47058cf57314347405d833cdfb5d2340951f005ab53d27ae84fd84,validacao,False,False
der_es,sem_desoneracao,190107,Pintura com nata de cimento sobre superfície áspera a três demãos,PINTURA / SOBRE PAREDES E FORROS,m2,4eed46d4319a6785179d1120733b673ed193f705edcbc6c8a5e926908cb6564f,4feebcbe8c47058cf57314347405d833cdfb5d2340951f005ab53d27ae84fd84,TABELA REFERENCIAL OBRAS - DER-ES - 2026-01 - JAN/XLS/tab_DER-EDIFICAÇÕES_2026_01_servicos.xlsx!A1236,2026-01,2026-02,m2,PINTURA / SOBRE PAREDES E FORROS,True,False,4.54,4.54,4.51,4.5,,,False,False,1a7537f06fa9b2a1aff5982ae95ae6bf2ec16498e28430445e55584fbcce9a3c,validacao,False,False
der_es,sem_desoneracao,190107,Pintura com nata de cimento sobre superfície áspera a três demãos,PINTURA / SOBRE PAREDES E FORROS,m2,4eed46d4319a6785179d1120733b673ed193f705edcbc6c8a5e926908cb6564f,1a7537f06fa9b2a1aff5982ae95ae6bf2ec16498e28430445e55584fbcce9a3c,TABELA REFERENCIAL OBRAS - DER-ES - 2026-02 - FEV/XLS/tab_DER-EDIFICAÇÕES_2026_02_servicos.xlsx!A1234,2026-02,2026-03,m2,PINTURA / SOBRE PAREDES E FORROS,True,False,4.5,4.54,4.54,4.5,,,False,False,c9a408180051aaa4e38fe277afd37500d913d617b22cb55cd61158248094d761,teste,False,False
der_es,sem_desoneracao,190107,Pintura com nata de cimento sobre superfície áspera a três demãos,PINTURA / SOBRE PAREDES E FORROS,m2,4eed46d4319a6785179d1120733b673ed193f705edcbc6c8a5e926908cb6564f,c9a408180051aaa4e38fe277afd37500d913d617b22cb55cd61158248094d761,TABELA REFERENCIAL OBRAS - DER-ES - 2026-03 - MAR/XLS/tab_DER-EDIFICAÇÕES_2026_03_servicos.xlsx!A1234,2026-03,2026-04,m2,PINTURA / SOBRE PAREDES E FORROS,True,False,4.5,4.5,4.54,4.5,,,False,False,b07a6f7cd81d76e43925b8f994875b35e8468c5a37790367db80f72665fc0b2b,teste,False,False
der_es,sem_desoneracao,190107,Pintura com nata de cimento sobre superfície áspera a três demãos,PINTURA / SOBRE PAREDES E FORROS,m2,4eed46d4319a6785179d1120733b673ed193f705edcbc6c8a5e926908cb6564f,b07a6f7cd81d76e43925b8f994875b35e8468c5a37790367db80f72665fc0b2b,TABELA REFERENCIAL OBRAS - DER-ES - 2026-04 - ABR/XLS/tab_DER-EDIFICAÇÕES_2026_04_servicos.xlsx!A1234,2026-04,2026-05,m2,PINTURA / SOBRE PAREDES E FORROS,True,False,4.5,4.5,4.5,4.78,,,False,False,9d7efd575c10dc676bc49f5acb5630fa9b3cd2b98449be07612e1891e8d213f6,teste,False,False
der_es,sem_desoneracao,190108,"Pintura a cal (tipo caiação), sobre paredes e forros, a três demãos",PINTURA / SOBRE PAREDES E FORROS,m2,6fb971659f052caa6d33bf5e9d2a084fb5e855d34e9fff5c9331a8e1407eba0d,2dd7e7c15552e8663b500f12008e09dc39c3816602e826e994d7dc8922d7ac8f,TABELA REFERENCIAL OBRAS - DER-ES - 2025-03 - MAR/XLS/tab_DER-EDIFICAÇσES_2025_03_servicos.xlsx!A1238,2025-03,2025-04,m2,PINTURA / SOBRE PAREDES E FORROS,True,False,11.55,11.55,11.55,11.48,,,False,False,d2087ecf8affe6feb21bd38f6045155bdc7d4b18356273e8e54c68d96e73dbd4,treino,False,False
der_es,sem_desoneracao,190108,"Pintura a cal (tipo caiação), sobre paredes e forros, a três demãos",PINTURA / SOBRE PAREDES E FORROS,m2,6fb971659f052caa6d33bf5e9d2a084fb5e855d34e9fff5c9331a8e1407eba0d,d2087ecf8affe6feb21bd38f6045155bdc7d4b18356273e8e54c68d96e73dbd4,TABELA REFERENCIAL OBRAS - DER-ES - 2025-04 - ABR/XLS/tab_DER-EDIFICAÇσES_2025_04_servicos.xlsx!A1239,2025-04,2025-05,m2,PINTURA / SOBRE PAREDES E FORROS,True,False,11.48,11.55,11.55,12.28,,,False,False,2bf6c2c7e6a976b4518fe548f59e259ac8091a61f440b44f17701ff9a0f00926,treino,False,False
der_es,sem_desoneracao,190108,"Pintura a cal (tipo caiação), sobre paredes e forros, a três demãos",PINTURA / SOBRE PAREDES E FORROS,m2,6fb971659f052caa6d33bf5e9d2a084fb5e855d34e9fff5c9331a8e1407eba0d,2bf6c2c7e6a976b4518fe548f59e259ac8091a61f440b44f17701ff9a0f00926,TABELA REFERENCIAL OBRAS - DER-ES - 2025-05 - MAI/XLS/tab_DER-EDIFICAÇσES_2025_05_servicos.xlsx!A1240,2025-05,2025-06,m2,PINTURA / SOBRE PAREDES E FORROS,True,False,12.28,11.48,11.55,12.28,,,False,False,22734abdbfefadc850a2608b6f454b5f7c18b5e3c19f87c396d85d1e76c75234,treino,False,False
der_es,sem_desoneracao,190108,"Pintura a cal (tipo caiação), sobre paredes e forros, a três demãos",PINTURA / SOBRE PAREDES E FORROS,m2,6fb971659f052caa6d33bf5e9d2a084fb5e855d34e9fff5c9331a8e1407eba0d,22734abdbfefadc850a2608b6f454b5f7c18b5e3c19f87c396d85d1e76c75234,TABELA REFERENCIAL OBRAS - DER-ES - 2025-06 - JUN/XLS/tab_DER-EDIFICAÇÕES_2025_06_servicos.xlsx!A1238,2025-06,2025-07,m2,PINTURA / SOBRE PAREDES E FORROS,True,False,12.28,12.28,11.48,12.28,,,False,False,9f2d3bc52e35d3a9c0317f2bbd34359ce4b9eb726cfdad03719dc91ab8a6eb52,treino,False,False
der_es,sem_desoneracao,190108,"Pintura a cal (tipo caiação), sobre paredes e forros, a três demãos",PINTURA / SOBRE PAREDES E FORROS,m2,6fb971659f052caa6d33bf5e9d2a084fb5e855d34e9fff5c9331a8e1407eba0d,9f2d3bc52e35d3a9c0317f2bbd34359ce4b9eb726cfdad03719dc91ab8a6eb52,TABELA REFERENCIAL OBRAS - DER-ES - 2025-07 - JUL/TABELA REFERENCIAL OBRAS - DER-ES - 2025-07 - JUL/XLS/tab_DER-EDIFICAÇÕES_2025_07_servicos.xlsx!A1238,2025-07,2025-08,m2,PINTURA / SOBRE PAREDES E FORROS,True,False,12.28,12.28,12.28,12.28,,,False,False,f4e1c72d0bc82c19d0327a48458bea46cf1a06c556062fe2206e7955be9a14b1,treino,False,False
der_es,sem_desoneracao,190108,"Pintura a cal (tipo caiação), sobre paredes e forros, a três demãos",PINTURA / SOBRE PAREDES E FORROS,m2,6fb971659f052caa6d33bf5e9d2a084fb5e855d34e9fff5c9331a8e1407eba0d,f4e1c72d0bc82c19d0327a48458bea46cf1a06c556062fe2206e7955be9a14b1,TABELA REFERENCIAL OBRAS - DER-ES - 2025-08 - AGO/XLS/tab_DER-EDIFICAÇÕES_2025_08_servicos.xlsx!A1238,2025-08,2025-09,m2,PINTURA / SOBRE PAREDES E FORROS,True,False,12.28,12.28,12.28,12.28,,,False,False,7b1be34ee7d5dd82bcaeb75a32037ae0f2eea1e439205f05e57077b8a3567875,treino,False,False
der_es,sem_desoneracao,190108,"Pintura a cal (tipo caiação), sobre paredes e forros, a três demãos",PINTURA / SOBRE PAREDES E FORROS,m2,6fb971659f052caa6d33bf5e9d2a084fb5e855d34e9fff5c9331a8e1407eba0d,7b1be34ee7d5dd82bcaeb75a32037ae0f2eea1e439205f05e57077b8a3567875,TABELA REFERENCIAL OBRAS - DER-ES - 2025-09 - SET/XLS/tab_DER-EDIFICAÇÕES_2025_09_servicos.xlsx!A1238,2025-09,2025-10,m2,PINTURA / SOBRE PAREDES E FORROS,True,False,12.28,12.28,12.28,12.41,,,False,False,25f27b5ef0ad1c6c63d22be1ab543e5a65d73aa17c4d0463109a84f7209c8fa3,treino,False,False
der_es,sem_desoneracao,190108,"Pintura a cal (tipo caiação), sobre paredes e forros, a três demãos",PINTURA / SOBRE PAREDES E FORROS,m2,6fb971659f052caa6d33bf5e9d2a084fb5e855d34e9fff5c9331a8e1407eba0d,25f27b5ef0ad1c6c63d22be1ab543e5a65d73aa17c4d0463109a84f7209c8fa3,TABELA REFERENCIAL OBRAS - DER-ES - 2025-10 - OUT/XLS/tab_DER-EDIFICAÇÕES_2025_10_servicos.xlsx!A1238,2025-10,2025-11,m2,PINTURA / SOBRE PAREDES E FORROS,True,False,12.41,12.28,12.28,12.41,,,False,False,d856141d8d195b8bf3114dd64686b80db08318d557f9eb5f279d84fffec1a86e,treino,False,False
der_es,sem_desoneracao,190108,"Pintura a cal (tipo caiação), sobre paredes e forros, a três demãos",PINTURA / SOBRE PAREDES E FORROS,m2,6fb971659f052caa6d33bf5e9d2a084fb5e855d34e9fff5c9331a8e1407eba0d,d856141d8d195b8bf3114dd64686b80db08318d557f9eb5f279d84fffec1a86e,TABELA REFERENCIAL OBRAS - DER-ES - 2025-11 - NOV/XLS/tab_DER-EDIFICAÇÕES_2025_11_servicos.xlsx!A1238,2025-11,2025-12,m2,PINTURA / SOBRE PAREDES E FORROS,True,False,12.41,12.41,12.28,12.41,,,False,False,cf2ae6d6af6081526a2c2c6a6446342c23099ac3a9c81f310e3a5da2680fb053,treino,False,False
der_es,sem_desoneracao,190108,"Pintura a cal (tipo caiação), sobre paredes e forros, a três demãos",PINTURA / SOBRE PAREDES E FORROS,m2,6fb971659f052caa6d33bf5e9d2a084fb5e855d34e9fff5c9331a8e1407eba0d,cf2ae6d6af6081526a2c2c6a6446342c23099ac3a9c81f310e3a5da2680fb053,TABELA REFERENCIAL OBRAS - DER-ES - 2025-12 - DEZ/XLS/tab_DER-EDIFICAÇÕES_2025_12_servicos.xlsx!A1237,2025-12,2026-01,m2,PINTURA / SOBRE PAREDES E FORROS,True,False,12.41,12.41,12.41,12.41,,,False,False,4feebcbe8c47058cf57314347405d833cdfb5d2340951f005ab53d27ae84fd84,validacao,False,False
der_es,sem_desoneracao,190108,"Pintura a cal (tipo caiação), sobre paredes e forros, a três demãos",PINTURA / SOBRE PAREDES E FORROS,m2,6fb971659f052caa6d33bf5e9d2a084fb5e855d34e9fff5c9331a8e1407eba0d,4feebcbe8c47058cf57314347405d833cdfb5d2340951f005ab53d27ae84fd84,TABELA REFERENCIAL OBRAS - DER-ES - 2026-01 - JAN/XLS/tab_DER-EDIFICAÇÕES_2026_01_servicos.xlsx!A1237,2026-01,2026-02,m2,PINTURA / SOBRE PAREDES E FORROS,True,False,12.41,12.41,12.41,12.41,,,False,False,1a7537f06fa9b2a1aff5982ae95ae6bf2ec16498e28430445e55584fbcce9a3c,validacao,False,False
der_es,sem_desoneracao,190108,"Pintura a cal (tipo caiação), sobre paredes e forros, a três demãos",PINTURA / SOBRE PAREDES E FORROS,m2,6fb971659f052caa6d33bf5e9d2a084fb5e855d34e9fff5c9331a8e1407eba0d,1a7537f06fa9b2a1aff5982ae95ae6bf2ec16498e28430445e55584fbcce9a3c,TABELA REFERENCIAL OBRAS - DER-ES - 2026-02 - FEV/XLS/tab_DER-EDIFICAÇÕES_2026_02_servicos.xlsx!A1235,2026-02,2026-03,m2,PINTURA / SOBRE PAREDES E FORROS,True,False,12.41,12.41,12.41,12.41,,,False,False,c9a408180051aaa4e38fe277afd37500d913d617b22cb55cd61158248094d761,teste,False,False
der_es,sem_desoneracao,190108,"Pintura a cal (tipo caiação), sobre paredes e forros, a três demãos",PINTURA / SOBRE PAREDES E FORROS,m2,6fb971659f052caa6d33bf5e9d2a084fb5e855d34e9fff5c9331a8e1407eba0d,c9a408180051aaa4e38fe277afd37500d913d617b22cb55cd61158248094d761,TABELA REFERENCIAL OBRAS - DER-ES - 2026-03 - MAR/XLS/tab_DER-EDIFICAÇÕES_2026_03_servicos.xlsx!A1235,2026-03,2026-04,m2,PINTURA / SOBRE PAREDES E FORROS,True,False,12.41,12.41,12.41,12.41,,,False,False,b07a6f7cd81d76e43925b8f994875b35e8468c5a37790367db80f72665fc0b2b,teste,False,False
der_es,sem_desoneracao,190108,"Pintura a cal (tipo caiação), sobre paredes e forros, a três demãos",PINTURA / SOBRE PAREDES E FORROS,m2,6fb971659f052caa6d33bf5e9d2a084fb5e855d34e9fff5c9331a8e1407eba0d,b07a6f7cd81d76e43925b8f994875b35e8468c5a37790367db80f72665fc0b2b,TABELA REFERENCIAL OBRAS - DER-ES - 2026-04 - ABR/XLS/tab_DER-EDIFICAÇÕES_2026_04_servicos.xlsx!A1235,2026-04,2026-05,m2,PINTURA / SOBRE PAREDES E FORROS,True,False,12.41,12.41,12.41,13.16,,,False,False,9d7efd575c10dc676bc49f5acb5630fa9b3cd2b98449be07612e1891e8d213f6,teste,False,False
der_es,sem_desoneracao,190114,"Preparo em paredes e forros, aplicação manual, com uma demão de líquido selador acrílico, referência Suvinil, Coral ou Metalatex ou equivalente",PINTURA / SOBRE PAREDES E FORROS,m2,21ccefd458cdd4528b31ea4212bac59ae1720f5f18679fb27d5bbce464db03cb,2dd7e7c15552e8663b500f12008e09dc39c3816602e826e994d7dc8922d7ac8f,TABELA REFERENCIAL OBRAS - DER-ES - 2025-03 - MAR/XLS/tab_DER-EDIFICAÇσES_2025_03_servicos.xlsx!A1240,2025-03,2025-04,m2,PINTURA / SOBRE PAREDES E FORROS,True,False,3.0,3.0,3.0,2.85,,,False,False,d2087ecf8affe6feb21bd38f6045155bdc7d4b18356273e8e54c68d96e73dbd4,treino,False,False
der_es,sem_desoneracao,190114,"Preparo em paredes e forros, aplicação manual, com uma demão de líquido selador acrílico, referência Suvinil, Coral ou Metalatex ou equivalente",PINTURA / SOBRE PAREDES E FORROS,m2,21ccefd458cdd4528b31ea4212bac59ae1720f5f18679fb27d5bbce464db03cb,d2087ecf8affe6feb21bd38f6045155bdc7d4b18356273e8e54c68d96e73dbd4,TABELA REFERENCIAL OBRAS - DER-ES - 2025-04 - ABR/XLS/tab_DER-EDIFICAÇσES_2025_04_servicos.xlsx!A1241,2025-04,2025-05,m2,PINTURA / SOBRE PAREDES E FORROS,True,False,2.85,3.0,3.0,2.98,,,False,False,2bf6c2c7e6a976b4518fe548f59e259ac8091a61f440b44f17701ff9a0f00926,treino,False,False
der_es,sem_desoneracao,190114,"Preparo em paredes e forros, aplicação manual, com uma demão de líquido selador acrílico, referência Suvinil, Coral ou Metalatex ou equivalente",PINTURA / SOBRE PAREDES E FORROS,m2,21ccefd458cdd4528b31ea4212bac59ae1720f5f18679fb27d5bbce464db03cb,2bf6c2c7e6a976b4518fe548f59e259ac8091a61f440b44f17701ff9a0f00926,TABELA REFERENCIAL OBRAS - DER-ES - 2025-05 - MAI/XLS/tab_DER-EDIFICAÇσES_2025_05_servicos.xlsx!A1242,2025-05,2025-06,m2,PINTURA / SOBRE PAREDES E FORROS,True,False,2.98,2.85,3.0,2.98,,,False,False,22734abdbfefadc850a2608b6f454b5f7c18b5e3c19f87c396d85d1e76c75234,treino,False,False
der_es,sem_desoneracao,190114,"Preparo em paredes e forros, aplicação manual, com uma demão de líquido selador acrílico, referência Suvinil, Coral ou Metalatex ou equivalente",PINTURA / SOBRE PAREDES E FORROS,m2,21ccefd458cdd4528b31ea4212bac59ae1720f5f18679fb27d5bbce464db03cb,22734abdbfefadc850a2608b6f454b5f7c18b5e3c19f87c396d85d1e76c75234,TABELA REFERENCIAL OBRAS - DER-ES - 2025-06 - JUN/XLS/tab_DER-EDIFICAÇÕES_2025_06_servicos.xlsx!A1240,2025-06,2025-07,m2,PINTURA / SOBRE PAREDES E FORROS,True,False,2.98,2.98,2.85,2.98,,,False,False,9f2d3bc52e35d3a9c0317f2bbd34359ce4b9eb726cfdad03719dc91ab8a6eb52,treino,False,False
der_es,sem_desoneracao,190114,"Preparo em paredes e forros, aplicação manual, com uma demão de líquido selador acrílico, referência Suvinil, Coral ou Metalatex ou equivalente",PINTURA / SOBRE PAREDES E FORROS,m2,21ccefd458cdd4528b31ea4212bac59ae1720f5f18679fb27d5bbce464db03cb,9f2d3bc52e35d3a9c0317f2bbd34359ce4b9eb726cfdad03719dc91ab8a6eb52,TABELA REFERENCIAL OBRAS - DER-ES - 2025-07 - JUL/TABELA REFERENCIAL OBRAS - DER-ES - 2025-07 - JUL/XLS/tab_DER-EDIFICAÇÕES_2025_07_servicos.xlsx!A1240,2025-07,2025-08,m2,PINTURA / SOBRE PAREDES E FORROS,True,False,2.98,2.98,2.98,2.98,,,False,False,f4e1c72d0bc82c19d0327a48458bea46cf1a06c556062fe2206e7955be9a14b1,treino,False,False
der_es,sem_desoneracao,190114,"Preparo em paredes e forros, aplicação manual, com uma demão de líquido selador acrílico, referência Suvinil, Coral ou Metalatex ou equivalente",PINTURA / SOBRE PAREDES E FORROS,m2,21ccefd458cdd4528b31ea4212bac59ae1720f5f18679fb27d5bbce464db03cb,f4e1c72d0bc82c19d0327a48458bea46cf1a06c556062fe2206e7955be9a14b1,TABELA REFERENCIAL OBRAS - DER-ES - 2025-08 - AGO/XLS/tab_DER-EDIFICAÇÕES_2025_08_servicos.xlsx!A1240,2025-08,2025-09,m2,PINTURA / SOBRE PAREDES E FORROS,True,False,2.98,2.98,2.98,2.98,,,False,False,7b1be34ee7d5dd82bcaeb75a32037ae0f2eea1e439205f05e57077b8a3567875,treino,False,False
der_es,sem_desoneracao,190114,"Preparo em paredes e forros, aplicação manual, com uma demão de líquido selador acrílico, referência Suvinil, Coral ou Metalatex ou equivalente",PINTURA / SOBRE PAREDES E FORROS,m2,21ccefd458cdd4528b31ea4212bac59ae1720f5f18679fb27d5bbce464db03cb,7b1be34ee7d5dd82bcaeb75a32037ae0f2eea1e439205f05e57077b8a3567875,TABELA REFERENCIAL OBRAS - DER-ES - 2025-09 - SET/XLS/tab_DER-EDIFICAÇÕES_2025_09_servicos.xlsx!A1240,2025-09,2025-10,m2,PINTURA / SOBRE PAREDES E FORROS,True,False,2.98,2.98,2.98,3.37,,,False,False,25f27b5ef0ad1c6c63d22be1ab543e5a65d73aa17c4d0463109a84f7209c8fa3,treino,False,False
der_es,sem_desoneracao,190114,"Preparo em paredes e forros, aplicação manual, com uma demão de líquido selador acrílico, referência Suvinil, Coral ou Metalatex ou equivalente",PINTURA / SOBRE PAREDES E FORROS,m2,21ccefd458cdd4528b31ea4212bac59ae1720f5f18679fb27d5bbce464db03cb,25f27b5ef0ad1c6c63d22be1ab543e5a65d73aa17c4d0463109a84f7209c8fa3,TABELA REFERENCIAL OBRAS - DER-ES - 2025-10 - OUT/XLS/tab_DER-EDIFICAÇÕES_2025_10_servicos.xlsx!A1240,2025-10,2025-11,m2,PINTURA / SOBRE PAREDES E FORROS,True,False,3.37,2.98,2.98,3.37,,,False,False,d856141d8d195b8bf3114dd64686b80db08318d557f9eb5f279d84fffec1a86e,treino,False,False
der_es,sem_desoneracao,190114,"Preparo em paredes e forros, aplicação manual, com uma demão de líquido selador acrílico, referência Suvinil, Coral ou Metalatex ou equivalente",PINTURA / SOBRE PAREDES E FORROS,m2,21ccefd458cdd4528b31ea4212bac59ae1720f5f18679fb27d5bbce464db03cb,d856141d8d195b8bf3114dd64686b80db08318d557f9eb5f279d84fffec1a86e,TABELA REFERENCIAL OBRAS - DER-ES - 2025-11 - NOV/XLS/tab_DER-EDIFICAÇÕES_2025_11_servicos.xlsx!A1240,2025-11,2025-12,m2,PINTURA / SOBRE PAREDES E FORROS,True,False,3.37,3.37,2.98,3.37,,,False,False,cf2ae6d6af6081526a2c2c6a6446342c23099ac3a9c81f310e3a5da2680fb053,treino,False,False
der_es,sem_desoneracao,190114,"Preparo em paredes e forros, aplicação manual, com uma demão de líquido selador acrílico, referência Suvinil, Coral ou Metalatex ou equivalente",PINTURA / SOBRE PAREDES E FORROS,m2,21ccefd458cdd4528b31ea4212bac59ae1720f5f18679fb27d5bbce464db03cb,cf2ae6d6af6081526a2c2c6a6446342c23099ac3a9c81f310e3a5da2680fb053,TABELA REFERENCIAL OBRAS - DER-ES - 2025-12 - DEZ/XLS/tab_DER-EDIFICAÇÕES_2025_12_servicos.xlsx!A1239,2025-12,2026-01,m2,PINTURA / SOBRE PAREDES E FORROS,True,False,3.37,3.37,3.37,3.37,,,False,False,4feebcbe8c47058cf57314347405d833cdfb5d2340951f005ab53d27ae84fd84,validacao,False,False
der_es,sem_desoneracao,190114,"Preparo em paredes e forros, aplicação manual, com uma demão de líquido selador acrílico, referência Suvinil, Coral ou Metalatex ou equivalente",PINTURA / SOBRE PAREDES E FORROS,m2,21ccefd458cdd4528b31ea4212bac59ae1720f5f18679fb27d5bbce464db03cb,4feebcbe8c47058cf57314347405d833cdfb5d2340951f005ab53d27ae84fd84,TABELA REFERENCIAL OBRAS - DER-ES - 2026-01 - JAN/XLS/tab_DER-EDIFICAÇÕES_2026_01_servicos.xlsx!A1239,2026-01,2026-02,m2,PINTURA / SOBRE PAREDES E FORROS,True,False,3.37,3.37,3.37,3.37,,,False,False,1a7537f06fa9b2a1aff5982ae95ae6bf2ec16498e28430445e55584fbcce9a3c,validacao,False,False
der_es,sem_desoneracao,190114,"Preparo em paredes e forros, aplicação manual, com uma demão de líquido selador acrílico, referência Suvinil, Coral ou Metalatex ou equivalente",PINTURA / SOBRE PAREDES E FORROS,m2,21ccefd458cdd4528b31ea4212bac59ae1720f5f18679fb27d5bbce464db03cb,1a7537f06fa9b2a1aff5982ae95ae6bf2ec16498e28430445e55584fbcce9a3c,TABELA REFERENCIAL OBRAS - DER-ES - 2026-02 - FEV/XLS/tab_DER-EDIFICAÇÕES_2026_02_servicos.xlsx!A1237,2026-02,2026-03,m2,PINTURA / SOBRE PAREDES E FORROS,True,False,3.37,3.37,3.37,3.37,,,False,False,c9a408180051aaa4e38fe277afd37500d913d617b22cb55cd61158248094d761,teste,False,False
der_es,sem_desoneracao,190114,"Preparo em paredes e forros, aplicação manual, com uma demão de líquido selador acrílico, referência Suvinil, Coral ou Metalatex ou equivalente",PINTURA / SOBRE PAREDES E FORROS,m2,21ccefd458cdd4528b31ea4212bac59ae1720f5f18679fb27d5bbce464db03cb,c9a408180051aaa4e38fe277afd37500d913d617b22cb55cd61158248094d761,TABELA REFERENCIAL OBRAS - DER-ES - 2026-03 - MAR/XLS/tab_DER-EDIFICAÇÕES_2026_03_servicos.xlsx!A1237,2026-03,2026-04,m2,PINTURA / SOBRE PAREDES E FORROS,True,False,3.37,3.37,3.37,3.2,,,False,False,b07a6f7cd81d76e43925b8f994875b35e8468c5a37790367db80f72665fc0b2b,teste,False,False
der_es,sem_desoneracao,190114,"Preparo em paredes e forros, aplicação manual, com uma demão de líquido selador acrílico, referência Suvinil, Coral ou Metalatex ou equivalente",PINTURA / SOBRE PAREDES E FORROS,m2,21ccefd458cdd4528b31ea4212bac59ae1720f5f18679fb27d5bbce464db03cb,b07a6f7cd81d76e43925b8f994875b35e8468c5a37790367db80f72665fc0b2b,TABELA REFERENCIAL OBRAS - DER-ES - 2026-04 - ABR/XLS/tab_DER-EDIFICAÇÕES_2026_04_servicos.xlsx!A1237,2026-04,2026-05,m2,PINTURA / SOBRE PAREDES E FORROS,True,False,3.2,3.37,3.37,3.33,,,False,False,9d7efd575c10dc676bc49f5acb5630fa9b3cd2b98449be07612e1891e8d213f6,teste,False,False
der_es,sem_desoneracao,190115,"Pintura, sobre paredes e forros, aplicação manual, com duas demãos de tinta látex PVA premium, referência Suvinil, Coral e Metalatex, inclusive uma demão de liquido selador PVA, referência Suvinil, Coral ou Metalatex ou equivalente",PINTURA / SOBRE PAREDES E FORROS,m2,6155a98c6539726565ca56ca435747cf43efcaff9c5160e34cb2ae908550216d,2dd7e7c15552e8663b500f12008e09dc39c3816602e826e994d7dc8922d7ac8f,TABELA REFERENCIAL OBRAS - DER-ES - 2025-03 - MAR/XLS/tab_DER-EDIFICAÇσES_2025_03_servicos.xlsx!A1241,2025-03,2025-04,m2,PINTURA / SOBRE PAREDES E FORROS,True,False,22.35,22.35,22.35,22.12,,,False,False,d2087ecf8affe6feb21bd38f6045155bdc7d4b18356273e8e54c68d96e73dbd4,treino,False,False
der_es,sem_desoneracao,190115,"Pintura, sobre paredes e forros, aplicação manual, com duas demãos de tinta látex PVA premium, referência Suvinil, Coral e Metalatex, inclusive uma demão de liquido selador PVA, referência Suvinil, Coral ou Metalatex ou equivalente",PINTURA / SOBRE PAREDES E FORROS,m2,6155a98c6539726565ca56ca435747cf43efcaff9c5160e34cb2ae908550216d,d2087ecf8affe6feb21bd38f6045155bdc7d4b18356273e8e54c68d96e73dbd4,TABELA REFERENCIAL OBRAS - DER-ES - 2025-04 - ABR/XLS/tab_DER-EDIFICAÇσES_2025_04_servicos.xlsx!A1242,2025-04,2025-05,m2,PINTURA / SOBRE PAREDES E FORROS,True,False,22.12,22.35,22.35,23.45,,,False,False,2bf6c2c7e6a976b4518fe548f59e259ac8091a61f440b44f17701ff9a0f00926,treino,False,False
der_es,sem_desoneracao,190115,"Pintura, sobre paredes e forros, aplicação manual, com duas demãos de tinta látex PVA premium, referência Suvinil, Coral e Metalatex, inclusive uma demão de liquido selador PVA, referência Suvinil, Coral ou Metalatex ou equivalente",PINTURA / SOBRE PAREDES E FORROS,m2,6155a98c6539726565ca56ca435747cf43efcaff9c5160e34cb2ae908550216d,2bf6c2c7e6a976b4518fe548f59e259ac8091a61f440b44f17701ff9a0f00926,TABELA REFERENCIAL OBRAS - DER-ES - 2025-05 - MAI/XLS/tab_DER-EDIFICAÇσES_2025_05_servicos.xlsx!A1243,2025-05,2025-06,m2,PINTURA / SOBRE PAREDES E FORROS,True,False,23.45,22.12,22.35,23.45,,,False,False,22734abdbfefadc850a2608b6f454b5f7c18b5e3c19f87c396d85d1e76c75234,treino,False,False
der_es,sem_desoneracao,190115,"Pintura, sobre paredes e forros, aplicação manual, com duas demãos de tinta látex PVA premium, referência Suvinil, Coral e Metalatex, inclusive uma demão de liquido selador PVA, referência Suvinil, Coral ou Metalatex ou equivalente",PINTURA / SOBRE PAREDES E FORROS,m2,6155a98c6539726565ca56ca435747cf43efcaff9c5160e34cb2ae908550216d,22734abdbfefadc850a2608b6f454b5f7c18b5e3c19f87c396d85d1e76c75234,TABELA REFERENCIAL OBRAS - DER-ES - 2025-06 - JUN/XLS/tab_DER-EDIFICAÇÕES_2025_06_servicos.xlsx!A1241,2025-06,2025-07,m2,PINTURA / SOBRE PAREDES E FORROS,True,False,23.45,23.45,22.12,23.45,,,False,False,9f2d3bc52e35d3a9c0317f2bbd34359ce4b9eb726cfdad03719dc91ab8a6eb52,treino,False,False
der_es,sem_desoneracao,190115,"Pintura, sobre paredes e forros, aplicação manual, com duas demãos de tinta látex PVA premium, referência Suvinil, Coral e Metalatex, inclusive uma demão de liquido selador PVA, referência Suvinil, Coral ou Metalatex ou equivalente",PINTURA / SOBRE PAREDES E FORROS,m2,6155a98c6539726565ca56ca435747cf43efcaff9c5160e34cb2ae908550216d,9f2d3bc52e35d3a9c0317f2bbd34359ce4b9eb726cfdad03719dc91ab8a6eb52,TABELA REFERENCIAL OBRAS - DER-ES - 2025-07 - JUL/TABELA REFERENCIAL OBRAS - DER-ES - 2025-07 - JUL/XLS/tab_DER-EDIFICAÇÕES_2025_07_servicos.xlsx!A1241,2025-07,2025-08,m2,PINTURA / SOBRE PAREDES E FORROS,True,False,23.45,23.45,23.45,23.45,,,False,False,f4e1c72d0bc82c19d0327a48458bea46cf1a06c556062fe2206e7955be9a14b1,treino,False,False
der_es,sem_desoneracao,190115,"Pintura, sobre paredes e forros, aplicação manual, com duas demãos de tinta látex PVA premium, referência Suvinil, Coral e Metalatex, inclusive uma demão de liquido selador PVA, referência Suvinil, Coral ou Metalatex ou equivalente",PINTURA / SOBRE PAREDES E FORROS,m2,6155a98c6539726565ca56ca435747cf43efcaff9c5160e34cb2ae908550216d,f4e1c72d0bc82c19d0327a48458bea46cf1a06c556062fe2206e7955be9a14b1,TABELA REFERENCIAL OBRAS - DER-ES - 2025-08 - AGO/XLS/tab_DER-EDIFICAÇÕES_2025_08_servicos.xlsx!A1241,2025-08,2025-09,m2,PINTURA / SOBRE PAREDES E FORROS,True,False,23.45,23.45,23.45,23.45,,,False,False,7b1be34ee7d5dd82bcaeb75a32037ae0f2eea1e439205f05e57077b8a3567875,treino,False,False
der_es,sem_desoneracao,190115,"Pintura, sobre paredes e forros, aplicação manual, com duas demãos de tinta látex PVA premium, referência Suvinil, Coral e Metalatex, inclusive uma demão de liquido selador PVA, referência Suvinil, Coral ou Metalatex ou equivalente",PINTURA / SOBRE PAREDES E FORROS,m2,6155a98c6539726565ca56ca435747cf43efcaff9c5160e34cb2ae908550216d,7b1be34ee7d5dd82bcaeb75a32037ae0f2eea1e439205f05e57077b8a3567875,TABELA REFERENCIAL OBRAS - DER-ES - 2025-09 - SET/XLS/tab_DER-EDIFICAÇÕES_2025_09_servicos.xlsx!A1241,2025-09,2025-10,m2,PINTURA / SOBRE PAREDES E FORROS,True,False,23.45,23.45,23.45,25.0,,,False,False,25f27b5ef0ad1c6c63d22be1ab543e5a65d73aa17c4d0463109a84f7209c8fa3,treino,False,False
der_es,sem_desoneracao,190115,"Pintura, sobre paredes e forros, aplicação manual, com duas demãos de tinta látex PVA premium, referência Suvinil, Coral e Metalatex, inclusive uma demão de liquido selador PVA, referência Suvinil, Coral ou Metalatex ou equivalente",PINTURA / SOBRE PAREDES E FORROS,m2,6155a98c6539726565ca56ca435747cf43efcaff9c5160e34cb2ae908550216d,25f27b5ef0ad1c6c63d22be1ab543e5a65d73aa17c4d0463109a84f7209c8fa3,TABELA REFERENCIAL OBRAS - DER-ES - 2025-10 - OUT/XLS/tab_DER-EDIFICAÇÕES_2025_10_servicos.xlsx!A1241,2025-10,2025-11,m2,PINTURA / SOBRE PAREDES E FORROS,True,False,25.0,23.45,23.45,25.0,,,False,False,d856141d8d195b8bf3114dd64686b80db08318d557f9eb5f279d84fffec1a86e,treino,False,False
der_es,sem_desoneracao,190115,"Pintura, sobre paredes e forros, aplicação manual, com duas demãos de tinta látex PVA premium, referência Suvinil, Coral e Metalatex, inclusive uma demão de liquido selador PVA, referência Suvinil, Coral ou Metalatex ou equivalente",PINTURA / SOBRE PAREDES E FORROS,m2,6155a98c6539726565ca56ca435747cf43efcaff9c5160e34cb2ae908550216d,d856141d8d195b8bf3114dd64686b80db08318d557f9eb5f279d84fffec1a86e,TABELA REFERENCIAL OBRAS - DER-ES - 2025-11 - NOV/XLS/tab_DER-EDIFICAÇÕES_2025_11_servicos.xlsx!A1241,2025-11,2025-12,m2,PINTURA / SOBRE PAREDES E FORROS,True,False,25.0,25.0,23.45,25.0,,,False,False,cf2ae6d6af6081526a2c2c6a6446342c23099ac3a9c81f310e3a5da2680fb053,treino,False,False
der_es,sem_desoneracao,190115,"Pintura, sobre paredes e forros, aplicação manual, com duas demãos de tinta látex PVA premium, referência Suvinil, Coral e Metalatex, inclusive uma demão de liquido selador PVA, referência Suvinil, Coral ou Metalatex ou equivalente",PINTURA / SOBRE PAREDES E FORROS,m2,6155a98c6539726565ca56ca435747cf43efcaff9c5160e34cb2ae908550216d,cf2ae6d6af6081526a2c2c6a6446342c23099ac3a9c81f310e3a5da2680fb053,TABELA REFERENCIAL OBRAS - DER-ES - 2025-12 - DEZ/XLS/tab_DER-EDIFICAÇÕES_2025_12_servicos.xlsx!A1240,2025-12,2026-01,m2,PINTURA / SOBRE PAREDES E FORROS,True,False,25.0,25.0,25.0,25.0,,,False,False,4feebcbe8c47058cf57314347405d833cdfb5d2340951f005ab53d27ae84fd84,validacao,False,False
der_es,sem_desoneracao,190115,"Pintura, sobre paredes e forros, aplicação manual, com duas demãos de tinta látex PVA premium, referência Suvinil, Coral e Metalatex, inclusive uma demão de liquido selador PVA, referência Suvinil, Coral ou Metalatex ou equivalente",PINTURA / SOBRE PAREDES E FORROS,m2,6155a98c6539726565ca56ca435747cf43efcaff9c5160e34cb2ae908550216d,4feebcbe8c47058cf57314347405d833cdfb5d2340951f005ab53d27ae84fd84,TABELA REFERENCIAL OBRAS - DER-ES - 2026-01 - JAN/XLS/tab_DER-EDIFICAÇÕES_2026_01_servicos.xlsx!A1240,2026-01,2026-02,m2,PINTURA / SOBRE PAREDES E FORROS,True,False,25.0,25.0,25.0,25.0,,,False,False,1a7537f06fa9b2a1aff5982ae95ae6bf2ec16498e28430445e55584fbcce9a3c,validacao,False,False
der_es,sem_desoneracao,190115,"Pintura, sobre paredes e forros, aplicação manual, com duas demãos de tinta látex PVA premium, referência Suvinil, Coral e Metalatex, inclusive uma demão de liquido selador PVA, referência Suvinil, Coral ou Metalatex ou equivalente",PINTURA / SOBRE PAREDES E FORROS,m2,6155a98c6539726565ca56ca435747cf43efcaff9c5160e34cb2ae908550216d,1a7537f06fa9b2a1aff5982ae95ae6bf2ec16498e28430445e55584fbcce9a3c,TABELA REFERENCIAL OBRAS - DER-ES - 2026-02 - FEV/XLS/tab_DER-EDIFICAÇÕES_2026_02_servicos.xlsx!A1238,2026-02,2026-03,m2,PINTURA / SOBRE PAREDES E FORROS,True,False,25.0,25.0,25.0,25.0,,,False,False,c9a408180051aaa4e38fe277afd37500d913d617b22cb55cd61158248094d761,teste,False,False
der_es,sem_desoneracao,190115,"Pintura, sobre paredes e forros, aplicação manual, com duas demãos de tinta látex PVA premium, referência Suvinil, Coral e Metalatex, inclusive uma demão de liquido selador PVA, referência Suvinil, Coral ou Metalatex ou equivalente",PINTURA / SOBRE PAREDES E FORROS,m2,6155a98c6539726565ca56ca435747cf43efcaff9c5160e34cb2ae908550216d,c9a408180051aaa4e38fe277afd37500d913d617b22cb55cd61158248094d761,TABELA REFERENCIAL OBRAS - DER-ES - 2026-03 - MAR/XLS/tab_DER-EDIFICAÇÕES_2026_03_servicos.xlsx!A1238,2026-03,2026-04,m2,PINTURA / SOBRE PAREDES E FORROS,True,False,25.0,25.0,25.0,23.87,,,False,False,b07a6f7cd81d76e43925b8f994875b35e8468c5a37790367db80f72665fc0b2b,teste,False,False
der_es,sem_desoneracao,190115,"Pintura, sobre paredes e forros, aplicação manual, com duas demãos de tinta látex PVA premium, referência Suvinil, Coral e Metalatex, inclusive uma demão de liquido selador PVA, referência Suvinil, Coral ou Metalatex ou equivalente",PINTURA / SOBRE PAREDES E FORROS,m2,6155a98c6539726565ca56ca435747cf43efcaff9c5160e34cb2ae908550216d,b07a6f7cd81d76e43925b8f994875b35e8468c5a37790367db80f72665fc0b2b,TABELA REFERENCIAL OBRAS - DER-ES - 2026-04 - ABR/XLS/tab_DER-EDIFICAÇÕES_2026_04_servicos.xlsx!A1238,2026-04,2026-05,m2,PINTURA / SOBRE PAREDES E FORROS,True,False,23.87,25.0,25.0,25.15,,,False,False,9d7efd575c10dc676bc49f5acb5630fa9b3cd2b98449be07612e1891e8d213f6,teste,False,False
der_es,sem_desoneracao,190116,"Pintura, sobre paredes e forros, aplicação manual, com duas demãos de tinta esmalte sintético, referência Suvinil, Coral e Metalatex, inclusive uma demão de liquido selador PVA, referência Suvinil, Coral ou Metalatex ou equivalente",PINTURA / SOBRE PAREDES E FORROS,m2,cad3634d8eca4278910261c23291faa895d528cea2f21bf8ee9c2dd8341aa834,2dd7e7c15552e8663b500f12008e09dc39c3816602e826e994d7dc8922d7ac8f,TABELA REFERENCIAL OBRAS - DER-ES - 2025-03 - MAR/XLS/tab_DER-EDIFICAÇσES_2025_03_servicos.xlsx!A1242,2025-03,2025-04,m2,PINTURA / SOBRE PAREDES E FORROS,True,False,26.04,26.04,26.04,25.53,,,False,False,d2087ecf8affe6feb21bd38f6045155bdc7d4b18356273e8e54c68d96e73dbd4,treino,False,False
der_es,sem_desoneracao,190116,"Pintura, sobre paredes e forros, aplicação manual, com duas demãos de tinta esmalte sintético, referência Suvinil, Coral e Metalatex, inclusive uma demão de liquido selador PVA, referência Suvinil, Coral ou Metalatex ou equivalente",PINTURA / SOBRE PAREDES E FORROS,m2,cad3634d8eca4278910261c23291faa895d528cea2f21bf8ee9c2dd8341aa834,d2087ecf8affe6feb21bd38f6045155bdc7d4b18356273e8e54c68d96e73dbd4,TABELA REFERENCIAL OBRAS - DER-ES - 2025-04 - ABR/XLS/tab_DER-EDIFICAÇσES_2025_04_servicos.xlsx!A1243,2025-04,2025-05,m2,PINTURA / SOBRE PAREDES E FORROS,True,False,25.53,26.04,26.04,26.85,,,False,False,2bf6c2c7e6a976b4518fe548f59e259ac8091a61f440b44f17701ff9a0f00926,treino,False,False
der_es,sem_desoneracao,190116,"Pintura, sobre paredes e forros, aplicação manual, com duas demãos de tinta esmalte sintético, referência Suvinil, Coral e Metalatex, inclusive uma demão de liquido selador PVA, referência Suvinil, Coral ou Metalatex ou equivalente",PINTURA / SOBRE PAREDES E FORROS,m2,cad3634d8eca4278910261c23291faa895d528cea2f21bf8ee9c2dd8341aa834,2bf6c2c7e6a976b4518fe548f59e259ac8091a61f440b44f17701ff9a0f00926,TABELA REFERENCIAL OBRAS - DER-ES - 2025-05 - MAI/XLS/tab_DER-EDIFICAÇσES_2025_05_servicos.xlsx!A1244,2025-05,2025-06,m2,PINTURA / SOBRE PAREDES E FORROS,True,False,26.85,25.53,26.04,26.85,,,False,False,22734abdbfefadc850a2608b6f454b5f7c18b5e3c19f87c396d85d1e76c75234,treino,False,False
der_es,sem_desoneracao,190116,"Pintura, sobre paredes e forros, aplicação manual, com duas demãos de tinta esmalte sintético, referência Suvinil, Coral e Metalatex, inclusive uma demão de liquido selador PVA, referência Suvinil, Coral ou Metalatex ou equivalente",PINTURA / SOBRE PAREDES E FORROS,m2,cad3634d8eca4278910261c23291faa895d528cea2f21bf8ee9c2dd8341aa834,22734abdbfefadc850a2608b6f454b5f7c18b5e3c19f87c396d85d1e76c75234,TABELA REFERENCIAL OBRAS - DER-ES - 2025-06 - JUN/XLS/tab_DER-EDIFICAÇÕES_2025_06_servicos.xlsx!A1242,2025-06,2025-07,m2,PINTURA / SOBRE PAREDES E FORROS,True,False,26.85,26.85,25.53,26.85,,,False,False,9f2d3bc52e35d3a9c0317f2bbd34359ce4b9eb726cfdad03719dc91ab8a6eb52,treino,False,False
der_es,sem_desoneracao,190116,"Pintura, sobre paredes e forros, aplicação manual, com duas demãos de tinta esmalte sintético, referência Suvinil, Coral e Metalatex, inclusive uma demão de liquido selador PVA, referência Suvinil, Coral ou Metalatex ou equivalente",PINTURA / SOBRE PAREDES E FORROS,m2,cad3634d8eca4278910261c23291faa895d528cea2f21bf8ee9c2dd8341aa834,9f2d3bc52e35d3a9c0317f2bbd34359ce4b9eb726cfdad03719dc91ab8a6eb52,TABELA REFERENCIAL OBRAS - DER-ES - 2025-07 - JUL/TABELA REFERENCIAL OBRAS - DER-ES - 2025-07 - JUL/XLS/tab_DER-EDIFICAÇÕES_2025_07_servicos.xlsx!A1242,2025-07,2025-08,m2,PINTURA / SOBRE PAREDES E FORROS,True,False,26.85,26.85,26.85,26.85,,,False,False,f4e1c72d0bc82c19d0327a48458bea46cf1a06c556062fe2206e7955be9a14b1,treino,False,False
der_es,sem_desoneracao,190116,"Pintura, sobre paredes e forros, aplicação manual, com duas demãos de tinta esmalte sintético, referência Suvinil, Coral e Metalatex, inclusive uma demão de liquido selador PVA, referência Suvinil, Coral ou Metalatex ou equivalente",PINTURA / SOBRE PAREDES E FORROS,m2,cad3634d8eca4278910261c23291faa895d528cea2f21bf8ee9c2dd8341aa834,f4e1c72d0bc82c19d0327a48458bea46cf1a06c556062fe2206e7955be9a14b1,TABELA REFERENCIAL OBRAS - DER-ES - 2025-08 - AGO/XLS/tab_DER-EDIFICAÇÕES_2025_08_servicos.xlsx!A1242,2025-08,2025-09,m2,PINTURA / SOBRE PAREDES E FORROS,True,False,26.85,26.85,26.85,26.85,,,False,False,7b1be34ee7d5dd82bcaeb75a32037ae0f2eea1e439205f05e57077b8a3567875,treino,False,False
der_es,sem_desoneracao,190116,"Pintura, sobre paredes e forros, aplicação manual, com duas demãos de tinta esmalte sintético, referência Suvinil, Coral e Metalatex, inclusive uma demão de liquido selador PVA, referência Suvinil, Coral ou Metalatex ou equivalente",PINTURA / SOBRE PAREDES E FORROS,m2,cad3634d8eca4278910261c23291faa895d528cea2f21bf8ee9c2dd8341aa834,7b1be34ee7d5dd82bcaeb75a32037ae0f2eea1e439205f05e57077b8a3567875,TABELA REFERENCIAL OBRAS - DER-ES - 2025-09 - SET/XLS/tab_DER-EDIFICAÇÕES_2025_09_servicos.xlsx!A1242,2025-09,2025-10,m2,PINTURA / SOBRE PAREDES E FORROS,True,False,26.85,26.85,26.85,28.61,,,False,False,25f27b5ef0ad1c6c63d22be1ab543e5a65d73aa17c4d0463109a84f7209c8fa3,treino,False,False
der_es,sem_desoneracao,190116,"Pintura, sobre paredes e forros, aplicação manual, com duas demãos de tinta esmalte sintético, referência Suvinil, Coral e Metalatex, inclusive uma demão de liquido selador PVA, referência Suvinil, Coral ou Metalatex ou equivalente",PINTURA / SOBRE PAREDES E FORROS,m2,cad3634d8eca4278910261c23291faa895d528cea2f21bf8ee9c2dd8341aa834,25f27b5ef0ad1c6c63d22be1ab543e5a65d73aa17c4d0463109a84f7209c8fa3,TABELA REFERENCIAL OBRAS - DER-ES - 2025-10 - OUT/XLS/tab_DER-EDIFICAÇÕES_2025_10_servicos.xlsx!A1242,2025-10,2025-11,m2,PINTURA / SOBRE PAREDES E FORROS,True,False,28.61,26.85,26.85,28.61,,,False,False,d856141d8d195b8bf3114dd64686b80db08318d557f9eb5f279d84fffec1a86e,treino,False,False
der_es,sem_desoneracao,190116,"Pintura, sobre paredes e forros, aplicação manual, com duas demãos de tinta esmalte sintético, referência Suvinil, Coral e Metalatex, inclusive uma demão de liquido selador PVA, referência Suvinil, Coral ou Metalatex ou equivalente",PINTURA / SOBRE PAREDES E FORROS,m2,cad3634d8eca4278910261c23291faa895d528cea2f21bf8ee9c2dd8341aa834,d856141d8d195b8bf3114dd64686b80db08318d557f9eb5f279d84fffec1a86e,TABELA REFERENCIAL OBRAS - DER-ES - 2025-11 - NOV/XLS/tab_DER-EDIFICAÇÕES_2025_11_servicos.xlsx!A1242,2025-11,2025-12,m2,PINTURA / SOBRE PAREDES E FORROS,True,False,28.61,28.61,26.85,28.61,,,False,False,cf2ae6d6af6081526a2c2c6a6446342c23099ac3a9c81f310e3a5da2680fb053,treino,False,False
der_es,sem_desoneracao,190116,"Pintura, sobre paredes e forros, aplicação manual, com duas demãos de tinta esmalte sintético, referência Suvinil, Coral e Metalatex, inclusive uma demão de liquido selador PVA, referência Suvinil, Coral ou Metalatex ou equivalente",PINTURA / SOBRE PAREDES E FORROS,m2,cad3634d8eca4278910261c23291faa895d528cea2f21bf8ee9c2dd8341aa834,cf2ae6d6af6081526a2c2c6a6446342c23099ac3a9c81f310e3a5da2680fb053,TABELA REFERENCIAL OBRAS - DER-ES - 2025-12 - DEZ/XLS/tab_DER-EDIFICAÇÕES_2025_12_servicos.xlsx!A1241,2025-12,2026-01,m2,PINTURA / SOBRE PAREDES E FORROS,True,False,28.61,28.61,28.61,28.61,,,False,False,4feebcbe8c47058cf57314347405d833cdfb5d2340951f005ab53d27ae84fd84,validacao,False,False
der_es,sem_desoneracao,190116,"Pintura, sobre paredes e forros, aplicação manual, com duas demãos de tinta esmalte sintético, referência Suvinil, Coral e Metalatex, inclusive uma demão de liquido selador PVA, referência Suvinil, Coral ou Metalatex ou equivalente",PINTURA / SOBRE PAREDES E FORROS,m2,cad3634d8eca4278910261c23291faa895d528cea2f21bf8ee9c2dd8341aa834,4feebcbe8c47058cf57314347405d833cdfb5d2340951f005ab53d27ae84fd84,TABELA REFERENCIAL OBRAS - DER-ES - 2026-01 - JAN/XLS/tab_DER-EDIFICAÇÕES_2026_01_servicos.xlsx!A1241,2026-01,2026-02,m2,PINTURA / SOBRE PAREDES E FORROS,True,False,28.61,28.61,28.61,28.61,,,False,False,1a7537f06fa9b2a1aff5982ae95ae6bf2ec16498e28430445e55584fbcce9a3c,validacao,False,False
der_es,sem_desoneracao,190116,"Pintura, sobre paredes e forros, aplicação manual, com duas demãos de tinta esmalte sintético, referência Suvinil, Coral e Metalatex, inclusive uma demão de liquido selador PVA, referência Suvinil, Coral ou Metalatex ou equivalente",PINTURA / SOBRE PAREDES E FORROS,m2,cad3634d8eca4278910261c23291faa895d528cea2f21bf8ee9c2dd8341aa834,1a7537f06fa9b2a1aff5982ae95ae6bf2ec16498e28430445e55584fbcce9a3c,TABELA REFERENCIAL OBRAS - DER-ES - 2026-02 - FEV/XLS/tab_DER-EDIFICAÇÕES_2026_02_servicos.xlsx!A1239,2026-02,2026-03,m2,PINTURA / SOBRE PAREDES E FORROS,True,False,28.61,28.61,28.61,28.61,,,False,False,c9a408180051aaa4e38fe277afd37500d913d617b22cb55cd61158248094d761,teste,False,False
der_es,sem_desoneracao,190116,"Pintura, sobre paredes e forros, aplicação manual, com duas demãos de tinta esmalte sintético, referência Suvinil, Coral e Metalatex, inclusive uma demão de liquido selador PVA, referência Suvinil, Coral ou Metalatex ou equivalente",PINTURA / SOBRE PAREDES E FORROS,m2,cad3634d8eca4278910261c23291faa895d528cea2f21bf8ee9c2dd8341aa834,c9a408180051aaa4e38fe277afd37500d913d617b22cb55cd61158248094d761,TABELA REFERENCIAL OBRAS - DER-ES - 2026-03 - MAR/XLS/tab_DER-EDIFICAÇÕES_2026_03_servicos.xlsx!A1239,2026-03,2026-04,m2,PINTURA / SOBRE PAREDES E FORROS,True,False,28.61,28.61,28.61,27.14,,,False,False,b07a6f7cd81d76e43925b8f994875b35e8468c5a37790367db80f72665fc0b2b,teste,False,False
der_es,sem_desoneracao,190116,"Pintura, sobre paredes e forros, aplicação manual, com duas demãos de tinta esmalte sintético, referência Suvinil, Coral e Metalatex, inclusive uma demão de liquido selador PVA, referência Suvinil, Coral ou Metalatex ou equivalente",PINTURA / SOBRE PAREDES E FORROS,m2,cad3634d8eca4278910261c23291faa895d528cea2f21bf8ee9c2dd8341aa834,b07a6f7cd81d76e43925b8f994875b35e8468c5a37790367db80f72665fc0b2b,TABELA REFERENCIAL OBRAS - DER-ES - 2026-04 - ABR/XLS/tab_DER-EDIFICAÇÕES_2026_04_servicos.xlsx!A1239,2026-04,2026-05,m2,PINTURA / SOBRE PAREDES E FORROS,True,False,27.14,28.61,28.61,28.41,,,False,False,9d7efd575c10dc676bc49f5acb5630fa9b3cd2b98449be07612e1891e8d213f6,teste,False,False
der_es,sem_desoneracao,190117,"Pintura sobre paredes e forros, aplicação manual, com duas demãos de tinta látex acrílico premium, acabamento fosco, referência Suvinil, Coral e Metalatex, inclusive uma demão de liquido selador acrílico, referência Suvinil, Coral ou Metalatex",PINTURA / SOBRE PAREDES E FORROS,m2,8a18ed46394ffc457dc1003abd179ce132ce645a07bd8e623dc5622d596b0e66,2dd7e7c15552e8663b500f12008e09dc39c3816602e826e994d7dc8922d7ac8f,TABELA REFERENCIAL OBRAS - DER-ES - 2025-03 - MAR/XLS/tab_DER-EDIFICAÇσES_2025_03_servicos.xlsx!A1243,2025-03,2025-04,m2,PINTURA / SOBRE PAREDES E FORROS,True,False,22.29,22.29,22.29,22.4,,,False,False,d2087ecf8affe6feb21bd38f6045155bdc7d4b18356273e8e54c68d96e73dbd4,treino,False,False
der_es,sem_desoneracao,190117,"Pintura sobre paredes e forros, aplicação manual, com duas demãos de tinta látex acrílico premium, acabamento fosco, referência Suvinil, Coral e Metalatex, inclusive uma demão de liquido selador acrílico, referência Suvinil, Coral ou Metalatex",PINTURA / SOBRE PAREDES E FORROS,m2,8a18ed46394ffc457dc1003abd179ce132ce645a07bd8e623dc5622d596b0e66,d2087ecf8affe6feb21bd38f6045155bdc7d4b18356273e8e54c68d96e73dbd4,TABELA REFERENCIAL OBRAS - DER-ES - 2025-04 - ABR/XLS/tab_DER-EDIFICAÇσES_2025_04_servicos.xlsx!A1244,2025-04,2025-05,m2,PINTURA / SOBRE PAREDES E FORROS,True,False,22.4,22.29,22.29,23.72,,,False,False,2bf6c2c7e6a976b4518fe548f59e259ac8091a61f440b44f17701ff9a0f00926,treino,False,False
der_es,sem_desoneracao,190117,"Pintura sobre paredes e forros, aplicação manual, com duas demãos de tinta látex acrílico premium, acabamento fosco, referência Suvinil, Coral e Metalatex, inclusive uma demão de liquido selador acrílico, referência Suvinil, Coral ou Metalatex",PINTURA / SOBRE PAREDES E FORROS,m2,8a18ed46394ffc457dc1003abd179ce132ce645a07bd8e623dc5622d596b0e66,2bf6c2c7e6a976b4518fe548f59e259ac8091a61f440b44f17701ff9a0f00926,TABELA REFERENCIAL OBRAS - DER-ES - 2025-05 - MAI/XLS/tab_DER-EDIFICAÇσES_2025_05_servicos.xlsx!A1245,2025-05,2025-06,m2,PINTURA / SOBRE PAREDES E FORROS,True,False,23.72,22.4,22.29,23.72,,,False,False,22734abdbfefadc850a2608b6f454b5f7c18b5e3c19f87c396d85d1e76c75234,treino,False,False
der_es,sem_desoneracao,190117,"Pintura sobre paredes e forros, aplicação manual, com duas demãos de tinta látex acrílico premium, acabamento fosco, referência Suvinil, Coral e Metalatex, inclusive uma demão de liquido selador acrílico, referência Suvinil, Coral ou Metalatex",PINTURA / SOBRE PAREDES E FORROS,m2,8a18ed46394ffc457dc1003abd179ce132ce645a07bd8e623dc5622d596b0e66,22734abdbfefadc850a2608b6f454b5f7c18b5e3c19f87c396d85d1e76c75234,TABELA REFERENCIAL OBRAS - DER-ES - 2025-06 - JUN/XLS/tab_DER-EDIFICAÇÕES_2025_06_servicos.xlsx!A1243,2025-06,2025-07,m2,PINTURA / SOBRE PAREDES E FORROS,True,False,23.72,23.72,22.4,23.72,,,False,False,9f2d3bc52e35d3a9c0317f2bbd34359ce4b9eb726cfdad03719dc91ab8a6eb52,treino,False,False
der_es,sem_desoneracao,190117,"Pintura sobre paredes e forros, aplicação manual, com duas demãos de tinta látex acrílico premium, acabamento fosco, referência Suvinil, Coral e Metalatex, inclusive uma demão de liquido selador acrílico, referência Suvinil, Coral ou Metalatex",PINTURA / SOBRE PAREDES E FORROS,m2,8a18ed46394ffc457dc1003abd179ce132ce645a07bd8e623dc5622d596b0e66,9f2d3bc52e35d3a9c0317f2bbd34359ce4b9eb726cfdad03719dc91ab8a6eb52,TABELA REFERENCIAL OBRAS - DER-ES - 2025-07 - JUL/TABELA REFERENCIAL OBRAS - DER-ES - 2025-07 - JUL/XLS/tab_DER-EDIFICAÇÕES_2025_07_servicos.xlsx!A1243,2025-07,2025-08,m2,PINTURA / SOBRE PAREDES E FORROS,True,False,23.72,23.72,23.72,23.72,,,False,False,f4e1c72d0bc82c19d0327a48458bea46cf1a06c556062fe2206e7955be9a14b1,treino,False,False
der_es,sem_desoneracao,190117,"Pintura sobre paredes e forros, aplicação manual, com duas demãos de tinta látex acrílico premium, acabamento fosco, referência Suvinil, Coral e Metalatex, inclusive uma demão de liquido selador acrílico, referência Suvinil, Coral ou Metalatex",PINTURA / SOBRE PAREDES E FORROS,m2,8a18ed46394ffc457dc1003abd179ce132ce645a07bd8e623dc5622d596b0e66,f4e1c72d0bc82c19d0327a48458bea46cf1a06c556062fe2206e7955be9a14b1,TABELA REFERENCIAL OBRAS - DER-ES - 2025-08 - AGO/XLS/tab_DER-EDIFICAÇÕES_2025_08_servicos.xlsx!A1243,2025-08,2025-09,m2,PINTURA / SOBRE PAREDES E FORROS,True,False,23.72,23.72,23.72,23.72,,,False,False,7b1be34ee7d5dd82bcaeb75a32037ae0f2eea1e439205f05e57077b8a3567875,treino,False,False
der_es,sem_desoneracao,190117,"Pintura sobre paredes e forros, aplicação manual, com duas demãos de tinta látex acrílico premium, acabamento fosco, referência Suvinil, Coral e Metalatex, inclusive uma demão de liquido selador acrílico, referência Suvinil, Coral ou Metalatex",PINTURA / SOBRE PAREDES E FORROS,m2,8a18ed46394ffc457dc1003abd179ce132ce645a07bd8e623dc5622d596b0e66,7b1be34ee7d5dd82bcaeb75a32037ae0f2eea1e439205f05e57077b8a3567875,TABELA REFERENCIAL OBRAS - DER-ES - 2025-09 - SET/XLS/tab_DER-EDIFICAÇÕES_2025_09_servicos.xlsx!A1243,2025-09,2025-10,m2,PINTURA / SOBRE PAREDES E FORROS,True,False,23.72,23.72,23.72,25.15,,,False,False,25f27b5ef0ad1c6c63d22be1ab543e5a65d73aa17c4d0463109a84f7209c8fa3,treino,False,False
der_es,sem_desoneracao,190117,"Pintura sobre paredes e forros, aplicação manual, com duas demãos de tinta látex acrílico premium, acabamento fosco, referência Suvinil, Coral e Metalatex, inclusive uma demão de liquido selador acrílico, referência Suvinil, Coral ou Metalatex",PINTURA / SOBRE PAREDES E FORROS,m2,8a18ed46394ffc457dc1003abd179ce132ce645a07bd8e623dc5622d596b0e66,25f27b5ef0ad1c6c63d22be1ab543e5a65d73aa17c4d0463109a84f7209c8fa3,TABELA REFERENCIAL OBRAS - DER-ES - 2025-10 - OUT/XLS/tab_DER-EDIFICAÇÕES_2025_10_servicos.xlsx!A1243,2025-10,2025-11,m2,PINTURA / SOBRE PAREDES E FORROS,True,False,25.15,23.72,23.72,25.15,,,False,False,d856141d8d195b8bf3114dd64686b80db08318d557f9eb5f279d84fffec1a86e,treino,False,False
der_es,sem_desoneracao,190117,"Pintura sobre paredes e forros, aplicação manual, com duas demãos de tinta látex acrílico premium, acabamento fosco, referência Suvinil, Coral e Metalatex, inclusive uma demão de liquido selador acrílico, referência Suvinil, Coral ou Metalatex",PINTURA / SOBRE PAREDES E FORROS,m2,8a18ed46394ffc457dc1003abd179ce132ce645a07bd8e623dc5622d596b0e66,d856141d8d195b8bf3114dd64686b80db08318d557f9eb5f279d84fffec1a86e,TABELA REFERENCIAL OBRAS - DER-ES - 2025-11 - NOV/XLS/tab_DER-EDIFICAÇÕES_2025_11_servicos.xlsx!A1243,2025-11,2025-12,m2,PINTURA / SOBRE PAREDES E FORROS,True,False,25.15,25.15,23.72,25.15,,,False,False,cf2ae6d6af6081526a2c2c6a6446342c23099ac3a9c81f310e3a5da2680fb053,treino,False,False
der_es,sem_desoneracao,190117,"Pintura sobre paredes e forros, aplicação manual, com duas demãos de tinta látex acrílico premium, acabamento fosco, referência Suvinil, Coral e Metalatex, inclusive uma demão de liquido selador acrílico, referência Suvinil, Coral ou Metalatex",PINTURA / SOBRE PAREDES E FORROS,m2,8a18ed46394ffc457dc1003abd179ce132ce645a07bd8e623dc5622d596b0e66,cf2ae6d6af6081526a2c2c6a6446342c23099ac3a9c81f310e3a5da2680fb053,TABELA REFERENCIAL OBRAS - DER-ES - 2025-12 - DEZ/XLS/tab_DER-EDIFICAÇÕES_2025_12_servicos.xlsx!A1242,2025-12,2026-01,m2,PINTURA / SOBRE PAREDES E FORROS,True,False,25.15,25.15,25.15,25.15,,,False,False,4feebcbe8c47058cf57314347405d833cdfb5d2340951f005ab53d27ae84fd84,validacao,False,False
der_es,sem_desoneracao,190117,"Pintura sobre paredes e forros, aplicação manual, com duas demãos de tinta látex acrílico premium, acabamento fosco, referência Suvinil, Coral e Metalatex, inclusive uma demão de liquido selador acrílico, referência Suvinil, Coral ou Metalatex",PINTURA / SOBRE PAREDES E FORROS,m2,8a18ed46394ffc457dc1003abd179ce132ce645a07bd8e623dc5622d596b0e66,4feebcbe8c47058cf57314347405d833cdfb5d2340951f005ab53d27ae84fd84,TABELA REFERENCIAL OBRAS - DER-ES - 2026-01 - JAN/XLS/tab_DER-EDIFICAÇÕES_2026_01_servicos.xlsx!A1242,2026-01,2026-02,m2,PINTURA / SOBRE PAREDES E FORROS,True,False,25.15,25.15,25.15,25.15,,,False,False,1a7537f06fa9b2a1aff5982ae95ae6bf2ec16498e28430445e55584fbcce9a3c,validacao,False,False
der_es,sem_desoneracao,190117,"Pintura sobre paredes e forros, aplicação manual, com duas demãos de tinta látex acrílico premium, acabamento fosco, referência Suvinil, Coral e Metalatex, inclusive uma demão de liquido selador acrílico, referência Suvinil, Coral ou Metalatex",PINTURA / SOBRE PAREDES E FORROS,m2,8a18ed46394ffc457dc1003abd179ce132ce645a07bd8e623dc5622d596b0e66,1a7537f06fa9b2a1aff5982ae95ae6bf2ec16498e28430445e55584fbcce9a3c,TABELA REFERENCIAL OBRAS - DER-ES - 2026-02 - FEV/XLS/tab_DER-EDIFICAÇÕES_2026_02_servicos.xlsx!A1240,2026-02,2026-03,m2,PINTURA / SOBRE PAREDES E FORROS,True,False,25.15,25.15,25.15,25.15,,,False,False,c9a408180051aaa4e38fe277afd37500d913d617b22cb55cd61158248094d761,teste,False,False
der_es,sem_desoneracao,190117,"Pintura sobre paredes e forros, aplicação manual, com duas demãos de tinta látex acrílico premium, acabamento fosco, referência Suvinil, Coral e Metalatex, inclusive uma demão de liquido selador acrílico, referência Suvinil, Coral ou Metalatex",PINTURA / SOBRE PAREDES E FORROS,m2,8a18ed46394ffc457dc1003abd179ce132ce645a07bd8e623dc5622d596b0e66,c9a408180051aaa4e38fe277afd37500d913d617b22cb55cd61158248094d761,TABELA REFERENCIAL OBRAS - DER-ES - 2026-03 - MAR/XLS/tab_DER-EDIFICAÇÕES_2026_03_servicos.xlsx!A1240,2026-03,2026-04,m2,PINTURA / SOBRE PAREDES E FORROS,True,False,25.15,25.15,25.15,24.1,,,False,False,b07a6f7cd81d76e43925b8f994875b35e8468c5a37790367db80f72665fc0b2b,teste,False,False
der_es,sem_desoneracao,190117,"Pintura sobre paredes e forros, aplicação manual, com duas demãos de tinta látex acrílico premium, acabamento fosco, referência Suvinil, Coral e Metalatex, inclusive uma demão de liquido selador acrílico, referência Suvinil, Coral ou Metalatex",PINTURA / SOBRE PAREDES E FORROS,m2,8a18ed46394ffc457dc1003abd179ce132ce645a07bd8e623dc5622d596b0e66,b07a6f7cd81d76e43925b8f994875b35e8468c5a37790367db80f72665fc0b2b,TABELA REFERENCIAL OBRAS - DER-ES - 2026-04 - ABR/XLS/tab_DER-EDIFICAÇÕES_2026_04_servicos.xlsx!A1240,2026-04,2026-05,m2,PINTURA / SOBRE PAREDES E FORROS,True,False,24.1,25.15,25.15,25.37,,,False,False,9d7efd575c10dc676bc49f5acb5630fa9b3cd2b98449be07612e1891e8d213f6,teste,False,False
der_es,sem_desoneracao,190121,"Preparo em paredes e forros, aplicação manual, com uma demão de líquido selador PVA, referência Suvinil, Coral ou Metalatex ou equivalente",PINTURA / SOBRE PAREDES E FORROS,m2,132a4a3a4c1edeb4bc13f073394fb49e9a5b4cef287fd2ae7cb09b215345082b,2dd7e7c15552e8663b500f12008e09dc39c3816602e826e994d7dc8922d7ac8f,TABELA REFERENCIAL OBRAS - DER-ES - 2025-03 - MAR/XLS/tab_DER-EDIFICAÇσES_2025_03_servicos.xlsx!A1244,2025-03,2025-04,m2,PINTURA / SOBRE PAREDES E FORROS,True,False,3.19,3.19,3.19,3.04,,,False,False,d2087ecf8affe6feb21bd38f6045155bdc7d4b18356273e8e54c68d96e73dbd4,treino,False,False
der_es,sem_desoneracao,190121,"Preparo em paredes e forros, aplicação manual, com uma demão de líquido selador PVA, referência Suvinil, Coral ou Metalatex ou equivalente",PINTURA / SOBRE PAREDES E FORROS,m2,132a4a3a4c1edeb4bc13f073394fb49e9a5b4cef287fd2ae7cb09b215345082b,d2087ecf8affe6feb21bd38f6045155bdc7d4b18356273e8e54c68d96e73dbd4,TABELA REFERENCIAL OBRAS - DER-ES - 2025-04 - ABR/XLS/tab_DER-EDIFICAÇσES_2025_04_servicos.xlsx!A1245,2025-04,2025-05,m2,PINTURA / SOBRE PAREDES E FORROS,True,False,3.04,3.19,3.19,3.18,,,False,False,2bf6c2c7e6a976b4518fe548f59e259ac8091a61f440b44f17701ff9a0f00926,treino,False,False
der_es,sem_desoneracao,190121,"Preparo em paredes e forros, aplicação manual, com uma demão de líquido selador PVA, referência Suvinil, Coral ou Metalatex ou equivalente",PINTURA / SOBRE PAREDES E FORROS,m2,132a4a3a4c1edeb4bc13f073394fb49e9a5b4cef287fd2ae7cb09b215345082b,2bf6c2c7e6a976b4518fe548f59e259ac8091a61f440b44f17701ff9a0f00926,TABELA REFERENCIAL OBRAS - DER-ES - 2025-05 - MAI/XLS/tab_DER-EDIFICAÇσES_2025_05_servicos.xlsx!A1246,2025-05,2025-06,m2,PINTURA / SOBRE PAREDES E FORROS,True,False,3.18,3.04,3.19,3.18,,,False,False,22734abdbfefadc850a2608b6f454b5f7c18b5e3c19f87c396d85d1e76c75234,treino,False,False
der_es,sem_desoneracao,190121,"Preparo em paredes e forros, aplicação manual, com uma demão de líquido selador PVA, referência Suvinil, Coral ou Metalatex ou equivalente",PINTURA / SOBRE PAREDES E FORROS,m2,132a4a3a4c1edeb4bc13f073394fb49e9a5b4cef287fd2ae7cb09b215345082b,22734abdbfefadc850a2608b6f454b5f7c18b5e3c19f87c396d85d1e76c75234,TABELA REFERENCIAL OBRAS - DER-ES - 2025-06 - JUN/XLS/tab_DER-EDIFICAÇÕES_2025_06_servicos.xlsx!A1244,2025-06,2025-07,m2,PINTURA / SOBRE PAREDES E FORROS,True,False,3.18,3.18,3.04,3.18,,,False,False,9f2d3bc52e35d3a9c0317f2bbd34359ce4b9eb726cfdad03719dc91ab8a6eb52,treino,False,False
der_es,sem_desoneracao,190121,"Preparo em paredes e forros, aplicação manual, com uma demão de líquido selador PVA, referência Suvinil, Coral ou Metalatex ou equivalente",PINTURA / SOBRE PAREDES E FORROS,m2,132a4a3a4c1edeb4bc13f073394fb49e9a5b4cef287fd2ae7cb09b215345082b,9f2d3bc52e35d3a9c0317f2bbd34359ce4b9eb726cfdad03719dc91ab8a6eb52,TABELA REFERENCIAL OBRAS - DER-ES - 2025-07 - JUL/TABELA REFERENCIAL OBRAS - DER-ES - 2025-07 - JUL/XLS/tab_DER-EDIFICAÇÕES_2025_07_servicos.xlsx!A1244,2025-07,2025-08,m2,PINTURA / SOBRE PAREDES E FORROS,True,False,3.18,3.18,3.18,3.18,,,False,False,f4e1c72d0bc82c19d0327a48458bea46cf1a06c556062fe2206e7955be9a14b1,treino,False,False
der_es,sem_desoneracao,190121,"Preparo em paredes e forros, aplicação manual, com uma demão de líquido selador PVA, referência Suvinil, Coral ou Metalatex ou equivalente",PINTURA / SOBRE PAREDES E FORROS,m2,132a4a3a4c1edeb4bc13f073394fb49e9a5b4cef287fd2ae7cb09b215345082b,f4e1c72d0bc82c19d0327a48458bea46cf1a06c556062fe2206e7955be9a14b1,TABELA REFERENCIAL OBRAS - DER-ES - 2025-08 - AGO/XLS/tab_DER-EDIFICAÇÕES_2025_08_servicos.xlsx!A1244,2025-08,2025-09,m2,PINTURA / SOBRE PAREDES E FORROS,True,False,3.18,3.18,3.18,3.18,,,False,False,7b1be34ee7d5dd82bcaeb75a32037ae0f2eea1e439205f05e57077b8a3567875,treino,False,False
der_es,sem_desoneracao,190121,"Preparo em paredes e forros, aplicação manual, com uma demão de líquido selador PVA, referência Suvinil, Coral ou Metalatex ou equivalente",PINTURA / SOBRE PAREDES E FORROS,m2,132a4a3a4c1edeb4bc13f073394fb49e9a5b4cef287fd2ae7cb09b215345082b,7b1be34ee7d5dd82bcaeb75a32037ae0f2eea1e439205f05e57077b8a3567875,TABELA REFERENCIAL OBRAS - DER-ES - 2025-09 - SET/XLS/tab_DER-EDIFICAÇÕES_2025_09_servicos.xlsx!A1244,2025-09,2025-10,m2,PINTURA / SOBRE PAREDES E FORROS,True,False,3.18,3.18,3.18,3.57,,,False,False,25f27b5ef0ad1c6c63d22be1ab543e5a65d73aa17c4d0463109a84f7209c8fa3,treino,False,False
der_es,sem_desoneracao,190121,"Preparo em paredes e forros, aplicação manual, com uma demão de líquido selador PVA, referência Suvinil, Coral ou Metalatex ou equivalente",PINTURA / SOBRE PAREDES E FORROS,m2,132a4a3a4c1edeb4bc13f073394fb49e9a5b4cef287fd2ae7cb09b215345082b,25f27b5ef0ad1c6c63d22be1ab543e5a65d73aa17c4d0463109a84f7209c8fa3,TABELA REFERENCIAL OBRAS - DER-ES - 2025-10 - OUT/XLS/tab_DER-EDIFICAÇÕES_2025_10_servicos.xlsx!A1244,2025-10,2025-11,m2,PINTURA / SOBRE PAREDES E FORROS,True,False,3.57,3.18,3.18,3.57,,,False,False,d856141d8d195b8bf3114dd64686b80db08318d557f9eb5f279d84fffec1a86e,treino,False,False
der_es,sem_desoneracao,190121,"Preparo em paredes e forros, aplicação manual, com uma demão de líquido selador PVA, referência Suvinil, Coral ou Metalatex ou equivalente",PINTURA / SOBRE PAREDES E FORROS,m2,132a4a3a4c1edeb4bc13f073394fb49e9a5b4cef287fd2ae7cb09b215345082b,d856141d8d195b8bf3114dd64686b80db08318d557f9eb5f279d84fffec1a86e,TABELA REFERENCIAL OBRAS - DER-ES - 2025-11 - NOV/XLS/tab_DER-EDIFICAÇÕES_2025_11_servicos.xlsx!A1244,2025-11,2025-12,m2,PINTURA / SOBRE PAREDES E FORROS,True,False,3.57,3.57,3.18,3.57,,,False,False,cf2ae6d6af6081526a2c2c6a6446342c23099ac3a9c81f310e3a5da2680fb053,treino,False,False
der_es,sem_desoneracao,190121,"Preparo em paredes e forros, aplicação manual, com uma demão de líquido selador PVA, referência Suvinil, Coral ou Metalatex ou equivalente",PINTURA / SOBRE PAREDES E FORROS,m2,132a4a3a4c1edeb4bc13f073394fb49e9a5b4cef287fd2ae7cb09b215345082b,cf2ae6d6af6081526a2c2c6a6446342c23099ac3a9c81f310e3a5da2680fb053,TABELA REFERENCIAL OBRAS - DER-ES - 2025-12 - DEZ/XLS/tab_DER-EDIFICAÇÕES_2025_12_servicos.xlsx!A1243,2025-12,2026-01,m2,PINTURA / SOBRE PAREDES E FORROS,True,False,3.57,3.57,3.57,3.57,,,False,False,4feebcbe8c47058cf57314347405d833cdfb5d2340951f005ab53d27ae84fd84,validacao,False,False
der_es,sem_desoneracao,190121,"Preparo em paredes e forros, aplicação manual, com uma demão de líquido selador PVA, referência Suvinil, Coral ou Metalatex ou equivalente",PINTURA / SOBRE PAREDES E FORROS,m2,132a4a3a4c1edeb4bc13f073394fb49e9a5b4cef287fd2ae7cb09b215345082b,4feebcbe8c47058cf57314347405d833cdfb5d2340951f005ab53d27ae84fd84,TABELA REFERENCIAL OBRAS - DER-ES - 2026-01 - JAN/XLS/tab_DER-EDIFICAÇÕES_2026_01_servicos.xlsx!A1243,2026-01,2026-02,m2,PINTURA / SOBRE PAREDES E FORROS,True,False,3.57,3.57,3.57,3.57,,,False,False,1a7537f06fa9b2a1aff5982ae95ae6bf2ec16498e28430445e55584fbcce9a3c,validacao,False,False
der_es,sem_desoneracao,190121,"Preparo em paredes e forros, aplicação manual, com uma demão de líquido selador PVA, referência Suvinil, Coral ou Metalatex ou equivalente",PINTURA / SOBRE PAREDES E FORROS,m2,132a4a3a4c1edeb4bc13f073394fb49e9a5b4cef287fd2ae7cb09b215345082b,1a7537f06fa9b2a1aff5982ae95ae6bf2ec16498e28430445e55584fbcce9a3c,TABELA REFERENCIAL OBRAS - DER-ES - 2026-02 - FEV/XLS/tab_DER-EDIFICAÇÕES_2026_02_servicos.xlsx!A1241,2026-02,2026-03,m2,PINTURA / SOBRE PAREDES E FORROS,True,False,3.57,3.57,3.57,3.57,,,False,False,c9a408180051aaa4e38fe277afd37500d913d617b22cb55cd61158248094d761,teste,False,False
der_es,sem_desoneracao,190121,"Preparo em paredes e forros, aplicação manual, com uma demão de líquido selador PVA, referência Suvinil, Coral ou Metalatex ou equivalente",PINTURA / SOBRE PAREDES E FORROS,m2,132a4a3a4c1edeb4bc13f073394fb49e9a5b4cef287fd2ae7cb09b215345082b,c9a408180051aaa4e38fe277afd37500d913d617b22cb55cd61158248094d761,TABELA REFERENCIAL OBRAS - DER-ES - 2026-03 - MAR/XLS/tab_DER-EDIFICAÇÕES_2026_03_servicos.xlsx!A1241,2026-03,2026-04,m2,PINTURA / SOBRE PAREDES E FORROS,True,False,3.57,3.57,3.57,3.4,,,False,False,b07a6f7cd81d76e43925b8f994875b35e8468c5a37790367db80f72665fc0b2b,teste,False,False
der_es,sem_desoneracao,190121,"Preparo em paredes e forros, aplicação manual, com uma demão de líquido selador PVA, referência Suvinil, Coral ou Metalatex ou equivalente",PINTURA / SOBRE PAREDES E FORROS,m2,132a4a3a4c1edeb4bc13f073394fb49e9a5b4cef287fd2ae7cb09b215345082b,b07a6f7cd81d76e43925b8f994875b35e8468c5a37790367db80f72665fc0b2b,TABELA REFERENCIAL OBRAS - DER-ES - 2026-04 - ABR/XLS/tab_DER-EDIFICAÇÕES_2026_04_servicos.xlsx!A1241,2026-04,2026-05,m2,PINTURA / SOBRE PAREDES E FORROS,True,False,3.4,3.57,3.57,3.54,,,False,False,9d7efd575c10dc676bc49f5acb5630fa9b3cd2b98449be07612e1891e8d213f6,teste,False,False
der_es,sem_desoneracao,190201,"Pintura sobre concreto ou blocos cerâmicos aparentes, aplicação manual, com duas demãos de verniz acrílico a base de água, acabamento fosco, referência Suvinil, Coral, Metalatex ou equivalente",PINTURA / SOBRE CONCRETO OU BLOCOS CERÂMICOS APARENTES,m2,4a2709c03a99706b9b1c3565e5c66ca4bbc391e49c730d2e31db8344c76d3d31,2dd7e7c15552e8663b500f12008e09dc39c3816602e826e994d7dc8922d7ac8f,TABELA REFERENCIAL OBRAS - DER-ES - 2025-03 - MAR/XLS/tab_DER-EDIFICAÇσES_2025_03_servicos.xlsx!A1246,2025-03,2025-04,m2,PINTURA / SOBRE CONCRETO OU BLOCOS CERÂMICOS APARENTES,True,False,15.26,15.26,15.26,14.8,,,False,False,d2087ecf8affe6feb21bd38f6045155bdc7d4b18356273e8e54c68d96e73dbd4,treino,False,False
der_es,sem_desoneracao,190201,"Pintura sobre concreto ou blocos cerâmicos aparentes, aplicação manual, com duas demãos de verniz acrílico a base de água, acabamento fosco, referência Suvinil, Coral, Metalatex ou equivalente",PINTURA / SOBRE CONCRETO OU BLOCOS CERÂMICOS APARENTES,m2,4a2709c03a99706b9b1c3565e5c66ca4bbc391e49c730d2e31db8344c76d3d31,d2087ecf8affe6feb21bd38f6045155bdc7d4b18356273e8e54c68d96e73dbd4,TABELA REFERENCIAL OBRAS - DER-ES - 2025-04 - ABR/XLS/tab_DER-EDIFICAÇσES_2025_04_servicos.xlsx!A1247,2025-04,2025-05,m2,PINTURA / SOBRE CONCRETO OU BLOCOS CERÂMICOS APARENTES,True,False,14.8,15.26,15.26,15.25,,,False,False,2bf6c2c7e6a976b4518fe548f59e259ac8091a61f440b44f17701ff9a0f00926,treino,False,False
der_es,sem_desoneracao,190201,"Pintura sobre concreto ou blocos cerâmicos aparentes, aplicação manual, com duas demãos de verniz acrílico a base de água, acabamento fosco, referência Suvinil, Coral, Metalatex ou equivalente",PINTURA / SOBRE CONCRETO OU BLOCOS CERÂMICOS APARENTES,m2,4a2709c03a99706b9b1c3565e5c66ca4bbc391e49c730d2e31db8344c76d3d31,2bf6c2c7e6a976b4518fe548f59e259ac8091a61f440b44f17701ff9a0f00926,TABELA REFERENCIAL OBRAS - DER-ES - 2025-05 - MAI/XLS/tab_DER-EDIFICAÇσES_2025_05_servicos.xlsx!A1248,2025-05,2025-06,m2,PINTURA / SOBRE CONCRETO OU BLOCOS CERÂMICOS APARENTES,True,False,15.25,14.8,15.26,15.25,,,False,False,22734abdbfefadc850a2608b6f454b5f7c18b5e3c19f87c396d85d1e76c75234,treino,False,False
der_es,sem_desoneracao,190201,"Pintura sobre concreto ou blocos cerâmicos aparentes, aplicação manual, com duas demãos de verniz acrílico a base de água, acabamento fosco, referência Suvinil, Coral, Metalatex ou equivalente",PINTURA / SOBRE CONCRETO OU BLOCOS CERÂMICOS APARENTES,m2,4a2709c03a99706b9b1c3565e5c66ca4bbc391e49c730d2e31db8344c76d3d31,22734abdbfefadc850a2608b6f454b5f7c18b5e3c19f87c396d85d1e76c75234,TABELA REFERENCIAL OBRAS - DER-ES - 2025-06 - JUN/XLS/tab_DER-EDIFICAÇÕES_2025_06_servicos.xlsx!A1246,2025-06,2025-07,m2,PINTURA / SOBRE CONCRETO OU BLOCOS CERÂMICOS APARENTES,True,False,15.25,15.25,14.8,15.25,,,False,False,9f2d3bc52e35d3a9c0317f2bbd34359ce4b9eb726cfdad03719dc91ab8a6eb52,treino,False,False
der_es,sem_desoneracao,190201,"Pintura sobre concreto ou blocos cerâmicos aparentes, aplicação manual, com duas demãos de verniz acrílico a base de água, acabamento fosco, referência Suvinil, Coral, Metalatex ou equivalente",PINTURA / SOBRE CONCRETO OU BLOCOS CERÂMICOS APARENTES,m2,4a2709c03a99706b9b1c3565e5c66ca4bbc391e49c730d2e31db8344c76d3d31,9f2d3bc52e35d3a9c0317f2bbd34359ce4b9eb726cfdad03719dc91ab8a6eb52,TABELA REFERENCIAL OBRAS - DER-ES - 2025-07 - JUL/TABELA REFERENCIAL OBRAS - DER-ES - 2025-07 - JUL/XLS/tab_DER-EDIFICAÇÕES_2025_07_servicos.xlsx!A1246,2025-07,2025-08,m2,PINTURA / SOBRE CONCRETO OU BLOCOS CERÂMICOS APARENTES,True,False,15.25,15.25,15.25,15.25,,,False,False,f4e1c72d0bc82c19d0327a48458bea46cf1a06c556062fe2206e7955be9a14b1,treino,False,False
der_es,sem_desoneracao,190201,"Pintura sobre concreto ou blocos cerâmicos aparentes, aplicação manual, com duas demãos de verniz acrílico a base de água, acabamento fosco, referência Suvinil, Coral, Metalatex ou equivalente",PINTURA / SOBRE CONCRETO OU BLOCOS CERÂMICOS APARENTES,m2,4a2709c03a99706b9b1c3565e5c66ca4bbc391e49c730d2e31db8344c76d3d31,f4e1c72d0bc82c19d0327a48458bea46cf1a06c556062fe2206e7955be9a14b1,TABELA REFERENCIAL OBRAS - DER-ES - 2025-08 - AGO/XLS/tab_DER-EDIFICAÇÕES_2025_08_servicos.xlsx!A1246,2025-08,2025-09,m2,PINTURA / SOBRE CONCRETO OU BLOCOS CERÂMICOS APARENTES,True,False,15.25,15.25,15.25,15.25,,,False,False,7b1be34ee7d5dd82bcaeb75a32037ae0f2eea1e439205f05e57077b8a3567875,treino,False,False
der_es,sem_desoneracao,190201,"Pintura sobre concreto ou blocos cerâmicos aparentes, aplicação manual, com duas demãos de verniz acrílico a base de água, acabamento fosco, referência Suvinil, Coral, Metalatex ou equivalente",PINTURA / SOBRE CONCRETO OU BLOCOS CERÂMICOS APARENTES,m2,4a2709c03a99706b9b1c3565e5c66ca4bbc391e49c730d2e31db8344c76d3d31,7b1be34ee7d5dd82bcaeb75a32037ae0f2eea1e439205f05e57077b8a3567875,TABELA REFERENCIAL OBRAS - DER-ES - 2025-09 - SET/XLS/tab_DER-EDIFICAÇÕES_2025_09_servicos.xlsx!A1246,2025-09,2025-10,m2,PINTURA / SOBRE CONCRETO OU BLOCOS CERÂMICOS APARENTES,True,False,15.25,15.25,15.25,15.93,,,False,False,25f27b5ef0ad1c6c63d22be1ab543e5a65d73aa17c4d0463109a84f7209c8fa3,treino,False,False
der_es,sem_desoneracao,190201,"Pintura sobre concreto ou blocos cerâmicos aparentes, aplicação manual, com duas demãos de verniz acrílico a base de água, acabamento fosco, referência Suvinil, Coral, Metalatex ou equivalente",PINTURA / SOBRE CONCRETO OU BLOCOS CERÂMICOS APARENTES,m2,4a2709c03a99706b9b1c3565e5c66ca4bbc391e49c730d2e31db8344c76d3d31,25f27b5ef0ad1c6c63d22be1ab543e5a65d73aa17c4d0463109a84f7209c8fa3,TABELA REFERENCIAL OBRAS - DER-ES - 2025-10 - OUT/XLS/tab_DER-EDIFICAÇÕES_2025_10_servicos.xlsx!A1246,2025-10,2025-11,m2,PINTURA / SOBRE CONCRETO OU BLOCOS CERÂMICOS APARENTES,True,False,15.93,15.25,15.25,15.93,,,False,False,d856141d8d195b8bf3114dd64686b80db08318d557f9eb5f279d84fffec1a86e,treino,False,False
der_es,sem_desoneracao,190201,"Pintura sobre concreto ou blocos cerâmicos aparentes, aplicação manual, com duas demãos de verniz acrílico a base de água, acabamento fosco, referência Suvinil, Coral, Metalatex ou equivalente",PINTURA / SOBRE CONCRETO OU BLOCOS CERÂMICOS APARENTES,m2,4a2709c03a99706b9b1c3565e5c66ca4bbc391e49c730d2e31db8344c76d3d31,d856141d8d195b8bf3114dd64686b80db08318d557f9eb5f279d84fffec1a86e,TABELA REFERENCIAL OBRAS - DER-ES - 2025-11 - NOV/XLS/tab_DER-EDIFICAÇÕES_2025_11_servicos.xlsx!A1246,2025-11,2025-12,m2,PINTURA / SOBRE CONCRETO OU BLOCOS CERÂMICOS APARENTES,True,False,15.93,15.93,15.25,15.93,,,False,False,cf2ae6d6af6081526a2c2c6a6446342c23099ac3a9c81f310e3a5da2680fb053,treino,False,False
der_es,sem_desoneracao,190201,"Pintura sobre concreto ou blocos cerâmicos aparentes, aplicação manual, com duas demãos de verniz acrílico a base de água, acabamento fosco, referência Suvinil, Coral, Metalatex ou equivalente",PINTURA / SOBRE CONCRETO OU BLOCOS CERÂMICOS APARENTES,m2,4a2709c03a99706b9b1c3565e5c66ca4bbc391e49c730d2e31db8344c76d3d31,cf2ae6d6af6081526a2c2c6a6446342c23099ac3a9c81f310e3a5da2680fb053,TABELA REFERENCIAL OBRAS - DER-ES - 2025-12 - DEZ/XLS/tab_DER-EDIFICAÇÕES_2025_12_servicos.xlsx!A1245,2025-12,2026-01,m2,PINTURA / SOBRE CONCRETO OU BLOCOS CERÂMICOS APARENTES,True,False,15.93,15.93,15.93,15.93,,,False,False,4feebcbe8c47058cf57314347405d833cdfb5d2340951f005ab53d27ae84fd84,validacao,False,False
der_es,sem_desoneracao,190201,"Pintura sobre concreto ou blocos cerâmicos aparentes, aplicação manual, com duas demãos de verniz acrílico a base de água, acabamento fosco, referência Suvinil, Coral, Metalatex ou equivalente",PINTURA / SOBRE CONCRETO OU BLOCOS CERÂMICOS APARENTES,m2,4a2709c03a99706b9b1c3565e5c66ca4bbc391e49c730d2e31db8344c76d3d31,4feebcbe8c47058cf57314347405d833cdfb5d2340951f005ab53d27ae84fd84,TABELA REFERENCIAL OBRAS - DER-ES - 2026-01 - JAN/XLS/tab_DER-EDIFICAÇÕES_2026_01_servicos.xlsx!A1245,2026-01,2026-02,m2,PINTURA / SOBRE CONCRETO OU BLOCOS CERÂMICOS APARENTES,True,False,15.93,15.93,15.93,15.93,,,False,False,1a7537f06fa9b2a1aff5982ae95ae6bf2ec16498e28430445e55584fbcce9a3c,validacao,False,False
der_es,sem_desoneracao,190201,"Pintura sobre concreto ou blocos cerâmicos aparentes, aplicação manual, com duas demãos de verniz acrílico a base de água, acabamento fosco, referência Suvinil, Coral, Metalatex ou equivalente",PINTURA / SOBRE CONCRETO OU BLOCOS CERÂMICOS APARENTES,m2,4a2709c03a99706b9b1c3565e5c66ca4bbc391e49c730d2e31db8344c76d3d31,1a7537f06fa9b2a1aff5982ae95ae6bf2ec16498e28430445e55584fbcce9a3c,TABELA REFERENCIAL OBRAS - DER-ES - 2026-02 - FEV/XLS/tab_DER-EDIFICAÇÕES_2026_02_servicos.xlsx!A1243,2026-02,2026-03,m2,PINTURA / SOBRE CONCRETO OU BLOCOS CERÂMICOS APARENTES,True,False,15.93,15.93,15.93,15.93,,,False,False,c9a408180051aaa4e38fe277afd37500d913d617b22cb55cd61158248094d761,teste,False,False
der_es,sem_desoneracao,190201,"Pintura sobre concreto ou blocos cerâmicos aparentes, aplicação manual, com duas demãos de verniz acrílico a base de água, acabamento fosco, referência Suvinil, Coral, Metalatex ou equivalente",PINTURA / SOBRE CONCRETO OU BLOCOS CERÂMICOS APARENTES,m2,4a2709c03a99706b9b1c3565e5c66ca4bbc391e49c730d2e31db8344c76d3d31,c9a408180051aaa4e38fe277afd37500d913d617b22cb55cd61158248094d761,TABELA REFERENCIAL OBRAS - DER-ES - 2026-03 - MAR/XLS/tab_DER-EDIFICAÇÕES_2026_03_servicos.xlsx!A1243,2026-03,2026-04,m2,PINTURA / SOBRE CONCRETO OU BLOCOS CERÂMICOS APARENTES,True,False,15.93,15.93,15.93,15.93,,,False,False,b07a6f7cd81d76e43925b8f994875b35e8468c5a37790367db80f72665fc0b2b,teste,False,False
der_es,sem_desoneracao,190201,"Pintura sobre concreto ou blocos cerâmicos aparentes, aplicação manual, com duas demãos de verniz acrílico a base de água, acabamento fosco, referência Suvinil, Coral, Metalatex ou equivalente",PINTURA / SOBRE CONCRETO OU BLOCOS CERÂMICOS APARENTES,m2,4a2709c03a99706b9b1c3565e5c66ca4bbc391e49c730d2e31db8344c76d3d31,b07a6f7cd81d76e43925b8f994875b35e8468c5a37790367db80f72665fc0b2b,TABELA REFERENCIAL OBRAS - DER-ES - 2026-04 - ABR/XLS/tab_DER-EDIFICAÇÕES_2026_04_servicos.xlsx!A1243,2026-04,2026-05,m2,PINTURA / SOBRE CONCRETO OU BLOCOS CERÂMICOS APARENTES,True,False,15.93,15.93,15.93,16.35,,,False,False,9d7efd575c10dc676bc49f5acb5630fa9b3cd2b98449be07612e1891e8d213f6,teste,False,False
der_es,sem_desoneracao,190202,"Pintura sobre concreto ou blocos cerâmicos aparentes, aplicação manual, com uma demão de silicone incolor, referência Suvinil, Sika, Vedacit ou equivalente",PINTURA / SOBRE CONCRETO OU BLOCOS CERÂMICOS APARENTES,m2,172b925a8419e996f07ad17fea40336a615485c19ff93bd8aca8df3df8603233,2dd7e7c15552e8663b500f12008e09dc39c3816602e826e994d7dc8922d7ac8f,TABELA REFERENCIAL OBRAS - DER-ES - 2025-03 - MAR/XLS/tab_DER-EDIFICAÇσES_2025_03_servicos.xlsx!A1247,2025-03,2025-04,m2,PINTURA / SOBRE CONCRETO OU BLOCOS CERÂMICOS APARENTES,True,False,18.09,18.09,18.09,17.42,,,False,False,d2087ecf8affe6feb21bd38f6045155bdc7d4b18356273e8e54c68d96e73dbd4,treino,False,False
der_es,sem_desoneracao,190202,"Pintura sobre concreto ou blocos cerâmicos aparentes, aplicação manual, com uma demão de silicone incolor, referência Suvinil, Sika, Vedacit ou equivalente",PINTURA / SOBRE CONCRETO OU BLOCOS CERÂMICOS APARENTES,m2,172b925a8419e996f07ad17fea40336a615485c19ff93bd8aca8df3df8603233,d2087ecf8affe6feb21bd38f6045155bdc7d4b18356273e8e54c68d96e73dbd4,TABELA REFERENCIAL OBRAS - DER-ES - 2025-04 - ABR/XLS/tab_DER-EDIFICAÇσES_2025_04_servicos.xlsx!A1248,2025-04,2025-05,m2,PINTURA / SOBRE CONCRETO OU BLOCOS CERÂMICOS APARENTES,True,False,17.42,18.09,18.09,18.06,,,False,False,2bf6c2c7e6a976b4518fe548f59e259ac8091a61f440b44f17701ff9a0f00926,treino,False,False
der_es,sem_desoneracao,190202,"Pintura sobre concreto ou blocos cerâmicos aparentes, aplicação manual, com uma demão de silicone incolor, referência Suvinil, Sika, Vedacit ou equivalente",PINTURA / SOBRE CONCRETO OU BLOCOS CERÂMICOS APARENTES,m2,172b925a8419e996f07ad17fea40336a615485c19ff93bd8aca8df3df8603233,2bf6c2c7e6a976b4518fe548f59e259ac8091a61f440b44f17701ff9a0f00926,TABELA REFERENCIAL OBRAS - DER-ES - 2025-05 - MAI/XLS/tab_DER-EDIFICAÇσES_2025_05_servicos.xlsx!A1249,2025-05,2025-06,m2,PINTURA / SOBRE CONCRETO OU BLOCOS CERÂMICOS APARENTES,True,False,18.06,17.42,18.09,18.06,,,False,False,22734abdbfefadc850a2608b6f454b5f7c18b5e3c19f87c396d85d1e76c75234,treino,False,False
der_es,sem_desoneracao,190202,"Pintura sobre concreto ou blocos cerâmicos aparentes, aplicação manual, com uma demão de silicone incolor, referência Suvinil, Sika, Vedacit ou equivalente",PINTURA / SOBRE CONCRETO OU BLOCOS CERÂMICOS APARENTES,m2,172b925a8419e996f07ad17fea40336a615485c19ff93bd8aca8df3df8603233,22734abdbfefadc850a2608b6f454b5f7c18b5e3c19f87c396d85d1e76c75234,TABELA REFERENCIAL OBRAS - DER-ES - 2025-06 - JUN/XLS/tab_DER-EDIFICAÇÕES_2025_06_servicos.xlsx!A1247,2025-06,2025-07,m2,PINTURA / SOBRE CONCRETO OU BLOCOS CERÂMICOS APARENTES,True,False,18.06,18.06,17.42,18.06,,,False,False,9f2d3bc52e35d3a9c0317f2bbd34359ce4b9eb726cfdad03719dc91ab8a6eb52,treino,False,False
der_es,sem_desoneracao,190202,"Pintura sobre concreto ou blocos cerâmicos aparentes, aplicação manual, com uma demão de silicone incolor, referência Suvinil, Sika, Vedacit ou equivalente",PINTURA / SOBRE CONCRETO OU BLOCOS CERÂMICOS APARENTES,m2,172b925a8419e996f07ad17fea40336a615485c19ff93bd8aca8df3df8603233,9f2d3bc52e35d3a9c0317f2bbd34359ce4b9eb726cfdad03719dc91ab8a6eb52,TABELA REFERENCIAL OBRAS - DER-ES - 2025-07 - JUL/TABELA REFERENCIAL OBRAS - DER-ES - 2025-07 - JUL/XLS/tab_DER-EDIFICAÇÕES_2025_07_servicos.xlsx!A1247,2025-07,2025-08,m2,PINTURA / SOBRE CONCRETO OU BLOCOS CERÂMICOS APARENTES,True,False,18.06,18.06,18.06,18.06,,,False,False,f4e1c72d0bc82c19d0327a48458bea46cf1a06c556062fe2206e7955be9a14b1,treino,False,False
der_es,sem_desoneracao,190202,"Pintura sobre concreto ou blocos cerâmicos aparentes, aplicação manual, com uma demão de silicone incolor, referência Suvinil, Sika, Vedacit ou equivalente",PINTURA / SOBRE CONCRETO OU BLOCOS CERÂMICOS APARENTES,m2,172b925a8419e996f07ad17fea40336a615485c19ff93bd8aca8df3df8603233,f4e1c72d0bc82c19d0327a48458bea46cf1a06c556062fe2206e7955be9a14b1,TABELA REFERENCIAL OBRAS - DER-ES - 2025-08 - AGO/XLS/tab_DER-EDIFICAÇÕES_2025_08_servicos.xlsx!A1247,2025-08,2025-09,m2,PINTURA / SOBRE CONCRETO OU BLOCOS CERÂMICOS APARENTES,True,False,18.06,18.06,18.06,18.06,,,False,False,7b1be34ee7d5dd82bcaeb75a32037ae0f2eea1e439205f05e57077b8a3567875,treino,False,False
der_es,sem_desoneracao,190202,"Pintura sobre concreto ou blocos cerâmicos aparentes, aplicação manual, com uma demão de silicone incolor, referência Suvinil, Sika, Vedacit ou equivalente",PINTURA / SOBRE CONCRETO OU BLOCOS CERÂMICOS APARENTES,m2,172b925a8419e996f07ad17fea40336a615485c19ff93bd8aca8df3df8603233,7b1be34ee7d5dd82bcaeb75a32037ae0f2eea1e439205f05e57077b8a3567875,TABELA REFERENCIAL OBRAS - DER-ES - 2025-09 - SET/XLS/tab_DER-EDIFICAÇÕES_2025_09_servicos.xlsx!A1247,2025-09,2025-10,m2,PINTURA / SOBRE CONCRETO OU BLOCOS CERÂMICOS APARENTES,True,False,18.06,18.06,18.06,18.08,,,False,False,25f27b5ef0ad1c6c63d22be1ab543e5a65d73aa17c4d0463109a84f7209c8fa3,treino,False,False
der_es,sem_desoneracao,190202,"Pintura sobre concreto ou blocos cerâmicos aparentes, aplicação manual, com uma demão de silicone incolor, referência Suvinil, Sika, Vedacit ou equivalente",PINTURA / SOBRE CONCRETO OU BLOCOS CERÂMICOS APARENTES,m2,172b925a8419e996f07ad17fea40336a615485c19ff93bd8aca8df3df8603233,25f27b5ef0ad1c6c63d22be1ab543e5a65d73aa17c4d0463109a84f7209c8fa3,TABELA REFERENCIAL OBRAS - DER-ES - 2025-10 - OUT/XLS/tab_DER-EDIFICAÇÕES_2025_10_servicos.xlsx!A1247,2025-10,2025-11,m2,PINTURA / SOBRE CONCRETO OU BLOCOS CERÂMICOS APARENTES,True,False,18.08,18.06,18.06,18.08,,,False,False,d856141d8d195b8bf3114dd64686b80db08318d557f9eb5f279d84fffec1a86e,treino,False,False
der_es,sem_desoneracao,190202,"Pintura sobre concreto ou blocos cerâmicos aparentes, aplicação manual, com uma demão de silicone incolor, referência Suvinil, Sika, Vedacit ou equivalente",PINTURA / SOBRE CONCRETO OU BLOCOS CERÂMICOS APARENTES,m2,172b925a8419e996f07ad17fea40336a615485c19ff93bd8aca8df3df8603233,d856141d8d195b8bf3114dd64686b80db08318d557f9eb5f279d84fffec1a86e,TABELA REFERENCIAL OBRAS - DER-ES - 2025-11 - NOV/XLS/tab_DER-EDIFICAÇÕES_2025_11_servicos.xlsx!A1247,2025-11,2025-12,m2,PINTURA / SOBRE CONCRETO OU BLOCOS CERÂMICOS APARENTES,True,False,18.08,18.08,18.06,18.08,,,False,False,cf2ae6d6af6081526a2c2c6a6446342c23099ac3a9c81f310e3a5da2680fb053,treino,False,False
der_es,sem_desoneracao,190202,"Pintura sobre concreto ou blocos cerâmicos aparentes, aplicação manual, com uma demão de silicone incolor, referência Suvinil, Sika, Vedacit ou equivalente",PINTURA / SOBRE CONCRETO OU BLOCOS CERÂMICOS APARENTES,m2,172b925a8419e996f07ad17fea40336a615485c19ff93bd8aca8df3df8603233,cf2ae6d6af6081526a2c2c6a6446342c23099ac3a9c81f310e3a5da2680fb053,TABELA REFERENCIAL OBRAS - DER-ES - 2025-12 - DEZ/XLS/tab_DER-EDIFICAÇÕES_2025_12_servicos.xlsx!A1246,2025-12,2026-01,m2,PINTURA / SOBRE CONCRETO OU BLOCOS CERÂMICOS APARENTES,True,False,18.08,18.08,18.08,18.08,,,False,False,4feebcbe8c47058cf57314347405d833cdfb5d2340951f005ab53d27ae84fd84,validacao,False,False
der_es,sem_desoneracao,190202,"Pintura sobre concreto ou blocos cerâmicos aparentes, aplicação manual, com uma demão de silicone incolor, referência Suvinil, Sika, Vedacit ou equivalente",PINTURA / SOBRE CONCRETO OU BLOCOS CERÂMICOS APARENTES,m2,172b925a8419e996f07ad17fea40336a615485c19ff93bd8aca8df3df8603233,4feebcbe8c47058cf57314347405d833cdfb5d2340951f005ab53d27ae84fd84,TABELA REFERENCIAL OBRAS - DER-ES - 2026-01 - JAN/XLS/tab_DER-EDIFICAÇÕES_2026_01_servicos.xlsx!A1246,2026-01,2026-02,m2,PINTURA / SOBRE CONCRETO OU BLOCOS CERÂMICOS APARENTES,True,False,18.08,18.08,18.08,18.08,,,False,False,1a7537f06fa9b2a1aff5982ae95ae6bf2ec16498e28430445e55584fbcce9a3c,validacao,False,False
der_es,sem_desoneracao,190202,"Pintura sobre concreto ou blocos cerâmicos aparentes, aplicação manual, com uma demão de silicone incolor, referência Suvinil, Sika, Vedacit ou equivalente",PINTURA / SOBRE CONCRETO OU BLOCOS CERÂMICOS APARENTES,m2,172b925a8419e996f07ad17fea40336a615485c19ff93bd8aca8df3df8603233,1a7537f06fa9b2a1aff5982ae95ae6bf2ec16498e28430445e55584fbcce9a3c,TABELA REFERENCIAL OBRAS - DER-ES - 2026-02 - FEV/XLS/tab_DER-EDIFICAÇÕES_2026_02_servicos.xlsx!A1244,2026-02,2026-03,m2,PINTURA / SOBRE CONCRETO OU BLOCOS CERÂMICOS APARENTES,True,False,18.08,18.08,18.08,18.08,,,False,False,c9a408180051aaa4e38fe277afd37500d913d617b22cb55cd61158248094d761,teste,False,False
der_es,sem_desoneracao,190202,"Pintura sobre concreto ou blocos cerâmicos aparentes, aplicação manual, com uma demão de silicone incolor, referência Suvinil, Sika, Vedacit ou equivalente",PINTURA / SOBRE CONCRETO OU BLOCOS CERÂMICOS APARENTES,m2,172b925a8419e996f07ad17fea40336a615485c19ff93bd8aca8df3df8603233,c9a408180051aaa4e38fe277afd37500d913d617b22cb55cd61158248094d761,TABELA REFERENCIAL OBRAS - DER-ES - 2026-03 - MAR/XLS/tab_DER-EDIFICAÇÕES_2026_03_servicos.xlsx!A1244,2026-03,2026-04,m2,PINTURA / SOBRE CONCRETO OU BLOCOS CERÂMICOS APARENTES,True,False,18.08,18.08,18.08,18.45,,,False,False,b07a6f7cd81d76e43925b8f994875b35e8468c5a37790367db80f72665fc0b2b,teste,False,False
der_es,sem_desoneracao,190202,"Pintura sobre concreto ou blocos cerâmicos aparentes, aplicação manual, com uma demão de silicone incolor, referência Suvinil, Sika, Vedacit ou equivalente",PINTURA / SOBRE CONCRETO OU BLOCOS CERÂMICOS APARENTES,m2,172b925a8419e996f07ad17fea40336a615485c19ff93bd8aca8df3df8603233,b07a6f7cd81d76e43925b8f994875b35e8468c5a37790367db80f72665fc0b2b,TABELA REFERENCIAL OBRAS - DER-ES - 2026-04 - ABR/XLS/tab_DER-EDIFICAÇÕES_2026_04_servicos.xlsx!A1244,2026-04,2026-05,m2,PINTURA / SOBRE CONCRETO OU BLOCOS CERÂMICOS APARENTES,True,False,18.45,18.08,18.08,19.06,,,False,False,9d7efd575c10dc676bc49f5acb5630fa9b3cd2b98449be07612e1891e8d213f6,teste,False,False
der_es,sem_desoneracao,190203,"Pintura sobre concreto ou blocos de concreto, aplicação manual, com três demãos de tinta látex acrílico premium, referência Suvinil, Coral e Metalatex, inclusive uma demão de liquido selador acrílico, referência Suvinil, Coral ou Metalatex ou equivalente",PINTURA / SOBRE CONCRETO OU BLOCOS CERÂMICOS APARENTES,m2,b71ead0cbf78dec083c29d5fe136186f647f24fdac337d6555fab14d146be2d9,2dd7e7c15552e8663b500f12008e09dc39c3816602e826e994d7dc8922d7ac8f,TABELA REFERENCIAL OBRAS - DER-ES - 2025-03 - MAR/XLS/tab_DER-EDIFICAÇσES_2025_03_servicos.xlsx!A1248,2025-03,2025-04,m2,PINTURA / SOBRE CONCRETO OU BLOCOS CERÂMICOS APARENTES,True,False,25.93,25.93,25.93,26.28,,,False,False,d2087ecf8affe6feb21bd38f6045155bdc7d4b18356273e8e54c68d96e73dbd4,treino,False,False
der_es,sem_desoneracao,190203,"Pintura sobre concreto ou blocos de concreto, aplicação manual, com três demãos de tinta látex acrílico premium, referência Suvinil, Coral e Metalatex, inclusive uma demão de liquido selador acrílico, referência Suvinil, Coral ou Metalatex ou equivalente",PINTURA / SOBRE CONCRETO OU BLOCOS CERÂMICOS APARENTES,m2,b71ead0cbf78dec083c29d5fe136186f647f24fdac337d6555fab14d146be2d9,d2087ecf8affe6feb21bd38f6045155bdc7d4b18356273e8e54c68d96e73dbd4,TABELA REFERENCIAL OBRAS - DER-ES - 2025-04 - ABR/XLS/tab_DER-EDIFICAÇσES_2025_04_servicos.xlsx!A1249,2025-04,2025-05,m2,PINTURA / SOBRE CONCRETO OU BLOCOS CERÂMICOS APARENTES,True,False,26.28,25.93,25.93,27.63,,,False,False,2bf6c2c7e6a976b4518fe548f59e259ac8091a61f440b44f17701ff9a0f00926,treino,False,False
der_es,sem_desoneracao,190203,"Pintura sobre concreto ou blocos de concreto, aplicação manual, com três demãos de tinta látex acrílico premium, referência Suvinil, Coral e Metalatex, inclusive uma demão de liquido selador acrílico, referência Suvinil, Coral ou Metalatex ou equivalente",PINTURA / SOBRE CONCRETO OU BLOCOS CERÂMICOS APARENTES,m2,b71ead0cbf78dec083c29d5fe136186f647f24fdac337d6555fab14d146be2d9,2bf6c2c7e6a976b4518fe548f59e259ac8091a61f440b44f17701ff9a0f00926,TABELA REFERENCIAL OBRAS - DER-ES - 2025-05 - MAI/XLS/tab_DER-EDIFICAÇσES_2025_05_servicos.xlsx!A1250,2025-05,2025-06,m2,PINTURA / SOBRE CONCRETO OU BLOCOS CERÂMICOS APARENTES,True,False,27.63,26.28,25.93,27.63,,,False,False,22734abdbfefadc850a2608b6f454b5f7c18b5e3c19f87c396d85d1e76c75234,treino,False,False
der_es,sem_desoneracao,190203,"Pintura sobre concreto ou blocos de concreto, aplicação manual, com três demãos de tinta látex acrílico premium, referência Suvinil, Coral e Metalatex, inclusive uma demão de liquido selador acrílico, referência Suvinil, Coral ou Metalatex ou equivalente",PINTURA / SOBRE CONCRETO OU BLOCOS CERÂMICOS APARENTES,m2,b71ead0cbf78dec083c29d5fe136186f647f24fdac337d6555fab14d146be2d9,22734abdbfefadc850a2608b6f454b5f7c18b5e3c19f87c396d85d1e76c75234,TABELA REFERENCIAL OBRAS - DER-ES - 2025-06 - JUN/XLS/tab_DER-EDIFICAÇÕES_2025_06_servicos.xlsx!A1248,2025-06,2025-07,m2,PINTURA / SOBRE CONCRETO OU BLOCOS CERÂMICOS APARENTES,True,False,27.63,27.63,26.28,27.63,,,False,False,9f2d3bc52e35d3a9c0317f2bbd34359ce4b9eb726cfdad03719dc91ab8a6eb52,treino,False,False
der_es,sem_desoneracao,190203,"Pintura sobre concreto ou blocos de concreto, aplicação manual, com três demãos de tinta látex acrílico premium, referência Suvinil, Coral e Metalatex, inclusive uma demão de liquido selador acrílico, referência Suvinil, Coral ou Metalatex ou equivalente",PINTURA / SOBRE CONCRETO OU BLOCOS CERÂMICOS APARENTES,m2,b71ead0cbf78dec083c29d5fe136186f647f24fdac337d6555fab14d146be2d9,9f2d3bc52e35d3a9c0317f2bbd34359ce4b9eb726cfdad03719dc91ab8a6eb52,TABELA REFERENCIAL OBRAS - DER-ES - 2025-07 - JUL/TABELA REFERENCIAL OBRAS - DER-ES - 2025-07 - JUL/XLS/tab_DER-EDIFICAÇÕES_2025_07_servicos.xlsx!A1248,2025-07,2025-08,m2,PINTURA / SOBRE CONCRETO OU BLOCOS CERÂMICOS APARENTES,True,False,27.63,27.63,27.63,27.63,,,False,False,f4e1c72d0bc82c19d0327a48458bea46cf1a06c556062fe2206e7955be9a14b1,treino,False,False
der_es,sem_desoneracao,190203,"Pintura sobre concreto ou blocos de concreto, aplicação manual, com três demãos de tinta látex acrílico premium, referência Suvinil, Coral e Metalatex, inclusive uma demão de liquido selador acrílico, referência Suvinil, Coral ou Metalatex ou equivalente",PINTURA / SOBRE CONCRETO OU BLOCOS CERÂMICOS APARENTES,m2,b71ead0cbf78dec083c29d5fe136186f647f24fdac337d6555fab14d146be2d9,f4e1c72d0bc82c19d0327a48458bea46cf1a06c556062fe2206e7955be9a14b1,TABELA REFERENCIAL OBRAS - DER-ES - 2025-08 - AGO/XLS/tab_DER-EDIFICAÇÕES_2025_08_servicos.xlsx!A1248,2025-08,2025-09,m2,PINTURA / SOBRE CONCRETO OU BLOCOS CERÂMICOS APARENTES,True,False,27.63,27.63,27.63,27.63,,,False,False,7b1be34ee7d5dd82bcaeb75a32037ae0f2eea1e439205f05e57077b8a3567875,treino,False,False
der_es,sem_desoneracao,190203,"Pintura sobre concreto ou blocos de concreto, aplicação manual, com três demãos de tinta látex acrílico premium, referência Suvinil, Coral e Metalatex, inclusive uma demão de liquido selador acrílico, referência Suvinil, Coral ou Metalatex ou equivalente",PINTURA / SOBRE CONCRETO OU BLOCOS CERÂMICOS APARENTES,m2,b71ead0cbf78dec083c29d5fe136186f647f24fdac337d6555fab14d146be2d9,7b1be34ee7d5dd82bcaeb75a32037ae0f2eea1e439205f05e57077b8a3567875,TABELA REFERENCIAL OBRAS - DER-ES - 2025-09 - SET/XLS/tab_DER-EDIFICAÇÕES_2025_09_servicos.xlsx!A1248,2025-09,2025-10,m2,PINTURA / SOBRE CONCRETO OU BLOCOS CERÂMICOS APARENTES,True,False,27.63,27.63,27.63,29.82,,,False,False,25f27b5ef0ad1c6c63d22be1ab543e5a65d73aa17c4d0463109a84f7209c8fa3,treino,False,False
der_es,sem_desoneracao,190203,"Pintura sobre concreto ou blocos de concreto, aplicação manual, com três demãos de tinta látex acrílico premium, referência Suvinil, Coral e Metalatex, inclusive uma demão de liquido selador acrílico, referência Suvinil, Coral ou Metalatex ou equivalente",PINTURA / SOBRE CONCRETO OU BLOCOS CERÂMICOS APARENTES,m2,b71ead0cbf78dec083c29d5fe136186f647f24fdac337d6555fab14d146be2d9,25f27b5ef0ad1c6c63d22be1ab543e5a65d73aa17c4d0463109a84f7209c8fa3,TABELA REFERENCIAL OBRAS - DER-ES - 2025-10 - OUT/XLS/tab_DER-EDIFICAÇÕES_2025_10_servicos.xlsx!A1248,2025-10,2025-11,m2,PINTURA / SOBRE CONCRETO OU BLOCOS CERÂMICOS APARENTES,True,False,29.82,27.63,27.63,29.82,,,False,False,d856141d8d195b8bf3114dd64686b80db08318d557f9eb5f279d84fffec1a86e,treino,False,False
der_es,sem_desoneracao,190203,"Pintura sobre concreto ou blocos de concreto, aplicação manual, com três demãos de tinta látex acrílico premium, referência Suvinil, Coral e Metalatex, inclusive uma demão de liquido selador acrílico, referência Suvinil, Coral ou Metalatex ou equivalente",PINTURA / SOBRE CONCRETO OU BLOCOS CERÂMICOS APARENTES,m2,b71ead0cbf78dec083c29d5fe136186f647f24fdac337d6555fab14d146be2d9,d856141d8d195b8bf3114dd64686b80db08318d557f9eb5f279d84fffec1a86e,TABELA REFERENCIAL OBRAS - DER-ES - 2025-11 - NOV/XLS/tab_DER-EDIFICAÇÕES_2025_11_servicos.xlsx!A1248,2025-11,2025-12,m2,PINTURA / SOBRE CONCRETO OU BLOCOS CERÂMICOS APARENTES,True,False,29.82,29.82,27.63,29.82,,,False,False,cf2ae6d6af6081526a2c2c6a6446342c23099ac3a9c81f310e3a5da2680fb053,treino,False,False
der_es,sem_desoneracao,190203,"Pintura sobre concreto ou blocos de concreto, aplicação manual, com três demãos de tinta látex acrílico premium, referência Suvinil, Coral e Metalatex, inclusive uma demão de liquido selador acrílico, referência Suvinil, Coral ou Metalatex ou equivalente",PINTURA / SOBRE CONCRETO OU BLOCOS CERÂMICOS APARENTES,m2,b71ead0cbf78dec083c29d5fe136186f647f24fdac337d6555fab14d146be2d9,cf2ae6d6af6081526a2c2c6a6446342c23099ac3a9c81f310e3a5da2680fb053,TABELA REFERENCIAL OBRAS - DER-ES - 2025-12 - DEZ/XLS/tab_DER-EDIFICAÇÕES_2025_12_servicos.xlsx!A1247,2025-12,2026-01,m2,PINTURA / SOBRE CONCRETO OU BLOCOS CERÂMICOS APARENTES,True,False,29.82,29.82,29.82,29.82,,,False,False,4feebcbe8c47058cf57314347405d833cdfb5d2340951f005ab53d27ae84fd84,validacao,False,False
der_es,sem_desoneracao,190203,"Pintura sobre concreto ou blocos de concreto, aplicação manual, com três demãos de tinta látex acrílico premium, referência Suvinil, Coral e Metalatex, inclusive uma demão de liquido selador acrílico, referência Suvinil, Coral ou Metalatex ou equivalente",PINTURA / SOBRE CONCRETO OU BLOCOS CERÂMICOS APARENTES,m2,b71ead0cbf78dec083c29d5fe136186f647f24fdac337d6555fab14d146be2d9,4feebcbe8c47058cf57314347405d833cdfb5d2340951f005ab53d27ae84fd84,TABELA REFERENCIAL OBRAS - DER-ES - 2026-01 - JAN/XLS/tab_DER-EDIFICAÇÕES_2026_01_servicos.xlsx!A1247,2026-01,2026-02,m2,PINTURA / SOBRE CONCRETO OU BLOCOS CERÂMICOS APARENTES,True,False,29.82,29.82,29.82,29.82,,,False,False,1a7537f06fa9b2a1aff5982ae95ae6bf2ec16498e28430445e55584fbcce9a3c,validacao,False,False
der_es,sem_desoneracao,190203,"Pintura sobre concreto ou blocos de concreto, aplicação manual, com três demãos de tinta látex acrílico premium, referência Suvinil, Coral e Metalatex, inclusive uma demão de liquido selador acrílico, referência Suvinil, Coral ou Metalatex ou equivalente",PINTURA / SOBRE CONCRETO OU BLOCOS CERÂMICOS APARENTES,m2,b71ead0cbf78dec083c29d5fe136186f647f24fdac337d6555fab14d146be2d9,1a7537f06fa9b2a1aff5982ae95ae6bf2ec16498e28430445e55584fbcce9a3c,TABELA REFERENCIAL OBRAS - DER-ES - 2026-02 - FEV/XLS/tab_DER-EDIFICAÇÕES_2026_02_servicos.xlsx!A1245,2026-02,2026-03,m2,PINTURA / SOBRE CONCRETO OU BLOCOS CERÂMICOS APARENTES,True,False,29.82,29.82,29.82,29.82,,,False,False,c9a408180051aaa4e38fe277afd37500d913d617b22cb55cd61158248094d761,teste,False,False
der_es,sem_desoneracao,190203,"Pintura sobre concreto ou blocos de concreto, aplicação manual, com três demãos de tinta látex acrílico premium, referência Suvinil, Coral e Metalatex, inclusive uma demão de liquido selador acrílico, referência Suvinil, Coral ou Metalatex ou equivalente",PINTURA / SOBRE CONCRETO OU BLOCOS CERÂMICOS APARENTES,m2,b71ead0cbf78dec083c29d5fe136186f647f24fdac337d6555fab14d146be2d9,c9a408180051aaa4e38fe277afd37500d913d617b22cb55cd61158248094d761,TABELA REFERENCIAL OBRAS - DER-ES - 2026-03 - MAR/XLS/tab_DER-EDIFICAÇÕES_2026_03_servicos.xlsx!A1245,2026-03,2026-04,m2,PINTURA / SOBRE CONCRETO OU BLOCOS CERÂMICOS APARENTES,True,False,29.82,29.82,29.82,28.12,,,False,False,b07a6f7cd81d76e43925b8f994875b35e8468c5a37790367db80f72665fc0b2b,teste,False,False
der_es,sem_desoneracao,190203,"Pintura sobre concreto ou blocos de concreto, aplicação manual, com três demãos de tinta látex acrílico premium, referência Suvinil, Coral e Metalatex, inclusive uma demão de liquido selador acrílico, referência Suvinil, Coral ou Metalatex ou equivalente",PINTURA / SOBRE CONCRETO OU BLOCOS CERÂMICOS APARENTES,m2,b71ead0cbf78dec083c29d5fe136186f647f24fdac337d6555fab14d146be2d9,b07a6f7cd81d76e43925b8f994875b35e8468c5a37790367db80f72665fc0b2b,TABELA REFERENCIAL OBRAS - DER-ES - 2026-04 - ABR/XLS/tab_DER-EDIFICAÇÕES_2026_04_servicos.xlsx!A1245,2026-04,2026-05,m2,PINTURA / SOBRE CONCRETO OU BLOCOS CERÂMICOS APARENTES,True,False,28.12,29.82,29.82,29.42,,,False,False,9d7efd575c10dc676bc49f5acb5630fa9b3cd2b98449be07612e1891e8d213f6,teste,False,False
der_es,sem_desoneracao,190204,"Pintura sobre cobogós de concreto, aplicação manual, com duas demãos de tinta látex acrílico premium, referência Suvinil, Coral e Metalatex, inclusive uma demão de liquido selador acrílico, referência Suvinil, Coral ou Metalatex ou equivalente",PINTURA / SOBRE CONCRETO OU BLOCOS CERÂMICOS APARENTES,m2,fe2ac1aeee14c92afc52b4bfae71c5582207b8118419c57f3cca08e484874056,2dd7e7c15552e8663b500f12008e09dc39c3816602e826e994d7dc8922d7ac8f,TABELA REFERENCIAL OBRAS - DER-ES - 2025-03 - MAR/XLS/tab_DER-EDIFICAÇσES_2025_03_servicos.xlsx!A1249,2025-03,2025-04,m2,PINTURA / SOBRE CONCRETO OU BLOCOS CERÂMICOS APARENTES,True,False,33.58,33.58,33.58,33.69,,,False,False,d2087ecf8affe6feb21bd38f6045155bdc7d4b18356273e8e54c68d96e73dbd4,treino,False,False
der_es,sem_desoneracao,190204,"Pintura sobre cobogós de concreto, aplicação manual, com duas demãos de tinta látex acrílico premium, referência Suvinil, Coral e Metalatex, inclusive uma demão de liquido selador acrílico, referência Suvinil, Coral ou Metalatex ou equivalente",PINTURA / SOBRE CONCRETO OU BLOCOS CERÂMICOS APARENTES,m2,fe2ac1aeee14c92afc52b4bfae71c5582207b8118419c57f3cca08e484874056,d2087ecf8affe6feb21bd38f6045155bdc7d4b18356273e8e54c68d96e73dbd4,TABELA REFERENCIAL OBRAS - DER-ES - 2025-04 - ABR/XLS/tab_DER-EDIFICAÇσES_2025_04_servicos.xlsx!A1250,2025-04,2025-05,m2,PINTURA / SOBRE CONCRETO OU BLOCOS CERÂMICOS APARENTES,True,False,33.69,33.58,33.58,35.92,,,False,False,2bf6c2c7e6a976b4518fe548f59e259ac8091a61f440b44f17701ff9a0f00926,treino,False,False
der_es,sem_desoneracao,190204,"Pintura sobre cobogós de concreto, aplicação manual, com duas demãos de tinta látex acrílico premium, referência Suvinil, Coral e Metalatex, inclusive uma demão de liquido selador acrílico, referência Suvinil, Coral ou Metalatex ou equivalente",PINTURA / SOBRE CONCRETO OU BLOCOS CERÂMICOS APARENTES,m2,fe2ac1aeee14c92afc52b4bfae71c5582207b8118419c57f3cca08e484874056,2bf6c2c7e6a976b4518fe548f59e259ac8091a61f440b44f17701ff9a0f00926,TABELA REFERENCIAL OBRAS - DER-ES - 2025-05 - MAI/XLS/tab_DER-EDIFICAÇσES_2025_05_servicos.xlsx!A1251,2025-05,2025-06,m2,PINTURA / SOBRE CONCRETO OU BLOCOS CERÂMICOS APARENTES,True,False,35.92,33.69,33.58,35.92,,,False,False,22734abdbfefadc850a2608b6f454b5f7c18b5e3c19f87c396d85d1e76c75234,treino,False,False
der_es,sem_desoneracao,190204,"Pintura sobre cobogós de concreto, aplicação manual, com duas demãos de tinta látex acrílico premium, referência Suvinil, Coral e Metalatex, inclusive uma demão de liquido selador acrílico, referência Suvinil, Coral ou Metalatex ou equivalente",PINTURA / SOBRE CONCRETO OU BLOCOS CERÂMICOS APARENTES,m2,fe2ac1aeee14c92afc52b4bfae71c5582207b8118419c57f3cca08e484874056,22734abdbfefadc850a2608b6f454b5f7c18b5e3c19f87c396d85d1e76c75234,TABELA REFERENCIAL OBRAS - DER-ES - 2025-06 - JUN/XLS/tab_DER-EDIFICAÇÕES_2025_06_servicos.xlsx!A1249,2025-06,2025-07,m2,PINTURA / SOBRE CONCRETO OU BLOCOS CERÂMICOS APARENTES,True,False,35.92,35.92,33.69,35.92,,,False,False,9f2d3bc52e35d3a9c0317f2bbd34359ce4b9eb726cfdad03719dc91ab8a6eb52,treino,False,False
der_es,sem_desoneracao,190204,"Pintura sobre cobogós de concreto, aplicação manual, com duas demãos de tinta látex acrílico premium, referência Suvinil, Coral e Metalatex, inclusive uma demão de liquido selador acrílico, referência Suvinil, Coral ou Metalatex ou equivalente",PINTURA / SOBRE CONCRETO OU BLOCOS CERÂMICOS APARENTES,m2,fe2ac1aeee14c92afc52b4bfae71c5582207b8118419c57f3cca08e484874056,9f2d3bc52e35d3a9c0317f2bbd34359ce4b9eb726cfdad03719dc91ab8a6eb52,TABELA REFERENCIAL OBRAS - DER-ES - 2025-07 - JUL/TABELA REFERENCIAL OBRAS - DER-ES - 2025-07 - JUL/XLS/tab_DER-EDIFICAÇÕES_2025_07_servicos.xlsx!A1249,2025-07,2025-08,m2,PINTURA / SOBRE CONCRETO OU BLOCOS CERÂMICOS APARENTES,True,False,35.92,35.92,35.92,35.92,,,False,False,f4e1c72d0bc82c19d0327a48458bea46cf1a06c556062fe2206e7955be9a14b1,treino,False,False
der_es,sem_desoneracao,190204,"Pintura sobre cobogós de concreto, aplicação manual, com duas demãos de tinta látex acrílico premium, referência Suvinil, Coral e Metalatex, inclusive uma demão de liquido selador acrílico, referência Suvinil, Coral ou Metalatex ou equivalente",PINTURA / SOBRE CONCRETO OU BLOCOS CERÂMICOS APARENTES,m2,fe2ac1aeee14c92afc52b4bfae71c5582207b8118419c57f3cca08e484874056,f4e1c72d0bc82c19d0327a48458bea46cf1a06c556062fe2206e7955be9a14b1,TABELA REFERENCIAL OBRAS - DER-ES - 2025-08 - AGO/XLS/tab_DER-EDIFICAÇÕES_2025_08_servicos.xlsx!A1249,2025-08,2025-09,m2,PINTURA / SOBRE CONCRETO OU BLOCOS CERÂMICOS APARENTES,True,False,35.92,35.92,35.92,35.92,,,False,False,7b1be34ee7d5dd82bcaeb75a32037ae0f2eea1e439205f05e57077b8a3567875,treino,False,False
der_es,sem_desoneracao,190204,"Pintura sobre cobogós de concreto, aplicação manual, com duas demãos de tinta látex acrílico premium, referência Suvinil, Coral e Metalatex, inclusive uma demão de liquido selador acrílico, referência Suvinil, Coral ou Metalatex ou equivalente",PINTURA / SOBRE CONCRETO OU BLOCOS CERÂMICOS APARENTES,m2,fe2ac1aeee14c92afc52b4bfae71c5582207b8118419c57f3cca08e484874056,7b1be34ee7d5dd82bcaeb75a32037ae0f2eea1e439205f05e57077b8a3567875,TABELA REFERENCIAL OBRAS - DER-ES - 2025-09 - SET/XLS/tab_DER-EDIFICAÇÕES_2025_09_servicos.xlsx!A1249,2025-09,2025-10,m2,PINTURA / SOBRE CONCRETO OU BLOCOS CERÂMICOS APARENTES,True,False,35.92,35.92,35.92,37.35,,,False,False,25f27b5ef0ad1c6c63d22be1ab543e5a65d73aa17c4d0463109a84f7209c8fa3,treino,False,False
der_es,sem_desoneracao,190204,"Pintura sobre cobogós de concreto, aplicação manual, com duas demãos de tinta látex acrílico premium, referência Suvinil, Coral e Metalatex, inclusive uma demão de liquido selador acrílico, referência Suvinil, Coral ou Metalatex ou equivalente",PINTURA / SOBRE CONCRETO OU BLOCOS CERÂMICOS APARENTES,m2,fe2ac1aeee14c92afc52b4bfae71c5582207b8118419c57f3cca08e484874056,25f27b5ef0ad1c6c63d22be1ab543e5a65d73aa17c4d0463109a84f7209c8fa3,TABELA REFERENCIAL OBRAS - DER-ES - 2025-10 - OUT/XLS/tab_DER-EDIFICAÇÕES_2025_10_servicos.xlsx!A1249,2025-10,2025-11,m2,PINTURA / SOBRE CONCRETO OU BLOCOS CERÂMICOS APARENTES,True,False,37.35,35.92,35.92,37.35,,,False,False,d856141d8d195b8bf3114dd64686b80db08318d557f9eb5f279d84fffec1a86e,treino,False,False
der_es,sem_desoneracao,190204,"Pintura sobre cobogós de concreto, aplicação manual, com duas demãos de tinta látex acrílico premium, referência Suvinil, Coral e Metalatex, inclusive uma demão de liquido selador acrílico, referência Suvinil, Coral ou Metalatex ou equivalente",PINTURA / SOBRE CONCRETO OU BLOCOS CERÂMICOS APARENTES,m2,fe2ac1aeee14c92afc52b4bfae71c5582207b8118419c57f3cca08e484874056,d856141d8d195b8bf3114dd64686b80db08318d557f9eb5f279d84fffec1a86e,TABELA REFERENCIAL OBRAS - DER-ES - 2025-11 - NOV/XLS/tab_DER-EDIFICAÇÕES_2025_11_servicos.xlsx!A1249,2025-11,2025-12,m2,PINTURA / SOBRE CONCRETO OU BLOCOS CERÂMICOS APARENTES,True,False,37.35,37.35,35.92,37.35,,,False,False,cf2ae6d6af6081526a2c2c6a6446342c23099ac3a9c81f310e3a5da2680fb053,treino,False,False
der_es,sem_desoneracao,190204,"Pintura sobre cobogós de concreto, aplicação manual, com duas demãos de tinta látex acrílico premium, referência Suvinil, Coral e Metalatex, inclusive uma demão de liquido selador acrílico, referência Suvinil, Coral ou Metalatex ou equivalente",PINTURA / SOBRE CONCRETO OU BLOCOS CERÂMICOS APARENTES,m2,fe2ac1aeee14c92afc52b4bfae71c5582207b8118419c57f3cca08e484874056,cf2ae6d6af6081526a2c2c6a6446342c23099ac3a9c81f310e3a5da2680fb053,TABELA REFERENCIAL OBRAS - DER-ES - 2025-12 - DEZ/XLS/tab_DER-EDIFICAÇÕES_2025_12_servicos.xlsx!A1248,2025-12,2026-01,m2,PINTURA / SOBRE CONCRETO OU BLOCOS CERÂMICOS APARENTES,True,False,37.35,37.35,37.35,37.35,,,False,False,4feebcbe8c47058cf57314347405d833cdfb5d2340951f005ab53d27ae84fd84,validacao,False,False
der_es,sem_desoneracao,190204,"Pintura sobre cobogós de concreto, aplicação manual, com duas demãos de tinta látex acrílico premium, referência Suvinil, Coral e Metalatex, inclusive uma demão de liquido selador acrílico, referência Suvinil, Coral ou Metalatex ou equivalente",PINTURA / SOBRE CONCRETO OU BLOCOS CERÂMICOS APARENTES,m2,fe2ac1aeee14c92afc52b4bfae71c5582207b8118419c57f3cca08e484874056,4feebcbe8c47058cf57314347405d833cdfb5d2340951f005ab53d27ae84fd84,TABELA REFERENCIAL OBRAS - DER-ES - 2026-01 - JAN/XLS/tab_DER-EDIFICAÇÕES_2026_01_servicos.xlsx!A1248,2026-01,2026-02,m2,PINTURA / SOBRE CONCRETO OU BLOCOS CERÂMICOS APARENTES,True,False,37.35,37.35,37.35,37.35,,,False,False,1a7537f06fa9b2a1aff5982ae95ae6bf2ec16498e28430445e55584fbcce9a3c,validacao,False,False
der_es,sem_desoneracao,190204,"Pintura sobre cobogós de concreto, aplicação manual, com duas demãos de tinta látex acrílico premium, referência Suvinil, Coral e Metalatex, inclusive uma demão de liquido selador acrílico, referência Suvinil, Coral ou Metalatex ou equivalente",PINTURA / SOBRE CONCRETO OU BLOCOS CERÂMICOS APARENTES,m2,fe2ac1aeee14c92afc52b4bfae71c5582207b8118419c57f3cca08e484874056,1a7537f06fa9b2a1aff5982ae95ae6bf2ec16498e28430445e55584fbcce9a3c,TABELA REFERENCIAL OBRAS - DER-ES - 2026-02 - FEV/XLS/tab_DER-EDIFICAÇÕES_2026_02_servicos.xlsx!A1246,2026-02,2026-03,m2,PINTURA / SOBRE CONCRETO OU BLOCOS CERÂMICOS APARENTES,True,False,37.35,37.35,37.35,37.35,,,False,False,c9a408180051aaa4e38fe277afd37500d913d617b22cb55cd61158248094d761,teste,False,False
der_es,sem_desoneracao,190204,"Pintura sobre cobogós de concreto, aplicação manual, com duas demãos de tinta látex acrílico premium, referência Suvinil, Coral e Metalatex, inclusive uma demão de liquido selador acrílico, referência Suvinil, Coral ou Metalatex ou equivalente",PINTURA / SOBRE CONCRETO OU BLOCOS CERÂMICOS APARENTES,m2,fe2ac1aeee14c92afc52b4bfae71c5582207b8118419c57f3cca08e484874056,c9a408180051aaa4e38fe277afd37500d913d617b22cb55cd61158248094d761,TABELA REFERENCIAL OBRAS - DER-ES - 2026-03 - MAR/XLS/tab_DER-EDIFICAÇÕES_2026_03_servicos.xlsx!A1246,2026-03,2026-04,m2,PINTURA / SOBRE CONCRETO OU BLOCOS CERÂMICOS APARENTES,True,False,37.35,37.35,37.35,36.3,,,False,False,b07a6f7cd81d76e43925b8f994875b35e8468c5a37790367db80f72665fc0b2b,teste,False,False
der_es,sem_desoneracao,190204,"Pintura sobre cobogós de concreto, aplicação manual, com duas demãos de tinta látex acrílico premium, referência Suvinil, Coral e Metalatex, inclusive uma demão de liquido selador acrílico, referência Suvinil, Coral ou Metalatex ou equivalente",PINTURA / SOBRE CONCRETO OU BLOCOS CERÂMICOS APARENTES,m2,fe2ac1aeee14c92afc52b4bfae71c5582207b8118419c57f3cca08e484874056,b07a6f7cd81d76e43925b8f994875b35e8468c5a37790367db80f72665fc0b2b,TABELA REFERENCIAL OBRAS - DER-ES - 2026-04 - ABR/XLS/tab_DER-EDIFICAÇÕES_2026_04_servicos.xlsx!A1246,2026-04,2026-05,m2,PINTURA / SOBRE CONCRETO OU BLOCOS CERÂMICOS APARENTES,True,False,36.3,37.35,37.35,38.42,,,False,False,9d7efd575c10dc676bc49f5acb5630fa9b3cd2b98449be07612e1891e8d213f6,teste,False,False
der_es,sem_desoneracao,190205,"Pintura a cal de meio-fio (tipo a caiação), aplicação manual, a três demãos",PINTURA / SOBRE CONCRETO OU BLOCOS CERÂMICOS APARENTES,m2,f10c588535dd28bfaa6ccbc94625e77d161dcdef05afcd87fde155c457504456,2dd7e7c15552e8663b500f12008e09dc39c3816602e826e994d7dc8922d7ac8f,TABELA REFERENCIAL OBRAS - DER-ES - 2025-03 - MAR/XLS/tab_DER-EDIFICAÇσES_2025_03_servicos.xlsx!A1250,2025-03,2025-04,m2,PINTURA / SOBRE CONCRETO OU BLOCOS CERÂMICOS APARENTES,True,False,11.6,11.6,11.6,11.55,,,False,False,d2087ecf8affe6feb21bd38f6045155bdc7d4b18356273e8e54c68d96e73dbd4,treino,False,False
der_es,sem_desoneracao,190205,"Pintura a cal de meio-fio (tipo a caiação), aplicação manual, a três demãos",PINTURA / SOBRE CONCRETO OU BLOCOS CERÂMICOS APARENTES,m2,f10c588535dd28bfaa6ccbc94625e77d161dcdef05afcd87fde155c457504456,d2087ecf8affe6feb21bd38f6045155bdc7d4b18356273e8e54c68d96e73dbd4,TABELA REFERENCIAL OBRAS - DER-ES - 2025-04 - ABR/XLS/tab_DER-EDIFICAÇσES_2025_04_servicos.xlsx!A1251,2025-04,2025-05,m2,PINTURA / SOBRE CONCRETO OU BLOCOS CERÂMICOS APARENTES,True,False,11.55,11.6,11.6,12.32,,,False,False,2bf6c2c7e6a976b4518fe548f59e259ac8091a61f440b44f17701ff9a0f00926,treino,False,False
der_es,sem_desoneracao,190205,"Pintura a cal de meio-fio (tipo a caiação), aplicação manual, a três demãos",PINTURA / SOBRE CONCRETO OU BLOCOS CERÂMICOS APARENTES,m2,f10c588535dd28bfaa6ccbc94625e77d161dcdef05afcd87fde155c457504456,2bf6c2c7e6a976b4518fe548f59e259ac8091a61f440b44f17701ff9a0f00926,TABELA REFERENCIAL OBRAS - DER-ES - 2025-05 - MAI/XLS/tab_DER-EDIFICAÇσES_2025_05_servicos.xlsx!A1252,2025-05,2025-06,m2,PINTURA / SOBRE CONCRETO OU BLOCOS CERÂMICOS APARENTES,True,False,12.32,11.55,11.6,12.32,,,False,False,22734abdbfefadc850a2608b6f454b5f7c18b5e3c19f87c396d85d1e76c75234,treino,False,False
der_es,sem_desoneracao,190205,"Pintura a cal de meio-fio (tipo a caiação), aplicação manual, a três demãos",PINTURA / SOBRE CONCRETO OU BLOCOS CERÂMICOS APARENTES,m2,f10c588535dd28bfaa6ccbc94625e77d161dcdef05afcd87fde155c457504456,22734abdbfefadc850a2608b6f454b5f7c18b5e3c19f87c396d85d1e76c75234,TABELA REFERENCIAL OBRAS - DER-ES - 2025-06 - JUN/XLS/tab_DER-EDIFICAÇÕES_2025_06_servicos.xlsx!A1250,2025-06,2025-07,m2,PINTURA / SOBRE CONCRETO OU BLOCOS CERÂMICOS APARENTES,True,False,12.32,12.32,11.55,12.32,,,False,False,9f2d3bc52e35d3a9c0317f2bbd34359ce4b9eb726cfdad03719dc91ab8a6eb52,treino,False,False
der_es,sem_desoneracao,190205,"Pintura a cal de meio-fio (tipo a caiação), aplicação manual, a três demãos",PINTURA / SOBRE CONCRETO OU BLOCOS CERÂMICOS APARENTES,m2,f10c588535dd28bfaa6ccbc94625e77d161dcdef05afcd87fde155c457504456,9f2d3bc52e35d3a9c0317f2bbd34359ce4b9eb726cfdad03719dc91ab8a6eb52,TABELA REFERENCIAL OBRAS - DER-ES - 2025-07 - JUL/TABELA REFERENCIAL OBRAS - DER-ES - 2025-07 - JUL/XLS/tab_DER-EDIFICAÇÕES_2025_07_servicos.xlsx!A1250,2025-07,2025-08,m2,PINTURA / SOBRE CONCRETO OU BLOCOS CERÂMICOS APARENTES,True,False,12.32,12.32,12.32,12.32,,,False,False,f4e1c72d0bc82c19d0327a48458bea46cf1a06c556062fe2206e7955be9a14b1,treino,False,False
der_es,sem_desoneracao,190205,"Pintura a cal de meio-fio (tipo a caiação), aplicação manual, a três demãos",PINTURA / SOBRE CONCRETO OU BLOCOS CERÂMICOS APARENTES,m2,f10c588535dd28bfaa6ccbc94625e77d161dcdef05afcd87fde155c457504456,f4e1c72d0bc82c19d0327a48458bea46cf1a06c556062fe2206e7955be9a14b1,TABELA REFERENCIAL OBRAS - DER-ES - 2025-08 - AGO/XLS/tab_DER-EDIFICAÇÕES_2025_08_servicos.xlsx!A1250,2025-08,2025-09,m2,PINTURA / SOBRE CONCRETO OU BLOCOS CERÂMICOS APARENTES,True,False,12.32,12.32,12.32,12.32,,,False,False,7b1be34ee7d5dd82bcaeb75a32037ae0f2eea1e439205f05e57077b8a3567875,treino,False,False
der_es,sem_desoneracao,190205,"Pintura a cal de meio-fio (tipo a caiação), aplicação manual, a três demãos",PINTURA / SOBRE CONCRETO OU BLOCOS CERÂMICOS APARENTES,m2,f10c588535dd28bfaa6ccbc94625e77d161dcdef05afcd87fde155c457504456,7b1be34ee7d5dd82bcaeb75a32037ae0f2eea1e439205f05e57077b8a3567875,TABELA REFERENCIAL OBRAS - DER-ES - 2025-09 - SET/XLS/tab_DER-EDIFICAÇÕES_2025_09_servicos.xlsx!A1250,2025-09,2025-10,m2,PINTURA / SOBRE CONCRETO OU BLOCOS CERÂMICOS APARENTES,True,False,12.32,12.32,12.32,12.46,,,False,False,25f27b5ef0ad1c6c63d22be1ab543e5a65d73aa17c4d0463109a84f7209c8fa3,treino,False,False
der_es,sem_desoneracao,190205,"Pintura a cal de meio-fio (tipo a caiação), aplicação manual, a três demãos",PINTURA / SOBRE CONCRETO OU BLOCOS CERÂMICOS APARENTES,m2,f10c588535dd28bfaa6ccbc94625e77d161dcdef05afcd87fde155c457504456,25f27b5ef0ad1c6c63d22be1ab543e5a65d73aa17c4d0463109a84f7209c8fa3,TABELA REFERENCIAL OBRAS - DER-ES - 2025-10 - OUT/XLS/tab_DER-EDIFICAÇÕES_2025_10_servicos.xlsx!A1250,2025-10,2025-11,m2,PINTURA / SOBRE CONCRETO OU BLOCOS CERÂMICOS APARENTES,True,False,12.46,12.32,12.32,12.46,,,False,False,d856141d8d195b8bf3114dd64686b80db08318d557f9eb5f279d84fffec1a86e,treino,False,False
der_es,sem_desoneracao,190205,"Pintura a cal de meio-fio (tipo a caiação), aplicação manual, a três demãos",PINTURA / SOBRE CONCRETO OU BLOCOS CERÂMICOS APARENTES,m2,f10c588535dd28bfaa6ccbc94625e77d161dcdef05afcd87fde155c457504456,d856141d8d195b8bf3114dd64686b80db08318d557f9eb5f279d84fffec1a86e,TABELA REFERENCIAL OBRAS - DER-ES - 2025-11 - NOV/XLS/tab_DER-EDIFICAÇÕES_2025_11_servicos.xlsx!A1250,2025-11,2025-12,m2,PINTURA / SOBRE CONCRETO OU BLOCOS CERÂMICOS APARENTES,True,False,12.46,12.46,12.32,12.46,,,False,False,cf2ae6d6af6081526a2c2c6a6446342c23099ac3a9c81f310e3a5da2680fb053,treino,False,False
der_es,sem_desoneracao,190205,"Pintura a cal de meio-fio (tipo a caiação), aplicação manual, a três demãos",PINTURA / SOBRE CONCRETO OU BLOCOS CERÂMICOS APARENTES,m2,f10c588535dd28bfaa6ccbc94625e77d161dcdef05afcd87fde155c457504456,cf2ae6d6af6081526a2c2c6a6446342c23099ac3a9c81f310e3a5da2680fb053,TABELA REFERENCIAL OBRAS - DER-ES - 2025-12 - DEZ/XLS/tab_DER-EDIFICAÇÕES_2025_12_servicos.xlsx!A1249,2025-12,2026-01,m2,PINTURA / SOBRE CONCRETO OU BLOCOS CERÂMICOS APARENTES,True,False,12.46,12.46,12.46,12.46,,,False,False,4feebcbe8c47058cf57314347405d833cdfb5d2340951f005ab53d27ae84fd84,validacao,False,False
der_es,sem_desoneracao,190205,"Pintura a cal de meio-fio (tipo a caiação), aplicação manual, a três demãos",PINTURA / SOBRE CONCRETO OU BLOCOS CERÂMICOS APARENTES,m2,f10c588535dd28bfaa6ccbc94625e77d161dcdef05afcd87fde155c457504456,4feebcbe8c47058cf57314347405d833cdfb5d2340951f005ab53d27ae84fd84,TABELA REFERENCIAL OBRAS - DER-ES - 2026-01 - JAN/XLS/tab_DER-EDIFICAÇÕES_2026_01_servicos.xlsx!A1249,2026-01,2026-02,m2,PINTURA / SOBRE CONCRETO OU BLOCOS CERÂMICOS APARENTES,True,False,12.46,12.46,12.46,12.46,,,False,False,1a7537f06fa9b2a1aff5982ae95ae6bf2ec16498e28430445e55584fbcce9a3c,validacao,False,False
der_es,sem_desoneracao,190205,"Pintura a cal de meio-fio (tipo a caiação), aplicação manual, a três demãos",PINTURA / SOBRE CONCRETO OU BLOCOS CERÂMICOS APARENTES,m2,f10c588535dd28bfaa6ccbc94625e77d161dcdef05afcd87fde155c457504456,1a7537f06fa9b2a1aff5982ae95ae6bf2ec16498e28430445e55584fbcce9a3c,TABELA REFERENCIAL OBRAS - DER-ES - 2026-02 - FEV/XLS/tab_DER-EDIFICAÇÕES_2026_02_servicos.xlsx!A1247,2026-02,2026-03,m2,PINTURA / SOBRE CONCRETO OU BLOCOS CERÂMICOS APARENTES,True,False,12.46,12.46,12.46,12.46,,,False,False,c9a408180051aaa4e38fe277afd37500d913d617b22cb55cd61158248094d761,teste,False,False
der_es,sem_desoneracao,190205,"Pintura a cal de meio-fio (tipo a caiação), aplicação manual, a três demãos",PINTURA / SOBRE CONCRETO OU BLOCOS CERÂMICOS APARENTES,m2,f10c588535dd28bfaa6ccbc94625e77d161dcdef05afcd87fde155c457504456,c9a408180051aaa4e38fe277afd37500d913d617b22cb55cd61158248094d761,TABELA REFERENCIAL OBRAS - DER-ES - 2026-03 - MAR/XLS/tab_DER-EDIFICAÇÕES_2026_03_servicos.xlsx!A1247,2026-03,2026-04,m2,PINTURA / SOBRE CONCRETO OU BLOCOS CERÂMICOS APARENTES,True,False,12.46,12.46,12.46,12.46,,,False,False,b07a6f7cd81d76e43925b8f994875b35e8468c5a37790367db80f72665fc0b2b,teste,False,False
der_es,sem_desoneracao,190205,"Pintura a cal de meio-fio (tipo a caiação), aplicação manual, a três demãos",PINTURA / SOBRE CONCRETO OU BLOCOS CERÂMICOS APARENTES,m2,f10c588535dd28bfaa6ccbc94625e77d161dcdef05afcd87fde155c457504456,b07a6f7cd81d76e43925b8f994875b35e8468c5a37790367db80f72665fc0b2b,TABELA REFERENCIAL OBRAS - DER-ES - 2026-04 - ABR/XLS/tab_DER-EDIFICAÇÕES_2026_04_servicos.xlsx!A1247,2026-04,2026-05,m2,PINTURA / SOBRE CONCRETO OU BLOCOS CERÂMICOS APARENTES,True,False,12.46,12.46,12.46,13.19,,,False,False,9d7efd575c10dc676bc49f5acb5630fa9b3cd2b98449be07612e1891e8d213f6,teste,False,False
der_es,sem_desoneracao,190211,"Pintura sobre concreto ou blocos de concreto, aplicação manual, com duas demãos de tinta látex PVA premium, referência Suvinil, Coral e Metalatex, inclusive uma demão de liquido selador PVA, referência Suvinil, Coral ou Metalatex ou equivalente",PINTURA / SOBRE CONCRETO OU BLOCOS CERÂMICOS APARENTES,m2,45a73fa5b99add881e8a2999d2892ef768c5998924c67f5955d9718e4c2f8813,2dd7e7c15552e8663b500f12008e09dc39c3816602e826e994d7dc8922d7ac8f,TABELA REFERENCIAL OBRAS - DER-ES - 2025-03 - MAR/XLS/tab_DER-EDIFICAÇσES_2025_03_servicos.xlsx!A1251,2025-03,2025-04,m2,PINTURA / SOBRE CONCRETO OU BLOCOS CERÂMICOS APARENTES,True,False,22.35,22.35,22.35,22.12,,,False,False,d2087ecf8affe6feb21bd38f6045155bdc7d4b18356273e8e54c68d96e73dbd4,treino,False,False
der_es,sem_desoneracao,190211,"Pintura sobre concreto ou blocos de concreto, aplicação manual, com duas demãos de tinta látex PVA premium, referência Suvinil, Coral e Metalatex, inclusive uma demão de liquido selador PVA, referência Suvinil, Coral ou Metalatex ou equivalente",PINTURA / SOBRE CONCRETO OU BLOCOS CERÂMICOS APARENTES,m2,45a73fa5b99add881e8a2999d2892ef768c5998924c67f5955d9718e4c2f8813,d2087ecf8affe6feb21bd38f6045155bdc7d4b18356273e8e54c68d96e73dbd4,TABELA REFERENCIAL OBRAS - DER-ES - 2025-04 - ABR/XLS/tab_DER-EDIFICAÇσES_2025_04_servicos.xlsx!A1252,2025-04,2025-05,m2,PINTURA / SOBRE CONCRETO OU BLOCOS CERÂMICOS APARENTES,True,False,22.12,22.35,22.35,23.45,,,False,False,2bf6c2c7e6a976b4518fe548f59e259ac8091a61f440b44f17701ff9a0f00926,treino,False,False
der_es,sem_desoneracao,190211,"Pintura sobre concreto ou blocos de concreto, aplicação manual, com duas demãos de tinta látex PVA premium, referência Suvinil, Coral e Metalatex, inclusive uma demão de liquido selador PVA, referência Suvinil, Coral ou Metalatex ou equivalente",PINTURA / SOBRE CONCRETO OU BLOCOS CERÂMICOS APARENTES,m2,45a73fa5b99add881e8a2999d2892ef768c5998924c67f5955d9718e4c2f8813,2bf6c2c7e6a976b4518fe548f59e259ac8091a61f440b44f17701ff9a0f00926,TABELA REFERENCIAL OBRAS - DER-ES - 2025-05 - MAI/XLS/tab_DER-EDIFICAÇσES_2025_05_servicos.xlsx!A1253,2025-05,2025-06,m2,PINTURA / SOBRE CONCRETO OU BLOCOS CERÂMICOS APARENTES,True,False,23.45,22.12,22.35,23.45,,,False,False,22734abdbfefadc850a2608b6f454b5f7c18b5e3c19f87c396d85d1e76c75234,treino,False,False
der_es,sem_desoneracao,190211,"Pintura sobre concreto ou blocos de concreto, aplicação manual, com duas demãos de tinta látex PVA premium, referência Suvinil, Coral e Metalatex, inclusive uma demão de liquido selador PVA, referência Suvinil, Coral ou Metalatex ou equivalente",PINTURA / SOBRE CONCRETO OU BLOCOS CERÂMICOS APARENTES,m2,45a73fa5b99add881e8a2999d2892ef768c5998924c67f5955d9718e4c2f8813,22734abdbfefadc850a2608b6f454b5f7c18b5e3c19f87c396d85d1e76c75234,TABELA REFERENCIAL OBRAS - DER-ES - 2025-06 - JUN/XLS/tab_DER-EDIFICAÇÕES_2025_06_servicos.xlsx!A1251,2025-06,2025-07,m2,PINTURA / SOBRE CONCRETO OU BLOCOS CERÂMICOS APARENTES,True,False,23.45,23.45,22.12,23.45,,,False,False,9f2d3bc52e35d3a9c0317f2bbd34359ce4b9eb726cfdad03719dc91ab8a6eb52,treino,False,False
der_es,sem_desoneracao,190211,"Pintura sobre concreto ou blocos de concreto, aplicação manual, com duas demãos de tinta látex PVA premium, referência Suvinil, Coral e Metalatex, inclusive uma demão de liquido selador PVA, referência Suvinil, Coral ou Metalatex ou equivalente",PINTURA / SOBRE CONCRETO OU BLOCOS CERÂMICOS APARENTES,m2,45a73fa5b99add881e8a2999d2892ef768c5998924c67f5955d9718e4c2f8813,9f2d3bc52e35d3a9c0317f2bbd34359ce4b9eb726cfdad03719dc91ab8a6eb52,TABELA REFERENCIAL OBRAS - DER-ES - 2025-07 - JUL/TABELA REFERENCIAL OBRAS - DER-ES - 2025-07 - JUL/XLS/tab_DER-EDIFICAÇÕES_2025_07_servicos.xlsx!A1251,2025-07,2025-08,m2,PINTURA / SOBRE CONCRETO OU BLOCOS CERÂMICOS APARENTES,True,False,23.45,23.45,23.45,23.45,,,False,False,f4e1c72d0bc82c19d0327a48458bea46cf1a06c556062fe2206e7955be9a14b1,treino,False,False
der_es,sem_desoneracao,190211,"Pintura sobre concreto ou blocos de concreto, aplicação manual, com duas demãos de tinta látex PVA premium, referência Suvinil, Coral e Metalatex, inclusive uma demão de liquido selador PVA, referência Suvinil, Coral ou Metalatex ou equivalente",PINTURA / SOBRE CONCRETO OU BLOCOS CERÂMICOS APARENTES,m2,45a73fa5b99add881e8a2999d2892ef768c5998924c67f5955d9718e4c2f8813,f4e1c72d0bc82c19d0327a48458bea46cf1a06c556062fe2206e7955be9a14b1,TABELA REFERENCIAL OBRAS - DER-ES - 2025-08 - AGO/XLS/tab_DER-EDIFICAÇÕES_2025_08_servicos.xlsx!A1251,2025-08,2025-09,m2,PINTURA / SOBRE CONCRETO OU BLOCOS CERÂMICOS APARENTES,True,False,23.45,23.45,23.45,23.45,,,False,False,7b1be34ee7d5dd82bcaeb75a32037ae0f2eea1e439205f05e57077b8a3567875,treino,False,False
der_es,sem_desoneracao,190211,"Pintura sobre concreto ou blocos de concreto, aplicação manual, com duas demãos de tinta látex PVA premium, referência Suvinil, Coral e Metalatex, inclusive uma demão de liquido selador PVA, referência Suvinil, Coral ou Metalatex ou equivalente",PINTURA / SOBRE CONCRETO OU BLOCOS CERÂMICOS APARENTES,m2,45a73fa5b99add881e8a2999d2892ef768c5998924c67f5955d9718e4c2f8813,7b1be34ee7d5dd82bcaeb75a32037ae0f2eea1e439205f05e57077b8a3567875,TABELA REFERENCIAL OBRAS - DER-ES - 2025-09 - SET/XLS/tab_DER-EDIFICAÇÕES_2025_09_servicos.xlsx!A1251,2025-09,2025-10,m2,PINTURA / SOBRE CONCRETO OU BLOCOS CERÂMICOS APARENTES,True,False,23.45,23.45,23.45,25.0,,,False,False,25f27b5ef0ad1c6c63d22be1ab543e5a65d73aa17c4d0463109a84f7209c8fa3,treino,False,False
der_es,sem_desoneracao,190211,"Pintura sobre concreto ou blocos de concreto, aplicação manual, com duas demãos de tinta látex PVA premium, referência Suvinil, Coral e Metalatex, inclusive uma demão de liquido selador PVA, referência Suvinil, Coral ou Metalatex ou equivalente",PINTURA / SOBRE CONCRETO OU BLOCOS CERÂMICOS APARENTES,m2,45a73fa5b99add881e8a2999d2892ef768c5998924c67f5955d9718e4c2f8813,25f27b5ef0ad1c6c63d22be1ab543e5a65d73aa17c4d0463109a84f7209c8fa3,TABELA REFERENCIAL OBRAS - DER-ES - 2025-10 - OUT/XLS/tab_DER-EDIFICAÇÕES_2025_10_servicos.xlsx!A1251,2025-10,2025-11,m2,PINTURA / SOBRE CONCRETO OU BLOCOS CERÂMICOS APARENTES,True,False,25.0,23.45,23.45,25.0,,,False,False,d856141d8d195b8bf3114dd64686b80db08318d557f9eb5f279d84fffec1a86e,treino,False,False
der_es,sem_desoneracao,190211,"Pintura sobre concreto ou blocos de concreto, aplicação manual, com duas demãos de tinta látex PVA premium, referência Suvinil, Coral e Metalatex, inclusive uma demão de liquido selador PVA, referência Suvinil, Coral ou Metalatex ou equivalente",PINTURA / SOBRE CONCRETO OU BLOCOS CERÂMICOS APARENTES,m2,45a73fa5b99add881e8a2999d2892ef768c5998924c67f5955d9718e4c2f8813,d856141d8d195b8bf3114dd64686b80db08318d557f9eb5f279d84fffec1a86e,TABELA REFERENCIAL OBRAS - DER-ES - 2025-11 - NOV/XLS/tab_DER-EDIFICAÇÕES_2025_11_servicos.xlsx!A1251,2025-11,2025-12,m2,PINTURA / SOBRE CONCRETO OU BLOCOS CERÂMICOS APARENTES,True,False,25.0,25.0,23.45,25.0,,,False,False,cf2ae6d6af6081526a2c2c6a6446342c23099ac3a9c81f310e3a5da2680fb053,treino,False,False
der_es,sem_desoneracao,190211,"Pintura sobre concreto ou blocos de concreto, aplicação manual, com duas demãos de tinta látex PVA premium, referência Suvinil, Coral e Metalatex, inclusive uma demão de liquido selador PVA, referência Suvinil, Coral ou Metalatex ou equivalente",PINTURA / SOBRE CONCRETO OU BLOCOS CERÂMICOS APARENTES,m2,45a73fa5b99add881e8a2999d2892ef768c5998924c67f5955d9718e4c2f8813,cf2ae6d6af6081526a2c2c6a6446342c23099ac3a9c81f310e3a5da2680fb053,TABELA REFERENCIAL OBRAS - DER-ES - 2025-12 - DEZ/XLS/tab_DER-EDIFICAÇÕES_2025_12_servicos.xlsx!A1250,2025-12,2026-01,m2,PINTURA / SOBRE CONCRETO OU BLOCOS CERÂMICOS APARENTES,True,False,25.0,25.0,25.0,25.0,,,False,False,4feebcbe8c47058cf57314347405d833cdfb5d2340951f005ab53d27ae84fd84,validacao,False,False
der_es,sem_desoneracao,190211,"Pintura sobre concreto ou blocos de concreto, aplicação manual, com duas demãos de tinta látex PVA premium, referência Suvinil, Coral e Metalatex, inclusive uma demão de liquido selador PVA, referência Suvinil, Coral ou Metalatex ou equivalente",PINTURA / SOBRE CONCRETO OU BLOCOS CERÂMICOS APARENTES,m2,45a73fa5b99add881e8a2999d2892ef768c5998924c67f5955d9718e4c2f8813,4feebcbe8c47058cf57314347405d833cdfb5d2340951f005ab53d27ae84fd84,TABELA REFERENCIAL OBRAS - DER-ES - 2026-01 - JAN/XLS/tab_DER-EDIFICAÇÕES_2026_01_servicos.xlsx!A1250,2026-01,2026-02,m2,PINTURA / SOBRE CONCRETO OU BLOCOS CERÂMICOS APARENTES,True,False,25.0,25.0,25.0,25.0,,,False,False,1a7537f06fa9b2a1aff5982ae95ae6bf2ec16498e28430445e55584fbcce9a3c,validacao,False,False
der_es,sem_desoneracao,190211,"Pintura sobre concreto ou blocos de concreto, aplicação manual, com duas demãos de tinta látex PVA premium, referência Suvinil, Coral e Metalatex, inclusive uma demão de liquido selador PVA, referência Suvinil, Coral ou Metalatex ou equivalente",PINTURA / SOBRE CONCRETO OU BLOCOS CERÂMICOS APARENTES,m2,45a73fa5b99add881e8a2999d2892ef768c5998924c67f5955d9718e4c2f8813,1a7537f06fa9b2a1aff5982ae95ae6bf2ec16498e28430445e55584fbcce9a3c,TABELA REFERENCIAL OBRAS - DER-ES - 2026-02 - FEV/XLS/tab_DER-EDIFICAÇÕES_2026_02_servicos.xlsx!A1248,2026-02,2026-03,m2,PINTURA / SOBRE CONCRETO OU BLOCOS CERÂMICOS APARENTES,True,False,25.0,25.0,25.0,25.0,,,False,False,c9a408180051aaa4e38fe277afd37500d913d617b22cb55cd61158248094d761,teste,False,False
der_es,sem_desoneracao,190211,"Pintura sobre concreto ou blocos de concreto, aplicação manual, com duas demãos de tinta látex PVA premium, referência Suvinil, Coral e Metalatex, inclusive uma demão de liquido selador PVA, referência Suvinil, Coral ou Metalatex ou equivalente",PINTURA / SOBRE CONCRETO OU BLOCOS CERÂMICOS APARENTES,m2,45a73fa5b99add881e8a2999d2892ef768c5998924c67f5955d9718e4c2f8813,c9a408180051aaa4e38fe277afd37500d913d617b22cb55cd61158248094d761,TABELA REFERENCIAL OBRAS - DER-ES - 2026-03 - MAR/XLS/tab_DER-EDIFICAÇÕES_2026_03_servicos.xlsx!A1248,2026-03,2026-04,m2,PINTURA / SOBRE CONCRETO OU BLOCOS CERÂMICOS APARENTES,True,False,25.0,25.0,25.0,23.87,,,False,False,b07a6f7cd81d76e43925b8f994875b35e8468c5a37790367db80f72665fc0b2b,teste,False,False
der_es,sem_desoneracao,190211,"Pintura sobre concreto ou blocos de concreto, aplicação manual, com duas demãos de tinta látex PVA premium, referência Suvinil, Coral e Metalatex, inclusive uma demão de liquido selador PVA, referência Suvinil, Coral ou Metalatex ou equivalente",PINTURA / SOBRE CONCRETO OU BLOCOS CERÂMICOS APARENTES,m2,45a73fa5b99add881e8a2999d2892ef768c5998924c67f5955d9718e4c2f8813,b07a6f7cd81d76e43925b8f994875b35e8468c5a37790367db80f72665fc0b2b,TABELA REFERENCIAL OBRAS - DER-ES - 2026-04 - ABR/XLS/tab_DER-EDIFICAÇÕES_2026_04_servicos.xlsx!A1248,2026-04,2026-05,m2,PINTURA / SOBRE CONCRETO OU BLOCOS CERÂMICOS APARENTES,True,False,23.87,25.0,25.0,25.15,,,False,False,9d7efd575c10dc676bc49f5acb5630fa9b3cd2b98449be07612e1891e8d213f6,teste,False,False
der_es,sem_desoneracao,190301,"Emassamento de esquadrias e elementos de madeira, com duas demãos de massa à base água, referência Suvinil, Coral, Sherwin Williams ou equivalente, inclusive uma demão de fundo nivelador alquídico branco, referência Suvinil, Coral ou Metalatex ou equivalente",PINTURA / SOBRE MADEIRA,m2,c6e6b9bfb56cd1d29dc3e5554c4805530d8fd2aaa68131f4e2d65fedec7cb40b,2dd7e7c15552e8663b500f12008e09dc39c3816602e826e994d7dc8922d7ac8f,TABELA REFERENCIAL OBRAS - DER-ES - 2025-03 - MAR/XLS/tab_DER-EDIFICAÇσES_2025_03_servicos.xlsx!A1253,2025-03,2025-04,m2,PINTURA / SOBRE MADEIRA,True,False,47.86,47.86,47.86,46.78,,,False,False,d2087ecf8affe6feb21bd38f6045155bdc7d4b18356273e8e54c68d96e73dbd4,treino,False,False
der_es,sem_desoneracao,190301,"Emassamento de esquadrias e elementos de madeira, com duas demãos de massa à base água, referência Suvinil, Coral, Sherwin Williams ou equivalente, inclusive uma demão de fundo nivelador alquídico branco, referência Suvinil, Coral ou Metalatex ou equivalente",PINTURA / SOBRE MADEIRA,m2,c6e6b9bfb56cd1d29dc3e5554c4805530d8fd2aaa68131f4e2d65fedec7cb40b,d2087ecf8affe6feb21bd38f6045155bdc7d4b18356273e8e54c68d96e73dbd4,TABELA REFERENCIAL OBRAS - DER-ES - 2025-04 - ABR/XLS/tab_DER-EDIFICAÇσES_2025_04_servicos.xlsx!A1254,2025-04,2025-05,m2,PINTURA / SOBRE MADEIRA,True,False,46.78,47.86,47.86,48.49,,,False,False,2bf6c2c7e6a976b4518fe548f59e259ac8091a61f440b44f17701ff9a0f00926,treino,False,False
der_es,sem_desoneracao,190301,"Emassamento de esquadrias e elementos de madeira, com duas demãos de massa à base água, referência Suvinil, Coral, Sherwin Williams ou equivalente, inclusive uma demão de fundo nivelador alquídico branco, referência Suvinil, Coral ou Metalatex ou equivalente",PINTURA / SOBRE MADEIRA,m2,c6e6b9bfb56cd1d29dc3e5554c4805530d8fd2aaa68131f4e2d65fedec7cb40b,2bf6c2c7e6a976b4518fe548f59e259ac8091a61f440b44f17701ff9a0f00926,TABELA REFERENCIAL OBRAS - DER-ES - 2025-05 - MAI/XLS/tab_DER-EDIFICAÇσES_2025_05_servicos.xlsx!A1255,2025-05,2025-06,m2,PINTURA / SOBRE MADEIRA,True,False,48.49,46.78,47.86,48.49,,,False,False,22734abdbfefadc850a2608b6f454b5f7c18b5e3c19f87c396d85d1e76c75234,treino,False,False
der_es,sem_desoneracao,190301,"Emassamento de esquadrias e elementos de madeira, com duas demãos de massa à base água, referência Suvinil, Coral, Sherwin Williams ou equivalente, inclusive uma demão de fundo nivelador alquídico branco, referência Suvinil, Coral ou Metalatex ou equivalente",PINTURA / SOBRE MADEIRA,m2,c6e6b9bfb56cd1d29dc3e5554c4805530d8fd2aaa68131f4e2d65fedec7cb40b,22734abdbfefadc850a2608b6f454b5f7c18b5e3c19f87c396d85d1e76c75234,TABELA REFERENCIAL OBRAS - DER-ES - 2025-06 - JUN/XLS/tab_DER-EDIFICAÇÕES_2025_06_servicos.xlsx!A1253,2025-06,2025-07,m2,PINTURA / SOBRE MADEIRA,True,False,48.49,48.49,46.78,48.49,,,False,False,9f2d3bc52e35d3a9c0317f2bbd34359ce4b9eb726cfdad03719dc91ab8a6eb52,treino,False,False
der_es,sem_desoneracao,190301,"Emassamento de esquadrias e elementos de madeira, com duas demãos de massa à base água, referência Suvinil, Coral, Sherwin Williams ou equivalente, inclusive uma demão de fundo nivelador alquídico branco, referência Suvinil, Coral ou Metalatex ou equivalente",PINTURA / SOBRE MADEIRA,m2,c6e6b9bfb56cd1d29dc3e5554c4805530d8fd2aaa68131f4e2d65fedec7cb40b,9f2d3bc52e35d3a9c0317f2bbd34359ce4b9eb726cfdad03719dc91ab8a6eb52,TABELA REFERENCIAL OBRAS - DER-ES - 2025-07 - JUL/TABELA REFERENCIAL OBRAS - DER-ES - 2025-07 - JUL/XLS/tab_DER-EDIFICAÇÕES_2025_07_servicos.xlsx!A1253,2025-07,2025-08,m2,PINTURA / SOBRE MADEIRA,True,False,48.49,48.49,48.49,48.49,,,False,False,f4e1c72d0bc82c19d0327a48458bea46cf1a06c556062fe2206e7955be9a14b1,treino,False,False
der_es,sem_desoneracao,190301,"Emassamento de esquadrias e elementos de madeira, com duas demãos de massa à base água, referência Suvinil, Coral, Sherwin Williams ou equivalente, inclusive uma demão de fundo nivelador alquídico branco, referência Suvinil, Coral ou Metalatex ou equivalente",PINTURA / SOBRE MADEIRA,m2,c6e6b9bfb56cd1d29dc3e5554c4805530d8fd2aaa68131f4e2d65fedec7cb40b,f4e1c72d0bc82c19d0327a48458bea46cf1a06c556062fe2206e7955be9a14b1,TABELA REFERENCIAL OBRAS - DER-ES - 2025-08 - AGO/XLS/tab_DER-EDIFICAÇÕES_2025_08_servicos.xlsx!A1253,2025-08,2025-09,m2,PINTURA / SOBRE MADEIRA,True,False,48.49,48.49,48.49,48.49,,,False,False,7b1be34ee7d5dd82bcaeb75a32037ae0f2eea1e439205f05e57077b8a3567875,treino,False,False
der_es,sem_desoneracao,190301,"Emassamento de esquadrias e elementos de madeira, com duas demãos de massa à base água, referência Suvinil, Coral, Sherwin Williams ou equivalente, inclusive uma demão de fundo nivelador alquídico branco, referência Suvinil, Coral ou Metalatex ou equivalente",PINTURA / SOBRE MADEIRA,m2,c6e6b9bfb56cd1d29dc3e5554c4805530d8fd2aaa68131f4e2d65fedec7cb40b,7b1be34ee7d5dd82bcaeb75a32037ae0f2eea1e439205f05e57077b8a3567875,TABELA REFERENCIAL OBRAS - DER-ES - 2025-09 - SET/XLS/tab_DER-EDIFICAÇÕES_2025_09_servicos.xlsx!A1253,2025-09,2025-10,m2,PINTURA / SOBRE MADEIRA,True,False,48.49,48.49,48.49,49.07,,,False,False,25f27b5ef0ad1c6c63d22be1ab543e5a65d73aa17c4d0463109a84f7209c8fa3,treino,False,False
der_es,sem_desoneracao,190301,"Emassamento de esquadrias e elementos de madeira, com duas demãos de massa à base água, referência Suvinil, Coral, Sherwin Williams ou equivalente, inclusive uma demão de fundo nivelador alquídico branco, referência Suvinil, Coral ou Metalatex ou equivalente",PINTURA / SOBRE MADEIRA,m2,c6e6b9bfb56cd1d29dc3e5554c4805530d8fd2aaa68131f4e2d65fedec7cb40b,25f27b5ef0ad1c6c63d22be1ab543e5a65d73aa17c4d0463109a84f7209c8fa3,TABELA REFERENCIAL OBRAS - DER-ES - 2025-10 - OUT/XLS/tab_DER-EDIFICAÇÕES_2025_10_servicos.xlsx!A1253,2025-10,2025-11,m2,PINTURA / SOBRE MADEIRA,True,False,49.07,48.49,48.49,49.07,,,False,False,d856141d8d195b8bf3114dd64686b80db08318d557f9eb5f279d84fffec1a86e,treino,False,False
der_es,sem_desoneracao,190301,"Emassamento de esquadrias e elementos de madeira, com duas demãos de massa à base água, referência Suvinil, Coral, Sherwin Williams ou equivalente, inclusive uma demão de fundo nivelador alquídico branco, referência Suvinil, Coral ou Metalatex ou equivalente",PINTURA / SOBRE MADEIRA,m2,c6e6b9bfb56cd1d29dc3e5554c4805530d8fd2aaa68131f4e2d65fedec7cb40b,d856141d8d195b8bf3114dd64686b80db08318d557f9eb5f279d84fffec1a86e,TABELA REFERENCIAL OBRAS - DER-ES - 2025-11 - NOV/XLS/tab_DER-EDIFICAÇÕES_2025_11_servicos.xlsx!A1253,2025-11,2025-12,m2,PINTURA / SOBRE MADEIRA,True,False,49.07,49.07,48.49,49.07,,,False,False,cf2ae6d6af6081526a2c2c6a6446342c23099ac3a9c81f310e3a5da2680fb053,treino,False,False
der_es,sem_desoneracao,190301,"Emassamento de esquadrias e elementos de madeira, com duas demãos de massa à base água, referência Suvinil, Coral, Sherwin Williams ou equivalente, inclusive uma demão de fundo nivelador alquídico branco, referência Suvinil, Coral ou Metalatex ou equivalente",PINTURA / SOBRE MADEIRA,m2,c6e6b9bfb56cd1d29dc3e5554c4805530d8fd2aaa68131f4e2d65fedec7cb40b,cf2ae6d6af6081526a2c2c6a6446342c23099ac3a9c81f310e3a5da2680fb053,TABELA REFERENCIAL OBRAS - DER-ES - 2025-12 - DEZ/XLS/tab_DER-EDIFICAÇÕES_2025_12_servicos.xlsx!A1252,2025-12,2026-01,m2,PINTURA / SOBRE MADEIRA,True,False,49.07,49.07,49.07,49.07,,,False,False,4feebcbe8c47058cf57314347405d833cdfb5d2340951f005ab53d27ae84fd84,validacao,False,False
der_es,sem_desoneracao,190301,"Emassamento de esquadrias e elementos de madeira, com duas demãos de massa à base água, referência Suvinil, Coral, Sherwin Williams ou equivalente, inclusive uma demão de fundo nivelador alquídico branco, referência Suvinil, Coral ou Metalatex ou equivalente",PINTURA / SOBRE MADEIRA,m2,c6e6b9bfb56cd1d29dc3e5554c4805530d8fd2aaa68131f4e2d65fedec7cb40b,4feebcbe8c47058cf57314347405d833cdfb5d2340951f005ab53d27ae84fd84,TABELA REFERENCIAL OBRAS - DER-ES - 2026-01 - JAN/XLS/tab_DER-EDIFICAÇÕES_2026_01_servicos.xlsx!A1252,2026-01,2026-02,m2,PINTURA / SOBRE MADEIRA,True,False,49.07,49.07,49.07,49.07,,,False,False,1a7537f06fa9b2a1aff5982ae95ae6bf2ec16498e28430445e55584fbcce9a3c,validacao,False,False
der_es,sem_desoneracao,190301,"Emassamento de esquadrias e elementos de madeira, com duas demãos de massa à base água, referência Suvinil, Coral, Sherwin Williams ou equivalente, inclusive uma demão de fundo nivelador alquídico branco, referência Suvinil, Coral ou Metalatex ou equivalente",PINTURA / SOBRE MADEIRA,m2,c6e6b9bfb56cd1d29dc3e5554c4805530d8fd2aaa68131f4e2d65fedec7cb40b,1a7537f06fa9b2a1aff5982ae95ae6bf2ec16498e28430445e55584fbcce9a3c,TABELA REFERENCIAL OBRAS - DER-ES - 2026-02 - FEV/XLS/tab_DER-EDIFICAÇÕES_2026_02_servicos.xlsx!A1250,2026-02,2026-03,m2,PINTURA / SOBRE MADEIRA,True,False,49.07,49.07,49.07,49.07,,,False,False,c9a408180051aaa4e38fe277afd37500d913d617b22cb55cd61158248094d761,teste,False,False
der_es,sem_desoneracao,190301,"Emassamento de esquadrias e elementos de madeira, com duas demãos de massa à base água, referência Suvinil, Coral, Sherwin Williams ou equivalente, inclusive uma demão de fundo nivelador alquídico branco, referência Suvinil, Coral ou Metalatex ou equivalente",PINTURA / SOBRE MADEIRA,m2,c6e6b9bfb56cd1d29dc3e5554c4805530d8fd2aaa68131f4e2d65fedec7cb40b,c9a408180051aaa4e38fe277afd37500d913d617b22cb55cd61158248094d761,TABELA REFERENCIAL OBRAS - DER-ES - 2026-03 - MAR/XLS/tab_DER-EDIFICAÇÕES_2026_03_servicos.xlsx!A1250,2026-03,2026-04,m2,PINTURA / SOBRE MADEIRA,True,False,49.07,49.07,49.07,49.75,,,False,False,b07a6f7cd81d76e43925b8f994875b35e8468c5a37790367db80f72665fc0b2b,teste,False,False
der_es,sem_desoneracao,190301,"Emassamento de esquadrias e elementos de madeira, com duas demãos de massa à base água, referência Suvinil, Coral, Sherwin Williams ou equivalente, inclusive uma demão de fundo nivelador alquídico branco, referência Suvinil, Coral ou Metalatex ou equivalente",PINTURA / SOBRE MADEIRA,m2,c6e6b9bfb56cd1d29dc3e5554c4805530d8fd2aaa68131f4e2d65fedec7cb40b,b07a6f7cd81d76e43925b8f994875b35e8468c5a37790367db80f72665fc0b2b,TABELA REFERENCIAL OBRAS - DER-ES - 2026-04 - ABR/XLS/tab_DER-EDIFICAÇÕES_2026_04_servicos.xlsx!A1250,2026-04,2026-05,m2,PINTURA / SOBRE MADEIRA,True,False,49.75,49.07,49.07,51.36,,,False,False,9d7efd575c10dc676bc49f5acb5630fa9b3cd2b98449be07612e1891e8d213f6,teste,False,False
der_es,sem_desoneracao,190302,"Pintura de esquadrias e elementos de madeira, aplicação manual, com duas demãos de tinta esmalte sintético referência Suvinil, Coral ou Metalatex, inclusive fundo branco nivelador, referência Suvinil, Coral e Metalatex ou equivalente",PINTURA / SOBRE MADEIRA,m2,6cf17bb37dcef9132d33f3d9df21f9411ac82933b0efd43d0875e69e555f8e49,2dd7e7c15552e8663b500f12008e09dc39c3816602e826e994d7dc8922d7ac8f,TABELA REFERENCIAL OBRAS - DER-ES - 2025-03 - MAR/XLS/tab_DER-EDIFICAÇσES_2025_03_servicos.xlsx!A1254,2025-03,2025-04,m2,PINTURA / SOBRE MADEIRA,True,False,43.38,43.38,43.38,41.83,,,False,False,d2087ecf8affe6feb21bd38f6045155bdc7d4b18356273e8e54c68d96e73dbd4,treino,False,False
der_es,sem_desoneracao,190302,"Pintura de esquadrias e elementos de madeira, aplicação manual, com duas demãos de tinta esmalte sintético referência Suvinil, Coral ou Metalatex, inclusive fundo branco nivelador, referência Suvinil, Coral e Metalatex ou equivalente",PINTURA / SOBRE MADEIRA,m2,6cf17bb37dcef9132d33f3d9df21f9411ac82933b0efd43d0875e69e555f8e49,d2087ecf8affe6feb21bd38f6045155bdc7d4b18356273e8e54c68d96e73dbd4,TABELA REFERENCIAL OBRAS - DER-ES - 2025-04 - ABR/XLS/tab_DER-EDIFICAÇσES_2025_04_servicos.xlsx!A1255,2025-04,2025-05,m2,PINTURA / SOBRE MADEIRA,True,False,41.83,43.38,43.38,43.16,,,False,False,2bf6c2c7e6a976b4518fe548f59e259ac8091a61f440b44f17701ff9a0f00926,treino,False,False
der_es,sem_desoneracao,190302,"Pintura de esquadrias e elementos de madeira, aplicação manual, com duas demãos de tinta esmalte sintético referência Suvinil, Coral ou Metalatex, inclusive fundo branco nivelador, referência Suvinil, Coral e Metalatex ou equivalente",PINTURA / SOBRE MADEIRA,m2,6cf17bb37dcef9132d33f3d9df21f9411ac82933b0efd43d0875e69e555f8e49,2bf6c2c7e6a976b4518fe548f59e259ac8091a61f440b44f17701ff9a0f00926,TABELA REFERENCIAL OBRAS - DER-ES - 2025-05 - MAI/XLS/tab_DER-EDIFICAÇσES_2025_05_servicos.xlsx!A1256,2025-05,2025-06,m2,PINTURA / SOBRE MADEIRA,True,False,43.16,41.83,43.38,43.16,,,False,False,22734abdbfefadc850a2608b6f454b5f7c18b5e3c19f87c396d85d1e76c75234,treino,False,False
der_es,sem_desoneracao,190302,"Pintura de esquadrias e elementos de madeira, aplicação manual, com duas demãos de tinta esmalte sintético referência Suvinil, Coral ou Metalatex, inclusive fundo branco nivelador, referência Suvinil, Coral e Metalatex ou equivalente",PINTURA / SOBRE MADEIRA,m2,6cf17bb37dcef9132d33f3d9df21f9411ac82933b0efd43d0875e69e555f8e49,22734abdbfefadc850a2608b6f454b5f7c18b5e3c19f87c396d85d1e76c75234,TABELA REFERENCIAL OBRAS - DER-ES - 2025-06 - JUN/XLS/tab_DER-EDIFICAÇÕES_2025_06_servicos.xlsx!A1254,2025-06,2025-07,m2,PINTURA / SOBRE MADEIRA,True,False,43.16,43.16,41.83,43.16,,,False,False,9f2d3bc52e35d3a9c0317f2bbd34359ce4b9eb726cfdad03719dc91ab8a6eb52,treino,False,False
der_es,sem_desoneracao,190302,"Pintura de esquadrias e elementos de madeira, aplicação manual, com duas demãos de tinta esmalte sintético referência Suvinil, Coral ou Metalatex, inclusive fundo branco nivelador, referência Suvinil, Coral e Metalatex ou equivalente",PINTURA / SOBRE MADEIRA,m2,6cf17bb37dcef9132d33f3d9df21f9411ac82933b0efd43d0875e69e555f8e49,9f2d3bc52e35d3a9c0317f2bbd34359ce4b9eb726cfdad03719dc91ab8a6eb52,TABELA REFERENCIAL OBRAS - DER-ES - 2025-07 - JUL/TABELA REFERENCIAL OBRAS - DER-ES - 2025-07 - JUL/XLS/tab_DER-EDIFICAÇÕES_2025_07_servicos.xlsx!A1254,2025-07,2025-08,m2,PINTURA / SOBRE MADEIRA,True,False,43.16,43.16,43.16,43.16,,,False,False,f4e1c72d0bc82c19d0327a48458bea46cf1a06c556062fe2206e7955be9a14b1,treino,False,False
der_es,sem_desoneracao,190302,"Pintura de esquadrias e elementos de madeira, aplicação manual, com duas demãos de tinta esmalte sintético referência Suvinil, Coral ou Metalatex, inclusive fundo branco nivelador, referência Suvinil, Coral e Metalatex ou equivalente",PINTURA / SOBRE MADEIRA,m2,6cf17bb37dcef9132d33f3d9df21f9411ac82933b0efd43d0875e69e555f8e49,f4e1c72d0bc82c19d0327a48458bea46cf1a06c556062fe2206e7955be9a14b1,TABELA REFERENCIAL OBRAS - DER-ES - 2025-08 - AGO/XLS/tab_DER-EDIFICAÇÕES_2025_08_servicos.xlsx!A1254,2025-08,2025-09,m2,PINTURA / SOBRE MADEIRA,True,False,43.16,43.16,43.16,43.16,,,False,False,7b1be34ee7d5dd82bcaeb75a32037ae0f2eea1e439205f05e57077b8a3567875,treino,False,False
der_es,sem_desoneracao,190302,"Pintura de esquadrias e elementos de madeira, aplicação manual, com duas demãos de tinta esmalte sintético referência Suvinil, Coral ou Metalatex, inclusive fundo branco nivelador, referência Suvinil, Coral e Metalatex ou equivalente",PINTURA / SOBRE MADEIRA,m2,6cf17bb37dcef9132d33f3d9df21f9411ac82933b0efd43d0875e69e555f8e49,7b1be34ee7d5dd82bcaeb75a32037ae0f2eea1e439205f05e57077b8a3567875,TABELA REFERENCIAL OBRAS - DER-ES - 2025-09 - SET/XLS/tab_DER-EDIFICAÇÕES_2025_09_servicos.xlsx!A1254,2025-09,2025-10,m2,PINTURA / SOBRE MADEIRA,True,False,43.16,43.16,43.16,43.8,,,False,False,25f27b5ef0ad1c6c63d22be1ab543e5a65d73aa17c4d0463109a84f7209c8fa3,treino,False,False
der_es,sem_desoneracao,190302,"Pintura de esquadrias e elementos de madeira, aplicação manual, com duas demãos de tinta esmalte sintético referência Suvinil, Coral ou Metalatex, inclusive fundo branco nivelador, referência Suvinil, Coral e Metalatex ou equivalente",PINTURA / SOBRE MADEIRA,m2,6cf17bb37dcef9132d33f3d9df21f9411ac82933b0efd43d0875e69e555f8e49,25f27b5ef0ad1c6c63d22be1ab543e5a65d73aa17c4d0463109a84f7209c8fa3,TABELA REFERENCIAL OBRAS - DER-ES - 2025-10 - OUT/XLS/tab_DER-EDIFICAÇÕES_2025_10_servicos.xlsx!A1254,2025-10,2025-11,m2,PINTURA / SOBRE MADEIRA,True,False,43.8,43.16,43.16,43.8,,,False,False,d856141d8d195b8bf3114dd64686b80db08318d557f9eb5f279d84fffec1a86e,treino,False,False
der_es,sem_desoneracao,190302,"Pintura de esquadrias e elementos de madeira, aplicação manual, com duas demãos de tinta esmalte sintético referência Suvinil, Coral ou Metalatex, inclusive fundo branco nivelador, referência Suvinil, Coral e Metalatex ou equivalente",PINTURA / SOBRE MADEIRA,m2,6cf17bb37dcef9132d33f3d9df21f9411ac82933b0efd43d0875e69e555f8e49,d856141d8d195b8bf3114dd64686b80db08318d557f9eb5f279d84fffec1a86e,TABELA REFERENCIAL OBRAS - DER-ES - 2025-11 - NOV/XLS/tab_DER-EDIFICAÇÕES_2025_11_servicos.xlsx!A1254,2025-11,2025-12,m2,PINTURA / SOBRE MADEIRA,True,False,43.8,43.8,43.16,43.8,,,False,False,cf2ae6d6af6081526a2c2c6a6446342c23099ac3a9c81f310e3a5da2680fb053,treino,False,False
der_es,sem_desoneracao,190302,"Pintura de esquadrias e elementos de madeira, aplicação manual, com duas demãos de tinta esmalte sintético referência Suvinil, Coral ou Metalatex, inclusive fundo branco nivelador, referência Suvinil, Coral e Metalatex ou equivalente",PINTURA / SOBRE MADEIRA,m2,6cf17bb37dcef9132d33f3d9df21f9411ac82933b0efd43d0875e69e555f8e49,cf2ae6d6af6081526a2c2c6a6446342c23099ac3a9c81f310e3a5da2680fb053,TABELA REFERENCIAL OBRAS - DER-ES - 2025-12 - DEZ/XLS/tab_DER-EDIFICAÇÕES_2025_12_servicos.xlsx!A1253,2025-12,2026-01,m2,PINTURA / SOBRE MADEIRA,True,False,43.8,43.8,43.8,43.8,,,False,False,4feebcbe8c47058cf57314347405d833cdfb5d2340951f005ab53d27ae84fd84,validacao,False,False
der_es,sem_desoneracao,190302,"Pintura de esquadrias e elementos de madeira, aplicação manual, com duas demãos de tinta esmalte sintético referência Suvinil, Coral ou Metalatex, inclusive fundo branco nivelador, referência Suvinil, Coral e Metalatex ou equivalente",PINTURA / SOBRE MADEIRA,m2,6cf17bb37dcef9132d33f3d9df21f9411ac82933b0efd43d0875e69e555f8e49,4feebcbe8c47058cf57314347405d833cdfb5d2340951f005ab53d27ae84fd84,TABELA REFERENCIAL OBRAS - DER-ES - 2026-01 - JAN/XLS/tab_DER-EDIFICAÇÕES_2026_01_servicos.xlsx!A1253,2026-01,2026-02,m2,PINTURA / SOBRE MADEIRA,True,False,43.8,43.8,43.8,43.8,,,False,False,1a7537f06fa9b2a1aff5982ae95ae6bf2ec16498e28430445e55584fbcce9a3c,validacao,False,False
der_es,sem_desoneracao,190302,"Pintura de esquadrias e elementos de madeira, aplicação manual, com duas demãos de tinta esmalte sintético referência Suvinil, Coral ou Metalatex, inclusive fundo branco nivelador, referência Suvinil, Coral e Metalatex ou equivalente",PINTURA / SOBRE MADEIRA,m2,6cf17bb37dcef9132d33f3d9df21f9411ac82933b0efd43d0875e69e555f8e49,1a7537f06fa9b2a1aff5982ae95ae6bf2ec16498e28430445e55584fbcce9a3c,TABELA REFERENCIAL OBRAS - DER-ES - 2026-02 - FEV/XLS/tab_DER-EDIFICAÇÕES_2026_02_servicos.xlsx!A1251,2026-02,2026-03,m2,PINTURA / SOBRE MADEIRA,True,False,43.8,43.8,43.8,43.8,,,False,False,c9a408180051aaa4e38fe277afd37500d913d617b22cb55cd61158248094d761,teste,False,False
der_es,sem_desoneracao,190302,"Pintura de esquadrias e elementos de madeira, aplicação manual, com duas demãos de tinta esmalte sintético referência Suvinil, Coral ou Metalatex, inclusive fundo branco nivelador, referência Suvinil, Coral e Metalatex ou equivalente",PINTURA / SOBRE MADEIRA,m2,6cf17bb37dcef9132d33f3d9df21f9411ac82933b0efd43d0875e69e555f8e49,c9a408180051aaa4e38fe277afd37500d913d617b22cb55cd61158248094d761,TABELA REFERENCIAL OBRAS - DER-ES - 2026-03 - MAR/XLS/tab_DER-EDIFICAÇÕES_2026_03_servicos.xlsx!A1251,2026-03,2026-04,m2,PINTURA / SOBRE MADEIRA,True,False,43.8,43.8,43.8,43.7,,,False,False,b07a6f7cd81d76e43925b8f994875b35e8468c5a37790367db80f72665fc0b2b,teste,False,False
der_es,sem_desoneracao,190302,"Pintura de esquadrias e elementos de madeira, aplicação manual, com duas demãos de tinta esmalte sintético referência Suvinil, Coral ou Metalatex, inclusive fundo branco nivelador, referência Suvinil, Coral e Metalatex ou equivalente",PINTURA / SOBRE MADEIRA,m2,6cf17bb37dcef9132d33f3d9df21f9411ac82933b0efd43d0875e69e555f8e49,b07a6f7cd81d76e43925b8f994875b35e8468c5a37790367db80f72665fc0b2b,TABELA REFERENCIAL OBRAS - DER-ES - 2026-04 - ABR/XLS/tab_DER-EDIFICAÇÕES_2026_04_servicos.xlsx!A1251,2026-04,2026-05,m2,PINTURA / SOBRE MADEIRA,True,False,43.7,43.8,43.8,44.97,,,False,False,9d7efd575c10dc676bc49f5acb5630fa9b3cd2b98449be07612e1891e8d213f6,teste,False,False
der_es,sem_desoneracao,190303,"Pintura de esquadrias e elementos de madeira, aplicação manual, com três demão de verniz brilhante incolor, linha Premium Copal, referência Suvinil, Eucatex, Montana ou equivalente",PINTURA / SOBRE MADEIRA,m2,dbb85a3861c32ec52918414a805c66566fc019dd4b9f32bcf63a2b73dbbf2985,2dd7e7c15552e8663b500f12008e09dc39c3816602e826e994d7dc8922d7ac8f,TABELA REFERENCIAL OBRAS - DER-ES - 2025-03 - MAR/XLS/tab_DER-EDIFICAÇσES_2025_03_servicos.xlsx!A1255,2025-03,2025-04,m2,PINTURA / SOBRE MADEIRA,True,False,27.63,27.63,27.63,27.6,,,False,False,d2087ecf8affe6feb21bd38f6045155bdc7d4b18356273e8e54c68d96e73dbd4,treino,False,False
der_es,sem_desoneracao,190303,"Pintura de esquadrias e elementos de madeira, aplicação manual, com três demão de verniz brilhante incolor, linha Premium Copal, referência Suvinil, Eucatex, Montana ou equivalente",PINTURA / SOBRE MADEIRA,m2,dbb85a3861c32ec52918414a805c66566fc019dd4b9f32bcf63a2b73dbbf2985,d2087ecf8affe6feb21bd38f6045155bdc7d4b18356273e8e54c68d96e73dbd4,TABELA REFERENCIAL OBRAS - DER-ES - 2025-04 - ABR/XLS/tab_DER-EDIFICAÇσES_2025_04_servicos.xlsx!A1256,2025-04,2025-05,m2,PINTURA / SOBRE MADEIRA,True,False,27.6,27.63,27.63,28.86,,,False,False,2bf6c2c7e6a976b4518fe548f59e259ac8091a61f440b44f17701ff9a0f00926,treino,False,False
der_es,sem_desoneracao,190303,"Pintura de esquadrias e elementos de madeira, aplicação manual, com três demão de verniz brilhante incolor, linha Premium Copal, referência Suvinil, Eucatex, Montana ou equivalente",PINTURA / SOBRE MADEIRA,m2,dbb85a3861c32ec52918414a805c66566fc019dd4b9f32bcf63a2b73dbbf2985,2bf6c2c7e6a976b4518fe548f59e259ac8091a61f440b44f17701ff9a0f00926,TABELA REFERENCIAL OBRAS - DER-ES - 2025-05 - MAI/XLS/tab_DER-EDIFICAÇσES_2025_05_servicos.xlsx!A1257,2025-05,2025-06,m2,PINTURA / SOBRE MADEIRA,True,False,28.86,27.6,27.63,28.86,,,False,False,22734abdbfefadc850a2608b6f454b5f7c18b5e3c19f87c396d85d1e76c75234,treino,False,False
der_es,sem_desoneracao,190303,"Pintura de esquadrias e elementos de madeira, aplicação manual, com três demão de verniz brilhante incolor, linha Premium Copal, referência Suvinil, Eucatex, Montana ou equivalente",PINTURA / SOBRE MADEIRA,m2,dbb85a3861c32ec52918414a805c66566fc019dd4b9f32bcf63a2b73dbbf2985,22734abdbfefadc850a2608b6f454b5f7c18b5e3c19f87c396d85d1e76c75234,TABELA REFERENCIAL OBRAS - DER-ES - 2025-06 - JUN/XLS/tab_DER-EDIFICAÇÕES_2025_06_servicos.xlsx!A1255,2025-06,2025-07,m2,PINTURA / SOBRE MADEIRA,True,False,28.86,28.86,27.6,28.86,,,False,False,9f2d3bc52e35d3a9c0317f2bbd34359ce4b9eb726cfdad03719dc91ab8a6eb52,treino,False,False
der_es,sem_desoneracao,190303,"Pintura de esquadrias e elementos de madeira, aplicação manual, com três demão de verniz brilhante incolor, linha Premium Copal, referência Suvinil, Eucatex, Montana ou equivalente",PINTURA / SOBRE MADEIRA,m2,dbb85a3861c32ec52918414a805c66566fc019dd4b9f32bcf63a2b73dbbf2985,9f2d3bc52e35d3a9c0317f2bbd34359ce4b9eb726cfdad03719dc91ab8a6eb52,TABELA REFERENCIAL OBRAS - DER-ES - 2025-07 - JUL/TABELA REFERENCIAL OBRAS - DER-ES - 2025-07 - JUL/XLS/tab_DER-EDIFICAÇÕES_2025_07_servicos.xlsx!A1255,2025-07,2025-08,m2,PINTURA / SOBRE MADEIRA,True,False,28.86,28.86,28.86,28.86,,,False,False,f4e1c72d0bc82c19d0327a48458bea46cf1a06c556062fe2206e7955be9a14b1,treino,False,False
der_es,sem_desoneracao,190303,"Pintura de esquadrias e elementos de madeira, aplicação manual, com três demão de verniz brilhante incolor, linha Premium Copal, referência Suvinil, Eucatex, Montana ou equivalente",PINTURA / SOBRE MADEIRA,m2,dbb85a3861c32ec52918414a805c66566fc019dd4b9f32bcf63a2b73dbbf2985,f4e1c72d0bc82c19d0327a48458bea46cf1a06c556062fe2206e7955be9a14b1,TABELA REFERENCIAL OBRAS - DER-ES - 2025-08 - AGO/XLS/tab_DER-EDIFICAÇÕES_2025_08_servicos.xlsx!A1255,2025-08,2025-09,m2,PINTURA / SOBRE MADEIRA,True,False,28.86,28.86,28.86,28.86,,,False,False,7b1be34ee7d5dd82bcaeb75a32037ae0f2eea1e439205f05e57077b8a3567875,treino,False,False
der_es,sem_desoneracao,190303,"Pintura de esquadrias e elementos de madeira, aplicação manual, com três demão de verniz brilhante incolor, linha Premium Copal, referência Suvinil, Eucatex, Montana ou equivalente",PINTURA / SOBRE MADEIRA,m2,dbb85a3861c32ec52918414a805c66566fc019dd4b9f32bcf63a2b73dbbf2985,7b1be34ee7d5dd82bcaeb75a32037ae0f2eea1e439205f05e57077b8a3567875,TABELA REFERENCIAL OBRAS - DER-ES - 2025-09 - SET/XLS/tab_DER-EDIFICAÇÕES_2025_09_servicos.xlsx!A1255,2025-09,2025-10,m2,PINTURA / SOBRE MADEIRA,True,False,28.86,28.86,28.86,29.93,,,False,False,25f27b5ef0ad1c6c63d22be1ab543e5a65d73aa17c4d0463109a84f7209c8fa3,treino,False,False
der_es,sem_desoneracao,190303,"Pintura de esquadrias e elementos de madeira, aplicação manual, com três demão de verniz brilhante incolor, linha Premium Copal, referência Suvinil, Eucatex, Montana ou equivalente",PINTURA / SOBRE MADEIRA,m2,dbb85a3861c32ec52918414a805c66566fc019dd4b9f32bcf63a2b73dbbf2985,25f27b5ef0ad1c6c63d22be1ab543e5a65d73aa17c4d0463109a84f7209c8fa3,TABELA REFERENCIAL OBRAS - DER-ES - 2025-10 - OUT/XLS/tab_DER-EDIFICAÇÕES_2025_10_servicos.xlsx!A1255,2025-10,2025-11,m2,PINTURA / SOBRE MADEIRA,True,False,29.93,28.86,28.86,29.93,,,False,False,d856141d8d195b8bf3114dd64686b80db08318d557f9eb5f279d84fffec1a86e,treino,False,False
der_es,sem_desoneracao,190303,"Pintura de esquadrias e elementos de madeira, aplicação manual, com três demão de verniz brilhante incolor, linha Premium Copal, referência Suvinil, Eucatex, Montana ou equivalente",PINTURA / SOBRE MADEIRA,m2,dbb85a3861c32ec52918414a805c66566fc019dd4b9f32bcf63a2b73dbbf2985,d856141d8d195b8bf3114dd64686b80db08318d557f9eb5f279d84fffec1a86e,TABELA REFERENCIAL OBRAS - DER-ES - 2025-11 - NOV/XLS/tab_DER-EDIFICAÇÕES_2025_11_servicos.xlsx!A1255,2025-11,2025-12,m2,PINTURA / SOBRE MADEIRA,True,False,29.93,29.93,28.86,29.93,,,False,False,cf2ae6d6af6081526a2c2c6a6446342c23099ac3a9c81f310e3a5da2680fb053,treino,False,False
der_es,sem_desoneracao,190303,"Pintura de esquadrias e elementos de madeira, aplicação manual, com três demão de verniz brilhante incolor, linha Premium Copal, referência Suvinil, Eucatex, Montana ou equivalente",PINTURA / SOBRE MADEIRA,m2,dbb85a3861c32ec52918414a805c66566fc019dd4b9f32bcf63a2b73dbbf2985,cf2ae6d6af6081526a2c2c6a6446342c23099ac3a9c81f310e3a5da2680fb053,TABELA REFERENCIAL OBRAS - DER-ES - 2025-12 - DEZ/XLS/tab_DER-EDIFICAÇÕES_2025_12_servicos.xlsx!A1254,2025-12,2026-01,m2,PINTURA / SOBRE MADEIRA,True,False,29.93,29.93,29.93,29.93,,,False,False,4feebcbe8c47058cf57314347405d833cdfb5d2340951f005ab53d27ae84fd84,validacao,False,False
der_es,sem_desoneracao,190303,"Pintura de esquadrias e elementos de madeira, aplicação manual, com três demão de verniz brilhante incolor, linha Premium Copal, referência Suvinil, Eucatex, Montana ou equivalente",PINTURA / SOBRE MADEIRA,m2,dbb85a3861c32ec52918414a805c66566fc019dd4b9f32bcf63a2b73dbbf2985,4feebcbe8c47058cf57314347405d833cdfb5d2340951f005ab53d27ae84fd84,TABELA REFERENCIAL OBRAS - DER-ES - 2026-01 - JAN/XLS/tab_DER-EDIFICAÇÕES_2026_01_servicos.xlsx!A1254,2026-01,2026-02,m2,PINTURA / SOBRE MADEIRA,True,False,29.93,29.93,29.93,29.93,,,False,False,1a7537f06fa9b2a1aff5982ae95ae6bf2ec16498e28430445e55584fbcce9a3c,validacao,False,False
der_es,sem_desoneracao,190303,"Pintura de esquadrias e elementos de madeira, aplicação manual, com três demão de verniz brilhante incolor, linha Premium Copal, referência Suvinil, Eucatex, Montana ou equivalente",PINTURA / SOBRE MADEIRA,m2,dbb85a3861c32ec52918414a805c66566fc019dd4b9f32bcf63a2b73dbbf2985,1a7537f06fa9b2a1aff5982ae95ae6bf2ec16498e28430445e55584fbcce9a3c,TABELA REFERENCIAL OBRAS - DER-ES - 2026-02 - FEV/XLS/tab_DER-EDIFICAÇÕES_2026_02_servicos.xlsx!A1252,2026-02,2026-03,m2,PINTURA / SOBRE MADEIRA,True,False,29.93,29.93,29.93,29.93,,,False,False,c9a408180051aaa4e38fe277afd37500d913d617b22cb55cd61158248094d761,teste,False,False
der_es,sem_desoneracao,190303,"Pintura de esquadrias e elementos de madeira, aplicação manual, com três demão de verniz brilhante incolor, linha Premium Copal, referência Suvinil, Eucatex, Montana ou equivalente",PINTURA / SOBRE MADEIRA,m2,dbb85a3861c32ec52918414a805c66566fc019dd4b9f32bcf63a2b73dbbf2985,c9a408180051aaa4e38fe277afd37500d913d617b22cb55cd61158248094d761,TABELA REFERENCIAL OBRAS - DER-ES - 2026-03 - MAR/XLS/tab_DER-EDIFICAÇÕES_2026_03_servicos.xlsx!A1252,2026-03,2026-04,m2,PINTURA / SOBRE MADEIRA,True,False,29.93,29.93,29.93,30.59,,,False,False,b07a6f7cd81d76e43925b8f994875b35e8468c5a37790367db80f72665fc0b2b,teste,False,False
der_es,sem_desoneracao,190303,"Pintura de esquadrias e elementos de madeira, aplicação manual, com três demão de verniz brilhante incolor, linha Premium Copal, referência Suvinil, Eucatex, Montana ou equivalente",PINTURA / SOBRE MADEIRA,m2,dbb85a3861c32ec52918414a805c66566fc019dd4b9f32bcf63a2b73dbbf2985,b07a6f7cd81d76e43925b8f994875b35e8468c5a37790367db80f72665fc0b2b,TABELA REFERENCIAL OBRAS - DER-ES - 2026-04 - ABR/XLS/tab_DER-EDIFICAÇÕES_2026_04_servicos.xlsx!A1252,2026-04,2026-05,m2,PINTURA / SOBRE MADEIRA,True,False,30.59,29.93,29.93,31.78,,,False,False,9d7efd575c10dc676bc49f5acb5630fa9b3cd2b98449be07612e1891e8d213f6,teste,False,False
der_es,sem_desoneracao,190306,"Pintura de esquadrias e elementos de madeira, aplicação manual, com três demãos de verniz fosco incolor, linha Tripla Proteção Premium, referência Suvinil, Coral, Metalatex ou equivalente",PINTURA / SOBRE MADEIRA,m2,75ddb2ec7ae72e4324d07b2dec5bd34818ba9b92e75a842cc02844736af4fe1e,2dd7e7c15552e8663b500f12008e09dc39c3816602e826e994d7dc8922d7ac8f,TABELA REFERENCIAL OBRAS - DER-ES - 2025-03 - MAR/XLS/tab_DER-EDIFICAÇσES_2025_03_servicos.xlsx!A1256,2025-03,2025-04,m2,PINTURA / SOBRE MADEIRA,True,False,26.12,26.12,26.12,27.04,,,False,False,d2087ecf8affe6feb21bd38f6045155bdc7d4b18356273e8e54c68d96e73dbd4,treino,False,False
der_es,sem_desoneracao,190306,"Pintura de esquadrias e elementos de madeira, aplicação manual, com três demãos de verniz fosco incolor, linha Tripla Proteção Premium, referência Suvinil, Coral, Metalatex ou equivalente",PINTURA / SOBRE MADEIRA,m2,75ddb2ec7ae72e4324d07b2dec5bd34818ba9b92e75a842cc02844736af4fe1e,d2087ecf8affe6feb21bd38f6045155bdc7d4b18356273e8e54c68d96e73dbd4,TABELA REFERENCIAL OBRAS - DER-ES - 2025-04 - ABR/XLS/tab_DER-EDIFICAÇσES_2025_04_servicos.xlsx!A1257,2025-04,2025-05,m2,PINTURA / SOBRE MADEIRA,True,False,27.04,26.12,26.12,28.3,,,False,False,2bf6c2c7e6a976b4518fe548f59e259ac8091a61f440b44f17701ff9a0f00926,treino,False,False
der_es,sem_desoneracao,190306,"Pintura de esquadrias e elementos de madeira, aplicação manual, com três demãos de verniz fosco incolor, linha Tripla Proteção Premium, referência Suvinil, Coral, Metalatex ou equivalente",PINTURA / SOBRE MADEIRA,m2,75ddb2ec7ae72e4324d07b2dec5bd34818ba9b92e75a842cc02844736af4fe1e,2bf6c2c7e6a976b4518fe548f59e259ac8091a61f440b44f17701ff9a0f00926,TABELA REFERENCIAL OBRAS - DER-ES - 2025-05 - MAI/XLS/tab_DER-EDIFICAÇσES_2025_05_servicos.xlsx!A1258,2025-05,2025-06,m2,PINTURA / SOBRE MADEIRA,True,False,28.3,27.04,26.12,28.3,,,False,False,22734abdbfefadc850a2608b6f454b5f7c18b5e3c19f87c396d85d1e76c75234,treino,False,False
der_es,sem_desoneracao,190306,"Pintura de esquadrias e elementos de madeira, aplicação manual, com três demãos de verniz fosco incolor, linha Tripla Proteção Premium, referência Suvinil, Coral, Metalatex ou equivalente",PINTURA / SOBRE MADEIRA,m2,75ddb2ec7ae72e4324d07b2dec5bd34818ba9b92e75a842cc02844736af4fe1e,22734abdbfefadc850a2608b6f454b5f7c18b5e3c19f87c396d85d1e76c75234,TABELA REFERENCIAL OBRAS - DER-ES - 2025-06 - JUN/XLS/tab_DER-EDIFICAÇÕES_2025_06_servicos.xlsx!A1256,2025-06,2025-07,m2,PINTURA / SOBRE MADEIRA,True,False,28.3,28.3,27.04,28.3,,,False,False,9f2d3bc52e35d3a9c0317f2bbd34359ce4b9eb726cfdad03719dc91ab8a6eb52,treino,False,False
der_es,sem_desoneracao,190306,"Pintura de esquadrias e elementos de madeira, aplicação manual, com três demãos de verniz fosco incolor, linha Tripla Proteção Premium, referência Suvinil, Coral, Metalatex ou equivalente",PINTURA / SOBRE MADEIRA,m2,75ddb2ec7ae72e4324d07b2dec5bd34818ba9b92e75a842cc02844736af4fe1e,9f2d3bc52e35d3a9c0317f2bbd34359ce4b9eb726cfdad03719dc91ab8a6eb52,TABELA REFERENCIAL OBRAS - DER-ES - 2025-07 - JUL/TABELA REFERENCIAL OBRAS - DER-ES - 2025-07 - JUL/XLS/tab_DER-EDIFICAÇÕES_2025_07_servicos.xlsx!A1256,2025-07,2025-08,m2,PINTURA / SOBRE MADEIRA,True,False,28.3,28.3,28.3,28.3,,,False,False,f4e1c72d0bc82c19d0327a48458bea46cf1a06c556062fe2206e7955be9a14b1,treino,False,False
der_es,sem_desoneracao,190306,"Pintura de esquadrias e elementos de madeira, aplicação manual, com três demãos de verniz fosco incolor, linha Tripla Proteção Premium, referência Suvinil, Coral, Metalatex ou equivalente",PINTURA / SOBRE MADEIRA,m2,75ddb2ec7ae72e4324d07b2dec5bd34818ba9b92e75a842cc02844736af4fe1e,f4e1c72d0bc82c19d0327a48458bea46cf1a06c556062fe2206e7955be9a14b1,TABELA REFERENCIAL OBRAS - DER-ES - 2025-08 - AGO/XLS/tab_DER-EDIFICAÇÕES_2025_08_servicos.xlsx!A1256,2025-08,2025-09,m2,PINTURA / SOBRE MADEIRA,True,False,28.3,28.3,28.3,28.3,,,False,False,7b1be34ee7d5dd82bcaeb75a32037ae0f2eea1e439205f05e57077b8a3567875,treino,False,False
der_es,sem_desoneracao,190306,"Pintura de esquadrias e elementos de madeira, aplicação manual, com três demãos de verniz fosco incolor, linha Tripla Proteção Premium, referência Suvinil, Coral, Metalatex ou equivalente",PINTURA / SOBRE MADEIRA,m2,75ddb2ec7ae72e4324d07b2dec5bd34818ba9b92e75a842cc02844736af4fe1e,7b1be34ee7d5dd82bcaeb75a32037ae0f2eea1e439205f05e57077b8a3567875,TABELA REFERENCIAL OBRAS - DER-ES - 2025-09 - SET/XLS/tab_DER-EDIFICAÇÕES_2025_09_servicos.xlsx!A1256,2025-09,2025-10,m2,PINTURA / SOBRE MADEIRA,True,False,28.3,28.3,28.3,28.73,,,False,False,25f27b5ef0ad1c6c63d22be1ab543e5a65d73aa17c4d0463109a84f7209c8fa3,treino,False,False
der_es,sem_desoneracao,190306,"Pintura de esquadrias e elementos de madeira, aplicação manual, com três demãos de verniz fosco incolor, linha Tripla Proteção Premium, referência Suvinil, Coral, Metalatex ou equivalente",PINTURA / SOBRE MADEIRA,m2,75ddb2ec7ae72e4324d07b2dec5bd34818ba9b92e75a842cc02844736af4fe1e,25f27b5ef0ad1c6c63d22be1ab543e5a65d73aa17c4d0463109a84f7209c8fa3,TABELA REFERENCIAL OBRAS - DER-ES - 2025-10 - OUT/XLS/tab_DER-EDIFICAÇÕES_2025_10_servicos.xlsx!A1256,2025-10,2025-11,m2,PINTURA / SOBRE MADEIRA,True,False,28.73,28.3,28.3,28.73,,,False,False,d856141d8d195b8bf3114dd64686b80db08318d557f9eb5f279d84fffec1a86e,treino,False,False
der_es,sem_desoneracao,190306,"Pintura de esquadrias e elementos de madeira, aplicação manual, com três demãos de verniz fosco incolor, linha Tripla Proteção Premium, referência Suvinil, Coral, Metalatex ou equivalente",PINTURA / SOBRE MADEIRA,m2,75ddb2ec7ae72e4324d07b2dec5bd34818ba9b92e75a842cc02844736af4fe1e,d856141d8d195b8bf3114dd64686b80db08318d557f9eb5f279d84fffec1a86e,TABELA REFERENCIAL OBRAS - DER-ES - 2025-11 - NOV/XLS/tab_DER-EDIFICAÇÕES_2025_11_servicos.xlsx!A1256,2025-11,2025-12,m2,PINTURA / SOBRE MADEIRA,True,False,28.73,28.73,28.3,28.73,,,False,False,cf2ae6d6af6081526a2c2c6a6446342c23099ac3a9c81f310e3a5da2680fb053,treino,False,False
der_es,sem_desoneracao,190306,"Pintura de esquadrias e elementos de madeira, aplicação manual, com três demãos de verniz fosco incolor, linha Tripla Proteção Premium, referência Suvinil, Coral, Metalatex ou equivalente",PINTURA / SOBRE MADEIRA,m2,75ddb2ec7ae72e4324d07b2dec5bd34818ba9b92e75a842cc02844736af4fe1e,cf2ae6d6af6081526a2c2c6a6446342c23099ac3a9c81f310e3a5da2680fb053,TABELA REFERENCIAL OBRAS - DER-ES - 2025-12 - DEZ/XLS/tab_DER-EDIFICAÇÕES_2025_12_servicos.xlsx!A1255,2025-12,2026-01,m2,PINTURA / SOBRE MADEIRA,True,False,28.73,28.73,28.73,28.73,,,False,False,4feebcbe8c47058cf57314347405d833cdfb5d2340951f005ab53d27ae84fd84,validacao,False,False
der_es,sem_desoneracao,190306,"Pintura de esquadrias e elementos de madeira, aplicação manual, com três demãos de verniz fosco incolor, linha Tripla Proteção Premium, referência Suvinil, Coral, Metalatex ou equivalente",PINTURA / SOBRE MADEIRA,m2,75ddb2ec7ae72e4324d07b2dec5bd34818ba9b92e75a842cc02844736af4fe1e,4feebcbe8c47058cf57314347405d833cdfb5d2340951f005ab53d27ae84fd84,TABELA REFERENCIAL OBRAS - DER-ES - 2026-01 - JAN/XLS/tab_DER-EDIFICAÇÕES_2026_01_servicos.xlsx!A1255,2026-01,2026-02,m2,PINTURA / SOBRE MADEIRA,True,False,28.73,28.73,28.73,28.73,,,False,False,1a7537f06fa9b2a1aff5982ae95ae6bf2ec16498e28430445e55584fbcce9a3c,validacao,False,False
der_es,sem_desoneracao,190306,"Pintura de esquadrias e elementos de madeira, aplicação manual, com três demãos de verniz fosco incolor, linha Tripla Proteção Premium, referência Suvinil, Coral, Metalatex ou equivalente",PINTURA / SOBRE MADEIRA,m2,75ddb2ec7ae72e4324d07b2dec5bd34818ba9b92e75a842cc02844736af4fe1e,1a7537f06fa9b2a1aff5982ae95ae6bf2ec16498e28430445e55584fbcce9a3c,TABELA REFERENCIAL OBRAS - DER-ES - 2026-02 - FEV/XLS/tab_DER-EDIFICAÇÕES_2026_02_servicos.xlsx!A1253,2026-02,2026-03,m2,PINTURA / SOBRE MADEIRA,True,False,28.73,28.73,28.73,28.73,,,False,False,c9a408180051aaa4e38fe277afd37500d913d617b22cb55cd61158248094d761,teste,False,False
der_es,sem_desoneracao,190306,"Pintura de esquadrias e elementos de madeira, aplicação manual, com três demãos de verniz fosco incolor, linha Tripla Proteção Premium, referência Suvinil, Coral, Metalatex ou equivalente",PINTURA / SOBRE MADEIRA,m2,75ddb2ec7ae72e4324d07b2dec5bd34818ba9b92e75a842cc02844736af4fe1e,c9a408180051aaa4e38fe277afd37500d913d617b22cb55cd61158248094d761,TABELA REFERENCIAL OBRAS - DER-ES - 2026-03 - MAR/XLS/tab_DER-EDIFICAÇÕES_2026_03_servicos.xlsx!A1253,2026-03,2026-04,m2,PINTURA / SOBRE MADEIRA,True,False,28.73,28.73,28.73,29.43,,,False,False,b07a6f7cd81d76e43925b8f994875b35e8468c5a37790367db80f72665fc0b2b,teste,False,False
der_es,sem_desoneracao,190306,"Pintura de esquadrias e elementos de madeira, aplicação manual, com três demãos de verniz fosco incolor, linha Tripla Proteção Premium, referência Suvinil, Coral, Metalatex ou equivalente",PINTURA / SOBRE MADEIRA,m2,75ddb2ec7ae72e4324d07b2dec5bd34818ba9b92e75a842cc02844736af4fe1e,b07a6f7cd81d76e43925b8f994875b35e8468c5a37790367db80f72665fc0b2b,TABELA REFERENCIAL OBRAS - DER-ES - 2026-04 - ABR/XLS/tab_DER-EDIFICAÇÕES_2026_04_servicos.xlsx!A1253,2026-04,2026-05,m2,PINTURA / SOBRE MADEIRA,True,False,29.43,28.73,28.73,30.62,,,False,False,9d7efd575c10dc676bc49f5acb5630fa9b3cd2b98449be07612e1891e8d213f6,teste,False,False
der_es,sem_desoneracao,190307,"Pintura fundo nivelador alquídico branco, aplicada a rolo, pincel ou trincha, em madeira, a uma demão, referência Suvinil, Coral ou equivalente",PINTURA / SOBRE MADEIRA,m2,27a6657996a58bb6de97c8421cb74a7127ba70095aa084d5053de84d9c23bc09,2dd7e7c15552e8663b500f12008e09dc39c3816602e826e994d7dc8922d7ac8f,TABELA REFERENCIAL OBRAS - DER-ES - 2025-03 - MAR/XLS/tab_DER-EDIFICAÇσES_2025_03_servicos.xlsx!A1257,2025-03,2025-04,m2,PINTURA / SOBRE MADEIRA,True,False,26.15,26.15,26.15,24.9,,,False,False,d2087ecf8affe6feb21bd38f6045155bdc7d4b18356273e8e54c68d96e73dbd4,treino,False,False
der_es,sem_desoneracao,190307,"Pintura fundo nivelador alquídico branco, aplicada a rolo, pincel ou trincha, em madeira, a uma demão, referência Suvinil, Coral ou equivalente",PINTURA / SOBRE MADEIRA,m2,27a6657996a58bb6de97c8421cb74a7127ba70095aa084d5053de84d9c23bc09,d2087ecf8affe6feb21bd38f6045155bdc7d4b18356273e8e54c68d96e73dbd4,TABELA REFERENCIAL OBRAS - DER-ES - 2025-04 - ABR/XLS/tab_DER-EDIFICAÇσES_2025_04_servicos.xlsx!A1258,2025-04,2025-05,m2,PINTURA / SOBRE MADEIRA,True,False,24.9,26.15,26.15,25.44,,,False,False,2bf6c2c7e6a976b4518fe548f59e259ac8091a61f440b44f17701ff9a0f00926,treino,False,False
der_es,sem_desoneracao,190307,"Pintura fundo nivelador alquídico branco, aplicada a rolo, pincel ou trincha, em madeira, a uma demão, referência Suvinil, Coral ou equivalente",PINTURA / SOBRE MADEIRA,m2,27a6657996a58bb6de97c8421cb74a7127ba70095aa084d5053de84d9c23bc09,2bf6c2c7e6a976b4518fe548f59e259ac8091a61f440b44f17701ff9a0f00926,TABELA REFERENCIAL OBRAS - DER-ES - 2025-05 - MAI/XLS/tab_DER-EDIFICAÇσES_2025_05_servicos.xlsx!A1259,2025-05,2025-06,m2,PINTURA / SOBRE MADEIRA,True,False,25.44,24.9,26.15,25.44,,,False,False,22734abdbfefadc850a2608b6f454b5f7c18b5e3c19f87c396d85d1e76c75234,treino,False,False
der_es,sem_desoneracao,190307,"Pintura fundo nivelador alquídico branco, aplicada a rolo, pincel ou trincha, em madeira, a uma demão, referência Suvinil, Coral ou equivalente",PINTURA / SOBRE MADEIRA,m2,27a6657996a58bb6de97c8421cb74a7127ba70095aa084d5053de84d9c23bc09,22734abdbfefadc850a2608b6f454b5f7c18b5e3c19f87c396d85d1e76c75234,TABELA REFERENCIAL OBRAS - DER-ES - 2025-06 - JUN/XLS/tab_DER-EDIFICAÇÕES_2025_06_servicos.xlsx!A1257,2025-06,2025-07,m2,PINTURA / SOBRE MADEIRA,True,False,25.44,25.44,24.9,25.44,,,False,False,9f2d3bc52e35d3a9c0317f2bbd34359ce4b9eb726cfdad03719dc91ab8a6eb52,treino,False,False
der_es,sem_desoneracao,190307,"Pintura fundo nivelador alquídico branco, aplicada a rolo, pincel ou trincha, em madeira, a uma demão, referência Suvinil, Coral ou equivalente",PINTURA / SOBRE MADEIRA,m2,27a6657996a58bb6de97c8421cb74a7127ba70095aa084d5053de84d9c23bc09,9f2d3bc52e35d3a9c0317f2bbd34359ce4b9eb726cfdad03719dc91ab8a6eb52,TABELA REFERENCIAL OBRAS - DER-ES - 2025-07 - JUL/TABELA REFERENCIAL OBRAS - DER-ES - 2025-07 - JUL/XLS/tab_DER-EDIFICAÇÕES_2025_07_servicos.xlsx!A1257,2025-07,2025-08,m2,PINTURA / SOBRE MADEIRA,True,False,25.44,25.44,25.44,25.44,,,False,False,f4e1c72d0bc82c19d0327a48458bea46cf1a06c556062fe2206e7955be9a14b1,treino,False,False
der_es,sem_desoneracao,190307,"Pintura fundo nivelador alquídico branco, aplicada a rolo, pincel ou trincha, em madeira, a uma demão, referência Suvinil, Coral ou equivalente",PINTURA / SOBRE MADEIRA,m2,27a6657996a58bb6de97c8421cb74a7127ba70095aa084d5053de84d9c23bc09,f4e1c72d0bc82c19d0327a48458bea46cf1a06c556062fe2206e7955be9a14b1,TABELA REFERENCIAL OBRAS - DER-ES - 2025-08 - AGO/XLS/tab_DER-EDIFICAÇÕES_2025_08_servicos.xlsx!A1257,2025-08,2025-09,m2,PINTURA / SOBRE MADEIRA,True,False,25.44,25.44,25.44,25.44,,,False,False,7b1be34ee7d5dd82bcaeb75a32037ae0f2eea1e439205f05e57077b8a3567875,treino,False,False
der_es,sem_desoneracao,190307,"Pintura fundo nivelador alquídico branco, aplicada a rolo, pincel ou trincha, em madeira, a uma demão, referência Suvinil, Coral ou equivalente",PINTURA / SOBRE MADEIRA,m2,27a6657996a58bb6de97c8421cb74a7127ba70095aa084d5053de84d9c23bc09,7b1be34ee7d5dd82bcaeb75a32037ae0f2eea1e439205f05e57077b8a3567875,TABELA REFERENCIAL OBRAS - DER-ES - 2025-09 - SET/XLS/tab_DER-EDIFICAÇÕES_2025_09_servicos.xlsx!A1257,2025-09,2025-10,m2,PINTURA / SOBRE MADEIRA,True,False,25.44,25.44,25.44,24.83,,,False,False,25f27b5ef0ad1c6c63d22be1ab543e5a65d73aa17c4d0463109a84f7209c8fa3,treino,False,False
der_es,sem_desoneracao,190307,"Pintura fundo nivelador alquídico branco, aplicada a rolo, pincel ou trincha, em madeira, a uma demão, referência Suvinil, Coral ou equivalente",PINTURA / SOBRE MADEIRA,m2,27a6657996a58bb6de97c8421cb74a7127ba70095aa084d5053de84d9c23bc09,25f27b5ef0ad1c6c63d22be1ab543e5a65d73aa17c4d0463109a84f7209c8fa3,TABELA REFERENCIAL OBRAS - DER-ES - 2025-10 - OUT/XLS/tab_DER-EDIFICAÇÕES_2025_10_servicos.xlsx!A1257,2025-10,2025-11,m2,PINTURA / SOBRE MADEIRA,True,False,24.83,25.44,25.44,24.83,,,False,False,d856141d8d195b8bf3114dd64686b80db08318d557f9eb5f279d84fffec1a86e,treino,False,False
der_es,sem_desoneracao,190307,"Pintura fundo nivelador alquídico branco, aplicada a rolo, pincel ou trincha, em madeira, a uma demão, referência Suvinil, Coral ou equivalente",PINTURA / SOBRE MADEIRA,m2,27a6657996a58bb6de97c8421cb74a7127ba70095aa084d5053de84d9c23bc09,d856141d8d195b8bf3114dd64686b80db08318d557f9eb5f279d84fffec1a86e,TABELA REFERENCIAL OBRAS - DER-ES - 2025-11 - NOV/XLS/tab_DER-EDIFICAÇÕES_2025_11_servicos.xlsx!A1257,2025-11,2025-12,m2,PINTURA / SOBRE MADEIRA,True,False,24.83,24.83,25.44,24.83,,,False,False,cf2ae6d6af6081526a2c2c6a6446342c23099ac3a9c81f310e3a5da2680fb053,treino,False,False
der_es,sem_desoneracao,190307,"Pintura fundo nivelador alquídico branco, aplicada a rolo, pincel ou trincha, em madeira, a uma demão, referência Suvinil, Coral ou equivalente",PINTURA / SOBRE MADEIRA,m2,27a6657996a58bb6de97c8421cb74a7127ba70095aa084d5053de84d9c23bc09,cf2ae6d6af6081526a2c2c6a6446342c23099ac3a9c81f310e3a5da2680fb053,TABELA REFERENCIAL OBRAS - DER-ES - 2025-12 - DEZ/XLS/tab_DER-EDIFICAÇÕES_2025_12_servicos.xlsx!A1256,2025-12,2026-01,m2,PINTURA / SOBRE MADEIRA,True,False,24.83,24.83,24.83,24.83,,,False,False,4feebcbe8c47058cf57314347405d833cdfb5d2340951f005ab53d27ae84fd84,validacao,False,False
der_es,sem_desoneracao,190307,"Pintura fundo nivelador alquídico branco, aplicada a rolo, pincel ou trincha, em madeira, a uma demão, referência Suvinil, Coral ou equivalente",PINTURA / SOBRE MADEIRA,m2,27a6657996a58bb6de97c8421cb74a7127ba70095aa084d5053de84d9c23bc09,4feebcbe8c47058cf57314347405d833cdfb5d2340951f005ab53d27ae84fd84,TABELA REFERENCIAL OBRAS - DER-ES - 2026-01 - JAN/XLS/tab_DER-EDIFICAÇÕES_2026_01_servicos.xlsx!A1256,2026-01,2026-02,m2,PINTURA / SOBRE MADEIRA,True,False,24.83,24.83,24.83,24.83,,,False,False,1a7537f06fa9b2a1aff5982ae95ae6bf2ec16498e28430445e55584fbcce9a3c,validacao,False,False
der_es,sem_desoneracao,190307,"Pintura fundo nivelador alquídico branco, aplicada a rolo, pincel ou trincha, em madeira, a uma demão, referência Suvinil, Coral ou equivalente",PINTURA / SOBRE MADEIRA,m2,27a6657996a58bb6de97c8421cb74a7127ba70095aa084d5053de84d9c23bc09,1a7537f06fa9b2a1aff5982ae95ae6bf2ec16498e28430445e55584fbcce9a3c,TABELA REFERENCIAL OBRAS - DER-ES - 2026-02 - FEV/XLS/tab_DER-EDIFICAÇÕES_2026_02_servicos.xlsx!A1254,2026-02,2026-03,m2,PINTURA / SOBRE MADEIRA,True,False,24.83,24.83,24.83,24.83,,,False,False,c9a408180051aaa4e38fe277afd37500d913d617b22cb55cd61158248094d761,teste,False,False
der_es,sem_desoneracao,190307,"Pintura fundo nivelador alquídico branco, aplicada a rolo, pincel ou trincha, em madeira, a uma demão, referência Suvinil, Coral ou equivalente",PINTURA / SOBRE MADEIRA,m2,27a6657996a58bb6de97c8421cb74a7127ba70095aa084d5053de84d9c23bc09,c9a408180051aaa4e38fe277afd37500d913d617b22cb55cd61158248094d761,TABELA REFERENCIAL OBRAS - DER-ES - 2026-03 - MAR/XLS/tab_DER-EDIFICAÇÕES_2026_03_servicos.xlsx!A1254,2026-03,2026-04,m2,PINTURA / SOBRE MADEIRA,True,False,24.83,24.83,24.83,25.9,,,False,False,b07a6f7cd81d76e43925b8f994875b35e8468c5a37790367db80f72665fc0b2b,teste,False,False
der_es,sem_desoneracao,190307,"Pintura fundo nivelador alquídico branco, aplicada a rolo, pincel ou trincha, em madeira, a uma demão, referência Suvinil, Coral ou equivalente",PINTURA / SOBRE MADEIRA,m2,27a6657996a58bb6de97c8421cb74a7127ba70095aa084d5053de84d9c23bc09,b07a6f7cd81d76e43925b8f994875b35e8468c5a37790367db80f72665fc0b2b,TABELA REFERENCIAL OBRAS - DER-ES - 2026-04 - ABR/XLS/tab_DER-EDIFICAÇÕES_2026_04_servicos.xlsx!A1254,2026-04,2026-05,m2,PINTURA / SOBRE MADEIRA,True,False,25.9,24.83,24.83,26.41,,,False,False,9d7efd575c10dc676bc49f5acb5630fa9b3cd2b98449be07612e1891e8d213f6,teste,False,False
der_es,sem_desoneracao,190417,"Pintura sobre metal, aplicação manual, com duas demãos de tinta esmalte sintético, referência Suvinil, Coral ou Metalatex, inclusive uma demão de fundo anticorrosivo",PINTURA / SOBRE METAL,m2,ce39150a3cc0ebd951e19e8abc4e7de725cb32b7b7ea62ff78a80f9d226b43da,2dd7e7c15552e8663b500f12008e09dc39c3816602e826e994d7dc8922d7ac8f,TABELA REFERENCIAL OBRAS - DER-ES - 2025-03 - MAR/XLS/tab_DER-EDIFICAÇσES_2025_03_servicos.xlsx!A1259,2025-03,2025-04,m2,PINTURA / SOBRE METAL,True,False,48.2,48.2,48.2,47.76,,,False,False,d2087ecf8affe6feb21bd38f6045155bdc7d4b18356273e8e54c68d96e73dbd4,treino,False,False
der_es,sem_desoneracao,190417,"Pintura sobre metal, aplicação manual, com duas demãos de tinta esmalte sintético, referência Suvinil, Coral ou Metalatex, inclusive uma demão de fundo anticorrosivo",PINTURA / SOBRE METAL,m2,ce39150a3cc0ebd951e19e8abc4e7de725cb32b7b7ea62ff78a80f9d226b43da,d2087ecf8affe6feb21bd38f6045155bdc7d4b18356273e8e54c68d96e73dbd4,TABELA REFERENCIAL OBRAS - DER-ES - 2025-04 - ABR/XLS/tab_DER-EDIFICAÇσES_2025_04_servicos.xlsx!A1260,2025-04,2025-05,m2,PINTURA / SOBRE METAL,True,False,47.76,48.2,48.2,50.58,,,False,False,2bf6c2c7e6a976b4518fe548f59e259ac8091a61f440b44f17701ff9a0f00926,treino,False,False
der_es,sem_desoneracao,190417,"Pintura sobre metal, aplicação manual, com duas demãos de tinta esmalte sintético, referência Suvinil, Coral ou Metalatex, inclusive uma demão de fundo anticorrosivo",PINTURA / SOBRE METAL,m2,ce39150a3cc0ebd951e19e8abc4e7de725cb32b7b7ea62ff78a80f9d226b43da,2bf6c2c7e6a976b4518fe548f59e259ac8091a61f440b44f17701ff9a0f00926,TABELA REFERENCIAL OBRAS - DER-ES - 2025-05 - MAI/XLS/tab_DER-EDIFICAÇσES_2025_05_servicos.xlsx!A1261,2025-05,2025-06,m2,PINTURA / SOBRE METAL,True,False,50.58,47.76,48.2,50.58,,,False,False,22734abdbfefadc850a2608b6f454b5f7c18b5e3c19f87c396d85d1e76c75234,treino,False,False
der_es,sem_desoneracao,190417,"Pintura sobre metal, aplicação manual, com duas demãos de tinta esmalte sintético, referência Suvinil, Coral ou Metalatex, inclusive uma demão de fundo anticorrosivo",PINTURA / SOBRE METAL,m2,ce39150a3cc0ebd951e19e8abc4e7de725cb32b7b7ea62ff78a80f9d226b43da,22734abdbfefadc850a2608b6f454b5f7c18b5e3c19f87c396d85d1e76c75234,TABELA REFERENCIAL OBRAS - DER-ES - 2025-06 - JUN/XLS/tab_DER-EDIFICAÇÕES_2025_06_servicos.xlsx!A1259,2025-06,2025-07,m2,PINTURA / SOBRE METAL,True,False,50.58,50.58,47.76,50.58,,,False,False,9f2d3bc52e35d3a9c0317f2bbd34359ce4b9eb726cfdad03719dc91ab8a6eb52,treino,False,False
der_es,sem_desoneracao,190417,"Pintura sobre metal, aplicação manual, com duas demãos de tinta esmalte sintético, referência Suvinil, Coral ou Metalatex, inclusive uma demão de fundo anticorrosivo",PINTURA / SOBRE METAL,m2,ce39150a3cc0ebd951e19e8abc4e7de725cb32b7b7ea62ff78a80f9d226b43da,9f2d3bc52e35d3a9c0317f2bbd34359ce4b9eb726cfdad03719dc91ab8a6eb52,TABELA REFERENCIAL OBRAS - DER-ES - 2025-07 - JUL/TABELA REFERENCIAL OBRAS - DER-ES - 2025-07 - JUL/XLS/tab_DER-EDIFICAÇÕES_2025_07_servicos.xlsx!A1259,2025-07,2025-08,m2,PINTURA / SOBRE METAL,True,False,50.58,50.58,50.58,50.58,,,False,False,f4e1c72d0bc82c19d0327a48458bea46cf1a06c556062fe2206e7955be9a14b1,treino,False,False
der_es,sem_desoneracao,190417,"Pintura sobre metal, aplicação manual, com duas demãos de tinta esmalte sintético, referência Suvinil, Coral ou Metalatex, inclusive uma demão de fundo anticorrosivo",PINTURA / SOBRE METAL,m2,ce39150a3cc0ebd951e19e8abc4e7de725cb32b7b7ea62ff78a80f9d226b43da,f4e1c72d0bc82c19d0327a48458bea46cf1a06c556062fe2206e7955be9a14b1,TABELA REFERENCIAL OBRAS - DER-ES - 2025-08 - AGO/XLS/tab_DER-EDIFICAÇÕES_2025_08_servicos.xlsx!A1259,2025-08,2025-09,m2,PINTURA / SOBRE METAL,True,False,50.58,50.58,50.58,50.58,,,False,False,7b1be34ee7d5dd82bcaeb75a32037ae0f2eea1e439205f05e57077b8a3567875,treino,False,False
der_es,sem_desoneracao,190417,"Pintura sobre metal, aplicação manual, com duas demãos de tinta esmalte sintético, referência Suvinil, Coral ou Metalatex, inclusive uma demão de fundo anticorrosivo",PINTURA / SOBRE METAL,m2,ce39150a3cc0ebd951e19e8abc4e7de725cb32b7b7ea62ff78a80f9d226b43da,7b1be34ee7d5dd82bcaeb75a32037ae0f2eea1e439205f05e57077b8a3567875,TABELA REFERENCIAL OBRAS - DER-ES - 2025-09 - SET/XLS/tab_DER-EDIFICAÇÕES_2025_09_servicos.xlsx!A1259,2025-09,2025-10,m2,PINTURA / SOBRE METAL,True,False,50.58,50.58,50.58,53.06,,,False,False,25f27b5ef0ad1c6c63d22be1ab543e5a65d73aa17c4d0463109a84f7209c8fa3,treino,False,False
der_es,sem_desoneracao,190417,"Pintura sobre metal, aplicação manual, com duas demãos de tinta esmalte sintético, referência Suvinil, Coral ou Metalatex, inclusive uma demão de fundo anticorrosivo",PINTURA / SOBRE METAL,m2,ce39150a3cc0ebd951e19e8abc4e7de725cb32b7b7ea62ff78a80f9d226b43da,25f27b5ef0ad1c6c63d22be1ab543e5a65d73aa17c4d0463109a84f7209c8fa3,TABELA REFERENCIAL OBRAS - DER-ES - 2025-10 - OUT/XLS/tab_DER-EDIFICAÇÕES_2025_10_servicos.xlsx!A1259,2025-10,2025-11,m2,PINTURA / SOBRE METAL,True,False,53.06,50.58,50.58,53.06,,,False,False,d856141d8d195b8bf3114dd64686b80db08318d557f9eb5f279d84fffec1a86e,treino,False,False
der_es,sem_desoneracao,190417,"Pintura sobre metal, aplicação manual, com duas demãos de tinta esmalte sintético, referência Suvinil, Coral ou Metalatex, inclusive uma demão de fundo anticorrosivo",PINTURA / SOBRE METAL,m2,ce39150a3cc0ebd951e19e8abc4e7de725cb32b7b7ea62ff78a80f9d226b43da,d856141d8d195b8bf3114dd64686b80db08318d557f9eb5f279d84fffec1a86e,TABELA REFERENCIAL OBRAS - DER-ES - 2025-11 - NOV/XLS/tab_DER-EDIFICAÇÕES_2025_11_servicos.xlsx!A1259,2025-11,2025-12,m2,PINTURA / SOBRE METAL,True,False,53.06,53.06,50.58,53.06,,,False,False,cf2ae6d6af6081526a2c2c6a6446342c23099ac3a9c81f310e3a5da2680fb053,treino,False,False
der_es,sem_desoneracao,190417,"Pintura sobre metal, aplicação manual, com duas demãos de tinta esmalte sintético, referência Suvinil, Coral ou Metalatex, inclusive uma demão de fundo anticorrosivo",PINTURA / SOBRE METAL,m2,ce39150a3cc0ebd951e19e8abc4e7de725cb32b7b7ea62ff78a80f9d226b43da,cf2ae6d6af6081526a2c2c6a6446342c23099ac3a9c81f310e3a5da2680fb053,TABELA REFERENCIAL OBRAS - DER-ES - 2025-12 - DEZ/XLS/tab_DER-EDIFICAÇÕES_2025_12_servicos.xlsx!A1258,2025-12,2026-01,m2,PINTURA / SOBRE METAL,True,False,53.06,53.06,53.06,53.06,,,False,False,4feebcbe8c47058cf57314347405d833cdfb5d2340951f005ab53d27ae84fd84,validacao,False,False
der_es,sem_desoneracao,190417,"Pintura sobre metal, aplicação manual, com duas demãos de tinta esmalte sintético, referência Suvinil, Coral ou Metalatex, inclusive uma demão de fundo anticorrosivo",PINTURA / SOBRE METAL,m2,ce39150a3cc0ebd951e19e8abc4e7de725cb32b7b7ea62ff78a80f9d226b43da,4feebcbe8c47058cf57314347405d833cdfb5d2340951f005ab53d27ae84fd84,TABELA REFERENCIAL OBRAS - DER-ES - 2026-01 - JAN/XLS/tab_DER-EDIFICAÇÕES_2026_01_servicos.xlsx!A1258,2026-01,2026-02,m2,PINTURA / SOBRE METAL,True,False,53.06,53.06,53.06,53.06,,,False,False,1a7537f06fa9b2a1aff5982ae95ae6bf2ec16498e28430445e55584fbcce9a3c,validacao,False,False
der_es,sem_desoneracao,190417,"Pintura sobre metal, aplicação manual, com duas demãos de tinta esmalte sintético, referência Suvinil, Coral ou Metalatex, inclusive uma demão de fundo anticorrosivo",PINTURA / SOBRE METAL,m2,ce39150a3cc0ebd951e19e8abc4e7de725cb32b7b7ea62ff78a80f9d226b43da,1a7537f06fa9b2a1aff5982ae95ae6bf2ec16498e28430445e55584fbcce9a3c,TABELA REFERENCIAL OBRAS - DER-ES - 2026-02 - FEV/XLS/tab_DER-EDIFICAÇÕES_2026_02_servicos.xlsx!A1256,2026-02,2026-03,m2,PINTURA / SOBRE METAL,True,False,53.06,53.06,53.06,53.06,,,False,False,c9a408180051aaa4e38fe277afd37500d913d617b22cb55cd61158248094d761,teste,False,False
der_es,sem_desoneracao,190417,"Pintura sobre metal, aplicação manual, com duas demãos de tinta esmalte sintético, referência Suvinil, Coral ou Metalatex, inclusive uma demão de fundo anticorrosivo",PINTURA / SOBRE METAL,m2,ce39150a3cc0ebd951e19e8abc4e7de725cb32b7b7ea62ff78a80f9d226b43da,c9a408180051aaa4e38fe277afd37500d913d617b22cb55cd61158248094d761,TABELA REFERENCIAL OBRAS - DER-ES - 2026-03 - MAR/XLS/tab_DER-EDIFICAÇÕES_2026_03_servicos.xlsx!A1256,2026-03,2026-04,m2,PINTURA / SOBRE METAL,True,False,53.06,53.06,53.06,51.76,,,False,False,b07a6f7cd81d76e43925b8f994875b35e8468c5a37790367db80f72665fc0b2b,teste,False,False
der_es,sem_desoneracao,190417,"Pintura sobre metal, aplicação manual, com duas demãos de tinta esmalte sintético, referência Suvinil, Coral ou Metalatex, inclusive uma demão de fundo anticorrosivo",PINTURA / SOBRE METAL,m2,ce39150a3cc0ebd951e19e8abc4e7de725cb32b7b7ea62ff78a80f9d226b43da,b07a6f7cd81d76e43925b8f994875b35e8468c5a37790367db80f72665fc0b2b,TABELA REFERENCIAL OBRAS - DER-ES - 2026-04 - ABR/XLS/tab_DER-EDIFICAÇÕES_2026_04_servicos.xlsx!A1256,2026-04,2026-05,m2,PINTURA / SOBRE METAL,True,False,51.76,53.06,53.06,54.46,,,False,False,9d7efd575c10dc676bc49f5acb5630fa9b3cd2b98449be07612e1891e8d213f6,teste,False,False
der_es,sem_desoneracao,190418,Pintura de superfície metálica com uma demão de primer Epoxi e duas demãos de tinta à base de Epoxi,PINTURA / SOBRE METAL,m2,1c2b2d94b493874c232b700e847854bc2fb67d0a26bd1265471582575168cc77,2dd7e7c15552e8663b500f12008e09dc39c3816602e826e994d7dc8922d7ac8f,TABELA REFERENCIAL OBRAS - DER-ES - 2025-03 - MAR/XLS/tab_DER-EDIFICAÇσES_2025_03_servicos.xlsx!A1260,2025-03,2025-04,m2,PINTURA / SOBRE METAL,True,False,49.3,49.3,49.3,42.73,,,False,False,d2087ecf8affe6feb21bd38f6045155bdc7d4b18356273e8e54c68d96e73dbd4,treino,False,False
der_es,sem_desoneracao,190418,Pintura de superfície metálica com uma demão de primer Epoxi e duas demãos de tinta à base de Epoxi,PINTURA / SOBRE METAL,m2,1c2b2d94b493874c232b700e847854bc2fb67d0a26bd1265471582575168cc77,d2087ecf8affe6feb21bd38f6045155bdc7d4b18356273e8e54c68d96e73dbd4,TABELA REFERENCIAL OBRAS - DER-ES - 2025-04 - ABR/XLS/tab_DER-EDIFICAÇσES_2025_04_servicos.xlsx!A1261,2025-04,2025-05,m2,PINTURA / SOBRE METAL,True,False,42.73,49.3,49.3,43.82,,,False,False,2bf6c2c7e6a976b4518fe548f59e259ac8091a61f440b44f17701ff9a0f00926,treino,False,False
der_es,sem_desoneracao,190418,Pintura de superfície metálica com uma demão de primer Epoxi e duas demãos de tinta à base de Epoxi,PINTURA / SOBRE METAL,m2,1c2b2d94b493874c232b700e847854bc2fb67d0a26bd1265471582575168cc77,2bf6c2c7e6a976b4518fe548f59e259ac8091a61f440b44f17701ff9a0f00926,TABELA REFERENCIAL OBRAS - DER-ES - 2025-05 - MAI/XLS/tab_DER-EDIFICAÇσES_2025_05_servicos.xlsx!A1262,2025-05,2025-06,m2,PINTURA / SOBRE METAL,True,False,43.82,42.73,49.3,43.82,,,False,False,22734abdbfefadc850a2608b6f454b5f7c18b5e3c19f87c396d85d1e76c75234,treino,False,False
der_es,sem_desoneracao,190418,Pintura de superfície metálica com uma demão de primer Epoxi e duas demãos de tinta à base de Epoxi,PINTURA / SOBRE METAL,m2,1c2b2d94b493874c232b700e847854bc2fb67d0a26bd1265471582575168cc77,22734abdbfefadc850a2608b6f454b5f7c18b5e3c19f87c396d85d1e76c75234,TABELA REFERENCIAL OBRAS - DER-ES - 2025-06 - JUN/XLS/tab_DER-EDIFICAÇÕES_2025_06_servicos.xlsx!A1260,2025-06,2025-07,m2,PINTURA / SOBRE METAL,True,False,43.82,43.82,42.73,43.82,,,False,False,9f2d3bc52e35d3a9c0317f2bbd34359ce4b9eb726cfdad03719dc91ab8a6eb52,treino,False,False
der_es,sem_desoneracao,190418,Pintura de superfície metálica com uma demão de primer Epoxi e duas demãos de tinta à base de Epoxi,PINTURA / SOBRE METAL,m2,1c2b2d94b493874c232b700e847854bc2fb67d0a26bd1265471582575168cc77,9f2d3bc52e35d3a9c0317f2bbd34359ce4b9eb726cfdad03719dc91ab8a6eb52,TABELA REFERENCIAL OBRAS - DER-ES - 2025-07 - JUL/TABELA REFERENCIAL OBRAS - DER-ES - 2025-07 - JUL/XLS/tab_DER-EDIFICAÇÕES_2025_07_servicos.xlsx!A1260,2025-07,2025-08,m2,PINTURA / SOBRE METAL,True,False,43.82,43.82,43.82,43.82,,,False,False,f4e1c72d0bc82c19d0327a48458bea46cf1a06c556062fe2206e7955be9a14b1,treino,False,False
der_es,sem_desoneracao,190418,Pintura de superfície metálica com uma demão de primer Epoxi e duas demãos de tinta à base de Epoxi,PINTURA / SOBRE METAL,m2,1c2b2d94b493874c232b700e847854bc2fb67d0a26bd1265471582575168cc77,f4e1c72d0bc82c19d0327a48458bea46cf1a06c556062fe2206e7955be9a14b1,TABELA REFERENCIAL OBRAS - DER-ES - 2025-08 - AGO/XLS/tab_DER-EDIFICAÇÕES_2025_08_servicos.xlsx!A1260,2025-08,2025-09,m2,PINTURA / SOBRE METAL,True,False,43.82,43.82,43.82,43.82,,,False,False,7b1be34ee7d5dd82bcaeb75a32037ae0f2eea1e439205f05e57077b8a3567875,treino,False,False
der_es,sem_desoneracao,190418,Pintura de superfície metálica com uma demão de primer Epoxi e duas demãos de tinta à base de Epoxi,PINTURA / SOBRE METAL,m2,1c2b2d94b493874c232b700e847854bc2fb67d0a26bd1265471582575168cc77,7b1be34ee7d5dd82bcaeb75a32037ae0f2eea1e439205f05e57077b8a3567875,TABELA REFERENCIAL OBRAS - DER-ES - 2025-09 - SET/XLS/tab_DER-EDIFICAÇÕES_2025_09_servicos.xlsx!A1260,2025-09,2025-10,m2,PINTURA / SOBRE METAL,True,False,43.82,43.82,43.82,42.17,,,False,False,25f27b5ef0ad1c6c63d22be1ab543e5a65d73aa17c4d0463109a84f7209c8fa3,treino,False,False
der_es,sem_desoneracao,190418,Pintura de superfície metálica com uma demão de primer Epoxi e duas demãos de tinta à base de Epoxi,PINTURA / SOBRE METAL,m2,1c2b2d94b493874c232b700e847854bc2fb67d0a26bd1265471582575168cc77,25f27b5ef0ad1c6c63d22be1ab543e5a65d73aa17c4d0463109a84f7209c8fa3,TABELA REFERENCIAL OBRAS - DER-ES - 2025-10 - OUT/XLS/tab_DER-EDIFICAÇÕES_2025_10_servicos.xlsx!A1260,2025-10,2025-11,m2,PINTURA / SOBRE METAL,True,False,42.17,43.82,43.82,42.17,,,False,False,d856141d8d195b8bf3114dd64686b80db08318d557f9eb5f279d84fffec1a86e,treino,False,False
der_es,sem_desoneracao,190418,Pintura de superfície metálica com uma demão de primer Epoxi e duas demãos de tinta à base de Epoxi,PINTURA / SOBRE METAL,m2,1c2b2d94b493874c232b700e847854bc2fb67d0a26bd1265471582575168cc77,d856141d8d195b8bf3114dd64686b80db08318d557f9eb5f279d84fffec1a86e,TABELA REFERENCIAL OBRAS - DER-ES - 2025-11 - NOV/XLS/tab_DER-EDIFICAÇÕES_2025_11_servicos.xlsx!A1260,2025-11,2025-12,m2,PINTURA / SOBRE METAL,True,False,42.17,42.17,43.82,42.17,,,False,False,cf2ae6d6af6081526a2c2c6a6446342c23099ac3a9c81f310e3a5da2680fb053,treino,False,False
der_es,sem_desoneracao,190418,Pintura de superfície metálica com uma demão de primer Epoxi e duas demãos de tinta à base de Epoxi,PINTURA / SOBRE METAL,m2,1c2b2d94b493874c232b700e847854bc2fb67d0a26bd1265471582575168cc77,cf2ae6d6af6081526a2c2c6a6446342c23099ac3a9c81f310e3a5da2680fb053,TABELA REFERENCIAL OBRAS - DER-ES - 2025-12 - DEZ/XLS/tab_DER-EDIFICAÇÕES_2025_12_servicos.xlsx!A1259,2025-12,2026-01,m2,PINTURA / SOBRE METAL,True,False,42.17,42.17,42.17,42.17,,,False,False,4feebcbe8c47058cf57314347405d833cdfb5d2340951f005ab53d27ae84fd84,validacao,False,False
der_es,sem_desoneracao,190418,Pintura de superfície metálica com uma demão de primer Epoxi e duas demãos de tinta à base de Epoxi,PINTURA / SOBRE METAL,m2,1c2b2d94b493874c232b700e847854bc2fb67d0a26bd1265471582575168cc77,4feebcbe8c47058cf57314347405d833cdfb5d2340951f005ab53d27ae84fd84,TABELA REFERENCIAL OBRAS - DER-ES - 2026-01 - JAN/XLS/tab_DER-EDIFICAÇÕES_2026_01_servicos.xlsx!A1259,2026-01,2026-02,m2,PINTURA / SOBRE METAL,True,False,42.17,42.17,42.17,42.17,,,False,False,1a7537f06fa9b2a1aff5982ae95ae6bf2ec16498e28430445e55584fbcce9a3c,validacao,False,False
der_es,sem_desoneracao,190418,Pintura de superfície metálica com uma demão de primer Epoxi e duas demãos de tinta à base de Epoxi,PINTURA / SOBRE METAL,m2,1c2b2d94b493874c232b700e847854bc2fb67d0a26bd1265471582575168cc77,1a7537f06fa9b2a1aff5982ae95ae6bf2ec16498e28430445e55584fbcce9a3c,TABELA REFERENCIAL OBRAS - DER-ES - 2026-02 - FEV/XLS/tab_DER-EDIFICAÇÕES_2026_02_servicos.xlsx!A1257,2026-02,2026-03,m2,PINTURA / SOBRE METAL,True,False,42.17,42.17,42.17,42.17,,,False,False,c9a408180051aaa4e38fe277afd37500d913d617b22cb55cd61158248094d761,teste,False,False
der_es,sem_desoneracao,190418,Pintura de superfície metálica com uma demão de primer Epoxi e duas demãos de tinta à base de Epoxi,PINTURA / SOBRE METAL,m2,1c2b2d94b493874c232b700e847854bc2fb67d0a26bd1265471582575168cc77,c9a408180051aaa4e38fe277afd37500d913d617b22cb55cd61158248094d761,TABELA REFERENCIAL OBRAS - DER-ES - 2026-03 - MAR/XLS/tab_DER-EDIFICAÇÕES_2026_03_servicos.xlsx!A1257,2026-03,2026-04,m2,PINTURA / SOBRE METAL,True,False,42.17,42.17,42.17,42.29,,,False,False,b07a6f7cd81d76e43925b8f994875b35e8468c5a37790367db80f72665fc0b2b,teste,False,False
der_es,sem_desoneracao,190418,Pintura de superfície metálica com uma demão de primer Epoxi e duas demãos de tinta à base de Epoxi,PINTURA / SOBRE METAL,m2,1c2b2d94b493874c232b700e847854bc2fb67d0a26bd1265471582575168cc77,b07a6f7cd81d76e43925b8f994875b35e8468c5a37790367db80f72665fc0b2b,TABELA REFERENCIAL OBRAS - DER-ES - 2026-04 - ABR/XLS/tab_DER-EDIFICAÇÕES_2026_04_servicos.xlsx!A1257,2026-04,2026-05,m2,PINTURA / SOBRE METAL,True,False,42.29,42.17,42.17,43.33,,,False,False,9d7efd575c10dc676bc49f5acb5630fa9b3cd2b98449be07612e1891e8d213f6,teste,False,False
der_es,sem_desoneracao,190602,"Pintura sobre piso, aplicação manual, com duas demãos de tinta à base de resinas acrílicas, marcas de referência Suvinil, Coral, Sherwin Williams NovaCor, Metalatex ou equivalente",PINTURA / SOBRE PISOS,m2,cba56a933837558390dc40ef6fd14ba3558ee3406604cf0c33df28745fa16a34,2dd7e7c15552e8663b500f12008e09dc39c3816602e826e994d7dc8922d7ac8f,TABELA REFERENCIAL OBRAS - DER-ES - 2025-03 - MAR/XLS/tab_DER-EDIFICAÇσES_2025_03_servicos.xlsx!A1265,2025-03,2025-04,m2,PINTURA / SOBRE PISOS,True,False,20.01,20.01,20.01,18.51,,,False,False,d2087ecf8affe6feb21bd38f6045155bdc7d4b18356273e8e54c68d96e73dbd4,treino,False,False
der_es,sem_desoneracao,190602,"Pintura sobre piso, aplicação manual, com duas demãos de tinta à base de resinas acrílicas, marcas de referência Suvinil, Coral, Sherwin Williams NovaCor, Metalatex ou equivalente",PINTURA / SOBRE PISOS,m2,cba56a933837558390dc40ef6fd14ba3558ee3406604cf0c33df28745fa16a34,d2087ecf8affe6feb21bd38f6045155bdc7d4b18356273e8e54c68d96e73dbd4,TABELA REFERENCIAL OBRAS - DER-ES - 2025-04 - ABR/XLS/tab_DER-EDIFICAÇσES_2025_04_servicos.xlsx!A1266,2025-04,2025-05,m2,PINTURA / SOBRE PISOS,True,False,18.51,20.01,20.01,19.68,,,False,False,2bf6c2c7e6a976b4518fe548f59e259ac8091a61f440b44f17701ff9a0f00926,treino,False,False
der_es,sem_desoneracao,190602,"Pintura sobre piso, aplicação manual, com duas demãos de tinta à base de resinas acrílicas, marcas de referência Suvinil, Coral, Sherwin Williams NovaCor, Metalatex ou equivalente",PINTURA / SOBRE PISOS,m2,cba56a933837558390dc40ef6fd14ba3558ee3406604cf0c33df28745fa16a34,2bf6c2c7e6a976b4518fe548f59e259ac8091a61f440b44f17701ff9a0f00926,TABELA REFERENCIAL OBRAS - DER-ES - 2025-05 - MAI/XLS/tab_DER-EDIFICAÇσES_2025_05_servicos.xlsx!A1267,2025-05,2025-06,m2,PINTURA / SOBRE PISOS,True,False,19.68,18.51,20.01,19.68,,,False,False,22734abdbfefadc850a2608b6f454b5f7c18b5e3c19f87c396d85d1e76c75234,treino,False,False
der_es,sem_desoneracao,190602,"Pintura sobre piso, aplicação manual, com duas demãos de tinta à base de resinas acrílicas, marcas de referência Suvinil, Coral, Sherwin Williams NovaCor, Metalatex ou equivalente",PINTURA / SOBRE PISOS,m2,cba56a933837558390dc40ef6fd14ba3558ee3406604cf0c33df28745fa16a34,22734abdbfefadc850a2608b6f454b5f7c18b5e3c19f87c396d85d1e76c75234,TABELA REFERENCIAL OBRAS - DER-ES - 2025-06 - JUN/XLS/tab_DER-EDIFICAÇÕES_2025_06_servicos.xlsx!A1265,2025-06,2025-07,m2,PINTURA / SOBRE PISOS,True,False,19.68,19.68,18.51,19.68,,,False,False,9f2d3bc52e35d3a9c0317f2bbd34359ce4b9eb726cfdad03719dc91ab8a6eb52,treino,False,False
der_es,sem_desoneracao,190602,"Pintura sobre piso, aplicação manual, com duas demãos de tinta à base de resinas acrílicas, marcas de referência Suvinil, Coral, Sherwin Williams NovaCor, Metalatex ou equivalente",PINTURA / SOBRE PISOS,m2,cba56a933837558390dc40ef6fd14ba3558ee3406604cf0c33df28745fa16a34,9f2d3bc52e35d3a9c0317f2bbd34359ce4b9eb726cfdad03719dc91ab8a6eb52,TABELA REFERENCIAL OBRAS - DER-ES - 2025-07 - JUL/TABELA REFERENCIAL OBRAS - DER-ES - 2025-07 - JUL/XLS/tab_DER-EDIFICAÇÕES_2025_07_servicos.xlsx!A1265,2025-07,2025-08,m2,PINTURA / SOBRE PISOS,True,False,19.68,19.68,19.68,19.68,,,False,False,f4e1c72d0bc82c19d0327a48458bea46cf1a06c556062fe2206e7955be9a14b1,treino,False,False
der_es,sem_desoneracao,190602,"Pintura sobre piso, aplicação manual, com duas demãos de tinta à base de resinas acrílicas, marcas de referência Suvinil, Coral, Sherwin Williams NovaCor, Metalatex ou equivalente",PINTURA / SOBRE PISOS,m2,cba56a933837558390dc40ef6fd14ba3558ee3406604cf0c33df28745fa16a34,f4e1c72d0bc82c19d0327a48458bea46cf1a06c556062fe2206e7955be9a14b1,TABELA REFERENCIAL OBRAS - DER-ES - 2025-08 - AGO/XLS/tab_DER-EDIFICAÇÕES_2025_08_servicos.xlsx!A1265,2025-08,2025-09,m2,PINTURA / SOBRE PISOS,True,False,19.68,19.68,19.68,19.68,,,False,False,7b1be34ee7d5dd82bcaeb75a32037ae0f2eea1e439205f05e57077b8a3567875,treino,False,False
der_es,sem_desoneracao,190602,"Pintura sobre piso, aplicação manual, com duas demãos de tinta à base de resinas acrílicas, marcas de referência Suvinil, Coral, Sherwin Williams NovaCor, Metalatex ou equivalente",PINTURA / SOBRE PISOS,m2,cba56a933837558390dc40ef6fd14ba3558ee3406604cf0c33df28745fa16a34,7b1be34ee7d5dd82bcaeb75a32037ae0f2eea1e439205f05e57077b8a3567875,TABELA REFERENCIAL OBRAS - DER-ES - 2025-09 - SET/XLS/tab_DER-EDIFICAÇÕES_2025_09_servicos.xlsx!A1265,2025-09,2025-10,m2,PINTURA / SOBRE PISOS,True,False,19.68,19.68,19.68,20.86,,,False,False,25f27b5ef0ad1c6c63d22be1ab543e5a65d73aa17c4d0463109a84f7209c8fa3,treino,False,False
der_es,sem_desoneracao,190602,"Pintura sobre piso, aplicação manual, com duas demãos de tinta à base de resinas acrílicas, marcas de referência Suvinil, Coral, Sherwin Williams NovaCor, Metalatex ou equivalente",PINTURA / SOBRE PISOS,m2,cba56a933837558390dc40ef6fd14ba3558ee3406604cf0c33df28745fa16a34,25f27b5ef0ad1c6c63d22be1ab543e5a65d73aa17c4d0463109a84f7209c8fa3,TABELA REFERENCIAL OBRAS - DER-ES - 2025-10 - OUT/XLS/tab_DER-EDIFICAÇÕES_2025_10_servicos.xlsx!A1265,2025-10,2025-11,m2,PINTURA / SOBRE PISOS,True,False,20.86,19.68,19.68,20.86,,,False,False,d856141d8d195b8bf3114dd64686b80db08318d557f9eb5f279d84fffec1a86e,treino,False,False
der_es,sem_desoneracao,190602,"Pintura sobre piso, aplicação manual, com duas demãos de tinta à base de resinas acrílicas, marcas de referência Suvinil, Coral, Sherwin Williams NovaCor, Metalatex ou equivalente",PINTURA / SOBRE PISOS,m2,cba56a933837558390dc40ef6fd14ba3558ee3406604cf0c33df28745fa16a34,d856141d8d195b8bf3114dd64686b80db08318d557f9eb5f279d84fffec1a86e,TABELA REFERENCIAL OBRAS - DER-ES - 2025-11 - NOV/XLS/tab_DER-EDIFICAÇÕES_2025_11_servicos.xlsx!A1265,2025-11,2025-12,m2,PINTURA / SOBRE PISOS,True,False,20.86,20.86,19.68,20.86,,,False,False,cf2ae6d6af6081526a2c2c6a6446342c23099ac3a9c81f310e3a5da2680fb053,treino,False,False
der_es,sem_desoneracao,190602,"Pintura sobre piso, aplicação manual, com duas demãos de tinta à base de resinas acrílicas, marcas de referência Suvinil, Coral, Sherwin Williams NovaCor, Metalatex ou equivalente",PINTURA / SOBRE PISOS,m2,cba56a933837558390dc40ef6fd14ba3558ee3406604cf0c33df28745fa16a34,cf2ae6d6af6081526a2c2c6a6446342c23099ac3a9c81f310e3a5da2680fb053,TABELA REFERENCIAL OBRAS - DER-ES - 2025-12 - DEZ/XLS/tab_DER-EDIFICAÇÕES_2025_12_servicos.xlsx!A1264,2025-12,2026-01,m2,PINTURA / SOBRE PISOS,True,False,20.86,20.86,20.86,20.86,,,False,False,4feebcbe8c47058cf57314347405d833cdfb5d2340951f005ab53d27ae84fd84,validacao,False,False
der_es,sem_desoneracao,190602,"Pintura sobre piso, aplicação manual, com duas demãos de tinta à base de resinas acrílicas, marcas de referência Suvinil, Coral, Sherwin Williams NovaCor, Metalatex ou equivalente",PINTURA / SOBRE PISOS,m2,cba56a933837558390dc40ef6fd14ba3558ee3406604cf0c33df28745fa16a34,4feebcbe8c47058cf57314347405d833cdfb5d2340951f005ab53d27ae84fd84,TABELA REFERENCIAL OBRAS - DER-ES - 2026-01 - JAN/XLS/tab_DER-EDIFICAÇÕES_2026_01_servicos.xlsx!A1264,2026-01,2026-02,m2,PINTURA / SOBRE PISOS,True,False,20.86,20.86,20.86,20.86,,,False,False,1a7537f06fa9b2a1aff5982ae95ae6bf2ec16498e28430445e55584fbcce9a3c,validacao,False,False
der_es,sem_desoneracao,190602,"Pintura sobre piso, aplicação manual, com duas demãos de tinta à base de resinas acrílicas, marcas de referência Suvinil, Coral, Sherwin Williams NovaCor, Metalatex ou equivalente",PINTURA / SOBRE PISOS,m2,cba56a933837558390dc40ef6fd14ba3558ee3406604cf0c33df28745fa16a34,1a7537f06fa9b2a1aff5982ae95ae6bf2ec16498e28430445e55584fbcce9a3c,TABELA REFERENCIAL OBRAS - DER-ES - 2026-02 - FEV/XLS/tab_DER-EDIFICAÇÕES_2026_02_servicos.xlsx!A1262,2026-02,2026-03,m2,PINTURA / SOBRE PISOS,True,False,20.86,20.86,20.86,20.86,,,False,False,c9a408180051aaa4e38fe277afd37500d913d617b22cb55cd61158248094d761,teste,False,False
der_es,sem_desoneracao,190602,"Pintura sobre piso, aplicação manual, com duas demãos de tinta à base de resinas acrílicas, marcas de referência Suvinil, Coral, Sherwin Williams NovaCor, Metalatex ou equivalente",PINTURA / SOBRE PISOS,m2,cba56a933837558390dc40ef6fd14ba3558ee3406604cf0c33df28745fa16a34,c9a408180051aaa4e38fe277afd37500d913d617b22cb55cd61158248094d761,TABELA REFERENCIAL OBRAS - DER-ES - 2026-03 - MAR/XLS/tab_DER-EDIFICAÇÕES_2026_03_servicos.xlsx!A1262,2026-03,2026-04,m2,PINTURA / SOBRE PISOS,True,False,20.86,20.86,20.86,20.83,,,False,False,b07a6f7cd81d76e43925b8f994875b35e8468c5a37790367db80f72665fc0b2b,teste,False,False
der_es,sem_desoneracao,190602,"Pintura sobre piso, aplicação manual, com duas demãos de tinta à base de resinas acrílicas, marcas de referência Suvinil, Coral, Sherwin Williams NovaCor, Metalatex ou equivalente",PINTURA / SOBRE PISOS,m2,cba56a933837558390dc40ef6fd14ba3558ee3406604cf0c33df28745fa16a34,b07a6f7cd81d76e43925b8f994875b35e8468c5a37790367db80f72665fc0b2b,TABELA REFERENCIAL OBRAS - DER-ES - 2026-04 - ABR/XLS/tab_DER-EDIFICAÇÕES_2026_04_servicos.xlsx!A1262,2026-04,2026-05,m2,PINTURA / SOBRE PISOS,True,False,20.83,20.86,20.86,21.93,,,False,False,9d7efd575c10dc676bc49f5acb5630fa9b3cd2b98449be07612e1891e8d213f6,teste,False,False
der_es,sem_desoneracao,190603,"Pintura sobre pisos, marcas de referência Novacor, Coral ou Suvinil, a duas demãos, Linha Premium",PINTURA / SOBRE PISOS,m2,326ac25189e0fb1c731893627e96475fee24a136a9c31af3ca373528ef24b2d5,2dd7e7c15552e8663b500f12008e09dc39c3816602e826e994d7dc8922d7ac8f,TABELA REFERENCIAL OBRAS - DER-ES - 2025-03 - MAR/XLS/tab_DER-EDIFICAÇσES_2025_03_servicos.xlsx!A1266,2025-03,2025-04,m2,PINTURA / SOBRE PISOS,True,False,22.91,22.91,22.91,22.16,,,False,False,d2087ecf8affe6feb21bd38f6045155bdc7d4b18356273e8e54c68d96e73dbd4,treino,False,False
der_es,sem_desoneracao,190603,"Pintura sobre pisos, marcas de referência Novacor, Coral ou Suvinil, a duas demãos, Linha Premium",PINTURA / SOBRE PISOS,m2,326ac25189e0fb1c731893627e96475fee24a136a9c31af3ca373528ef24b2d5,d2087ecf8affe6feb21bd38f6045155bdc7d4b18356273e8e54c68d96e73dbd4,TABELA REFERENCIAL OBRAS - DER-ES - 2025-04 - ABR/XLS/tab_DER-EDIFICAÇσES_2025_04_servicos.xlsx!A1267,2025-04,2025-05,m2,PINTURA / SOBRE PISOS,True,False,22.16,22.91,22.91,23.77,,,False,False,2bf6c2c7e6a976b4518fe548f59e259ac8091a61f440b44f17701ff9a0f00926,treino,False,False
der_es,sem_desoneracao,190603,"Pintura sobre pisos, marcas de referência Novacor, Coral ou Suvinil, a duas demãos, Linha Premium",PINTURA / SOBRE PISOS,m2,326ac25189e0fb1c731893627e96475fee24a136a9c31af3ca373528ef24b2d5,2bf6c2c7e6a976b4518fe548f59e259ac8091a61f440b44f17701ff9a0f00926,TABELA REFERENCIAL OBRAS - DER-ES - 2025-05 - MAI/XLS/tab_DER-EDIFICAÇσES_2025_05_servicos.xlsx!A1268,2025-05,2025-06,m2,PINTURA / SOBRE PISOS,True,False,23.77,22.16,22.91,23.77,,,False,False,22734abdbfefadc850a2608b6f454b5f7c18b5e3c19f87c396d85d1e76c75234,treino,False,False
der_es,sem_desoneracao,190603,"Pintura sobre pisos, marcas de referência Novacor, Coral ou Suvinil, a duas demãos, Linha Premium",PINTURA / SOBRE PISOS,m2,326ac25189e0fb1c731893627e96475fee24a136a9c31af3ca373528ef24b2d5,22734abdbfefadc850a2608b6f454b5f7c18b5e3c19f87c396d85d1e76c75234,TABELA REFERENCIAL OBRAS - DER-ES - 2025-06 - JUN/XLS/tab_DER-EDIFICAÇÕES_2025_06_servicos.xlsx!A1266,2025-06,2025-07,m2,PINTURA / SOBRE PISOS,True,False,23.77,23.77,22.16,23.77,,,False,False,9f2d3bc52e35d3a9c0317f2bbd34359ce4b9eb726cfdad03719dc91ab8a6eb52,treino,False,False
der_es,sem_desoneracao,190603,"Pintura sobre pisos, marcas de referência Novacor, Coral ou Suvinil, a duas demãos, Linha Premium",PINTURA / SOBRE PISOS,m2,326ac25189e0fb1c731893627e96475fee24a136a9c31af3ca373528ef24b2d5,9f2d3bc52e35d3a9c0317f2bbd34359ce4b9eb726cfdad03719dc91ab8a6eb52,TABELA REFERENCIAL OBRAS - DER-ES - 2025-07 - JUL/TABELA REFERENCIAL OBRAS - DER-ES - 2025-07 - JUL/XLS/tab_DER-EDIFICAÇÕES_2025_07_servicos.xlsx!A1266,2025-07,2025-08,m2,PINTURA / SOBRE PISOS,True,False,23.77,23.77,23.77,23.77,,,False,False,f4e1c72d0bc82c19d0327a48458bea46cf1a06c556062fe2206e7955be9a14b1,treino,False,False
der_es,sem_desoneracao,190603,"Pintura sobre pisos, marcas de referência Novacor, Coral ou Suvinil, a duas demãos, Linha Premium",PINTURA / SOBRE PISOS,m2,326ac25189e0fb1c731893627e96475fee24a136a9c31af3ca373528ef24b2d5,f4e1c72d0bc82c19d0327a48458bea46cf1a06c556062fe2206e7955be9a14b1,TABELA REFERENCIAL OBRAS - DER-ES - 2025-08 - AGO/XLS/tab_DER-EDIFICAÇÕES_2025_08_servicos.xlsx!A1266,2025-08,2025-09,m2,PINTURA / SOBRE PISOS,True,False,23.77,23.77,23.77,23.77,,,False,False,7b1be34ee7d5dd82bcaeb75a32037ae0f2eea1e439205f05e57077b8a3567875,treino,False,False
der_es,sem_desoneracao,190603,"Pintura sobre pisos, marcas de referência Novacor, Coral ou Suvinil, a duas demãos, Linha Premium",PINTURA / SOBRE PISOS,m2,326ac25189e0fb1c731893627e96475fee24a136a9c31af3ca373528ef24b2d5,7b1be34ee7d5dd82bcaeb75a32037ae0f2eea1e439205f05e57077b8a3567875,TABELA REFERENCIAL OBRAS - DER-ES - 2025-09 - SET/XLS/tab_DER-EDIFICAÇÕES_2025_09_servicos.xlsx!A1266,2025-09,2025-10,m2,PINTURA / SOBRE PISOS,True,False,23.77,23.77,23.77,24.36,,,False,False,25f27b5ef0ad1c6c63d22be1ab543e5a65d73aa17c4d0463109a84f7209c8fa3,treino,False,False
der_es,sem_desoneracao,190603,"Pintura sobre pisos, marcas de referência Novacor, Coral ou Suvinil, a duas demãos, Linha Premium",PINTURA / SOBRE PISOS,m2,326ac25189e0fb1c731893627e96475fee24a136a9c31af3ca373528ef24b2d5,25f27b5ef0ad1c6c63d22be1ab543e5a65d73aa17c4d0463109a84f7209c8fa3,TABELA REFERENCIAL OBRAS - DER-ES - 2025-10 - OUT/XLS/tab_DER-EDIFICAÇÕES_2025_10_servicos.xlsx!A1266,2025-10,2025-11,m2,PINTURA / SOBRE PISOS,True,False,24.36,23.77,23.77,24.36,,,False,False,d856141d8d195b8bf3114dd64686b80db08318d557f9eb5f279d84fffec1a86e,treino,False,False
der_es,sem_desoneracao,190603,"Pintura sobre pisos, marcas de referência Novacor, Coral ou Suvinil, a duas demãos, Linha Premium",PINTURA / SOBRE PISOS,m2,326ac25189e0fb1c731893627e96475fee24a136a9c31af3ca373528ef24b2d5,d856141d8d195b8bf3114dd64686b80db08318d557f9eb5f279d84fffec1a86e,TABELA REFERENCIAL OBRAS - DER-ES - 2025-11 - NOV/XLS/tab_DER-EDIFICAÇÕES_2025_11_servicos.xlsx!A1266,2025-11,2025-12,m2,PINTURA / SOBRE PISOS,True,False,24.36,24.36,23.77,24.36,,,False,False,cf2ae6d6af6081526a2c2c6a6446342c23099ac3a9c81f310e3a5da2680fb053,treino,False,False
der_es,sem_desoneracao,190603,"Pintura sobre pisos, marcas de referência Novacor, Coral ou Suvinil, a duas demãos, Linha Premium",PINTURA / SOBRE PISOS,m2,326ac25189e0fb1c731893627e96475fee24a136a9c31af3ca373528ef24b2d5,cf2ae6d6af6081526a2c2c6a6446342c23099ac3a9c81f310e3a5da2680fb053,TABELA REFERENCIAL OBRAS - DER-ES - 2025-12 - DEZ/XLS/tab_DER-EDIFICAÇÕES_2025_12_servicos.xlsx!A1265,2025-12,2026-01,m2,PINTURA / SOBRE PISOS,True,False,24.36,24.36,24.36,24.36,,,False,False,4feebcbe8c47058cf57314347405d833cdfb5d2340951f005ab53d27ae84fd84,validacao,False,False
der_es,sem_desoneracao,190603,"Pintura sobre pisos, marcas de referência Novacor, Coral ou Suvinil, a duas demãos, Linha Premium",PINTURA / SOBRE PISOS,m2,326ac25189e0fb1c731893627e96475fee24a136a9c31af3ca373528ef24b2d5,4feebcbe8c47058cf57314347405d833cdfb5d2340951f005ab53d27ae84fd84,TABELA REFERENCIAL OBRAS - DER-ES - 2026-01 - JAN/XLS/tab_DER-EDIFICAÇÕES_2026_01_servicos.xlsx!A1265,2026-01,2026-02,m2,PINTURA / SOBRE PISOS,True,False,24.36,24.36,24.36,24.36,,,False,False,1a7537f06fa9b2a1aff5982ae95ae6bf2ec16498e28430445e55584fbcce9a3c,validacao,False,False
der_es,sem_desoneracao,190603,"Pintura sobre pisos, marcas de referência Novacor, Coral ou Suvinil, a duas demãos, Linha Premium",PINTURA / SOBRE PISOS,m2,326ac25189e0fb1c731893627e96475fee24a136a9c31af3ca373528ef24b2d5,1a7537f06fa9b2a1aff5982ae95ae6bf2ec16498e28430445e55584fbcce9a3c,TABELA REFERENCIAL OBRAS - DER-ES - 2026-02 - FEV/XLS/tab_DER-EDIFICAÇÕES_2026_02_servicos.xlsx!A1263,2026-02,2026-03,m2,PINTURA / SOBRE PISOS,True,False,24.36,24.36,24.36,24.36,,,False,False,c9a408180051aaa4e38fe277afd37500d913d617b22cb55cd61158248094d761,teste,False,False
der_es,sem_desoneracao,190603,"Pintura sobre pisos, marcas de referência Novacor, Coral ou Suvinil, a duas demãos, Linha Premium",PINTURA / SOBRE PISOS,m2,326ac25189e0fb1c731893627e96475fee24a136a9c31af3ca373528ef24b2d5,c9a408180051aaa4e38fe277afd37500d913d617b22cb55cd61158248094d761,TABELA REFERENCIAL OBRAS - DER-ES - 2026-03 - MAR/XLS/tab_DER-EDIFICAÇÕES_2026_03_servicos.xlsx!A1263,2026-03,2026-04,m2,PINTURA / SOBRE PISOS,True,False,24.36,24.36,24.36,24.35,,,False,False,b07a6f7cd81d76e43925b8f994875b35e8468c5a37790367db80f72665fc0b2b,teste,False,False
der_es,sem_desoneracao,190603,"Pintura sobre pisos, marcas de referência Novacor, Coral ou Suvinil, a duas demãos, Linha Premium",PINTURA / SOBRE PISOS,m2,326ac25189e0fb1c731893627e96475fee24a136a9c31af3ca373528ef24b2d5,b07a6f7cd81d76e43925b8f994875b35e8468c5a37790367db80f72665fc0b2b,TABELA REFERENCIAL OBRAS - DER-ES - 2026-04 - ABR/XLS/tab_DER-EDIFICAÇÕES_2026_04_servicos.xlsx!A1263,2026-04,2026-05,m2,PINTURA / SOBRE PISOS,True,False,24.35,24.36,24.36,25.89,,,False,False,9d7efd575c10dc676bc49f5acb5630fa9b3cd2b98449be07612e1891e8d213f6,teste,False,False
der_es,sem_desoneracao,190605,"Aplicação de tinta epóxi de alta espessura semibrilhante sobre piso de concreto a três demãos, inclusive selador epóxi a uma demão - Ref. Intergard 2005 e 2001 - Internacional ou equivalente",PINTURA / SOBRE PISOS,m2,1b0840cc9b589e8bcd01b21bd664678c62720c946ca1116141a1475a2cdff8e0,2dd7e7c15552e8663b500f12008e09dc39c3816602e826e994d7dc8922d7ac8f,TABELA REFERENCIAL OBRAS - DER-ES - 2025-03 - MAR/XLS/tab_DER-EDIFICAÇσES_2025_03_servicos.xlsx!A1268,2025-03,2025-04,m2,PINTURA / SOBRE PISOS,True,False,76.31,76.31,76.31,72.83,,,False,False,d2087ecf8affe6feb21bd38f6045155bdc7d4b18356273e8e54c68d96e73dbd4,treino,False,False
der_es,sem_desoneracao,190605,"Aplicação de tinta epóxi de alta espessura semibrilhante sobre piso de concreto a três demãos, inclusive selador epóxi a uma demão - Ref. Intergard 2005 e 2001 - Internacional ou equivalente",PINTURA / SOBRE PISOS,m2,1b0840cc9b589e8bcd01b21bd664678c62720c946ca1116141a1475a2cdff8e0,d2087ecf8affe6feb21bd38f6045155bdc7d4b18356273e8e54c68d96e73dbd4,TABELA REFERENCIAL OBRAS - DER-ES - 2025-04 - ABR/XLS/tab_DER-EDIFICAÇσES_2025_04_servicos.xlsx!A1269,2025-04,2025-05,m2,PINTURA / SOBRE PISOS,True,False,72.83,76.31,76.31,75.15,,,False,False,2bf6c2c7e6a976b4518fe548f59e259ac8091a61f440b44f17701ff9a0f00926,treino,False,False
der_es,sem_desoneracao,190605,"Aplicação de tinta epóxi de alta espessura semibrilhante sobre piso de concreto a três demãos, inclusive selador epóxi a uma demão - Ref. Intergard 2005 e 2001 - Internacional ou equivalente",PINTURA / SOBRE PISOS,m2,1b0840cc9b589e8bcd01b21bd664678c62720c946ca1116141a1475a2cdff8e0,2bf6c2c7e6a976b4518fe548f59e259ac8091a61f440b44f17701ff9a0f00926,TABELA REFERENCIAL OBRAS - DER-ES - 2025-05 - MAI/XLS/tab_DER-EDIFICAÇσES_2025_05_servicos.xlsx!A1270,2025-05,2025-06,m2,PINTURA / SOBRE PISOS,True,False,75.15,72.83,76.31,75.15,,,False,False,22734abdbfefadc850a2608b6f454b5f7c18b5e3c19f87c396d85d1e76c75234,treino,False,False
der_es,sem_desoneracao,190605,"Aplicação de tinta epóxi de alta espessura semibrilhante sobre piso de concreto a três demãos, inclusive selador epóxi a uma demão - Ref. Intergard 2005 e 2001 - Internacional ou equivalente",PINTURA / SOBRE PISOS,m2,1b0840cc9b589e8bcd01b21bd664678c62720c946ca1116141a1475a2cdff8e0,22734abdbfefadc850a2608b6f454b5f7c18b5e3c19f87c396d85d1e76c75234,TABELA REFERENCIAL OBRAS - DER-ES - 2025-06 - JUN/XLS/tab_DER-EDIFICAÇÕES_2025_06_servicos.xlsx!A1268,2025-06,2025-07,m2,PINTURA / SOBRE PISOS,True,False,75.15,75.15,72.83,75.15,,,False,False,9f2d3bc52e35d3a9c0317f2bbd34359ce4b9eb726cfdad03719dc91ab8a6eb52,treino,False,False
der_es,sem_desoneracao,190605,"Aplicação de tinta epóxi de alta espessura semibrilhante sobre piso de concreto a três demãos, inclusive selador epóxi a uma demão - Ref. Intergard 2005 e 2001 - Internacional ou equivalente",PINTURA / SOBRE PISOS,m2,1b0840cc9b589e8bcd01b21bd664678c62720c946ca1116141a1475a2cdff8e0,9f2d3bc52e35d3a9c0317f2bbd34359ce4b9eb726cfdad03719dc91ab8a6eb52,TABELA REFERENCIAL OBRAS - DER-ES - 2025-07 - JUL/TABELA REFERENCIAL OBRAS - DER-ES - 2025-07 - JUL/XLS/tab_DER-EDIFICAÇÕES_2025_07_servicos.xlsx!A1268,2025-07,2025-08,m2,PINTURA / SOBRE PISOS,True,False,75.15,75.15,75.15,75.15,,,False,False,f4e1c72d0bc82c19d0327a48458bea46cf1a06c556062fe2206e7955be9a14b1,treino,False,False
der_es,sem_desoneracao,190605,"Aplicação de tinta epóxi de alta espessura semibrilhante sobre piso de concreto a três demãos, inclusive selador epóxi a uma demão - Ref. Intergard 2005 e 2001 - Internacional ou equivalente",PINTURA / SOBRE PISOS,m2,1b0840cc9b589e8bcd01b21bd664678c62720c946ca1116141a1475a2cdff8e0,f4e1c72d0bc82c19d0327a48458bea46cf1a06c556062fe2206e7955be9a14b1,TABELA REFERENCIAL OBRAS - DER-ES - 2025-08 - AGO/XLS/tab_DER-EDIFICAÇÕES_2025_08_servicos.xlsx!A1268,2025-08,2025-09,m2,PINTURA / SOBRE PISOS,True,False,75.15,75.15,75.15,75.15,,,False,False,7b1be34ee7d5dd82bcaeb75a32037ae0f2eea1e439205f05e57077b8a3567875,treino,False,False
der_es,sem_desoneracao,190605,"Aplicação de tinta epóxi de alta espessura semibrilhante sobre piso de concreto a três demãos, inclusive selador epóxi a uma demão - Ref. Intergard 2005 e 2001 - Internacional ou equivalente",PINTURA / SOBRE PISOS,m2,1b0840cc9b589e8bcd01b21bd664678c62720c946ca1116141a1475a2cdff8e0,7b1be34ee7d5dd82bcaeb75a32037ae0f2eea1e439205f05e57077b8a3567875,TABELA REFERENCIAL OBRAS - DER-ES - 2025-09 - SET/XLS/tab_DER-EDIFICAÇÕES_2025_09_servicos.xlsx!A1268,2025-09,2025-10,m2,PINTURA / SOBRE PISOS,True,False,75.15,75.15,75.15,83.37,,,False,False,25f27b5ef0ad1c6c63d22be1ab543e5a65d73aa17c4d0463109a84f7209c8fa3,treino,False,False
der_es,sem_desoneracao,190605,"Aplicação de tinta epóxi de alta espessura semibrilhante sobre piso de concreto a três demãos, inclusive selador epóxi a uma demão - Ref. Intergard 2005 e 2001 - Internacional ou equivalente",PINTURA / SOBRE PISOS,m2,1b0840cc9b589e8bcd01b21bd664678c62720c946ca1116141a1475a2cdff8e0,25f27b5ef0ad1c6c63d22be1ab543e5a65d73aa17c4d0463109a84f7209c8fa3,TABELA REFERENCIAL OBRAS - DER-ES - 2025-10 - OUT/XLS/tab_DER-EDIFICAÇÕES_2025_10_servicos.xlsx!A1268,2025-10,2025-11,m2,PINTURA / SOBRE PISOS,True,False,83.37,75.15,75.15,83.37,,,False,False,d856141d8d195b8bf3114dd64686b80db08318d557f9eb5f279d84fffec1a86e,treino,False,False
der_es,sem_desoneracao,190605,"Aplicação de tinta epóxi de alta espessura semibrilhante sobre piso de concreto a três demãos, inclusive selador epóxi a uma demão - Ref. Intergard 2005 e 2001 - Internacional ou equivalente",PINTURA / SOBRE PISOS,m2,1b0840cc9b589e8bcd01b21bd664678c62720c946ca1116141a1475a2cdff8e0,d856141d8d195b8bf3114dd64686b80db08318d557f9eb5f279d84fffec1a86e,TABELA REFERENCIAL OBRAS - DER-ES - 2025-11 - NOV/XLS/tab_DER-EDIFICAÇÕES_2025_11_servicos.xlsx!A1268,2025-11,2025-12,m2,PINTURA / SOBRE PISOS,True,False,83.37,83.37,75.15,83.37,,,False,False,cf2ae6d6af6081526a2c2c6a6446342c23099ac3a9c81f310e3a5da2680fb053,treino,False,False
der_es,sem_desoneracao,190605,"Aplicação de tinta epóxi de alta espessura semibrilhante sobre piso de concreto a três demãos, inclusive selador epóxi a uma demão - Ref. Intergard 2005 e 2001 - Internacional ou equivalente",PINTURA / SOBRE PISOS,m2,1b0840cc9b589e8bcd01b21bd664678c62720c946ca1116141a1475a2cdff8e0,cf2ae6d6af6081526a2c2c6a6446342c23099ac3a9c81f310e3a5da2680fb053,TABELA REFERENCIAL OBRAS - DER-ES - 2025-12 - DEZ/XLS/tab_DER-EDIFICAÇÕES_2025_12_servicos.xlsx!A1267,2025-12,2026-01,m2,PINTURA / SOBRE PISOS,True,False,83.37,83.37,83.37,83.37,,,False,False,4feebcbe8c47058cf57314347405d833cdfb5d2340951f005ab53d27ae84fd84,validacao,False,False
der_es,sem_desoneracao,190605,"Aplicação de tinta epóxi de alta espessura semibrilhante sobre piso de concreto a três demãos, inclusive selador epóxi a uma demão - Ref. Intergard 2005 e 2001 - Internacional ou equivalente",PINTURA / SOBRE PISOS,m2,1b0840cc9b589e8bcd01b21bd664678c62720c946ca1116141a1475a2cdff8e0,4feebcbe8c47058cf57314347405d833cdfb5d2340951f005ab53d27ae84fd84,TABELA REFERENCIAL OBRAS - DER-ES - 2026-01 - JAN/XLS/tab_DER-EDIFICAÇÕES_2026_01_servicos.xlsx!A1267,2026-01,2026-02,m2,PINTURA / SOBRE PISOS,True,False,83.37,83.37,83.37,83.37,,,False,False,1a7537f06fa9b2a1aff5982ae95ae6bf2ec16498e28430445e55584fbcce9a3c,validacao,False,False
der_es,sem_desoneracao,190605,"Aplicação de tinta epóxi de alta espessura semibrilhante sobre piso de concreto a três demãos, inclusive selador epóxi a uma demão - Ref. Intergard 2005 e 2001 - Internacional ou equivalente",PINTURA / SOBRE PISOS,m2,1b0840cc9b589e8bcd01b21bd664678c62720c946ca1116141a1475a2cdff8e0,1a7537f06fa9b2a1aff5982ae95ae6bf2ec16498e28430445e55584fbcce9a3c,TABELA REFERENCIAL OBRAS - DER-ES - 2026-02 - FEV/XLS/tab_DER-EDIFICAÇÕES_2026_02_servicos.xlsx!A1265,2026-02,2026-03,m2,PINTURA / SOBRE PISOS,True,False,83.37,83.37,83.37,83.37,,,False,False,c9a408180051aaa4e38fe277afd37500d913d617b22cb55cd61158248094d761,teste,False,False
der_es,sem_desoneracao,190605,"Aplicação de tinta epóxi de alta espessura semibrilhante sobre piso de concreto a três demãos, inclusive selador epóxi a uma demão - Ref. Intergard 2005 e 2001 - Internacional ou equivalente",PINTURA / SOBRE PISOS,m2,1b0840cc9b589e8bcd01b21bd664678c62720c946ca1116141a1475a2cdff8e0,c9a408180051aaa4e38fe277afd37500d913d617b22cb55cd61158248094d761,TABELA REFERENCIAL OBRAS - DER-ES - 2026-03 - MAR/XLS/tab_DER-EDIFICAÇÕES_2026_03_servicos.xlsx!A1265,2026-03,2026-04,m2,PINTURA / SOBRE PISOS,True,False,83.37,83.37,83.37,78.23,,,False,False,b07a6f7cd81d76e43925b8f994875b35e8468c5a37790367db80f72665fc0b2b,teste,False,False
der_es,sem_desoneracao,190605,"Aplicação de tinta epóxi de alta espessura semibrilhante sobre piso de concreto a três demãos, inclusive selador epóxi a uma demão - Ref. Intergard 2005 e 2001 - Internacional ou equivalente",PINTURA / SOBRE PISOS,m2,1b0840cc9b589e8bcd01b21bd664678c62720c946ca1116141a1475a2cdff8e0,b07a6f7cd81d76e43925b8f994875b35e8468c5a37790367db80f72665fc0b2b,TABELA REFERENCIAL OBRAS - DER-ES - 2026-04 - ABR/XLS/tab_DER-EDIFICAÇÕES_2026_04_servicos.xlsx!A1265,2026-04,2026-05,m2,PINTURA / SOBRE PISOS,True,False,78.23,83.37,83.37,80.43,,,False,False,9d7efd575c10dc676bc49f5acb5630fa9b3cd2b98449be07612e1891e8d213f6,teste,False,False
