tipo,semente,codigo,grupo_particao,diagnostico
subamostra_80pct,100,110101,v_a2c8ab32bb99749e,True
subamostra_80pct,100,110201,v_d2a347430692cccd,True
subamostra_80pct,100,110210,v_252342c7f49f80e6,True
subamostra_80pct,100,110401,v_fe6416f493ddd855,True
subamostra_80pct,100,120101,v_a2c8ab32bb99749e,True
subamostra_80pct,100,120201,v_f642d35ec76032eb,True
subamostra_80pct,100,120224,v_6c1322bcdadbc4aa,True
subamostra_80pct,100,120232,v_9e2c420e28f08f02,True
subamostra_80pct,100,120241,v_17b10d9c9dcce781,True
subamostra_80pct,100,120301,v_4c59f65b4cddf39b,True
subamostra_80pct,100,120302,v_4c59f65b4cddf39b,True
subamostra_80pct,100,120304,v_cfc46a1e6fee449f,True
subamostra_80pct,100,130103,v_a2c8ab32bb99749e,True
subamostra_80pct,100,130109,v_33eecbd3c316d76e,True
subamostra_80pct,100,130112,v_7374736633a4f48d,True
subamostra_80pct,100,130113,v_33eecbd3c316d76e,True
subamostra_80pct,100,130202,v_e2e52cba3a2ef983,True
subamostra_80pct,100,130205,v_a0bae2d76326d8c8,True
subamostra_80pct,100,130209,v_4084768b50e6b216,True
subamostra_80pct,100,130210,v_081d020777014708,True
subamostra_80pct,100,130211,v_69517c5e98ee3893,True
subamostra_80pct,100,130222,v_67238874b06f5313,True
subamostra_80pct,100,130223,v_8068b6772e214165,True
subamostra_80pct,100,130225,v_948103301b8dacda,True
subamostra_80pct,100,130226,v_aa2a63f981912262,True
subamostra_80pct,100,130230,v_18b17ced41ec4192,True
subamostra_80pct,100,130231,v_18b17ced41ec4192,True
subamostra_80pct,100,130234,v_707677f9757aa1ea,True
subamostra_80pct,100,130237,v_daf99c12b1dacd5e,True
subamostra_80pct,100,130403,v_c6225bc81a0200b7,True
subamostra_80pct,100,190101,v_757a95c8a3cb40b3,True
subamostra_80pct,100,190102,v_5f1fa37a37d0d251,True
subamostra_80pct,100,190103,v_f5f7fcbc7ffe43f8,True
subamostra_80pct,100,190105,v_61253787c539a966,True
subamostra_80pct,100,190106,v_7772aff8ada6665c,True
subamostra_80pct,100,190107,v_c26285872c899de9,True
subamostra_80pct,100,190108,v_1ddc5f355b91f535,True
subamostra_80pct,100,190114,v_9591742a2e6b7c64,True
subamostra_80pct,100,190115,v_d8aaef5ba56b0143,True
subamostra_80pct,100,190116,v_61253787c539a966,True
subamostra_80pct,100,190117,v_7772aff8ada6665c,True
subamostra_80pct,100,190121,v_dfc2cd0a407647a1,True
subamostra_80pct,100,190201,v_42425ef1b6be46c9,True
subamostra_80pct,100,190202,v_75e4f5dfca1df21a,True
subamostra_80pct,100,190203,v_7772aff8ada6665c,True
subamostra_80pct,100,190204,v_7772aff8ada6665c,True
subamostra_80pct,100,190211,v_d8aaef5ba56b0143,True
subamostra_80pct,100,190301,v_fa471d6fbc85cb1f,True
subamostra_80pct,100,190303,v_0cc70a5c3843afef,True
subamostra_80pct,100,190306,v_e9bc00073fb6ee06,True
subamostra_80pct,100,190307,v_cb7a5527c7241bcc,True
subamostra_80pct,100,190417,v_86ab5625ffedec06,True
subamostra_80pct,100,190418,v_73f93b538ab65f9b,True
subamostra_80pct,100,190602,v_3baf6fc9b7674dd5,True
subamostra_80pct,100,190603,v_275690d2e0c703e6,True
subamostra_80pct,100,190605,v_62d90b1f682f60e4,True
subamostra_80pct,101,110201,v_d2a347430692cccd,True
subamostra_80pct,101,110210,v_252342c7f49f80e6,True
subamostra_80pct,101,110301,v_4c59f65b4cddf39b,True
subamostra_80pct,101,110302,v_4c59f65b4cddf39b,True
subamostra_80pct,101,120101,v_a2c8ab32bb99749e,True
subamostra_80pct,101,120201,v_f642d35ec76032eb,True
subamostra_80pct,101,120221,v_65fe89dd42f9233b,True
subamostra_80pct,101,120224,v_6c1322bcdadbc4aa,True
subamostra_80pct,101,120232,v_9e2c420e28f08f02,True
subamostra_80pct,101,120241,v_17b10d9c9dcce781,True
subamostra_80pct,101,120302,v_4c59f65b4cddf39b,True
subamostra_80pct,101,120303,v_4c59f65b4cddf39b,True
subamostra_80pct,101,120304,v_cfc46a1e6fee449f,True
subamostra_80pct,101,130103,v_a2c8ab32bb99749e,True
subamostra_80pct,101,130104,v_a2c8ab32bb99749e,True
subamostra_80pct,101,130109,v_33eecbd3c316d76e,True
subamostra_80pct,101,130110,v_7374736633a4f48d,True
subamostra_80pct,101,130111,v_33eecbd3c316d76e,True
subamostra_80pct,101,130112,v_7374736633a4f48d,True
subamostra_80pct,101,130113,v_33eecbd3c316d76e,True
subamostra_80pct,101,130202,v_e2e52cba3a2ef983,True
subamostra_80pct,101,130205,v_a0bae2d76326d8c8,True
subamostra_80pct,101,130209,v_4084768b50e6b216,True
subamostra_80pct,101,130211,v_69517c5e98ee3893,True
subamostra_80pct,101,130223,v_8068b6772e214165,True
subamostra_80pct,101,130225,v_948103301b8dacda,True
subamostra_80pct,101,130226,v_aa2a63f981912262,True
subamostra_80pct,101,130228,v_daf99c12b1dacd5e,True
subamostra_80pct,101,130231,v_18b17ced41ec4192,True
subamostra_80pct,101,130233,v_9d39b35ba93fa234,True
subamostra_80pct,101,130236,v_41d7784f76cc4bf7,True
subamostra_80pct,101,130237,v_daf99c12b1dacd5e,True
subamostra_80pct,101,190104,v_d8aaef5ba56b0143,True
subamostra_80pct,101,190105,v_61253787c539a966,True
subamostra_80pct,101,190106,v_7772aff8ada6665c,True
subamostra_80pct,101,190107,v_c26285872c899de9,True
subamostra_80pct,101,190108,v_1ddc5f355b91f535,True
subamostra_80pct,101,190115,v_d8aaef5ba56b0143,True
subamostra_80pct,101,190116,v_61253787c539a966,True
subamostra_80pct,101,190117,v_7772aff8ada6665c,True
subamostra_80pct,101,190121,v_dfc2cd0a407647a1,True
subamostra_80pct,101,190201,v_42425ef1b6be46c9,True
subamostra_80pct,101,190202,v_75e4f5dfca1df21a,True
subamostra_80pct,101,190203,v_7772aff8ada6665c,True
subamostra_80pct,101,190204,v_7772aff8ada6665c,True
subamostra_80pct,101,190205,v_595768cdbb1e50d7,True
subamostra_80pct,101,190211,v_d8aaef5ba56b0143,True
subamostra_80pct,101,190301,v_fa471d6fbc85cb1f,True
subamostra_80pct,101,190302,v_6822f94c8991cc97,True
subamostra_80pct,101,190303,v_0cc70a5c3843afef,True
subamostra_80pct,101,190306,v_e9bc00073fb6ee06,True
subamostra_80pct,101,190307,v_cb7a5527c7241bcc,True
subamostra_80pct,101,190417,v_86ab5625ffedec06,True
subamostra_80pct,101,190418,v_73f93b538ab65f9b,True
subamostra_80pct,101,190603,v_275690d2e0c703e6,True
subamostra_80pct,101,190605,v_62d90b1f682f60e4,True
subamostra_80pct,102,110201,v_d2a347430692cccd,True
subamostra_80pct,102,110210,v_252342c7f49f80e6,True
subamostra_80pct,102,110301,v_4c59f65b4cddf39b,True
subamostra_80pct,102,110302,v_4c59f65b4cddf39b,True
subamostra_80pct,102,110401,v_fe6416f493ddd855,True
subamostra_80pct,102,120101,v_a2c8ab32bb99749e,True
subamostra_80pct,102,120201,v_f642d35ec76032eb,True
subamostra_80pct,102,120221,v_65fe89dd42f9233b,True
subamostra_80pct,102,120224,v_6c1322bcdadbc4aa,True
subamostra_80pct,102,120232,v_9e2c420e28f08f02,True
subamostra_80pct,102,120301,v_4c59f65b4cddf39b,True
subamostra_80pct,102,120302,v_4c59f65b4cddf39b,True
subamostra_80pct,102,120304,v_cfc46a1e6fee449f,True
subamostra_80pct,102,120308,v_a362869115671df5,True
subamostra_80pct,102,130104,v_a2c8ab32bb99749e,True
subamostra_80pct,102,130109,v_33eecbd3c316d76e,True
subamostra_80pct,102,130110,v_7374736633a4f48d,True
subamostra_80pct,102,130111,v_33eecbd3c316d76e,True
subamostra_80pct,102,130112,v_7374736633a4f48d,True
subamostra_80pct,102,130113,v_33eecbd3c316d76e,True
subamostra_80pct,102,130202,v_e2e52cba3a2ef983,True
subamostra_80pct,102,130209,v_4084768b50e6b216,True
subamostra_80pct,102,130210,v_081d020777014708,True
subamostra_80pct,102,130211,v_69517c5e98ee3893,True
subamostra_80pct,102,130222,v_67238874b06f5313,True
subamostra_80pct,102,130223,v_8068b6772e214165,True
subamostra_80pct,102,130225,v_948103301b8dacda,True
subamostra_80pct,102,130226,v_aa2a63f981912262,True
subamostra_80pct,102,130233,v_9d39b35ba93fa234,True
subamostra_80pct,102,130234,v_707677f9757aa1ea,True
subamostra_80pct,102,130236,v_41d7784f76cc4bf7,True
subamostra_80pct,102,130237,v_daf99c12b1dacd5e,True
subamostra_80pct,102,130403,v_c6225bc81a0200b7,True
subamostra_80pct,102,190101,v_757a95c8a3cb40b3,True
subamostra_80pct,102,190103,v_f5f7fcbc7ffe43f8,True
subamostra_80pct,102,190104,v_d8aaef5ba56b0143,True
subamostra_80pct,102,190105,v_61253787c539a966,True
subamostra_80pct,102,190106,v_7772aff8ada6665c,True
subamostra_80pct,102,190107,v_c26285872c899de9,True
subamostra_80pct,102,190108,v_1ddc5f355b91f535,True
subamostra_80pct,102,190114,v_9591742a2e6b7c64,True
subamostra_80pct,102,190115,v_d8aaef5ba56b0143,True
subamostra_80pct,102,190116,v_61253787c539a966,True
subamostra_80pct,102,190121,v_dfc2cd0a407647a1,True
subamostra_80pct,102,190201,v_42425ef1b6be46c9,True
subamostra_80pct,102,190202,v_75e4f5dfca1df21a,True
subamostra_80pct,102,190204,v_7772aff8ada6665c,True
subamostra_80pct,102,190205,v_595768cdbb1e50d7,True
subamostra_80pct,102,190301,v_fa471d6fbc85cb1f,True
subamostra_80pct,102,190302,v_6822f94c8991cc97,True
subamostra_80pct,102,190303,v_0cc70a5c3843afef,True
subamostra_80pct,102,190306,v_e9bc00073fb6ee06,True
subamostra_80pct,102,190307,v_cb7a5527c7241bcc,True
subamostra_80pct,102,190418,v_73f93b538ab65f9b,True
subamostra_80pct,102,190602,v_3baf6fc9b7674dd5,True
subamostra_80pct,102,190603,v_275690d2e0c703e6,True
subamostra_80pct,103,110101,v_a2c8ab32bb99749e,True
subamostra_80pct,103,110201,v_d2a347430692cccd,True
subamostra_80pct,103,110210,v_252342c7f49f80e6,True
subamostra_80pct,103,110301,v_4c59f65b4cddf39b,True
subamostra_80pct,103,110302,v_4c59f65b4cddf39b,True
subamostra_80pct,103,110401,v_fe6416f493ddd855,True
subamostra_80pct,103,120221,v_65fe89dd42f9233b,True
subamostra_80pct,103,120232,v_9e2c420e28f08f02,True
subamostra_80pct,103,120241,v_17b10d9c9dcce781,True
subamostra_80pct,103,120301,v_4c59f65b4cddf39b,True
subamostra_80pct,103,120302,v_4c59f65b4cddf39b,True
subamostra_80pct,103,120303,v_4c59f65b4cddf39b,True
subamostra_80pct,103,120308,v_a362869115671df5,True
subamostra_80pct,103,130103,v_a2c8ab32bb99749e,True
subamostra_80pct,103,130104,v_a2c8ab32bb99749e,True
subamostra_80pct,103,130109,v_33eecbd3c316d76e,True
subamostra_80pct,103,130110,v_7374736633a4f48d,True
subamostra_80pct,103,130111,v_33eecbd3c316d76e,True
subamostra_80pct,103,130112,v_7374736633a4f48d,True
subamostra_80pct,103,130113,v_33eecbd3c316d76e,True
subamostra_80pct,103,130202,v_e2e52cba3a2ef983,True
subamostra_80pct,103,130205,v_a0bae2d76326d8c8,True
subamostra_80pct,103,130209,v_4084768b50e6b216,True
subamostra_80pct,103,130210,v_081d020777014708,True
subamostra_80pct,103,130211,v_69517c5e98ee3893,True
subamostra_80pct,103,130222,v_67238874b06f5313,True
subamostra_80pct,103,130223,v_8068b6772e214165,True
subamostra_80pct,103,130226,v_aa2a63f981912262,True
subamostra_80pct,103,130230,v_18b17ced41ec4192,True
subamostra_80pct,103,130231,v_18b17ced41ec4192,True
subamostra_80pct,103,130233,v_9d39b35ba93fa234,True
subamostra_80pct,103,130234,v_707677f9757aa1ea,True
subamostra_80pct,103,130237,v_daf99c12b1dacd5e,True
subamostra_80pct,103,130403,v_c6225bc81a0200b7,True
subamostra_80pct,103,190101,v_757a95c8a3cb40b3,True
subamostra_80pct,103,190103,v_f5f7fcbc7ffe43f8,True
subamostra_80pct,103,190104,v_d8aaef5ba56b0143,True
subamostra_80pct,103,190105,v_61253787c539a966,True
subamostra_80pct,103,190106,v_7772aff8ada6665c,True
subamostra_80pct,103,190107,v_c26285872c899de9,True
subamostra_80pct,103,190114,v_9591742a2e6b7c64,True
subamostra_80pct,103,190115,v_d8aaef5ba56b0143,True
subamostra_80pct,103,190116,v_61253787c539a966,True
subamostra_80pct,103,190117,v_7772aff8ada6665c,True
subamostra_80pct,103,190121,v_dfc2cd0a407647a1,True
subamostra_80pct,103,190203,v_7772aff8ada6665c,True
subamostra_80pct,103,190204,v_7772aff8ada6665c,True
subamostra_80pct,103,190205,v_595768cdbb1e50d7,True
subamostra_80pct,103,190211,v_d8aaef5ba56b0143,True
subamostra_80pct,103,190306,v_e9bc00073fb6ee06,True
subamostra_80pct,103,190307,v_cb7a5527c7241bcc,True
subamostra_80pct,103,190417,v_86ab5625ffedec06,True
subamostra_80pct,103,190418,v_73f93b538ab65f9b,True
subamostra_80pct,103,190602,v_3baf6fc9b7674dd5,True
subamostra_80pct,103,190603,v_275690d2e0c703e6,True
subamostra_80pct,103,190605,v_62d90b1f682f60e4,True
subamostra_80pct,104,110210,v_252342c7f49f80e6,True
subamostra_80pct,104,110301,v_4c59f65b4cddf39b,True
subamostra_80pct,104,110302,v_4c59f65b4cddf39b,True
subamostra_80pct,104,110401,v_fe6416f493ddd855,True
subamostra_80pct,104,120101,v_a2c8ab32bb99749e,True
subamostra_80pct,104,120221,v_65fe89dd42f9233b,True
subamostra_80pct,104,120224,v_6c1322bcdadbc4aa,True
subamostra_80pct,104,120232,v_9e2c420e28f08f02,True
subamostra_80pct,104,120301,v_4c59f65b4cddf39b,True
subamostra_80pct,104,120302,v_4c59f65b4cddf39b,True
subamostra_80pct,104,120304,v_cfc46a1e6fee449f,True
subamostra_80pct,104,130103,v_a2c8ab32bb99749e,True
subamostra_80pct,104,130104,v_a2c8ab32bb99749e,True
subamostra_80pct,104,130109,v_33eecbd3c316d76e,True
subamostra_80pct,104,130110,v_7374736633a4f48d,True
subamostra_80pct,104,130112,v_7374736633a4f48d,True
subamostra_80pct,104,130202,v_e2e52cba3a2ef983,True
subamostra_80pct,104,130210,v_081d020777014708,True
subamostra_80pct,104,130211,v_69517c5e98ee3893,True
subamostra_80pct,104,130222,v_67238874b06f5313,True
subamostra_80pct,104,130223,v_8068b6772e214165,True
subamostra_80pct,104,130225,v_948103301b8dacda,True
subamostra_80pct,104,130226,v_aa2a63f981912262,True
subamostra_80pct,104,130228,v_daf99c12b1dacd5e,True
subamostra_80pct,104,130230,v_18b17ced41ec4192,True
subamostra_80pct,104,130231,v_18b17ced41ec4192,True
subamostra_80pct,104,130233,v_9d39b35ba93fa234,True
subamostra_80pct,104,130234,v_707677f9757aa1ea,True
subamostra_80pct,104,130236,v_41d7784f76cc4bf7,True
subamostra_80pct,104,130237,v_daf99c12b1dacd5e,True
subamostra_80pct,104,130403,v_c6225bc81a0200b7,True
subamostra_80pct,104,190101,v_757a95c8a3cb40b3,True
subamostra_80pct,104,190102,v_5f1fa37a37d0d251,True
subamostra_80pct,104,190103,v_f5f7fcbc7ffe43f8,True
subamostra_80pct,104,190104,v_d8aaef5ba56b0143,True
subamostra_80pct,104,190106,v_7772aff8ada6665c,True
subamostra_80pct,104,190107,v_c26285872c899de9,True
subamostra_80pct,104,190108,v_1ddc5f355b91f535,True
subamostra_80pct,104,190114,v_9591742a2e6b7c64,True
subamostra_80pct,104,190115,v_d8aaef5ba56b0143,True
subamostra_80pct,104,190116,v_61253787c539a966,True
subamostra_80pct,104,190117,v_7772aff8ada6665c,True
subamostra_80pct,104,190121,v_dfc2cd0a407647a1,True
subamostra_80pct,104,190201,v_42425ef1b6be46c9,True
subamostra_80pct,104,190202,v_75e4f5dfca1df21a,True
subamostra_80pct,104,190203,v_7772aff8ada6665c,True
subamostra_80pct,104,190204,v_7772aff8ada6665c,True
subamostra_80pct,104,190211,v_d8aaef5ba56b0143,True
subamostra_80pct,104,190301,v_fa471d6fbc85cb1f,True
subamostra_80pct,104,190302,v_6822f94c8991cc97,True
subamostra_80pct,104,190303,v_0cc70a5c3843afef,True
subamostra_80pct,104,190306,v_e9bc00073fb6ee06,True
subamostra_80pct,104,190307,v_cb7a5527c7241bcc,True
subamostra_80pct,104,190417,v_86ab5625ffedec06,True
subamostra_80pct,104,190418,v_73f93b538ab65f9b,True
subamostra_80pct,104,190602,v_3baf6fc9b7674dd5,True
subamostra_80pct,105,110101,v_a2c8ab32bb99749e,True
subamostra_80pct,105,110201,v_d2a347430692cccd,True
subamostra_80pct,105,110302,v_4c59f65b4cddf39b,True
subamostra_80pct,105,110401,v_fe6416f493ddd855,True
subamostra_80pct,105,120101,v_a2c8ab32bb99749e,True
subamostra_80pct,105,120201,v_f642d35ec76032eb,True
subamostra_80pct,105,120221,v_65fe89dd42f9233b,True
subamostra_80pct,105,120224,v_6c1322bcdadbc4aa,True
subamostra_80pct,105,120232,v_9e2c420e28f08f02,True
subamostra_80pct,105,120241,v_17b10d9c9dcce781,True
subamostra_80pct,105,120302,v_4c59f65b4cddf39b,True
subamostra_80pct,105,120303,v_4c59f65b4cddf39b,True
subamostra_80pct,105,120308,v_a362869115671df5,True
subamostra_80pct,105,130103,v_a2c8ab32bb99749e,True
subamostra_80pct,105,130104,v_a2c8ab32bb99749e,True
subamostra_80pct,105,130109,v_33eecbd3c316d76e,True
subamostra_80pct,105,130110,v_7374736633a4f48d,True
subamostra_80pct,105,130111,v_33eecbd3c316d76e,True
subamostra_80pct,105,130112,v_7374736633a4f48d,True
subamostra_80pct,105,130113,v_33eecbd3c316d76e,True
subamostra_80pct,105,130202,v_e2e52cba3a2ef983,True
subamostra_80pct,105,130209,v_4084768b50e6b216,True
subamostra_80pct,105,130210,v_081d020777014708,True
subamostra_80pct,105,130211,v_69517c5e98ee3893,True
subamostra_80pct,105,130222,v_67238874b06f5313,True
subamostra_80pct,105,130223,v_8068b6772e214165,True
subamostra_80pct,105,130225,v_948103301b8dacda,True
subamostra_80pct,105,130228,v_daf99c12b1dacd5e,True
subamostra_80pct,105,130230,v_18b17ced41ec4192,True
subamostra_80pct,105,130231,v_18b17ced41ec4192,True
subamostra_80pct,105,130233,v_9d39b35ba93fa234,True
subamostra_80pct,105,130236,v_41d7784f76cc4bf7,True
subamostra_80pct,105,130403,v_c6225bc81a0200b7,True
subamostra_80pct,105,190101,v_757a95c8a3cb40b3,True
subamostra_80pct,105,190102,v_5f1fa37a37d0d251,True
subamostra_80pct,105,190104,v_d8aaef5ba56b0143,True
subamostra_80pct,105,190107,v_c26285872c899de9,True
subamostra_80pct,105,190108,v_1ddc5f355b91f535,True
subamostra_80pct,105,190114,v_9591742a2e6b7c64,True
subamostra_80pct,105,190115,v_d8aaef5ba56b0143,True
subamostra_80pct,105,190116,v_61253787c539a966,True
subamostra_80pct,105,190121,v_dfc2cd0a407647a1,True
subamostra_80pct,105,190201,v_42425ef1b6be46c9,True
subamostra_80pct,105,190202,v_75e4f5dfca1df21a,True
subamostra_80pct,105,190203,v_7772aff8ada6665c,True
subamostra_80pct,105,190204,v_7772aff8ada6665c,True
subamostra_80pct,105,190205,v_595768cdbb1e50d7,True
subamostra_80pct,105,190301,v_fa471d6fbc85cb1f,True
subamostra_80pct,105,190302,v_6822f94c8991cc97,True
subamostra_80pct,105,190303,v_0cc70a5c3843afef,True
subamostra_80pct,105,190306,v_e9bc00073fb6ee06,True
subamostra_80pct,105,190307,v_cb7a5527c7241bcc,True
subamostra_80pct,105,190417,v_86ab5625ffedec06,True
subamostra_80pct,105,190418,v_73f93b538ab65f9b,True
subamostra_80pct,105,190602,v_3baf6fc9b7674dd5,True
subamostra_80pct,105,190603,v_275690d2e0c703e6,True
subamostra_80pct,106,110101,v_a2c8ab32bb99749e,True
subamostra_80pct,106,110201,v_d2a347430692cccd,True
subamostra_80pct,106,110210,v_252342c7f49f80e6,True
subamostra_80pct,106,110301,v_4c59f65b4cddf39b,True
subamostra_80pct,106,110302,v_4c59f65b4cddf39b,True
subamostra_80pct,106,110401,v_fe6416f493ddd855,True
subamostra_80pct,106,120101,v_a2c8ab32bb99749e,True
subamostra_80pct,106,120201,v_f642d35ec76032eb,True
subamostra_80pct,106,120221,v_65fe89dd42f9233b,True
subamostra_80pct,106,120224,v_6c1322bcdadbc4aa,True
subamostra_80pct,106,120232,v_9e2c420e28f08f02,True
subamostra_80pct,106,120241,v_17b10d9c9dcce781,True
subamostra_80pct,106,120301,v_4c59f65b4cddf39b,True
subamostra_80pct,106,120304,v_cfc46a1e6fee449f,True
subamostra_80pct,106,120308,v_a362869115671df5,True
subamostra_80pct,106,130109,v_33eecbd3c316d76e,True
subamostra_80pct,106,130111,v_33eecbd3c316d76e,True
subamostra_80pct,106,130112,v_7374736633a4f48d,True
subamostra_80pct,106,130113,v_33eecbd3c316d76e,True
subamostra_80pct,106,130202,v_e2e52cba3a2ef983,True
subamostra_80pct,106,130205,v_a0bae2d76326d8c8,True
subamostra_80pct,106,130209,v_4084768b50e6b216,True
subamostra_80pct,106,130211,v_69517c5e98ee3893,True
subamostra_80pct,106,130222,v_67238874b06f5313,True
subamostra_80pct,106,130225,v_948103301b8dacda,True
subamostra_80pct,106,130228,v_daf99c12b1dacd5e,True
subamostra_80pct,106,130230,v_18b17ced41ec4192,True
subamostra_80pct,106,130231,v_18b17ced41ec4192,True
subamostra_80pct,106,130233,v_9d39b35ba93fa234,True
subamostra_80pct,106,130234,v_707677f9757aa1ea,True
subamostra_80pct,106,130236,v_41d7784f76cc4bf7,True
subamostra_80pct,106,130237,v_daf99c12b1dacd5e,True
subamostra_80pct,106,130403,v_c6225bc81a0200b7,True
subamostra_80pct,106,190103,v_f5f7fcbc7ffe43f8,True
subamostra_80pct,106,190104,v_d8aaef5ba56b0143,True
subamostra_80pct,106,190105,v_61253787c539a966,True
subamostra_80pct,106,190107,v_c26285872c899de9,True
subamostra_80pct,106,190108,v_1ddc5f355b91f535,True
subamostra_80pct,106,190115,v_d8aaef5ba56b0143,True
subamostra_80pct,106,190116,v_61253787c539a966,True
subamostra_80pct,106,190117,v_7772aff8ada6665c,True
subamostra_80pct,106,190121,v_dfc2cd0a407647a1,True
subamostra_80pct,106,190201,v_42425ef1b6be46c9,True
subamostra_80pct,106,190202,v_75e4f5dfca1df21a,True
subamostra_80pct,106,190203,v_7772aff8ada6665c,True
subamostra_80pct,106,190204,v_7772aff8ada6665c,True
subamostra_80pct,106,190205,v_595768cdbb1e50d7,True
subamostra_80pct,106,190211,v_d8aaef5ba56b0143,True
subamostra_80pct,106,190301,v_fa471d6fbc85cb1f,True
subamostra_80pct,106,190302,v_6822f94c8991cc97,True
subamostra_80pct,106,190306,v_e9bc00073fb6ee06,True
subamostra_80pct,106,190307,v_cb7a5527c7241bcc,True
subamostra_80pct,106,190417,v_86ab5625ffedec06,True
subamostra_80pct,106,190418,v_73f93b538ab65f9b,True
subamostra_80pct,106,190603,v_275690d2e0c703e6,True
subamostra_80pct,106,190605,v_62d90b1f682f60e4,True
subamostra_80pct,107,110101,v_a2c8ab32bb99749e,True
subamostra_80pct,107,110201,v_d2a347430692cccd,True
subamostra_80pct,107,110302,v_4c59f65b4cddf39b,True
subamostra_80pct,107,110401,v_fe6416f493ddd855,True
subamostra_80pct,107,120101,v_a2c8ab32bb99749e,True
subamostra_80pct,107,120201,v_f642d35ec76032eb,True
subamostra_80pct,107,120221,v_65fe89dd42f9233b,True
subamostra_80pct,107,120232,v_9e2c420e28f08f02,True
subamostra_80pct,107,120241,v_17b10d9c9dcce781,True
subamostra_80pct,107,120301,v_4c59f65b4cddf39b,True
subamostra_80pct,107,120302,v_4c59f65b4cddf39b,True
subamostra_80pct,107,120303,v_4c59f65b4cddf39b,True
subamostra_80pct,107,120304,v_cfc46a1e6fee449f,True
subamostra_80pct,107,120308,v_a362869115671df5,True
subamostra_80pct,107,130104,v_a2c8ab32bb99749e,True
subamostra_80pct,107,130109,v_33eecbd3c316d76e,True
subamostra_80pct,107,130202,v_e2e52cba3a2ef983,True
subamostra_80pct,107,130205,v_a0bae2d76326d8c8,True
subamostra_80pct,107,130209,v_4084768b50e6b216,True
subamostra_80pct,107,130210,v_081d020777014708,True
subamostra_80pct,107,130211,v_69517c5e98ee3893,True
subamostra_80pct,107,130222,v_67238874b06f5313,True
subamostra_80pct,107,130223,v_8068b6772e214165,True
subamostra_80pct,107,130225,v_948103301b8dacda,True
subamostra_80pct,107,130228,v_daf99c12b1dacd5e,True
subamostra_80pct,107,130230,v_18b17ced41ec4192,True
subamostra_80pct,107,130231,v_18b17ced41ec4192,True
subamostra_80pct,107,130233,v_9d39b35ba93fa234,True
subamostra_80pct,107,130234,v_707677f9757aa1ea,True
subamostra_80pct,107,130236,v_41d7784f76cc4bf7,True
subamostra_80pct,107,130237,v_daf99c12b1dacd5e,True
subamostra_80pct,107,130403,v_c6225bc81a0200b7,True
subamostra_80pct,107,190101,v_757a95c8a3cb40b3,True
subamostra_80pct,107,190102,v_5f1fa37a37d0d251,True
subamostra_80pct,107,190104,v_d8aaef5ba56b0143,True
subamostra_80pct,107,190105,v_61253787c539a966,True
subamostra_80pct,107,190106,v_7772aff8ada6665c,True
subamostra_80pct,107,190107,v_c26285872c899de9,True
subamostra_80pct,107,190108,v_1ddc5f355b91f535,True
subamostra_80pct,107,190114,v_9591742a2e6b7c64,True
subamostra_80pct,107,190115,v_d8aaef5ba56b0143,True
subamostra_80pct,107,190116,v_61253787c539a966,True
subamostra_80pct,107,190117,v_7772aff8ada6665c,True
subamostra_80pct,107,190121,v_dfc2cd0a407647a1,True
subamostra_80pct,107,190201,v_42425ef1b6be46c9,True
subamostra_80pct,107,190202,v_75e4f5dfca1df21a,True
subamostra_80pct,107,190203,v_7772aff8ada6665c,True
subamostra_80pct,107,190204,v_7772aff8ada6665c,True
subamostra_80pct,107,190205,v_595768cdbb1e50d7,True
subamostra_80pct,107,190211,v_d8aaef5ba56b0143,True
subamostra_80pct,107,190301,v_fa471d6fbc85cb1f,True
subamostra_80pct,107,190303,v_0cc70a5c3843afef,True
subamostra_80pct,107,190306,v_e9bc00073fb6ee06,True
subamostra_80pct,107,190307,v_cb7a5527c7241bcc,True
subamostra_80pct,107,190417,v_86ab5625ffedec06,True
subamostra_80pct,107,190603,v_275690d2e0c703e6,True
subamostra_80pct,108,110101,v_a2c8ab32bb99749e,True
subamostra_80pct,108,110201,v_d2a347430692cccd,True
subamostra_80pct,108,110210,v_252342c7f49f80e6,True
subamostra_80pct,108,110301,v_4c59f65b4cddf39b,True
subamostra_80pct,108,110302,v_4c59f65b4cddf39b,True
subamostra_80pct,108,110401,v_fe6416f493ddd855,True
subamostra_80pct,108,120101,v_a2c8ab32bb99749e,True
subamostra_80pct,108,120201,v_f642d35ec76032eb,True
subamostra_80pct,108,120221,v_65fe89dd42f9233b,True
subamostra_80pct,108,120224,v_6c1322bcdadbc4aa,True
subamostra_80pct,108,120241,v_17b10d9c9dcce781,True
subamostra_80pct,108,120301,v_4c59f65b4cddf39b,True
subamostra_80pct,108,120302,v_4c59f65b4cddf39b,True
subamostra_80pct,108,120303,v_4c59f65b4cddf39b,True
subamostra_80pct,108,120308,v_a362869115671df5,True
subamostra_80pct,108,130103,v_a2c8ab32bb99749e,True
subamostra_80pct,108,130104,v_a2c8ab32bb99749e,True
subamostra_80pct,108,130109,v_33eecbd3c316d76e,True
subamostra_80pct,108,130110,v_7374736633a4f48d,True
subamostra_80pct,108,130111,v_33eecbd3c316d76e,True
subamostra_80pct,108,130112,v_7374736633a4f48d,True
subamostra_80pct,108,130113,v_33eecbd3c316d76e,True
subamostra_80pct,108,130202,v_e2e52cba3a2ef983,True
subamostra_80pct,108,130209,v_4084768b50e6b216,True
subamostra_80pct,108,130210,v_081d020777014708,True
subamostra_80pct,108,130222,v_67238874b06f5313,True
subamostra_80pct,108,130226,v_aa2a63f981912262,True
subamostra_80pct,108,130230,v_18b17ced41ec4192,True
subamostra_80pct,108,130231,v_18b17ced41ec4192,True
subamostra_80pct,108,130233,v_9d39b35ba93fa234,True
subamostra_80pct,108,130234,v_707677f9757aa1ea,True
subamostra_80pct,108,130236,v_41d7784f76cc4bf7,True
subamostra_80pct,108,130237,v_daf99c12b1dacd5e,True
subamostra_80pct,108,190101,v_757a95c8a3cb40b3,True
subamostra_80pct,108,190103,v_f5f7fcbc7ffe43f8,True
subamostra_80pct,108,190104,v_d8aaef5ba56b0143,True
subamostra_80pct,108,190105,v_61253787c539a966,True
subamostra_80pct,108,190106,v_7772aff8ada6665c,True
subamostra_80pct,108,190107,v_c26285872c899de9,True
subamostra_80pct,108,190114,v_9591742a2e6b7c64,True
subamostra_80pct,108,190115,v_d8aaef5ba56b0143,True
subamostra_80pct,108,190116,v_61253787c539a966,True
subamostra_80pct,108,190117,v_7772aff8ada6665c,True
subamostra_80pct,108,190201,v_42425ef1b6be46c9,True
subamostra_80pct,108,190202,v_75e4f5dfca1df21a,True
subamostra_80pct,108,190203,v_7772aff8ada6665c,True
subamostra_80pct,108,190204,v_7772aff8ada6665c,True
subamostra_80pct,108,190301,v_fa471d6fbc85cb1f,True
subamostra_80pct,108,190302,v_6822f94c8991cc97,True
subamostra_80pct,108,190303,v_0cc70a5c3843afef,True
subamostra_80pct,108,190307,v_cb7a5527c7241bcc,True
subamostra_80pct,108,190417,v_86ab5625ffedec06,True
subamostra_80pct,108,190418,v_73f93b538ab65f9b,True
subamostra_80pct,108,190602,v_3baf6fc9b7674dd5,True
subamostra_80pct,108,190603,v_275690d2e0c703e6,True
subamostra_80pct,108,190605,v_62d90b1f682f60e4,True
subamostra_80pct,109,110101,v_a2c8ab32bb99749e,True
subamostra_80pct,109,110210,v_252342c7f49f80e6,True
subamostra_80pct,109,110302,v_4c59f65b4cddf39b,True
subamostra_80pct,109,110401,v_fe6416f493ddd855,True
subamostra_80pct,109,120101,v_a2c8ab32bb99749e,True
subamostra_80pct,109,120201,v_f642d35ec76032eb,True
subamostra_80pct,109,120221,v_65fe89dd42f9233b,True
subamostra_80pct,109,120224,v_6c1322bcdadbc4aa,True
subamostra_80pct,109,120241,v_17b10d9c9dcce781,True
subamostra_80pct,109,120301,v_4c59f65b4cddf39b,True
subamostra_80pct,109,120302,v_4c59f65b4cddf39b,True
subamostra_80pct,109,120303,v_4c59f65b4cddf39b,True
subamostra_80pct,109,120304,v_cfc46a1e6fee449f,True
subamostra_80pct,109,120308,v_a362869115671df5,True
subamostra_80pct,109,130103,v_a2c8ab32bb99749e,True
subamostra_80pct,109,130109,v_33eecbd3c316d76e,True
subamostra_80pct,109,130111,v_33eecbd3c316d76e,True
subamostra_80pct,109,130113,v_33eecbd3c316d76e,True
subamostra_80pct,109,130202,v_e2e52cba3a2ef983,True
subamostra_80pct,109,130205,v_a0bae2d76326d8c8,True
subamostra_80pct,109,130209,v_4084768b50e6b216,True
subamostra_80pct,109,130210,v_081d020777014708,True
subamostra_80pct,109,130222,v_67238874b06f5313,True
subamostra_80pct,109,130223,v_8068b6772e214165,True
subamostra_80pct,109,130225,v_948103301b8dacda,True
subamostra_80pct,109,130226,v_aa2a63f981912262,True
subamostra_80pct,109,130228,v_daf99c12b1dacd5e,True
subamostra_80pct,109,130230,v_18b17ced41ec4192,True
subamostra_80pct,109,130231,v_18b17ced41ec4192,True
subamostra_80pct,109,130233,v_9d39b35ba93fa234,True
subamostra_80pct,109,130234,v_707677f9757aa1ea,True
subamostra_80pct,109,130237,v_daf99c12b1dacd5e,True
subamostra_80pct,109,130403,v_c6225bc81a0200b7,True
subamostra_80pct,109,190101,v_757a95c8a3cb40b3,True
subamostra_80pct,109,190102,v_5f1fa37a37d0d251,True
subamostra_80pct,109,190103,v_f5f7fcbc7ffe43f8,True
subamostra_80pct,109,190104,v_d8aaef5ba56b0143,True
subamostra_80pct,109,190106,v_7772aff8ada6665c,True
subamostra_80pct,109,190107,v_c26285872c899de9,True
subamostra_80pct,109,190108,v_1ddc5f355b91f535,True
subamostra_80pct,109,190115,v_d8aaef5ba56b0143,True
subamostra_80pct,109,190121,v_dfc2cd0a407647a1,True
subamostra_80pct,109,190201,v_42425ef1b6be46c9,True
subamostra_80pct,109,190203,v_7772aff8ada6665c,True
subamostra_80pct,109,190204,v_7772aff8ada6665c,True
subamostra_80pct,109,190211,v_d8aaef5ba56b0143,True
subamostra_80pct,109,190301,v_fa471d6fbc85cb1f,True
subamostra_80pct,109,190302,v_6822f94c8991cc97,True
subamostra_80pct,109,190303,v_0cc70a5c3843afef,True
subamostra_80pct,109,190306,v_e9bc00073fb6ee06,True
subamostra_80pct,109,190307,v_cb7a5527c7241bcc,True
subamostra_80pct,109,190417,v_86ab5625ffedec06,True
subamostra_80pct,109,190418,v_73f93b538ab65f9b,True
subamostra_80pct,109,190602,v_3baf6fc9b7674dd5,True
subamostra_80pct,109,190603,v_275690d2e0c703e6,True
subamostra_80pct,109,190605,v_62d90b1f682f60e4,True
subamostra_80pct,110,110201,v_d2a347430692cccd,True
subamostra_80pct,110,110210,v_252342c7f49f80e6,True
subamostra_80pct,110,110301,v_4c59f65b4cddf39b,True
subamostra_80pct,110,110302,v_4c59f65b4cddf39b,True
subamostra_80pct,110,110401,v_fe6416f493ddd855,True
subamostra_80pct,110,120221,v_65fe89dd42f9233b,True
subamostra_80pct,110,120224,v_6c1322bcdadbc4aa,True
subamostra_80pct,110,120232,v_9e2c420e28f08f02,True
subamostra_80pct,110,120241,v_17b10d9c9dcce781,True
subamostra_80pct,110,120301,v_4c59f65b4cddf39b,True
subamostra_80pct,110,120302,v_4c59f65b4cddf39b,True
subamostra_80pct,110,120303,v_4c59f65b4cddf39b,True
subamostra_80pct,110,120304,v_cfc46a1e6fee449f,True
subamostra_80pct,110,130104,v_a2c8ab32bb99749e,True
subamostra_80pct,110,130109,v_33eecbd3c316d76e,True
subamostra_80pct,110,130110,v_7374736633a4f48d,True
subamostra_80pct,110,130111,v_33eecbd3c316d76e,True
subamostra_80pct,110,130112,v_7374736633a4f48d,True
subamostra_80pct,110,130113,v_33eecbd3c316d76e,True
subamostra_80pct,110,130202,v_e2e52cba3a2ef983,True
subamostra_80pct,110,130209,v_4084768b50e6b216,True
subamostra_80pct,110,130210,v_081d020777014708,True
subamostra_80pct,110,130211,v_69517c5e98ee3893,True
subamostra_80pct,110,130222,v_67238874b06f5313,True
subamostra_80pct,110,130225,v_948103301b8dacda,True
subamostra_80pct,110,130226,v_aa2a63f981912262,True
subamostra_80pct,110,130228,v_daf99c12b1dacd5e,True
subamostra_80pct,110,130230,v_18b17ced41ec4192,True
subamostra_80pct,110,130231,v_18b17ced41ec4192,True
subamostra_80pct,110,130233,v_9d39b35ba93fa234,True
subamostra_80pct,110,130234,v_707677f9757aa1ea,True
subamostra_80pct,110,130236,v_41d7784f76cc4bf7,True
subamostra_80pct,110,190101,v_757a95c8a3cb40b3,True
subamostra_80pct,110,190102,v_5f1fa37a37d0d251,True
subamostra_80pct,110,190103,v_f5f7fcbc7ffe43f8,True
subamostra_80pct,110,190104,v_d8aaef5ba56b0143,True
subamostra_80pct,110,190106,v_7772aff8ada6665c,True
subamostra_80pct,110,190107,v_c26285872c899de9,True
subamostra_80pct,110,190108,v_1ddc5f355b91f535,True
subamostra_80pct,110,190115,v_d8aaef5ba56b0143,True
subamostra_80pct,110,190116,v_61253787c539a966,True
subamostra_80pct,110,190117,v_7772aff8ada6665c,True
subamostra_80pct,110,190121,v_dfc2cd0a407647a1,True
subamostra_80pct,110,190201,v_42425ef1b6be46c9,True
subamostra_80pct,110,190202,v_75e4f5dfca1df21a,True
subamostra_80pct,110,190203,v_7772aff8ada6665c,True
subamostra_80pct,110,190205,v_595768cdbb1e50d7,True
subamostra_80pct,110,190211,v_d8aaef5ba56b0143,True
subamostra_80pct,110,190302,v_6822f94c8991cc97,True
subamostra_80pct,110,190303,v_0cc70a5c3843afef,True
subamostra_80pct,110,190306,v_e9bc00073fb6ee06,True
subamostra_80pct,110,190307,v_cb7a5527c7241bcc,True
subamostra_80pct,110,190418,v_73f93b538ab65f9b,True
subamostra_80pct,110,190602,v_3baf6fc9b7674dd5,True
subamostra_80pct,110,190603,v_275690d2e0c703e6,True
subamostra_80pct,110,190605,v_62d90b1f682f60e4,True
subamostra_80pct,111,110210,v_252342c7f49f80e6,True
subamostra_80pct,111,110301,v_4c59f65b4cddf39b,True
subamostra_80pct,111,110302,v_4c59f65b4cddf39b,True
subamostra_80pct,111,120101,v_a2c8ab32bb99749e,True
subamostra_80pct,111,120201,v_f642d35ec76032eb,True
subamostra_80pct,111,120232,v_9e2c420e28f08f02,True
subamostra_80pct,111,120301,v_4c59f65b4cddf39b,True
subamostra_80pct,111,120302,v_4c59f65b4cddf39b,True
subamostra_80pct,111,120303,v_4c59f65b4cddf39b,True
subamostra_80pct,111,120304,v_cfc46a1e6fee449f,True
subamostra_80pct,111,120308,v_a362869115671df5,True
subamostra_80pct,111,130103,v_a2c8ab32bb99749e,True
subamostra_80pct,111,130104,v_a2c8ab32bb99749e,True
subamostra_80pct,111,130109,v_33eecbd3c316d76e,True
subamostra_80pct,111,130110,v_7374736633a4f48d,True
subamostra_80pct,111,130112,v_7374736633a4f48d,True
subamostra_80pct,111,130113,v_33eecbd3c316d76e,True
subamostra_80pct,111,130205,v_a0bae2d76326d8c8,True
subamostra_80pct,111,130209,v_4084768b50e6b216,True
subamostra_80pct,111,130210,v_081d020777014708,True
subamostra_80pct,111,130211,v_69517c5e98ee3893,True
subamostra_80pct,111,130222,v_67238874b06f5313,True
subamostra_80pct,111,130223,v_8068b6772e214165,True
subamostra_80pct,111,130225,v_948103301b8dacda,True
subamostra_80pct,111,130226,v_aa2a63f981912262,True
subamostra_80pct,111,130231,v_18b17ced41ec4192,True
subamostra_80pct,111,130233,v_9d39b35ba93fa234,True
subamostra_80pct,111,130236,v_41d7784f76cc4bf7,True
subamostra_80pct,111,130237,v_daf99c12b1dacd5e,True
subamostra_80pct,111,130403,v_c6225bc81a0200b7,True
subamostra_80pct,111,190101,v_757a95c8a3cb40b3,True
subamostra_80pct,111,190102,v_5f1fa37a37d0d251,True
subamostra_80pct,111,190103,v_f5f7fcbc7ffe43f8,True
subamostra_80pct,111,190104,v_d8aaef5ba56b0143,True
subamostra_80pct,111,190105,v_61253787c539a966,True
subamostra_80pct,111,190106,v_7772aff8ada6665c,True
subamostra_80pct,111,190107,v_c26285872c899de9,True
subamostra_80pct,111,190108,v_1ddc5f355b91f535,True
subamostra_80pct,111,190114,v_9591742a2e6b7c64,True
subamostra_80pct,111,190115,v_d8aaef5ba56b0143,True
subamostra_80pct,111,190117,v_7772aff8ada6665c,True
subamostra_80pct,111,190121,v_dfc2cd0a407647a1,True
subamostra_80pct,111,190202,v_75e4f5dfca1df21a,True
subamostra_80pct,111,190203,v_7772aff8ada6665c,True
subamostra_80pct,111,190204,v_7772aff8ada6665c,True
subamostra_80pct,111,190205,v_595768cdbb1e50d7,True
subamostra_80pct,111,190211,v_d8aaef5ba56b0143,True
subamostra_80pct,111,190301,v_fa471d6fbc85cb1f,True
subamostra_80pct,111,190302,v_6822f94c8991cc97,True
subamostra_80pct,111,190306,v_e9bc00073fb6ee06,True
subamostra_80pct,111,190307,v_cb7a5527c7241bcc,True
subamostra_80pct,111,190417,v_86ab5625ffedec06,True
subamostra_80pct,111,190418,v_73f93b538ab65f9b,True
subamostra_80pct,111,190602,v_3baf6fc9b7674dd5,True
subamostra_80pct,111,190603,v_275690d2e0c703e6,True
subamostra_80pct,111,190605,v_62d90b1f682f60e4,True
subamostra_80pct,112,110101,v_a2c8ab32bb99749e,True
subamostra_80pct,112,110201,v_d2a347430692cccd,True
subamostra_80pct,112,110210,v_252342c7f49f80e6,True
subamostra_80pct,112,110301,v_4c59f65b4cddf39b,True
subamostra_80pct,112,110302,v_4c59f65b4cddf39b,True
subamostra_80pct,112,120101,v_a2c8ab32bb99749e,True
subamostra_80pct,112,120201,v_f642d35ec76032eb,True
subamostra_80pct,112,120224,v_6c1322bcdadbc4aa,True
subamostra_80pct,112,120232,v_9e2c420e28f08f02,True
subamostra_80pct,112,120241,v_17b10d9c9dcce781,True
subamostra_80pct,112,120301,v_4c59f65b4cddf39b,True
subamostra_80pct,112,120302,v_4c59f65b4cddf39b,True
subamostra_80pct,112,120304,v_cfc46a1e6fee449f,True
subamostra_80pct,112,120308,v_a362869115671df5,True
subamostra_80pct,112,130104,v_a2c8ab32bb99749e,True
subamostra_80pct,112,130109,v_33eecbd3c316d76e,True
subamostra_80pct,112,130111,v_33eecbd3c316d76e,True
subamostra_80pct,112,130113,v_33eecbd3c316d76e,True
subamostra_80pct,112,130202,v_e2e52cba3a2ef983,True
subamostra_80pct,112,130205,v_a0bae2d76326d8c8,True
subamostra_80pct,112,130209,v_4084768b50e6b216,True
subamostra_80pct,112,130210,v_081d020777014708,True
subamostra_80pct,112,130211,v_69517c5e98ee3893,True
subamostra_80pct,112,130223,v_8068b6772e214165,True
subamostra_80pct,112,130225,v_948103301b8dacda,True
subamostra_80pct,112,130226,v_aa2a63f981912262,True
subamostra_80pct,112,130228,v_daf99c12b1dacd5e,True
subamostra_80pct,112,130230,v_18b17ced41ec4192,True
subamostra_80pct,112,130231,v_18b17ced41ec4192,True
subamostra_80pct,112,130236,v_41d7784f76cc4bf7,True
subamostra_80pct,112,130237,v_daf99c12b1dacd5e,True
subamostra_80pct,112,130403,v_c6225bc81a0200b7,True
subamostra_80pct,112,190101,v_757a95c8a3cb40b3,True
subamostra_80pct,112,190102,v_5f1fa37a37d0d251,True
subamostra_80pct,112,190103,v_f5f7fcbc7ffe43f8,True
subamostra_80pct,112,190105,v_61253787c539a966,True
subamostra_80pct,112,190106,v_7772aff8ada6665c,True
subamostra_80pct,112,190107,v_c26285872c899de9,True
subamostra_80pct,112,190108,v_1ddc5f355b91f535,True
subamostra_80pct,112,190114,v_9591742a2e6b7c64,True
subamostra_80pct,112,190115,v_d8aaef5ba56b0143,True
subamostra_80pct,112,190116,v_61253787c539a966,True
subamostra_80pct,112,190117,v_7772aff8ada6665c,True
subamostra_80pct,112,190121,v_dfc2cd0a407647a1,True
subamostra_80pct,112,190201,v_42425ef1b6be46c9,True
subamostra_80pct,112,190204,v_7772aff8ada6665c,True
subamostra_80pct,112,190205,v_595768cdbb1e50d7,True
subamostra_80pct,112,190211,v_d8aaef5ba56b0143,True
subamostra_80pct,112,190302,v_6822f94c8991cc97,True
subamostra_80pct,112,190303,v_0cc70a5c3843afef,True
subamostra_80pct,112,190306,v_e9bc00073fb6ee06,True
subamostra_80pct,112,190417,v_86ab5625ffedec06,True
subamostra_80pct,112,190418,v_73f93b538ab65f9b,True
subamostra_80pct,112,190602,v_3baf6fc9b7674dd5,True
subamostra_80pct,112,190603,v_275690d2e0c703e6,True
subamostra_80pct,112,190605,v_62d90b1f682f60e4,True
subamostra_80pct,113,110101,v_a2c8ab32bb99749e,True
subamostra_80pct,113,110201,v_d2a347430692cccd,True
subamostra_80pct,113,110210,v_252342c7f49f80e6,True
subamostra_80pct,113,110301,v_4c59f65b4cddf39b,True
subamostra_80pct,113,110302,v_4c59f65b4cddf39b,True
subamostra_80pct,113,110401,v_fe6416f493ddd855,True
subamostra_80pct,113,120101,v_a2c8ab32bb99749e,True
subamostra_80pct,113,120221,v_65fe89dd42f9233b,True
subamostra_80pct,113,120232,v_9e2c420e28f08f02,True
subamostra_80pct,113,120241,v_17b10d9c9dcce781,True
subamostra_80pct,113,120301,v_4c59f65b4cddf39b,True
subamostra_80pct,113,120302,v_4c59f65b4cddf39b,True
subamostra_80pct,113,120303,v_4c59f65b4cddf39b,True
subamostra_80pct,113,120304,v_cfc46a1e6fee449f,True
subamostra_80pct,113,130103,v_a2c8ab32bb99749e,True
subamostra_80pct,113,130104,v_a2c8ab32bb99749e,True
subamostra_80pct,113,130109,v_33eecbd3c316d76e,True
subamostra_80pct,113,130111,v_33eecbd3c316d76e,True
subamostra_80pct,113,130112,v_7374736633a4f48d,True
subamostra_80pct,113,130113,v_33eecbd3c316d76e,True
subamostra_80pct,113,130202,v_e2e52cba3a2ef983,True
subamostra_80pct,113,130205,v_a0bae2d76326d8c8,True
subamostra_80pct,113,130209,v_4084768b50e6b216,True
subamostra_80pct,113,130210,v_081d020777014708,True
subamostra_80pct,113,130211,v_69517c5e98ee3893,True
subamostra_80pct,113,130222,v_67238874b06f5313,True
subamostra_80pct,113,130225,v_948103301b8dacda,True
subamostra_80pct,113,130228,v_daf99c12b1dacd5e,True
subamostra_80pct,113,130230,v_18b17ced41ec4192,True
subamostra_80pct,113,130233,v_9d39b35ba93fa234,True
subamostra_80pct,113,130237,v_daf99c12b1dacd5e,True
subamostra_80pct,113,130403,v_c6225bc81a0200b7,True
subamostra_80pct,113,190102,v_5f1fa37a37d0d251,True
subamostra_80pct,113,190103,v_f5f7fcbc7ffe43f8,True
subamostra_80pct,113,190105,v_61253787c539a966,True
subamostra_80pct,113,190106,v_7772aff8ada6665c,True
subamostra_80pct,113,190107,v_c26285872c899de9,True
subamostra_80pct,113,190108,v_1ddc5f355b91f535,True
subamostra_80pct,113,190114,v_9591742a2e6b7c64,True
subamostra_80pct,113,190115,v_d8aaef5ba56b0143,True
subamostra_80pct,113,190116,v_61253787c539a966,True
subamostra_80pct,113,190117,v_7772aff8ada6665c,True
subamostra_80pct,113,190121,v_dfc2cd0a407647a1,True
subamostra_80pct,113,190202,v_75e4f5dfca1df21a,True
subamostra_80pct,113,190203,v_7772aff8ada6665c,True
subamostra_80pct,113,190204,v_7772aff8ada6665c,True
subamostra_80pct,113,190205,v_595768cdbb1e50d7,True
subamostra_80pct,113,190211,v_d8aaef5ba56b0143,True
subamostra_80pct,113,190301,v_fa471d6fbc85cb1f,True
subamostra_80pct,113,190302,v_6822f94c8991cc97,True
subamostra_80pct,113,190303,v_0cc70a5c3843afef,True
subamostra_80pct,113,190306,v_e9bc00073fb6ee06,True
subamostra_80pct,113,190307,v_cb7a5527c7241bcc,True
subamostra_80pct,113,190417,v_86ab5625ffedec06,True
subamostra_80pct,113,190602,v_3baf6fc9b7674dd5,True
subamostra_80pct,113,190603,v_275690d2e0c703e6,True
subamostra_80pct,114,110101,v_a2c8ab32bb99749e,True
subamostra_80pct,114,110201,v_d2a347430692cccd,True
subamostra_80pct,114,110210,v_252342c7f49f80e6,True
subamostra_80pct,114,110301,v_4c59f65b4cddf39b,True
subamostra_80pct,114,110302,v_4c59f65b4cddf39b,True
subamostra_80pct,114,110401,v_fe6416f493ddd855,True
subamostra_80pct,114,120101,v_a2c8ab32bb99749e,True
subamostra_80pct,114,120221,v_65fe89dd42f9233b,True
subamostra_80pct,114,120224,v_6c1322bcdadbc4aa,True
subamostra_80pct,114,120232,v_9e2c420e28f08f02,True
subamostra_80pct,114,120241,v_17b10d9c9dcce781,True
subamostra_80pct,114,120301,v_4c59f65b4cddf39b,True
subamostra_80pct,114,120302,v_4c59f65b4cddf39b,True
subamostra_80pct,114,120303,v_4c59f65b4cddf39b,True
subamostra_80pct,114,120304,v_cfc46a1e6fee449f,True
subamostra_80pct,114,120308,v_a362869115671df5,True
subamostra_80pct,114,130103,v_a2c8ab32bb99749e,True
subamostra_80pct,114,130104,v_a2c8ab32bb99749e,True
subamostra_80pct,114,130109,v_33eecbd3c316d76e,True
subamostra_80pct,114,130110,v_7374736633a4f48d,True
subamostra_80pct,114,130111,v_33eecbd3c316d76e,True
subamostra_80pct,114,130112,v_7374736633a4f48d,True
subamostra_80pct,114,130113,v_33eecbd3c316d76e,True
subamostra_80pct,114,130205,v_a0bae2d76326d8c8,True
subamostra_80pct,114,130209,v_4084768b50e6b216,True
subamostra_80pct,114,130210,v_081d020777014708,True
subamostra_80pct,114,130211,v_69517c5e98ee3893,True
subamostra_80pct,114,130222,v_67238874b06f5313,True
subamostra_80pct,114,130223,v_8068b6772e214165,True
subamostra_80pct,114,130225,v_948103301b8dacda,True
subamostra_80pct,114,130230,v_18b17ced41ec4192,True
subamostra_80pct,114,130231,v_18b17ced41ec4192,True
subamostra_80pct,114,130233,v_9d39b35ba93fa234,True
subamostra_80pct,114,130234,v_707677f9757aa1ea,True
subamostra_80pct,114,130237,v_daf99c12b1dacd5e,True
subamostra_80pct,114,130403,v_c6225bc81a0200b7,True
subamostra_80pct,114,190101,v_757a95c8a3cb40b3,True
subamostra_80pct,114,190102,v_5f1fa37a37d0d251,True
subamostra_80pct,114,190103,v_f5f7fcbc7ffe43f8,True
subamostra_80pct,114,190104,v_d8aaef5ba56b0143,True
subamostra_80pct,114,190105,v_61253787c539a966,True
subamostra_80pct,114,190107,v_c26285872c899de9,True
subamostra_80pct,114,190108,v_1ddc5f355b91f535,True
subamostra_80pct,114,190114,v_9591742a2e6b7c64,True
subamostra_80pct,114,190115,v_d8aaef5ba56b0143,True
subamostra_80pct,114,190117,v_7772aff8ada6665c,True
subamostra_80pct,114,190121,v_dfc2cd0a407647a1,True
subamostra_80pct,114,190201,v_42425ef1b6be46c9,True
subamostra_80pct,114,190204,v_7772aff8ada6665c,True
subamostra_80pct,114,190205,v_595768cdbb1e50d7,True
subamostra_80pct,114,190301,v_fa471d6fbc85cb1f,True
subamostra_80pct,114,190302,v_6822f94c8991cc97,True
subamostra_80pct,114,190303,v_0cc70a5c3843afef,True
subamostra_80pct,114,190306,v_e9bc00073fb6ee06,True
subamostra_80pct,114,190418,v_73f93b538ab65f9b,True
subamostra_80pct,114,190605,v_62d90b1f682f60e4,True
subamostra_80pct,115,110101,v_a2c8ab32bb99749e,True
subamostra_80pct,115,110201,v_d2a347430692cccd,True
subamostra_80pct,115,110301,v_4c59f65b4cddf39b,True
subamostra_80pct,115,110302,v_4c59f65b4cddf39b,True
subamostra_80pct,115,110401,v_fe6416f493ddd855,True
subamostra_80pct,115,120101,v_a2c8ab32bb99749e,True
subamostra_80pct,115,120201,v_f642d35ec76032eb,True
subamostra_80pct,115,120224,v_6c1322bcdadbc4aa,True
subamostra_80pct,115,120232,v_9e2c420e28f08f02,True
subamostra_80pct,115,120241,v_17b10d9c9dcce781,True
subamostra_80pct,115,120301,v_4c59f65b4cddf39b,True
subamostra_80pct,115,120302,v_4c59f65b4cddf39b,True
subamostra_80pct,115,120303,v_4c59f65b4cddf39b,True
subamostra_80pct,115,120308,v_a362869115671df5,True
subamostra_80pct,115,130103,v_a2c8ab32bb99749e,True
subamostra_80pct,115,130104,v_a2c8ab32bb99749e,True
subamostra_80pct,115,130109,v_33eecbd3c316d76e,True
subamostra_80pct,115,130110,v_7374736633a4f48d,True
subamostra_80pct,115,130111,v_33eecbd3c316d76e,True
subamostra_80pct,115,130113,v_33eecbd3c316d76e,True
subamostra_80pct,115,130202,v_e2e52cba3a2ef983,True
subamostra_80pct,115,130211,v_69517c5e98ee3893,True
subamostra_80pct,115,130223,v_8068b6772e214165,True
subamostra_80pct,115,130226,v_aa2a63f981912262,True
subamostra_80pct,115,130230,v_18b17ced41ec4192,True
subamostra_80pct,115,130231,v_18b17ced41ec4192,True
subamostra_80pct,115,130233,v_9d39b35ba93fa234,True
subamostra_80pct,115,130234,v_707677f9757aa1ea,True
subamostra_80pct,115,130236,v_41d7784f76cc4bf7,True
subamostra_80pct,115,130237,v_daf99c12b1dacd5e,True
subamostra_80pct,115,130403,v_c6225bc81a0200b7,True
subamostra_80pct,115,190101,v_757a95c8a3cb40b3,True
subamostra_80pct,115,190102,v_5f1fa37a37d0d251,True
subamostra_80pct,115,190103,v_f5f7fcbc7ffe43f8,True
subamostra_80pct,115,190104,v_d8aaef5ba56b0143,True
subamostra_80pct,115,190105,v_61253787c539a966,True
subamostra_80pct,115,190106,v_7772aff8ada6665c,True
subamostra_80pct,115,190107,v_c26285872c899de9,True
subamostra_80pct,115,190108,v_1ddc5f355b91f535,True
subamostra_80pct,115,190115,v_d8aaef5ba56b0143,True
subamostra_80pct,115,190116,v_61253787c539a966,True
subamostra_80pct,115,190121,v_dfc2cd0a407647a1,True
subamostra_80pct,115,190201,v_42425ef1b6be46c9,True
subamostra_80pct,115,190202,v_75e4f5dfca1df21a,True
subamostra_80pct,115,190203,v_7772aff8ada6665c,True
subamostra_80pct,115,190204,v_7772aff8ada6665c,True
subamostra_80pct,115,190205,v_595768cdbb1e50d7,True
subamostra_80pct,115,190211,v_d8aaef5ba56b0143,True
subamostra_80pct,115,190302,v_6822f94c8991cc97,True
subamostra_80pct,115,190303,v_0cc70a5c3843afef,True
subamostra_80pct,115,190306,v_e9bc00073fb6ee06,True
subamostra_80pct,115,190417,v_86ab5625ffedec06,True
subamostra_80pct,115,190418,v_73f93b538ab65f9b,True
subamostra_80pct,115,190602,v_3baf6fc9b7674dd5,True
subamostra_80pct,115,190603,v_275690d2e0c703e6,True
subamostra_80pct,115,190605,v_62d90b1f682f60e4,True
subamostra_80pct,116,110101,v_a2c8ab32bb99749e,True
subamostra_80pct,116,110201,v_d2a347430692cccd,True
subamostra_80pct,116,110210,v_252342c7f49f80e6,True
subamostra_80pct,116,110301,v_4c59f65b4cddf39b,True
subamostra_80pct,116,110401,v_fe6416f493ddd855,True
subamostra_80pct,116,120101,v_a2c8ab32bb99749e,True
subamostra_80pct,116,120221,v_65fe89dd42f9233b,True
subamostra_80pct,116,120232,v_9e2c420e28f08f02,True
subamostra_80pct,116,120241,v_17b10d9c9dcce781,True
subamostra_80pct,116,120301,v_4c59f65b4cddf39b,True
subamostra_80pct,116,120304,v_cfc46a1e6fee449f,True
subamostra_80pct,116,120308,v_a362869115671df5,True
subamostra_80pct,116,130103,v_a2c8ab32bb99749e,True
subamostra_80pct,116,130104,v_a2c8ab32bb99749e,True
subamostra_80pct,116,130109,v_33eecbd3c316d76e,True
subamostra_80pct,116,130110,v_7374736633a4f48d,True
subamostra_80pct,116,130112,v_7374736633a4f48d,True
subamostra_80pct,116,130202,v_e2e52cba3a2ef983,True
subamostra_80pct,116,130205,v_a0bae2d76326d8c8,True
subamostra_80pct,116,130209,v_4084768b50e6b216,True
subamostra_80pct,116,130210,v_081d020777014708,True
subamostra_80pct,116,130211,v_69517c5e98ee3893,True
subamostra_80pct,116,130222,v_67238874b06f5313,True
subamostra_80pct,116,130225,v_948103301b8dacda,True
subamostra_80pct,116,130226,v_aa2a63f981912262,True
subamostra_80pct,116,130228,v_daf99c12b1dacd5e,True
subamostra_80pct,116,130230,v_18b17ced41ec4192,True
subamostra_80pct,116,130231,v_18b17ced41ec4192,True
subamostra_80pct,116,130233,v_9d39b35ba93fa234,True
subamostra_80pct,116,130234,v_707677f9757aa1ea,True
subamostra_80pct,116,130236,v_41d7784f76cc4bf7,True
subamostra_80pct,116,130237,v_daf99c12b1dacd5e,True
subamostra_80pct,116,130403,v_c6225bc81a0200b7,True
subamostra_80pct,116,190101,v_757a95c8a3cb40b3,True
subamostra_80pct,116,190103,v_f5f7fcbc7ffe43f8,True
subamostra_80pct,116,190104,v_d8aaef5ba56b0143,True
subamostra_80pct,116,190105,v_61253787c539a966,True
subamostra_80pct,116,190107,v_c26285872c899de9,True
subamostra_80pct,116,190108,v_1ddc5f355b91f535,True
subamostra_80pct,116,190115,v_d8aaef5ba56b0143,True
subamostra_80pct,116,190116,v_61253787c539a966,True
subamostra_80pct,116,190117,v_7772aff8ada6665c,True
subamostra_80pct,116,190121,v_dfc2cd0a407647a1,True
subamostra_80pct,116,190201,v_42425ef1b6be46c9,True
subamostra_80pct,116,190204,v_7772aff8ada6665c,True
subamostra_80pct,116,190205,v_595768cdbb1e50d7,True
subamostra_80pct,116,190211,v_d8aaef5ba56b0143,True
subamostra_80pct,116,190301,v_fa471d6fbc85cb1f,True
subamostra_80pct,116,190302,v_6822f94c8991cc97,True
subamostra_80pct,116,190303,v_0cc70a5c3843afef,True
subamostra_80pct,116,190306,v_e9bc00073fb6ee06,True
subamostra_80pct,116,190307,v_cb7a5527c7241bcc,True
subamostra_80pct,116,190418,v_73f93b538ab65f9b,True
subamostra_80pct,116,190602,v_3baf6fc9b7674dd5,True
subamostra_80pct,116,190603,v_275690d2e0c703e6,True
subamostra_80pct,116,190605,v_62d90b1f682f60e4,True
subamostra_80pct,117,110101,v_a2c8ab32bb99749e,True
subamostra_80pct,117,110201,v_d2a347430692cccd,True
subamostra_80pct,117,110210,v_252342c7f49f80e6,True
subamostra_80pct,117,110301,v_4c59f65b4cddf39b,True
subamostra_80pct,117,110302,v_4c59f65b4cddf39b,True
subamostra_80pct,117,110401,v_fe6416f493ddd855,True
subamostra_80pct,117,120101,v_a2c8ab32bb99749e,True
subamostra_80pct,117,120201,v_f642d35ec76032eb,True
subamostra_80pct,117,120224,v_6c1322bcdadbc4aa,True
subamostra_80pct,117,120232,v_9e2c420e28f08f02,True
subamostra_80pct,117,120241,v_17b10d9c9dcce781,True
subamostra_80pct,117,120301,v_4c59f65b4cddf39b,True
subamostra_80pct,117,120303,v_4c59f65b4cddf39b,True
subamostra_80pct,117,120308,v_a362869115671df5,True
subamostra_80pct,117,130103,v_a2c8ab32bb99749e,True
subamostra_80pct,117,130104,v_a2c8ab32bb99749e,True
subamostra_80pct,117,130109,v_33eecbd3c316d76e,True
subamostra_80pct,117,130111,v_33eecbd3c316d76e,True
subamostra_80pct,117,130112,v_7374736633a4f48d,True
subamostra_80pct,117,130113,v_33eecbd3c316d76e,True
subamostra_80pct,117,130202,v_e2e52cba3a2ef983,True
subamostra_80pct,117,130205,v_a0bae2d76326d8c8,True
subamostra_80pct,117,130209,v_4084768b50e6b216,True
subamostra_80pct,117,130210,v_081d020777014708,True
subamostra_80pct,117,130211,v_69517c5e98ee3893,True
subamostra_80pct,117,130223,v_8068b6772e214165,True
subamostra_80pct,117,130225,v_948103301b8dacda,True
subamostra_80pct,117,130226,v_aa2a63f981912262,True
subamostra_80pct,117,130228,v_daf99c12b1dacd5e,True
subamostra_80pct,117,130230,v_18b17ced41ec4192,True
subamostra_80pct,117,130233,v_9d39b35ba93fa234,True
subamostra_80pct,117,130234,v_707677f9757aa1ea,True
subamostra_80pct,117,130236,v_41d7784f76cc4bf7,True
subamostra_80pct,117,130237,v_daf99c12b1dacd5e,True
subamostra_80pct,117,130403,v_c6225bc81a0200b7,True
subamostra_80pct,117,190101,v_757a95c8a3cb40b3,True
subamostra_80pct,117,190102,v_5f1fa37a37d0d251,True
subamostra_80pct,117,190104,v_d8aaef5ba56b0143,True
subamostra_80pct,117,190106,v_7772aff8ada6665c,True
subamostra_80pct,117,190107,v_c26285872c899de9,True
subamostra_80pct,117,190115,v_d8aaef5ba56b0143,True
subamostra_80pct,117,190116,v_61253787c539a966,True
subamostra_80pct,117,190117,v_7772aff8ada6665c,True
subamostra_80pct,117,190121,v_dfc2cd0a407647a1,True
subamostra_80pct,117,190201,v_42425ef1b6be46c9,True
subamostra_80pct,117,190202,v_75e4f5dfca1df21a,True
subamostra_80pct,117,190204,v_7772aff8ada6665c,True
subamostra_80pct,117,190205,v_595768cdbb1e50d7,True
subamostra_80pct,117,190211,v_d8aaef5ba56b0143,True
subamostra_80pct,117,190303,v_0cc70a5c3843afef,True
subamostra_80pct,117,190306,v_e9bc00073fb6ee06,True
subamostra_80pct,117,190307,v_cb7a5527c7241bcc,True
subamostra_80pct,117,190417,v_86ab5625ffedec06,True
subamostra_80pct,117,190418,v_73f93b538ab65f9b,True
subamostra_80pct,117,190602,v_3baf6fc9b7674dd5,True
subamostra_80pct,117,190605,v_62d90b1f682f60e4,True
subamostra_80pct,118,110101,v_a2c8ab32bb99749e,True
subamostra_80pct,118,110201,v_d2a347430692cccd,True
subamostra_80pct,118,110210,v_252342c7f49f80e6,True
subamostra_80pct,118,110301,v_4c59f65b4cddf39b,True
subamostra_80pct,118,110302,v_4c59f65b4cddf39b,True
subamostra_80pct,118,110401,v_fe6416f493ddd855,True
subamostra_80pct,118,120221,v_65fe89dd42f9233b,True
subamostra_80pct,118,120232,v_9e2c420e28f08f02,True
subamostra_80pct,118,120301,v_4c59f65b4cddf39b,True
subamostra_80pct,118,120302,v_4c59f65b4cddf39b,True
subamostra_80pct,118,120303,v_4c59f65b4cddf39b,True
subamostra_80pct,118,120308,v_a362869115671df5,True
subamostra_80pct,118,130103,v_a2c8ab32bb99749e,True
subamostra_80pct,118,130104,v_a2c8ab32bb99749e,True
subamostra_80pct,118,130109,v_33eecbd3c316d76e,True
subamostra_80pct,118,130110,v_7374736633a4f48d,True
subamostra_80pct,118,130111,v_33eecbd3c316d76e,True
subamostra_80pct,118,130112,v_7374736633a4f48d,True
subamostra_80pct,118,130113,v_33eecbd3c316d76e,True
subamostra_80pct,118,130202,v_e2e52cba3a2ef983,True
subamostra_80pct,118,130209,v_4084768b50e6b216,True
subamostra_80pct,118,130210,v_081d020777014708,True
subamostra_80pct,118,130211,v_69517c5e98ee3893,True
subamostra_80pct,118,130222,v_67238874b06f5313,True
subamostra_80pct,118,130223,v_8068b6772e214165,True
subamostra_80pct,118,130225,v_948103301b8dacda,True
subamostra_80pct,118,130226,v_aa2a63f981912262,True
subamostra_80pct,118,130230,v_18b17ced41ec4192,True
subamostra_80pct,118,130231,v_18b17ced41ec4192,True
subamostra_80pct,118,130233,v_9d39b35ba93fa234,True
subamostra_80pct,118,130236,v_41d7784f76cc4bf7,True
subamostra_80pct,118,130237,v_daf99c12b1dacd5e,True
subamostra_80pct,118,130403,v_c6225bc81a0200b7,True
subamostra_80pct,118,190101,v_757a95c8a3cb40b3,True
subamostra_80pct,118,190102,v_5f1fa37a37d0d251,True
subamostra_80pct,118,190103,v_f5f7fcbc7ffe43f8,True
subamostra_80pct,118,190105,v_61253787c539a966,True
subamostra_80pct,118,190106,v_7772aff8ada6665c,True
subamostra_80pct,118,190107,v_c26285872c899de9,True
subamostra_80pct,118,190108,v_1ddc5f355b91f535,True
subamostra_80pct,118,190114,v_9591742a2e6b7c64,True
subamostra_80pct,118,190115,v_d8aaef5ba56b0143,True
subamostra_80pct,118,190116,v_61253787c539a966,True
subamostra_80pct,118,190117,v_7772aff8ada6665c,True
subamostra_80pct,118,190121,v_dfc2cd0a407647a1,True
subamostra_80pct,118,190201,v_42425ef1b6be46c9,True
subamostra_80pct,118,190202,v_75e4f5dfca1df21a,True
subamostra_80pct,118,190204,v_7772aff8ada6665c,True
subamostra_80pct,118,190205,v_595768cdbb1e50d7,True
subamostra_80pct,118,190301,v_fa471d6fbc85cb1f,True
subamostra_80pct,118,190302,v_6822f94c8991cc97,True
subamostra_80pct,118,190303,v_0cc70a5c3843afef,True
subamostra_80pct,118,190306,v_e9bc00073fb6ee06,True
subamostra_80pct,118,190307,v_cb7a5527c7241bcc,True
subamostra_80pct,118,190417,v_86ab5625ffedec06,True
subamostra_80pct,118,190418,v_73f93b538ab65f9b,True
subamostra_80pct,119,110101,v_a2c8ab32bb99749e,True
subamostra_80pct,119,110201,v_d2a347430692cccd,True
subamostra_80pct,119,110301,v_4c59f65b4cddf39b,True
subamostra_80pct,119,110302,v_4c59f65b4cddf39b,True
subamostra_80pct,119,110401,v_fe6416f493ddd855,True
subamostra_80pct,119,120101,v_a2c8ab32bb99749e,True
subamostra_80pct,119,120201,v_f642d35ec76032eb,True
subamostra_80pct,119,120221,v_65fe89dd42f9233b,True
subamostra_80pct,119,120232,v_9e2c420e28f08f02,True
subamostra_80pct,119,120241,v_17b10d9c9dcce781,True
subamostra_80pct,119,120301,v_4c59f65b4cddf39b,True
subamostra_80pct,119,120302,v_4c59f65b4cddf39b,True
subamostra_80pct,119,120303,v_4c59f65b4cddf39b,True
subamostra_80pct,119,120304,v_cfc46a1e6fee449f,True
subamostra_80pct,119,120308,v_a362869115671df5,True
subamostra_80pct,119,130103,v_a2c8ab32bb99749e,True
subamostra_80pct,119,130104,v_a2c8ab32bb99749e,True
subamostra_80pct,119,130109,v_33eecbd3c316d76e,True
subamostra_80pct,119,130110,v_7374736633a4f48d,True
subamostra_80pct,119,130111,v_33eecbd3c316d76e,True
subamostra_80pct,119,130112,v_7374736633a4f48d,True
subamostra_80pct,119,130202,v_e2e52cba3a2ef983,True
subamostra_80pct,119,130209,v_4084768b50e6b216,True
subamostra_80pct,119,130210,v_081d020777014708,True
subamostra_80pct,119,130211,v_69517c5e98ee3893,True
subamostra_80pct,119,130222,v_67238874b06f5313,True
subamostra_80pct,119,130223,v_8068b6772e214165,True
subamostra_80pct,119,130226,v_aa2a63f981912262,True
subamostra_80pct,119,130228,v_daf99c12b1dacd5e,True
subamostra_80pct,119,130231,v_18b17ced41ec4192,True
subamostra_80pct,119,130234,v_707677f9757aa1ea,True
subamostra_80pct,119,130236,v_41d7784f76cc4bf7,True
subamostra_80pct,119,130237,v_daf99c12b1dacd5e,True
subamostra_80pct,119,130403,v_c6225bc81a0200b7,True
subamostra_80pct,119,190102,v_5f1fa37a37d0d251,True
subamostra_80pct,119,190103,v_f5f7fcbc7ffe43f8,True
subamostra_80pct,119,190104,v_d8aaef5ba56b0143,True
subamostra_80pct,119,190105,v_61253787c539a966,True
subamostra_80pct,119,190106,v_7772aff8ada6665c,True
subamostra_80pct,119,190107,v_c26285872c899de9,True
subamostra_80pct,119,190108,v_1ddc5f355b91f535,True
subamostra_80pct,119,190114,v_9591742a2e6b7c64,True
subamostra_80pct,119,190115,v_d8aaef5ba56b0143,True
subamostra_80pct,119,190116,v_61253787c539a966,True
subamostra_80pct,119,190121,v_dfc2cd0a407647a1,True
subamostra_80pct,119,190201,v_42425ef1b6be46c9,True
subamostra_80pct,119,190202,v_75e4f5dfca1df21a,True
subamostra_80pct,119,190204,v_7772aff8ada6665c,True
subamostra_80pct,119,190205,v_595768cdbb1e50d7,True
subamostra_80pct,119,190301,v_fa471d6fbc85cb1f,True
subamostra_80pct,119,190302,v_6822f94c8991cc97,True
subamostra_80pct,119,190306,v_e9bc00073fb6ee06,True
subamostra_80pct,119,190307,v_cb7a5527c7241bcc,True
subamostra_80pct,119,190417,v_86ab5625ffedec06,True
subamostra_80pct,119,190418,v_73f93b538ab65f9b,True
subamostra_80pct,119,190602,v_3baf6fc9b7674dd5,True
subamostra_grupos_80pct,200,110101,v_a2c8ab32bb99749e,True
subamostra_grupos_80pct,200,110210,v_252342c7f49f80e6,True
subamostra_grupos_80pct,200,110301,v_4c59f65b4cddf39b,True
subamostra_grupos_80pct,200,110302,v_4c59f65b4cddf39b,True
subamostra_grupos_80pct,200,110401,v_fe6416f493ddd855,True
subamostra_grupos_80pct,200,120101,v_a2c8ab32bb99749e,True
subamostra_grupos_80pct,200,120201,v_f642d35ec76032eb,True
subamostra_grupos_80pct,200,120221,v_65fe89dd42f9233b,True
subamostra_grupos_80pct,200,120224,v_6c1322bcdadbc4aa,True
subamostra_grupos_80pct,200,120301,v_4c59f65b4cddf39b,True
subamostra_grupos_80pct,200,120302,v_4c59f65b4cddf39b,True
subamostra_grupos_80pct,200,120303,v_4c59f65b4cddf39b,True
subamostra_grupos_80pct,200,120304,v_cfc46a1e6fee449f,True
subamostra_grupos_80pct,200,120308,v_a362869115671df5,True
subamostra_grupos_80pct,200,130103,v_a2c8ab32bb99749e,True
subamostra_grupos_80pct,200,130104,v_a2c8ab32bb99749e,True
subamostra_grupos_80pct,200,130110,v_7374736633a4f48d,True
subamostra_grupos_80pct,200,130112,v_7374736633a4f48d,True
subamostra_grupos_80pct,200,130202,v_e2e52cba3a2ef983,True
subamostra_grupos_80pct,200,130205,v_a0bae2d76326d8c8,True
subamostra_grupos_80pct,200,130209,v_4084768b50e6b216,True
subamostra_grupos_80pct,200,130210,v_081d020777014708,True
subamostra_grupos_80pct,200,130211,v_69517c5e98ee3893,True
subamostra_grupos_80pct,200,130222,v_67238874b06f5313,True
subamostra_grupos_80pct,200,130225,v_948103301b8dacda,True
subamostra_grupos_80pct,200,130226,v_aa2a63f981912262,True
subamostra_grupos_80pct,200,130230,v_18b17ced41ec4192,True
subamostra_grupos_80pct,200,130231,v_18b17ced41ec4192,True
subamostra_grupos_80pct,200,130233,v_9d39b35ba93fa234,True
subamostra_grupos_80pct,200,130234,v_707677f9757aa1ea,True
subamostra_grupos_80pct,200,130236,v_41d7784f76cc4bf7,True
subamostra_grupos_80pct,200,130403,v_c6225bc81a0200b7,True
subamostra_grupos_80pct,200,190101,v_757a95c8a3cb40b3,True
subamostra_grupos_80pct,200,190102,v_5f1fa37a37d0d251,True
subamostra_grupos_80pct,200,190106,v_7772aff8ada6665c,True
subamostra_grupos_80pct,200,190107,v_c26285872c899de9,True
subamostra_grupos_80pct,200,190108,v_1ddc5f355b91f535,True
subamostra_grupos_80pct,200,190117,v_7772aff8ada6665c,True
subamostra_grupos_80pct,200,190121,v_dfc2cd0a407647a1,True
subamostra_grupos_80pct,200,190201,v_42425ef1b6be46c9,True
subamostra_grupos_80pct,200,190203,v_7772aff8ada6665c,True
subamostra_grupos_80pct,200,190204,v_7772aff8ada6665c,True
subamostra_grupos_80pct,200,190205,v_595768cdbb1e50d7,True
subamostra_grupos_80pct,200,190301,v_fa471d6fbc85cb1f,True
subamostra_grupos_80pct,200,190302,v_6822f94c8991cc97,True
subamostra_grupos_80pct,200,190303,v_0cc70a5c3843afef,True
subamostra_grupos_80pct,200,190306,v_e9bc00073fb6ee06,True
subamostra_grupos_80pct,200,190307,v_cb7a5527c7241bcc,True
subamostra_grupos_80pct,200,190417,v_86ab5625ffedec06,True
subamostra_grupos_80pct,200,190418,v_73f93b538ab65f9b,True
subamostra_grupos_80pct,200,190602,v_3baf6fc9b7674dd5,True
subamostra_grupos_80pct,200,190603,v_275690d2e0c703e6,True
subamostra_grupos_80pct,200,190605,v_62d90b1f682f60e4,True
subamostra_grupos_80pct,201,110101,v_a2c8ab32bb99749e,True
subamostra_grupos_80pct,201,110210,v_252342c7f49f80e6,True
subamostra_grupos_80pct,201,110301,v_4c59f65b4cddf39b,True
subamostra_grupos_80pct,201,110302,v_4c59f65b4cddf39b,True
subamostra_grupos_80pct,201,110401,v_fe6416f493ddd855,True
subamostra_grupos_80pct,201,120101,v_a2c8ab32bb99749e,True
subamostra_grupos_80pct,201,120221,v_65fe89dd42f9233b,True
subamostra_grupos_80pct,201,120224,v_6c1322bcdadbc4aa,True
subamostra_grupos_80pct,201,120232,v_9e2c420e28f08f02,True
subamostra_grupos_80pct,201,120241,v_17b10d9c9dcce781,True
subamostra_grupos_80pct,201,120301,v_4c59f65b4cddf39b,True
subamostra_grupos_80pct,201,120302,v_4c59f65b4cddf39b,True
subamostra_grupos_80pct,201,120303,v_4c59f65b4cddf39b,True
subamostra_grupos_80pct,201,120304,v_cfc46a1e6fee449f,True
subamostra_grupos_80pct,201,130103,v_a2c8ab32bb99749e,True
subamostra_grupos_80pct,201,130104,v_a2c8ab32bb99749e,True
subamostra_grupos_80pct,201,130110,v_7374736633a4f48d,True
subamostra_grupos_80pct,201,130112,v_7374736633a4f48d,True
subamostra_grupos_80pct,201,130205,v_a0bae2d76326d8c8,True
subamostra_grupos_80pct,201,130209,v_4084768b50e6b216,True
subamostra_grupos_80pct,201,130210,v_081d020777014708,True
subamostra_grupos_80pct,201,130211,v_69517c5e98ee3893,True
subamostra_grupos_80pct,201,130222,v_67238874b06f5313,True
subamostra_grupos_80pct,201,130223,v_8068b6772e214165,True
subamostra_grupos_80pct,201,130226,v_aa2a63f981912262,True
subamostra_grupos_80pct,201,130230,v_18b17ced41ec4192,True
subamostra_grupos_80pct,201,130231,v_18b17ced41ec4192,True
subamostra_grupos_80pct,201,130233,v_9d39b35ba93fa234,True
subamostra_grupos_80pct,201,130234,v_707677f9757aa1ea,True
subamostra_grupos_80pct,201,130236,v_41d7784f76cc4bf7,True
subamostra_grupos_80pct,201,130403,v_c6225bc81a0200b7,True
subamostra_grupos_80pct,201,190101,v_757a95c8a3cb40b3,True
subamostra_grupos_80pct,201,190102,v_5f1fa37a37d0d251,True
subamostra_grupos_80pct,201,190103,v_f5f7fcbc7ffe43f8,True
subamostra_grupos_80pct,201,190104,v_d8aaef5ba56b0143,True
subamostra_grupos_80pct,201,190106,v_7772aff8ada6665c,True
subamostra_grupos_80pct,201,190108,v_1ddc5f355b91f535,True
subamostra_grupos_80pct,201,190115,v_d8aaef5ba56b0143,True
subamostra_grupos_80pct,201,190117,v_7772aff8ada6665c,True
subamostra_grupos_80pct,201,190121,v_dfc2cd0a407647a1,True
subamostra_grupos_80pct,201,190201,v_42425ef1b6be46c9,True
subamostra_grupos_80pct,201,190202,v_75e4f5dfca1df21a,True
subamostra_grupos_80pct,201,190203,v_7772aff8ada6665c,True
subamostra_grupos_80pct,201,190204,v_7772aff8ada6665c,True
subamostra_grupos_80pct,201,190205,v_595768cdbb1e50d7,True
subamostra_grupos_80pct,201,190211,v_d8aaef5ba56b0143,True
subamostra_grupos_80pct,201,190302,v_6822f94c8991cc97,True
subamostra_grupos_80pct,201,190303,v_0cc70a5c3843afef,True
subamostra_grupos_80pct,201,190306,v_e9bc00073fb6ee06,True
subamostra_grupos_80pct,201,190307,v_cb7a5527c7241bcc,True
subamostra_grupos_80pct,201,190417,v_86ab5625ffedec06,True
subamostra_grupos_80pct,201,190418,v_73f93b538ab65f9b,True
subamostra_grupos_80pct,201,190602,v_3baf6fc9b7674dd5,True
subamostra_grupos_80pct,201,190603,v_275690d2e0c703e6,True
subamostra_grupos_80pct,201,190605,v_62d90b1f682f60e4,True
subamostra_grupos_80pct,202,110101,v_a2c8ab32bb99749e,True
subamostra_grupos_80pct,202,110201,v_d2a347430692cccd,True
subamostra_grupos_80pct,202,110210,v_252342c7f49f80e6,True
subamostra_grupos_80pct,202,120101,v_a2c8ab32bb99749e,True
subamostra_grupos_80pct,202,120221,v_65fe89dd42f9233b,True
subamostra_grupos_80pct,202,120224,v_6c1322bcdadbc4aa,True
subamostra_grupos_80pct,202,120232,v_9e2c420e28f08f02,True
subamostra_grupos_80pct,202,120241,v_17b10d9c9dcce781,True
subamostra_grupos_80pct,202,120304,v_cfc46a1e6fee449f,True
subamostra_grupos_80pct,202,120308,v_a362869115671df5,True
subamostra_grupos_80pct,202,130103,v_a2c8ab32bb99749e,True
subamostra_grupos_80pct,202,130104,v_a2c8ab32bb99749e,True
subamostra_grupos_80pct,202,130109,v_33eecbd3c316d76e,True
subamostra_grupos_80pct,202,130110,v_7374736633a4f48d,True
subamostra_grupos_80pct,202,130111,v_33eecbd3c316d76e,True
subamostra_grupos_80pct,202,130112,v_7374736633a4f48d,True
subamostra_grupos_80pct,202,130113,v_33eecbd3c316d76e,True
subamostra_grupos_80pct,202,130205,v_a0bae2d76326d8c8,True
subamostra_grupos_80pct,202,130211,v_69517c5e98ee3893,True
subamostra_grupos_80pct,202,130222,v_67238874b06f5313,True
subamostra_grupos_80pct,202,130223,v_8068b6772e214165,True
subamostra_grupos_80pct,202,130225,v_948103301b8dacda,True
subamostra_grupos_80pct,202,130226,v_aa2a63f981912262,True
subamostra_grupos_80pct,202,130228,v_daf99c12b1dacd5e,True
subamostra_grupos_80pct,202,130233,v_9d39b35ba93fa234,True
subamostra_grupos_80pct,202,130234,v_707677f9757aa1ea,True
subamostra_grupos_80pct,202,130236,v_41d7784f76cc4bf7,True
subamostra_grupos_80pct,202,130237,v_daf99c12b1dacd5e,True
subamostra_grupos_80pct,202,190102,v_5f1fa37a37d0d251,True
subamostra_grupos_80pct,202,190103,v_f5f7fcbc7ffe43f8,True
subamostra_grupos_80pct,202,190105,v_61253787c539a966,True
subamostra_grupos_80pct,202,190106,v_7772aff8ada6665c,True
subamostra_grupos_80pct,202,190107,v_c26285872c899de9,True
subamostra_grupos_80pct,202,190108,v_1ddc5f355b91f535,True
subamostra_grupos_80pct,202,190114,v_9591742a2e6b7c64,True
subamostra_grupos_80pct,202,190116,v_61253787c539a966,True
subamostra_grupos_80pct,202,190117,v_7772aff8ada6665c,True
subamostra_grupos_80pct,202,190121,v_dfc2cd0a407647a1,True
subamostra_grupos_80pct,202,190201,v_42425ef1b6be46c9,True
subamostra_grupos_80pct,202,190202,v_75e4f5dfca1df21a,True
subamostra_grupos_80pct,202,190203,v_7772aff8ada6665c,True
subamostra_grupos_80pct,202,190204,v_7772aff8ada6665c,True
subamostra_grupos_80pct,202,190205,v_595768cdbb1e50d7,True
subamostra_grupos_80pct,202,190301,v_fa471d6fbc85cb1f,True
subamostra_grupos_80pct,202,190302,v_6822f94c8991cc97,True
subamostra_grupos_80pct,202,190303,v_0cc70a5c3843afef,True
subamostra_grupos_80pct,202,190306,v_e9bc00073fb6ee06,True
subamostra_grupos_80pct,202,190307,v_cb7a5527c7241bcc,True
subamostra_grupos_80pct,202,190417,v_86ab5625ffedec06,True
subamostra_grupos_80pct,202,190602,v_3baf6fc9b7674dd5,True
subamostra_grupos_80pct,202,190603,v_275690d2e0c703e6,True
subamostra_grupos_80pct,202,190605,v_62d90b1f682f60e4,True
subamostra_grupos_80pct,203,110101,v_a2c8ab32bb99749e,True
subamostra_grupos_80pct,203,110210,v_252342c7f49f80e6,True
subamostra_grupos_80pct,203,110301,v_4c59f65b4cddf39b,True
subamostra_grupos_80pct,203,110302,v_4c59f65b4cddf39b,True
subamostra_grupos_80pct,203,110401,v_fe6416f493ddd855,True
subamostra_grupos_80pct,203,120101,v_a2c8ab32bb99749e,True
subamostra_grupos_80pct,203,120221,v_65fe89dd42f9233b,True
subamostra_grupos_80pct,203,120224,v_6c1322bcdadbc4aa,True
subamostra_grupos_80pct,203,120232,v_9e2c420e28f08f02,True
subamostra_grupos_80pct,203,120241,v_17b10d9c9dcce781,True
subamostra_grupos_80pct,203,120301,v_4c59f65b4cddf39b,True
subamostra_grupos_80pct,203,120302,v_4c59f65b4cddf39b,True
subamostra_grupos_80pct,203,120303,v_4c59f65b4cddf39b,True
subamostra_grupos_80pct,203,120304,v_cfc46a1e6fee449f,True
subamostra_grupos_80pct,203,120308,v_a362869115671df5,True
subamostra_grupos_80pct,203,130103,v_a2c8ab32bb99749e,True
subamostra_grupos_80pct,203,130104,v_a2c8ab32bb99749e,True
subamostra_grupos_80pct,203,130109,v_33eecbd3c316d76e,True
subamostra_grupos_80pct,203,130110,v_7374736633a4f48d,True
subamostra_grupos_80pct,203,130111,v_33eecbd3c316d76e,True
subamostra_grupos_80pct,203,130112,v_7374736633a4f48d,True
subamostra_grupos_80pct,203,130113,v_33eecbd3c316d76e,True
subamostra_grupos_80pct,203,130202,v_e2e52cba3a2ef983,True
subamostra_grupos_80pct,203,130205,v_a0bae2d76326d8c8,True
subamostra_grupos_80pct,203,130211,v_69517c5e98ee3893,True
subamostra_grupos_80pct,203,130223,v_8068b6772e214165,True
subamostra_grupos_80pct,203,130225,v_948103301b8dacda,True
subamostra_grupos_80pct,203,130226,v_aa2a63f981912262,True
subamostra_grupos_80pct,203,130228,v_daf99c12b1dacd5e,True
subamostra_grupos_80pct,203,130230,v_18b17ced41ec4192,True
subamostra_grupos_80pct,203,130231,v_18b17ced41ec4192,True
subamostra_grupos_80pct,203,130233,v_9d39b35ba93fa234,True
subamostra_grupos_80pct,203,130236,v_41d7784f76cc4bf7,True
subamostra_grupos_80pct,203,130237,v_daf99c12b1dacd5e,True
subamostra_grupos_80pct,203,190102,v_5f1fa37a37d0d251,True
subamostra_grupos_80pct,203,190103,v_f5f7fcbc7ffe43f8,True
subamostra_grupos_80pct,203,190104,v_d8aaef5ba56b0143,True
subamostra_grupos_80pct,203,190105,v_61253787c539a966,True
subamostra_grupos_80pct,203,190106,v_7772aff8ada6665c,True
subamostra_grupos_80pct,203,190107,v_c26285872c899de9,True
subamostra_grupos_80pct,203,190108,v_1ddc5f355b91f535,True
subamostra_grupos_80pct,203,190114,v_9591742a2e6b7c64,True
subamostra_grupos_80pct,203,190115,v_d8aaef5ba56b0143,True
subamostra_grupos_80pct,203,190116,v_61253787c539a966,True
subamostra_grupos_80pct,203,190117,v_7772aff8ada6665c,True
subamostra_grupos_80pct,203,190121,v_dfc2cd0a407647a1,True
subamostra_grupos_80pct,203,190201,v_42425ef1b6be46c9,True
subamostra_grupos_80pct,203,190203,v_7772aff8ada6665c,True
subamostra_grupos_80pct,203,190204,v_7772aff8ada6665c,True
subamostra_grupos_80pct,203,190205,v_595768cdbb1e50d7,True
subamostra_grupos_80pct,203,190211,v_d8aaef5ba56b0143,True
subamostra_grupos_80pct,203,190301,v_fa471d6fbc85cb1f,True
subamostra_grupos_80pct,203,190302,v_6822f94c8991cc97,True
subamostra_grupos_80pct,203,190303,v_0cc70a5c3843afef,True
subamostra_grupos_80pct,203,190306,v_e9bc00073fb6ee06,True
subamostra_grupos_80pct,203,190417,v_86ab5625ffedec06,True
subamostra_grupos_80pct,203,190418,v_73f93b538ab65f9b,True
subamostra_grupos_80pct,203,190602,v_3baf6fc9b7674dd5,True
subamostra_grupos_80pct,203,190603,v_275690d2e0c703e6,True
subamostra_grupos_80pct,204,110101,v_a2c8ab32bb99749e,True
subamostra_grupos_80pct,204,110201,v_d2a347430692cccd,True
subamostra_grupos_80pct,204,110301,v_4c59f65b4cddf39b,True
subamostra_grupos_80pct,204,110302,v_4c59f65b4cddf39b,True
subamostra_grupos_80pct,204,110401,v_fe6416f493ddd855,True
subamostra_grupos_80pct,204,120101,v_a2c8ab32bb99749e,True
subamostra_grupos_80pct,204,120201,v_f642d35ec76032eb,True
subamostra_grupos_80pct,204,120221,v_65fe89dd42f9233b,True
subamostra_grupos_80pct,204,120224,v_6c1322bcdadbc4aa,True
subamostra_grupos_80pct,204,120301,v_4c59f65b4cddf39b,True
subamostra_grupos_80pct,204,120302,v_4c59f65b4cddf39b,True
subamostra_grupos_80pct,204,120303,v_4c59f65b4cddf39b,True
subamostra_grupos_80pct,204,120304,v_cfc46a1e6fee449f,True
subamostra_grupos_80pct,204,120308,v_a362869115671df5,True
subamostra_grupos_80pct,204,130103,v_a2c8ab32bb99749e,True
subamostra_grupos_80pct,204,130104,v_a2c8ab32bb99749e,True
subamostra_grupos_80pct,204,130109,v_33eecbd3c316d76e,True
subamostra_grupos_80pct,204,130110,v_7374736633a4f48d,True
subamostra_grupos_80pct,204,130111,v_33eecbd3c316d76e,True
subamostra_grupos_80pct,204,130112,v_7374736633a4f48d,True
subamostra_grupos_80pct,204,130113,v_33eecbd3c316d76e,True
subamostra_grupos_80pct,204,130202,v_e2e52cba3a2ef983,True
subamostra_grupos_80pct,204,130205,v_a0bae2d76326d8c8,True
subamostra_grupos_80pct,204,130209,v_4084768b50e6b216,True
subamostra_grupos_80pct,204,130210,v_081d020777014708,True
subamostra_grupos_80pct,204,130223,v_8068b6772e214165,True
subamostra_grupos_80pct,204,130225,v_948103301b8dacda,True
subamostra_grupos_80pct,204,130226,v_aa2a63f981912262,True
subamostra_grupos_80pct,204,130230,v_18b17ced41ec4192,True
subamostra_grupos_80pct,204,130231,v_18b17ced41ec4192,True
subamostra_grupos_80pct,204,130233,v_9d39b35ba93fa234,True
subamostra_grupos_80pct,204,130234,v_707677f9757aa1ea,True
subamostra_grupos_80pct,204,130236,v_41d7784f76cc4bf7,True
subamostra_grupos_80pct,204,130403,v_c6225bc81a0200b7,True
subamostra_grupos_80pct,204,190101,v_757a95c8a3cb40b3,True
subamostra_grupos_80pct,204,190102,v_5f1fa37a37d0d251,True
subamostra_grupos_80pct,204,190105,v_61253787c539a966,True
subamostra_grupos_80pct,204,190106,v_7772aff8ada6665c,True
subamostra_grupos_80pct,204,190107,v_c26285872c899de9,True
subamostra_grupos_80pct,204,190108,v_1ddc5f355b91f535,True
subamostra_grupos_80pct,204,190114,v_9591742a2e6b7c64,True
subamostra_grupos_80pct,204,190116,v_61253787c539a966,True
subamostra_grupos_80pct,204,190117,v_7772aff8ada6665c,True
subamostra_grupos_80pct,204,190121,v_dfc2cd0a407647a1,True
subamostra_grupos_80pct,204,190201,v_42425ef1b6be46c9,True
subamostra_grupos_80pct,204,190202,v_75e4f5dfca1df21a,True
subamostra_grupos_80pct,204,190203,v_7772aff8ada6665c,True
subamostra_grupos_80pct,204,190204,v_7772aff8ada6665c,True
subamostra_grupos_80pct,204,190301,v_fa471d6fbc85cb1f,True
subamostra_grupos_80pct,204,190302,v_6822f94c8991cc97,True
subamostra_grupos_80pct,204,190303,v_0cc70a5c3843afef,True
subamostra_grupos_80pct,204,190306,v_e9bc00073fb6ee06,True
subamostra_grupos_80pct,204,190307,v_cb7a5527c7241bcc,True
subamostra_grupos_80pct,204,190418,v_73f93b538ab65f9b,True
subamostra_grupos_80pct,204,190602,v_3baf6fc9b7674dd5,True
subamostra_grupos_80pct,204,190603,v_275690d2e0c703e6,True
subamostra_grupos_80pct,205,110101,v_a2c8ab32bb99749e,True
subamostra_grupos_80pct,205,110201,v_d2a347430692cccd,True
subamostra_grupos_80pct,205,110210,v_252342c7f49f80e6,True
subamostra_grupos_80pct,205,110401,v_fe6416f493ddd855,True
subamostra_grupos_80pct,205,120101,v_a2c8ab32bb99749e,True
subamostra_grupos_80pct,205,120201,v_f642d35ec76032eb,True
subamostra_grupos_80pct,205,120221,v_65fe89dd42f9233b,True
subamostra_grupos_80pct,205,120224,v_6c1322bcdadbc4aa,True
subamostra_grupos_80pct,205,120232,v_9e2c420e28f08f02,True
subamostra_grupos_80pct,205,120241,v_17b10d9c9dcce781,True
subamostra_grupos_80pct,205,120304,v_cfc46a1e6fee449f,True
subamostra_grupos_80pct,205,120308,v_a362869115671df5,True
subamostra_grupos_80pct,205,130103,v_a2c8ab32bb99749e,True
subamostra_grupos_80pct,205,130104,v_a2c8ab32bb99749e,True
subamostra_grupos_80pct,205,130109,v_33eecbd3c316d76e,True
subamostra_grupos_80pct,205,130110,v_7374736633a4f48d,True
subamostra_grupos_80pct,205,130111,v_33eecbd3c316d76e,True
subamostra_grupos_80pct,205,130112,v_7374736633a4f48d,True
subamostra_grupos_80pct,205,130113,v_33eecbd3c316d76e,True
subamostra_grupos_80pct,205,130202,v_e2e52cba3a2ef983,True
subamostra_grupos_80pct,205,130205,v_a0bae2d76326d8c8,True
subamostra_grupos_80pct,205,130211,v_69517c5e98ee3893,True
subamostra_grupos_80pct,205,130222,v_67238874b06f5313,True
subamostra_grupos_80pct,205,130223,v_8068b6772e214165,True
subamostra_grupos_80pct,205,130226,v_aa2a63f981912262,True
subamostra_grupos_80pct,205,130230,v_18b17ced41ec4192,True
subamostra_grupos_80pct,205,130231,v_18b17ced41ec4192,True
subamostra_grupos_80pct,205,130233,v_9d39b35ba93fa234,True
subamostra_grupos_80pct,205,130234,v_707677f9757aa1ea,True
subamostra_grupos_80pct,205,190101,v_757a95c8a3cb40b3,True
subamostra_grupos_80pct,205,190104,v_d8aaef5ba56b0143,True
subamostra_grupos_80pct,205,190105,v_61253787c539a966,True
subamostra_grupos_80pct,205,190107,v_c26285872c899de9,True
subamostra_grupos_80pct,205,190108,v_1ddc5f355b91f535,True
subamostra_grupos_80pct,205,190114,v_9591742a2e6b7c64,True
subamostra_grupos_80pct,205,190115,v_d8aaef5ba56b0143,True
subamostra_grupos_80pct,205,190116,v_61253787c539a966,True
subamostra_grupos_80pct,205,190121,v_dfc2cd0a407647a1,True
subamostra_grupos_80pct,205,190201,v_42425ef1b6be46c9,True
subamostra_grupos_80pct,205,190205,v_595768cdbb1e50d7,True
subamostra_grupos_80pct,205,190211,v_d8aaef5ba56b0143,True
subamostra_grupos_80pct,205,190301,v_fa471d6fbc85cb1f,True
subamostra_grupos_80pct,205,190302,v_6822f94c8991cc97,True
subamostra_grupos_80pct,205,190303,v_0cc70a5c3843afef,True
subamostra_grupos_80pct,205,190306,v_e9bc00073fb6ee06,True
subamostra_grupos_80pct,205,190307,v_cb7a5527c7241bcc,True
subamostra_grupos_80pct,205,190417,v_86ab5625ffedec06,True
subamostra_grupos_80pct,205,190418,v_73f93b538ab65f9b,True
subamostra_grupos_80pct,205,190602,v_3baf6fc9b7674dd5,True
subamostra_grupos_80pct,205,190603,v_275690d2e0c703e6,True
subamostra_grupos_80pct,205,190605,v_62d90b1f682f60e4,True
subamostra_grupos_80pct,206,110201,v_d2a347430692cccd,True
subamostra_grupos_80pct,206,110210,v_252342c7f49f80e6,True
subamostra_grupos_80pct,206,110401,v_fe6416f493ddd855,True
subamostra_grupos_80pct,206,120201,v_f642d35ec76032eb,True
subamostra_grupos_80pct,206,120224,v_6c1322bcdadbc4aa,True
subamostra_grupos_80pct,206,120232,v_9e2c420e28f08f02,True
subamostra_grupos_80pct,206,120241,v_17b10d9c9dcce781,True
subamostra_grupos_80pct,206,120308,v_a362869115671df5,True
subamostra_grupos_80pct,206,130110,v_7374736633a4f48d,True
subamostra_grupos_80pct,206,130112,v_7374736633a4f48d,True
subamostra_grupos_80pct,206,130202,v_e2e52cba3a2ef983,True
subamostra_grupos_80pct,206,130205,v_a0bae2d76326d8c8,True
subamostra_grupos_80pct,206,130209,v_4084768b50e6b216,True
subamostra_grupos_80pct,206,130210,v_081d020777014708,True
subamostra_grupos_80pct,206,130211,v_69517c5e98ee3893,True
subamostra_grupos_80pct,206,130222,v_67238874b06f5313,True
subamostra_grupos_80pct,206,130223,v_8068b6772e214165,True
subamostra_grupos_80pct,206,130225,v_948103301b8dacda,True
subamostra_grupos_80pct,206,130226,v_aa2a63f981912262,True
subamostra_grupos_80pct,206,130228,v_daf99c12b1dacd5e,True
subamostra_grupos_80pct,206,130230,v_18b17ced41ec4192,True
subamostra_grupos_80pct,206,130231,v_18b17ced41ec4192,True
subamostra_grupos_80pct,206,130233,v_9d39b35ba93fa234,True
subamostra_grupos_80pct,206,130234,v_707677f9757aa1ea,True
subamostra_grupos_80pct,206,130237,v_daf99c12b1dacd5e,True
subamostra_grupos_80pct,206,130403,v_c6225bc81a0200b7,True
subamostra_grupos_80pct,206,190101,v_757a95c8a3cb40b3,True
subamostra_grupos_80pct,206,190102,v_5f1fa37a37d0d251,True
subamostra_grupos_80pct,206,190103,v_f5f7fcbc7ffe43f8,True
subamostra_grupos_80pct,206,190104,v_d8aaef5ba56b0143,True
subamostra_grupos_80pct,206,190106,v_7772aff8ada6665c,True
subamostra_grupos_80pct,206,190107,v_c26285872c899de9,True
subamostra_grupos_80pct,206,190114,v_9591742a2e6b7c64,True
subamostra_grupos_80pct,206,190115,v_d8aaef5ba56b0143,True
subamostra_grupos_80pct,206,190117,v_7772aff8ada6665c,True
subamostra_grupos_80pct,206,190121,v_dfc2cd0a407647a1,True
subamostra_grupos_80pct,206,190201,v_42425ef1b6be46c9,True
subamostra_grupos_80pct,206,190202,v_75e4f5dfca1df21a,True
subamostra_grupos_80pct,206,190203,v_7772aff8ada6665c,True
subamostra_grupos_80pct,206,190204,v_7772aff8ada6665c,True
subamostra_grupos_80pct,206,190205,v_595768cdbb1e50d7,True
subamostra_grupos_80pct,206,190211,v_d8aaef5ba56b0143,True
subamostra_grupos_80pct,206,190302,v_6822f94c8991cc97,True
subamostra_grupos_80pct,206,190306,v_e9bc00073fb6ee06,True
subamostra_grupos_80pct,206,190307,v_cb7a5527c7241bcc,True
subamostra_grupos_80pct,206,190418,v_73f93b538ab65f9b,True
subamostra_grupos_80pct,206,190602,v_3baf6fc9b7674dd5,True
subamostra_grupos_80pct,206,190603,v_275690d2e0c703e6,True
subamostra_grupos_80pct,206,190605,v_62d90b1f682f60e4,True
subamostra_grupos_80pct,207,110101,v_a2c8ab32bb99749e,True
subamostra_grupos_80pct,207,110201,v_d2a347430692cccd,True
subamostra_grupos_80pct,207,110210,v_252342c7f49f80e6,True
subamostra_grupos_80pct,207,110301,v_4c59f65b4cddf39b,True
subamostra_grupos_80pct,207,110302,v_4c59f65b4cddf39b,True
subamostra_grupos_80pct,207,110401,v_fe6416f493ddd855,True
subamostra_grupos_80pct,207,120101,v_a2c8ab32bb99749e,True
subamostra_grupos_80pct,207,120221,v_65fe89dd42f9233b,True
subamostra_grupos_80pct,207,120224,v_6c1322bcdadbc4aa,True
subamostra_grupos_80pct,207,120232,v_9e2c420e28f08f02,True
subamostra_grupos_80pct,207,120241,v_17b10d9c9dcce781,True
subamostra_grupos_80pct,207,120301,v_4c59f65b4cddf39b,True
subamostra_grupos_80pct,207,120302,v_4c59f65b4cddf39b,True
subamostra_grupos_80pct,207,120303,v_4c59f65b4cddf39b,True
subamostra_grupos_80pct,207,120304,v_cfc46a1e6fee449f,True
subamostra_grupos_80pct,207,120308,v_a362869115671df5,True
subamostra_grupos_80pct,207,130103,v_a2c8ab32bb99749e,True
subamostra_grupos_80pct,207,130104,v_a2c8ab32bb99749e,True
subamostra_grupos_80pct,207,130109,v_33eecbd3c316d76e,True
subamostra_grupos_80pct,207,130110,v_7374736633a4f48d,True
subamostra_grupos_80pct,207,130111,v_33eecbd3c316d76e,True
subamostra_grupos_80pct,207,130112,v_7374736633a4f48d,True
subamostra_grupos_80pct,207,130113,v_33eecbd3c316d76e,True
subamostra_grupos_80pct,207,130205,v_a0bae2d76326d8c8,True
subamostra_grupos_80pct,207,130209,v_4084768b50e6b216,True
subamostra_grupos_80pct,207,130210,v_081d020777014708,True
subamostra_grupos_80pct,207,130211,v_69517c5e98ee3893,True
subamostra_grupos_80pct,207,130222,v_67238874b06f5313,True
subamostra_grupos_80pct,207,130223,v_8068b6772e214165,True
subamostra_grupos_80pct,207,130225,v_948103301b8dacda,True
subamostra_grupos_80pct,207,130230,v_18b17ced41ec4192,True
subamostra_grupos_80pct,207,130231,v_18b17ced41ec4192,True
subamostra_grupos_80pct,207,130233,v_9d39b35ba93fa234,True
subamostra_grupos_80pct,207,130234,v_707677f9757aa1ea,True
subamostra_grupos_80pct,207,130236,v_41d7784f76cc4bf7,True
subamostra_grupos_80pct,207,130403,v_c6225bc81a0200b7,True
subamostra_grupos_80pct,207,190102,v_5f1fa37a37d0d251,True
subamostra_grupos_80pct,207,190104,v_d8aaef5ba56b0143,True
subamostra_grupos_80pct,207,190105,v_61253787c539a966,True
subamostra_grupos_80pct,207,190107,v_c26285872c899de9,True
subamostra_grupos_80pct,207,190108,v_1ddc5f355b91f535,True
subamostra_grupos_80pct,207,190115,v_d8aaef5ba56b0143,True
subamostra_grupos_80pct,207,190116,v_61253787c539a966,True
subamostra_grupos_80pct,207,190121,v_dfc2cd0a407647a1,True
subamostra_grupos_80pct,207,190201,v_42425ef1b6be46c9,True
subamostra_grupos_80pct,207,190202,v_75e4f5dfca1df21a,True
subamostra_grupos_80pct,207,190205,v_595768cdbb1e50d7,True
subamostra_grupos_80pct,207,190211,v_d8aaef5ba56b0143,True
subamostra_grupos_80pct,207,190301,v_fa471d6fbc85cb1f,True
subamostra_grupos_80pct,207,190302,v_6822f94c8991cc97,True
subamostra_grupos_80pct,207,190303,v_0cc70a5c3843afef,True
subamostra_grupos_80pct,207,190306,v_e9bc00073fb6ee06,True
subamostra_grupos_80pct,207,190307,v_cb7a5527c7241bcc,True
subamostra_grupos_80pct,207,190418,v_73f93b538ab65f9b,True
subamostra_grupos_80pct,207,190605,v_62d90b1f682f60e4,True
subamostra_grupos_80pct,208,110101,v_a2c8ab32bb99749e,True
subamostra_grupos_80pct,208,110201,v_d2a347430692cccd,True
subamostra_grupos_80pct,208,110210,v_252342c7f49f80e6,True
subamostra_grupos_80pct,208,110301,v_4c59f65b4cddf39b,True
subamostra_grupos_80pct,208,110302,v_4c59f65b4cddf39b,True
subamostra_grupos_80pct,208,110401,v_fe6416f493ddd855,True
subamostra_grupos_80pct,208,120101,v_a2c8ab32bb99749e,True
subamostra_grupos_80pct,208,120224,v_6c1322bcdadbc4aa,True
subamostra_grupos_80pct,208,120301,v_4c59f65b4cddf39b,True
subamostra_grupos_80pct,208,120302,v_4c59f65b4cddf39b,True
subamostra_grupos_80pct,208,120303,v_4c59f65b4cddf39b,True
subamostra_grupos_80pct,208,120304,v_cfc46a1e6fee449f,True
subamostra_grupos_80pct,208,130103,v_a2c8ab32bb99749e,True
subamostra_grupos_80pct,208,130104,v_a2c8ab32bb99749e,True
subamostra_grupos_80pct,208,130109,v_33eecbd3c316d76e,True
subamostra_grupos_80pct,208,130110,v_7374736633a4f48d,True
subamostra_grupos_80pct,208,130111,v_33eecbd3c316d76e,True
subamostra_grupos_80pct,208,130112,v_7374736633a4f48d,True
subamostra_grupos_80pct,208,130113,v_33eecbd3c316d76e,True
subamostra_grupos_80pct,208,130202,v_e2e52cba3a2ef983,True
subamostra_grupos_80pct,208,130205,v_a0bae2d76326d8c8,True
subamostra_grupos_80pct,208,130209,v_4084768b50e6b216,True
subamostra_grupos_80pct,208,130210,v_081d020777014708,True
subamostra_grupos_80pct,208,130222,v_67238874b06f5313,True
subamostra_grupos_80pct,208,130223,v_8068b6772e214165,True
subamostra_grupos_80pct,208,130226,v_aa2a63f981912262,True
subamostra_grupos_80pct,208,130228,v_daf99c12b1dacd5e,True
subamostra_grupos_80pct,208,130230,v_18b17ced41ec4192,True
subamostra_grupos_80pct,208,130231,v_18b17ced41ec4192,True
subamostra_grupos_80pct,208,130233,v_9d39b35ba93fa234,True
subamostra_grupos_80pct,208,130234,v_707677f9757aa1ea,True
subamostra_grupos_80pct,208,130236,v_41d7784f76cc4bf7,True
subamostra_grupos_80pct,208,130237,v_daf99c12b1dacd5e,True
subamostra_grupos_80pct,208,130403,v_c6225bc81a0200b7,True
subamostra_grupos_80pct,208,190101,v_757a95c8a3cb40b3,True
subamostra_grupos_80pct,208,190102,v_5f1fa37a37d0d251,True
subamostra_grupos_80pct,208,190103,v_f5f7fcbc7ffe43f8,True
subamostra_grupos_80pct,208,190104,v_d8aaef5ba56b0143,True
subamostra_grupos_80pct,208,190105,v_61253787c539a966,True
subamostra_grupos_80pct,208,190106,v_7772aff8ada6665c,True
subamostra_grupos_80pct,208,190107,v_c26285872c899de9,True
subamostra_grupos_80pct,208,190108,v_1ddc5f355b91f535,True
subamostra_grupos_80pct,208,190114,v_9591742a2e6b7c64,True
subamostra_grupos_80pct,208,190115,v_d8aaef5ba56b0143,True
subamostra_grupos_80pct,208,190116,v_61253787c539a966,True
subamostra_grupos_80pct,208,190117,v_7772aff8ada6665c,True
subamostra_grupos_80pct,208,190121,v_dfc2cd0a407647a1,True
subamostra_grupos_80pct,208,190201,v_42425ef1b6be46c9,True
subamostra_grupos_80pct,208,190202,v_75e4f5dfca1df21a,True
subamostra_grupos_80pct,208,190203,v_7772aff8ada6665c,True
subamostra_grupos_80pct,208,190204,v_7772aff8ada6665c,True
subamostra_grupos_80pct,208,190211,v_d8aaef5ba56b0143,True
subamostra_grupos_80pct,208,190301,v_fa471d6fbc85cb1f,True
subamostra_grupos_80pct,208,190302,v_6822f94c8991cc97,True
subamostra_grupos_80pct,208,190303,v_0cc70a5c3843afef,True
subamostra_grupos_80pct,208,190306,v_e9bc00073fb6ee06,True
subamostra_grupos_80pct,208,190417,v_86ab5625ffedec06,True
subamostra_grupos_80pct,208,190418,v_73f93b538ab65f9b,True
subamostra_grupos_80pct,208,190605,v_62d90b1f682f60e4,True
subamostra_grupos_80pct,209,110101,v_a2c8ab32bb99749e,True
subamostra_grupos_80pct,209,110201,v_d2a347430692cccd,True
subamostra_grupos_80pct,209,110301,v_4c59f65b4cddf39b,True
subamostra_grupos_80pct,209,110302,v_4c59f65b4cddf39b,True
subamostra_grupos_80pct,209,120101,v_a2c8ab32bb99749e,True
subamostra_grupos_80pct,209,120201,v_f642d35ec76032eb,True
subamostra_grupos_80pct,209,120221,v_65fe89dd42f9233b,True
subamostra_grupos_80pct,209,120224,v_6c1322bcdadbc4aa,True
subamostra_grupos_80pct,209,120232,v_9e2c420e28f08f02,True
subamostra_grupos_80pct,209,120241,v_17b10d9c9dcce781,True
subamostra_grupos_80pct,209,120301,v_4c59f65b4cddf39b,True
subamostra_grupos_80pct,209,120302,v_4c59f65b4cddf39b,True
subamostra_grupos_80pct,209,120303,v_4c59f65b4cddf39b,True
subamostra_grupos_80pct,209,120304,v_cfc46a1e6fee449f,True
subamostra_grupos_80pct,209,120308,v_a362869115671df5,True
subamostra_grupos_80pct,209,130103,v_a2c8ab32bb99749e,True
subamostra_grupos_80pct,209,130104,v_a2c8ab32bb99749e,True
subamostra_grupos_80pct,209,130109,v_33eecbd3c316d76e,True
subamostra_grupos_80pct,209,130110,v_7374736633a4f48d,True
subamostra_grupos_80pct,209,130111,v_33eecbd3c316d76e,True
subamostra_grupos_80pct,209,130112,v_7374736633a4f48d,True
subamostra_grupos_80pct,209,130113,v_33eecbd3c316d76e,True
subamostra_grupos_80pct,209,130202,v_e2e52cba3a2ef983,True
subamostra_grupos_80pct,209,130205,v_a0bae2d76326d8c8,True
subamostra_grupos_80pct,209,130210,v_081d020777014708,True
subamostra_grupos_80pct,209,130211,v_69517c5e98ee3893,True
subamostra_grupos_80pct,209,130222,v_67238874b06f5313,True
subamostra_grupos_80pct,209,130223,v_8068b6772e214165,True
subamostra_grupos_80pct,209,130226,v_aa2a63f981912262,True
subamostra_grupos_80pct,209,130228,v_daf99c12b1dacd5e,True
subamostra_grupos_80pct,209,130230,v_18b17ced41ec4192,True
subamostra_grupos_80pct,209,130231,v_18b17ced41ec4192,True
subamostra_grupos_80pct,209,130233,v_9d39b35ba93fa234,True
subamostra_grupos_80pct,209,130236,v_41d7784f76cc4bf7,True
subamostra_grupos_80pct,209,130237,v_daf99c12b1dacd5e,True
subamostra_grupos_80pct,209,130403,v_c6225bc81a0200b7,True
subamostra_grupos_80pct,209,190102,v_5f1fa37a37d0d251,True
subamostra_grupos_80pct,209,190103,v_f5f7fcbc7ffe43f8,True
subamostra_grupos_80pct,209,190104,v_d8aaef5ba56b0143,True
subamostra_grupos_80pct,209,190105,v_61253787c539a966,True
subamostra_grupos_80pct,209,190106,v_7772aff8ada6665c,True
subamostra_grupos_80pct,209,190108,v_1ddc5f355b91f535,True
subamostra_grupos_80pct,209,190114,v_9591742a2e6b7c64,True
subamostra_grupos_80pct,209,190115,v_d8aaef5ba56b0143,True
subamostra_grupos_80pct,209,190116,v_61253787c539a966,True
subamostra_grupos_80pct,209,190117,v_7772aff8ada6665c,True
subamostra_grupos_80pct,209,190121,v_dfc2cd0a407647a1,True
subamostra_grupos_80pct,209,190201,v_42425ef1b6be46c9,True
subamostra_grupos_80pct,209,190202,v_75e4f5dfca1df21a,True
subamostra_grupos_80pct,209,190203,v_7772aff8ada6665c,True
subamostra_grupos_80pct,209,190204,v_7772aff8ada6665c,True
subamostra_grupos_80pct,209,190205,v_595768cdbb1e50d7,True
subamostra_grupos_80pct,209,190211,v_d8aaef5ba56b0143,True
subamostra_grupos_80pct,209,190301,v_fa471d6fbc85cb1f,True
subamostra_grupos_80pct,209,190302,v_6822f94c8991cc97,True
subamostra_grupos_80pct,209,190303,v_0cc70a5c3843afef,True
subamostra_grupos_80pct,209,190306,v_e9bc00073fb6ee06,True
subamostra_grupos_80pct,209,190602,v_3baf6fc9b7674dd5,True
subamostra_grupos_80pct,209,190603,v_275690d2e0c703e6,True
subamostra_grupos_80pct,210,110101,v_a2c8ab32bb99749e,True
subamostra_grupos_80pct,210,110201,v_d2a347430692cccd,True
subamostra_grupos_80pct,210,110210,v_252342c7f49f80e6,True
subamostra_grupos_80pct,210,110301,v_4c59f65b4cddf39b,True
subamostra_grupos_80pct,210,110302,v_4c59f65b4cddf39b,True
subamostra_grupos_80pct,210,110401,v_fe6416f493ddd855,True
subamostra_grupos_80pct,210,120101,v_a2c8ab32bb99749e,True
subamostra_grupos_80pct,210,120221,v_65fe89dd42f9233b,True
subamostra_grupos_80pct,210,120232,v_9e2c420e28f08f02,True
subamostra_grupos_80pct,210,120241,v_17b10d9c9dcce781,True
subamostra_grupos_80pct,210,120301,v_4c59f65b4cddf39b,True
subamostra_grupos_80pct,210,120302,v_4c59f65b4cddf39b,True
subamostra_grupos_80pct,210,120303,v_4c59f65b4cddf39b,True
subamostra_grupos_80pct,210,120308,v_a362869115671df5,True
subamostra_grupos_80pct,210,130103,v_a2c8ab32bb99749e,True
subamostra_grupos_80pct,210,130104,v_a2c8ab32bb99749e,True
subamostra_grupos_80pct,210,130109,v_33eecbd3c316d76e,True
subamostra_grupos_80pct,210,130110,v_7374736633a4f48d,True
subamostra_grupos_80pct,210,130111,v_33eecbd3c316d76e,True
subamostra_grupos_80pct,210,130112,v_7374736633a4f48d,True
subamostra_grupos_80pct,210,130113,v_33eecbd3c316d76e,True
subamostra_grupos_80pct,210,130202,v_e2e52cba3a2ef983,True
subamostra_grupos_80pct,210,130205,v_a0bae2d76326d8c8,True
subamostra_grupos_80pct,210,130209,v_4084768b50e6b216,True
subamostra_grupos_80pct,210,130210,v_081d020777014708,True
subamostra_grupos_80pct,210,130211,v_69517c5e98ee3893,True
subamostra_grupos_80pct,210,130222,v_67238874b06f5313,True
subamostra_grupos_80pct,210,130223,v_8068b6772e214165,True
subamostra_grupos_80pct,210,130225,v_948103301b8dacda,True
subamostra_grupos_80pct,210,130226,v_aa2a63f981912262,True
subamostra_grupos_80pct,210,130228,v_daf99c12b1dacd5e,True
subamostra_grupos_80pct,210,130230,v_18b17ced41ec4192,True
subamostra_grupos_80pct,210,130231,v_18b17ced41ec4192,True
subamostra_grupos_80pct,210,130233,v_9d39b35ba93fa234,True
subamostra_grupos_80pct,210,130234,v_707677f9757aa1ea,True
subamostra_grupos_80pct,210,130236,v_41d7784f76cc4bf7,True
subamostra_grupos_80pct,210,130237,v_daf99c12b1dacd5e,True
subamostra_grupos_80pct,210,130403,v_c6225bc81a0200b7,True
subamostra_grupos_80pct,210,190101,v_757a95c8a3cb40b3,True
subamostra_grupos_80pct,210,190103,v_f5f7fcbc7ffe43f8,True
subamostra_grupos_80pct,210,190104,v_d8aaef5ba56b0143,True
subamostra_grupos_80pct,210,190105,v_61253787c539a966,True
subamostra_grupos_80pct,210,190108,v_1ddc5f355b91f535,True
subamostra_grupos_80pct,210,190114,v_9591742a2e6b7c64,True
subamostra_grupos_80pct,210,190115,v_d8aaef5ba56b0143,True
subamostra_grupos_80pct,210,190116,v_61253787c539a966,True
subamostra_grupos_80pct,210,190121,v_dfc2cd0a407647a1,True
subamostra_grupos_80pct,210,190201,v_42425ef1b6be46c9,True
subamostra_grupos_80pct,210,190205,v_595768cdbb1e50d7,True
subamostra_grupos_80pct,210,190211,v_d8aaef5ba56b0143,True
subamostra_grupos_80pct,210,190302,v_6822f94c8991cc97,True
subamostra_grupos_80pct,210,190306,v_e9bc00073fb6ee06,True
subamostra_grupos_80pct,210,190307,v_cb7a5527c7241bcc,True
subamostra_grupos_80pct,210,190418,v_73f93b538ab65f9b,True
subamostra_grupos_80pct,210,190602,v_3baf6fc9b7674dd5,True
subamostra_grupos_80pct,210,190605,v_62d90b1f682f60e4,True
subamostra_grupos_80pct,211,110101,v_a2c8ab32bb99749e,True
subamostra_grupos_80pct,211,110201,v_d2a347430692cccd,True
subamostra_grupos_80pct,211,110210,v_252342c7f49f80e6,True
subamostra_grupos_80pct,211,110301,v_4c59f65b4cddf39b,True
subamostra_grupos_80pct,211,110302,v_4c59f65b4cddf39b,True
subamostra_grupos_80pct,211,110401,v_fe6416f493ddd855,True
subamostra_grupos_80pct,211,120101,v_a2c8ab32bb99749e,True
subamostra_grupos_80pct,211,120201,v_f642d35ec76032eb,True
subamostra_grupos_80pct,211,120221,v_65fe89dd42f9233b,True
subamostra_grupos_80pct,211,120232,v_9e2c420e28f08f02,True
subamostra_grupos_80pct,211,120301,v_4c59f65b4cddf39b,True
subamostra_grupos_80pct,211,120302,v_4c59f65b4cddf39b,True
subamostra_grupos_80pct,211,120303,v_4c59f65b4cddf39b,True
subamostra_grupos_80pct,211,120304,v_cfc46a1e6fee449f,True
subamostra_grupos_80pct,211,120308,v_a362869115671df5,True
subamostra_grupos_80pct,211,130103,v_a2c8ab32bb99749e,True
subamostra_grupos_80pct,211,130104,v_a2c8ab32bb99749e,True
subamostra_grupos_80pct,211,130110,v_7374736633a4f48d,True
subamostra_grupos_80pct,211,130112,v_7374736633a4f48d,True
subamostra_grupos_80pct,211,130202,v_e2e52cba3a2ef983,True
subamostra_grupos_80pct,211,130205,v_a0bae2d76326d8c8,True
subamostra_grupos_80pct,211,130222,v_67238874b06f5313,True
subamostra_grupos_80pct,211,130223,v_8068b6772e214165,True
subamostra_grupos_80pct,211,130226,v_aa2a63f981912262,True
subamostra_grupos_80pct,211,130228,v_daf99c12b1dacd5e,True
subamostra_grupos_80pct,211,130230,v_18b17ced41ec4192,True
subamostra_grupos_80pct,211,130231,v_18b17ced41ec4192,True
subamostra_grupos_80pct,211,130233,v_9d39b35ba93fa234,True
subamostra_grupos_80pct,211,130234,v_707677f9757aa1ea,True
subamostra_grupos_80pct,211,130236,v_41d7784f76cc4bf7,True
subamostra_grupos_80pct,211,130237,v_daf99c12b1dacd5e,True
subamostra_grupos_80pct,211,130403,v_c6225bc81a0200b7,True
subamostra_grupos_80pct,211,190101,v_757a95c8a3cb40b3,True
subamostra_grupos_80pct,211,190102,v_5f1fa37a37d0d251,True
subamostra_grupos_80pct,211,190103,v_f5f7fcbc7ffe43f8,True
subamostra_grupos_80pct,211,190104,v_d8aaef5ba56b0143,True
subamostra_grupos_80pct,211,190105,v_61253787c539a966,True
subamostra_grupos_80pct,211,190106,v_7772aff8ada6665c,True
subamostra_grupos_80pct,211,190114,v_9591742a2e6b7c64,True
subamostra_grupos_80pct,211,190115,v_d8aaef5ba56b0143,True
subamostra_grupos_80pct,211,190116,v_61253787c539a966,True
subamostra_grupos_80pct,211,190117,v_7772aff8ada6665c,True
subamostra_grupos_80pct,211,190121,v_dfc2cd0a407647a1,True
subamostra_grupos_80pct,211,190202,v_75e4f5dfca1df21a,True
subamostra_grupos_80pct,211,190203,v_7772aff8ada6665c,True
subamostra_grupos_80pct,211,190204,v_7772aff8ada6665c,True
subamostra_grupos_80pct,211,190205,v_595768cdbb1e50d7,True
subamostra_grupos_80pct,211,190211,v_d8aaef5ba56b0143,True
subamostra_grupos_80pct,211,190301,v_fa471d6fbc85cb1f,True
subamostra_grupos_80pct,211,190302,v_6822f94c8991cc97,True
subamostra_grupos_80pct,211,190303,v_0cc70a5c3843afef,True
subamostra_grupos_80pct,211,190306,v_e9bc00073fb6ee06,True
subamostra_grupos_80pct,211,190307,v_cb7a5527c7241bcc,True
subamostra_grupos_80pct,211,190417,v_86ab5625ffedec06,True
subamostra_grupos_80pct,211,190418,v_73f93b538ab65f9b,True
subamostra_grupos_80pct,211,190602,v_3baf6fc9b7674dd5,True
subamostra_grupos_80pct,211,190603,v_275690d2e0c703e6,True
subamostra_grupos_80pct,212,110101,v_a2c8ab32bb99749e,True
subamostra_grupos_80pct,212,110201,v_d2a347430692cccd,True
subamostra_grupos_80pct,212,110210,v_252342c7f49f80e6,True
subamostra_grupos_80pct,212,110401,v_fe6416f493ddd855,True
subamostra_grupos_80pct,212,120101,v_a2c8ab32bb99749e,True
subamostra_grupos_80pct,212,120201,v_f642d35ec76032eb,True
subamostra_grupos_80pct,212,120221,v_65fe89dd42f9233b,True
subamostra_grupos_80pct,212,120224,v_6c1322bcdadbc4aa,True
subamostra_grupos_80pct,212,120232,v_9e2c420e28f08f02,True
subamostra_grupos_80pct,212,120304,v_cfc46a1e6fee449f,True
subamostra_grupos_80pct,212,120308,v_a362869115671df5,True
subamostra_grupos_80pct,212,130103,v_a2c8ab32bb99749e,True
subamostra_grupos_80pct,212,130104,v_a2c8ab32bb99749e,True
subamostra_grupos_80pct,212,130109,v_33eecbd3c316d76e,True
subamostra_grupos_80pct,212,130110,v_7374736633a4f48d,True
subamostra_grupos_80pct,212,130111,v_33eecbd3c316d76e,True
subamostra_grupos_80pct,212,130112,v_7374736633a4f48d,True
subamostra_grupos_80pct,212,130113,v_33eecbd3c316d76e,True
subamostra_grupos_80pct,212,130202,v_e2e52cba3a2ef983,True
subamostra_grupos_80pct,212,130205,v_a0bae2d76326d8c8,True
subamostra_grupos_80pct,212,130210,v_081d020777014708,True
subamostra_grupos_80pct,212,130225,v_948103301b8dacda,True
subamostra_grupos_80pct,212,130226,v_aa2a63f981912262,True
subamostra_grupos_80pct,212,130228,v_daf99c12b1dacd5e,True
subamostra_grupos_80pct,212,130230,v_18b17ced41ec4192,True
subamostra_grupos_80pct,212,130231,v_18b17ced41ec4192,True
subamostra_grupos_80pct,212,130234,v_707677f9757aa1ea,True
subamostra_grupos_80pct,212,130236,v_41d7784f76cc4bf7,True
subamostra_grupos_80pct,212,130237,v_daf99c12b1dacd5e,True
subamostra_grupos_80pct,212,130403,v_c6225bc81a0200b7,True
subamostra_grupos_80pct,212,190101,v_757a95c8a3cb40b3,True
subamostra_grupos_80pct,212,190102,v_5f1fa37a37d0d251,True
subamostra_grupos_80pct,212,190103,v_f5f7fcbc7ffe43f8,True
subamostra_grupos_80pct,212,190104,v_d8aaef5ba56b0143,True
subamostra_grupos_80pct,212,190105,v_61253787c539a966,True
subamostra_grupos_80pct,212,190106,v_7772aff8ada6665c,True
subamostra_grupos_80pct,212,190107,v_c26285872c899de9,True
subamostra_grupos_80pct,212,190108,v_1ddc5f355b91f535,True
subamostra_grupos_80pct,212,190114,v_9591742a2e6b7c64,True
subamostra_grupos_80pct,212,190115,v_d8aaef5ba56b0143,True
subamostra_grupos_80pct,212,190116,v_61253787c539a966,True
subamostra_grupos_80pct,212,190117,v_7772aff8ada6665c,True
subamostra_grupos_80pct,212,190121,v_dfc2cd0a407647a1,True
subamostra_grupos_80pct,212,190201,v_42425ef1b6be46c9,True
subamostra_grupos_80pct,212,190202,v_75e4f5dfca1df21a,True
subamostra_grupos_80pct,212,190203,v_7772aff8ada6665c,True
subamostra_grupos_80pct,212,190204,v_7772aff8ada6665c,True
subamostra_grupos_80pct,212,190211,v_d8aaef5ba56b0143,True
subamostra_grupos_80pct,212,190301,v_fa471d6fbc85cb1f,True
subamostra_grupos_80pct,212,190302,v_6822f94c8991cc97,True
subamostra_grupos_80pct,212,190306,v_e9bc00073fb6ee06,True
subamostra_grupos_80pct,212,190307,v_cb7a5527c7241bcc,True
subamostra_grupos_80pct,212,190418,v_73f93b538ab65f9b,True
subamostra_grupos_80pct,212,190602,v_3baf6fc9b7674dd5,True
subamostra_grupos_80pct,212,190603,v_275690d2e0c703e6,True
subamostra_grupos_80pct,213,110101,v_a2c8ab32bb99749e,True
subamostra_grupos_80pct,213,110201,v_d2a347430692cccd,True
subamostra_grupos_80pct,213,110210,v_252342c7f49f80e6,True
subamostra_grupos_80pct,213,110301,v_4c59f65b4cddf39b,True
subamostra_grupos_80pct,213,110302,v_4c59f65b4cddf39b,True
subamostra_grupos_80pct,213,110401,v_fe6416f493ddd855,True
subamostra_grupos_80pct,213,120101,v_a2c8ab32bb99749e,True
subamostra_grupos_80pct,213,120224,v_6c1322bcdadbc4aa,True
subamostra_grupos_80pct,213,120241,v_17b10d9c9dcce781,True
subamostra_grupos_80pct,213,120301,v_4c59f65b4cddf39b,True
subamostra_grupos_80pct,213,120302,v_4c59f65b4cddf39b,True
subamostra_grupos_80pct,213,120303,v_4c59f65b4cddf39b,True
subamostra_grupos_80pct,213,120304,v_cfc46a1e6fee449f,True
subamostra_grupos_80pct,213,120308,v_a362869115671df5,True
subamostra_grupos_80pct,213,130103,v_a2c8ab32bb99749e,True
subamostra_grupos_80pct,213,130104,v_a2c8ab32bb99749e,True
subamostra_grupos_80pct,213,130109,v_33eecbd3c316d76e,True
subamostra_grupos_80pct,213,130111,v_33eecbd3c316d76e,True
subamostra_grupos_80pct,213,130113,v_33eecbd3c316d76e,True
subamostra_grupos_80pct,213,130202,v_e2e52cba3a2ef983,True
subamostra_grupos_80pct,213,130205,v_a0bae2d76326d8c8,True
subamostra_grupos_80pct,213,130210,v_081d020777014708,True
subamostra_grupos_80pct,213,130211,v_69517c5e98ee3893,True
subamostra_grupos_80pct,213,130223,v_8068b6772e214165,True
subamostra_grupos_80pct,213,130225,v_948103301b8dacda,True
subamostra_grupos_80pct,213,130226,v_aa2a63f981912262,True
subamostra_grupos_80pct,213,130228,v_daf99c12b1dacd5e,True
subamostra_grupos_80pct,213,130230,v_18b17ced41ec4192,True
subamostra_grupos_80pct,213,130231,v_18b17ced41ec4192,True
subamostra_grupos_80pct,213,130233,v_9d39b35ba93fa234,True
subamostra_grupos_80pct,213,130236,v_41d7784f76cc4bf7,True
subamostra_grupos_80pct,213,130237,v_daf99c12b1dacd5e,True
subamostra_grupos_80pct,213,130403,v_c6225bc81a0200b7,True
subamostra_grupos_80pct,213,190101,v_757a95c8a3cb40b3,True
subamostra_grupos_80pct,213,190102,v_5f1fa37a37d0d251,True
subamostra_grupos_80pct,213,190103,v_f5f7fcbc7ffe43f8,True
subamostra_grupos_80pct,213,190104,v_d8aaef5ba56b0143,True
subamostra_grupos_80pct,213,190106,v_7772aff8ada6665c,True
subamostra_grupos_80pct,213,190107,v_c26285872c899de9,True
subamostra_grupos_80pct,213,190114,v_9591742a2e6b7c64,True
subamostra_grupos_80pct,213,190115,v_d8aaef5ba56b0143,True
subamostra_grupos_80pct,213,190117,v_7772aff8ada6665c,True
subamostra_grupos_80pct,213,190121,v_dfc2cd0a407647a1,True
subamostra_grupos_80pct,213,190201,v_42425ef1b6be46c9,True
subamostra_grupos_80pct,213,190202,v_75e4f5dfca1df21a,True
subamostra_grupos_80pct,213,190203,v_7772aff8ada6665c,True
subamostra_grupos_80pct,213,190204,v_7772aff8ada6665c,True
subamostra_grupos_80pct,213,190205,v_595768cdbb1e50d7,True
subamostra_grupos_80pct,213,190211,v_d8aaef5ba56b0143,True
subamostra_grupos_80pct,213,190302,v_6822f94c8991cc97,True
subamostra_grupos_80pct,213,190303,v_0cc70a5c3843afef,True
subamostra_grupos_80pct,213,190306,v_e9bc00073fb6ee06,True
subamostra_grupos_80pct,213,190307,v_cb7a5527c7241bcc,True
subamostra_grupos_80pct,213,190418,v_73f93b538ab65f9b,True
subamostra_grupos_80pct,213,190602,v_3baf6fc9b7674dd5,True
subamostra_grupos_80pct,213,190603,v_275690d2e0c703e6,True
subamostra_grupos_80pct,213,190605,v_62d90b1f682f60e4,True
subamostra_grupos_80pct,214,110101,v_a2c8ab32bb99749e,True
subamostra_grupos_80pct,214,110201,v_d2a347430692cccd,True
subamostra_grupos_80pct,214,110210,v_252342c7f49f80e6,True
subamostra_grupos_80pct,214,110401,v_fe6416f493ddd855,True
subamostra_grupos_80pct,214,120101,v_a2c8ab32bb99749e,True
subamostra_grupos_80pct,214,120201,v_f642d35ec76032eb,True
subamostra_grupos_80pct,214,120221,v_65fe89dd42f9233b,True
subamostra_grupos_80pct,214,120224,v_6c1322bcdadbc4aa,True
subamostra_grupos_80pct,214,120241,v_17b10d9c9dcce781,True
subamostra_grupos_80pct,214,120304,v_cfc46a1e6fee449f,True
subamostra_grupos_80pct,214,130103,v_a2c8ab32bb99749e,True
subamostra_grupos_80pct,214,130104,v_a2c8ab32bb99749e,True
subamostra_grupos_80pct,214,130109,v_33eecbd3c316d76e,True
subamostra_grupos_80pct,214,130111,v_33eecbd3c316d76e,True
subamostra_grupos_80pct,214,130113,v_33eecbd3c316d76e,True
subamostra_grupos_80pct,214,130202,v_e2e52cba3a2ef983,True
subamostra_grupos_80pct,214,130205,v_a0bae2d76326d8c8,True
subamostra_grupos_80pct,214,130209,v_4084768b50e6b216,True
subamostra_grupos_80pct,214,130210,v_081d020777014708,True
subamostra_grupos_80pct,214,130211,v_69517c5e98ee3893,True
subamostra_grupos_80pct,214,130223,v_8068b6772e214165,True
subamostra_grupos_80pct,214,130225,v_948103301b8dacda,True
subamostra_grupos_80pct,214,130226,v_aa2a63f981912262,True
subamostra_grupos_80pct,214,130228,v_daf99c12b1dacd5e,True
subamostra_grupos_80pct,214,130230,v_18b17ced41ec4192,True
subamostra_grupos_80pct,214,130231,v_18b17ced41ec4192,True
subamostra_grupos_80pct,214,130233,v_9d39b35ba93fa234,True
subamostra_grupos_80pct,214,130234,v_707677f9757aa1ea,True
subamostra_grupos_80pct,214,130237,v_daf99c12b1dacd5e,True
subamostra_grupos_80pct,214,130403,v_c6225bc81a0200b7,True
subamostra_grupos_80pct,214,190101,v_757a95c8a3cb40b3,True
subamostra_grupos_80pct,214,190102,v_5f1fa37a37d0d251,True
subamostra_grupos_80pct,214,190103,v_f5f7fcbc7ffe43f8,True
subamostra_grupos_80pct,214,190105,v_61253787c539a966,True
subamostra_grupos_80pct,214,190106,v_7772aff8ada6665c,True
subamostra_grupos_80pct,214,190107,v_c26285872c899de9,True
subamostra_grupos_80pct,214,190114,v_9591742a2e6b7c64,True
subamostra_grupos_80pct,214,190116,v_61253787c539a966,True
subamostra_grupos_80pct,214,190117,v_7772aff8ada6665c,True
subamostra_grupos_80pct,214,190121,v_dfc2cd0a407647a1,True
subamostra_grupos_80pct,214,190202,v_75e4f5dfca1df21a,True
subamostra_grupos_80pct,214,190203,v_7772aff8ada6665c,True
subamostra_grupos_80pct,214,190204,v_7772aff8ada6665c,True
subamostra_grupos_80pct,214,190205,v_595768cdbb1e50d7,True
subamostra_grupos_80pct,214,190302,v_6822f94c8991cc97,True
subamostra_grupos_80pct,214,190303,v_0cc70a5c3843afef,True
subamostra_grupos_80pct,214,190307,v_cb7a5527c7241bcc,True
subamostra_grupos_80pct,214,190417,v_86ab5625ffedec06,True
subamostra_grupos_80pct,214,190418,v_73f93b538ab65f9b,True
subamostra_grupos_80pct,214,190602,v_3baf6fc9b7674dd5,True
subamostra_grupos_80pct,214,190603,v_275690d2e0c703e6,True
subamostra_grupos_80pct,214,190605,v_62d90b1f682f60e4,True
subamostra_grupos_80pct,215,110201,v_d2a347430692cccd,True
subamostra_grupos_80pct,215,120201,v_f642d35ec76032eb,True
subamostra_grupos_80pct,215,120221,v_65fe89dd42f9233b,True
subamostra_grupos_80pct,215,120232,v_9e2c420e28f08f02,True
subamostra_grupos_80pct,215,120241,v_17b10d9c9dcce781,True
subamostra_grupos_80pct,215,120304,v_cfc46a1e6fee449f,True
subamostra_grupos_80pct,215,120308,v_a362869115671df5,True
subamostra_grupos_80pct,215,130109,v_33eecbd3c316d76e,True
subamostra_grupos_80pct,215,130110,v_7374736633a4f48d,True
subamostra_grupos_80pct,215,130111,v_33eecbd3c316d76e,True
subamostra_grupos_80pct,215,130112,v_7374736633a4f48d,True
subamostra_grupos_80pct,215,130113,v_33eecbd3c316d76e,True
subamostra_grupos_80pct,215,130202,v_e2e52cba3a2ef983,True
subamostra_grupos_80pct,215,130209,v_4084768b50e6b216,True
subamostra_grupos_80pct,215,130210,v_081d020777014708,True
subamostra_grupos_80pct,215,130211,v_69517c5e98ee3893,True
subamostra_grupos_80pct,215,130222,v_67238874b06f5313,True
subamostra_grupos_80pct,215,130223,v_8068b6772e214165,True
subamostra_grupos_80pct,215,130225,v_948103301b8dacda,True
subamostra_grupos_80pct,215,130226,v_aa2a63f981912262,True
subamostra_grupos_80pct,215,130228,v_daf99c12b1dacd5e,True
subamostra_grupos_80pct,215,130230,v_18b17ced41ec4192,True
subamostra_grupos_80pct,215,130231,v_18b17ced41ec4192,True
subamostra_grupos_80pct,215,130233,v_9d39b35ba93fa234,True
subamostra_grupos_80pct,215,130234,v_707677f9757aa1ea,True
subamostra_grupos_80pct,215,130236,v_41d7784f76cc4bf7,True
subamostra_grupos_80pct,215,130237,v_daf99c12b1dacd5e,True
subamostra_grupos_80pct,215,130403,v_c6225bc81a0200b7,True
subamostra_grupos_80pct,215,190101,v_757a95c8a3cb40b3,True
subamostra_grupos_80pct,215,190104,v_d8aaef5ba56b0143,True
subamostra_grupos_80pct,215,190105,v_61253787c539a966,True
subamostra_grupos_80pct,215,190106,v_7772aff8ada6665c,True
subamostra_grupos_80pct,215,190107,v_c26285872c899de9,True
subamostra_grupos_80pct,215,190114,v_9591742a2e6b7c64,True
subamostra_grupos_80pct,215,190115,v_d8aaef5ba56b0143,True
subamostra_grupos_80pct,215,190116,v_61253787c539a966,True
subamostra_grupos_80pct,215,190117,v_7772aff8ada6665c,True
subamostra_grupos_80pct,215,190121,v_dfc2cd0a407647a1,True
subamostra_grupos_80pct,215,190201,v_42425ef1b6be46c9,True
subamostra_grupos_80pct,215,190203,v_7772aff8ada6665c,True
subamostra_grupos_80pct,215,190204,v_7772aff8ada6665c,True
subamostra_grupos_80pct,215,190205,v_595768cdbb1e50d7,True
subamostra_grupos_80pct,215,190211,v_d8aaef5ba56b0143,True
subamostra_grupos_80pct,215,190301,v_fa471d6fbc85cb1f,True
subamostra_grupos_80pct,215,190303,v_0cc70a5c3843afef,True
subamostra_grupos_80pct,215,190306,v_e9bc00073fb6ee06,True
subamostra_grupos_80pct,215,190307,v_cb7a5527c7241bcc,True
subamostra_grupos_80pct,215,190417,v_86ab5625ffedec06,True
subamostra_grupos_80pct,215,190418,v_73f93b538ab65f9b,True
subamostra_grupos_80pct,215,190602,v_3baf6fc9b7674dd5,True
subamostra_grupos_80pct,215,190603,v_275690d2e0c703e6,True
subamostra_grupos_80pct,215,190605,v_62d90b1f682f60e4,True
subamostra_grupos_80pct,216,110101,v_a2c8ab32bb99749e,True
subamostra_grupos_80pct,216,110201,v_d2a347430692cccd,True
subamostra_grupos_80pct,216,110210,v_252342c7f49f80e6,True
subamostra_grupos_80pct,216,110301,v_4c59f65b4cddf39b,True
subamostra_grupos_80pct,216,110302,v_4c59f65b4cddf39b,True
subamostra_grupos_80pct,216,110401,v_fe6416f493ddd855,True
subamostra_grupos_80pct,216,120101,v_a2c8ab32bb99749e,True
subamostra_grupos_80pct,216,120201,v_f642d35ec76032eb,True
subamostra_grupos_80pct,216,120221,v_65fe89dd42f9233b,True
subamostra_grupos_80pct,216,120232,v_9e2c420e28f08f02,True
subamostra_grupos_80pct,216,120241,v_17b10d9c9dcce781,True
subamostra_grupos_80pct,216,120301,v_4c59f65b4cddf39b,True
subamostra_grupos_80pct,216,120302,v_4c59f65b4cddf39b,True
subamostra_grupos_80pct,216,120303,v_4c59f65b4cddf39b,True
subamostra_grupos_80pct,216,120304,v_cfc46a1e6fee449f,True
subamostra_grupos_80pct,216,120308,v_a362869115671df5,True
subamostra_grupos_80pct,216,130103,v_a2c8ab32bb99749e,True
subamostra_grupos_80pct,216,130104,v_a2c8ab32bb99749e,True
subamostra_grupos_80pct,216,130109,v_33eecbd3c316d76e,True
subamostra_grupos_80pct,216,130110,v_7374736633a4f48d,True
subamostra_grupos_80pct,216,130111,v_33eecbd3c316d76e,True
subamostra_grupos_80pct,216,130112,v_7374736633a4f48d,True
subamostra_grupos_80pct,216,130113,v_33eecbd3c316d76e,True
subamostra_grupos_80pct,216,130210,v_081d020777014708,True
subamostra_grupos_80pct,216,130211,v_69517c5e98ee3893,True
subamostra_grupos_80pct,216,130222,v_67238874b06f5313,True
subamostra_grupos_80pct,216,130225,v_948103301b8dacda,True
subamostra_grupos_80pct,216,130226,v_aa2a63f981912262,True
subamostra_grupos_80pct,216,130230,v_18b17ced41ec4192,True
subamostra_grupos_80pct,216,130231,v_18b17ced41ec4192,True
subamostra_grupos_80pct,216,130233,v_9d39b35ba93fa234,True
subamostra_grupos_80pct,216,130234,v_707677f9757aa1ea,True
subamostra_grupos_80pct,216,130236,v_41d7784f76cc4bf7,True
subamostra_grupos_80pct,216,130403,v_c6225bc81a0200b7,True
subamostra_grupos_80pct,216,190101,v_757a95c8a3cb40b3,True
subamostra_grupos_80pct,216,190102,v_5f1fa37a37d0d251,True
subamostra_grupos_80pct,216,190103,v_f5f7fcbc7ffe43f8,True
subamostra_grupos_80pct,216,190105,v_61253787c539a966,True
subamostra_grupos_80pct,216,190107,v_c26285872c899de9,True
subamostra_grupos_80pct,216,190108,v_1ddc5f355b91f535,True
subamostra_grupos_80pct,216,190114,v_9591742a2e6b7c64,True
subamostra_grupos_80pct,216,190116,v_61253787c539a966,True
subamostra_grupos_80pct,216,190121,v_dfc2cd0a407647a1,True
subamostra_grupos_80pct,216,190201,v_42425ef1b6be46c9,True
subamostra_grupos_80pct,216,190202,v_75e4f5dfca1df21a,True
subamostra_grupos_80pct,216,190205,v_595768cdbb1e50d7,True
subamostra_grupos_80pct,216,190301,v_fa471d6fbc85cb1f,True
subamostra_grupos_80pct,216,190302,v_6822f94c8991cc97,True
subamostra_grupos_80pct,216,190307,v_cb7a5527c7241bcc,True
subamostra_grupos_80pct,216,190417,v_86ab5625ffedec06,True
subamostra_grupos_80pct,216,190418,v_73f93b538ab65f9b,True
subamostra_grupos_80pct,216,190602,v_3baf6fc9b7674dd5,True
subamostra_grupos_80pct,216,190603,v_275690d2e0c703e6,True
subamostra_grupos_80pct,217,110101,v_a2c8ab32bb99749e,True
subamostra_grupos_80pct,217,110201,v_d2a347430692cccd,True
subamostra_grupos_80pct,217,110210,v_252342c7f49f80e6,True
subamostra_grupos_80pct,217,110301,v_4c59f65b4cddf39b,True
subamostra_grupos_80pct,217,110302,v_4c59f65b4cddf39b,True
subamostra_grupos_80pct,217,110401,v_fe6416f493ddd855,True
subamostra_grupos_80pct,217,120101,v_a2c8ab32bb99749e,True
subamostra_grupos_80pct,217,120201,v_f642d35ec76032eb,True
subamostra_grupos_80pct,217,120221,v_65fe89dd42f9233b,True
subamostra_grupos_80pct,217,120224,v_6c1322bcdadbc4aa,True
subamostra_grupos_80pct,217,120241,v_17b10d9c9dcce781,True
subamostra_grupos_80pct,217,120301,v_4c59f65b4cddf39b,True
subamostra_grupos_80pct,217,120302,v_4c59f65b4cddf39b,True
subamostra_grupos_80pct,217,120303,v_4c59f65b4cddf39b,True
subamostra_grupos_80pct,217,120308,v_a362869115671df5,True
subamostra_grupos_80pct,217,130103,v_a2c8ab32bb99749e,True
subamostra_grupos_80pct,217,130104,v_a2c8ab32bb99749e,True
subamostra_grupos_80pct,217,130109,v_33eecbd3c316d76e,True
subamostra_grupos_80pct,217,130111,v_33eecbd3c316d76e,True
subamostra_grupos_80pct,217,130113,v_33eecbd3c316d76e,True
subamostra_grupos_80pct,217,130210,v_081d020777014708,True
subamostra_grupos_80pct,217,130211,v_69517c5e98ee3893,True
subamostra_grupos_80pct,217,130222,v_67238874b06f5313,True
subamostra_grupos_80pct,217,130223,v_8068b6772e214165,True
subamostra_grupos_80pct,217,130225,v_948103301b8dacda,True
subamostra_grupos_80pct,217,130228,v_daf99c12b1dacd5e,True
subamostra_grupos_80pct,217,130230,v_18b17ced41ec4192,True
subamostra_grupos_80pct,217,130231,v_18b17ced41ec4192,True
subamostra_grupos_80pct,217,130233,v_9d39b35ba93fa234,True
subamostra_grupos_80pct,217,130234,v_707677f9757aa1ea,True
subamostra_grupos_80pct,217,130236,v_41d7784f76cc4bf7,True
subamostra_grupos_80pct,217,130237,v_daf99c12b1dacd5e,True
subamostra_grupos_80pct,217,130403,v_c6225bc81a0200b7,True
subamostra_grupos_80pct,217,190101,v_757a95c8a3cb40b3,True
subamostra_grupos_80pct,217,190102,v_5f1fa37a37d0d251,True
subamostra_grupos_80pct,217,190106,v_7772aff8ada6665c,True
subamostra_grupos_80pct,217,190107,v_c26285872c899de9,True
subamostra_grupos_80pct,217,190108,v_1ddc5f355b91f535,True
subamostra_grupos_80pct,217,190114,v_9591742a2e6b7c64,True
subamostra_grupos_80pct,217,190117,v_7772aff8ada6665c,True
subamostra_grupos_80pct,217,190121,v_dfc2cd0a407647a1,True
subamostra_grupos_80pct,217,190201,v_42425ef1b6be46c9,True
subamostra_grupos_80pct,217,190202,v_75e4f5dfca1df21a,True
subamostra_grupos_80pct,217,190203,v_7772aff8ada6665c,True
subamostra_grupos_80pct,217,190204,v_7772aff8ada6665c,True
subamostra_grupos_80pct,217,190205,v_595768cdbb1e50d7,True
subamostra_grupos_80pct,217,190301,v_fa471d6fbc85cb1f,True
subamostra_grupos_80pct,217,190302,v_6822f94c8991cc97,True
subamostra_grupos_80pct,217,190303,v_0cc70a5c3843afef,True
subamostra_grupos_80pct,217,190307,v_cb7a5527c7241bcc,True
subamostra_grupos_80pct,217,190417,v_86ab5625ffedec06,True
subamostra_grupos_80pct,217,190418,v_73f93b538ab65f9b,True
subamostra_grupos_80pct,217,190602,v_3baf6fc9b7674dd5,True
subamostra_grupos_80pct,217,190603,v_275690d2e0c703e6,True
subamostra_grupos_80pct,217,190605,v_62d90b1f682f60e4,True
subamostra_grupos_80pct,218,110101,v_a2c8ab32bb99749e,True
subamostra_grupos_80pct,218,110201,v_d2a347430692cccd,True
subamostra_grupos_80pct,218,110210,v_252342c7f49f80e6,True
subamostra_grupos_80pct,218,110301,v_4c59f65b4cddf39b,True
subamostra_grupos_80pct,218,110302,v_4c59f65b4cddf39b,True
subamostra_grupos_80pct,218,110401,v_fe6416f493ddd855,True
subamostra_grupos_80pct,218,120101,v_a2c8ab32bb99749e,True
subamostra_grupos_80pct,218,120221,v_65fe89dd42f9233b,True
subamostra_grupos_80pct,218,120224,v_6c1322bcdadbc4aa,True
subamostra_grupos_80pct,218,120232,v_9e2c420e28f08f02,True
subamostra_grupos_80pct,218,120301,v_4c59f65b4cddf39b,True
subamostra_grupos_80pct,218,120302,v_4c59f65b4cddf39b,True
subamostra_grupos_80pct,218,120303,v_4c59f65b4cddf39b,True
subamostra_grupos_80pct,218,120304,v_cfc46a1e6fee449f,True
subamostra_grupos_80pct,218,120308,v_a362869115671df5,True
subamostra_grupos_80pct,218,130103,v_a2c8ab32bb99749e,True
subamostra_grupos_80pct,218,130104,v_a2c8ab32bb99749e,True
subamostra_grupos_80pct,218,130109,v_33eecbd3c316d76e,True
subamostra_grupos_80pct,218,130111,v_33eecbd3c316d76e,True
subamostra_grupos_80pct,218,130113,v_33eecbd3c316d76e,True
subamostra_grupos_80pct,218,130202,v_e2e52cba3a2ef983,True
subamostra_grupos_80pct,218,130205,v_a0bae2d76326d8c8,True
subamostra_grupos_80pct,218,130209,v_4084768b50e6b216,True
subamostra_grupos_80pct,218,130210,v_081d020777014708,True
subamostra_grupos_80pct,218,130211,v_69517c5e98ee3893,True
subamostra_grupos_80pct,218,130222,v_67238874b06f5313,True
subamostra_grupos_80pct,218,130225,v_948103301b8dacda,True
subamostra_grupos_80pct,218,130226,v_aa2a63f981912262,True
subamostra_grupos_80pct,218,130230,v_18b17ced41ec4192,True
subamostra_grupos_80pct,218,130231,v_18b17ced41ec4192,True
subamostra_grupos_80pct,218,130233,v_9d39b35ba93fa234,True
subamostra_grupos_80pct,218,130234,v_707677f9757aa1ea,True
subamostra_grupos_80pct,218,130236,v_41d7784f76cc4bf7,True
subamostra_grupos_80pct,218,130403,v_c6225bc81a0200b7,True
subamostra_grupos_80pct,218,190104,v_d8aaef5ba56b0143,True
subamostra_grupos_80pct,218,190105,v_61253787c539a966,True
subamostra_grupos_80pct,218,190106,v_7772aff8ada6665c,True
subamostra_grupos_80pct,218,190107,v_c26285872c899de9,True
subamostra_grupos_80pct,218,190108,v_1ddc5f355b91f535,True
subamostra_grupos_80pct,218,190114,v_9591742a2e6b7c64,True
subamostra_grupos_80pct,218,190115,v_d8aaef5ba56b0143,True
subamostra_grupos_80pct,218,190116,v_61253787c539a966,True
subamostra_grupos_80pct,218,190117,v_7772aff8ada6665c,True
subamostra_grupos_80pct,218,190202,v_75e4f5dfca1df21a,True
subamostra_grupos_80pct,218,190203,v_7772aff8ada6665c,True
subamostra_grupos_80pct,218,190204,v_7772aff8ada6665c,True
subamostra_grupos_80pct,218,190205,v_595768cdbb1e50d7,True
subamostra_grupos_80pct,218,190211,v_d8aaef5ba56b0143,True
subamostra_grupos_80pct,218,190302,v_6822f94c8991cc97,True
subamostra_grupos_80pct,218,190303,v_0cc70a5c3843afef,True
subamostra_grupos_80pct,218,190306,v_e9bc00073fb6ee06,True
subamostra_grupos_80pct,218,190307,v_cb7a5527c7241bcc,True
subamostra_grupos_80pct,218,190417,v_86ab5625ffedec06,True
subamostra_grupos_80pct,218,190418,v_73f93b538ab65f9b,True
subamostra_grupos_80pct,218,190602,v_3baf6fc9b7674dd5,True
subamostra_grupos_80pct,218,190603,v_275690d2e0c703e6,True
subamostra_grupos_80pct,218,190605,v_62d90b1f682f60e4,True
subamostra_grupos_80pct,219,110101,v_a2c8ab32bb99749e,True
subamostra_grupos_80pct,219,110201,v_d2a347430692cccd,True
subamostra_grupos_80pct,219,110210,v_252342c7f49f80e6,True
subamostra_grupos_80pct,219,110301,v_4c59f65b4cddf39b,True
subamostra_grupos_80pct,219,110302,v_4c59f65b4cddf39b,True
subamostra_grupos_80pct,219,120101,v_a2c8ab32bb99749e,True
subamostra_grupos_80pct,219,120201,v_f642d35ec76032eb,True
subamostra_grupos_80pct,219,120221,v_65fe89dd42f9233b,True
subamostra_grupos_80pct,219,120224,v_6c1322bcdadbc4aa,True
subamostra_grupos_80pct,219,120241,v_17b10d9c9dcce781,True
subamostra_grupos_80pct,219,120301,v_4c59f65b4cddf39b,True
subamostra_grupos_80pct,219,120302,v_4c59f65b4cddf39b,True
subamostra_grupos_80pct,219,120303,v_4c59f65b4cddf39b,True
subamostra_grupos_80pct,219,120304,v_cfc46a1e6fee449f,True
subamostra_grupos_80pct,219,120308,v_a362869115671df5,True
subamostra_grupos_80pct,219,130103,v_a2c8ab32bb99749e,True
subamostra_grupos_80pct,219,130104,v_a2c8ab32bb99749e,True
subamostra_grupos_80pct,219,130109,v_33eecbd3c316d76e,True
subamostra_grupos_80pct,219,130110,v_7374736633a4f48d,True
subamostra_grupos_80pct,219,130111,v_33eecbd3c316d76e,True
subamostra_grupos_80pct,219,130112,v_7374736633a4f48d,True
subamostra_grupos_80pct,219,130113,v_33eecbd3c316d76e,True
subamostra_grupos_80pct,219,130202,v_e2e52cba3a2ef983,True
subamostra_grupos_80pct,219,130205,v_a0bae2d76326d8c8,True
subamostra_grupos_80pct,219,130209,v_4084768b50e6b216,True
subamostra_grupos_80pct,219,130210,v_081d020777014708,True
subamostra_grupos_80pct,219,130211,v_69517c5e98ee3893,True
subamostra_grupos_80pct,219,130222,v_67238874b06f5313,True
subamostra_grupos_80pct,219,130223,v_8068b6772e214165,True
subamostra_grupos_80pct,219,130228,v_daf99c12b1dacd5e,True
subamostra_grupos_80pct,219,130233,v_9d39b35ba93fa234,True
subamostra_grupos_80pct,219,130234,v_707677f9757aa1ea,True
subamostra_grupos_80pct,219,130237,v_daf99c12b1dacd5e,True
subamostra_grupos_80pct,219,130403,v_c6225bc81a0200b7,True
subamostra_grupos_80pct,219,190101,v_757a95c8a3cb40b3,True
subamostra_grupos_80pct,219,190103,v_f5f7fcbc7ffe43f8,True
subamostra_grupos_80pct,219,190104,v_d8aaef5ba56b0143,True
subamostra_grupos_80pct,219,190105,v_61253787c539a966,True
subamostra_grupos_80pct,219,190106,v_7772aff8ada6665c,True
subamostra_grupos_80pct,219,190107,v_c26285872c899de9,True
subamostra_grupos_80pct,219,190108,v_1ddc5f355b91f535,True
subamostra_grupos_80pct,219,190114,v_9591742a2e6b7c64,True
subamostra_grupos_80pct,219,190115,v_d8aaef5ba56b0143,True
subamostra_grupos_80pct,219,190116,v_61253787c539a966,True
subamostra_grupos_80pct,219,190117,v_7772aff8ada6665c,True
subamostra_grupos_80pct,219,190202,v_75e4f5dfca1df21a,True
subamostra_grupos_80pct,219,190203,v_7772aff8ada6665c,True
subamostra_grupos_80pct,219,190204,v_7772aff8ada6665c,True
subamostra_grupos_80pct,219,190205,v_595768cdbb1e50d7,True
subamostra_grupos_80pct,219,190211,v_d8aaef5ba56b0143,True
subamostra_grupos_80pct,219,190301,v_fa471d6fbc85cb1f,True
subamostra_grupos_80pct,219,190302,v_6822f94c8991cc97,True
subamostra_grupos_80pct,219,190303,v_0cc70a5c3843afef,True
subamostra_grupos_80pct,219,190417,v_86ab5625ffedec06,True
subamostra_grupos_80pct,219,190418,v_73f93b538ab65f9b,True
subamostra_grupos_80pct,219,190602,v_3baf6fc9b7674dd5,True
subamostra_grupos_80pct,219,190603,v_275690d2e0c703e6,True
subamostra_grupos_80pct,219,190605,v_62d90b1f682f60e4,True
