fonte,competencia,codigo,descricao,classe,grupo_particao,cluster,distancia_centro
sinapi_es,2026-05,100716,JATEAMENTO ABRASIVO COM GRANALHA DE AÇO EM PERFIL METÁLICO EM FÁBRICA. AF_01/2020,pintura,v_86a9d22ec1d41eb4,1,3.6309089104947443
sinapi_es,2026-05,100717,LIXAMENTO MANUAL EM SUPERFÍCIES METÁLICAS EM OBRA. AF_01/2020,pintura,v_4c83cc4b48fe9743,1,2.724856252232883
sinapi_es,2026-05,100719,PINTURA COM TINTA ALQUÍDICA DE FUNDO (TIPO ZARCÃO) PULVERIZADA SOBRE PERFIL METÁLICO EXECUTADO EM FÁBRICA (POR DEMÃO). AF_01/2020_PE,pintura,v_af0ea1cb6acc9fe0,1,2.78618959752903
sinapi_es,2026-05,100720,PINTURA COM TINTA ALQUÍDICA DE FUNDO (TIPO ZARCÃO) APLICADA A ROLO OU PINCEL SOBRE PERFIL METÁLICO EXECUTADO EM FÁBRICA (POR DEMÃO). AF_01/2020,pintura,v_af0ea1cb6acc9fe0,1,1.4491928586091516
sinapi_es,2026-05,100721,PINTURA COM TINTA ALQUÍDICA DE FUNDO (TIPO ZARCÃO) PULVERIZADA SOBRE SUPERFÍCIES METÁLICAS (EXCETO PERFIL) EXECUTADO EM OBRA (POR DEMÃO). AF_01/2020_PE,pintura,v_af0ea1cb6acc9fe0,1,1.3523956912787043
sinapi_es,2026-05,100722,PINTURA COM TINTA ALQUÍDICA DE FUNDO (TIPO ZARCÃO) APLICADA A ROLO OU PINCEL SOBRE SUPERFÍCIES METÁLICAS (EXCETO PERFIL) EXECUTADO EM OBRA (POR DEMÃO). AF_01/2020,pintura,v_af0ea1cb6acc9fe0,1,2.078063488135065
sinapi_es,2026-05,100723,PINTURA COM TINTA ALQUÍDICA DE FUNDO E ACABAMENTO (ESMALTE SINTÉTICO GRAFITE) PULVERIZADA SOBRE PERFIL METÁLICO EXECUTADO EM FÁBRICA (POR DEMÃO). AF_01/2020_PE,pintura,v_f6a95d0670cb6769,1,2.8542320071503386
sinapi_es,2026-05,100724,PINTURA COM TINTA ALQUÍDICA DE FUNDO E ACABAMENTO (ESMALTE SINTÉTICO GRAFITE) APLICADA A ROLO OU PINCEL SOBRE PERFIL METÁLICO EXECUTADO EM FÁBRICA (POR DEMÃO). AF_01/2020,pintura,v_f6a95d0670cb6769,1,1.5004415379681821
sinapi_es,2026-05,100725,PINTURA COM TINTA ALQUÍDICA DE FUNDO E ACABAMENTO (ESMALTE SINTÉTICO GRAFITE) PULVERIZADA SOBRE SUPERFÍCIES METÁLICAS (EXCETO PERFIL) EXECUTADO EM OBRA (POR DEMÃO). AF_01/2020_PE,pintura,v_f6a95d0670cb6769,1,1.3373238306791175
sinapi_es,2026-05,100726,PINTURA COM TINTA ALQUÍDICA DE FUNDO E ACABAMENTO (ESMALTE SINTÉTICO GRAFITE) APLICADA A ROLO OU PINCEL SOBRE SUPERFÍCIES METÁLICAS (EXCETO PERFIL) EXECUTADO EM OBRA (POR DEMÃO). AF_01/2020,pintura,v_f6a95d0670cb6769,1,1.6665454281097714
sinapi_es,2026-05,100727,PINTURA COM TINTA EPOXÍDICA DE FUNDO PULVERIZADA SOBRE PERFIL METÁLICO EXECUTADO EM FÁBRICA (POR DEMÃO). AF_01/2020_PE,pintura,v_c6ebaf06283f25ef,1,3.403890637477624
sinapi_es,2026-05,100728,PINTURA COM TINTA EPOXÍDICA DE FUNDO APLICADA A ROLO OU PINCEL SOBRE PERFIL METÁLICO EXECUTADO EM FÁBRICA (POR DEMÃO). AF_01/2020,pintura,v_c6ebaf06283f25ef,1,2.22258342566446
sinapi_es,2026-05,100729,PINTURA COM TINTA EPOXÍDICA DE ACABAMENTO PULVERIZADA SOBRE PERFIL METÁLICO EXECUTADO EM FÁBRICA (POR DEMÃO). AF_01/2020_PE,pintura,v_237f3923d6588a83,1,3.2602324714477633
sinapi_es,2026-05,100730,PINTURA COM TINTA EPOXÍDICA DE ACABAMENTO APLICADA A ROLO OU PINCEL SOBRE PERFIL METÁLICO EXECUTADO EM FÁBRICA (POR DEMÃO). AF_01/2020,pintura,v_237f3923d6588a83,1,2.1974325821763143
sinapi_es,2026-05,100733,PINTURA COM TINTA ACRÍLICA DE FUNDO PULVERIZADA SOBRE SUPERFÍCIES METÁLICAS (EXCETO PERFIL) EXECUTADO EM OBRA (POR DEMÃO). AF_01/2020_PE,pintura,v_dc384fd97a4fbc12,1,2.005463858639152
sinapi_es,2026-05,100734,PINTURA COM TINTA ACRÍLICA DE FUNDO APLICADA A ROLO OU PINCEL SOBRE SUPERFÍCIES METÁLICAS (EXCETO PERFIL) EXECUTADO EM OBRA (POR DEMÃO). AF_01/2020,pintura,v_dc384fd97a4fbc12,1,2.432553731790935
sinapi_es,2026-05,100735,PINTURA COM TINTA ACRÍLICA DE ACABAMENTO PULVERIZADA SOBRE SUPERFÍCIES METÁLICAS (EXCETO PERFIL) EXECUTADO EM OBRA (POR DEMÃO). AF_01/2020_PE,pintura,v_668ee793060cfe21,1,2.3280726264410623
sinapi_es,2026-05,100736,PINTURA COM TINTA ACRÍLICA DE ACABAMENTO APLICADA A ROLO OU PINCEL SOBRE SUPERFÍCIES METÁLICAS (EXCETO PERFIL) EXECUTADO EM OBRA (POR DEMÃO). AF_01/2020,pintura,v_668ee793060cfe21,1,2.7247637053589626
sinapi_es,2026-05,100739,PINTURA COM TINTA ALQUÍDICA DE ACABAMENTO (ESMALTE SINTÉTICO ACETINADO) PULVERIZADA SOBRE PERFIL METÁLICO EXECUTADO EM FÁBRICA (POR DEMÃO). AF_01/2020_PE,pintura,v_71c9f5e34a029aaf,1,2.7702630096562113
sinapi_es,2026-05,100740,PINTURA COM TINTA ALQUÍDICA DE ACABAMENTO (ESMALTE SINTÉTICO ACETINADO) APLICADA A ROLO OU PINCEL SOBRE PERFIL METÁLICO EXECUTADO EM FÁBRICA (POR DEMÃO). AF_01/2020,pintura,v_71c9f5e34a029aaf,1,1.4201526906202062
sinapi_es,2026-05,100741,PINTURA COM TINTA ALQUÍDICA DE ACABAMENTO (ESMALTE SINTÉTICO ACETINADO) PULVERIZADA SOBRE SUPERFÍCIES METÁLICAS (EXCETO PERFIL) EXECUTADO EM OBRA (POR DEMÃO). AF_01/2020_PE,pintura,v_71c9f5e34a029aaf,1,1.3760531606398716
sinapi_es,2026-05,100742,PINTURA COM TINTA ALQUÍDICA DE ACABAMENTO (ESMALTE SINTÉTICO ACETINADO) APLICADA A ROLO OU PINCEL SOBRE SUPERFÍCIES METÁLICAS (EXCETO PERFIL) EXECUTADO EM OBRA (POR DEMÃO). AF_01/2020,pintura,v_71c9f5e34a029aaf,1,1.9962569958283747
sinapi_es,2026-05,100743,PINTURA COM TINTA ALQUÍDICA DE ACABAMENTO (ESMALTE SINTÉTICO BRILHANTE) PULVERIZADA SOBRE PERFIL METÁLICO EXECUTADO EM FÁBRICA (POR DEMÃO). AF_01/2020_PE,pintura,v_01efd623610d396e,1,2.7467745562079626
sinapi_es,2026-05,100744,PINTURA COM TINTA ALQUÍDICA DE ACABAMENTO (ESMALTE SINTÉTICO BRILHANTE) APLICADA A ROLO OU PINCEL SOBRE PERFIL METÁLICO EXECUTADO EM FÁBRICA (POR DEMÃO). AF_01/2020,pintura,v_01efd623610d396e,1,1.4259055909504337
sinapi_es,2026-05,100745,PINTURA COM TINTA ALQUÍDICA DE ACABAMENTO (ESMALTE SINTÉTICO BRILHANTE) PULVERIZADA SOBRE SUPERFÍCIES METÁLICAS (EXCETO PERFIL) EXECUTADO EM OBRA (POR DEMÃO). AF_01/2020_PE,pintura,v_01efd623610d396e,1,1.394062035042248
sinapi_es,2026-05,100746,PINTURA COM TINTA ALQUÍDICA DE ACABAMENTO (ESMALTE SINTÉTICO BRILHANTE) APLICADA A ROLO OU PINCEL SOBRE SUPERFÍCIES METÁLICAS (EXCETO PERFIL) EXECUTADO EM OBRA (POR DEMÃO). AF_01/2020,pintura,v_01efd623610d396e,1,2.020202453671325
sinapi_es,2026-05,100747,PINTURA COM TINTA ALQUÍDICA DE ACABAMENTO (ESMALTE SINTÉTICO FOSCO) PULVERIZADA SOBRE PERFIL METÁLICO EXECUTADO EM FÁBRICA (POR DEMÃO). AF_01/2020_PE,pintura,v_0d1e444b92a64fd4,1,2.756693260547116
sinapi_es,2026-05,100748,PINTURA COM TINTA ALQUÍDICA DE ACABAMENTO (ESMALTE SINTÉTICO FOSCO) APLICADA A ROLO OU PINCEL SOBRE PERFIL METÁLICO EXECUTADO EM FÁBRICA (POR DEMÃO). AF_01/2020,pintura,v_0d1e444b92a64fd4,1,1.4232976642015103
sinapi_es,2026-05,100749,PINTURA COM TINTA ALQUÍDICA DE ACABAMENTO (ESMALTE SINTÉTICO FOSCO) PULVERIZADA SOBRE SUPERFÍCIES METÁLICAS (EXCETO PERFIL) EXECUTADO EM OBRA (POR DEMÃO). AF_01/2020_PE,pintura,v_0d1e444b92a64fd4,1,1.3863909780851016
sinapi_es,2026-05,100750,PINTURA COM TINTA ALQUÍDICA DE ACABAMENTO (ESMALTE SINTÉTICO FOSCO) APLICADA A ROLO OU PINCEL SOBRE SUPERFÍCIES METÁLICAS (EXCETO PERFIL) EXECUTADO EM OBRA (POR DEMÃO). AF_01/2020,pintura,v_0d1e444b92a64fd4,1,2.010159517206846
sinapi_es,2026-05,100751,PINTURA COM TINTA EPOXÍDICA DE ACABAMENTO PULVERIZADA SOBRE PERFIL METÁLICO EXECUTADO EM FÁBRICA (02 DEMÃOS). AF_01/2020_PE,pintura,v_237f3923d6588a83,1,3.2376737889189067
sinapi_es,2026-05,100752,PINTURA COM TINTA EPOXÍDICA DE ACABAMENTO APLICADA A ROLO OU PINCEL SOBRE PERFIL METÁLICO EXECUTADO EM FÁBRICA (02 DEMÃOS). AF_01/2020,pintura,v_237f3923d6588a83,1,2.1167911387320983
sinapi_es,2026-05,100753,PINTURA COM TINTA ACRÍLICA DE ACABAMENTO PULVERIZADA SOBRE SUPERFÍCIES METÁLICAS (EXCETO PERFIL) EXECUTADO EM OBRA (02 DEMÃOS). AF_01/2020_PE,pintura,v_668ee793060cfe21,1,2.2475894862164414
sinapi_es,2026-05,100754,PINTURA COM TINTA ACRÍLICA DE ACABAMENTO APLICADA A ROLO OU PINCEL SOBRE SUPERFÍCIES METÁLICAS (EXCETO PERFIL) EXECUTADO EM OBRA (02 DEMÃOS). AF_01/2020,pintura,v_668ee793060cfe21,1,2.6799893658642437
sinapi_es,2026-05,100757,PINTURA COM TINTA ALQUÍDICA DE ACABAMENTO (ESMALTE SINTÉTICO ACETINADO) PULVERIZADA SOBRE SUPERFÍCIES METÁLICAS (EXCETO PERFIL) EXECUTADO EM OBRA (02 DEMÃOS). AF_01/2020_PE,pintura,v_71c9f5e34a029aaf,1,1.3353751321728036
sinapi_es,2026-05,100758,PINTURA COM TINTA ALQUÍDICA DE ACABAMENTO (ESMALTE SINTÉTICO ACETINADO) APLICADA A ROLO OU PINCEL SOBRE SUPERFÍCIES METÁLICAS (EXCETO PERFIL) EXECUTADO EM OBRA (02 DEMÃOS). AF_01/2020,pintura,v_71c9f5e34a029aaf,1,2.0746978234222757
sinapi_es,2026-05,100759,PINTURA COM TINTA ALQUÍDICA DE ACABAMENTO (ESMALTE SINTÉTICO BRILHANTE) PULVERIZADA SOBRE SUPERFÍCIES METÁLICAS (EXCETO PERFIL) EXECUTADO EM OBRA (02 DEMÃOS). AF_01/2020_PE,pintura,v_01efd623610d396e,1,1.3539216636701685
sinapi_es,2026-05,100760,PINTURA COM TINTA ALQUÍDICA DE ACABAMENTO (ESMALTE SINTÉTICO BRILHANTE) APLICADA A ROLO OU PINCEL SOBRE SUPERFÍCIES METÁLICAS (EXCETO PERFIL) EXECUTADO EM OBRA (02 DEMÃOS). AF_01/2020,pintura,v_01efd623610d396e,1,2.0977446357009417
sinapi_es,2026-05,100761,PINTURA COM TINTA ALQUÍDICA DE ACABAMENTO (ESMALTE SINTÉTICO FOSCO) PULVERIZADA SOBRE SUPERFÍCIES METÁLICAS (EXCETO PERFIL) EXECUTADO EM OBRA (02 DEMÃOS). AF_01/2020_PE,pintura,v_0d1e444b92a64fd4,1,1.3460233375543107
sinapi_es,2026-05,100762,PINTURA COM TINTA ALQUÍDICA DE ACABAMENTO (ESMALTE SINTÉTICO FOSCO) APLICADA A ROLO OU PINCEL SOBRE SUPERFÍCIES METÁLICAS (EXCETO PERFIL) EXECUTADO EM OBRA (02 DEMÃOS). AF_01/2020,pintura,v_0d1e444b92a64fd4,1,2.0880761124409255
sinapi_es,2026-05,101725,"PISO EM LADRILHO HIDRÁULICO APLICADO EM AMBIENTES INTERNOS DE ÁREA MENOR QUE 5 M², INCLUSO APLICAÇÃO DE RESINA. AF_02/2026",pisos,v_6c8c73d2ea749832,1,6.310574278184424
sinapi_es,2026-05,101726,"PISO EM LADRILHO HIDRÁULICO APLICADO EM AMBIENTES INTERNOS DE ÁREA ENTRE 5 E 15 M², INCLUSO APLICAÇÃO DE RESINA. AF_02/2026",pisos,v_6c8c73d2ea749832,1,3.209475239292533
sinapi_es,2026-05,101727,"PISO VINÍLICO SEMI-FLEXÍVEL EM PLACAS, PADRÃO LISO, ESPESSURA 3,2 MM, FIXADO COM COLA. AF_02/2026",pisos,v_b5fd4dbd160ea990,1,3.4371208723539817
sinapi_es,2026-05,101729,"PISO EM TACO DE MADEIRA 7X42CM, FIXADO COM COLA PU. AF_02/2026_PS",pisos,v_6668cccc2c19cdee,1,2.846675353016146
sinapi_es,2026-05,101731,PISO EM PEDRA SÃO TOMÉ ASSENTADO SOBRE ARGAMASSA 1:3 (CIMENTO E AREIA). AF_02/2026,pisos,v_9c69fc24df07e041,0,3.14315463870676
sinapi_es,2026-05,101732,PISO EM PEDRA ARDÓSIA ASSENTADO SOBRE ARGAMASSA 1:3 (CIMENTO E AREIA). AF_02/2026,pisos,v_1b5b86bf89858a8f,0,1.773257594088634
sinapi_es,2026-05,101733,"PISO DE BORRACHA PASTILHADO/FRISADO, ESPESSURA 7MM, ASSENTADO COM ARGAMASSA. AF_02/2026",pisos,v_888400de40318751,1,2.7090302167063944
sinapi_es,2026-05,101734,"PISO DE BORRACHA PASTILHADO, ESPESSURA 15MM, ASSENTADO COM ARGAMASSA. AF_02/2026",pisos,v_330357891af16f79,1,2.986592022143386
sinapi_es,2026-05,101735,"PISO DE BORRACHA ESPORTIVO, ESPESSURA 15MM, ASSENTADO COM ARGAMASSA. AF_02/2026",pisos,v_04ed0baac6ab0a23,1,2.9999826128486844
sinapi_es,2026-05,101736,"PISO DE BORRACHA PASTILHADO, ESPESSURA 3,5MM, FIXADO COM ADESIVO ACRÍLICO. AF_02/2026",pisos,v_510ada8b53cbacd4,1,2.2045584183803495
sinapi_es,2026-05,101737,"PISO DE BORRACHA CANELADO, ESPESSURA 3,5MM, FIXADO COM ADESIVO ACRÍLICO. AF_02/2026",pisos,v_f169610a59f76e28,1,2.385449384357036
sinapi_es,2026-05,101746,ASSOALHO DE MADEIRA. AF_02/2026_PS,pisos,v_21e66ea964589279,1,3.197255029953894
sinapi_es,2026-05,101748,PREPARO DE CONTRAPISO COM POLITRIZ. AF_02/2026_PE,pisos,v_dc9e77e1358ef4e4,0,17.95659552094274
sinapi_es,2026-05,101749,"PISO CIMENTADO, TRAÇO 1:5 (CIMENTO E AREIA), ACABAMENTO LISO, ESPESSURA 4,0 CM, PREPARO MECÂNICO DA ARGAMASSA. AF_02/2026",pisos,v_8ef16f32e3aa1ae0,0,0.7864187235555008
sinapi_es,2026-05,101750,"PISO CIMENTADO, TRAÇO 1:5 (CIMENTO E AREIA), ACABAMENTO RUGOSO, ESPESSURA 4,0 CM, PREPARO MECÂNICO DA ARGAMASSA. AF_02/2026",pisos,v_8ef16f32e3aa1ae0,0,0.9777387214909755
sinapi_es,2026-05,101751,"PISO EM TACO DE MADEIRA 7X21CM, FIXADO COM COLA PU. AF_02/2026_PS",pisos,v_6668cccc2c19cdee,1,2.7848734032461926
sinapi_es,2026-05,102193,LIXAMENTO DE MADEIRA PARA APLICAÇÃO DE FUNDO OU PINTURA. AF_01/2021,pintura,v_3900c7a693ce613e,1,2.294257458578062
sinapi_es,2026-05,102194,LIXAMENTO DE MASSA PARA MADEIRA. AF_01/2021,pintura,v_3900c7a693ce613e,1,2.9148379080340376
sinapi_es,2026-05,102197,PINTURA FUNDO NIVELADOR ALQUÍDICO BRANCO EM MADEIRA. AF_01/2021,pintura,v_1697dd7f9d0493eb,1,2.1060044471259856
sinapi_es,2026-05,102200,"APLICAÇÃO MASSA ALQUÍDICA PARA MADEIRA, PARA PINTURA COM TINTA DE ACABAMENTO (PIGMENTADA). AF_01/2021",pintura,v_728ff95b73eb03a8,1,1.3308045568716744
sinapi_es,2026-05,102201,"APLICAÇÃO MASSA ACRÍLICA PARA MADEIRA, PARA PINTURA COM TINTA DE ACABAMENTO (PIGMENTADA). AF_01/2021",pintura,v_728ff95b73eb03a8,1,1.5562525258478512
sinapi_es,2026-05,102202,"APLICAÇÃO MASSA EPÓXI PARA MADEIRA, PARA PINTURA COM TINTA PU DE ACABAMENTO (PIGMENTADA). AF_01/2021",pintura,v_eb9403a2e10f2765,1,2.514536415986386
sinapi_es,2026-05,102203,"PINTURA VERNIZ (INCOLOR) ALQUÍDICO EM MADEIRA, USO INTERNO E EXTERNO, 1 DEMÃO. AF_01/2021",pintura,v_2bad7d8d26809fca,1,1.7363162513310164
sinapi_es,2026-05,102204,"PINTURA VERNIZ (INCOLOR) ALQUÍDICO EM MADEIRA, USO INTERNO, 1 DEMÃO. AF_01/2021",pintura,v_230ff573f6ae9d5e,1,1.6707873797849988
sinapi_es,2026-05,102205,"PINTURA VERNIZ (INCOLOR) POLIURETÂNICO (RESINA ALQUÍDICA MODIFICADA) EM MADEIRA, 1 DEMÃO. AF_01/2021",pintura,v_f9eac28ece61b607,1,1.909960146982505
sinapi_es,2026-05,102207,"PINTURA TINTA DE ACABAMENTO (PIGMENTADA) A ÓLEO EM MADEIRA, 1 DEMÃO. AF_01/2021",pintura,v_1cfcf28b753f8e72,1,1.612634097792669
sinapi_es,2026-05,102208,"PINTURA TINTA DE ACABAMENTO (PIGMENTADA) ESMALTE SINTÉTICO FOSCO EM MADEIRA, 1 DEMÃO. AF_01/2021",pintura,v_0d1e444b92a64fd4,1,1.7068062545899418
sinapi_es,2026-05,102209,"PINTURA TINTA DE ACABAMENTO (PIGMENTADA) ESMALTE SINTÉTICO ACETINADO EM MADEIRA, 1 DEMÃO. AF_01/2021",pintura,v_71c9f5e34a029aaf,1,1.6416737935772077
sinapi_es,2026-05,102210,"PINTURA TINTA DE ACABAMENTO (PIGMENTADA) ESMALTE SINTÉTICO BRILHANTE EM MADEIRA, 1 DEMÃO. AF_01/2021",pintura,v_01efd623610d396e,1,1.7446574266069528
sinapi_es,2026-05,102213,"PINTURA VERNIZ (INCOLOR) ALQUÍDICO EM MADEIRA, USO INTERNO E EXTERNO, 2 DEMÃOS. AF_01/2021",pintura,v_2bad7d8d26809fca,1,1.6295765441064574
sinapi_es,2026-05,102214,"PINTURA VERNIZ (INCOLOR) ALQUÍDICO EM MADEIRA, USO INTERNO, 2 DEMÃOS. AF_01/2021",pintura,v_230ff573f6ae9d5e,1,1.5598309936354569
sinapi_es,2026-05,102215,"PINTURA VERNIZ (INCOLOR) POLIURETÂNICO (RESINA ALQUÍDICA MODIFICADA) EM MADEIRA, 2 DEMÃOS. AF_01/2021",pintura,v_f9eac28ece61b607,1,1.813375751876424
sinapi_es,2026-05,102217,"PINTURA TINTA DE ACABAMENTO (PIGMENTADA) A ÓLEO EM MADEIRA, 2 DEMÃOS. AF_01/2021",pintura,v_1cfcf28b753f8e72,1,1.5070681551195972
sinapi_es,2026-05,102218,"PINTURA TINTA DE ACABAMENTO (PIGMENTADA) ESMALTE SINTÉTICO FOSCO EM MADEIRA, 2 DEMÃOS. AF_01/2021",pintura,v_0d1e444b92a64fd4,1,1.608729110079751
sinapi_es,2026-05,102219,"PINTURA TINTA DE ACABAMENTO (PIGMENTADA) ESMALTE SINTÉTICO ACETINADO EM MADEIRA, 2 DEMÃOS. AF_01/2021",pintura,v_71c9f5e34a029aaf,1,1.5387893432063222
sinapi_es,2026-05,102220,"PINTURA TINTA DE ACABAMENTO (PIGMENTADA) ESMALTE SINTÉTICO BRILHANTE EM MADEIRA, 2 DEMÃOS. AF_01/2021",pintura,v_01efd623610d396e,1,1.6474261707298468
sinapi_es,2026-05,102223,"PINTURA VERNIZ (INCOLOR) ALQUÍDICO EM MADEIRA, USO INTERNO E EXTERNO, 3 DEMÃOS. AF_01/2021",pintura,v_2bad7d8d26809fca,1,1.569794453209428
sinapi_es,2026-05,102224,"PINTURA VERNIZ (INCOLOR) ALQUÍDICO EM MADEIRA, USO INTERNO, 3 DEMÃOS. AF_01/2021",pintura,v_230ff573f6ae9d5e,1,1.497275273414668
sinapi_es,2026-05,102225,"PINTURA VERNIZ (INCOLOR) POLIURETÂNICO (RESINA ALQUÍDICA MODIFICADA) EM MADEIRA, 3 DEMÃOS. AF_01/2021",pintura,v_f9eac28ece61b607,1,1.7598666134907626
sinapi_es,2026-05,102227,"PINTURA TINTA DE ACABAMENTO (PIGMENTADA) A ÓLEO EM MADEIRA, 3 DEMÃOS. AF_01/2021",pintura,v_1cfcf28b753f8e72,1,1.4325310296535245
sinapi_es,2026-05,102228,"PINTURA TINTA DE ACABAMENTO (PIGMENTADA) ESMALTE SINTÉTICO FOSCO EM MADEIRA, 3 DEMÃOS. AF_01/2021",pintura,v_0d1e444b92a64fd4,1,1.5374996909859147
sinapi_es,2026-05,102229,"PINTURA TINTA DE ACABAMENTO (PIGMENTADA) ESMALTE SINTÉTICO ACETINADO EM MADEIRA, 3 DEMÃOS. AF_01/2021",pintura,v_71c9f5e34a029aaf,1,1.4656256803890664
sinapi_es,2026-05,102230,"PINTURA TINTA DE ACABAMENTO (PIGMENTADA) ESMALTE SINTÉTICO BRILHANTE EM MADEIRA, 3 DEMÃOS. AF_01/2021",pintura,v_01efd623610d396e,1,1.579577302950312
sinapi_es,2026-05,102233,"PINTURA IMUNIZANTE PARA MADEIRA, 1 DEMÃO. AF_01/2021",pintura,v_7c3fa003bbf3a33a,1,2.0864444999201215
sinapi_es,2026-05,102234,"PINTURA IMUNIZANTE PARA MADEIRA, 2 DEMÃOS. AF_01/2021",pintura,v_7c3fa003bbf3a33a,1,1.9999614655869882
sinapi_es,2026-05,102488,PREPARO DO PISO CIMENTADO PARA PINTURA - LIXAMENTO E LIMPEZA. AF_05/2021,pintura,v_dc9e77e1358ef4e4,0,7.938926497916983
sinapi_es,2026-05,102489,"PINTURA HIDROFUGANTE COM SILICONE, APLICAÇÃO MANUAL, 2 DEMÃOS. AF_05/2021",pintura,v_ba84ea1981eed032,1,0.6210671122188087
sinapi_es,2026-05,102491,"PINTURA DE PISO COM TINTA ACRÍLICA, APLICAÇÃO MANUAL, 2 DEMÃOS, INCLUSO FUNDO PREPARADOR. AF_05/2021",pintura,v_d404d703853078da,1,0.887233563023047
sinapi_es,2026-05,102492,"PINTURA DE PISO COM TINTA ACRÍLICA, APLICAÇÃO MANUAL, 3 DEMÃOS, INCLUSO FUNDO PREPARADOR. AF_05/2021",pintura,v_d404d703853078da,1,0.8198976025628645
sinapi_es,2026-05,102494,"PINTURA DE PISO COM TINTA EPÓXI, APLICAÇÃO MANUAL, 2 DEMÃOS, INCLUSO PRIMER EPÓXI. AF_05/2021",pintura,v_194ea1ceaeaf84c0,1,2.818878318254328
sinapi_es,2026-05,102499,ENCERAMENTO DE PISO EM MADEIRA. AF_05/2021,pintura,v_10a8ed2881ec5b27,1,1.8377633237647077
sinapi_es,2026-05,102520,"PINTURA DE SINALIZAÇÃO VERTICAL DE SEGURANÇA, FAIXAS AMARELA E PRETA, APLICAÇÃO MANUAL, 2 DEMÃOS. AF_05/2021",pintura,v_41db957c5f9e44e4,1,2.9854483398107834
sinapi_es,2026-05,102803,REFORÇO SUPERFICIAL PARA CONTRAPISOS DE ARGAMASSA SEMI-SECA. AF_07/2021,pisos,v_44b79a0c1770e6c0,1,2.517825744582138
sinapi_es,2026-05,104162,"PISO EM GRANILITE, MARMORITE OU GRANITINA EM AMBIENTES INTERNOS, COM ESPESSURA DE 8 MM, INCLUSO MISTURA EM BETONEIRA, COLOCAÇÃO DAS JUNTAS, APLICAÇÃO DO PISO, 4 POLIMENTOS COM POLITRIZ, ESTUCAMENTO, SELADOR E CERA. AF_02/2026_PE",pisos,v_f312017f958c63d1,0,4.286754194968654
sinapi_es,2026-05,104203,"EMBOÇO OU MASSA ÚNICA EM ARGAMASSA TRAÇO 1:2:8, PREPARO MECÂNICA COM BETONEIRA 400 L, APLICADA COM PROJETOR TIPO CANEQUINHA EM PANOS DE FACHADA COM PRESENÇA DE VÃOS, ESPESSURA DE 25 MM, ACESSO POR BALANCIM MANUAL. AF_08/2022",revestimentos_forros,v_9582ed549810eefb,2,0.6484875147550286
sinapi_es,2026-05,104204,"EMBOÇO OU MASSA ÚNICA EM ARGAMASSA TRAÇO 1:2:8, PREPARO MECÂNICA COM BETONEIRA 400 L, APLICADA COM PROJETOR TIPO CANEQUINHA EM PANOS DE FACHADA COM PRESENÇA DE VÃOS, ESPESSURA DE 35 MM, ACESSO POR BALANCIM MANUAL. AF_08/2022",revestimentos_forros,v_9582ed549810eefb,2,0.6889885012483654
sinapi_es,2026-05,104205,"EMBOÇO OU MASSA ÚNICA EM ARGAMASSA TRAÇO 1:2:8, PREPARO MECÂNICA COM BETONEIRA 400 L, APLICADA COM PROJETOR TIPO CANEQUINHA EM PANOS DE FACHADA COM PRESENÇA DE VÃOS, ESPESSURA DE 45 MM, ACESSO POR BALANCIM MANUAL. AF_08/2022",revestimentos_forros,v_9582ed549810eefb,2,0.8028187158054576
sinapi_es,2026-05,104206,"EMBOÇO OU MASSA ÚNICA EM ARGAMASSA TRAÇO 1:2:8, PREPARO MECÂNICA COM BETONEIRA 400 L, APLICADA COM PROJETOR TIPO CANEQUINHA EM PANOS DE FACHADA COM PRESENÇA DE VÃOS, ESPESSURA DE 50 MM, ACESSO POR BALANCIM MANUAL. AF_08/2022",revestimentos_forros,v_9582ed549810eefb,2,0.9295126484992664
sinapi_es,2026-05,104207,"EMBOÇO OU MASSA ÚNICA EM ARGAMASSA TRAÇO 1:2:8, PREPARO MECÂNICA COM BETONEIRA 400 L, APLICADA COM PROJETOR TIPO CANEQUINHA EM PANOS DE FACHADA SEM PRESENÇA DE VÃOS, ESPESSURA DE 25 MM, ACESSO POR BALANCIM MANUAL. AF_08/2022",revestimentos_forros,v_9582ed549810eefb,2,1.2631666076962385
sinapi_es,2026-05,104208,"EMBOÇO OU MASSA ÚNICA EM ARGAMASSA TRAÇO 1:2:8, PREPARO MECÂNICA COM BETONEIRA 400 L, APLICADA COM PROJETOR TIPO CANEQUINHA EM PANOS DE FACHADA SEM PRESENÇA DE VÃOS, ESPESSURA DE 35 MM, ACESSO POR BALANCIM MANUAL. AF_08/2022",revestimentos_forros,v_9582ed549810eefb,2,0.8805243019762778
sinapi_es,2026-05,104209,"EMBOÇO OU MASSA ÚNICA EM ARGAMASSA TRAÇO 1:2:8, PREPARO MECÂNICA COM BETONEIRA 400 L, APLICADA COM PROJETOR TIPO CANEQUINHA EM PANOS DE FACHADA SEM PRESENÇA DE VÃOS, ESPESSURA DE 45 MM, ACESSO POR BALANCIM MANUAL. AF_08/2022",revestimentos_forros,v_9582ed549810eefb,2,1.0915271392504413
sinapi_es,2026-05,104210,"EMBOÇO OU MASSA ÚNICA EM ARGAMASSA TRAÇO 1:2:8, PREPARO MECÂNICA COM BETONEIRA 400 L, APLICADA COM PROJETOR TIPO CANEQUINHA EM PANOS DE FACHADA SEM PRESENÇA DE VÃOS, ESPESSURA DE 50 MM, ACESSO POR BALANCIM MANUAL. AF_08/2022",revestimentos_forros,v_9582ed549810eefb,2,1.240483761534194
sinapi_es,2026-05,104211,"EMBOÇO OU MASSA ÚNICA EM ARGAMASSA TRAÇO 1:2:8, PREPARO MECÂNICA COM BETONEIRA 400 L, APLICADA COM PROJETOR TIPO CANEQUINHA EM SUPERFÍCIES EXTERNAS DA SACADA, ESPESSURA DE 25 MM, ACESSO POR BALANCIM MANUAL, SEM USO DE TELA METÁLICA. AF_08/2022",revestimentos_forros,v_e7f653da0d60530c,2,1.441378046670019
sinapi_es,2026-05,104212,"EMBOÇO OU MASSA ÚNICA EM ARGAMASSA TRAÇO 1:2:8, PREPARO MECÂNICA COM BETONEIRA 400 L, APLICADA COM PROJETOR TIPO CANEQUINHA EM SUPERFÍCIES EXTERNAS DA SACADA, ESPESSURA DE 35 MM, ACESSO POR BALANCIM MANUAL, SEM USO DE TELA METÁLICA. AF_08/2022",revestimentos_forros,v_e7f653da0d60530c,2,1.7340087265798592
sinapi_es,2026-05,104213,"EMBOÇO OU MASSA ÚNICA EM ARGAMASSA TRAÇO 1:2:8, PREPARO MECÂNICA COM BETONEIRA 400 L, APLICADA COM PROJETOR TIPO CANEQUINHA EM SUPERFÍCIES EXTERNAS DA SACADA, ESPESSURA DE 45 MM, ACESSO POR BALANCIM MANUAL, SEM USO DE TELA METÁLICA. AF_08/2022",revestimentos_forros,v_e7f653da0d60530c,2,1.6767104963377983
sinapi_es,2026-05,104214,"EMBOÇO OU MASSA ÚNICA EM ARGAMASSA TRAÇO 1:2:8, PREPARO MECÂNICA COM BETONEIRA 400 L, APLICADA COM PROJETOR TIPO CANEQUINHA EM SUPERFÍCIES EXTERNAS DA SACADA, ESPESSURA DE 50 MM, ACESSO POR BALANCIM MANUAL, SEM USO DE TELA METÁLICA. AF_08/2022",revestimentos_forros,v_e7f653da0d60530c,2,2.432716759122576
sinapi_es,2026-05,104215,"EMBOÇO OU MASSA ÚNICA EM ARGAMASSA TRAÇO 1:2:8, PREPARO MECÂNICA COM BETONEIRA 400 L, APLICADA COM PROJETOR TIPO CANEQUINHA EM SUPERFÍCIES INTERNAS DA SACADA, ESPESSURA DE 25 MM, SEM USO DE TELA METÁLICA. AF_08/2022",revestimentos_forros,v_e7f653da0d60530c,2,0.9164090541809757
sinapi_es,2026-05,104216,"EMBOÇO OU MASSA ÚNICA EM ARGAMASSA TRAÇO 1:2:8, PREPARO MECÂNICA COM BETONEIRA 400 L, APLICADA COM PROJETOR TIPO CANEQUINHA EM SUPERFÍCIES INTERNAS DA SACADA, ESPESSURA DE 35 MM, SEM USO DE TELA METÁLICA. AF_08/2022",revestimentos_forros,v_e7f653da0d60530c,2,1.191301278181974
sinapi_es,2026-05,104217,"EMBOÇO OU MASSA ÚNICA EM ARGAMASSA TRAÇO 1:2:8, PREPARO MECÂNICA COM BETONEIRA 400 L, APLICADA MANUALMENTE EM PANOS DE FACHADA COM PRESENÇA DE VÃOS, ESPESSURA DE 25 MM, ACESSO POR ANDAIME. AF_08/2022",revestimentos_forros,v_0dda16f0d0457dc9,0,1.593015879672862
sinapi_es,2026-05,104218,"EMBOÇO OU MASSA ÚNICA EM ARGAMASSA TRAÇO 1:2:8, PREPARO MANUAL, APLICADA MANUALMENTE EM PANOS DE FACHADA COM PRESENÇA DE VÃOS, ESPESSURA DE 25 MM, ACESSO POR ANDAIME. AF_08/2022",revestimentos_forros,v_2ec0264e935bd491,1,2.006986577579542
sinapi_es,2026-05,104219,"EMBOÇO OU MASSA ÚNICA EM ARGAMASSA INDUSTRIALIZADA, PREPARO MECÂNICA E APLICAÇÃO COM EQUIPAMENTO DE MISTURA E PROJEÇÃO DE 1,5 M3/H DE ARGAMASSA EM PANOS DE FACHADA COM PRESENÇA DE VÃOS, ESPESSURA DE 25 MM, ACESSO POR ANDAIME. AF_08/2022",revestimentos_forros,v_738f1c14af134ee4,0,1.0518787735739317
sinapi_es,2026-05,104220,"EMBOÇO OU MASSA ÚNICA EM ARGAMASSA TRAÇO 1:2:8, PREPARO MECÂNICA COM BETONEIRA 400 L, APLICADA COM PROJETOR TIPO CANEQUINHA EM PANOS DE FACHADA COM PRESENÇA DE VÃOS, ESPESSURA DE 25 MM, ACESSO POR ANDAIME. AF_08/2022",revestimentos_forros,v_9582ed549810eefb,2,0.7500353162374843
sinapi_es,2026-05,104221,"EMBOÇO OU MASSA ÚNICA EM ARGAMASSA TRAÇO 1:2:8, PREPARO MECÂNICA COM BETONEIRA 400 L, APLICADA MANUALMENTE EM PANOS DE FACHADA COM PRESENÇA DE VÃOS, ESPESSURA DE 35 MM, ACESSO POR ANDAIME. AF_08/2022",revestimentos_forros,v_0dda16f0d0457dc9,0,1.722106498237353
sinapi_es,2026-05,104222,"EMBOÇO OU MASSA ÚNICA EM ARGAMASSA TRAÇO 1:2:8, PREPARO MANUAL, APLICADA MANUALMENTE EM PANOS DE FACHADA COM PRESENÇA DE VÃOS, ESPESSURA DE 35 MM, ACESSO POR ANDAIME. AF_08/2022",revestimentos_forros,v_2ec0264e935bd491,1,2.301443620026321
sinapi_es,2026-05,104223,"EMBOÇO OU MASSA ÚNICA EM ARGAMASSA INDUSTRIALIZADA, PREPARO MECÂNICA E APLICAÇÃO COM EQUIPAMENTO DE MISTURA E PROJEÇÃO DE 1,5 M3/H DE ARGAMASSA EM PANOS DE FACHADA COM PRESENÇA DE VÃOS, ESPESSURA DE 35 MM, ACESSO POR ANDAIME. AF_08/2022",revestimentos_forros,v_738f1c14af134ee4,0,1.1993226156554873
sinapi_es,2026-05,104224,"EMBOÇO OU MASSA ÚNICA EM ARGAMASSA TRAÇO 1:2:8, PREPARO MECÂNICA COM BETONEIRA 400 L, APLICADA COM PROJETOR TIPO CANEQUINHA EM PANOS DE FACHADA COM PRESENÇA DE VÃOS, ESPESSURA DE 35 MM, ACESSO POR ANDAIME. AF_08/2022",revestimentos_forros,v_9582ed549810eefb,2,0.6664929290987873
sinapi_es,2026-05,104225,"EMBOÇO OU MASSA ÚNICA EM ARGAMASSA TRAÇO 1:2:8, PREPARO MECÂNICA COM BETONEIRA 400 L, APLICADA MANUALMENTE EM PANOS DE FACHADA COM PRESENÇA DE VÃOS, ESPESSURA DE 45 MM, ACESSO POR ANDAIME. AF_08/2022",revestimentos_forros,v_0dda16f0d0457dc9,0,1.6142249203503323
sinapi_es,2026-05,104226,"EMBOÇO OU MASSA ÚNICA EM ARGAMASSA TRAÇO 1:2:8, PREPARO MANUAL, APLICADA MANUALMENTE EM PANOS DE FACHADA COM PRESENÇA DE VÃOS, ESPESSURA DE 45 MM, ACESSO POR ANDAIME. AF_08/2022",revestimentos_forros,v_2ec0264e935bd491,1,2.3092225307525576
sinapi_es,2026-05,104227,"EMBOÇO OU MASSA ÚNICA EM ARGAMASSA INDUSTRIALIZADA, PREPARO MECÂNICA E APLICAÇÃO COM EQUIPAMENTO DE MISTURA E PROJEÇÃO DE 1,5 M3/H DE ARGAMASSA EM PANOS DE FACHADA COM PRESENÇA DE VÃOS, ESPESSURA DE 45 MM, ACESSO POR ANDAIME. AF_08/2022",revestimentos_forros,v_738f1c14af134ee4,0,1.393867596006107
sinapi_es,2026-05,104228,"EMBOÇO OU MASSA ÚNICA EM ARGAMASSA TRAÇO 1:2:8, PREPARO MECÂNICA COM BETONEIRA 400 L, APLICADA COM PROJETOR TIPO CANEQUINHA EM PANOS DE FACHADA COM PRESENÇA DE VÃOS, ESPESSURA DE 45 MM, ACESSO POR ANDAIME. AF_08/2022",revestimentos_forros,v_9582ed549810eefb,2,0.8441784240262031
sinapi_es,2026-05,104229,"EMBOÇO OU MASSA ÚNICA EM ARGAMASSA TRAÇO 1:2:8, PREPARO MECÂNICA COM BETONEIRA 400 L, APLICADA MANUALMENTE EM PANOS DE FACHADA COM PRESENÇA DE VÃOS, ESPESSURA DE 50 MM, ACESSO POR ANDAIME. AF_08/2022",revestimentos_forros,v_0dda16f0d0457dc9,0,1.9813409217530662
sinapi_es,2026-05,104230,"EMBOÇO OU MASSA ÚNICA EM ARGAMASSA TRAÇO 1:2:8, PREPARO MANUAL, APLICADA MANUALMENTE EM PANOS DE FACHADA COM PRESENÇA DE VÃOS, ESPESSURA DE 50 MM, ACESSO POR ANDAIME. AF_08/2022",revestimentos_forros,v_2ec0264e935bd491,1,2.758526591969101
sinapi_es,2026-05,104231,"EMBOÇO OU MASSA ÚNICA EM ARGAMASSA INDUSTRIALIZADA, PREPARO MECÂNICA E APLICAÇÃO COM EQUIPAMENTO DE MISTURA E PROJEÇÃO DE 1,5 M3/H DE ARGAMASSA EM PANOS DE FACHADA COM PRESENÇA DE VÃOS, ESPESSURA DE 50 MM, ACESSO POR ANDAIME. AF_08/2022",revestimentos_forros,v_738f1c14af134ee4,0,1.4914360174668473
sinapi_es,2026-05,104232,"EMBOÇO OU MASSA ÚNICA EM ARGAMASSA TRAÇO 1:2:8, PREPARO MECÂNICA COM BETONEIRA 400 L, APLICADA COM PROJETOR TIPO CANEQUINHA EM PANOS DE FACHADA COM PRESENÇA DE VÃOS, ESPESSURA DE 50 MM, ACESSO POR ANDAIME. AF_08/2022",revestimentos_forros,v_9582ed549810eefb,2,0.8881970975213753
sinapi_es,2026-05,104233,"EMBOÇO OU MASSA ÚNICA EM ARGAMASSA TRAÇO 1:2:8, PREPARO MECÂNICA COM BETONEIRA 400 L, APLICADA MANUALMENTE EM PANOS DE FACHADA SEM PRESENÇA DE VÃOS, ESPESSURA DE 25 MM, ACESSO POR ANDAIME. AF_08/2022",revestimentos_forros,v_0dda16f0d0457dc9,0,1.315068398301805
sinapi_es,2026-05,104234,"EMBOÇO OU MASSA ÚNICA EM ARGAMASSA TRAÇO 1:2:8, PREPARO MANUAL, APLICADA MANUALMENTE EM PANOS DE FACHADA SEM PRESENÇA DE VÃOS, ESPESSURA DE 25 MM, ACESSO POR ANDAIME. AF_08/2022",revestimentos_forros,v_2ec0264e935bd491,1,1.5826622735112907
sinapi_es,2026-05,104235,"EMBOÇO OU MASSA ÚNICA EM ARGAMASSA INDUSTRIALIZADA, PREPARO MECÂNICA E APLICAÇÃO COM EQUIPAMENTO DE MISTURA E PROJEÇÃO DE 1,5 M3/H DE ARGAMASSA EM PANOS DE FACHADA SEM PRESENÇA DE VÃOS, ESPESSURA DE 25 MM, ACESSO POR ANDAIME. AF_08/2022",revestimentos_forros,v_738f1c14af134ee4,0,1.518728503551263
sinapi_es,2026-05,104236,"EMBOÇO OU MASSA ÚNICA EM ARGAMASSA TRAÇO 1:2:8, PREPARO MECÂNICA COM BETONEIRA 400 L, APLICADA COM PROJETOR TIPO CANEQUINHA EM PANOS DE FACHADA SEM PRESENÇA DE VÃOS, ESPESSURA DE 25 MM, ACESSO POR ANDAIME. AF_08/2022",revestimentos_forros,v_9582ed549810eefb,2,1.4559150896198958
sinapi_es,2026-05,104237,"EMBOÇO OU MASSA ÚNICA EM ARGAMASSA TRAÇO 1:2:8, PREPARO MECÂNICA COM BETONEIRA 400 L, APLICADA MANUALMENTE EM PANOS DE FACHADA SEM PRESENÇA DE VÃOS, ESPESSURA DE 35 MM, ACESSO POR ANDAIME. AF_08/2022",revestimentos_forros,v_0dda16f0d0457dc9,0,1.3425937836890705
sinapi_es,2026-05,104238,"EMBOÇO OU MASSA ÚNICA EM ARGAMASSA TRAÇO 1:2:8, PREPARO MANUAL, APLICADA MANUALMENTE EM PANOS DE FACHADA SEM PRESENÇA DE VÃOS, ESPESSURA DE 35 MM, ACESSO POR ANDAIME. AF_08/2022",revestimentos_forros,v_2ec0264e935bd491,1,1.8139938158877287
sinapi_es,2026-05,104239,"EMBOÇO OU MASSA ÚNICA EM ARGAMASSA INDUSTRIALIZADA, PREPARO MECÂNICA E APLICAÇÃO COM EQUIPAMENTO DE MISTURA E PROJEÇÃO DE 1,5 M3/H DE ARGAMASSA EM PANOS DE FACHADA SEM PRESENÇA DE VÃOS, ESPESSURA DE 35 MM, ACESSO POR ANDAIME. AF_08/2022",revestimentos_forros,v_738f1c14af134ee4,0,1.3492150498363704
sinapi_es,2026-05,104240,"EMBOÇO OU MASSA ÚNICA EM ARGAMASSA TRAÇO 1:2:8, PREPARO MECÂNICA COM BETONEIRA 400 L, APLICADA COM PROJETOR TIPO CANEQUINHA EM PANOS DE FACHADA SEM PRESENÇA DE VÃOS, ESPESSURA DE 35 MM, ACESSO POR ANDAIME. AF_08/2022",revestimentos_forros,v_9582ed549810eefb,2,1.069634792436283
sinapi_es,2026-05,104241,"EMBOÇO OU MASSA ÚNICA EM ARGAMASSA TRAÇO 1:2:8, PREPARO MECÂNICA COM BETONEIRA 400 L, APLICADA MANUALMENTE EM PANOS DE FACHADA SEM PRESENÇA DE VÃOS, ESPESSURA DE 45 MM, ACESSO POR ANDAIME. AF_08/2022",revestimentos_forros,v_0dda16f0d0457dc9,0,1.2634801506054905
sinapi_es,2026-05,104242,"EMBOÇO OU MASSA ÚNICA EM ARGAMASSA TRAÇO 1:2:8, PREPARO MANUAL, APLICADA MANUALMENTE EM PANOS DE FACHADA SEM PRESENÇA DE VÃOS, ESPESSURA DE 45 MM, ACESSO POR ANDAIME. AF_08/2022",revestimentos_forros,v_2ec0264e935bd491,1,1.8054765370854169
sinapi_es,2026-05,104243,"EMBOÇO OU MASSA ÚNICA EM ARGAMASSA INDUSTRIALIZADA, PREPARO MECÂNICA E APLICAÇÃO COM EQUIPAMENTO DE MISTURA E PROJEÇÃO DE 1,5 M3/H DE ARGAMASSA EM PANOS DE FACHADA SEM PRESENÇA DE VÃOS, ESPESSURA DE 45 MM, ACESSO POR ANDAIME. AF_08/2022",revestimentos_forros,v_738f1c14af134ee4,0,1.556797866313146
sinapi_es,2026-05,104244,"EMBOÇO OU MASSA ÚNICA EM ARGAMASSA TRAÇO 1:2:8, PREPARO MECÂNICA COM BETONEIRA 400 L, APLICADA COM PROJETOR TIPO CANEQUINHA EM PANOS DE FACHADA SEM PRESENÇA DE VÃOS, ESPESSURA DE 45 MM, ACESSO POR ANDAIME. AF_08/2022",revestimentos_forros,v_9582ed549810eefb,2,1.291764100100855
sinapi_es,2026-05,104245,"EMBOÇO OU MASSA ÚNICA EM ARGAMASSA TRAÇO 1:2:8, PREPARO MECÂNICA COM BETONEIRA 400 L, APLICADA MANUALMENTE EM PANOS DE FACHADA SEM PRESENÇA DE VÃOS, ESPESSURA DE 50 MM, ACESSO POR ANDAIME. AF_08/2022",revestimentos_forros,v_0dda16f0d0457dc9,0,1.2935578770813976
sinapi_es,2026-05,104246,"EMBOÇO OU MASSA ÚNICA EM ARGAMASSA TRAÇO 1:2:8, PREPARO MANUAL, APLICADA MANUALMENTE EM PANOS DE FACHADA SEM PRESENÇA DE VÃOS, ESPESSURA DE 50 MM, ACESSO POR ANDAIME. AF_08/2022",revestimentos_forros,v_2ec0264e935bd491,1,1.9097754444233956
sinapi_es,2026-05,104247,"EMBOÇO OU MASSA ÚNICA EM ARGAMASSA INDUSTRIALIZADA, PREPARO MECÂNICA E APLICAÇÃO COM EQUIPAMENTO DE MISTURA E PROJEÇÃO DE 1,5 M3/H DE ARGAMASSA EM PANOS DE FACHADA SEM PRESENÇA DE VÃOS, ESPESSURA DE 50 MM, ACESSO POR ANDAIME. AF_08/2022",revestimentos_forros,v_738f1c14af134ee4,0,1.6672736761678262
sinapi_es,2026-05,104248,"EMBOÇO OU MASSA ÚNICA EM ARGAMASSA TRAÇO 1:2:8, PREPARO MECÂNICA COM BETONEIRA 400 L, APLICADA COM PROJETOR TIPO CANEQUINHA EM PANOS DE FACHADA SEM PRESENÇA DE VÃOS, ESPESSURA DE 50 MM, ACESSO POR ANDAIME. AF_08/2022",revestimentos_forros,v_9582ed549810eefb,2,1.4413466192846798
sinapi_es,2026-05,104249,"EMBOÇO OU MASSA ÚNICA EM ARGAMASSA TRAÇO 1:2:8, PREPARO MECÂNICA COM BETONEIRA 400 L, APLICADA MANUALMENTE EM SUPERFÍCIES EXTERNAS DA SACADA, ESPESSURA DE 25 MM, ACESSO POR ANDAIME, SEM USO DE TELA METÁLICA. AF_08/2022",revestimentos_forros,v_8bb45ffaa009f9e8,0,2.387527061471869
sinapi_es,2026-05,104250,"EMBOÇO OU MASSA ÚNICA EM ARGAMASSA TRAÇO 1:2:8, PREPARO MANUAL, APLICADA MANUALMENTE EM SUPERFÍCIES EXTERNAS DA SACADA, ESPESSURA DE 25 MM, ACESSO POR ANDAIME, SEM USO DE TELA METÁLICA. AF_08/2022",revestimentos_forros,v_24e05d145669d072,1,2.7955410851723883
sinapi_es,2026-05,104251,"EMBOÇO OU MASSA ÚNICA EM ARGAMASSA INDUSTRIALIZADA, PREPARO MECÂNICO E APLICAÇÃO COM EQUIPAMENTO DE MISTURA E PROJEÇÃO DE 1,5 M3/H, NAS SUPERFÍCIES EXTERNAS DA SACADA, ESPESSURA DE 25 MM, ACESSO POR ANDAIME, SEM USO DE TELA METÁLICA. AF_08/2022",revestimentos_forros,v_7434d0fbc26aed78,0,1.917905389273041
sinapi_es,2026-05,104252,"EMBOÇO OU MASSA ÚNICA EM ARGAMASSA TRAÇO 1:2:8, PREPARO MECÂNICA COM BETONEIRA 400 L, APLICADA COM PROJETOR TIPO CANEQUINHA EM SUPERFÍCIES EXTERNAS DA SACADA, ESPESSURA DE 25 MM, ACESSO POR ANDAIME, SEM USO DE TELA METÁLICA. AF_08/2022",revestimentos_forros,v_e7f653da0d60530c,2,1.1461380625220143
sinapi_es,2026-05,104253,"EMBOÇO OU MASSA ÚNICA EM ARGAMASSA TRAÇO 1:2:8, PREPARO MECÂNICA COM BETONEIRA 400 L, APLICADA MANUALMENTE EM SUPERFÍCIES EXTERNAS DA SACADA, ESPESSURA DE 35 MM, ACESSO POR ANDAIME, SEM USO DE TELA METÁLICA. AF_08/2022",revestimentos_forros,v_8bb45ffaa009f9e8,0,2.5994521596818077
sinapi_es,2026-05,104254,"EMBOÇO OU MASSA ÚNICA EM ARGAMASSA TRAÇO 1:2:8, PREPARO MANUAL, APLICADA MANUALMENTE EM SUPERFÍCIES EXTERNAS DA SACADA, ESPESSURA DE 35 MM, ACESSO POR ANDAIME, SEM USO DE TELA METÁLICA. AF_08/2022",revestimentos_forros,v_24e05d145669d072,1,3.1535650417186556
sinapi_es,2026-05,104255,"EMBOÇO OU MASSA ÚNICA EM ARGAMASSA INDUSTRIALIZADA, PREPARO MECÂNICO E APLICAÇÃO COM EQUIPAMENTO DE MISTURA E PROJEÇÃO DE 1,5 M3/H, NAS SUPERFÍCIES EXTERNAS DA SACADA, ESPESSURA DE 35 MM, ACESSO POR ANDAIME, SEM USO DE TELA METÁLICA. AF_08/2022",revestimentos_forros,v_7434d0fbc26aed78,0,2.1733545079089427
sinapi_es,2026-05,104256,"EMBOÇO OU MASSA ÚNICA EM ARGAMASSA TRAÇO 1:2:8, PREPARO MECÂNICO COM BETONEIRA 400 L, APLICADA COM PROJETOR TIPO CANEQUINHA EM SUPERFÍCIES EXTERNAS DA SACADA, ESPESSURA DE 35 MM, ACESSO POR ANDAIME, SEM USO DE TELA METÁLICA. AF_08/2022",revestimentos_forros,v_e7f653da0d60530c,2,1.362020577995891
sinapi_es,2026-05,104257,"EMBOÇO OU MASSA ÚNICA EM ARGAMASSA TRAÇO 1:2:8, PREPARO MECÂNICO COM BETONEIRA 400 L, APLICADA MANUALMENTE EM SUPERFÍCIES EXTERNAS DA SACADA, ESPESSURA DE 45 MM, ACESSO POR ANDAIME, SEM USO DE TELA METÁLICA. AF_08/2022",revestimentos_forros,v_8bb45ffaa009f9e8,0,2.4937463892470815
sinapi_es,2026-05,104258,"EMBOÇO OU MASSA ÚNICA EM ARGAMASSA TRAÇO 1:2:8, PREPARO MANUAL, APLICADA MANUALMENTE EM SUPERFÍCIES EXTERNAS DA SACADA, ESPESSURA DE 45 MM, ACESSO POR ANDAIME, SEM USO DE TELA METÁLICA. AF_08/2022",revestimentos_forros,v_24e05d145669d072,1,3.1720906828619597
sinapi_es,2026-05,104259,"EMBOÇO OU MASSA ÚNICA EM ARGAMASSA INDUSTRIALIZADA, PREPARO MECÂNICO E APLICAÇÃO COM EQUIPAMENTO DE MISTURA E PROJEÇÃO DE 1,5 M3/H, NAS SUPERFÍCIES EXTERNAS DA SACADA, ESPESSURA DE 45 MM, ACESSO POR ANDAIME, SEM USO DE TELA METÁLICA. AF_08/2022",revestimentos_forros,v_7434d0fbc26aed78,0,2.200912209065365
sinapi_es,2026-05,104260,"EMBOÇO OU MASSA ÚNICA EM ARGAMASSA TRAÇO 1:2:8, PREPARO MECÂNICO COM BETONEIRA 400 L, APLICADA COM PROJETOR TIPO CANEQUINHA EM SUPERFÍCIES EXTERNAS DA SACADA, ESPESSURA DE 45 MM, ACESSO POR ANDAIME, SEM USO DE TELA METÁLICA. AF_08/2022",revestimentos_forros,v_e7f653da0d60530c,2,1.2979835140800249
sinapi_es,2026-05,104261,"EMBOÇO OU MASSA ÚNICA EM ARGAMASSA TRAÇO 1:2:8, PREPARO MECÂNICO COM BETONEIRA 400 L, APLICADA MANUALMENTE EM SUPERFÍCIES EXTERNAS DA SACADA, ESPESSURA DE 50 MM, ACESSO POR ANDAIME, SEM USO DE TELA METÁLICA. AF_08/2022",revestimentos_forros,v_8bb45ffaa009f9e8,0,3.6199416412553562
sinapi_es,2026-05,104262,"EMBOÇO OU MASSA ÚNICA EM ARGAMASSA TRAÇO 1:2:8, PREPARO MANUAL, APLICADA MANUALMENTE EM SUPERFÍCIES EXTERNAS DA SACADA, ESPESSURA DE 50 MM, ACESSO POR ANDAIME, SEM USO DE TELA METÁLICA. AF_08/2022",revestimentos_forros,v_24e05d145669d072,1,4.352765511454799
sinapi_es,2026-05,104263,"EMBOÇO OU MASSA ÚNICA EM ARGAMASSA INDUSTRIALIZADA, PREPARO MECÂNICO E APLICAÇÃO COM EQUIPAMENTO DE MISTURA E PROJEÇÃO DE 1,5 M3/H, NAS SUPERFÍCIES EXTERNAS DA SACADA, ESPESSURA DE 50 MM, ACESSO POR ANDAIME, SEM USO DE TELA METÁLICA. AF_08/2022",revestimentos_forros,v_7434d0fbc26aed78,0,2.7436001659034774
sinapi_es,2026-05,104264,"EMBOÇO OU MASSA ÚNICA EM ARGAMASSA TRAÇO 1:2:8, PREPARO MECÂNICO COM BETONEIRA 400 L, APLICADA COM PROJETOR TIPO CANEQUINHA EM SUPERFÍCIES EXTERNAS DA SACADA, ESPESSURA DE 50 MM, ACESSO POR ANDAIME, SEM USO DE TELA METÁLICA. AF_08/2022",revestimentos_forros,v_e7f653da0d60530c,2,1.9714191668583056
sinapi_es,2026-05,104410,"CHAPISCO APLICADO EM ALVENARIA E ESTRUTURAS DE CONCRETO INTERNAS, COM EQUIPAMENTO DE PROJEÇÃO. ARGAMASSA TRAÇO 1:3 COM PREPARO MANUAL. AF_10/2022",revestimentos_forros,v_c5e57e75b12dabfc,2,3.380752341866576
sinapi_es,2026-05,104411,"CHAPISCO APLICADO EM ALVENARIA E ESTRUTURAS DE CONCRETO INTERNAS, COM EQUIPAMENTO DE PROJEÇÃO. ARGAMASSA TRAÇO 1:3 COM PREPARO EM BETONEIRA 400 L. AF_10/2022",revestimentos_forros,v_1185705062e107c3,2,2.160506033041726
sinapi_es,2026-05,104412,"ESTUCAMENTO PARA QUALQUER REVESTIMENTO, EM TETO DO SISTEMA DE PAREDES DE CONCRETO, EM AMBIENTES COM ÁREA MAIOR OU IGUAL A 10 M², UTILIZAÇÃO DE ARGAMASSA COLANTE. AF_12/2024",revestimentos_forros,v_fbf4f0f1e02ad5f8,1,2.9797399354776752
sinapi_es,2026-05,104413,"ESTUCAMENTO PARA QUALQUER REVESTIMENTO, EM TETO DO SISTEMA DE PAREDES DE CONCRETO, EM AMBIENTES COM ÁREA MENOR OU IGUAL A 5 M², UTILIZAÇÃO DE ARGAMASSA COLANTE. AF_12/2024",revestimentos_forros,v_fbf4f0f1e02ad5f8,1,3.0192523025471276
sinapi_es,2026-05,104414,"ESTUCAMENTO DE DENSIDADE ALTA NAS FACES INTERNAS DE PAREDES DO SISTEMA DE PAREDES DE CONCRETO, EM AMBIENTES COM ÁREA MAIOR OU IGUAL A 10 M², UTILIZAÇÃO DE ARGAMASSA COLANTE. AF_12/2024",revestimentos_forros,v_fbf4f0f1e02ad5f8,1,1.5803938363303676
sinapi_es,2026-05,104415,"ESTUCAMENTO DE DENSIDADE ALTA NAS FACES INTERNAS DE PAREDES DO SISTEMA DE PAREDES DE CONCRETO, EM AMBIENTES COM ÁREA MENOR OU IGUAL A 5 M², UTILIZAÇÃO DE ARGAMASSA COLANTE. AF_12/2024",revestimentos_forros,v_fbf4f0f1e02ad5f8,1,2.140608563340157
sinapi_es,2026-05,104416,"ESTUCAMENTO DE DENSIDADE BAIXA NAS FACES INTERNAS DE PAREDES DO SISTEMA DE PAREDES DE CONCRETO, EM AMBIENTES COM ÁREA MAIOR OU IGUAL A 10 M², UTILIZAÇÃO DE ARGAMASSA COLANTE. AF_12/2024",revestimentos_forros,v_fbf4f0f1e02ad5f8,1,2.8661555697786003
sinapi_es,2026-05,104417,"ESTUCAMENTO DE DENSIDADE BAIXA NAS FACES INTERNAS DE PAREDES DO SISTEMA DE PAREDES DE CONCRETO, EM AMBIENTES COM ÁREA MENOR OU IGUAL A 5 M², UTILIZAÇÃO DE ARGAMASSA COLANTE. AF_12/2024",revestimentos_forros,v_fbf4f0f1e02ad5f8,1,3.0013129547003956
sinapi_es,2026-05,104418,"ESTUCAMENTO DE DENSIDADE BAIXA DE PANOS DE FACHADA DO SISTEMA DE PAREDES DE CONCRETO EM EDIFICAÇÕES DE MÚLTIPLOS PAVIMENTOS, PAVIMENTO TÉRREO, UTILIZAÇÃO DE ARGAMASSA COLANTE. AF_12/2024",revestimentos_forros,v_81765fda21aa5994,1,2.833637524664068
sinapi_es,2026-05,104419,"ESTUCAMENTO DE DENSIDADE BAIXA DE PANOS DE FACHADA DO SISTEMA DE PAREDES DE CONCRETO EM UNIDADES HABITACIONAIS DE DOIS PAVIMENTOS (SOBRADO), ACESSO COM ANDAIME FACHADEIRO, UTILIZAÇÃO DE ARGAMASSA COLANTE. AF_12/2024",revestimentos_forros,v_81765fda21aa5994,1,2.9285666455450734
sinapi_es,2026-05,104421,"ESTUCAMENTO DE DENSIDADE ALTA DE PANOS DE FACHADA DO SISTEMA DE PAREDES DE CONCRETO EM EDIFICAÇÕES DE MÚLTIPLOS PAVIMENTOS, PAVIMENTOS SUPERIORES, UTILIZAÇÃO DE ARGAMASSA COLANTE. AF_12/2024",revestimentos_forros,v_81765fda21aa5994,1,1.891046985117012
sinapi_es,2026-05,104422,"ESTUCAMENTO DE DENSIDADE ALTA DE PANOS DE FACHADA DO SISTEMA DE PAREDES DE CONCRETO EM EDIFICAÇÕES DE MÚLTIPLOS PAVIMENTOS, PAVIMENTO TÉRREO, UTILIZAÇÃO DE ARGAMASSA COLANTE. AF_12/2024",revestimentos_forros,v_81765fda21aa5994,1,1.4906987038327553
sinapi_es,2026-05,104423,"ESTUCAMENTO DE DENSIDADE ALTA DE PANOS DE FACHADA DO SISTEMA DE PAREDES DE CONCRETO EM UNIDADES HABITACIONAIS DE DOIS PAVIMENTOS (SOBRADO), ACESSO COM ANDAIME FACHADEIRO, UTILIZAÇÃO DE ARGAMASSA COLANTE. AF_12/2024",revestimentos_forros,v_81765fda21aa5994,1,1.7889795873068048
sinapi_es,2026-05,104425,"ESTUCAMENTO DE DENSIDADE ALTA DE PANOS DE FACHADA DO SISTEMA DE PAREDES DE CONCRETO EM UNIDADES HABITACIONAIS DE PAVIMENTO ÚNICO, UTILIZAÇÃO DE ARGAMASSA COLANTE. AF_12/2024",revestimentos_forros,v_81765fda21aa5994,1,1.3933960942061334
sinapi_es,2026-05,104588,"REVESTIMENTO CERÂMICO PARA PAREDES EXTERNAS, COM PLACAS TIPO GRÊS OU SEMIGRÊS, FORMATO MENOR OU IGUAL A 200 CM2, ALINHADAS A PRUMO. AF_02/2023",revestimentos_forros,v_94257cd09b8bbbc7,1,2.2282859167980944
sinapi_es,2026-05,104589,"REVESTIMENTO CERÂMICO PARA PAREDES EXTERNAS, COM PLACAS TIPO GRÊS OU SEMIGRÊS, FORMATO MENOR OU IGUAL A 200 CM2, ALINHADAS A PRUMO, APLICADO EM SUPERFÍCIES INTERNAS DE SACADA. AF_02/2023",revestimentos_forros,v_94257cd09b8bbbc7,1,2.44104221385792
sinapi_es,2026-05,104590,"REVESTIMENTO CERÂMICO PARA PAREDES EXTERNAS, COM PLACAS TIPO GRÊS OU SEMIGRÊS, FORMATO MENOR OU IGUAL A 200 CM2, DISPOSTAS EM AMARRAÇÃO. AF_02/2023",revestimentos_forros,v_94257cd09b8bbbc7,1,2.3892491541013663
sinapi_es,2026-05,104591,"REVESTIMENTO CERÂMICO PARA PAREDES EXTERNAS, COM PLACAS TIPO GRÊS OU SEMIGRÊS, FORMATO MENOR OU IGUAL A 200 CM2, DISPOSTAS EM AMARRAÇÃO, APLICADO EM SUPERFÍCIES INTERNAS DE SACADA. AF_02/2023",revestimentos_forros,v_94257cd09b8bbbc7,1,2.6974103078246943
sinapi_es,2026-05,104593,REVESTIMENTO CERÂMICO PARA PISO COM PLACAS TIPO ESMALTADA DE DIMENSÕES 80X80 CM APLICADA EM AMBIENTES DE ÁREA MENOR QUE 5 M². AF_02/2023_PE,revestimentos_forros,v_6210cb76c5d4ab42,1,0.9682181845834114
sinapi_es,2026-05,104594,REVESTIMENTO CERÂMICO PARA PISO COM PLACAS TIPO ESMALTADA DE DIMENSÕES 80X80 CM APLICADA EM AMBIENTES DE ÁREA ENTRE 5 M² E 10 M². AF_02/2023_PE,revestimentos_forros,v_6210cb76c5d4ab42,1,1.3020896565532067
sinapi_es,2026-05,104595,REVESTIMENTO CERÂMICO PARA PISO COM PLACAS TIPO ESMALTADA DE DIMENSÕES 80X80 CM APLICADA EM AMBIENTES DE ÁREA MAIOR QUE 10 M². AF_02/2023_PE,revestimentos_forros,v_6210cb76c5d4ab42,1,2.1114599529897426
sinapi_es,2026-05,104596,REVESTIMENTO CERÂMICO PARA PISO COM PLACAS TIPO PORCELANATO DE DIMENSÕES 80X80 CM APLICADA EM AMBIENTES DE ÁREA MENOR QUE 5 M². AF_02/2023_PE,revestimentos_forros,v_a45a57ffdc06907e,1,1.5560573045678148
sinapi_es,2026-05,104597,REVESTIMENTO CERÂMICO PARA PISO COM PLACAS TIPO PORCELANATO DE DIMENSÕES 80X80 CM APLICADA EM AMBIENTES DE ÁREA ENTRE 5 M² E 10 M². AF_02/2023_PE,revestimentos_forros,v_a45a57ffdc06907e,1,1.7431671845957148
sinapi_es,2026-05,104598,REVESTIMENTO CERÂMICO PARA PISO COM PLACAS TIPO PORCELANATO DE DIMENSÕES 80X80 CM APLICADA EM AMBIENTES DE ÁREA MAIOR QUE 10 M². AF_02/2023_PE,revestimentos_forros,v_a45a57ffdc06907e,1,2.2080336539548813
sinapi_es,2026-05,104599,REVESTIMENTO CERÂMICO PARA PISO COM PLACAS TIPO ESMALTADA DE DIMENSÕES 35X35 CM APLICADA EM DIAGONAL EM AMBIENTES DE ÁREA MENOR QUE 5 M². AF_02/2023_PE,revestimentos_forros,v_6210cb76c5d4ab42,1,0.8582064765538346
sinapi_es,2026-05,104601,REVESTIMENTO CERÂMICO PARA PISO COM PLACAS TIPO ESMALTADA DE DIMENSÕES 35X35 CM APLICADA EM DIAGONAL EM AMBIENTES DE ÁREA ENTRE 5 M² E 10 M². AF_02/2023_PE,revestimentos_forros,v_6210cb76c5d4ab42,1,1.135889651706784
sinapi_es,2026-05,104603,REVESTIMENTO CERÂMICO PARA PISO COM PLACAS TIPO ESMALTADA DE DIMENSÕES 35X35 CM APLICADA EM DIAGONAL EM AMBIENTES DE ÁREA MAIOR QUE 10 M². AF_02/2023_PE,revestimentos_forros,v_6210cb76c5d4ab42,1,1.9217603330881037
sinapi_es,2026-05,104605,REVESTIMENTO CERÂMICO PARA PISO COM PLACAS TIPO ESMALTADA DE DIMENSÕES 45X45 CM APLICADA EM DIAGONAL EM AMBIENTES DE ÁREA MENOR QUE 5 M². AF_02/2023_PE,revestimentos_forros,v_6210cb76c5d4ab42,1,1.3757182230222023
sinapi_es,2026-05,104606,REVESTIMENTO CERÂMICO PARA PISO COM PLACAS TIPO ESMALTADA DE DIMENSÕES 45X45 CM APLICADA EM DIAGONAL EM AMBIENTES DE ÁREA ENTRE 5 M² E 10 M². AF_02/2023_PE,revestimentos_forros,v_6210cb76c5d4ab42,1,0.9642691274831048
sinapi_es,2026-05,104607,REVESTIMENTO CERÂMICO PARA PISO COM PLACAS TIPO ESMALTADA DE DIMENSÕES 45X45 CM APLICADA EM DIAGONAL EM AMBIENTES DE ÁREA MAIOR QUE 10 M². AF_02/2023_PE,revestimentos_forros,v_6210cb76c5d4ab42,1,1.7906701499847588
sinapi_es,2026-05,104611,REVESTIMENTO CERÂMICO PARA PAREDES INTERNAS COM PLACAS TIPO ESMALTADA DE DIMENSÕES 60X60 CM APLICADAS NA ALTURA INTEIRA DAS PAREDES. AF_02/2023_PE,revestimentos_forros,v_02e82877ef07857f,1,1.2535815865233808
sinapi_es,2026-05,104612,REVESTIMENTO CERÂMICO PARA PAREDES INTERNAS COM PLACAS TIPO ESMALTADA DE DIMENSÕES 60X60 CM APLICADAS A MEIA ALTURA DAS PAREDES. AF_02/2023_PE,revestimentos_forros,v_02e82877ef07857f,1,1.2042556404215006
sinapi_es,2026-05,104613,"REVESTIMENTO CERÂMICO PARA PAREDES INTERNAS COM PLACAS TIPO ESMALTADA DE DIMENSÕES 20X20 CM APLICADAS EM DIAGONAL, NA ALTURA INTEIRA DAS PAREDES. AF_02/2023_PE",revestimentos_forros,v_02e82877ef07857f,1,0.8178331082793413
sinapi_es,2026-05,104614,"REVESTIMENTO CERÂMICO PARA PAREDES INTERNAS COM PLACAS TIPO ESMALTADA DE DIMENSÕES 20X20 CM APLICADAS EM DIAGONAL, A MEIA ALTURA DAS PAREDES. AF_02/2023_PE",revestimentos_forros,v_02e82877ef07857f,1,0.7721931763528221
sinapi_es,2026-05,104615,REVESTIMENTO CERÂMICO PARA PAREDES INTERNAS COM PLACAS TIPO PASTILHA DE DIMENSÕES 5 X 5 CM (PLACAS DE 30 X 30 CM) CM APLICADAS NA ALTURA INTEIRA DAS PAREDES. AF_02/2023,revestimentos_forros,v_306d6657eb7f342f,1,2.501462698067028
sinapi_es,2026-05,104616,"REVESTIMENTO CERÂMICO PARA PAREDES INTERNAS COM PLACAS TIPO PASTILHA DE DIMENSÕES 2,5 X 2,5 CM (PLACAS DE 30 X 30 CM) CM APLICADAS NA ALTURA INTEIRA DAS PAREDES. AF_02/2023",revestimentos_forros,v_306d6657eb7f342f,1,2.7667831805643788
sinapi_es,2026-05,104617,REVESTIMENTO CERÂMICO PARA PAREDES INTERNAS COM PLACAS TIPO PASTILHA DE DIMENSÕES 5 X 5 CM (PLACAS DE 30 X 30 CM) CM APLICADAS A MEIA ALTURA DAS PAREDES. AF_02/2023,revestimentos_forros,v_306d6657eb7f342f,1,2.4570129702653025
sinapi_es,2026-05,104618,"REVESTIMENTO CERÂMICO PARA PAREDES INTERNAS COM PLACAS TIPO PASTILHA DE DIMENSÕES 2,5 X 2,5 CM (PLACAS DE 30 X 30 CM) CM APLICADAS A MEIA ALTURA DAS PAREDES. AF_02/2023",revestimentos_forros,v_306d6657eb7f342f,1,2.739234932119915
sinapi_es,2026-05,104627,"APLICAÇÃO MANUAL DE GESSO DESEMPENADO (SEM TALISCAS) EM TETO DE AMBIENTES COM PAREDES EM PÉ DIREITO DUPLO E ÁREA MAIOR QUE 10M², ESPESSURA DE 0,5CM. AF_03/2023",revestimentos_forros,v_c7d6ddbb9b72f71d,1,1.2840729397011128
sinapi_es,2026-05,104628,"APLICAÇÃO MANUAL DE GESSO DESEMPENADO (SEM TALISCAS) EM TETO DE AMBIENTES COM PAREDES EM PÉ DIREITO DUPLO E ÁREA ENTRE 5M² E 10M², ESPESSURA DE 0,5CM. AF_03/2023",revestimentos_forros,v_c7d6ddbb9b72f71d,1,1.7146407758610516
sinapi_es,2026-05,104629,"APLICAÇÃO MANUAL DE GESSO DESEMPENADO (SEM TALISCAS) EM TETO DE AMBIENTES COM PAREDES EM PÉ DIREITO DUPLO E ÁREA MENOR QUE 5M², ESPESSURA DE 0,5CM. AF_03/2023",revestimentos_forros,v_c7d6ddbb9b72f71d,1,1.9418391069544663
sinapi_es,2026-05,104630,"APLICAÇÃO MANUAL DE GESSO DESEMPENADO (SEM TALISCAS) EM TETO DE AMBIENTES COM PAREDES EM PÉ DIREITO DUPLO E ÁREA MAIOR QUE 10M², ESPESSURA DE 1,0CM. AF_03/2023",revestimentos_forros,v_c7d6ddbb9b72f71d,1,1.128827492338083
sinapi_es,2026-05,104631,"APLICAÇÃO MANUAL DE GESSO DESEMPENADO (SEM TALISCAS) EM TETO DE AMBIENTES COM PAREDES EM PÉ DIREITO DUPLO E ÁREA ENTRE 5M² E 10M², ESPESSURA DE 1,0CM. AF_03/2023",revestimentos_forros,v_c7d6ddbb9b72f71d,1,1.4065398081550848
sinapi_es,2026-05,104632,"APLICAÇÃO MANUAL DE GESSO DESEMPENADO (SEM TALISCAS) EM TETO DE AMBIENTES COM PAREDES EM PÉ DIREITO DUPLO E ÁREA MENOR QUE 5M², ESPESSURA DE 1,0CM. AF_03/2023",revestimentos_forros,v_c7d6ddbb9b72f71d,1,1.6475500184697087
sinapi_es,2026-05,104633,"APLICAÇÃO MANUAL DE GESSO DESEMPENADO (SEM TALISCAS) EM PAREDES COM PÉ DIREITO DUPLO, ESPESSURA DE 0,5CM. AF_03/2023",revestimentos_forros,v_c7d6ddbb9b72f71d,1,1.5713290833651639
sinapi_es,2026-05,104634,"APLICAÇÃO MANUAL DE GESSO DESEMPENADO (SEM TALISCAS) EM PAREDES COM PÉ DIREITO DUPLO, ESPESSURA DE 1,0CM. AF_03/2023",revestimentos_forros,v_c7d6ddbb9b72f71d,1,1.3363411560017016
sinapi_es,2026-05,104635,"APLICAÇÃO MANUAL DE GESSO SARRAFEADO (COM TALISCAS) EM PAREDES COM PÉ DIREITO DUPLO, ESPESSURA DE 1,0CM. AF_03/2023",revestimentos_forros,v_c7d6ddbb9b72f71d,1,1.9210206555542328
sinapi_es,2026-05,104636,"APLICAÇÃO MANUAL DE GESSO SARRAFEADO (COM TALISCAS) EM PAREDES COM PÉ DIREITO DUPLO, ESPESSURA DE 1,5CM. AF_03/2023",revestimentos_forros,v_c7d6ddbb9b72f71d,1,1.9039639961601091
sinapi_es,2026-05,104639,"PINTURA LÁTEX ACRÍLICA ECONÔMICA, APLICAÇÃO MANUAL EM TETO, DUAS DEMÃOS. AF_04/2023",pintura,v_19046e4d7ab13f7b,1,1.8338179221311215
sinapi_es,2026-05,104640,"PINTURA LÁTEX ACRÍLICA STANDARD, APLICAÇÃO MANUAL EM TETO, DUAS DEMÃOS. AF_04/2023",pintura,v_0b86d2c344f2e9f6,1,1.5695193042889435
sinapi_es,2026-05,104641,"PINTURA LÁTEX ACRÍLICA ECONÔMICA, APLICAÇÃO MANUAL EM PAREDES, DUAS DEMÃOS. AF_04/2023",pintura,v_19046e4d7ab13f7b,1,1.6149989630810224
sinapi_es,2026-05,104642,"PINTURA LÁTEX ACRÍLICA STANDARD, APLICAÇÃO MANUAL EM PAREDES, DUAS DEMÃOS. AF_04/2023",pintura,v_0b86d2c344f2e9f6,1,1.4091870481685462
sinapi_es,2026-05,104756,"FORRO EM MADEIRA PINUS, PARA AMBIENTES RESIDENCIAIS E COMERCIAIS, INCLUSIVE ESTRUTURA BIDIRECIONAL DE FIXAÇÃO. AF_08/2023",revestimentos_forros,v_c9eeda71c1b30867,1,2.693380185177939
sinapi_es,2026-05,104757,"FORRO EM FIBRA MINERAL, PARA AMBIENTES COMERCIAIS, INCLUSIVE ESTRUTURA DE FIXAÇÃO. AF_08/2023_PS",revestimentos_forros,v_038ff0ca5d7e5ad1,1,4.323062526621322
sinapi_es,2026-05,104951,"MASSA ÚNICA, EM ARGAMASSA TRAÇO 1:2:8, PREPARO MECÂNICO, APLICADA MANUALMENTE EM PAREDES INTERNAS DE AMBIENTES COM ÁREA MAIOR QUE 10M², E = 17,5MM, COM TALISCAS. AF_03/2024",revestimentos_forros,v_8bb45ffaa009f9e8,0,0.8348300226480609
sinapi_es,2026-05,104952,"MASSA ÚNICA, EM ARGAMASSA TRAÇO 1:2:8, PREPARO MANUAL, APLICADA MANUALMENTE EM PAREDES INTERNAS DE AMBIENTES COM ÁREA MAIOR QUE 10M², E = 17,5MM, COM TALISCAS. AF_03/2024",revestimentos_forros,v_24e05d145669d072,1,0.9553473733169328
sinapi_es,2026-05,104953,"MASSA ÚNICA, EM ARGAMASSA INDUSTRIALIZADA, PREPARO MECÂNICO, APLICADA COM EQUIPAMENTO DE MISTURA E PROJEÇÃO DE ARGAMASSA EM PAREDES INTERNAS, E = 17,5MM, COM TALISCAS. AF_03/2024",revestimentos_forros,v_7434d0fbc26aed78,0,2.310753952810999
sinapi_es,2026-05,104954,"EMBOÇO, EM ARGAMASSA TRAÇO 1:2:8, PREPARO MANUAL, APLICADO MANUALMENTE EM PAREDES INTERNAS DE AMBIENTES COM PÉ-DIREITO DUPLO E ÁREA ENTRE 5M² E 10M², E = 17,5MM, COM TALISCAS. AF_03/2024",revestimentos_forros,v_24e05d145669d072,1,1.5142061416480337
sinapi_es,2026-05,104955,"MASSA ÚNICA, EM ARGAMASSA TRAÇO 1:2:8, PREPARO MECÂNICO, APLICADA MANUALMENTE EM PAREDES INTERNAS DE AMBIENTES COM PÉ-DIREITO DUPLO E ÁREA MAIOR QUE 10M², E = 17,5MM, COM TALISCAS. AF_03/2024",revestimentos_forros,v_8bb45ffaa009f9e8,0,1.0550536953424667
sinapi_es,2026-05,104956,"MASSA ÚNICA, EM ARGAMASSA TRAÇO 1:2:8, PREPARO MANUAL, APLICADA MANUALMENTE EM PAREDES INTERNAS DE AMBIENTES COM PÉ-DIREITO DUPLO E ÁREA MAIOR QUE 10M², E = 17,5MM, COM TALISCAS. AF_03/2024",revestimentos_forros,v_24e05d145669d072,1,1.369714896919917
sinapi_es,2026-05,104957,"EMBOÇO, EM ARGAMASSA TRAÇO 1:2:8, PREPARO MECÂNICO, APLICADO MANUALMENTE EM PAREDES INTERNAS DE AMBIENTES COM PÉ-DIREITO DUPLO E ÁREA MAIOR QUE 10M², E = 17,5MM, COM TALISCAS. AF_03/2024",revestimentos_forros,v_8bb45ffaa009f9e8,0,1.016197741305782
sinapi_es,2026-05,104958,"MASSA ÚNICA, EM ARGAMASSA TRAÇO 1:2:8 PREPARO MECÂNICO, APLICADA MANUALMENTE EM PAREDES INTERNAS DE AMBIENTES COM ÁREA MAIOR QUE 10M², E = 10MM, COM TALISCAS. AF_03/2024",revestimentos_forros,v_8bb45ffaa009f9e8,0,1.0868496673275732
sinapi_es,2026-05,104959,"MASSA ÚNICA, EM ARGAMASSA TRAÇO 1:2:8 PREPARO MANUAL, APLICADA MANUALMENTE EM PAREDES INTERNAS DE AMBIENTES COM ÁREA MAIOR QUE 10M², E = 10MM, COM TALISCAS. AF_03/2024",revestimentos_forros,v_24e05d145669d072,1,1.1025354994592145
sinapi_es,2026-05,104960,"MASSA ÚNICA, EM ARGAMASSA INDUSTRIALIZADA, PREPARO MECÂNICO, APLICADA COM EQUIPAMENTO DE MISTURA E PROJEÇÃO DE ARGAMASSA EM PAREDES INTERNAS, E = 10MM, COM TALISCAS. AF_03/2024",revestimentos_forros,v_7434d0fbc26aed78,0,2.293095062596719
sinapi_es,2026-05,104961,"EMBOÇO, EM ARGAMASSA TRAÇO 1:2:8, PREPARO MECÂNICO, APLICADO MANUALMENTE EM PAREDES INTERNAS DE AMBIENTES COM PÉ-DIREITO DUPLO E ÁREA MENOR QUE 5M², E = 17,5MM, COM TALISCAS. AF_03/2024",revestimentos_forros,v_8bb45ffaa009f9e8,0,1.4608781311744767
sinapi_es,2026-05,104962,"EMBOÇO, EM ARGAMASSA TRAÇO 1:2:8, PREPARO MANUAL, APLICADO MANUALMENTE EM PAREDES INTERNAS DE AMBIENTES COM PÉ-DIREITO DUPLO E ÁREA MENOR QUE 5M², E = 17,5MM, COM TALISCAS. AF_03/2024",revestimentos_forros,v_24e05d145669d072,1,1.8249350796034163
sinapi_es,2026-05,104963,"MASSA ÚNICA, EM ARGAMASSA TRAÇO 1:2:8, PREPARO MECÂNICO, APLICADA MANUALMENTE EM PAREDES INTERNAS DE AMBIENTES COM PÉ-DIREITO DUPLO E ÁREA ENTRE 5M² E 10M², E = 17,5MM, COM TALISCAS. AF_03/2024",revestimentos_forros,v_8bb45ffaa009f9e8,0,1.2590637735594439
sinapi_es,2026-05,104964,"MASSA ÚNICA, EM ARGAMASSA TRAÇO 1:2:8, PREPARO MANUAL, APLICADA MANUALMENTE EM PAREDES INTERNAS DE AMBIENTES COM PÉ-DIREITO DUPLO E ÁREA ENTRE 5M² E 10M², E = 17,5MM, COM TALISCAS. AF_03/2024",revestimentos_forros,v_24e05d145669d072,1,1.6056745235009624
sinapi_es,2026-05,104965,"EMBOÇO, EM ARGAMASSA TRAÇO 1:2:8, PREPARO MECÂNICO, APLICADO MANUALMENTE EM PAREDES INTERNAS DE AMBIENTES COM PÉ-DIREITO DUPLO E ÁREA ENTRE 5M² E 10M², E = 17,5MM, COM TALISCAS. AF_03/2024",revestimentos_forros,v_8bb45ffaa009f9e8,0,1.1775355219829349
sinapi_es,2026-05,104966,"EMBOÇO, EM ARGAMASSA TRAÇO 1:2:8, PREPARO MANUAL, APLICADO MANUALMENTE EM PAREDES INTERNAS DE AMBIENTES COM PÉ-DIREITO DUPLO E ÁREA MAIOR QUE 10M², E = 17,5MM, COM TALISCAS. AF_03/2024",revestimentos_forros,v_24e05d145669d072,1,1.3207099583575084
sinapi_es,2026-05,104967,"EMBOÇO, EM ARGAMASSA TRAÇO 1:2:8, PREPARO MECÂNICO, APLICADO MANUALMENTE EM PAREDES INTERNAS DE AMBIENTES COM PÉ-DIREITO DUPLO E ÁREA MENOR QUE 5M², E = 10MM, COM TALISCAS. AF_03/2024",revestimentos_forros,v_8bb45ffaa009f9e8,0,1.6899183274691274
sinapi_es,2026-05,104968,"EMBOÇO, EM ARGAMASSA TRAÇO 1:2:8, PREPARO MANUAL, APLICADO MANUALMENTE EM PAREDES INTERNAS DE AMBIENTES COM PÉ-DIREITO DUPLO E ÁREA MENOR QUE 5M², E = 10MM, COM TALISCAS. AF_03/2024",revestimentos_forros,v_24e05d145669d072,1,1.8437894950305027
sinapi_es,2026-05,104969,"MASSA ÚNICA, EM ARGAMASSA TRAÇO 1:2:8, PREPARO MECÂNICO, APLICADA MANUALMENTE EM PAREDES INTERNAS DE AMBIENTES COM PÉ-DIREITO DUPLO E ÁREA ENTRE 5M² E 10M², E = 10MM, COM TALISCAS. AF_03/2024",revestimentos_forros,v_8bb45ffaa009f9e8,0,1.5127759232343123
sinapi_es,2026-05,104970,"MASSA ÚNICA, EM ARGAMASSA TRAÇO 1:2:8, PREPARO MANUAL, APLICADA MANUALMENTE EM PAREDES INTERNAS DE AMBIENTES COM PÉ-DIREITO DUPLO E ÁREA ENTRE 5M² E 10M², E = 10MM, COM TALISCAS. AF_03/2024",revestimentos_forros,v_24e05d145669d072,1,1.6481056419059814
sinapi_es,2026-05,104971,"EMBOÇO, EM ARGAMASSA TRAÇO 1:2:8, PREPARO MECÂNICO, APLICADO MANUALMENTE EM PAREDES INTERNAS DE AMBIENTES COM PÉ-DIREITO DUPLO E ÁREA ENTRE 5M² E 10M², E = 10MM, COM TALISCAS. AF_03/2024",revestimentos_forros,v_8bb45ffaa009f9e8,0,1.4369350331058046
sinapi_es,2026-05,104972,"EMBOÇO, EM ARGAMASSA TRAÇO 1:2:8, PREPARO MANUAL, APLICADO MANUALMENTE EM PAREDES INTERNAS DE AMBIENTES COM PÉ-DIREITO DUPLO E ÁREA ENTRE 5M² E 10M², E = 10MM, COM TALISCAS. AF_03/2024",revestimentos_forros,v_24e05d145669d072,1,1.563812843448894
sinapi_es,2026-05,104973,"MASSA ÚNICA, EM ARGAMASSA TRAÇO 1:2:8, PREPARO MECÂNICO, APLICADA MANUALMENTE EM PAREDES INTERNAS DE AMBIENTES COM PÉ-DIREITO DUPLO ÁREA MAIOR QUE 10M², E = 10MM, COM TALISCAS. AF_03/2024",revestimentos_forros,v_8bb45ffaa009f9e8,0,1.31594372669751
sinapi_es,2026-05,104974,"MASSA ÚNICA, EM ARGAMASSA TRAÇO 1:2:8, PREPARO MANUAL, APLICADA MANUALMENTE EM PAREDES INTERNAS DE AMBIENTES COM PÉ-DIREITO DUPLO ÁREA MAIOR QUE 10M², E = 10MM, COM TALISCAS. AF_03/2024",revestimentos_forros,v_24e05d145669d072,1,1.4262202457042261
sinapi_es,2026-05,104975,"EMBOÇO, EM ARGAMASSA TRAÇO 1:2:8, PREPARO MECÂNICO, APLICADO MANUALMENTE EM PAREDES INTERNAS DE AMBIENTES COM PÉ-DIREITO DUPLO E ÁREA MAIOR QUE 10M², E = 10MM, COM TALISCAS. AF_03/2024",revestimentos_forros,v_8bb45ffaa009f9e8,0,1.2753508363782542
sinapi_es,2026-05,104976,"EMBOÇO, EM ARGAMASSA TRAÇO 1:2:8, PREPARO MANUAL, APLICADO MANUALMENTE EM PAREDES INTERNAS DE AMBIENTES COM PÉ-DIREITO DUPLO E ÁREA MAIOR QUE 10M², E = 10MM, COM TALISCAS. AF_03/2024",revestimentos_forros,v_24e05d145669d072,1,1.378249740864333
sinapi_es,2026-05,104977,"MASSA ÚNICA, EM ARGAMASSA TRAÇO 1:2:8, PREPARO MECÂNICO, APLICADA MANUALMENTE EM TETO DE AMBIENTES COM PAREDES EM PÉ-DIREITO DUPLO, E = 17,5MM, COM TALISCAS. AF_03/2024",revestimentos_forros,v_8bb45ffaa009f9e8,0,1.355194351809718
sinapi_es,2026-05,104978,"MASSA ÚNICA, EM ARGAMASSA TRAÇO 1:2:8, PREPARO MECÂNICO, APLICADA MANUALMENTE EM TETO DE AMBIENTES COM PAREDES EM PÉ-DIREITO DUPLO, E = 10MM, COM TALISCAS. AF_03/2024",revestimentos_forros,v_8bb45ffaa009f9e8,0,1.6050589990390636
sinapi_es,2026-05,105185,REVESTIMENTO DECORATIVO MONOCAMADA EXECUTADO MANUALMENTE EM FACHADA DE UM EDIFÍCIO DE ESTRUTURA CONVENCIONAL E ACABAMENTO CHAPISCADO/FLOCADO. AF_03/2024,revestimentos_forros,v_691ea7b2a67bd1a9,0,3.2786209049161026
sinapi_es,2026-05,105186,REVESTIMENTO DECORATIVO MONOCAMADA EXECUTADO MANUALMENTE EM FACHADA DE UM EDIFÍCIO DE ALVENARIA ESTRUTURAL E ACABAMENTO CHAPISCADO/FLOCADO. AF_03/2024,revestimentos_forros,v_691ea7b2a67bd1a9,0,3.162675300572007
sinapi_es,2026-05,105187,REVESTIMENTO DECORATIVO MONOCAMADA EXECUTADO COM EQUIPAMENTO DE PROJEÇÃO EM FACHADA DE UM EDIFÍCIO DE ESTRUTURA CONVENCIONAL E ACABAMENTO CHAPISCADO/FLOCADO. AF_03/2024,revestimentos_forros,v_ef213c5110223ba7,0,3.7929648842527057
sinapi_es,2026-05,105188,REVESTIMENTO DECORATIVO MONOCAMADA EXECUTADO COM EQUIPAMENTO DE PROJEÇÃO EM FACHADA DE UM EDIFÍCIO DE ALVENARIA ESTRUTURAL E ACABAMENTO CHAPISCADO/FLOCADO. AF_03/2024,revestimentos_forros,v_ef213c5110223ba7,0,3.74294606521076
sinapi_es,2026-05,105816,"ESTUCAMENTO DE DENSIDADE ALTA NAS FACES INTERNAS DE PAREDES DO SISTEMA DE PAREDES DE CONCRETO, EM AMBIENTES COM ÁREA MAIOR OU IGUAL A 10 M², UTILIZAÇÃO DE ARGAMASSA POLIMÉRICA. AF_12/2024",revestimentos_forros,v_1e6535e511c39a71,1,1.6357604088556748
sinapi_es,2026-05,105817,"ESTUCAMENTO DE DENSIDADE ALTA NAS FACES INTERNAS DE PAREDES DO SISTEMA DE PAREDES DE CONCRETO, EM AMBIENTES COM ÁREA MAIOR OU IGUAL A 10 M², UTILIZAÇÃO DE ARGAMASSA TRAÇO 1:1:6 (CIM:CAL:AREIA). AF_12/2024",revestimentos_forros,v_8bb45ffaa009f9e8,0,2.6987043449217345
sinapi_es,2026-05,105818,"ESTUCAMENTO DE DENSIDADE ALTA NAS FACES INTERNAS DE PAREDES DO SISTEMA DE PAREDES DE CONCRETO, EM AMBIENTES COM ÁREA ENTRE 5 M² E 10 M², UTILIZAÇÃO DE ARGAMASSA POLIMÉRICA. AF_12/2024",revestimentos_forros,v_1e6535e511c39a71,1,1.4771736876798356
sinapi_es,2026-05,105819,"ESTUCAMENTO DE DENSIDADE ALTA NAS FACES INTERNAS DE PAREDES DO SISTEMA DE PAREDES DE CONCRETO, EM AMBIENTES COM ÁREA ENTRE 5 M² E 10 M², UTILIZAÇÃO DE ARGAMASSA TRAÇO 1:1:6 (CIM:CAL:AREIA). AF_12/2024",revestimentos_forros,v_8bb45ffaa009f9e8,0,2.774889948099375
sinapi_es,2026-05,105820,"ESTUCAMENTO DE DENSIDADE ALTA NAS FACES INTERNAS DE PAREDES DO SISTEMA DE PAREDES DE CONCRETO, EM AMBIENTES COM ÁREA MENOR OU IGUAL A 5 M², UTILIZAÇÃO DE ARGAMASSA POLIMÉRICA. AF_12/2024",revestimentos_forros,v_1e6535e511c39a71,1,1.351671081857389
sinapi_es,2026-05,105821,"ESTUCAMENTO DE DENSIDADE ALTA NAS FACES INTERNAS DE PAREDES DO SISTEMA DE PAREDES DE CONCRETO, EM AMBIENTES COM ÁREA MENOR OU IGUAL A 5 M², UTILIZAÇÃO DE ARGAMASSA TRAÇO 1:1:6 (CIM:CAL:AREIA). AF_12/2024",revestimentos_forros,v_8bb45ffaa009f9e8,0,2.9317505981374357
sinapi_es,2026-05,105822,"ESTUCAMENTO DE DENSIDADE ALTA DE PANOS DE FACHADA DO SISTEMA DE PAREDES DE CONCRETO EM EDIFICAÇÕES DE MÚLTIPLOS PAVIMENTOS, PAVIMENTOS SUPERIORES, UTILIZAÇÃO DE ARGAMASSA POLIMÉRICA. AF_12/2024",revestimentos_forros,v_1e6535e511c39a71,1,1.4530390747443718
sinapi_es,2026-05,105823,"ESTUCAMENTO DE DENSIDADE ALTA DE PANOS DE FACHADA DO SISTEMA DE PAREDES DE CONCRETO EM EDIFICAÇÕES DE MÚLTIPLOS PAVIMENTOS, PAVIMENTOS SUPERIORES, UTILIZAÇÃO DE ARGAMASSA TRAÇO 1:0,5:4,5 (CIM:CAL:AREIA). AF_12/2024",revestimentos_forros,v_8bb45ffaa009f9e8,0,2.966728012661923
sinapi_es,2026-05,105824,"ESTUCAMENTO DE DENSIDADE ALTA DE PANOS DE FACHADA DO SISTEMA DE PAREDES DE CONCRETO EM EDIFICAÇÕES DE MÚLTIPLOS PAVIMENTOS, PAVIMENTO TÉRREO, UTILIZAÇÃO DE ARGAMASSA POLIMÉRICA. AF_12/2024",revestimentos_forros,v_1e6535e511c39a71,1,1.342378734541409
sinapi_es,2026-05,105825,"ESTUCAMENTO DE DENSIDADE ALTA DE PANOS DE FACHADA DO SISTEMA DE PAREDES DE CONCRETO EM EDIFICAÇÕES DE MÚLTIPLOS PAVIMENTOS, PAVIMENTO TÉRREO, UTILIZAÇÃO DE ARGAMASSA TRAÇO 1:0,5:4,5 (CIM:CAL:AREIA). AF_12/2024",revestimentos_forros,v_8bb45ffaa009f9e8,0,2.8748729012212046
sinapi_es,2026-05,105826,"ESTUCAMENTO DE DENSIDADE ALTA DE PANOS DE FACHADA DO SISTEMA DE PAREDES DE CONCRETO EM UNIDADES HABITACIONAIS DE DOIS PAVIMENTOS (SOBRADO), ACESSO COM ANDAIME FACHADEIRO, UTILIZAÇÃO DE ARGAMASSA POLIMÉRICA. AF_12/2024",revestimentos_forros,v_1e6535e511c39a71,1,1.377685902328946
sinapi_es,2026-05,105827,"ESTUCAMENTO DE DENSIDADE ALTA DE PANOS DE FACHADA DO SISTEMA DE PAREDES DE CONCRETO EM UNIDADES HABITACIONAIS DE DOIS PAVIMENTOS (SOBRADO), ACESSO COM ANDAIME FACHADEIRO, UTILIZAÇÃO DE ARGAMASSA TRAÇO 1:0,5:4,5 (CIM:CAL:AREIA). AF_12/2024",revestimentos_forros,v_8bb45ffaa009f9e8,0,2.9553568371481567
sinapi_es,2026-05,105828,"ESTUCAMENTO DE DENSIDADE ALTA DE PANOS DE FACHADA DO SISTEMA DE PAREDES DE CONCRETO EM UNIDADES HABITACIONAIS DE PAVIMENTO ÚNICO, UTILIZAÇÃO DE ARGAMASSA POLIMÉRICA. AF_12/2024",revestimentos_forros,v_1e6535e511c39a71,1,1.5181831521634603
sinapi_es,2026-05,105829,"ESTUCAMENTO DE DENSIDADE ALTA DE PANOS DE FACHADA DO SISTEMA DE PAREDES DE CONCRETO EM UNIDADES HABITACIONAIS DE PAVIMENTO ÚNICO, UTILIZAÇÃO DE ARGAMASSA TRAÇO 1:0,5:4,5 (CIM:CAL:AREIA). AF_12/2024",revestimentos_forros,v_8bb45ffaa009f9e8,0,2.7810214813336436
sinapi_es,2026-05,106788,"PISO CIMENTADO, TRAÇO 1:3 (CIMENTO E AREIA), ACABAMENTO LISO, ESPESSURA 1,5 CM, PREPARO MECÂNICO DA ARGAMASSA. AF_02/2026",pisos,v_8ef16f32e3aa1ae0,0,0.9246605987953137
sinapi_es,2026-05,106789,"PISO CIMENTADO, TRAÇO 1:3 (CIMENTO E AREIA), ACABAMENTO RUGOSO, ESPESSURA 1,5 CM, PREPARO MECÂNICO DA ARGAMASSA. AF_02/2026",pisos,v_8ef16f32e3aa1ae0,0,0.9055910346657141
sinapi_es,2026-05,106790,"PISO VINÍLICO SEMI-FLEXÍVEL EM RÉGUAS, PADRÃO LISO, ESPESSURA 4,0 MM, FIXADO COM COLA. AF_02/2026",pisos,v_621d72260fc9704a,1,3.1443929977549763
sinapi_es,2026-05,106791,REVESTIMENTO DE DEGRAUS DE ESCADA EM GRANITO. AF_02/2026,pisos,v_fb70b35d91a4bd09,1,2.430965428889022
sinapi_es,2026-05,106792,PREPARO DE CONTRAPISO COM MEMBRANA CIMENTÍCIA. AF_02/2026,pisos,v_b3cd0f4fad70912b,1,1.0511108960436621
sinapi_es,2026-05,87244,"REVESTIMENTO CERÂMICO PARA PAREDES EXTERNAS EM PASTILHAS DE PORCELANA 5 X 5 CM (PLACAS DE 30 X 30 CM), ALINHADAS A PRUMO. AF_02/2023",revestimentos_forros,v_4ce9dfa589fed770,1,2.395142862974355
sinapi_es,2026-05,87245,"REVESTIMENTO CERÂMICO PARA PAREDES EXTERNAS EM PASTILHAS DE PORCELANA 5 X 5 CM (PLACAS DE 30 X 30 CM), ALINHADAS A PRUMO, APLICADO EM SUPERFÍCIES INTERNAS DE SACADA. AF_02/2023",revestimentos_forros,v_4ce9dfa589fed770,1,2.6023164622007644
sinapi_es,2026-05,87246,REVESTIMENTO CERÂMICO PARA PISO COM PLACAS TIPO ESMALTADA DE DIMENSÕES 35X35 CM APLICADA EM AMBIENTES DE ÁREA MENOR QUE 5 M2. AF_02/2023_PE,revestimentos_forros,v_6210cb76c5d4ab42,1,0.9861282831872444
sinapi_es,2026-05,87247,REVESTIMENTO CERÂMICO PARA PISO COM PLACAS TIPO ESMALTADA DE DIMENSÕES 35X35 CM APLICADA EM AMBIENTES DE ÁREA ENTRE 5 M2 E 10 M2. AF_02/2023_PE,revestimentos_forros,v_6210cb76c5d4ab42,1,1.394312118576392
sinapi_es,2026-05,87248,REVESTIMENTO CERÂMICO PARA PISO COM PLACAS TIPO ESMALTADA DE DIMENSÕES 35X35 CM APLICADA EM AMBIENTES DE ÁREA MAIOR QUE 10 M2. AF_02/2023_PE,revestimentos_forros,v_6210cb76c5d4ab42,1,2.139528697187212
sinapi_es,2026-05,87249,REVESTIMENTO CERÂMICO PARA PISO COM PLACAS TIPO ESMALTADA DE DIMENSÕES 45X45 CM APLICADA EM AMBIENTES DE ÁREA MENOR QUE 5 M2. AF_02/2023_PE,revestimentos_forros,v_6210cb76c5d4ab42,1,0.8610122878429699
sinapi_es,2026-05,87250,REVESTIMENTO CERÂMICO PARA PISO COM PLACAS TIPO ESMALTADA DE DIMENSÕES 45X45 CM APLICADA EM AMBIENTES DE ÁREA ENTRE 5 M2 E 10 M2. AF_02/2023_PE,revestimentos_forros,v_6210cb76c5d4ab42,1,1.2943892277810498
sinapi_es,2026-05,87251,REVESTIMENTO CERÂMICO PARA PISO COM PLACAS TIPO ESMALTADA DE DIMENSÕES 45X45 CM APLICADA EM AMBIENTES DE ÁREA MAIOR QUE 10 M2. AF_02/2023_PE,revestimentos_forros,v_6210cb76c5d4ab42,1,2.0863883843220368
sinapi_es,2026-05,87255,REVESTIMENTO CERÂMICO PARA PISO COM PLACAS TIPO ESMALTADA DE DIMENSÕES 60X60 CM APLICADA EM AMBIENTES DE ÁREA MENOR QUE 5 M2. AF_02/2023_PE,revestimentos_forros,v_6210cb76c5d4ab42,1,0.9977352312345056
sinapi_es,2026-05,87256,REVESTIMENTO CERÂMICO PARA PISO COM PLACAS TIPO ESMALTADA DE DIMENSÕES 60X60 CM APLICADA EM AMBIENTES DE ÁREA ENTRE 5 M2 E 10 M2. AF_02/2023_PE,revestimentos_forros,v_6210cb76c5d4ab42,1,1.4027637611721355
sinapi_es,2026-05,87257,REVESTIMENTO CERÂMICO PARA PISO COM PLACAS TIPO ESMALTADA DE DIMENSÕES 60X60 CM APLICADA EM AMBIENTES DE ÁREA MAIOR QUE 10 M2. AF_02/2023_PE,revestimentos_forros,v_6210cb76c5d4ab42,1,2.1602140017270934
sinapi_es,2026-05,87261,REVESTIMENTO CERÂMICO PARA PISO COM PLACAS TIPO PORCELANATO DE DIMENSÕES 60X60 CM APLICADA EM AMBIENTES DE ÁREA MENOR QUE 5 M². AF_02/2023_PE,revestimentos_forros,v_a45a57ffdc06907e,1,1.570925861136425
sinapi_es,2026-05,87262,REVESTIMENTO CERÂMICO PARA PISO COM PLACAS TIPO PORCELANATO DE DIMENSÕES 60X60 CM APLICADA EM AMBIENTES DE ÁREA ENTRE 5 M² E 10 M². AF_02/2023_PE,revestimentos_forros,v_a45a57ffdc06907e,1,1.798428729423087
sinapi_es,2026-05,87263,REVESTIMENTO CERÂMICO PARA PISO COM PLACAS TIPO PORCELANATO DE DIMENSÕES 60X60 CM APLICADA EM AMBIENTES DE ÁREA MAIOR QUE 10 M². AF_02/2023_PE,revestimentos_forros,v_a45a57ffdc06907e,1,2.2346154606212285
sinapi_es,2026-05,87265,REVESTIMENTO CERÂMICO PARA PAREDES INTERNAS COM PLACAS TIPO ESMALTADA DE DIMENSÕES 20X20 CM APLICADAS NA ALTURA INTEIRA DAS PAREDES. AF_02/2023_PE,revestimentos_forros,v_02e82877ef07857f,1,0.9426799156451293
sinapi_es,2026-05,87267,REVESTIMENTO CERÂMICO PARA PAREDES INTERNAS COM PLACAS TIPO ESMALTADA DE DIMENSÕES 20X20 CM APLICADAS A MEIA ALTURA DAS PAREDES. AF_02/2023_PE,revestimentos_forros,v_02e82877ef07857f,1,0.7659059994807951
sinapi_es,2026-05,87269,REVESTIMENTO CERÂMICO PARA PAREDES INTERNAS COM PLACAS TIPO ESMALTADA DE DIMENSÕES 25X35 CM APLICADAS NA ALTURA INTEIRA DAS PAREDES. AF_02/2023_PE,revestimentos_forros,v_02e82877ef07857f,1,0.7808120536864896
sinapi_es,2026-05,87271,REVESTIMENTO CERÂMICO PARA PAREDES INTERNAS COM PLACAS TIPO ESMALTADA DE DIMENSÕES 25X35 CM APLICADAS A MEIA ALTURA DAS PAREDES. AF_02/2023_PE,revestimentos_forros,v_02e82877ef07857f,1,0.7619416815465895
sinapi_es,2026-05,87273,REVESTIMENTO CERÂMICO PARA PAREDES INTERNAS COM PLACAS TIPO ESMALTADA DE DIMENSÕES 33X45 CM APLICADAS NA ALTURA INTEIRA DAS PAREDES. AF_02/2023_PE,revestimentos_forros,v_02e82877ef07857f,1,0.7775457487142099
sinapi_es,2026-05,87275,REVESTIMENTO CERÂMICO PARA PAREDES INTERNAS COM PLACAS TIPO ESMALTADA DE DIMENSÕES 33X45 CM APLICADAS A MEIA ALTURA DAS PAREDES. AF_02/2023_PE,revestimentos_forros,v_02e82877ef07857f,1,0.8317286949886048
sinapi_es,2026-05,87411,"APLICAÇÃO MANUAL DE GESSO DESEMPENADO (SEM TALISCAS) EM TETO DE AMBIENTES DE ÁREA MAIOR QUE 10M², ESPESSURA DE 0,5CM. AF_03/2023",revestimentos_forros,v_c7d6ddbb9b72f71d,1,1.2603569004915265
sinapi_es,2026-05,87412,"APLICAÇÃO MANUAL DE GESSO DESEMPENADO (SEM TALISCAS) EM TETO DE AMBIENTES DE ÁREA ENTRE 5M² E 10M², ESPESSURA DE 0,5CM. AF_03/2023",revestimentos_forros,v_c7d6ddbb9b72f71d,1,1.5056162543292093
sinapi_es,2026-05,87413,"APLICAÇÃO MANUAL DE GESSO DESEMPENADO (SEM TALISCAS) EM TETO DE AMBIENTES DE ÁREA MENOR QUE 5M², ESPESSURA DE 0,5CM. AF_03/2023",revestimentos_forros,v_c7d6ddbb9b72f71d,1,1.7021723667903002
sinapi_es,2026-05,87414,"APLICAÇÃO MANUAL DE GESSO DESEMPENADO (SEM TALISCAS) EM TETO DE AMBIENTES DE ÁREA MAIOR QUE 10M², ESPESSURA DE 1,0CM. AF_03/2023",revestimentos_forros,v_c7d6ddbb9b72f71d,1,1.209053207765748
sinapi_es,2026-05,87415,"APLICAÇÃO MANUAL DE GESSO DESEMPENADO (SEM TALISCAS) EM TETO DE AMBIENTES DE ÁREA ENTRE 5M² E 10M², ESPESSURA DE 1,0CM. AF_03/2023",revestimentos_forros,v_c7d6ddbb9b72f71d,1,1.1975814385069032
sinapi_es,2026-05,87416,"APLICAÇÃO MANUAL DE GESSO DESEMPENADO (SEM TALISCAS) EM TETO DE AMBIENTES DE ÁREA MENOR QUE 5M², ESPESSURA DE 1,0CM. AF_03/2023",revestimentos_forros,v_c7d6ddbb9b72f71d,1,1.3525393147902607
sinapi_es,2026-05,87418,"APLICAÇÃO MANUAL DE GESSO DESEMPENADO (SEM TALISCAS) EM PAREDES, ESPESSURA DE 0,5CM. AF_03/2023",revestimentos_forros,v_c7d6ddbb9b72f71d,1,1.2844417164819282
sinapi_es,2026-05,87421,"APLICAÇÃO MANUAL DE GESSO DESEMPENADO (SEM TALISCAS) EM PAREDES, ESPESSURA DE 1,0CM. AF_03/2023",revestimentos_forros,v_c7d6ddbb9b72f71d,1,1.131826372042385
sinapi_es,2026-05,87424,"APLICAÇÃO MANUAL DE GESSO SARRAFEADO (COM TALISCAS) EM PAREDES, ESPESSURA DE 1,0CM. AF_03/2023",revestimentos_forros,v_c7d6ddbb9b72f71d,1,1.3242155486507152
sinapi_es,2026-05,87427,"APLICAÇÃO MANUAL DE GESSO SARRAFEADO (COM TALISCAS) EM PAREDES, ESPESSURA DE 1,5CM. AF_03/2023",revestimentos_forros,v_c7d6ddbb9b72f71d,1,1.232340631127408
sinapi_es,2026-05,87430,"APLICAÇÃO DE GESSO PROJETADO COM EQUIPAMENTO DE PROJEÇÃO EM PAREDES, DESEMPENADO (SEM TALISCAS), ESPESSURA DE 0,5CM. AF_03/2023",revestimentos_forros,v_6abd21efb9069b0a,0,1.9458528008463762
sinapi_es,2026-05,87433,"APLICAÇÃO DE GESSO PROJETADO COM EQUIPAMENTO DE PROJEÇÃO EM PAREDES, DESEMPENADO (SEM TALISCAS), ESPESSURA DE 1,0CM. AF_03/2023",revestimentos_forros,v_6abd21efb9069b0a,0,1.7916670610848788
sinapi_es,2026-05,87436,"APLICAÇÃO DE GESSO PROJETADO COM EQUIPAMENTO DE PROJEÇÃO EM PAREDES, SARRAFEADO (COM TALISCAS), ESPESSURA DE 1,0CM. AF_03/2023",revestimentos_forros,v_6abd21efb9069b0a,0,1.781088979512318
sinapi_es,2026-05,87439,"APLICAÇÃO DE GESSO PROJETADO COM EQUIPAMENTO DE PROJEÇÃO EM PAREDES, SARRAFEADO (COM TALISCAS), ESPESSURA DE 1,5CM. AF_03/2023",revestimentos_forros,v_6abd21efb9069b0a,0,1.7114849136082972
sinapi_es,2026-05,87527,"EMBOÇO, EM ARGAMASSA TRAÇO 1:2:8, PREPARO MECÂNICO, APLICADO MANUALMENTE EM PAREDES INTERNAS DE AMBIENTES COM ÁREA MENOR QUE 5M², E =17,5MM, COM TALISCAS. AF_03/2024",revestimentos_forros,v_8bb45ffaa009f9e8,0,0.9757316222957079
sinapi_es,2026-05,87528,"EMBOÇO, EM ARGAMASSA TRAÇO 1:2:8, PREPARO MANUAL, APLICADO MANUALMENTE EM PAREDES INTERNAS DE AMBIENTES COM ÁREA MENOR QUE 5M², E = 17,5MM, COM TALISCAS. AF_03/2024",revestimentos_forros,v_24e05d145669d072,1,1.2668166269409444
sinapi_es,2026-05,87529,"MASSA ÚNICA, EM ARGAMASSA TRAÇO 1:2:8, PREPARO MECÂNICO, APLICADA MANUALMENTE EM PAREDES INTERNAS DE AMBIENTES COM ÁREA ENTRE 5M² E 10M², E = 17,5MM, COM TALISCAS. AF_03/2024",revestimentos_forros,v_8bb45ffaa009f9e8,0,0.8797892548650044
sinapi_es,2026-05,87530,"MASSA ÚNICA, EM ARGAMASSA TRAÇO 1:2:8, PREPARO MANUAL, APLICADA MANUALMENTE EM PAREDES INTERNAS DE AMBIENTES COM ÁREA ENTRE 5M² E 10M², E = 17,5MM, COM TALISCAS. AF_03/2024",revestimentos_forros,v_24e05d145669d072,1,1.1130255803684035
sinapi_es,2026-05,87531,"EMBOÇO, EM ARGAMASSA TRAÇO 1:2:8, PREPARO MECÂNICO, APLICADO MANUALMENTE EM PAREDES INTERNAS DE AMBIENTES COM ÁREA ENTRE 5M² E 10M², E = 17,5MM, COM TALISCAS. AF_03/2024",revestimentos_forros,v_8bb45ffaa009f9e8,0,0.8531557056681597
sinapi_es,2026-05,87532,"EMBOÇO, EM ARGAMASSA TRAÇO 1:2:8, PREPARO MANUAL, APLICADO MANUALMENTE EM PAREDES INTERNAS DE AMBIENTES COM ÁREA ENTRE 5M² E 10M², E = 17,5MM, COM TALISCAS. AF_03/2024",revestimentos_forros,v_24e05d145669d072,1,1.0502805247248177
sinapi_es,2026-05,87535,"EMBOÇO, EM ARGAMASSA TRAÇO 1:2:8, PREPARO MECÂNICO, APLICADO MANUALMENTE EM PAREDES INTERNAS DE AMBIENTES COM ÁREA MAIOR QUE 10M², E = 17,5MM, COM TALISCAS. AF_03/2024",revestimentos_forros,v_8bb45ffaa009f9e8,0,0.8365553131642005
sinapi_es,2026-05,87536,"EMBOÇO, EM ARGAMASSA TRAÇO 1:2:8, PREPARO MANUAL, APLICADO MANUALMENTE EM PAREDES INTERNAS DE AMBIENTES COM ÁREA MAIOR QUE 10M², E = 17,5MM, COM TALISCAS. AF_03/2024",revestimentos_forros,v_24e05d145669d072,1,0.9245692471924492
sinapi_es,2026-05,87539,"EMBOÇO, EM ARGAMASSA INDUSTRIALIZADA, PREPARO MECÂNICO, APLICADO COM EQUIPAMENTO DE MISTURA E PROJEÇÃO DE ARGAMASSA EM PAREDES INTERNAS, E = 17,5MM, COM TALISCAS. AF_03/2024",revestimentos_forros,v_7434d0fbc26aed78,0,2.1935774223651925
sinapi_es,2026-05,87543,"MASSA ÚNICA, EM ARGAMASSA INDUSTRIALIZADA, PREPARO MECÂNICO, APLICADA COM EQUIPAMENTO DE MISTURA E PROJEÇÃO DE ARGAMASSA EM PAREDES INTERNAS, E = 5MM, SEM TALISCAS. AF_03/2024",revestimentos_forros,v_7434d0fbc26aed78,0,2.0120566916929046
sinapi_es,2026-05,87545,"EMBOÇO, EM ARGAMASSA TRAÇO 1:2:8, PREPARO MECÂNICO, APLICADO MANUALMENTE EM PAREDES INTERNAS, PARA AMBIENTES COM ÁREA MENOR QUE 5M², E = 10MM, COM TALISCAS. AF_03/2024",revestimentos_forros,v_8bb45ffaa009f9e8,0,1.312334756647876
sinapi_es,2026-05,87546,"EMBOÇO, EM ARGAMASSA TRAÇO 1:2:8, PREPARO MANUAL, APLICADO MANUALMENTE EM PAREDES INTERNAS, PARA AMBIENTES COM ÁREA MENOR QUE 5M², E = 10MM, COM TALISCAS. AF_03/2024",revestimentos_forros,v_24e05d145669d072,1,1.4220113296612924
sinapi_es,2026-05,87547,"MASSA ÚNICA, EM ARGAMASSA TRAÇO 1:2:8, PREPARO MECÂNICO, APLICADA MANUALMENTE EM PAREDES INTERNAS DE AMBIENTES COM ÁREA ENTRE 5M² E 10M², E = 10MM, COM TALISCAS. AF_03/2024",revestimentos_forros,v_8bb45ffaa009f9e8,0,1.1891144789295804
sinapi_es,2026-05,87548,"MASSA ÚNICA, EM ARGAMASSA TRAÇO 1:2:8, PREPARO MANUAL, APLICADA MANUALMENTE EM PAREDES INTERNAS DE AMBIENTES COM ÁREA ENTRE 5M² E 10M², E = 10MM, COM TALISCAS. AF_03/2024",revestimentos_forros,v_24e05d145669d072,1,1.2696326046200836
sinapi_es,2026-05,87549,"EMBOÇO, EM ARGAMASSA TRAÇO 1:2:8, PREPARO MECÂNICO, APLICADO MANUALMENTE EM PAREDES INTERNAS DE AMBIENTES COM ÁREA ENTRE 5M² E 10M², E = 10MM, COM TALISCAS. AF_03/2024",revestimentos_forros,v_8bb45ffaa009f9e8,0,1.1435456310372243
sinapi_es,2026-05,87550,"EMBOÇO, EM ARGAMASSA TRAÇO 1:2:8, PREPARO MANUAL, APLICADO MANUALMENTE EM PAREDES INTERNAS DE AMBIENTES COM ÁREA ENTRE 5M² E 10M², E = 10MM, COM TALISCAS. AF_03/2024",revestimentos_forros,v_24e05d145669d072,1,1.2048869766334325
sinapi_es,2026-05,87553,"EMBOÇO, EM ARGAMASSA TRAÇO 1:2:8, PREPARO MECÂNICO, APLICADO MANUALMENTE EM PAREDES INTERNAS DE AMBIENTES COM ÁREA MAIOR QUE 10M², E = 10MM, COM TALISCAS. AF_03/2024",revestimentos_forros,v_8bb45ffaa009f9e8,0,1.0742493170371519
sinapi_es,2026-05,87554,"EMBOÇO, EM ARGAMASSA TRAÇO 1:2:8, PREPARO MANUAL, APLICADO MANUALMENTE EM PAREDES INTERNAS DE AMBIENTES COM ÁREA MAIOR QUE 10M², E = 10MM, COM TALISCAS. AF_03/2024",revestimentos_forros,v_24e05d145669d072,1,1.068451486329171
sinapi_es,2026-05,87557,"EMBOÇO, EM ARGAMASSA INDUSTRIALIZADA, PREPARO MECÂNICO, APLICADO COM EQUIPAMENTO DE MISTURA E PROJEÇÃO DE ARGAMASSA EM PAREDES INTERNAS, E = 10MM, COM TALISCAS. AF_03/2024",revestimentos_forros,v_7434d0fbc26aed78,0,2.139058007245934
sinapi_es,2026-05,87561,"MASSA ÚNICA, EM ARGAMASSA INDUSTRIALIZADA, PREPARO MECÂNICO, APLICADA COM EQUIPAMENTO DE MISTURA E PROJEÇÃO DE ARGAMASSA EM PAREDES INTERNAS, E = 10MM, SEM TALISCAS. AF_03/2024",revestimentos_forros,v_7434d0fbc26aed78,0,2.193139090143256
sinapi_es,2026-05,87620,"CONTRAPISO EM ARGAMASSA TRAÇO 1:4 (CIMENTO E AREIA), PREPARO MECÂNICO COM BETONEIRA 400 L, APLICADO EM ÁREAS SECAS SOBRE LAJE, ADERIDO, ACABAMENTO NÃO REFORÇADO, ESPESSURA 2CM. AF_07/2021",pisos,v_94b5a896e0091a3d,0,1.1868023217699126
sinapi_es,2026-05,87622,"CONTRAPISO EM ARGAMASSA TRAÇO 1:4 (CIMENTO E AREIA), PREPARO MANUAL, APLICADO EM ÁREAS SECAS SOBRE LAJE, ADERIDO, ACABAMENTO NÃO REFORÇADO, ESPESSURA 2CM. AF_07/2021",pisos,v_97dd5d32fe0edcd3,1,0.7138114563545758
sinapi_es,2026-05,87623,"CONTRAPISO EM ARGAMASSA PRONTA, PREPARO MECÂNICO COM MISTURADOR 300 KG, APLICADO EM ÁREAS SECAS SOBRE LAJE, ADERIDO, ACABAMENTO NÃO REFORÇADO, ESPESSURA 2CM. AF_07/2021",pisos,v_2f43c12459cf14a7,0,2.3857843311675535
sinapi_es,2026-05,87624,"CONTRAPISO EM ARGAMASSA PRONTA, PREPARO MANUAL, APLICADO EM ÁREAS SECAS SOBRE LAJE, ADERIDO, ACABAMENTO NÃO REFORÇADO, ESPESSURA 2CM. AF_07/2021",pisos,v_62907f057e82d9be,1,1.8330634454091816
sinapi_es,2026-05,87630,"CONTRAPISO EM ARGAMASSA TRAÇO 1:4 (CIMENTO E AREIA), PREPARO MECÂNICO COM BETONEIRA 400 L, APLICADO EM ÁREAS SECAS SOBRE LAJE, ADERIDO, ACABAMENTO NÃO REFORÇADO, ESPESSURA 3CM. AF_07/2021",pisos,v_94b5a896e0091a3d,0,1.2343154013834465
sinapi_es,2026-05,87632,"CONTRAPISO EM ARGAMASSA TRAÇO 1:4 (CIMENTO E AREIA), PREPARO MANUAL, APLICADO EM ÁREAS SECAS SOBRE LAJE, ADERIDO, ACABAMENTO NÃO REFORÇADO, ESPESSURA 3CM. AF_07/2021",pisos,v_97dd5d32fe0edcd3,1,0.6777450844602628
sinapi_es,2026-05,87633,"CONTRAPISO EM ARGAMASSA PRONTA, PREPARO MECÂNICO COM MISTURADOR 300 KG, APLICADO EM ÁREAS SECAS SOBRE LAJE, ADERIDO, ACABAMENTO NÃO REFORÇADO, ESPESSURA 3CM. AF_07/2021",pisos,v_2f43c12459cf14a7,0,2.473977124815204
sinapi_es,2026-05,87634,"CONTRAPISO EM ARGAMASSA PRONTA, PREPARO MANUAL, APLICADO EM ÁREAS SECAS SOBRE LAJE, ADERIDO, ACABAMENTO NÃO REFORÇADO, ESPESSURA 3CM. AF_07/2021",pisos,v_62907f057e82d9be,1,1.9202474370099343
sinapi_es,2026-05,87640,"CONTRAPISO EM ARGAMASSA TRAÇO 1:4 (CIMENTO E AREIA), PREPARO MECÂNICO COM BETONEIRA 400 L, APLICADO EM ÁREAS SECAS SOBRE LAJE, ADERIDO, ACABAMENTO NÃO REFORÇADO, ESPESSURA 4CM. AF_07/2021",pisos,v_94b5a896e0091a3d,0,1.2584859051034036
sinapi_es,2026-05,87642,"CONTRAPISO EM ARGAMASSA TRAÇO 1:4 (CIMENTO E AREIA), PREPARO MANUAL, APLICADO EM ÁREAS SECAS SOBRE LAJE, ADERIDO, ACABAMENTO NÃO REFORÇADO, ESPESSURA 4CM. AF_07/2021",pisos,v_97dd5d32fe0edcd3,1,0.7041837269384221
sinapi_es,2026-05,87643,"CONTRAPISO EM ARGAMASSA PRONTA, PREPARO MECÂNICO COM MISTURADOR 300 KG, APLICADO EM ÁREAS SECAS SOBRE LAJE, ADERIDO, ACABAMENTO NÃO REFORÇADO, ESPESSURA 4CM. AF_07/2021",pisos,v_2f43c12459cf14a7,0,2.511704012337963
sinapi_es,2026-05,87644,"CONTRAPISO EM ARGAMASSA PRONTA, PREPARO MANUAL, APLICADO EM ÁREAS SECAS SOBRE LAJE, ADERIDO, ACABAMENTO NÃO REFORÇADO, ESPESSURA 4CM. AF_07/2021",pisos,v_62907f057e82d9be,1,1.988821128677805
sinapi_es,2026-05,87680,"CONTRAPISO EM ARGAMASSA TRAÇO 1:4 (CIMENTO E AREIA), PREPARO MECÂNICO COM BETONEIRA 400 L, APLICADO EM ÁREAS SECAS SOBRE LAJE, NÃO ADERIDO, ACABAMENTO NÃO REFORÇADO, ESPESSURA 4CM. AF_07/2021",pisos,v_29b44ca548b9cac1,0,1.386111517601396
sinapi_es,2026-05,87682,"CONTRAPISO EM ARGAMASSA TRAÇO 1:4 (CIMENTO E AREIA), PREPARO MANUAL, APLICADO EM ÁREAS SECAS SOBRE LAJE, NÃO ADERIDO, ACABAMENTO NÃO REFORÇADO, ESPESSURA 4CM. AF_07/2021",pisos,v_075cfc5a3e03140d,1,0.4294986687928852
sinapi_es,2026-05,87683,"CONTRAPISO EM ARGAMASSA PRONTA, PREPARO MECÂNICO COM MISTURADOR 300 KG, APLICADO EM ÁREAS SECAS SOBRE LAJE, NÃO ADERIDO, ACABAMENTO NÃO REFORÇADO, ESPESSURA 4CM. AF_07/2021",pisos,v_b0d656714f76cdeb,0,2.8291008577037697
sinapi_es,2026-05,87684,"CONTRAPISO EM ARGAMASSA PRONTA, PREPARO MANUAL, APLICADO EM ÁREAS SECAS SOBRE LAJE, NÃO ADERIDO, ACABAMENTO NÃO REFORÇADO, ESPESSURA 4CM. AF_07/2021",pisos,v_a7f8d84caec12b35,1,2.1635658359203256
sinapi_es,2026-05,87690,"CONTRAPISO EM ARGAMASSA TRAÇO 1:4 (CIMENTO E AREIA), PREPARO MECÂNICO COM BETONEIRA 400 L, APLICADO EM ÁREAS SECAS SOBRE LAJE, NÃO ADERIDO, ACABAMENTO NÃO REFORÇADO, ESPESSURA 5CM. AF_07/2021",pisos,v_29b44ca548b9cac1,0,1.3364059961858494
sinapi_es,2026-05,87692,"CONTRAPISO EM ARGAMASSA TRAÇO 1:4 (CIMENTO E AREIA), PREPARO MANUAL, APLICADO EM ÁREAS SECAS SOBRE LAJE, NÃO ADERIDO, ACABAMENTO NÃO REFORÇADO, ESPESSURA 5CM. AF_07/2021",pisos,v_075cfc5a3e03140d,1,0.5075478840586983
sinapi_es,2026-05,87693,"CONTRAPISO EM ARGAMASSA PRONTA, PREPARO MECÂNICO COM MISTURADOR 300 KG, APLICADO EM ÁREAS SECAS SOBRE LAJE, NÃO ADERIDO, ESPESSURA 5CM. AF_07/2021",pisos,v_b0d656714f76cdeb,0,2.804071591911491
sinapi_es,2026-05,87694,"CONTRAPISO EM ARGAMASSA PRONTA, PREPARO MANUAL, APLICADO EM ÁREAS SECAS SOBRE LAJE, NÃO ADERIDO, ACABAMENTO NÃO REFORÇADO, ESPESSURA 5CM. AF_07/2021",pisos,v_a7f8d84caec12b35,1,2.197563645283739
sinapi_es,2026-05,87700,"CONTRAPISO EM ARGAMASSA TRAÇO 1:4 (CIMENTO E AREIA), PREPARO MECÂNICO COM BETONEIRA 400 L, APLICADO EM ÁREAS SECAS SOBRE LAJE, NÃO ADERIDO, ACABAMENTO NÃO REFORÇADO, ESPESSURA 6CM. AF_07/2021",pisos,v_29b44ca548b9cac1,0,1.3430917109875014
sinapi_es,2026-05,87702,"CONTRAPISO EM ARGAMASSA TRAÇO 1:4 (CIMENTO E AREIA), PREPARO MANUAL, APLICADO EM ÁREAS SECAS SOBRE LAJE, NÃO ADERIDO, ACABAMENTO NÃO REFORÇADO, ESPESSURA 6CM. AF_07/2021",pisos,v_075cfc5a3e03140d,1,0.5729219495257607
sinapi_es,2026-05,87703,"CONTRAPISO EM ARGAMASSA PRONTA, PREPARO MECÂNICO COM MISTURADOR 300 KG, APLICADO EM ÁREAS SECAS SOBRE LAJE, NÃO ADERIDO, ACABAMENTO NÃO REFORÇADO, ESPESSURA 6CM. AF_07/2021",pisos,v_b0d656714f76cdeb,0,2.813574170446053
sinapi_es,2026-05,87704,"CONTRAPISO EM ARGAMASSA PRONTA, PREPARO MANUAL, APLICADO EM ÁREAS SECAS SOBRE LAJE, NÃO ADERIDO, ACABAMENTO NÃO REFORÇADO, ESPESSURA 6CM. AF_07/2021",pisos,v_a7f8d84caec12b35,1,2.2404457469867807
sinapi_es,2026-05,87735,"CONTRAPISO EM ARGAMASSA TRAÇO 1:4 (CIMENTO E AREIA), PREPARO MECÂNICO COM BETONEIRA 400 L, APLICADO EM ÁREAS MOLHADAS SOBRE LAJE, ADERIDO, ACABAMENTO NÃO REFORÇADO, ESPESSURA 2CM. AF_07/2021",pisos,v_94b5a896e0091a3d,0,0.8721590829816891
sinapi_es,2026-05,87737,"CONTRAPISO EM ARGAMASSA TRAÇO 1:4 (CIMENTO E AREIA), PREPARO MANUAL, APLICADO EM ÁREAS MOLHADAS SOBRE LAJE, ADERIDO, ACABAMENTO NÃO REFORÇADO, ESPESSURA 2CM. AF_07/2021",pisos,v_97dd5d32fe0edcd3,1,1.1396280679735213
sinapi_es,2026-05,87738,"CONTRAPISO EM ARGAMASSA PRONTA, PREPARO MECÂNICO COM MISTURADOR 300 KG, APLICADO EM ÁREAS MOLHADAS SOBRE LAJE, ADERIDO, ACABAMENTO NÃO REFORÇADO, ESPESSURA 2CM. AF_07/2021",pisos,v_2f43c12459cf14a7,0,1.3252707544693492
sinapi_es,2026-05,87739,"CONTRAPISO EM ARGAMASSA PRONTA, PREPARO MANUAL, APLICADO EM ÁREAS MOLHADAS SOBRE LAJE, ADERIDO, ACABAMENTO NÃO REFORÇADO, ESPESSURA 2CM. AF_07/2021",pisos,v_62907f057e82d9be,1,1.2399686985637584
sinapi_es,2026-05,87745,"CONTRAPISO EM ARGAMASSA TRAÇO 1:4 (CIMENTO E AREIA), PREPARO MECÂNICO COM BETONEIRA 400 L, APLICADO EM ÁREAS MOLHADAS SOBRE LAJE, ADERIDO, ACABAMENTO NÃO REFORÇADO, ESPESSURA 3CM. AF_07/2021",pisos,v_94b5a896e0091a3d,0,0.7020547562135425
sinapi_es,2026-05,87747,"CONTRAPISO EM ARGAMASSA TRAÇO 1:4 (CIMENTO E AREIA), PREPARO MANUAL, APLICADO EM ÁREAS MOLHADAS SOBRE LAJE, ADERIDO, ACABAMENTO NÃO REFORÇADO, ESPESSURA 3CM. AF_07/2021",pisos,v_97dd5d32fe0edcd3,1,1.0939988016975655
sinapi_es,2026-05,87748,"CONTRAPISO EM ARGAMASSA PRONTA, PREPARO MECÂNICO COM MISTURADOR 300 KG, APLICADO EM ÁREAS MOLHADAS SOBRE LAJE, ADERIDO, ACABAMENTO NÃO REFORÇADO, ESPESSURA 3CM. AF_07/2021",pisos,v_2f43c12459cf14a7,0,1.6145023968440768
sinapi_es,2026-05,87749,"CONTRAPISO EM ARGAMASSA PRONTA, PREPARO MANUAL, APLICADO EM ÁREAS MOLHADAS SOBRE LAJE, ADERIDO, ACABAMENTO NÃO REFORÇADO, ESPESSURA 3CM. AF_07/2021",pisos,v_62907f057e82d9be,1,1.5400635324314091
sinapi_es,2026-05,87755,"CONTRAPISO EM ARGAMASSA TRAÇO 1:4 (CIMENTO E AREIA), PREPARO MECÂNICO COM BETONEIRA 400 L, APLICADO EM ÁREAS MOLHADAS SOBRE IMPERMEABILIZAÇÃO, ACABAMENTO NÃO REFORÇADO, ESPESSURA 3CM. AF_07/2021",pisos,v_29b44ca548b9cac1,0,0.8937292054818465
sinapi_es,2026-05,87757,"CONTRAPISO EM ARGAMASSA TRAÇO 1:4 (CIMENTO E AREIA), PREPARO MANUAL, APLICADO EM ÁREAS MOLHADAS SOBRE IMPERMEABILIZAÇÃO, ACABAMENTO NÃO REFORÇADO, ESPESSURA 3CM. AF_07/2021",pisos,v_075cfc5a3e03140d,1,1.1216274279001053
sinapi_es,2026-05,87758,"CONTRAPISO EM ARGAMASSA PRONTA, PREPARO MECÂNICO COM MISTURADOR 300 KG, APLICADO EM ÁREAS MOLHADAS SOBRE IMPERMEABILIZAÇÃO, ACABAMENTO NÃO REFORÇADO, ESPESSURA 3CM. AF_07/2021",pisos,v_f64394b82abce301,0,1.548147900758206
sinapi_es,2026-05,87759,"CONTRAPISO EM ARGAMASSA PRONTA, PREPARO MANUAL, APLICADO EM ÁREAS MOLHADAS SOBRE IMPERMEABILIZAÇÃO, ACABAMENTO NÃO REFORÇADO, ESPESSURA 3CM. AF_07/2021",pisos,v_154c373b9e02a0da,1,1.3995600688004244
sinapi_es,2026-05,87765,"CONTRAPISO EM ARGAMASSA TRAÇO 1:4 (CIMENTO E AREIA), PREPARO MECÂNICO COM BETONEIRA 400 L, APLICADO EM ÁREAS MOLHADAS SOBRE IMPERMEABILIZAÇÃO, ACABAMENTO NÃO REFORÇADO, ESPESSURA 4CM. AF_07/2021",pisos,v_29b44ca548b9cac1,0,0.8221028323974066
sinapi_es,2026-05,87767,"CONTRAPISO EM ARGAMASSA TRAÇO 1:4 (CIMENTO E AREIA), PREPARO MANUAL, APLICADO EM ÁREAS MOLHADAS SOBRE IMPERMEABILIZAÇÃO, ACABAMENTO NÃO REFORÇADO, ESPESSURA 4CM. AF_07/2021",pisos,v_075cfc5a3e03140d,1,1.1407102948175494
sinapi_es,2026-05,87768,"CONTRAPISO EM ARGAMASSA PRONTA, PREPARO MECÂNICO COM MISTURADOR 300 KG, APLICADO EM ÁREAS MOLHADAS SOBRE IMPERMEABILIZAÇÃO, ACABAMENTO NÃO REFORÇADO, ESPESSURA 4CM. AF_07/2021",pisos,v_f64394b82abce301,0,1.7241056739222598
sinapi_es,2026-05,87769,"CONTRAPISO EM ARGAMASSA PRONTA, PREPARO MANUAL, APLICADO EM ÁREAS MOLHADAS SOBRE IMPERMEABILIZAÇÃO, ACABAMENTO NÃO REFORÇADO, ESPESSURA 4CM. AF_07/2021",pisos,v_154c373b9e02a0da,1,1.6365374565083406
sinapi_es,2026-05,87775,"EMBOÇO OU MASSA ÚNICA EM ARGAMASSA TRAÇO 1:2:8, PREPARO MECÂNICO COM BETONEIRA 400 L, APLICADA MANUALMENTE EM PANOS DE FACHADA COM PRESENÇA DE VÃOS, ESPESSURA DE 25 MM. AF_08/2022",revestimentos_forros,v_0dda16f0d0457dc9,0,1.7320714130446038
sinapi_es,2026-05,87777,"EMBOÇO OU MASSA ÚNICA EM ARGAMASSA TRAÇO 1:2:8, PREPARO MANUAL, APLICADA MANUALMENTE EM PANOS DE FACHADA COM PRESENÇA DE VÃOS, ESPESSURA DE 25 MM. AF_08/2022",revestimentos_forros,v_2ec0264e935bd491,1,2.1624820715386712
sinapi_es,2026-05,87778,"EMBOÇO OU MASSA ÚNICA EM ARGAMASSA INDUSTRIALIZADA, PREPARO MECÂNICO E APLICAÇÃO COM EQUIPAMENTO DE MISTURA E PROJEÇÃO DE 1,5 M3/H DE ARGAMASSA EM PANOS DE FACHADA COM PRESENÇA DE VÃOS, ESPESSURA DE 25 MM. AF_08/2022",revestimentos_forros,v_738f1c14af134ee4,0,1.0056331540748962
sinapi_es,2026-05,87779,"EMBOÇO OU MASSA ÚNICA EM ARGAMASSA TRAÇO 1:2:8, PREPARO MECÂNICO COM BETONEIRA 400 L, APLICADA MANUALMENTE EM PANOS DE FACHADA COM PRESENÇA DE VÃOS, ESPESSURA DE 35 MM. AF_08/2022",revestimentos_forros,v_0dda16f0d0457dc9,0,1.9252097869266978
sinapi_es,2026-05,87781,"EMBOÇO OU MASSA ÚNICA EM ARGAMASSA TRAÇO 1:2:8, PREPARO MANUAL, APLICADA MANUALMENTE EM PANOS DE FACHADA COM PRESENÇA DE VÃOS, ESPESSURA DE 35 MM. AF_08/2022",revestimentos_forros,v_2ec0264e935bd491,1,2.5171919368613334
sinapi_es,2026-05,87783,"EMBOÇO OU MASSA ÚNICA EM ARGAMASSA INDUSTRIALIZADA, PREPARO MECÂNICO E APLICAÇÃO COM EQUIPAMENTO DE MISTURA E PROJEÇÃO DE 1,5 M3/H DE ARGAMASSA EM PANOS DE FACHADA COM PRESENÇA DE VÃOS, ESPESSURA DE 35 MM. AF_08/2022",revestimentos_forros,v_738f1c14af134ee4,0,1.2459396007866474
sinapi_es,2026-05,87784,"EMBOÇO OU MASSA ÚNICA EM ARGAMASSA TRAÇO 1:2:8, PREPARO MECÂNICO COM BETONEIRA 400 L, APLICADA MANUALMENTE EM PANOS DE FACHADA COM PRESENÇA DE VÃOS, ESPESSURA DE 45 MM. AF_08/2022",revestimentos_forros,v_0dda16f0d0457dc9,0,1.8177524991907328
sinapi_es,2026-05,87786,"EMBOÇO OU MASSA ÚNICA EM ARGAMASSA TRAÇO 1:2:8, PREPARO MANUAL, APLICADA MANUALMENTE EM PANOS DE FACHADA COM PRESENÇA DE VÃOS, ESPESSURA DE 45 MM. AF_08/2022",revestimentos_forros,v_2ec0264e935bd491,1,2.530463496358626
sinapi_es,2026-05,87787,"EMBOÇO OU MASSA ÚNICA EM ARGAMASSA INDUSTRIALIZADA, PREPARO MECÂNICO E APLICAÇÃO COM EQUIPAMENTO DE MISTURA E PROJEÇÃO DE 1,5 M3/H DE ARGAMASSA EM PANOS DE FACHADA COM PRESENÇA DE VÃOS, ESPESSURA DE 45 MM. AF_08/2022",revestimentos_forros,v_738f1c14af134ee4,0,1.4123102689433842
sinapi_es,2026-05,87788,"EMBOÇO OU MASSA ÚNICA EM ARGAMASSA TRAÇO 1:2:8, PREPARO MECÂNICO COM BETONEIRA 400 L, APLICADA MANUALMENTE EM PANOS DE FACHADA COM PRESENÇA DE VÃOS, ESPESSURA MAIOR OU IGUAL A 50 MM. AF_08/2022",revestimentos_forros,v_0dda16f0d0457dc9,0,2.2586156226233283
sinapi_es,2026-05,87791,"EMBOÇO OU MASSA ÚNICA EM ARGAMASSA INDUSTRIALIZADA, PREPARO MECÂNICO E APLICAÇÃO COM EQUIPAMENTO DE MISTURA E PROJEÇÃO DE 1,5 M3/H DE ARGAMASSA EM PANOS DE FACHADA COM PRESENÇA DE VÃOS, ESPESSURA MAIOR OU IGUAL A 50 MM. AF_08/2022",revestimentos_forros,v_738f1c14af134ee4,0,1.5596788307131544
sinapi_es,2026-05,87792,"EMBOÇO OU MASSA ÚNICA EM ARGAMASSA TRAÇO 1:2:8, PREPARO MECÂNICO COM BETONEIRA 400 L, APLICADA MANUALMENTE EM PANOS CEGOS DE FACHADA (SEM PRESENÇA DE VÃOS), ESPESSURA DE 25 MM. AF_08/2022",revestimentos_forros,v_0dda16f0d0457dc9,0,1.3487032090798994
sinapi_es,2026-05,87794,"EMBOÇO OU MASSA ÚNICA EM ARGAMASSA TRAÇO 1:2:8, PREPARO MANUAL, APLICADA MANUALMENTE EM PANOS CEGOS DE FACHADA (SEM PRESENÇA DE VÃOS), ESPESSURA DE 25 MM. AF_09/2022",revestimentos_forros,v_2ec0264e935bd491,1,1.6569563832536884
sinapi_es,2026-05,87795,"EMBOÇO OU MASSA ÚNICA EM ARGAMASSA INDUSTRIALIZADA, PREPARO MECÂNICO E APLICAÇÃO COM EQUIPAMENTO DE MISTURA E PROJEÇÃO DE 1,5 M3/H DE ARGAMASSA EM PANOS CEGOS DE FACHADA (SEM PRESENÇA DE VÃOS), ESPESSURA DE 25 MM. AF_08/2022",revestimentos_forros,v_738f1c14af134ee4,0,1.376558038231252
sinapi_es,2026-05,87797,"EMBOÇO OU MASSA ÚNICA EM ARGAMASSA TRAÇO 1:2:8, PREPARO MECÂNICO COM BETONEIRA 400 L, APLICADA MANUALMENTE EM PANOS CEGOS DE FACHADA (SEM PRESENÇA DE VÃOS), ESPESSURA DE 35 MM. AF_08/2022",revestimentos_forros,v_0dda16f0d0457dc9,0,1.441933871611859
sinapi_es,2026-05,87799,"EMBOÇO OU MASSA ÚNICA EM ARGAMASSA TRAÇO 1:2:8, PREPARO MANUAL, APLICADA MANUALMENTE EM PANOS CEGOS DE FACHADA (SEM PRESENÇA DE VÃOS), ESPESSURA DE 35 MM. AF_08/2022",revestimentos_forros,v_2ec0264e935bd491,1,1.9475088042825814
sinapi_es,2026-05,87800,"EMBOÇO OU MASSA ÚNICA EM ARGAMASSA INDUSTRIALIZADA, PREPARO MECÂNICO E APLICAÇÃO COM EQUIPAMENTO DE MISTURA E PROJEÇÃO DE 1,5 M3/H DE ARGAMASSA EM PANOS CEGOS DE FACHADA (SEM PRESENÇA DE VÃOS), ESPESSURA DE 35 MM. AF_08/2022",revestimentos_forros,v_738f1c14af134ee4,0,1.2438119986067333
sinapi_es,2026-05,87801,"EMBOÇO OU MASSA ÚNICA EM ARGAMASSA TRAÇO 1:2:8, PREPARO MECÂNICO COM BETONEIRA 400 L, APLICADA MANUALMENTE EM PANOS CEGOS DE FACHADA (SEM PRESENÇA DE VÃOS), ESPESSURA DE 45 MM. AF_08/2022",revestimentos_forros,v_0dda16f0d0457dc9,0,1.3429141827229645
sinapi_es,2026-05,87803,"EMBOÇO OU MASSA ÚNICA EM ARGAMASSA TRAÇO 1:2:8, PREPARO MANUAL, APLICADA MANUALMENTE EM PANOS CEGOS DE FACHADA (SEM PRESENÇA DE VÃOS), ESPESSURA DE 45 MM. AF_08/2022",revestimentos_forros,v_2ec0264e935bd491,1,1.9388193154246962
sinapi_es,2026-05,87804,"EMBOÇO OU MASSA ÚNICA EM ARGAMASSA INDUSTRIALIZADA, PREPARO MECÂNICO E APLICAÇÃO COM EQUIPAMENTO DE MISTURA E PROJEÇÃO DE 1,5 M3/H DE ARGAMASSA EM PANOS CEGOS DE FACHADA (SEM PRESENÇA DE VÃOS), ESPESSURA DE 45 MM. AF_08/2022",revestimentos_forros,v_738f1c14af134ee4,0,1.4536645949273632
sinapi_es,2026-05,87805,"EMBOÇO OU MASSA ÚNICA EM ARGAMASSA TRAÇO 1:2:8, PREPARO MECÂNICO COM BETONEIRA 400 L, APLICADA MANUALMENTE EM PANOS CEGOS DE FACHADA (SEM PRESENÇA DE VÃOS), ESPESSURA MAIOR OU IGUAL A 50 MM. AF_08/2022",revestimentos_forros,v_0dda16f0d0457dc9,0,1.3952220552107522
sinapi_es,2026-05,87807,"EMBOÇO OU MASSA ÚNICA EM ARGAMASSA TRAÇO 1:2:8, PREPARO MANUAL, APLICADA MANUALMENTE EM PANOS CEGOS DE FACHADA (SEM PRESENÇA DE VÃOS), ESPESSURA MAIOR OU IGUAL A 50 MM. AF_08/2022",revestimentos_forros,v_2ec0264e935bd491,1,2.06300345491091
sinapi_es,2026-05,87808,"EMBOÇO OU MASSA ÚNICA EM ARGAMASSA INDUSTRIALIZADA, PREPARO MECÂNICO E APLICAÇÃO COM EQUIPAMENTO DE MISTURA E PROJEÇÃO DE 1,5 M3/H DE ARGAMASSA EM PANOS CEGOS DE FACHADA (SEM PRESENÇA DE VÃOS), ESPESSURA MAIOR OU IGUAL A 50 MM. AF_08/2022",revestimentos_forros,v_738f1c14af134ee4,0,1.5653130030975335
sinapi_es,2026-05,87809,"EMBOÇO OU MASSA ÚNICA EM ARGAMASSA TRAÇO 1:2:8, PREPARO MECÂNICO COM BETONEIRA 400 L, APLICADA MANUALMENTE EM SUPERFÍCIES EXTERNAS DA SACADA, ESPESSURA DE 25 MM, SEM USO DE TELA METÁLICA DE REFORÇO CONTRA FISSURAÇÃO. AF_08/2022",revestimentos_forros,v_8bb45ffaa009f9e8,0,2.6837058452103286
sinapi_es,2026-05,87811,"EMBOÇO OU MASSA ÚNICA EM ARGAMASSA TRAÇO 1:2:8, PREPARO MANUAL, APLICADA MANUALMENTE EM SUPERFÍCIES EXTERNAS DA SACADA, ESPESSURA DE 25 MM, SEM USO DE TELA METÁLICA DE REFORÇO CONTRA FISSURAÇÃO. AF_08/2022",revestimentos_forros,v_24e05d145669d072,1,3.1049867468049412
sinapi_es,2026-05,87812,"EMBOÇO OU MASSA ÚNICA EM ARGAMASSA INDUSTRIALIZADA, PREPARO MECÂNICO E APLICAÇÃO COM EQUIPAMENTO DE MISTURA E PROJEÇÃO DE 1,5 M3/H EM SUPERFÍCIES EXTERNAS DA SACADA, ESPESSURA 25 MM, SEM USO DE TELA METÁLICA. AF_08/2022",revestimentos_forros,v_7434d0fbc26aed78,0,2.1630980549146726
sinapi_es,2026-05,87813,"EMBOÇO OU MASSA ÚNICA EM ARGAMASSA TRAÇO 1:2:8, PREPARO MECÂNICO COM BETONEIRA 400 L, APLICADA MANUALMENTE EM SUPERFÍCIES EXTERNAS DA SACADA, ESPESSURA DE 35 MM, SEM USO DE TELA METÁLICA DE REFORÇO CONTRA FISSURAÇÃO. AF_08/2022",revestimentos_forros,v_8bb45ffaa009f9e8,0,2.972060189690393
sinapi_es,2026-05,87815,"EMBOÇO OU MASSA ÚNICA EM ARGAMASSA TRAÇO 1:2:8, PREPARO MANUAL, APLICADA MANUALMENTE EM SUPERFÍCIES EXTERNAS DA SACADA, ESPESSURA DE 35 MM, SEM USO DE TELA METÁLICA DE REFORÇO CONTRA FISSURAÇÃO. AF_08/2022",revestimentos_forros,v_24e05d145669d072,1,3.5320803633525832
sinapi_es,2026-05,87816,"EMBOÇO OU MASSA ÚNICA EM ARGAMASSA INDUSTRIALIZADA, PREPARO MECÂNICO E APLICAÇÃO COM EQUIPAMENTO DE MISTURA E PROJEÇÃO DE 1,5 M3/H EM SUPERFÍCIES EXTERNAS DA SACADA, ESPESSURA 35 MM, SEM USO DE TELA METÁLICA. AF_08/2022",revestimentos_forros,v_7434d0fbc26aed78,0,2.4725720077754785
sinapi_es,2026-05,87817,"EMBOÇO OU MASSA ÚNICA EM ARGAMASSA TRAÇO 1:2:8, PREPARO MECÂNICO COM BETONEIRA 400 L, APLICADA MANUALMENTE EM SUPERFÍCIES EXTERNAS DA SACADA, ESPESSURA DE 45 MM, SEM USO DE TELA METÁLICA DE REFORÇO CONTRA FISSURAÇÃO. AF_08/2022",revestimentos_forros,v_8bb45ffaa009f9e8,0,2.885588295781405
sinapi_es,2026-05,87819,"EMBOÇO OU MASSA ÚNICA EM ARGAMASSA TRAÇO 1:2:8, PREPARO MANUAL, APLICADA MANUALMENTE EM SUPERFÍCIES EXTERNAS DA SACADA, ESPESSURA DE 45 MM, SEM USO DE TELA METÁLICA DE REFORÇO CONTRA FISSURAÇÃO. AF_08/2022",revestimentos_forros,v_24e05d145669d072,1,3.5633738244788424
sinapi_es,2026-05,87820,"EMBOÇO OU MASSA ÚNICA EM ARGAMASSA INDUSTRIALIZADA, PREPARO MECÂNICO E APLICAÇÃO COM EQUIPAMENTO DE MISTURA E PROJEÇÃO DE 1,5 M3/H EM SUPERFÍCIES EXTERNAS DA SACADA, ESPESSURA 45 MM, SEM USO DE TELA METÁLICA. AF_08/2022",revestimentos_forros,v_7434d0fbc26aed78,0,2.4814021942710305
sinapi_es,2026-05,87821,"EMBOÇO OU MASSA ÚNICA EM ARGAMASSA TRAÇO 1:2:8, PREPARO MECÂNICO COM BETONEIRA 400 L, APLICADA MANUALMENTE EM SUPERFÍCIES EXTERNAS DA SACADA, ESPESSURA MAIOR OU IGUAL A 50 MM, SEM USO DE TELA METÁLICA DE REFORÇO CONTRA FISSURAÇÃO. AF_08/2022",revestimentos_forros,v_8bb45ffaa009f9e8,0,4.151606961532167
sinapi_es,2026-05,87823,"EMBOÇO OU MASSA ÚNICA EM ARGAMASSA TRAÇO 1:2:8, PREPARO MANUAL, APLICADA MANUALMENTE EM SUPERFÍCIES EXTERNAS DA SACADA, ESPESSURA MAIOR OU IGUAL A 50 MM, SEM USO DE TELA METÁLICA DE REFORÇO CONTRA FISSURAÇÃO. AF_08/2022",revestimentos_forros,v_24e05d145669d072,1,4.885148614147303
sinapi_es,2026-05,87824,"EMBOÇO OU MASSA ÚNICA EM ARGAMASSA INDUSTRIALIZADA, PREPARO MECÂNICO E APLICAÇÃO COM EQUIPAMENTO DE MISTURA E PROJEÇÃO DE 1,5 M3/H EM SUPERFÍCIES EXTERNAS DA SACADA, ESPESSURA MAIOR OU IGUAL A 50 MM, SEM USO DE TELA METÁLICA. AF_08/2022",revestimentos_forros,v_7434d0fbc26aed78,0,3.137353865879723
sinapi_es,2026-05,87825,"EMBOÇO OU MASSA ÚNICA EM ARGAMASSA TRAÇO 1:2:8, PREPARO MECÂNICO COM BETONEIRA 400 L, APLICADA MANUALMENTE NAS PAREDES INTERNAS DA SACADA, ESPESSURA DE 25 MM, SEM USO DE TELA METÁLICA DE REFORÇO CONTRA FISSURAÇÃO. AF_08/2022",revestimentos_forros,v_8bb45ffaa009f9e8,0,2.1746988718489604
sinapi_es,2026-05,87827,"EMBOÇO OU MASSA ÚNICA EM ARGAMASSA TRAÇO 1:2:8, PREPARO MANUAL, APLICADA MANUALMENTE NAS PAREDES INTERNAS DA SACADA, ESPESSURA DE 25 MM, SEM USO DE TELA METÁLICA DE REFORÇO CONTRA FISSURAÇÃO. AF_08/2022",revestimentos_forros,v_24e05d145669d072,1,2.6738985106630024
sinapi_es,2026-05,87828,"EMBOÇO OU MASSA ÚNICA EM ARGAMASSA INDUSTRIALIZADA, PREPARO MECÂNICO E APLICAÇÃO COM EQUIPAMENTO DE MISTURA E PROJEÇÃO DE 1,5 M3/H NAS PAREDES INTERNAS DA SACADA, ESPESSURA 25 MM, SEM USO DE TELA METÁLICA. AF_08/2022",revestimentos_forros,v_7434d0fbc26aed78,0,1.8358534229992967
sinapi_es,2026-05,87829,"EMBOÇO OU MASSA ÚNICA EM ARGAMASSA TRAÇO 1:2:8, PREPARO MECÂNICO COM BETONEIRA 400 L, APLICADA MANUALMENTE NAS PAREDES INTERNAS DA SACADA, ESPESSURA DE 35 MM, SEM USO DE TELA METÁLICA DE REFORÇO CONTRA FISSURAÇÃO. AF_08/2022",revestimentos_forros,v_8bb45ffaa009f9e8,0,2.3954012064999213
sinapi_es,2026-05,87831,"EMBOÇO OU MASSA ÚNICA EM ARGAMASSA TRAÇO 1:2:8, PREPARO MANUAL, APLICADA MANUALMENTE NAS PAREDES INTERNAS DA SACADA, ESPESSURA DE 35 MM, SEM USO DE TELA METÁLICA DE REFORÇO CONTRA FISSURAÇÃO. AF_08/2022",revestimentos_forros,v_24e05d145669d072,1,3.05943208575202
sinapi_es,2026-05,87832,"EMBOÇO OU MASSA ÚNICA EM ARGAMASSA INDUSTRIALIZADA, PREPARO MECÂNICO E APLICAÇÃO COM EQUIPAMENTO DE MISTURA E PROJEÇÃO DE 1,5 M3/H DE ARGAMASSA NAS PAREDES INTERNAS DA SACADA, ESPESSURA 35 MM, SEM USO DE TELA METÁLICA. AF_08/2022",revestimentos_forros,v_7434d0fbc26aed78,0,2.122700638129705
sinapi_es,2026-05,87838,REVESTIMENTO DECORATIVO MONOCAMADA EXECUTADO MANUALMENTE EM FACHADA DE UM EDIFÍCIO DE ESTRUTURA CONVENCIONAL E ACABAMENTO RASPADO. AF_03/2024,revestimentos_forros,v_260c495867574e3c,0,2.380663937505163
sinapi_es,2026-05,87839,REVESTIMENTO DECORATIVO MONOCAMADA EXECUTADO MANUALMENTE EM FACHADA DE UM EDIFÍCIO DE ALVENARIA ESTRUTURAL E ACABAMENTO RASPADO. AF_03/2024,revestimentos_forros,v_260c495867574e3c,0,2.2014961923764647
sinapi_es,2026-05,87840,REVESTIMENTO DECORATIVO MONOCAMADA EXECUTADO COM EQUIPAMENTO DE PROJEÇÃO EM FACHADA DE UM EDIFÍCIO DE ESTRUTURA CONVENCIONAL E ACABAMENTO RASPADO. AF_03/2024,revestimentos_forros,v_9b3cd13d2c60dcbb,0,3.044399055127832
sinapi_es,2026-05,87841,REVESTIMENTO DECORATIVO MONOCAMADA EXECUTADO COM EQUIPAMENTO DE PROJEÇÃO EM FACHADA DE UM EDIFÍCIO DE ALVENARIA ESTRUTURAL E ACABAMENTO RASPADO. AF_03/2024,revestimentos_forros,v_9b3cd13d2c60dcbb,0,2.964420547064131
sinapi_es,2026-05,87850,REVESTIMENTO DECORATIVO MONOCAMADA EXECUTADO MANUALMENTE EM FACHADA DE UM EDIFÍCIO DE ESTRUTURA CONVENCIONAL E ACABAMENTO TRAVERTINO. AF_03/2024,revestimentos_forros,v_691ea7b2a67bd1a9,0,3.2195386073864682
sinapi_es,2026-05,87851,REVESTIMENTO DECORATIVO MONOCAMADA EXECUTADO MANUALMENTE EM FACHADA DE UM EDIFÍCIO DE ALVENARIA ESTRUTURAL E ACABAMENTO TRAVERTINO. AF_03/2024,revestimentos_forros,v_691ea7b2a67bd1a9,0,3.0891205772302643
sinapi_es,2026-05,87852,REVESTIMENTO DECORATIVO MONOCAMADA EXECUTADO COM EQUIPAMENTO DE PROJEÇÃO EM FACHADA DE UM EDIFÍCIO DE ESTRUTURA CONVENCIONAL E ACABAMENTO TRAVERTINO. AF_03/2024,revestimentos_forros,v_ef213c5110223ba7,0,3.7511659468836287
sinapi_es,2026-05,87853,REVESTIMENTO DECORATIVO MONOCAMADA EXECUTADO COM EQUIPAMENTO DE PROJEÇÃO EM FACHADA DE UM EDIFÍCIO DE ALVENARIA ESTRUTURAL E ACABAMENTO TRAVERTINO. AF_03/2024,revestimentos_forros,v_ef213c5110223ba7,0,3.691979728785735
sinapi_es,2026-05,87878,"CHAPISCO APLICADO EM ALVENARIAS E ESTRUTURAS DE CONCRETO INTERNAS, COM COLHER DE PEDREIRO. ARGAMASSA TRAÇO 1:3 COM PREPARO MANUAL. AF_10/2022",revestimentos_forros,v_fc4a651ffca3f5de,1,1.584248407343951
sinapi_es,2026-05,87879,"CHAPISCO APLICADO EM ALVENARIAS E ESTRUTURAS DE CONCRETO INTERNAS, COM COLHER DE PEDREIRO. ARGAMASSA TRAÇO 1:3 COM PREPARO EM BETONEIRA 400L. AF_10/2022",revestimentos_forros,v_63f842857787dc25,0,1.7616510128359897
sinapi_es,2026-05,87881,"CHAPISCO APLICADO NO TETO OU EM ALVENARIA E ESTRUTURA, COM ROLO PARA TEXTURA ACRÍLICA. ARGAMASSA TRAÇO 1:4 E EMULSÃO POLIMÉRICA (ADESIVO) COM PREPARO MANUAL. AF_10/2022",revestimentos_forros,v_39ebadde4b76a042,1,1.512249857532749
sinapi_es,2026-05,87882,"CHAPISCO APLICADO NO TETO OU EM ALVENARIA E ESTRUTURA, COM ROLO PARA TEXTURA ACRÍLICA. ARGAMASSA TRAÇO 1:4 E EMULSÃO POLIMÉRICA (ADESIVO) COM PREPARO EM BETONEIRA 400L. AF_10/2022",revestimentos_forros,v_b6d05ad6d24b8c6f,0,1.8097192529087915
sinapi_es,2026-05,87884,"CHAPISCO APLICADO NO TETO OU EM ALVENARIA E ESTRUTURA, COM ROLO PARA TEXTURA ACRÍLICA. ARGAMASSA INDUSTRIALIZADA COM PREPARO MANUAL. AF_10/2022",revestimentos_forros,v_a2b4d55d2b2678c9,1,2.3784047382623674
sinapi_es,2026-05,87885,"CHAPISCO APLICADO NO TETO OU EM ALVENARIA E ESTRUTURA, COM ROLO PARA TEXTURA ACRÍLICA. ARGAMASSA INDUSTRIALIZADA COM PREPARO EM MISTURADOR 300 KG. AF_10/2022",revestimentos_forros,v_6bb66584dea6b1c6,0,2.7584980202595304
sinapi_es,2026-05,87886,"CHAPISCO APLICADO NO TETO OU EM ESTRUTURA, COM DESEMPENADEIRA DENTADA. ARGAMASSA INDUSTRIALIZADA COM PREPARO MANUAL. AF_10/2022",revestimentos_forros,v_4e2f3fcd90db892b,1,1.5519868531439602
sinapi_es,2026-05,87887,"CHAPISCO APLICADO NO TETO OU EM ESTRUTURA, COM DESEMPENADEIRA DENTADA. ARGAMASSA INDUSTRIALIZADA COM PREPARO EM MISTURADOR 300 KG. AF_10/2022",revestimentos_forros,v_1d3542762f78fc65,0,1.9666739875036008
sinapi_es,2026-05,87888,"CHAPISCO APLICADO EM ALVENARIA (SEM PRESENÇA DE VÃOS) E ESTRUTURAS DE CONCRETO DE FACHADA, COM ROLO PARA TEXTURA ACRÍLICA. ARGAMASSA TRAÇO 1:4 E EMULSÃO POLIMÉRICA (ADESIVO) COM PREPARO MANUAL. AF_10/2022",revestimentos_forros,v_39ebadde4b76a042,1,1.1212756290875434
sinapi_es,2026-05,87889,"CHAPISCO APLICADO EM ALVENARIA (SEM PRESENÇA DE VÃOS) E ESTRUTURAS DE CONCRETO DE FACHADA, COM ROLO PARA TEXTURA ACRÍLICA. ARGAMASSA TRAÇO 1:4 E EMULSÃO POLIMÉRICA (ADESIVO) COM PREPARO EM BETONEIRA 400L. AF_10/2022",revestimentos_forros,v_b6d05ad6d24b8c6f,0,1.475361293260165
sinapi_es,2026-05,87891,"CHAPISCO APLICADO EM ALVENARIA (SEM PRESENÇA DE VÃOS) E ESTRUTURAS DE CONCRETO DE FACHADA, COM ROLO PARA TEXTURA ACRÍLICA. ARGAMASSA INDUSTRIALIZADA COM PREPARO MANUAL. AF_10/2022",revestimentos_forros,v_a2b4d55d2b2678c9,1,1.7370934743867217
sinapi_es,2026-05,87892,"CHAPISCO APLICADO EM ALVENARIA (SEM PRESENÇA DE VÃOS) E ESTRUTURAS DE CONCRETO DE FACHADA, COM ROLO PARA TEXTURA ACRÍLICA. ARGAMASSA INDUSTRIALIZADA COM PREPARO EM MISTURADOR 300 KG. AF_10/2022",revestimentos_forros,v_6bb66584dea6b1c6,0,2.1402432869410184
sinapi_es,2026-05,87893,"CHAPISCO APLICADO EM ALVENARIA (SEM PRESENÇA DE VÃOS) E ESTRUTURAS DE CONCRETO DE FACHADA, COM COLHER DE PEDREIRO. ARGAMASSA TRAÇO 1:3 COM PREPARO MANUAL. AF_10/2022",revestimentos_forros,v_fc4a651ffca3f5de,1,2.0008006616227365
sinapi_es,2026-05,87894,"CHAPISCO APLICADO EM ALVENARIA (SEM PRESENÇA DE VÃOS) E ESTRUTURAS DE CONCRETO DE FACHADA, COM COLHER DE PEDREIRO. ARGAMASSA TRAÇO 1:3 COM PREPARO EM BETONEIRA 400L. AF_10/2022",revestimentos_forros,v_63f842857787dc25,0,2.197150267896403
sinapi_es,2026-05,87896,"CHAPISCO APLICADO EM ALVENARIA (SEM PRESENÇA DE VÃOS) E ESTRUTURAS DE CONCRETO DE FACHADA, COM EQUIPAMENTO DE PROJEÇÃO. ARGAMASSA TRAÇO 1:3 COM PREPARO MANUAL. AF_10/2022",revestimentos_forros,v_c5e57e75b12dabfc,2,3.380117971823618
sinapi_es,2026-05,87897,"CHAPISCO APLICADO EM ALVENARIA (SEM PRESENÇA DE VÃOS) E ESTRUTURAS DE CONCRETO DE FACHADA, COM EQUIPAMENTO DE PROJEÇÃO. ARGAMASSA TRAÇO 1:3 COM PREPARO EM BETONEIRA 400 L. AF_10/2022",revestimentos_forros,v_1185705062e107c3,2,2.269360831548706
sinapi_es,2026-05,87899,"CHAPISCO APLICADO EM ALVENARIA (COM PRESENÇA DE VÃOS) E ESTRUTURAS DE CONCRETO DE FACHADA, COM ROLO PARA TEXTURA ACRÍLICA. ARGAMASSA TRAÇO 1:4 E EMULSÃO POLIMÉRICA (ADESIVO) COM PREPARO MANUAL. AF_10/2022",revestimentos_forros,v_39ebadde4b76a042,1,1.1580248706923293
sinapi_es,2026-05,87900,"CHAPISCO APLICADO EM ALVENARIA (COM PRESENÇA DE VÃOS) E ESTRUTURAS DE CONCRETO DE FACHADA, COM ROLO PARA TEXTURA ACRÍLICA. ARGAMASSA TRAÇO 1:4 E EMULSÃO POLIMÉRICA (ADESIVO) COM PREPARO EM BETONEIRA 400L. AF_10/2022",revestimentos_forros,v_b6d05ad6d24b8c6f,0,1.5127644815777073
sinapi_es,2026-05,87902,"CHAPISCO APLICADO EM ALVENARIA (COM PRESENÇA DE VÃOS) E ESTRUTURAS DE CONCRETO DE FACHADA, COM ROLO PARA TEXTURA ACRÍLICA. ARGAMASSA INDUSTRIALIZADA COM PREPARO MANUAL. AF_10/2022",revestimentos_forros,v_a2b4d55d2b2678c9,1,1.5654711284468685
sinapi_es,2026-05,87903,"CHAPISCO APLICADO EM ALVENARIA (COM PRESENÇA DE VÃOS) E ESTRUTURAS DE CONCRETO DE FACHADA, COM ROLO PARA TEXTURA ACRÍLICA. ARGAMASSA INDUSTRIALIZADA COM PREPARO EM MISTURADOR 300 KG. AF_10/2022",revestimentos_forros,v_6bb66584dea6b1c6,0,1.9876687068089953
sinapi_es,2026-05,87904,"CHAPISCO APLICADO EM ALVENARIA (COM PRESENÇA DE VÃOS) E ESTRUTURAS DE CONCRETO DE FACHADA, COM COLHER DE PEDREIRO. ARGAMASSA TRAÇO 1:3 COM PREPARO MANUAL. AF_10/2022",revestimentos_forros,v_fc4a651ffca3f5de,1,2.112888883774071
sinapi_es,2026-05,87905,"CHAPISCO APLICADO EM ALVENARIA (COM PRESENÇA DE VÃOS) E ESTRUTURAS DE CONCRETO DE FACHADA, COM COLHER DE PEDREIRO. ARGAMASSA TRAÇO 1:3 COM PREPARO EM BETONEIRA 400L. AF_10/2022",revestimentos_forros,v_63f842857787dc25,0,2.323192084107301
sinapi_es,2026-05,87907,"CHAPISCO APLICADO EM ALVENARIA (COM PRESENÇA DE VÃOS) E ESTRUTURAS DE CONCRETO DE FACHADA, COM EQUIPAMENTO DE PROJEÇÃO. ARGAMASSA TRAÇO 1:3 COM PREPARO MANUAL. AF_10/2022",revestimentos_forros,v_c5e57e75b12dabfc,2,3.4867373857632242
sinapi_es,2026-05,87908,"CHAPISCO APLICADO EM ALVENARIA (COM PRESENÇA DE VÃOS) E ESTRUTURAS DE CONCRETO DE FACHADA, COM EQUIPAMENTO DE PROJEÇÃO. ARGAMASSA TRAÇO 1:3 COM PREPARO EM BETONEIRA 400 L. AF_10/2022",revestimentos_forros,v_1185705062e107c3,2,2.4819731551701762
sinapi_es,2026-05,87910,"CHAPISCO APLICADO SOMENTE NA ESTRUTURA DE CONCRETO DA FACHADA, COM DESEMPENADEIRA DENTADA. ARGAMASSA INDUSTRIALIZADA COM PREPARO MANUAL. AF_10/2022",revestimentos_forros,v_4e2f3fcd90db892b,1,1.2193030350132767
sinapi_es,2026-05,87911,"CHAPISCO APLICADO SOMENTE NA ESTRUTURA DE CONCRETO DA FACHADA, COM DESEMPENADEIRA DENTADA. ARGAMASSA INDUSTRIALIZADA COM PREPARO EM MISTURADOR 300 KG. AF_10/2022",revestimentos_forros,v_1d3542762f78fc65,0,1.6174961215726218
sinapi_es,2026-05,88411,APLICAÇÃO MANUAL DE FUNDO SELADOR ACRÍLICO EM PANOS COM PRESENÇA DE VÃOS DE EDIFÍCIOS DE MÚLTIPLOS PAVIMENTOS. AF_03/2024,pintura,v_1d0fca730eee8849,1,1.8345314044133896
sinapi_es,2026-05,88412,APLICAÇÃO MANUAL DE FUNDO SELADOR ACRÍLICO EM PANOS CEGOS DE FACHADA (SEM PRESENÇA DE VÃOS) DE EDIFÍCIOS DE MÚLTIPLOS PAVIMENTOS. AF_03/2024,pintura,v_1d0fca730eee8849,1,2.2554311223525136
sinapi_es,2026-05,88413,APLICAÇÃO MANUAL DE FUNDO SELADOR ACRÍLICO EM SUPERFÍCIES EXTERNAS DE SACADA DE EDIFÍCIOS DE MÚLTIPLOS PAVIMENTOS. AF_03/2024,pintura,v_1d0fca730eee8849,1,1.4271380511391751
sinapi_es,2026-05,88414,APLICAÇÃO MANUAL DE FUNDO SELADOR ACRÍLICO EM SUPERFÍCIES INTERNAS DA SACADA DE EDIFÍCIOS DE MÚLTIPLOS PAVIMENTOS. AF_03/2024,pintura,v_1d0fca730eee8849,1,1.427489436122228
sinapi_es,2026-05,88415,APLICAÇÃO MANUAL DE FUNDO SELADOR ACRÍLICO EM PAREDES EXTERNAS DE CASAS. AF_03/2024,pintura,v_1d0fca730eee8849,1,1.716383423454866
sinapi_es,2026-05,88416,"APLICAÇÃO MANUAL DE PINTURA COM TINTA TEXTURIZADA ACRÍLICA EM PANOS COM PRESENÇA DE VÃOS DE EDIFÍCIOS DE MÚLTIPLOS PAVIMENTOS, UMA COR. AF_03/2024",pintura,v_5100f6de27d60bb3,1,2.3438677811357236
sinapi_es,2026-05,88417,"APLICAÇÃO MANUAL DE PINTURA COM TINTA TEXTURIZADA ACRÍLICA EM PANOS CEGOS DE FACHADA (SEM PRESENÇA DE VÃOS) DE EDIFÍCIOS DE MÚLTIPLOS PAVIMENTOS, UMA COR. AF_03/2024",pintura,v_5100f6de27d60bb3,1,2.861684355773274
sinapi_es,2026-05,88420,"APLICAÇÃO MANUAL DE PINTURA COM TINTA TEXTURIZADA ACRÍLICA EM SUPERFÍCIES EXTERNAS DE SACADA DE EDIFÍCIOS DE MÚLTIPLOS PAVIMENTOS, UMA COR. AF_03/2024",pintura,v_5100f6de27d60bb3,1,1.5532828643275862
sinapi_es,2026-05,88421,"APLICAÇÃO MANUAL DE PINTURA COM TINTA TEXTURIZADA ACRÍLICA EM SUPERFÍCIES INTERNAS DA SACADA DE EDIFÍCIOS DE MÚLTIPLOS PAVIMENTOS, UMA COR. AF_03/2024",pintura,v_5100f6de27d60bb3,1,1.579766884228168
sinapi_es,2026-05,88423,"APLICAÇÃO MANUAL DE PINTURA COM TINTA TEXTURIZADA ACRÍLICA EM PAREDES EXTERNAS DE CASAS, UMA COR. AF_03/2024",pintura,v_5100f6de27d60bb3,1,2.1836271497505586
sinapi_es,2026-05,88424,"APLICAÇÃO MANUAL DE PINTURA COM TINTA TEXTURIZADA ACRÍLICA EM PANOS COM PRESENÇA DE VÃOS DE EDIFÍCIOS DE MÚLTIPLOS PAVIMENTOS, DUAS CORES. AF_03/2024",pintura,v_5100f6de27d60bb3,1,1.697999617790568
sinapi_es,2026-05,88426,"APLICAÇÃO MANUAL DE PINTURA COM TINTA TEXTURIZADA ACRÍLICA EM PANOS CEGOS DE FACHADA (SEM PRESENÇA DE VÃOS) DE EDIFÍCIOS DE MÚLTIPLOS PAVIMENTOS, DUAS CORES. AF_03/2024",pintura,v_5100f6de27d60bb3,1,2.319061230196311
sinapi_es,2026-05,88428,"APLICAÇÃO MANUAL DE PINTURA COM TINTA TEXTURIZADA ACRÍLICA EM SUPERFÍCIES EXTERNAS DE SACADA DE EDIFÍCIOS DE MÚLTIPLOS PAVIMENTOS, DUAS CORES. AF_03/2024",pintura,v_5100f6de27d60bb3,1,1.1508973037554195
sinapi_es,2026-05,88429,"APLICAÇÃO MANUAL DE PINTURA COM TINTA TEXTURIZADA ACRÍLICA EM SUPERFÍCIES INTERNAS DA SACADA DE EDIFÍCIOS DE MÚLTIPLOS PAVIMENTOS, DUAS CORES. AF_03/2024",pintura,v_5100f6de27d60bb3,1,1.1200285395236405
sinapi_es,2026-05,88431,"APLICAÇÃO MANUAL DE PINTURA COM TINTA TEXTURIZADA ACRÍLICA EM PAREDES EXTERNAS DE CASAS, DUAS CORES. AF_03/2024",pintura,v_5100f6de27d60bb3,1,1.5394513279973716
sinapi_es,2026-05,88432,APLICAÇÃO MANUAL DE PINTURA COM TINTA TEXTURIZADA ACRÍLICA EM MOLDURAS DE EPS. AF_03/2024,pintura,v_5100f6de27d60bb3,1,1.1456004808463327
sinapi_es,2026-05,88470,"CONTRAPISO COM ARGAMASSA AUTONIVELANTE, APLICADO SOBRE LAJE, NÃO ADERIDO, ESPESSURA 3CM. AF_07/2021",pisos,v_c63e00e738214a4f,1,3.043498283167641
sinapi_es,2026-05,88471,"CONTRAPISO COM ARGAMASSA AUTONIVELANTE, APLICADO SOBRE LAJE, NÃO ADERIDO, ESPESSURA 4CM. AF_07/2021",pisos,v_c63e00e738214a4f,1,2.947760377370349
sinapi_es,2026-05,88472,"CONTRAPISO COM ARGAMASSA AUTONIVELANTE, APLICADO SOBRE LAJE, NÃO ADERIDO, ESPESSURA 5CM. AF_07/2021",pisos,v_c63e00e738214a4f,1,2.896444432699552
sinapi_es,2026-05,88476,"CONTRAPISO COM ARGAMASSA AUTONIVELANTE, APLICADO SOBRE LAJE, ADERIDO, ESPESSURA 2CM. AF_07/2021",pisos,v_79c54f2f25deb3fa,1,3.039249681978233
sinapi_es,2026-05,88477,"CONTRAPISO COM ARGAMASSA AUTONIVELANTE, APLICADO SOBRE LAJE, ADERIDO, ESPESSURA 3CM. AF_07/2021",pisos,v_79c54f2f25deb3fa,1,2.787786103982262
sinapi_es,2026-05,88478,"CONTRAPISO COM ARGAMASSA AUTONIVELANTE, APLICADO SOBRE LAJE, ADERIDO, ESPESSURA 4CM. AF_07/2021",pisos,v_79c54f2f25deb3fa,1,2.6676820600310367
sinapi_es,2026-05,88484,"FUNDO SELADOR ACRÍLICO, APLICAÇÃO MANUAL EM TETO, UMA DEMÃO. AF_04/2023",pintura,v_1d0fca730eee8849,1,1.655233924542651
sinapi_es,2026-05,88485,"FUNDO SELADOR ACRÍLICO, APLICAÇÃO MANUAL EM PAREDE, UMA DEMÃO. AF_04/2023",pintura,v_1d0fca730eee8849,1,1.490419127045037
sinapi_es,2026-05,88488,"PINTURA LÁTEX ACRÍLICA PREMIUM, APLICAÇÃO MANUAL EM TETO, DUAS DEMÃOS. AF_04/2023",pintura,v_7e3e8961eae87472,1,1.32768488193127
sinapi_es,2026-05,88489,"PINTURA LÁTEX ACRÍLICA PREMIUM, APLICAÇÃO MANUAL EM PAREDES, DUAS DEMÃOS. AF_04/2023",pintura,v_7e3e8961eae87472,1,1.3464368170033088
sinapi_es,2026-05,88494,"EMASSAMENTO COM MASSA LÁTEX, APLICAÇÃO EM TETO, UMA DEMÃO, LIXAMENTO MANUAL. AF_04/2023",pintura,v_b60ac7b7366d771c,1,2.0950356365032463
sinapi_es,2026-05,88495,"EMASSAMENTO COM MASSA LÁTEX, APLICAÇÃO EM PAREDE, UMA DEMÃO, LIXAMENTO MANUAL. AF_04/2023",pintura,v_b60ac7b7366d771c,1,1.6091303241897836
sinapi_es,2026-05,88496,"EMASSAMENTO COM MASSA LÁTEX, APLICAÇÃO EM TETO, DUAS DEMÃOS, LIXAMENTO MANUAL. AF_04/2023",pintura,v_b60ac7b7366d771c,1,1.9278223255206486
sinapi_es,2026-05,88497,"EMASSAMENTO COM MASSA LÁTEX, APLICAÇÃO EM PAREDE, DUAS DEMÃOS, LIXAMENTO MANUAL. AF_04/2023",pintura,v_b60ac7b7366d771c,1,1.3076070671841797
sinapi_es,2026-05,88788,"REVESTIMENTO CERÂMICO PARA PAREDES EXTERNAS EM PASTILHAS DE PORCELANA 2,5 X 2,5 CM (PLACAS DE 30 X 30 CM), ALINHADAS A PRUMO. AF_02/2023",revestimentos_forros,v_4ce9dfa589fed770,1,2.6765993525465053
sinapi_es,2026-05,88789,"REVESTIMENTO CERÂMICO PARA PAREDES EXTERNAS EM PASTILHAS DE PORCELANA 2,5 X 2,5 CM (PLACAS DE 30 X 30 CM), ALINHADAS A PRUMO, APLICADO EM SUPERFÍCIES INTERNAS DE SACADA. AF_02/2023",revestimentos_forros,v_4ce9dfa589fed770,1,2.875268184618212
sinapi_es,2026-05,90406,"MASSA ÚNICA, EM ARGAMASSA TRAÇO 1:2:8, PREPARO MECÂNICO, APLICADA MANUALMENTE EM TETO, E = 17,5MM, COM TALISCAS. AF_03/2024",revestimentos_forros,v_8bb45ffaa009f9e8,0,1.121704729202062
sinapi_es,2026-05,90408,"MASSA ÚNICA, EM ARGAMASSA TRAÇO 1:2:8, PREPARO MECÂNICO, APLICADA MANUALMENTE EM TETO, E = 10MM, COM TALISCAS. AF_03/2024",revestimentos_forros,v_8bb45ffaa009f9e8,0,1.4295084373399993
sinapi_es,2026-05,90930,"CONTRAPISO ACÚSTICO EM ARGAMASSA TRAÇO 1:4 (CIMENTO E AREIA), PREPARO MECÂNICO COM BETONEIRA 400L, APLICADO EM ÁREAS SECAS, ACABAMENTO NÃO REFORÇADO, ESPESSURA 5CM. AF_07/2021",pisos,v_4df52df6c44cbc08,0,1.5345770743771023
sinapi_es,2026-05,90932,"CONTRAPISO ACÚSTICO EM ARGAMASSA TRAÇO 1:4 (CIMENTO E AREIA), PREPARO MANUAL, APLICADO EM ÁREAS SECAS, ACABAMENTO NÃO REFORÇADO, ESPESSURA 5CM. AF_07/2021",pisos,v_95981b220db9bf84,1,1.6619067584329115
sinapi_es,2026-05,90933,"CONTRAPISO ACÚSTICO EM ARGAMASSA PRONTA, PREPARO MECÂNICO COM MISTURADOR 300 KG, APLICADO EM ÁREAS SECAS, ACABAMENTO NÃO REFORÇADO, ESPESSURA 5CM. AF_07/2021",pisos,v_ff56b43e88b46c6d,0,2.2888828652424333
sinapi_es,2026-05,90934,"CONTRAPISO ACÚSTICO EM ARGAMASSA PRONTA, PREPARO MANUAL, APLICADO EM ÁREAS SECAS, ACABAMENTO NÃO REFORÇADO, ESPESSURA 5CM. AF_07/2021",pisos,v_212bbdd0cd6dd298,1,2.1113680937138484
sinapi_es,2026-05,90940,"CONTRAPISO ACÚSTICO EM ARGAMASSA TRAÇO 1:4 (CIMENTO E AREIA), PREPARO MECÂNICO COM BETONEIRA 400L, APLICADO EM ÁREAS SECAS, ACABAMENTO NÃO REFORÇADO, ESPESSURA 6CM. AF_07/2021",pisos,v_4df52df6c44cbc08,0,1.4849587047860582
sinapi_es,2026-05,90942,"CONTRAPISO ACÚSTICO EM ARGAMASSA TRAÇO 1:4 (CIMENTO E AREIA), PREPARO MANUAL, APLICADO EM ÁREAS SECAS, ACABAMENTO NÃO REFORÇADO, ESPESSURA 6CM. AF_07/2021",pisos,v_95981b220db9bf84,1,1.7044739951765961
sinapi_es,2026-05,90943,"CONTRAPISO ACÚSTICO EM ARGAMASSA PRONTA, PREPARO MECÂNICO COM MISTURADOR 300 KG, APLICADO EM ÁREAS SECAS, ACABAMENTO NÃO REFORÇADO, ESPESSURA 6CM. AF_07/2021",pisos,v_ff56b43e88b46c6d,0,2.255369395895503
sinapi_es,2026-05,90944,"CONTRAPISO ACÚSTICO EM ARGAMASSA PRONTA, PREPARO MANUAL, APLICADO EM ÁREAS SECA, ACABAMENTO NÃO REFORÇADO, ESPESSURA 6CM. AF_07/2021",pisos,v_212bbdd0cd6dd298,1,2.1625223131048346
sinapi_es,2026-05,90950,"CONTRAPISO ACÚSTICO EM ARGAMASSA TRAÇO 1:4 (CIMENTO E AREIA), PREPARO MECÂNICO COM BETONEIRA 400L, APLICADO EM ÁREAS SECAS, ACABAMENTO NÃO REFORÇADO, ESPESSURA 7CM. AF_07/2021",pisos,v_4df52df6c44cbc08,0,1.4371561453529555
sinapi_es,2026-05,90952,"CONTRAPISO ACÚSTICO EM ARGAMASSA TRAÇO 1:4 (CIMENTO E AREIA), PREPARO MANUAL, APLICADO EM ÁREAS SECAS, ACABAMENTO NÃO REFORÇADO, ESPESSURA 7CM. AF_07/2021",pisos,v_95981b220db9bf84,1,1.8298032480403008
sinapi_es,2026-05,90953,"CONTRAPISO ACÚSTICO EM ARGAMASSA PRONTA, PREPARO MECÂNICO COM MISTURADOR 300 KG, APLICADO EM ÁREAS SECAS, ACABAMENTO NÃO REFORÇADO, ESPESSURA 7CM. AF_07/2021",pisos,v_ff56b43e88b46c6d,0,2.217804112300541
sinapi_es,2026-05,90954,"CONTRAPISO ACÚSTICO EM ARGAMASSA PRONTA, PREPARO MANUAL, APLICADO EM ÁREAS SECAS, ACABAMENTO NÃO REFORÇADO, ESPESSURA 7CM. AF_07/2021",pisos,v_212bbdd0cd6dd298,1,2.2977597321229872
sinapi_es,2026-05,91515,"ESTUCAMENTO DE DENSIDADE BAIXA DE PANOS DE FACHADA DO SISTEMA DE PAREDES DE CONCRETO EM EDIFICAÇÕES DE MÚLTIPLOS PAVIMENTOS, PAVIMENTOS SUPERIORES, UTILIZAÇÃO DE ARGAMASSA COLANTE. AF_12/2024",revestimentos_forros,v_81765fda21aa5994,1,2.9468556952889817
sinapi_es,2026-05,91519,"ESTUCAMENTO DE DENSIDADE BAIXA DE PANOS DE FACHADA DO SISTEMA DE PAREDES DE CONCRETO EM UNIDADES HABITACIONAIS DE PAVIMENTO ÚNICO, UTILIZAÇÃO DE ARGAMASSA COLANTE. AF_12/2024",revestimentos_forros,v_81765fda21aa5994,1,2.7465679844448214
sinapi_es,2026-05,91520,"ESTUCAMENTO DE DENSIDADE BAIXA NAS FACES INTERNAS DE PAREDES DO SISTEMA DE PAREDES DE CONCRETO, EM AMBIENTES COM ÁREA ENTRE 5 M² E 10 M², UTILIZAÇÃO DE ARGAMASSA COLANTE. AF_12/2024",revestimentos_forros,v_fbf4f0f1e02ad5f8,1,2.91153462577956
sinapi_es,2026-05,91522,"ESTUCAMENTO PARA QUALQUER REVESTIMENTO, EM TETO DO SISTEMA DE PAREDES DE CONCRETO, EM AMBIENTES COM ÁREA ENTRE 5 M² E 10 M², UTILIZAÇÃO DE ARGAMASSA COLANTE. AF_12/2024",revestimentos_forros,v_fbf4f0f1e02ad5f8,1,2.9915994390757468
sinapi_es,2026-05,91525,"ESTUCAMENTO DE DENSIDADE ALTA NAS FACES INTERNAS DE PAREDES DO SISTEMA DE PAREDES DE CONCRETO, EM AMBIENTES COM ÁREA ENTRE 5 M² E 10 M², UTILIZAÇÃO DE ARGAMASSA COLANTE. AF_12/2024",revestimentos_forros,v_fbf4f0f1e02ad5f8,1,1.700832155531141
sinapi_es,2026-05,95305,"TEXTURA ACRÍLICA, APLICAÇÃO MANUAL EM PAREDE, UMA DEMÃO. AF_04/2023",pintura,v_5100f6de27d60bb3,1,1.4276470685384204
sinapi_es,2026-05,95306,"TEXTURA ACRÍLICA, APLICAÇÃO MANUAL EM TETO, UMA DEMÃO. AF_04/2023",pintura,v_5100f6de27d60bb3,1,1.290738079648263
sinapi_es,2026-05,95622,"APLICAÇÃO MANUAL DE TINTA LÁTEX ACRÍLICA EM PANOS COM PRESENÇA DE VÃOS DE EDIFÍCIOS DE MÚLTIPLOS PAVIMENTOS, DUAS DEMÃOS. AF_03/2024",pintura,v_7e3e8961eae87472,1,1.3683500738442393
sinapi_es,2026-05,95623,"APLICAÇÃO MANUAL DE TINTA LÁTEX ACRÍLICA EM PANOS SEM PRESENÇA DE VÃOS DE EDIFÍCIOS DE MÚLTIPLOS PAVIMENTOS, DUAS DEMÃOS. AF_03/2024",pintura,v_7e3e8961eae87472,1,1.4400874785736586
sinapi_es,2026-05,95624,"APLICAÇÃO MANUAL DE TINTA LÁTEX ACRÍLICA EM SUPERFÍCIES EXTERNAS DE SACADA DE EDIFÍCIOS DE MÚLTIPLOS PAVIMENTOS, DUAS DEMÃOS. AF_03/2024",pintura,v_7e3e8961eae87472,1,1.8175200168846075
sinapi_es,2026-05,95625,"APLICAÇÃO MANUAL DE TINTA LÁTEX ACRÍLICA EM SUPERFÍCIES INTERNAS DE SACADA DE EDIFÍCIOS DE MÚLTIPLOS PAVIMENTOS, DUAS DEMÃOS. AF_03/2024",pintura,v_7e3e8961eae87472,1,1.7510694047900197
sinapi_es,2026-05,95626,"APLICAÇÃO MANUAL DE TINTA LÁTEX ACRÍLICA EM PAREDE EXTERNAS DE CASAS, DUAS DEMÃOS. AF_03/2024",pintura,v_7e3e8961eae87472,1,1.4381812622341839
sinapi_es,2026-05,96109,"FORRO EM PLACAS DE GESSO, PARA AMBIENTES RESIDENCIAIS. AF_08/2023_PS",revestimentos_forros,v_9b6bc036879ad420,1,2.607514643859328
sinapi_es,2026-05,96110,"FORRO EM DRYWALL PARA AMBIENTES RESIDENCIAIS, INCLUSIVE ESTRUTURA UNIDIRECIONAL DE FIXAÇÃO. AF_08/2023_PS",revestimentos_forros,v_2d4c2a6b833d977f,1,5.454147420519219
sinapi_es,2026-05,96111,"FORRO EM RÉGUAS DE PVC, FRISADO, PARA AMBIENTES RESIDENCIAIS, INCLUSIVE ESTRUTURA UNIDIRECIONAL DE FIXAÇÃO. AF_08/2023_PS",revestimentos_forros,v_09000038e9cb3a35,1,3.365014849758233
sinapi_es,2026-05,96112,"FORRO EM MADEIRA PINUS, PARA AMBIENTES RESIDENCIAIS, INCLUSIVE ESTRUTURA UNIDIRECIONAL DE FIXAÇÃO. AF_08/2023",revestimentos_forros,v_c9eeda71c1b30867,1,2.436379375708933
sinapi_es,2026-05,96113,"FORRO EM PLACAS DE GESSO, PARA AMBIENTES COMERCIAIS. AF_08/2023_PS",revestimentos_forros,v_9b6bc036879ad420,1,2.4717175951583874
sinapi_es,2026-05,96114,"FORRO EM DRYWALL, PARA AMBIENTES COMERCIAIS, INCLUSIVE ESTRUTURA BIRECIONAL DE FIXAÇÃO. AF_08/2023_PS",revestimentos_forros,v_2d4c2a6b833d977f,1,5.497566165105918
sinapi_es,2026-05,96116,"FORRO EM RÉGUAS DE PVC, FRISADO, PARA AMBIENTES COMERCIAIS, INCLUSIVE ESTRUTURA BIDIRECIONAL DE FIXAÇÃO. AF_08/2023_PS",revestimentos_forros,v_ec71a27bdbfbd9aa,1,4.208140996531254
sinapi_es,2026-05,96126,"APLICAÇÃO MANUAL DE MASSA ACRÍLICA EM PANOS DE FACHADA COM PRESENÇA DE VÃOS, DE EDIFÍCIOS DE MÚLTIPLOS PAVIMENTOS, UMA DEMÃO. AF_03/2024",pintura,v_29a00cbea26cfa8f,1,1.2353805179780875
sinapi_es,2026-05,96127,"APLICAÇÃO MANUAL DE MASSA ACRÍLICA EM PANOS DE FACHADA SEM PRESENÇA DE VÃOS, DE EDIFÍCIOS DE MÚLTIPLOS PAVIMENTOS, UMA DEMÃO. AF_03/2024",pintura,v_29a00cbea26cfa8f,1,0.9023996433057119
sinapi_es,2026-05,96128,"APLICAÇÃO MANUAL DE MASSA ACRÍLICA EM SUPERFÍCIES EXTERNAS DE SACADA DE EDIFÍCIOS DE MÚLTIPLOS PAVIMENTOS, UMA DEMÃO. AF_03/2024",pintura,v_29a00cbea26cfa8f,1,1.86356637305945
sinapi_es,2026-05,96129,"APLICAÇÃO MANUAL DE MASSA ACRÍLICA EM SUPERFÍCIES INTERNAS DE SACADA DE EDIFÍCIOS DE MÚLTIPLOS PAVIMENTOS, UMA DEMÃO. AF_03/2024",pintura,v_29a00cbea26cfa8f,1,1.8266759468193308
sinapi_es,2026-05,96130,"APLICAÇÃO MANUAL DE MASSA ACRÍLICA EM PAREDES EXTERNAS DE CASAS, UMA DEMÃO. AF_03/2024",pintura,v_29a00cbea26cfa8f,1,1.3751474426606238
sinapi_es,2026-05,96131,"APLICAÇÃO MANUAL DE MASSA ACRÍLICA EM PANOS DE FACHADA COM PRESENÇA DE VÃOS, DE EDIFÍCIOS DE MÚLTIPLOS PAVIMENTOS, DUAS DEMÃOS. AF_03/2024",pintura,v_29a00cbea26cfa8f,1,0.8906235241705003
sinapi_es,2026-05,96132,"APLICAÇÃO MANUAL DE MASSA ACRÍLICA EM PANOS DE FACHADA SEM PRESENÇA DE VÃOS, DE EDIFÍCIOS DE MÚLTIPLOS PAVIMENTOS, DUAS DEMÃOS. AF_03/2024",pintura,v_29a00cbea26cfa8f,1,0.7561086192803198
sinapi_es,2026-05,96133,"APLICAÇÃO MANUAL DE MASSA ACRÍLICA EM SUPERFÍCIES EXTERNAS DE SACADA DE EDIFÍCIOS DE MÚLTIPLOS PAVIMENTOS, DUAS DEMÃOS. AF_03/2024",pintura,v_29a00cbea26cfa8f,1,1.7406501298435684
sinapi_es,2026-05,96134,"APLICAÇÃO MANUAL DE MASSA ACRÍLICA EM SUPERFÍCIES INTERNAS DE SACADA DE EDIFÍCIOS DE MÚLTIPLOS PAVIMENTOS, DUAS DEMÃOS. AF_03/2024",pintura,v_29a00cbea26cfa8f,1,1.7833479492278872
sinapi_es,2026-05,96135,"APLICAÇÃO MANUAL DE MASSA ACRÍLICA EM PAREDES EXTERNAS DE CASAS, DUAS DEMÃOS. AF_03/2024",pintura,v_29a00cbea26cfa8f,1,1.0515764513281487
sinapi_es,2026-05,96485,"FORRO EM RÉGUAS DE PVC, LISO, PARA AMBIENTES RESIDENCIAIS, INCLUSIVE ESTRUTURA UNIDIRECIONAL DE FIXAÇÃO. AF_08/2023_PS",revestimentos_forros,v_b39b096ee998c485,1,3.468130256788472
sinapi_es,2026-05,96486,"FORRO EM RÉGUAS DE PVC, LISO, PARA AMBIENTES COMERCIAIS, INCLUSIVE ESTRUTURA BIDIRECIONAL DE FIXAÇÃO. AF_08/2023_PS",revestimentos_forros,v_b9962d5b55654a36,1,4.299036539325982
sinapi_es,2026-05,98671,PISO EM GRANITO APLICADO EM AMBIENTES INTERNOS. AF_02/2026,pisos,v_13defaf081a8e3b6,1,2.5272527646976912
sinapi_es,2026-05,98672,PISO EM MÁRMORE APLICADO EM AMBIENTES INTERNOS. AF_02/2026,pisos,v_f2b58aa74dd0306e,1,2.7032097371340265
sinapi_es,2026-05,98679,"PISO CIMENTADO, TRAÇO 1:5 (CIMENTO E AREIA), ACABAMENTO LISO, ESPESSURA 2,0 CM, PREPARO MECÂNICO DA ARGAMASSA. AF_02/2026",pisos,v_8ef16f32e3aa1ae0,0,0.8918745989160164
sinapi_es,2026-05,98680,"PISO CIMENTADO, TRAÇO 1:5 (CIMENTO E AREIA), ACABAMENTO LISO, ESPESSURA 3,0 CM, PREPARO MECÂNICO DA ARGAMASSA. AF_02/2026",pisos,v_8ef16f32e3aa1ae0,0,0.7962741622707055
sinapi_es,2026-05,98681,"PISO CIMENTADO, TRAÇO 1:5 (CIMENTO E AREIA), ACABAMENTO RUGOSO, ESPESSURA 2,0 CM, PREPARO MECÂNICO DA ARGAMASSA. AF_02/2026",pisos,v_8ef16f32e3aa1ae0,0,0.9727670410550627
sinapi_es,2026-05,98682,"PISO CIMENTADO, TRAÇO 1:5 (CIMENTO E AREIA), ACABAMENTO RUGOSO, ESPESSURA 3,0 CM, PREPARO MECÂNICO DA ARGAMASSA. AF_02/2026",pisos,v_8ef16f32e3aa1ae0,0,0.9611741943009563
sinapi_es,2026-05,99054,"ACABAMENTOS PARA FORRO (SANCA DE GESSO, MONTADA NA OBRA). AF_08/2023_PS",revestimentos_forros,v_081f4cd3cef51749,1,3.477865592476804
