fonte,competencia,codigo,descricao,classe,grupo_particao,cluster,pc1,pc2
sinapi_es,2026-05,100716,JATEAMENTO ABRASIVO COM GRANALHA DE AÇO EM PERFIL METÁLICO EM FÁBRICA. AF_01/2020,pintura,v_86a9d22ec1d41eb4,1,0.08111983917176457,-2.361598240850334
sinapi_es,2026-05,100717,LIXAMENTO MANUAL EM SUPERFÍCIES METÁLICAS EM OBRA. AF_01/2020,pintura,v_4c83cc4b48fe9743,1,-1.9265102237171638,2.3255074789371917
sinapi_es,2026-05,100719,PINTURA COM TINTA ALQUÍDICA DE FUNDO (TIPO ZARCÃO) PULVERIZADA SOBRE PERFIL METÁLICO EXECUTADO EM FÁBRICA (POR DEMÃO). AF_01/2020_PE,pintura,v_af0ea1cb6acc9fe0,1,-2.2636315646804603,-2.125483634137604
sinapi_es,2026-05,100720,PINTURA COM TINTA ALQUÍDICA DE FUNDO (TIPO ZARCÃO) APLICADA A ROLO OU PINCEL SOBRE PERFIL METÁLICO EXECUTADO EM FÁBRICA (POR DEMÃO). AF_01/2020,pintura,v_af0ea1cb6acc9fe0,1,-1.9407332358738116,0.5000436171044456
sinapi_es,2026-05,100721,PINTURA COM TINTA ALQUÍDICA DE FUNDO (TIPO ZARCÃO) PULVERIZADA SOBRE SUPERFÍCIES METÁLICAS (EXCETO PERFIL) EXECUTADO EM OBRA (POR DEMÃO). AF_01/2020_PE,pintura,v_af0ea1cb6acc9fe0,1,-1.8319653022117075,0.7478863951651792
sinapi_es,2026-05,100722,PINTURA COM TINTA ALQUÍDICA DE FUNDO (TIPO ZARCÃO) APLICADA A ROLO OU PINCEL SOBRE SUPERFÍCIES METÁLICAS (EXCETO PERFIL) EXECUTADO EM OBRA (POR DEMÃO). AF_01/2020,pintura,v_af0ea1cb6acc9fe0,1,-1.667298402280297,1.9059025449327411
sinapi_es,2026-05,100723,PINTURA COM TINTA ALQUÍDICA DE FUNDO E ACABAMENTO (ESMALTE SINTÉTICO GRAFITE) PULVERIZADA SOBRE PERFIL METÁLICO EXECUTADO EM FÁBRICA (POR DEMÃO). AF_01/2020_PE,pintura,v_f6a95d0670cb6769,1,-2.272187937649318,-2.204852579039169
sinapi_es,2026-05,100724,PINTURA COM TINTA ALQUÍDICA DE FUNDO E ACABAMENTO (ESMALTE SINTÉTICO GRAFITE) APLICADA A ROLO OU PINCEL SOBRE PERFIL METÁLICO EXECUTADO EM FÁBRICA (POR DEMÃO). AF_01/2020,pintura,v_f6a95d0670cb6769,1,-2.028696594383129,-0.3159047970533051
sinapi_es,2026-05,100725,PINTURA COM TINTA ALQUÍDICA DE FUNDO E ACABAMENTO (ESMALTE SINTÉTICO GRAFITE) PULVERIZADA SOBRE SUPERFÍCIES METÁLICAS (EXCETO PERFIL) EXECUTADO EM OBRA (POR DEMÃO). AF_01/2020_PE,pintura,v_f6a95d0670cb6769,1,-1.8360816319970494,0.7097033060082866
sinapi_es,2026-05,100726,PINTURA COM TINTA ALQUÍDICA DE FUNDO E ACABAMENTO (ESMALTE SINTÉTICO GRAFITE) APLICADA A ROLO OU PINCEL SOBRE SUPERFÍCIES METÁLICAS (EXCETO PERFIL) EXECUTADO EM OBRA (POR DEMÃO). AF_01/2020,pintura,v_f6a95d0670cb6769,1,-1.7241562880095105,1.3784886025899046
sinapi_es,2026-05,100727,PINTURA COM TINTA EPOXÍDICA DE FUNDO PULVERIZADA SOBRE PERFIL METÁLICO EXECUTADO EM FÁBRICA (POR DEMÃO). AF_01/2020_PE,pintura,v_c6ebaf06283f25ef,1,-2.3388824291599284,-2.8235109102280127
sinapi_es,2026-05,100728,PINTURA COM TINTA EPOXÍDICA DE FUNDO APLICADA A ROLO OU PINCEL SOBRE PERFIL METÁLICO EXECUTADO EM FÁBRICA (POR DEMÃO). AF_01/2020,pintura,v_c6ebaf06283f25ef,1,-2.1566750823349357,-1.5030336886760935
sinapi_es,2026-05,100729,PINTURA COM TINTA EPOXÍDICA DE ACABAMENTO PULVERIZADA SOBRE PERFIL METÁLICO EXECUTADO EM FÁBRICA (POR DEMÃO). AF_01/2020_PE,pintura,v_237f3923d6588a83,1,-2.321788811372513,-2.6649504532124553
sinapi_es,2026-05,100730,PINTURA COM TINTA EPOXÍDICA DE ACABAMENTO APLICADA A ROLO OU PINCEL SOBRE PERFIL METÁLICO EXECUTADO EM FÁBRICA (POR DEMÃO). AF_01/2020,pintura,v_237f3923d6588a83,1,-2.153215237571293,-1.470940156824115
sinapi_es,2026-05,100733,PINTURA COM TINTA ACRÍLICA DE FUNDO PULVERIZADA SOBRE SUPERFÍCIES METÁLICAS (EXCETO PERFIL) EXECUTADO EM OBRA (POR DEMÃO). AF_01/2020_PE,pintura,v_dc384fd97a4fbc12,1,-2.0364455489602604,1.2940266960041775
sinapi_es,2026-05,100734,PINTURA COM TINTA ACRÍLICA DE FUNDO APLICADA A ROLO OU PINCEL SOBRE SUPERFÍCIES METÁLICAS (EXCETO PERFIL) EXECUTADO EM OBRA (POR DEMÃO). AF_01/2020,pintura,v_dc384fd97a4fbc12,1,-1.9176964162112193,2.0258653069115087
sinapi_es,2026-05,100735,PINTURA COM TINTA ACRÍLICA DE ACABAMENTO PULVERIZADA SOBRE SUPERFÍCIES METÁLICAS (EXCETO PERFIL) EXECUTADO EM OBRA (POR DEMÃO). AF_01/2020_PE,pintura,v_668ee793060cfe21,1,-1.981570904344458,1.8030440870010396
sinapi_es,2026-05,100736,PINTURA COM TINTA ACRÍLICA DE ACABAMENTO APLICADA A ROLO OU PINCEL SOBRE SUPERFÍCIES METÁLICAS (EXCETO PERFIL) EXECUTADO EM OBRA (POR DEMÃO). AF_01/2020,pintura,v_668ee793060cfe21,1,-1.8779178650127746,2.3948512837762514
sinapi_es,2026-05,100739,PINTURA COM TINTA ALQUÍDICA DE ACABAMENTO (ESMALTE SINTÉTICO ACETINADO) PULVERIZADA SOBRE PERFIL METÁLICO EXECUTADO EM FÁBRICA (POR DEMÃO). AF_01/2020_PE,pintura,v_71c9f5e34a029aaf,1,-2.261616170939211,-2.1067888349059363
sinapi_es,2026-05,100740,PINTURA COM TINTA ALQUÍDICA DE ACABAMENTO (ESMALTE SINTÉTICO ACETINADO) APLICADA A ROLO OU PINCEL SOBRE PERFIL METÁLICO EXECUTADO EM FÁBRICA (POR DEMÃO). AF_01/2020,pintura,v_71c9f5e34a029aaf,1,-1.9593491867493618,0.32736199316060444
sinapi_es,2026-05,100741,PINTURA COM TINTA ALQUÍDICA DE ACABAMENTO (ESMALTE SINTÉTICO ACETINADO) PULVERIZADA SOBRE SUPERFÍCIES METÁLICAS (EXCETO PERFIL) EXECUTADO EM OBRA (POR DEMÃO). AF_01/2020_PE,pintura,v_71c9f5e34a029aaf,1,-1.8259621023246622,0.803572097834049
sinapi_es,2026-05,100742,PINTURA COM TINTA ALQUÍDICA DE ACABAMENTO (ESMALTE SINTÉTICO ACETINADO) APLICADA A ROLO OU PINCEL SOBRE SUPERFÍCIES METÁLICAS (EXCETO PERFIL) EXECUTADO EM OBRA (POR DEMÃO). AF_01/2020,pintura,v_71c9f5e34a029aaf,1,-1.677971803391522,1.8068960397473834
sinapi_es,2026-05,100743,PINTURA COM TINTA ALQUÍDICA DE ACABAMENTO (ESMALTE SINTÉTICO BRILHANTE) PULVERIZADA SOBRE PERFIL METÁLICO EXECUTADO EM FÁBRICA (POR DEMÃO). AF_01/2020_PE,pintura,v_01efd623610d396e,1,-2.258634654180383,-2.0791322752613532
sinapi_es,2026-05,100744,PINTURA COM TINTA ALQUÍDICA DE ACABAMENTO (ESMALTE SINTÉTICO BRILHANTE) APLICADA A ROLO OU PINCEL SOBRE PERFIL METÁLICO EXECUTADO EM FÁBRICA (POR DEMÃO). AF_01/2020,pintura,v_01efd623610d396e,1,-1.9543292101945144,0.37392731283973935
sinapi_es,2026-05,100745,PINTURA COM TINTA ALQUÍDICA DE ACABAMENTO (ESMALTE SINTÉTICO BRILHANTE) PULVERIZADA SOBRE SUPERFÍCIES METÁLICAS (EXCETO PERFIL) EXECUTADO EM OBRA (POR DEMÃO). AF_01/2020_PE,pintura,v_01efd623610d396e,1,-1.8216874645736125,0.8432236522218751
sinapi_es,2026-05,100746,PINTURA COM TINTA ALQUÍDICA DE ACABAMENTO (ESMALTE SINTÉTICO BRILHANTE) APLICADA A ROLO OU PINCEL SOBRE SUPERFÍCIES METÁLICAS (EXCETO PERFIL) EXECUTADO EM OBRA (POR DEMÃO). AF_01/2020,pintura,v_01efd623610d396e,1,-1.6748242160529536,1.836093070657201
sinapi_es,2026-05,100747,PINTURA COM TINTA ALQUÍDICA DE ACABAMENTO (ESMALTE SINTÉTICO FOSCO) PULVERIZADA SOBRE PERFIL METÁLICO EXECUTADO EM FÁBRICA (POR DEMÃO). AF_01/2020_PE,pintura,v_0d1e444b92a64fd4,1,-2.2598950507417266,-2.0908237180719276
sinapi_es,2026-05,100748,PINTURA COM TINTA ALQUÍDICA DE ACABAMENTO (ESMALTE SINTÉTICO FOSCO) APLICADA A ROLO OU PINCEL SOBRE PERFIL METÁLICO EXECUTADO EM FÁBRICA (POR DEMÃO). AF_01/2020,pintura,v_0d1e444b92a64fd4,1,-1.956439238802821,0.35435468025781575
sinapi_es,2026-05,100749,PINTURA COM TINTA ALQUÍDICA DE ACABAMENTO (ESMALTE SINTÉTICO FOSCO) PULVERIZADA SOBRE SUPERFÍCIES METÁLICAS (EXCETO PERFIL) EXECUTADO EM OBRA (POR DEMÃO). AF_01/2020_PE,pintura,v_0d1e444b92a64fd4,1,-1.8234810231004952,0.8265865971968109
sinapi_es,2026-05,100750,PINTURA COM TINTA ALQUÍDICA DE ACABAMENTO (ESMALTE SINTÉTICO FOSCO) APLICADA A ROLO OU PINCEL SOBRE SUPERFÍCIES METÁLICAS (EXCETO PERFIL) EXECUTADO EM OBRA (POR DEMÃO). AF_01/2020,pintura,v_0d1e444b92a64fd4,1,-1.676141862437052,1.8238705782950866
sinapi_es,2026-05,100751,PINTURA COM TINTA EPOXÍDICA DE ACABAMENTO PULVERIZADA SOBRE PERFIL METÁLICO EXECUTADO EM FÁBRICA (02 DEMÃOS). AF_01/2020_PE,pintura,v_237f3923d6588a83,1,-2.3042659990999597,-2.6574589890956055
sinapi_es,2026-05,100752,PINTURA COM TINTA EPOXÍDICA DE ACABAMENTO APLICADA A ROLO OU PINCEL SOBRE PERFIL METÁLICO EXECUTADO EM FÁBRICA (02 DEMÃOS). AF_01/2020,pintura,v_237f3923d6588a83,1,-2.093927874847375,-1.4457193302972229
sinapi_es,2026-05,100753,PINTURA COM TINTA ACRÍLICA DE ACABAMENTO PULVERIZADA SOBRE SUPERFÍCIES METÁLICAS (EXCETO PERFIL) EXECUTADO EM OBRA (02 DEMÃOS). AF_01/2020_PE,pintura,v_668ee793060cfe21,1,-1.8978682838158032,1.8384031656345179
sinapi_es,2026-05,100754,PINTURA COM TINTA ACRÍLICA DE ACABAMENTO APLICADA A ROLO OU PINCEL SOBRE SUPERFÍCIES METÁLICAS (EXCETO PERFIL) EXECUTADO EM OBRA (02 DEMÃOS). AF_01/2020,pintura,v_668ee793060cfe21,1,-1.752479418974351,2.447673272163351
sinapi_es,2026-05,100757,PINTURA COM TINTA ALQUÍDICA DE ACABAMENTO (ESMALTE SINTÉTICO ACETINADO) PULVERIZADA SOBRE SUPERFÍCIES METÁLICAS (EXCETO PERFIL) EXECUTADO EM OBRA (02 DEMÃOS). AF_01/2020_PE,pintura,v_71c9f5e34a029aaf,1,-1.6808019148659268,0.8645047673124715
sinapi_es,2026-05,100758,PINTURA COM TINTA ALQUÍDICA DE ACABAMENTO (ESMALTE SINTÉTICO ACETINADO) APLICADA A ROLO OU PINCEL SOBRE SUPERFÍCIES METÁLICAS (EXCETO PERFIL) EXECUTADO EM OBRA (02 DEMÃOS). AF_01/2020,pintura,v_71c9f5e34a029aaf,1,-1.4910727729324398,1.8850754356852362
sinapi_es,2026-05,100759,PINTURA COM TINTA ALQUÍDICA DE ACABAMENTO (ESMALTE SINTÉTICO BRILHANTE) PULVERIZADA SOBRE SUPERFÍCIES METÁLICAS (EXCETO PERFIL) EXECUTADO EM OBRA (02 DEMÃOS). AF_01/2020_PE,pintura,v_01efd623610d396e,1,-1.6765271509811632,0.9041574917170511
sinapi_es,2026-05,100760,PINTURA COM TINTA ALQUÍDICA DE ACABAMENTO (ESMALTE SINTÉTICO BRILHANTE) APLICADA A ROLO OU PINCEL SOBRE SUPERFÍCIES METÁLICAS (EXCETO PERFIL) EXECUTADO EM OBRA (02 DEMÃOS). AF_01/2020,pintura,v_01efd623610d396e,1,-1.487924751282435,1.9142764952694231
sinapi_es,2026-05,100761,PINTURA COM TINTA ALQUÍDICA DE ACABAMENTO (ESMALTE SINTÉTICO FOSCO) PULVERIZADA SOBRE SUPERFÍCIES METÁLICAS (EXCETO PERFIL) EXECUTADO EM OBRA (02 DEMÃOS). AF_01/2020_PE,pintura,v_0d1e444b92a64fd4,1,-1.6783207630604848,0.8875199399393829
sinapi_es,2026-05,100762,PINTURA COM TINTA ALQUÍDICA DE ACABAMENTO (ESMALTE SINTÉTICO FOSCO) APLICADA A ROLO OU PINCEL SOBRE SUPERFÍCIES METÁLICAS (EXCETO PERFIL) EXECUTADO EM OBRA (02 DEMÃOS). AF_01/2020,pintura,v_0d1e444b92a64fd4,1,-1.4892425804870417,1.9020523070636495
sinapi_es,2026-05,101725,"PISO EM LADRILHO HIDRÁULICO APLICADO EM AMBIENTES INTERNOS DE ÁREA MENOR QUE 5 M², INCLUSO APLICAÇÃO DE RESINA. AF_02/2026",pisos,v_6c8c73d2ea749832,1,0.6709287148477462,0.8328740549061493
sinapi_es,2026-05,101726,"PISO EM LADRILHO HIDRÁULICO APLICADO EM AMBIENTES INTERNOS DE ÁREA ENTRE 5 E 15 M², INCLUSO APLICAÇÃO DE RESINA. AF_02/2026",pisos,v_6c8c73d2ea749832,1,-0.19358216963677793,-0.46337226525679565
sinapi_es,2026-05,101727,"PISO VINÍLICO SEMI-FLEXÍVEL EM PLACAS, PADRÃO LISO, ESPESSURA 3,2 MM, FIXADO COM COLA. AF_02/2026",pisos,v_b5fd4dbd160ea990,1,-1.670607101033288,-3.221090561236002
sinapi_es,2026-05,101729,"PISO EM TACO DE MADEIRA 7X42CM, FIXADO COM COLA PU. AF_02/2026_PS",pisos,v_6668cccc2c19cdee,1,-1.4130207864020354,-2.6468240435101245
sinapi_es,2026-05,101731,PISO EM PEDRA SÃO TOMÉ ASSENTADO SOBRE ARGAMASSA 1:3 (CIMENTO E AREIA). AF_02/2026,pisos,v_9c69fc24df07e041,0,1.816391413879938,-2.295482424075172
sinapi_es,2026-05,101732,PISO EM PEDRA ARDÓSIA ASSENTADO SOBRE ARGAMASSA 1:3 (CIMENTO E AREIA). AF_02/2026,pisos,v_1b5b86bf89858a8f,0,1.6611820292904536,-1.4737237127004998
sinapi_es,2026-05,101733,"PISO DE BORRACHA PASTILHADO/FRISADO, ESPESSURA 7MM, ASSENTADO COM ARGAMASSA. AF_02/2026",pisos,v_888400de40318751,1,-1.3585197468130807,-2.4827451421456734
sinapi_es,2026-05,101734,"PISO DE BORRACHA PASTILHADO, ESPESSURA 15MM, ASSENTADO COM ARGAMASSA. AF_02/2026",pisos,v_330357891af16f79,1,-1.388328373040837,-2.7592500609088937
sinapi_es,2026-05,101735,"PISO DE BORRACHA ESPORTIVO, ESPESSURA 15MM, ASSENTADO COM ARGAMASSA. AF_02/2026",pisos,v_04ed0baac6ab0a23,1,-1.3897643428429463,-2.772570121700859
sinapi_es,2026-05,101736,"PISO DE BORRACHA PASTILHADO, ESPESSURA 3,5MM, FIXADO COM ADESIVO ACRÍLICO. AF_02/2026",pisos,v_510ada8b53cbacd4,1,-1.3962716662005419,-2.026998222069496
sinapi_es,2026-05,101737,"PISO DE BORRACHA CANELADO, ESPESSURA 3,5MM, FIXADO COM ADESIVO ACRÍLICO. AF_02/2026",pisos,v_f169610a59f76e28,1,-1.4157629503549014,-2.2077994404991346
sinapi_es,2026-05,101746,ASSOALHO DE MADEIRA. AF_02/2026_PS,pisos,v_21e66ea964589279,1,-1.2989846930261382,-3.004631897612583
sinapi_es,2026-05,101748,PREPARO DE CONTRAPISO COM POLITRIZ. AF_02/2026_PE,pisos,v_dc9e77e1358ef4e4,0,5.001745115393643,2.7728407948306466
sinapi_es,2026-05,101749,"PISO CIMENTADO, TRAÇO 1:5 (CIMENTO E AREIA), ACABAMENTO LISO, ESPESSURA 4,0 CM, PREPARO MECÂNICO DA ARGAMASSA. AF_02/2026",pisos,v_8ef16f32e3aa1ae0,0,1.752095193627468,-0.2827951792450511
sinapi_es,2026-05,101750,"PISO CIMENTADO, TRAÇO 1:5 (CIMENTO E AREIA), ACABAMENTO RUGOSO, ESPESSURA 4,0 CM, PREPARO MECÂNICO DA ARGAMASSA. AF_02/2026",pisos,v_8ef16f32e3aa1ae0,0,1.7326008867163918,-0.5228431123106165
sinapi_es,2026-05,101751,"PISO EM TACO DE MADEIRA 7X21CM, FIXADO COM COLA PU. AF_02/2026_PS",pisos,v_6668cccc2c19cdee,1,-1.3775136945600241,-2.566738404740211
sinapi_es,2026-05,102193,LIXAMENTO DE MADEIRA PARA APLICAÇÃO DE FUNDO OU PINTURA. AF_01/2021,pintura,v_3900c7a693ce613e,1,-2.0738785420147012,1.5555227774243183
sinapi_es,2026-05,102194,LIXAMENTO DE MASSA PARA MADEIRA. AF_01/2021,pintura,v_3900c7a693ce613e,1,-1.9133702513986677,2.540179854969687
sinapi_es,2026-05,102197,PINTURA FUNDO NIVELADOR ALQUÍDICO BRANCO EM MADEIRA. AF_01/2021,pintura,v_1697dd7f9d0493eb,1,-1.9156787041971377,-1.3258768932648202
sinapi_es,2026-05,102200,"APLICAÇÃO MASSA ALQUÍDICA PARA MADEIRA, PARA PINTURA COM TINTA DE ACABAMENTO (PIGMENTADA). AF_01/2021",pintura,v_728ff95b73eb03a8,1,-1.9533491128731293,0.010654039612206932
sinapi_es,2026-05,102201,"APLICAÇÃO MASSA ACRÍLICA PARA MADEIRA, PARA PINTURA COM TINTA DE ACABAMENTO (PIGMENTADA). AF_01/2021",pintura,v_728ff95b73eb03a8,1,-1.8149966025083664,1.087685751290998
sinapi_es,2026-05,102202,"APLICAÇÃO MASSA EPÓXI PARA MADEIRA, PARA PINTURA COM TINTA PU DE ACABAMENTO (PIGMENTADA). AF_01/2021",pintura,v_eb9403a2e10f2765,1,-2.159694799345969,-1.903409253320988
sinapi_es,2026-05,102203,"PINTURA VERNIZ (INCOLOR) ALQUÍDICO EM MADEIRA, USO INTERNO E EXTERNO, 1 DEMÃO. AF_01/2021",pintura,v_2bad7d8d26809fca,1,-1.8603650114747177,1.1942630964071075
sinapi_es,2026-05,102204,"PINTURA VERNIZ (INCOLOR) ALQUÍDICO EM MADEIRA, USO INTERNO, 1 DEMÃO. AF_01/2021",pintura,v_230ff573f6ae9d5e,1,-1.872513889104921,1.0815700659890983
sinapi_es,2026-05,102205,"PINTURA VERNIZ (INCOLOR) POLIURETÂNICO (RESINA ALQUÍDICA MODIFICADA) EM MADEIRA, 1 DEMÃO. AF_01/2021",pintura,v_f9eac28ece61b607,1,-1.8316242787395032,1.4608622314838544
sinapi_es,2026-05,102207,"PINTURA TINTA DE ACABAMENTO (PIGMENTADA) A ÓLEO EM MADEIRA, 1 DEMÃO. AF_01/2021",pintura,v_1cfcf28b753f8e72,1,-1.9028891724670687,0.9111519711890742
sinapi_es,2026-05,102208,"PINTURA TINTA DE ACABAMENTO (PIGMENTADA) ESMALTE SINTÉTICO FOSCO EM MADEIRA, 1 DEMÃO. AF_01/2021",pintura,v_0d1e444b92a64fd4,1,-1.8831931072578492,1.093852739383462
sinapi_es,2026-05,102209,"PINTURA TINTA DE ACABAMENTO (PIGMENTADA) ESMALTE SINTÉTICO ACETINADO EM MADEIRA, 1 DEMÃO. AF_01/2021",pintura,v_71c9f5e34a029aaf,1,-1.8964544309982245,0.9708406550455764
sinapi_es,2026-05,102210,"PINTURA TINTA DE ACABAMENTO (PIGMENTADA) ESMALTE SINTÉTICO BRILHANTE EM MADEIRA, 1 DEMÃO. AF_01/2021",pintura,v_01efd623610d396e,1,-1.8760421992572078,1.1601845864364966
sinapi_es,2026-05,102213,"PINTURA VERNIZ (INCOLOR) ALQUÍDICO EM MADEIRA, USO INTERNO E EXTERNO, 2 DEMÃOS. AF_01/2021",pintura,v_2bad7d8d26809fca,1,-1.7953610146349517,1.2212349956385005
sinapi_es,2026-05,102214,"PINTURA VERNIZ (INCOLOR) ALQUÍDICO EM MADEIRA, USO INTERNO, 2 DEMÃOS. AF_01/2021",pintura,v_230ff573f6ae9d5e,1,-1.8074679229350101,1.1089312728703498
sinapi_es,2026-05,102215,"PINTURA VERNIZ (INCOLOR) POLIURETÂNICO (RESINA ALQUÍDICA MODIFICADA) EM MADEIRA, 2 DEMÃOS. AF_01/2021",pintura,v_f9eac28ece61b607,1,-1.7666254157551138,1.4877865090552316
sinapi_es,2026-05,102217,"PINTURA TINTA DE ACABAMENTO (PIGMENTADA) A ÓLEO EM MADEIRA, 2 DEMÃOS. AF_01/2021",pintura,v_1cfcf28b753f8e72,1,-1.850528777656517,0.9324290858119918
sinapi_es,2026-05,102218,"PINTURA TINTA DE ACABAMENTO (PIGMENTADA) ESMALTE SINTÉTICO FOSCO EM MADEIRA, 2 DEMÃOS. AF_01/2021",pintura,v_0d1e444b92a64fd4,1,-1.8305802296734952,1.1174718850790593
sinapi_es,2026-05,102219,"PINTURA TINTA DE ACABAMENTO (PIGMENTADA) ESMALTE SINTÉTICO ACETINADO EM MADEIRA, 2 DEMÃOS. AF_01/2021",pintura,v_71c9f5e34a029aaf,1,-1.8439491262178944,0.9934619550434038
sinapi_es,2026-05,102220,"PINTURA TINTA DE ACABAMENTO (PIGMENTADA) ESMALTE SINTÉTICO BRILHANTE EM MADEIRA, 2 DEMÃOS. AF_01/2021",pintura,v_01efd623610d396e,1,-1.823685886098428,1.1814238396436274
sinapi_es,2026-05,102223,"PINTURA VERNIZ (INCOLOR) ALQUÍDICO EM MADEIRA, USO INTERNO E EXTERNO, 3 DEMÃOS. AF_01/2021",pintura,v_2bad7d8d26809fca,1,-1.730347758057424,1.2485369617761248
sinapi_es,2026-05,102224,"PINTURA VERNIZ (INCOLOR) ALQUÍDICO EM MADEIRA, USO INTERNO, 3 DEMÃOS. AF_01/2021",pintura,v_230ff573f6ae9d5e,1,-1.742453828102465,1.1362410146643755
sinapi_es,2026-05,102225,"PINTURA VERNIZ (INCOLOR) POLIURETÂNICO (RESINA ALQUÍDICA MODIFICADA) EM MADEIRA, 3 DEMÃOS. AF_01/2021",pintura,v_f9eac28ece61b607,1,-1.7016084852696656,1.51512255437528
sinapi_es,2026-05,102227,"PINTURA TINTA DE ACABAMENTO (PIGMENTADA) A ÓLEO EM MADEIRA, 3 DEMÃOS. AF_01/2021",pintura,v_1cfcf28b753f8e72,1,-1.7980281859728133,0.9547624935623076
sinapi_es,2026-05,102228,"PINTURA TINTA DE ACABAMENTO (PIGMENTADA) ESMALTE SINTÉTICO FOSCO EM MADEIRA, 3 DEMÃOS. AF_01/2021",pintura,v_0d1e444b92a64fd4,1,-1.7783684811577758,1.137125982615992
sinapi_es,2026-05,102229,"PINTURA TINTA DE ACABAMENTO (PIGMENTADA) ESMALTE SINTÉTICO ACETINADO EM MADEIRA, 3 DEMÃOS. AF_01/2021",pintura,v_71c9f5e34a029aaf,1,-1.7914968445900534,1.015347238550428
sinapi_es,2026-05,102230,"PINTURA TINTA DE ACABAMENTO (PIGMENTADA) ESMALTE SINTÉTICO BRILHANTE EM MADEIRA, 3 DEMÃOS. AF_01/2021",pintura,v_01efd623610d396e,1,-1.7711839337571578,1.2037698688581753
sinapi_es,2026-05,102233,"PINTURA IMUNIZANTE PARA MADEIRA, 1 DEMÃO. AF_01/2021",pintura,v_7c3fa003bbf3a33a,1,-2.048579503379437,1.3692415510639608
sinapi_es,2026-05,102234,"PINTURA IMUNIZANTE PARA MADEIRA, 2 DEMÃOS. AF_01/2021",pintura,v_7c3fa003bbf3a33a,1,-1.9861419683675956,1.395603428583017
sinapi_es,2026-05,102488,PREPARO DO PISO CIMENTADO PARA PINTURA - LIXAMENTO E LIMPEZA. AF_05/2021,pintura,v_dc9e77e1358ef4e4,0,2.3443396471089044,2.6325356696218254
sinapi_es,2026-05,102489,"PINTURA HIDROFUGANTE COM SILICONE, APLICAÇÃO MANUAL, 2 DEMÃOS. AF_05/2021",pintura,v_ba84ea1981eed032,1,-1.2121061109443536,0.25087339980803564
sinapi_es,2026-05,102491,"PINTURA DE PISO COM TINTA ACRÍLICA, APLICAÇÃO MANUAL, 2 DEMÃOS, INCLUSO FUNDO PREPARADOR. AF_05/2021",pintura,v_d404d703853078da,1,-1.058009143718674,0.07592360149077683
sinapi_es,2026-05,102492,"PINTURA DE PISO COM TINTA ACRÍLICA, APLICAÇÃO MANUAL, 3 DEMÃOS, INCLUSO FUNDO PREPARADOR. AF_05/2021",pintura,v_d404d703853078da,1,-1.0070244306588834,0.2381842152377779
sinapi_es,2026-05,102494,"PINTURA DE PISO COM TINTA EPÓXI, APLICAÇÃO MANUAL, 2 DEMÃOS, INCLUSO PRIMER EPÓXI. AF_05/2021",pintura,v_194ea1ceaeaf84c0,1,-1.1133445496048116,-2.3352722240074817
sinapi_es,2026-05,102499,ENCERAMENTO DE PISO EM MADEIRA. AF_05/2021,pintura,v_10a8ed2881ec5b27,1,-2.2437283580944025,-0.05991301482895365
sinapi_es,2026-05,102520,"PINTURA DE SINALIZAÇÃO VERTICAL DE SEGURANÇA, FAIXAS AMARELA E PRETA, APLICAÇÃO MANUAL, 2 DEMÃOS. AF_05/2021",pintura,v_41db957c5f9e44e4,1,-0.11001667249412353,1.9518152855710658
sinapi_es,2026-05,102803,REFORÇO SUPERFICIAL PARA CONTRAPISOS DE ARGAMASSA SEMI-SECA. AF_07/2021,pisos,v_44b79a0c1770e6c0,1,-1.3338661877850613,2.0752763617029437
sinapi_es,2026-05,104162,"PISO EM GRANILITE, MARMORITE OU GRANITINA EM AMBIENTES INTERNOS, COM ESPESSURA DE 8 MM, INCLUSO MISTURA EM BETONEIRA, COLOCAÇÃO DAS JUNTAS, APLICAÇÃO DO PISO, 4 POLIMENTOS COM POLITRIZ, ESTUCAMENTO, SELADOR E CERA. AF_02/2026_PE",pisos,v_f312017f958c63d1,0,3.037813404443651,-0.20423353736209557
sinapi_es,2026-05,104203,"EMBOÇO OU MASSA ÚNICA EM ARGAMASSA TRAÇO 1:2:8, PREPARO MECÂNICA COM BETONEIRA 400 L, APLICADA COM PROJETOR TIPO CANEQUINHA EM PANOS DE FACHADA COM PRESENÇA DE VÃOS, ESPESSURA DE 25 MM, ACESSO POR BALANCIM MANUAL. AF_08/2022",revestimentos_forros,v_9582ed549810eefb,2,4.829278184263366,0.3322499919701627
sinapi_es,2026-05,104204,"EMBOÇO OU MASSA ÚNICA EM ARGAMASSA TRAÇO 1:2:8, PREPARO MECÂNICA COM BETONEIRA 400 L, APLICADA COM PROJETOR TIPO CANEQUINHA EM PANOS DE FACHADA COM PRESENÇA DE VÃOS, ESPESSURA DE 35 MM, ACESSO POR BALANCIM MANUAL. AF_08/2022",revestimentos_forros,v_9582ed549810eefb,2,4.945629732160195,0.3645706427161532
sinapi_es,2026-05,104205,"EMBOÇO OU MASSA ÚNICA EM ARGAMASSA TRAÇO 1:2:8, PREPARO MECÂNICA COM BETONEIRA 400 L, APLICADA COM PROJETOR TIPO CANEQUINHA EM PANOS DE FACHADA COM PRESENÇA DE VÃOS, ESPESSURA DE 45 MM, ACESSO POR BALANCIM MANUAL. AF_08/2022",revestimentos_forros,v_9582ed549810eefb,2,4.89221057825301,0.14769676766104833
sinapi_es,2026-05,104206,"EMBOÇO OU MASSA ÚNICA EM ARGAMASSA TRAÇO 1:2:8, PREPARO MECÂNICA COM BETONEIRA 400 L, APLICADA COM PROJETOR TIPO CANEQUINHA EM PANOS DE FACHADA COM PRESENÇA DE VÃOS, ESPESSURA DE 50 MM, ACESSO POR BALANCIM MANUAL. AF_08/2022",revestimentos_forros,v_9582ed549810eefb,2,4.95776731732083,0.1910632293463095
sinapi_es,2026-05,104207,"EMBOÇO OU MASSA ÚNICA EM ARGAMASSA TRAÇO 1:2:8, PREPARO MECÂNICA COM BETONEIRA 400 L, APLICADA COM PROJETOR TIPO CANEQUINHA EM PANOS DE FACHADA SEM PRESENÇA DE VÃOS, ESPESSURA DE 25 MM, ACESSO POR BALANCIM MANUAL. AF_08/2022",revestimentos_forros,v_9582ed549810eefb,2,4.517352389925074,-0.24912483021223306
sinapi_es,2026-05,104208,"EMBOÇO OU MASSA ÚNICA EM ARGAMASSA TRAÇO 1:2:8, PREPARO MECÂNICA COM BETONEIRA 400 L, APLICADA COM PROJETOR TIPO CANEQUINHA EM PANOS DE FACHADA SEM PRESENÇA DE VÃOS, ESPESSURA DE 35 MM, ACESSO POR BALANCIM MANUAL. AF_08/2022",revestimentos_forros,v_9582ed549810eefb,2,4.690984402825767,-0.057202714023396606
sinapi_es,2026-05,104209,"EMBOÇO OU MASSA ÚNICA EM ARGAMASSA TRAÇO 1:2:8, PREPARO MECÂNICA COM BETONEIRA 400 L, APLICADA COM PROJETOR TIPO CANEQUINHA EM PANOS DE FACHADA SEM PRESENÇA DE VÃOS, ESPESSURA DE 45 MM, ACESSO POR BALANCIM MANUAL. AF_08/2022",revestimentos_forros,v_9582ed549810eefb,2,4.638189117943961,-0.2810028442047525
sinapi_es,2026-05,104210,"EMBOÇO OU MASSA ÚNICA EM ARGAMASSA TRAÇO 1:2:8, PREPARO MECÂNICA COM BETONEIRA 400 L, APLICADA COM PROJETOR TIPO CANEQUINHA EM PANOS DE FACHADA SEM PRESENÇA DE VÃOS, ESPESSURA DE 50 MM, ACESSO POR BALANCIM MANUAL. AF_08/2022",revestimentos_forros,v_9582ed549810eefb,2,4.5987646522778505,-0.41041298713980456
sinapi_es,2026-05,104211,"EMBOÇO OU MASSA ÚNICA EM ARGAMASSA TRAÇO 1:2:8, PREPARO MECÂNICA COM BETONEIRA 400 L, APLICADA COM PROJETOR TIPO CANEQUINHA EM SUPERFÍCIES EXTERNAS DA SACADA, ESPESSURA DE 25 MM, ACESSO POR BALANCIM MANUAL, SEM USO DE TELA METÁLICA. AF_08/2022",revestimentos_forros,v_e7f653da0d60530c,2,5.156916727433795,1.1831176741435039
sinapi_es,2026-05,104212,"EMBOÇO OU MASSA ÚNICA EM ARGAMASSA TRAÇO 1:2:8, PREPARO MECÂNICA COM BETONEIRA 400 L, APLICADA COM PROJETOR TIPO CANEQUINHA EM SUPERFÍCIES EXTERNAS DA SACADA, ESPESSURA DE 35 MM, ACESSO POR BALANCIM MANUAL, SEM USO DE TELA METÁLICA. AF_08/2022",revestimentos_forros,v_e7f653da0d60530c,2,5.232938590740102,1.1136981131839183
sinapi_es,2026-05,104213,"EMBOÇO OU MASSA ÚNICA EM ARGAMASSA TRAÇO 1:2:8, PREPARO MECÂNICA COM BETONEIRA 400 L, APLICADA COM PROJETOR TIPO CANEQUINHA EM SUPERFÍCIES EXTERNAS DA SACADA, ESPESSURA DE 45 MM, ACESSO POR BALANCIM MANUAL, SEM USO DE TELA METÁLICA. AF_08/2022",revestimentos_forros,v_e7f653da0d60530c,2,5.186996997409768,0.9260861509711271
sinapi_es,2026-05,104214,"EMBOÇO OU MASSA ÚNICA EM ARGAMASSA TRAÇO 1:2:8, PREPARO MECÂNICA COM BETONEIRA 400 L, APLICADA COM PROJETOR TIPO CANEQUINHA EM SUPERFÍCIES EXTERNAS DA SACADA, ESPESSURA DE 50 MM, ACESSO POR BALANCIM MANUAL, SEM USO DE TELA METÁLICA. AF_08/2022",revestimentos_forros,v_e7f653da0d60530c,2,5.390071944172487,1.0952728482239604
sinapi_es,2026-05,104215,"EMBOÇO OU MASSA ÚNICA EM ARGAMASSA TRAÇO 1:2:8, PREPARO MECÂNICA COM BETONEIRA 400 L, APLICADA COM PROJETOR TIPO CANEQUINHA EM SUPERFÍCIES INTERNAS DA SACADA, ESPESSURA DE 25 MM, SEM USO DE TELA METÁLICA. AF_08/2022",revestimentos_forros,v_e7f653da0d60530c,2,4.966199321782088,0.8729128436230508
sinapi_es,2026-05,104216,"EMBOÇO OU MASSA ÚNICA EM ARGAMASSA TRAÇO 1:2:8, PREPARO MECÂNICA COM BETONEIRA 400 L, APLICADA COM PROJETOR TIPO CANEQUINHA EM SUPERFÍCIES INTERNAS DA SACADA, ESPESSURA DE 35 MM, SEM USO DE TELA METÁLICA. AF_08/2022",revestimentos_forros,v_e7f653da0d60530c,2,5.022014314291875,0.7780136714734968
sinapi_es,2026-05,104217,"EMBOÇO OU MASSA ÚNICA EM ARGAMASSA TRAÇO 1:2:8, PREPARO MECÂNICA COM BETONEIRA 400 L, APLICADA MANUALMENTE EM PANOS DE FACHADA COM PRESENÇA DE VÃOS, ESPESSURA DE 25 MM, ACESSO POR ANDAIME. AF_08/2022",revestimentos_forros,v_0dda16f0d0457dc9,0,1.974053516730434,0.6183943911967396
sinapi_es,2026-05,104218,"EMBOÇO OU MASSA ÚNICA EM ARGAMASSA TRAÇO 1:2:8, PREPARO MANUAL, APLICADA MANUALMENTE EM PANOS DE FACHADA COM PRESENÇA DE VÃOS, ESPESSURA DE 25 MM, ACESSO POR ANDAIME. AF_08/2022",revestimentos_forros,v_2ec0264e935bd491,1,-0.42177959320360436,1.2237097852247396
sinapi_es,2026-05,104219,"EMBOÇO OU MASSA ÚNICA EM ARGAMASSA INDUSTRIALIZADA, PREPARO MECÂNICA E APLICAÇÃO COM EQUIPAMENTO DE MISTURA E PROJEÇÃO DE 1,5 M3/H DE ARGAMASSA EM PANOS DE FACHADA COM PRESENÇA DE VÃOS, ESPESSURA DE 25 MM, ACESSO POR ANDAIME. AF_08/2022",revestimentos_forros,v_738f1c14af134ee4,0,1.412723529222682,-0.9067558386290868
sinapi_es,2026-05,104220,"EMBOÇO OU MASSA ÚNICA EM ARGAMASSA TRAÇO 1:2:8, PREPARO MECÂNICA COM BETONEIRA 400 L, APLICADA COM PROJETOR TIPO CANEQUINHA EM PANOS DE FACHADA COM PRESENÇA DE VÃOS, ESPESSURA DE 25 MM, ACESSO POR ANDAIME. AF_08/2022",revestimentos_forros,v_9582ed549810eefb,2,4.746435998117677,0.1874186619560492
sinapi_es,2026-05,104221,"EMBOÇO OU MASSA ÚNICA EM ARGAMASSA TRAÇO 1:2:8, PREPARO MECÂNICA COM BETONEIRA 400 L, APLICADA MANUALMENTE EM PANOS DE FACHADA COM PRESENÇA DE VÃOS, ESPESSURA DE 35 MM, ACESSO POR ANDAIME. AF_08/2022",revestimentos_forros,v_0dda16f0d0457dc9,0,2.0880298371398562,0.6527132801948202
sinapi_es,2026-05,104222,"EMBOÇO OU MASSA ÚNICA EM ARGAMASSA TRAÇO 1:2:8, PREPARO MANUAL, APLICADA MANUALMENTE EM PANOS DE FACHADA COM PRESENÇA DE VÃOS, ESPESSURA DE 35 MM, ACESSO POR ANDAIME. AF_08/2022",revestimentos_forros,v_2ec0264e935bd491,1,-0.29606770699921964,1.2723384903563693
sinapi_es,2026-05,104223,"EMBOÇO OU MASSA ÚNICA EM ARGAMASSA INDUSTRIALIZADA, PREPARO MECÂNICA E APLICAÇÃO COM EQUIPAMENTO DE MISTURA E PROJEÇÃO DE 1,5 M3/H DE ARGAMASSA EM PANOS DE FACHADA COM PRESENÇA DE VÃOS, ESPESSURA DE 35 MM, ACESSO POR ANDAIME. AF_08/2022",revestimentos_forros,v_738f1c14af134ee4,0,1.5119780079807252,-0.9094181559495707
sinapi_es,2026-05,104224,"EMBOÇO OU MASSA ÚNICA EM ARGAMASSA TRAÇO 1:2:8, PREPARO MECÂNICA COM BETONEIRA 400 L, APLICADA COM PROJETOR TIPO CANEQUINHA EM PANOS DE FACHADA COM PRESENÇA DE VÃOS, ESPESSURA DE 35 MM, ACESSO POR ANDAIME. AF_08/2022",revestimentos_forros,v_9582ed549810eefb,2,4.8514118547985055,0.2130149853658542
sinapi_es,2026-05,104225,"EMBOÇO OU MASSA ÚNICA EM ARGAMASSA TRAÇO 1:2:8, PREPARO MECÂNICA COM BETONEIRA 400 L, APLICADA MANUALMENTE EM PANOS DE FACHADA COM PRESENÇA DE VÃOS, ESPESSURA DE 45 MM, ACESSO POR ANDAIME. AF_08/2022",revestimentos_forros,v_0dda16f0d0457dc9,0,2.110804353515043,0.4250039082399787
sinapi_es,2026-05,104226,"EMBOÇO OU MASSA ÚNICA EM ARGAMASSA TRAÇO 1:2:8, PREPARO MANUAL, APLICADA MANUALMENTE EM PANOS DE FACHADA COM PRESENÇA DE VÃOS, ESPESSURA DE 45 MM, ACESSO POR ANDAIME. AF_08/2022",revestimentos_forros,v_2ec0264e935bd491,1,-0.28393084538602964,1.0930746718539088
sinapi_es,2026-05,104227,"EMBOÇO OU MASSA ÚNICA EM ARGAMASSA INDUSTRIALIZADA, PREPARO MECÂNICA E APLICAÇÃO COM EQUIPAMENTO DE MISTURA E PROJEÇÃO DE 1,5 M3/H DE ARGAMASSA EM PANOS DE FACHADA COM PRESENÇA DE VÃOS, ESPESSURA DE 45 MM, ACESSO POR ANDAIME. AF_08/2022",revestimentos_forros,v_738f1c14af134ee4,0,1.5183355378587224,-1.1857650912356819
sinapi_es,2026-05,104228,"EMBOÇO OU MASSA ÚNICA EM ARGAMASSA TRAÇO 1:2:8, PREPARO MECÂNICA COM BETONEIRA 400 L, APLICADA COM PROJETOR TIPO CANEQUINHA EM PANOS DE FACHADA COM PRESENÇA DE VÃOS, ESPESSURA DE 45 MM, ACESSO POR ANDAIME. AF_08/2022",revestimentos_forros,v_9582ed549810eefb,2,4.796843851848849,-0.00902218664895001
sinapi_es,2026-05,104229,"EMBOÇO OU MASSA ÚNICA EM ARGAMASSA TRAÇO 1:2:8, PREPARO MECÂNICA COM BETONEIRA 400 L, APLICADA MANUALMENTE EM PANOS DE FACHADA COM PRESENÇA DE VÃOS, ESPESSURA DE 50 MM, ACESSO POR ANDAIME. AF_08/2022",revestimentos_forros,v_0dda16f0d0457dc9,0,2.222359096086902,0.6291640490691877
sinapi_es,2026-05,104230,"EMBOÇO OU MASSA ÚNICA EM ARGAMASSA TRAÇO 1:2:8, PREPARO MANUAL, APLICADA MANUALMENTE EM PANOS DE FACHADA COM PRESENÇA DE VÃOS, ESPESSURA DE 50 MM, ACESSO POR ANDAIME. AF_08/2022",revestimentos_forros,v_2ec0264e935bd491,1,-0.14679750580783615,1.2769881619318524
sinapi_es,2026-05,104231,"EMBOÇO OU MASSA ÚNICA EM ARGAMASSA INDUSTRIALIZADA, PREPARO MECÂNICA E APLICAÇÃO COM EQUIPAMENTO DE MISTURA E PROJEÇÃO DE 1,5 M3/H DE ARGAMASSA EM PANOS DE FACHADA COM PRESENÇA DE VÃOS, ESPESSURA DE 50 MM, ACESSO POR ANDAIME. AF_08/2022",revestimentos_forros,v_738f1c14af134ee4,0,1.5702136005436662,-1.1448243885805565
sinapi_es,2026-05,104232,"EMBOÇO OU MASSA ÚNICA EM ARGAMASSA TRAÇO 1:2:8, PREPARO MECÂNICA COM BETONEIRA 400 L, APLICADA COM PROJETOR TIPO CANEQUINHA EM PANOS DE FACHADA COM PRESENÇA DE VÃOS, ESPESSURA DE 50 MM, ACESSO POR ANDAIME. AF_08/2022",revestimentos_forros,v_9582ed549810eefb,2,4.858394150436968,0.034558803583407884
sinapi_es,2026-05,104233,"EMBOÇO OU MASSA ÚNICA EM ARGAMASSA TRAÇO 1:2:8, PREPARO MECÂNICA COM BETONEIRA 400 L, APLICADA MANUALMENTE EM PANOS DE FACHADA SEM PRESENÇA DE VÃOS, ESPESSURA DE 25 MM, ACESSO POR ANDAIME. AF_08/2022",revestimentos_forros,v_0dda16f0d0457dc9,0,1.8395289357919602,0.010279385942288178
sinapi_es,2026-05,104234,"EMBOÇO OU MASSA ÚNICA EM ARGAMASSA TRAÇO 1:2:8, PREPARO MANUAL, APLICADA MANUALMENTE EM PANOS DE FACHADA SEM PRESENÇA DE VÃOS, ESPESSURA DE 25 MM, ACESSO POR ANDAIME. AF_08/2022",revestimentos_forros,v_2ec0264e935bd491,1,-0.6107557771406522,0.6976863302656042
sinapi_es,2026-05,104235,"EMBOÇO OU MASSA ÚNICA EM ARGAMASSA INDUSTRIALIZADA, PREPARO MECÂNICA E APLICAÇÃO COM EQUIPAMENTO DE MISTURA E PROJEÇÃO DE 1,5 M3/H DE ARGAMASSA EM PANOS DE FACHADA SEM PRESENÇA DE VÃOS, ESPESSURA DE 25 MM, ACESSO POR ANDAIME. AF_08/2022",revestimentos_forros,v_738f1c14af134ee4,0,1.269025065445226,-1.5288262327740436
sinapi_es,2026-05,104236,"EMBOÇO OU MASSA ÚNICA EM ARGAMASSA TRAÇO 1:2:8, PREPARO MECÂNICA COM BETONEIRA 400 L, APLICADA COM PROJETOR TIPO CANEQUINHA EM PANOS DE FACHADA SEM PRESENÇA DE VÃOS, ESPESSURA DE 25 MM, ACESSO POR ANDAIME. AF_08/2022",revestimentos_forros,v_9582ed549810eefb,2,4.445380663674957,-0.4007729808572313
sinapi_es,2026-05,104237,"EMBOÇO OU MASSA ÚNICA EM ARGAMASSA TRAÇO 1:2:8, PREPARO MECÂNICA COM BETONEIRA 400 L, APLICADA MANUALMENTE EM PANOS DE FACHADA SEM PRESENÇA DE VÃOS, ESPESSURA DE 35 MM, ACESSO POR ANDAIME. AF_08/2022",revestimentos_forros,v_0dda16f0d0457dc9,0,1.9542327333645135,0.21827766876776747
sinapi_es,2026-05,104238,"EMBOÇO OU MASSA ÚNICA EM ARGAMASSA TRAÇO 1:2:8, PREPARO MANUAL, APLICADA MANUALMENTE EM PANOS DE FACHADA SEM PRESENÇA DE VÃOS, ESPESSURA DE 35 MM, ACESSO POR ANDAIME. AF_08/2022",revestimentos_forros,v_2ec0264e935bd491,1,-0.4707746416572098,0.8928548663798453
sinapi_es,2026-05,104239,"EMBOÇO OU MASSA ÚNICA EM ARGAMASSA INDUSTRIALIZADA, PREPARO MECÂNICA E APLICAÇÃO COM EQUIPAMENTO DE MISTURA E PROJEÇÃO DE 1,5 M3/H DE ARGAMASSA EM PANOS DE FACHADA SEM PRESENÇA DE VÃOS, ESPESSURA DE 35 MM, ACESSO POR ANDAIME. AF_08/2022",revestimentos_forros,v_738f1c14af134ee4,0,1.3744040517559888,-1.3589116080672434
sinapi_es,2026-05,104240,"EMBOÇO OU MASSA ÚNICA EM ARGAMASSA TRAÇO 1:2:8, PREPARO MECÂNICA COM BETONEIRA 400 L, APLICADA COM PROJETOR TIPO CANEQUINHA EM PANOS DE FACHADA SEM PRESENÇA DE VÃOS, ESPESSURA DE 35 MM, ACESSO POR ANDAIME. AF_08/2022",revestimentos_forros,v_9582ed549810eefb,2,4.611114476607789,-0.2086369528236372
sinapi_es,2026-05,104241,"EMBOÇO OU MASSA ÚNICA EM ARGAMASSA TRAÇO 1:2:8, PREPARO MECÂNICA COM BETONEIRA 400 L, APLICADA MANUALMENTE EM PANOS DE FACHADA SEM PRESENÇA DE VÃOS, ESPESSURA DE 45 MM, ACESSO POR ANDAIME. AF_08/2022",revestimentos_forros,v_0dda16f0d0457dc9,0,1.9776380059508376,-0.013086744018075025
sinapi_es,2026-05,104242,"EMBOÇO OU MASSA ÚNICA EM ARGAMASSA TRAÇO 1:2:8, PREPARO MANUAL, APLICADA MANUALMENTE EM PANOS DE FACHADA SEM PRESENÇA DE VÃOS, ESPESSURA DE 45 MM, ACESSO POR ANDAIME. AF_08/2022",revestimentos_forros,v_2ec0264e935bd491,1,-0.46031970512708087,0.7170821940133039
sinapi_es,2026-05,104243,"EMBOÇO OU MASSA ÚNICA EM ARGAMASSA INDUSTRIALIZADA, PREPARO MECÂNICA E APLICAÇÃO COM EQUIPAMENTO DE MISTURA E PROJEÇÃO DE 1,5 M3/H DE ARGAMASSA EM PANOS DE FACHADA SEM PRESENÇA DE VÃOS, ESPESSURA DE 45 MM, ACESSO POR ANDAIME. AF_08/2022",revestimentos_forros,v_738f1c14af134ee4,0,1.3813661216082878,-1.6051103611966744
sinapi_es,2026-05,104244,"EMBOÇO OU MASSA ÚNICA EM ARGAMASSA TRAÇO 1:2:8, PREPARO MECÂNICA COM BETONEIRA 400 L, APLICADA COM PROJETOR TIPO CANEQUINHA EM PANOS DE FACHADA SEM PRESENÇA DE VÃOS, ESPESSURA DE 45 MM, ACESSO POR ANDAIME. AF_08/2022",revestimentos_forros,v_9582ed549810eefb,2,4.558806019650145,-0.4329936522570158
sinapi_es,2026-05,104245,"EMBOÇO OU MASSA ÚNICA EM ARGAMASSA TRAÇO 1:2:8, PREPARO MECÂNICA COM BETONEIRA 400 L, APLICADA MANUALMENTE EM PANOS DE FACHADA SEM PRESENÇA DE VÃOS, ESPESSURA DE 50 MM, ACESSO POR ANDAIME. AF_08/2022",revestimentos_forros,v_0dda16f0d0457dc9,0,2.013155535763002,0.001623361407693432
sinapi_es,2026-05,104246,"EMBOÇO OU MASSA ÚNICA EM ARGAMASSA TRAÇO 1:2:8, PREPARO MANUAL, APLICADA MANUALMENTE EM PANOS DE FACHADA SEM PRESENÇA DE VÃOS, ESPESSURA DE 50 MM, ACESSO POR ANDAIME. AF_08/2022",revestimentos_forros,v_2ec0264e935bd491,1,-0.4179808781048983,0.7375467220278363
sinapi_es,2026-05,104247,"EMBOÇO OU MASSA ÚNICA EM ARGAMASSA INDUSTRIALIZADA, PREPARO MECÂNICA E APLICAÇÃO COM EQUIPAMENTO DE MISTURA E PROJEÇÃO DE 1,5 M3/H DE ARGAMASSA EM PANOS DE FACHADA SEM PRESENÇA DE VÃOS, ESPESSURA DE 50 MM, ACESSO POR ANDAIME. AF_08/2022",revestimentos_forros,v_738f1c14af134ee4,0,1.3778899480767088,-1.7324432065118605
sinapi_es,2026-05,104248,"EMBOÇO OU MASSA ÚNICA EM ARGAMASSA TRAÇO 1:2:8, PREPARO MECÂNICA COM BETONEIRA 400 L, APLICADA COM PROJETOR TIPO CANEQUINHA EM PANOS DE FACHADA SEM PRESENÇA DE VÃOS, ESPESSURA DE 50 MM, ACESSO POR ANDAIME. AF_08/2022",revestimentos_forros,v_9582ed549810eefb,2,4.52134330787423,-0.560086074344933
sinapi_es,2026-05,104249,"EMBOÇO OU MASSA ÚNICA EM ARGAMASSA TRAÇO 1:2:8, PREPARO MECÂNICA COM BETONEIRA 400 L, APLICADA MANUALMENTE EM SUPERFÍCIES EXTERNAS DA SACADA, ESPESSURA DE 25 MM, ACESSO POR ANDAIME, SEM USO DE TELA METÁLICA. AF_08/2022",revestimentos_forros,v_8bb45ffaa009f9e8,0,2.041031485489909,1.5402722588189528
sinapi_es,2026-05,104250,"EMBOÇO OU MASSA ÚNICA EM ARGAMASSA TRAÇO 1:2:8, PREPARO MANUAL, APLICADA MANUALMENTE EM SUPERFÍCIES EXTERNAS DA SACADA, ESPESSURA DE 25 MM, ACESSO POR ANDAIME, SEM USO DE TELA METÁLICA. AF_08/2022",revestimentos_forros,v_24e05d145669d072,1,-0.2907622434167278,2.05983969846149
sinapi_es,2026-05,104251,"EMBOÇO OU MASSA ÚNICA EM ARGAMASSA INDUSTRIALIZADA, PREPARO MECÂNICO E APLICAÇÃO COM EQUIPAMENTO DE MISTURA E PROJEÇÃO DE 1,5 M3/H, NAS SUPERFÍCIES EXTERNAS DA SACADA, ESPESSURA DE 25 MM, ACESSO POR ANDAIME, SEM USO DE TELA METÁLICA. AF_08/2022",revestimentos_forros,v_7434d0fbc26aed78,0,1.4875745375763456,0.20084355891639102
sinapi_es,2026-05,104252,"EMBOÇO OU MASSA ÚNICA EM ARGAMASSA TRAÇO 1:2:8, PREPARO MECÂNICA COM BETONEIRA 400 L, APLICADA COM PROJETOR TIPO CANEQUINHA EM SUPERFÍCIES EXTERNAS DA SACADA, ESPESSURA DE 25 MM, ACESSO POR ANDAIME, SEM USO DE TELA METÁLICA. AF_08/2022",revestimentos_forros,v_e7f653da0d60530c,2,5.057606344882927,1.0622697501866776
sinapi_es,2026-05,104253,"EMBOÇO OU MASSA ÚNICA EM ARGAMASSA TRAÇO 1:2:8, PREPARO MECÂNICA COM BETONEIRA 400 L, APLICADA MANUALMENTE EM SUPERFÍCIES EXTERNAS DA SACADA, ESPESSURA DE 35 MM, ACESSO POR ANDAIME, SEM USO DE TELA METÁLICA. AF_08/2022",revestimentos_forros,v_8bb45ffaa009f9e8,0,2.151115611953414,1.4626058537506978
sinapi_es,2026-05,104254,"EMBOÇO OU MASSA ÚNICA EM ARGAMASSA TRAÇO 1:2:8, PREPARO MANUAL, APLICADA MANUALMENTE EM SUPERFÍCIES EXTERNAS DA SACADA, ESPESSURA DE 35 MM, ACESSO POR ANDAIME, SEM USO DE TELA METÁLICA. AF_08/2022",revestimentos_forros,v_24e05d145669d072,1,-0.17794811146503495,2.0030070169687266
sinapi_es,2026-05,104255,"EMBOÇO OU MASSA ÚNICA EM ARGAMASSA INDUSTRIALIZADA, PREPARO MECÂNICO E APLICAÇÃO COM EQUIPAMENTO DE MISTURA E PROJEÇÃO DE 1,5 M3/H, NAS SUPERFÍCIES EXTERNAS DA SACADA, ESPESSURA DE 35 MM, ACESSO POR ANDAIME, SEM USO DE TELA METÁLICA. AF_08/2022",revestimentos_forros,v_7434d0fbc26aed78,0,1.579336960531772,0.03841869702296495
sinapi_es,2026-05,104256,"EMBOÇO OU MASSA ÚNICA EM ARGAMASSA TRAÇO 1:2:8, PREPARO MECÂNICO COM BETONEIRA 400 L, APLICADA COM PROJETOR TIPO CANEQUINHA EM SUPERFÍCIES EXTERNAS DA SACADA, ESPESSURA DE 35 MM, ACESSO POR ANDAIME, SEM USO DE TELA METÁLICA. AF_08/2022",revestimentos_forros,v_e7f653da0d60530c,2,5.120387253769244,0.980274847380066
sinapi_es,2026-05,104257,"EMBOÇO OU MASSA ÚNICA EM ARGAMASSA TRAÇO 1:2:8, PREPARO MECÂNICO COM BETONEIRA 400 L, APLICADA MANUALMENTE EM SUPERFÍCIES EXTERNAS DA SACADA, ESPESSURA DE 45 MM, ACESSO POR ANDAIME, SEM USO DE TELA METÁLICA. AF_08/2022",revestimentos_forros,v_8bb45ffaa009f9e8,0,2.170130776810445,1.2615510793399287
sinapi_es,2026-05,104258,"EMBOÇO OU MASSA ÚNICA EM ARGAMASSA TRAÇO 1:2:8, PREPARO MANUAL, APLICADA MANUALMENTE EM SUPERFÍCIES EXTERNAS DA SACADA, ESPESSURA DE 45 MM, ACESSO POR ANDAIME, SEM USO DE TELA METÁLICA. AF_08/2022",revestimentos_forros,v_24e05d145669d072,1,-0.16671028122836742,1.834496469299669
sinapi_es,2026-05,104259,"EMBOÇO OU MASSA ÚNICA EM ARGAMASSA INDUSTRIALIZADA, PREPARO MECÂNICO E APLICAÇÃO COM EQUIPAMENTO DE MISTURA E PROJEÇÃO DE 1,5 M3/H, NAS SUPERFÍCIES EXTERNAS DA SACADA, ESPESSURA DE 45 MM, ACESSO POR ANDAIME, SEM USO DE TELA METÁLICA. AF_08/2022",revestimentos_forros,v_7434d0fbc26aed78,0,1.5826991849933623,-0.27208696671782207
sinapi_es,2026-05,104260,"EMBOÇO OU MASSA ÚNICA EM ARGAMASSA TRAÇO 1:2:8, PREPARO MECÂNICO COM BETONEIRA 400 L, APLICADA COM PROJETOR TIPO CANEQUINHA EM SUPERFÍCIES EXTERNAS DA SACADA, ESPESSURA DE 45 MM, ACESSO POR ANDAIME, SEM USO DE TELA METÁLICA. AF_08/2022",revestimentos_forros,v_e7f653da0d60530c,2,5.071131076407498,0.7813906683363613
sinapi_es,2026-05,104261,"EMBOÇO OU MASSA ÚNICA EM ARGAMASSA TRAÇO 1:2:8, PREPARO MECÂNICO COM BETONEIRA 400 L, APLICADA MANUALMENTE EM SUPERFÍCIES EXTERNAS DA SACADA, ESPESSURA DE 50 MM, ACESSO POR ANDAIME, SEM USO DE TELA METÁLICA. AF_08/2022",revestimentos_forros,v_8bb45ffaa009f9e8,0,2.434839830237109,1.5833757446360917
sinapi_es,2026-05,104262,"EMBOÇO OU MASSA ÚNICA EM ARGAMASSA TRAÇO 1:2:8, PREPARO MANUAL, APLICADA MANUALMENTE EM SUPERFÍCIES EXTERNAS DA SACADA, ESPESSURA DE 50 MM, ACESSO POR ANDAIME, SEM USO DE TELA METÁLICA. AF_08/2022",revestimentos_forros,v_24e05d145669d072,1,0.13366350015654613,2.13527500375934
sinapi_es,2026-05,104263,"EMBOÇO OU MASSA ÚNICA EM ARGAMASSA INDUSTRIALIZADA, PREPARO MECÂNICO E APLICAÇÃO COM EQUIPAMENTO DE MISTURA E PROJEÇÃO DE 1,5 M3/H, NAS SUPERFÍCIES EXTERNAS DA SACADA, ESPESSURA DE 50 MM, ACESSO POR ANDAIME, SEM USO DE TELA METÁLICA. AF_08/2022",revestimentos_forros,v_7434d0fbc26aed78,0,1.739131369134743,-0.050920974859822256
sinapi_es,2026-05,104264,"EMBOÇO OU MASSA ÚNICA EM ARGAMASSA TRAÇO 1:2:8, PREPARO MECÂNICO COM BETONEIRA 400 L, APLICADA COM PROJETOR TIPO CANEQUINHA EM SUPERFÍCIES EXTERNAS DA SACADA, ESPESSURA DE 50 MM, ACESSO POR ANDAIME, SEM USO DE TELA METÁLICA. AF_08/2022",revestimentos_forros,v_e7f653da0d60530c,2,5.257130210230622,0.9480471963701329
sinapi_es,2026-05,104410,"CHAPISCO APLICADO EM ALVENARIA E ESTRUTURAS DE CONCRETO INTERNAS, COM EQUIPAMENTO DE PROJEÇÃO. ARGAMASSA TRAÇO 1:3 COM PREPARO MANUAL. AF_10/2022",revestimentos_forros,v_c5e57e75b12dabfc,2,1.5192781018065427,0.657533440817058
sinapi_es,2026-05,104411,"CHAPISCO APLICADO EM ALVENARIA E ESTRUTURAS DE CONCRETO INTERNAS, COM EQUIPAMENTO DE PROJEÇÃO. ARGAMASSA TRAÇO 1:3 COM PREPARO EM BETONEIRA 400 L. AF_10/2022",revestimentos_forros,v_1185705062e107c3,2,4.24650518627076,-0.03019986013745287
sinapi_es,2026-05,104412,"ESTUCAMENTO PARA QUALQUER REVESTIMENTO, EM TETO DO SISTEMA DE PAREDES DE CONCRETO, EM AMBIENTES COM ÁREA MAIOR OU IGUAL A 10 M², UTILIZAÇÃO DE ARGAMASSA COLANTE. AF_12/2024",revestimentos_forros,v_fbf4f0f1e02ad5f8,1,-1.2662570539634461,2.6262447407983385
sinapi_es,2026-05,104413,"ESTUCAMENTO PARA QUALQUER REVESTIMENTO, EM TETO DO SISTEMA DE PAREDES DE CONCRETO, EM AMBIENTES COM ÁREA MENOR OU IGUAL A 5 M², UTILIZAÇÃO DE ARGAMASSA COLANTE. AF_12/2024",revestimentos_forros,v_fbf4f0f1e02ad5f8,1,-1.2362418896997227,2.7105442165599576
sinapi_es,2026-05,104414,"ESTUCAMENTO DE DENSIDADE ALTA NAS FACES INTERNAS DE PAREDES DO SISTEMA DE PAREDES DE CONCRETO, EM AMBIENTES COM ÁREA MAIOR OU IGUAL A 10 M², UTILIZAÇÃO DE ARGAMASSA COLANTE. AF_12/2024",revestimentos_forros,v_fbf4f0f1e02ad5f8,1,-1.45671633377511,0.7858268645773648
sinapi_es,2026-05,104415,"ESTUCAMENTO DE DENSIDADE ALTA NAS FACES INTERNAS DE PAREDES DO SISTEMA DE PAREDES DE CONCRETO, EM AMBIENTES COM ÁREA MENOR OU IGUAL A 5 M², UTILIZAÇÃO DE ARGAMASSA COLANTE. AF_12/2024",revestimentos_forros,v_fbf4f0f1e02ad5f8,1,-1.299707637472668,1.7778233097204355
sinapi_es,2026-05,104416,"ESTUCAMENTO DE DENSIDADE BAIXA NAS FACES INTERNAS DE PAREDES DO SISTEMA DE PAREDES DE CONCRETO, EM AMBIENTES COM ÁREA MAIOR OU IGUAL A 10 M², UTILIZAÇÃO DE ARGAMASSA COLANTE. AF_12/2024",revestimentos_forros,v_fbf4f0f1e02ad5f8,1,-1.2967114783766338,2.4690682036698894
sinapi_es,2026-05,104417,"ESTUCAMENTO DE DENSIDADE BAIXA NAS FACES INTERNAS DE PAREDES DO SISTEMA DE PAREDES DE CONCRETO, EM AMBIENTES COM ÁREA MENOR OU IGUAL A 5 M², UTILIZAÇÃO DE ARGAMASSA COLANTE. AF_12/2024",revestimentos_forros,v_fbf4f0f1e02ad5f8,1,-1.254971521957435,2.6645841230622667
sinapi_es,2026-05,104418,"ESTUCAMENTO DE DENSIDADE BAIXA DE PANOS DE FACHADA DO SISTEMA DE PAREDES DE CONCRETO EM EDIFICAÇÕES DE MÚLTIPLOS PAVIMENTOS, PAVIMENTO TÉRREO, UTILIZAÇÃO DE ARGAMASSA COLANTE. AF_12/2024",revestimentos_forros,v_81765fda21aa5994,1,-1.2898613631609248,2.451521255474297
sinapi_es,2026-05,104419,"ESTUCAMENTO DE DENSIDADE BAIXA DE PANOS DE FACHADA DO SISTEMA DE PAREDES DE CONCRETO EM UNIDADES HABITACIONAIS DE DOIS PAVIMENTOS (SOBRADO), ACESSO COM ANDAIME FACHADEIRO, UTILIZAÇÃO DE ARGAMASSA COLANTE. AF_12/2024",revestimentos_forros,v_81765fda21aa5994,1,-1.2598362539740002,2.589972073942585
sinapi_es,2026-05,104421,"ESTUCAMENTO DE DENSIDADE ALTA DE PANOS DE FACHADA DO SISTEMA DE PAREDES DE CONCRETO EM EDIFICAÇÕES DE MÚLTIPLOS PAVIMENTOS, PAVIMENTOS SUPERIORES, UTILIZAÇÃO DE ARGAMASSA COLANTE. AF_12/2024",revestimentos_forros,v_81765fda21aa5994,1,-1.3050922786172265,1.5165534488519554
sinapi_es,2026-05,104422,"ESTUCAMENTO DE DENSIDADE ALTA DE PANOS DE FACHADA DO SISTEMA DE PAREDES DE CONCRETO EM EDIFICAÇÕES DE MÚLTIPLOS PAVIMENTOS, PAVIMENTO TÉRREO, UTILIZAÇÃO DE ARGAMASSA COLANTE. AF_12/2024",revestimentos_forros,v_81765fda21aa5994,1,-1.4424636267027453,0.7189992705104818
sinapi_es,2026-05,104423,"ESTUCAMENTO DE DENSIDADE ALTA DE PANOS DE FACHADA DO SISTEMA DE PAREDES DE CONCRETO EM UNIDADES HABITACIONAIS DE DOIS PAVIMENTOS (SOBRADO), ACESSO COM ANDAIME FACHADEIRO, UTILIZAÇÃO DE ARGAMASSA COLANTE. AF_12/2024",revestimentos_forros,v_81765fda21aa5994,1,-1.3388976147962923,1.345494463410871
sinapi_es,2026-05,104425,"ESTUCAMENTO DE DENSIDADE ALTA DE PANOS DE FACHADA DO SISTEMA DE PAREDES DE CONCRETO EM UNIDADES HABITACIONAIS DE PAVIMENTO ÚNICO, UTILIZAÇÃO DE ARGAMASSA COLANTE. AF_12/2024",revestimentos_forros,v_81765fda21aa5994,1,-1.507781316611468,0.2580888157015362
sinapi_es,2026-05,104588,"REVESTIMENTO CERÂMICO PARA PAREDES EXTERNAS, COM PLACAS TIPO GRÊS OU SEMIGRÊS, FORMATO MENOR OU IGUAL A 200 CM2, ALINHADAS A PRUMO. AF_02/2023",revestimentos_forros,v_94257cd09b8bbbc7,1,-0.8948880310211142,-1.641105926258176
sinapi_es,2026-05,104589,"REVESTIMENTO CERÂMICO PARA PAREDES EXTERNAS, COM PLACAS TIPO GRÊS OU SEMIGRÊS, FORMATO MENOR OU IGUAL A 200 CM2, ALINHADAS A PRUMO, APLICADO EM SUPERFÍCIES INTERNAS DE SACADA. AF_02/2023",revestimentos_forros,v_94257cd09b8bbbc7,1,-0.8215284409701288,-1.6482064147248414
sinapi_es,2026-05,104590,"REVESTIMENTO CERÂMICO PARA PAREDES EXTERNAS, COM PLACAS TIPO GRÊS OU SEMIGRÊS, FORMATO MENOR OU IGUAL A 200 CM2, DISPOSTAS EM AMARRAÇÃO. AF_02/2023",revestimentos_forros,v_94257cd09b8bbbc7,1,-0.7279070848991528,-1.318087411462949
sinapi_es,2026-05,104591,"REVESTIMENTO CERÂMICO PARA PAREDES EXTERNAS, COM PLACAS TIPO GRÊS OU SEMIGRÊS, FORMATO MENOR OU IGUAL A 200 CM2, DISPOSTAS EM AMARRAÇÃO, APLICADO EM SUPERFÍCIES INTERNAS DE SACADA. AF_02/2023",revestimentos_forros,v_94257cd09b8bbbc7,1,-0.6609145464653798,-1.379349725494339
sinapi_es,2026-05,104593,REVESTIMENTO CERÂMICO PARA PISO COM PLACAS TIPO ESMALTADA DE DIMENSÕES 80X80 CM APLICADA EM AMBIENTES DE ÁREA MENOR QUE 5 M². AF_02/2023_PE,revestimentos_forros,v_6210cb76c5d4ab42,1,-0.8998185091855899,-0.4328564832532244
sinapi_es,2026-05,104594,REVESTIMENTO CERÂMICO PARA PISO COM PLACAS TIPO ESMALTADA DE DIMENSÕES 80X80 CM APLICADA EM AMBIENTES DE ÁREA ENTRE 5 M² E 10 M². AF_02/2023_PE,revestimentos_forros,v_6210cb76c5d4ab42,1,-1.0662021804971729,-1.0242019832920775
sinapi_es,2026-05,104595,REVESTIMENTO CERÂMICO PARA PISO COM PLACAS TIPO ESMALTADA DE DIMENSÕES 80X80 CM APLICADA EM AMBIENTES DE ÁREA MAIOR QUE 10 M². AF_02/2023_PE,revestimentos_forros,v_6210cb76c5d4ab42,1,-1.254636952812624,-1.8736078681625297
sinapi_es,2026-05,104596,REVESTIMENTO CERÂMICO PARA PISO COM PLACAS TIPO PORCELANATO DE DIMENSÕES 80X80 CM APLICADA EM AMBIENTES DE ÁREA MENOR QUE 5 M². AF_02/2023_PE,revestimentos_forros,v_a45a57ffdc06907e,1,-0.8944969062086618,-1.0259183057211438
sinapi_es,2026-05,104597,REVESTIMENTO CERÂMICO PARA PISO COM PLACAS TIPO PORCELANATO DE DIMENSÕES 80X80 CM APLICADA EM AMBIENTES DE ÁREA ENTRE 5 M² E 10 M². AF_02/2023_PE,revestimentos_forros,v_a45a57ffdc06907e,1,-1.0437327558065508,-1.4584447264861338
sinapi_es,2026-05,104598,REVESTIMENTO CERÂMICO PARA PISO COM PLACAS TIPO PORCELANATO DE DIMENSÕES 80X80 CM APLICADA EM AMBIENTES DE ÁREA MAIOR QUE 10 M². AF_02/2023_PE,revestimentos_forros,v_a45a57ffdc06907e,1,-1.198978746446266,-1.999747185558715
sinapi_es,2026-05,104599,REVESTIMENTO CERÂMICO PARA PISO COM PLACAS TIPO ESMALTADA DE DIMENSÕES 35X35 CM APLICADA EM DIAGONAL EM AMBIENTES DE ÁREA MENOR QUE 5 M². AF_02/2023_PE,revestimentos_forros,v_6210cb76c5d4ab42,1,-0.8520207003224235,-0.10995283032748608
sinapi_es,2026-05,104601,REVESTIMENTO CERÂMICO PARA PISO COM PLACAS TIPO ESMALTADA DE DIMENSÕES 35X35 CM APLICADA EM DIAGONAL EM AMBIENTES DE ÁREA ENTRE 5 M² E 10 M². AF_02/2023_PE,revestimentos_forros,v_6210cb76c5d4ab42,1,-1.053185354406903,-0.828195072082537
sinapi_es,2026-05,104603,REVESTIMENTO CERÂMICO PARA PISO COM PLACAS TIPO ESMALTADA DE DIMENSÕES 35X35 CM APLICADA EM DIAGONAL EM AMBIENTES DE ÁREA MAIOR QUE 10 M². AF_02/2023_PE,revestimentos_forros,v_6210cb76c5d4ab42,1,-1.2325206699873246,-1.668457153090006
sinapi_es,2026-05,104605,REVESTIMENTO CERÂMICO PARA PISO COM PLACAS TIPO ESMALTADA DE DIMENSÕES 45X45 CM APLICADA EM DIAGONAL EM AMBIENTES DE ÁREA MENOR QUE 5 M². AF_02/2023_PE,revestimentos_forros,v_6210cb76c5d4ab42,1,-0.6452049420388252,0.41903393294674296
sinapi_es,2026-05,104606,REVESTIMENTO CERÂMICO PARA PISO COM PLACAS TIPO ESMALTADA DE DIMENSÕES 45X45 CM APLICADA EM DIAGONAL EM AMBIENTES DE ÁREA ENTRE 5 M² E 10 M². AF_02/2023_PE,revestimentos_forros,v_6210cb76c5d4ab42,1,-0.9939326319111846,-0.5952572712057446
sinapi_es,2026-05,104607,REVESTIMENTO CERÂMICO PARA PISO COM PLACAS TIPO ESMALTADA DE DIMENSÕES 45X45 CM APLICADA EM DIAGONAL EM AMBIENTES DE ÁREA MAIOR QUE 10 M². AF_02/2023_PE,revestimentos_forros,v_6210cb76c5d4ab42,1,-1.2064189520942157,-1.5350784358632896
sinapi_es,2026-05,104611,REVESTIMENTO CERÂMICO PARA PAREDES INTERNAS COM PLACAS TIPO ESMALTADA DE DIMENSÕES 60X60 CM APLICADAS NA ALTURA INTEIRA DAS PAREDES. AF_02/2023_PE,revestimentos_forros,v_02e82877ef07857f,1,-0.985713133842189,-0.908804701434844
sinapi_es,2026-05,104612,REVESTIMENTO CERÂMICO PARA PAREDES INTERNAS COM PLACAS TIPO ESMALTADA DE DIMENSÕES 60X60 CM APLICADAS A MEIA ALTURA DAS PAREDES. AF_02/2023_PE,revestimentos_forros,v_02e82877ef07857f,1,-0.9649799596511102,-0.8274919081057219
sinapi_es,2026-05,104613,"REVESTIMENTO CERÂMICO PARA PAREDES INTERNAS COM PLACAS TIPO ESMALTADA DE DIMENSÕES 20X20 CM APLICADAS EM DIAGONAL, NA ALTURA INTEIRA DAS PAREDES. AF_02/2023_PE",revestimentos_forros,v_02e82877ef07857f,1,-0.9671154170987615,-0.36928255178090086
sinapi_es,2026-05,104614,"REVESTIMENTO CERÂMICO PARA PAREDES INTERNAS COM PLACAS TIPO ESMALTADA DE DIMENSÕES 20X20 CM APLICADAS EM DIAGONAL, A MEIA ALTURA DAS PAREDES. AF_02/2023_PE",revestimentos_forros,v_02e82877ef07857f,1,-0.8638518085208089,0.008123437063406545
sinapi_es,2026-05,104615,REVESTIMENTO CERÂMICO PARA PAREDES INTERNAS COM PLACAS TIPO PASTILHA DE DIMENSÕES 5 X 5 CM (PLACAS DE 30 X 30 CM) CM APLICADAS NA ALTURA INTEIRA DAS PAREDES. AF_02/2023,revestimentos_forros,v_306d6657eb7f342f,1,-1.020505871956724,-2.1213254966707553
sinapi_es,2026-05,104616,"REVESTIMENTO CERÂMICO PARA PAREDES INTERNAS COM PLACAS TIPO PASTILHA DE DIMENSÕES 2,5 X 2,5 CM (PLACAS DE 30 X 30 CM) CM APLICADAS NA ALTURA INTEIRA DAS PAREDES. AF_02/2023",revestimentos_forros,v_306d6657eb7f342f,1,-1.0507254346272559,-2.401642263281589
sinapi_es,2026-05,104617,REVESTIMENTO CERÂMICO PARA PAREDES INTERNAS COM PLACAS TIPO PASTILHA DE DIMENSÕES 5 X 5 CM (PLACAS DE 30 X 30 CM) CM APLICADAS A MEIA ALTURA DAS PAREDES. AF_02/2023,revestimentos_forros,v_306d6657eb7f342f,1,-0.8857911356498173,-1.8233455538292478
sinapi_es,2026-05,104618,"REVESTIMENTO CERÂMICO PARA PAREDES INTERNAS COM PLACAS TIPO PASTILHA DE DIMENSÕES 2,5 X 2,5 CM (PLACAS DE 30 X 30 CM) CM APLICADAS A MEIA ALTURA DAS PAREDES. AF_02/2023",revestimentos_forros,v_306d6657eb7f342f,1,-0.9208591210329673,-2.148636306092397
sinapi_es,2026-05,104627,"APLICAÇÃO MANUAL DE GESSO DESEMPENADO (SEM TALISCAS) EM TETO DE AMBIENTES COM PAREDES EM PÉ DIREITO DUPLO E ÁREA MAIOR QUE 10M², ESPESSURA DE 0,5CM. AF_03/2023",revestimentos_forros,v_c7d6ddbb9b72f71d,1,-1.4062389627477039,0.5375653682906195
sinapi_es,2026-05,104628,"APLICAÇÃO MANUAL DE GESSO DESEMPENADO (SEM TALISCAS) EM TETO DE AMBIENTES COM PAREDES EM PÉ DIREITO DUPLO E ÁREA ENTRE 5M² E 10M², ESPESSURA DE 0,5CM. AF_03/2023",revestimentos_forros,v_c7d6ddbb9b72f71d,1,-1.200697120661734,1.4453847863111586
sinapi_es,2026-05,104629,"APLICAÇÃO MANUAL DE GESSO DESEMPENADO (SEM TALISCAS) EM TETO DE AMBIENTES COM PAREDES EM PÉ DIREITO DUPLO E ÁREA MENOR QUE 5M², ESPESSURA DE 0,5CM. AF_03/2023",revestimentos_forros,v_c7d6ddbb9b72f71d,1,-1.1083706601063317,1.7279922456119226
sinapi_es,2026-05,104630,"APLICAÇÃO MANUAL DE GESSO DESEMPENADO (SEM TALISCAS) EM TETO DE AMBIENTES COM PAREDES EM PÉ DIREITO DUPLO E ÁREA MAIOR QUE 10M², ESPESSURA DE 1,0CM. AF_03/2023",revestimentos_forros,v_c7d6ddbb9b72f71d,1,-1.3878240241462554,0.24898550169880757
sinapi_es,2026-05,104631,"APLICAÇÃO MANUAL DE GESSO DESEMPENADO (SEM TALISCAS) EM TETO DE AMBIENTES COM PAREDES EM PÉ DIREITO DUPLO E ÁREA ENTRE 5M² E 10M², ESPESSURA DE 1,0CM. AF_03/2023",revestimentos_forros,v_c7d6ddbb9b72f71d,1,-1.1970683903050703,1.0196480015070801
sinapi_es,2026-05,104632,"APLICAÇÃO MANUAL DE GESSO DESEMPENADO (SEM TALISCAS) EM TETO DE AMBIENTES COM PAREDES EM PÉ DIREITO DUPLO E ÁREA MENOR QUE 5M², ESPESSURA DE 1,0CM. AF_03/2023",revestimentos_forros,v_c7d6ddbb9b72f71d,1,-1.1042891012428886,1.3064558995843243
sinapi_es,2026-05,104633,"APLICAÇÃO MANUAL DE GESSO DESEMPENADO (SEM TALISCAS) EM PAREDES COM PÉ DIREITO DUPLO, ESPESSURA DE 0,5CM. AF_03/2023",revestimentos_forros,v_c7d6ddbb9b72f71d,1,-1.2594936793265816,1.227915780542946
sinapi_es,2026-05,104634,"APLICAÇÃO MANUAL DE GESSO DESEMPENADO (SEM TALISCAS) EM PAREDES COM PÉ DIREITO DUPLO, ESPESSURA DE 1,0CM. AF_03/2023",revestimentos_forros,v_c7d6ddbb9b72f71d,1,-1.2274545720182723,0.9141182706617093
sinapi_es,2026-05,104635,"APLICAÇÃO MANUAL DE GESSO SARRAFEADO (COM TALISCAS) EM PAREDES COM PÉ DIREITO DUPLO, ESPESSURA DE 1,0CM. AF_03/2023",revestimentos_forros,v_c7d6ddbb9b72f71d,1,-1.0085488670174734,1.553836188468066
sinapi_es,2026-05,104636,"APLICAÇÃO MANUAL DE GESSO SARRAFEADO (COM TALISCAS) EM PAREDES COM PÉ DIREITO DUPLO, ESPESSURA DE 1,5CM. AF_03/2023",revestimentos_forros,v_c7d6ddbb9b72f71d,1,-0.9797360472812,1.395861259586825
sinapi_es,2026-05,104639,"PINTURA LÁTEX ACRÍLICA ECONÔMICA, APLICAÇÃO MANUAL EM TETO, DUAS DEMÃOS. AF_04/2023",pintura,v_19046e4d7ab13f7b,1,-1.3510360156440435,1.3673866603909839
sinapi_es,2026-05,104640,"PINTURA LÁTEX ACRÍLICA STANDARD, APLICAÇÃO MANUAL EM TETO, DUAS DEMÃOS. AF_04/2023",pintura,v_0b86d2c344f2e9f6,1,-1.3938220035635362,0.9705036902235259
sinapi_es,2026-05,104641,"PINTURA LÁTEX ACRÍLICA ECONÔMICA, APLICAÇÃO MANUAL EM PAREDES, DUAS DEMÃOS. AF_04/2023",pintura,v_19046e4d7ab13f7b,1,-1.4178635182625943,0.9558604458054586
sinapi_es,2026-05,104642,"PINTURA LÁTEX ACRÍLICA STANDARD, APLICAÇÃO MANUAL EM PAREDES, DUAS DEMÃOS. AF_04/2023",pintura,v_0b86d2c344f2e9f6,1,-1.4666848108398838,0.5029939690058987
sinapi_es,2026-05,104756,"FORRO EM MADEIRA PINUS, PARA AMBIENTES RESIDENCIAIS E COMERCIAIS, INCLUSIVE ESTRUTURA BIDIRECIONAL DE FIXAÇÃO. AF_08/2023",revestimentos_forros,v_c9eeda71c1b30867,1,-1.001168720788611,-1.2946824907853804
sinapi_es,2026-05,104757,"FORRO EM FIBRA MINERAL, PARA AMBIENTES COMERCIAIS, INCLUSIVE ESTRUTURA DE FIXAÇÃO. AF_08/2023_PS",revestimentos_forros,v_038ff0ca5d7e5ad1,1,-1.0153276539313478,-1.6270701371502065
sinapi_es,2026-05,104951,"MASSA ÚNICA, EM ARGAMASSA TRAÇO 1:2:8, PREPARO MECÂNICO, APLICADA MANUALMENTE EM PAREDES INTERNAS DE AMBIENTES COM ÁREA MAIOR QUE 10M², E = 17,5MM, COM TALISCAS. AF_03/2024",revestimentos_forros,v_8bb45ffaa009f9e8,0,1.6514019559390738,0.013612925668062246
sinapi_es,2026-05,104952,"MASSA ÚNICA, EM ARGAMASSA TRAÇO 1:2:8, PREPARO MANUAL, APLICADA MANUALMENTE EM PAREDES INTERNAS DE AMBIENTES COM ÁREA MAIOR QUE 10M², E = 17,5MM, COM TALISCAS. AF_03/2024",revestimentos_forros,v_24e05d145669d072,1,-0.8445393815439242,0.7412685680402407
sinapi_es,2026-05,104953,"MASSA ÚNICA, EM ARGAMASSA INDUSTRIALIZADA, PREPARO MECÂNICO, APLICADA COM EQUIPAMENTO DE MISTURA E PROJEÇÃO DE ARGAMASSA EM PAREDES INTERNAS, E = 17,5MM, COM TALISCAS. AF_03/2024",revestimentos_forros,v_7434d0fbc26aed78,0,1.0001552061410535,-1.964584092914933
sinapi_es,2026-05,104954,"EMBOÇO, EM ARGAMASSA TRAÇO 1:2:8, PREPARO MANUAL, APLICADO MANUALMENTE EM PAREDES INTERNAS DE AMBIENTES COM PÉ-DIREITO DUPLO E ÁREA ENTRE 5M² E 10M², E = 17,5MM, COM TALISCAS. AF_03/2024",revestimentos_forros,v_24e05d145669d072,1,-0.6669821013317531,1.313988883082229
sinapi_es,2026-05,104955,"MASSA ÚNICA, EM ARGAMASSA TRAÇO 1:2:8, PREPARO MECÂNICO, APLICADA MANUALMENTE EM PAREDES INTERNAS DE AMBIENTES COM PÉ-DIREITO DUPLO E ÁREA MAIOR QUE 10M², E = 17,5MM, COM TALISCAS. AF_03/2024",revestimentos_forros,v_8bb45ffaa009f9e8,0,1.72431109739265,0.5557528325332801
sinapi_es,2026-05,104956,"MASSA ÚNICA, EM ARGAMASSA TRAÇO 1:2:8, PREPARO MANUAL, APLICADA MANUALMENTE EM PAREDES INTERNAS DE AMBIENTES COM PÉ-DIREITO DUPLO E ÁREA MAIOR QUE 10M², E = 17,5MM, COM TALISCAS. AF_03/2024",revestimentos_forros,v_24e05d145669d072,1,-0.710972906745008,1.1897402629416205
sinapi_es,2026-05,104957,"EMBOÇO, EM ARGAMASSA TRAÇO 1:2:8, PREPARO MECÂNICO, APLICADO MANUALMENTE EM PAREDES INTERNAS DE AMBIENTES COM PÉ-DIREITO DUPLO E ÁREA MAIOR QUE 10M², E = 17,5MM, COM TALISCAS. AF_03/2024",revestimentos_forros,v_8bb45ffaa009f9e8,0,1.7152075893654688,0.5025308812846387
sinapi_es,2026-05,104958,"MASSA ÚNICA, EM ARGAMASSA TRAÇO 1:2:8 PREPARO MECÂNICO, APLICADA MANUALMENTE EM PAREDES INTERNAS DE AMBIENTES COM ÁREA MAIOR QUE 10M², E = 10MM, COM TALISCAS. AF_03/2024",revestimentos_forros,v_8bb45ffaa009f9e8,0,1.5922712149495846,0.19627602788698004
sinapi_es,2026-05,104959,"MASSA ÚNICA, EM ARGAMASSA TRAÇO 1:2:8 PREPARO MANUAL, APLICADA MANUALMENTE EM PAREDES INTERNAS DE AMBIENTES COM ÁREA MAIOR QUE 10M², E = 10MM, COM TALISCAS. AF_03/2024",revestimentos_forros,v_24e05d145669d072,1,-0.8996122022108262,0.8751904476557907
sinapi_es,2026-05,104960,"MASSA ÚNICA, EM ARGAMASSA INDUSTRIALIZADA, PREPARO MECÂNICO, APLICADA COM EQUIPAMENTO DE MISTURA E PROJEÇÃO DE ARGAMASSA EM PAREDES INTERNAS, E = 10MM, COM TALISCAS. AF_03/2024",revestimentos_forros,v_7434d0fbc26aed78,0,0.9614944474815493,-1.856847980925839
sinapi_es,2026-05,104961,"EMBOÇO, EM ARGAMASSA TRAÇO 1:2:8, PREPARO MECÂNICO, APLICADO MANUALMENTE EM PAREDES INTERNAS DE AMBIENTES COM PÉ-DIREITO DUPLO E ÁREA MENOR QUE 5M², E = 17,5MM, COM TALISCAS. AF_03/2024",revestimentos_forros,v_8bb45ffaa009f9e8,0,1.8161177935875046,0.9687310634063253
sinapi_es,2026-05,104962,"EMBOÇO, EM ARGAMASSA TRAÇO 1:2:8, PREPARO MANUAL, APLICADO MANUALMENTE EM PAREDES INTERNAS DE AMBIENTES COM PÉ-DIREITO DUPLO E ÁREA MENOR QUE 5M², E = 17,5MM, COM TALISCAS. AF_03/2024",revestimentos_forros,v_24e05d145669d072,1,-0.5734924004323595,1.5460053187477396
sinapi_es,2026-05,104963,"MASSA ÚNICA, EM ARGAMASSA TRAÇO 1:2:8, PREPARO MECÂNICO, APLICADA MANUALMENTE EM PAREDES INTERNAS DE AMBIENTES COM PÉ-DIREITO DUPLO E ÁREA ENTRE 5M² E 10M², E = 17,5MM, COM TALISCAS. AF_03/2024",revestimentos_forros,v_8bb45ffaa009f9e8,0,1.770339389671399,0.7861519538266938
sinapi_es,2026-05,104964,"MASSA ÚNICA, EM ARGAMASSA TRAÇO 1:2:8, PREPARO MANUAL, APLICADA MANUALMENTE EM PAREDES INTERNAS DE AMBIENTES COM PÉ-DIREITO DUPLO E ÁREA ENTRE 5M² E 10M², E = 17,5MM, COM TALISCAS. AF_03/2024",revestimentos_forros,v_24e05d145669d072,1,-0.6393339389632439,1.3868981367347735
sinapi_es,2026-05,104965,"EMBOÇO, EM ARGAMASSA TRAÇO 1:2:8, PREPARO MECÂNICO, APLICADO MANUALMENTE EM PAREDES INTERNAS DE AMBIENTES COM PÉ-DIREITO DUPLO E ÁREA ENTRE 5M² E 10M², E = 17,5MM, COM TALISCAS. AF_03/2024",revestimentos_forros,v_8bb45ffaa009f9e8,0,1.7520730122259764,0.7014946550716957
sinapi_es,2026-05,104966,"EMBOÇO, EM ARGAMASSA TRAÇO 1:2:8, PREPARO MANUAL, APLICADO MANUALMENTE EM PAREDES INTERNAS DE AMBIENTES COM PÉ-DIREITO DUPLO E ÁREA MAIOR QUE 10M², E = 17,5MM, COM TALISCAS. AF_03/2024",revestimentos_forros,v_24e05d145669d072,1,-0.7260203366272693,1.1447636656662368
sinapi_es,2026-05,104967,"EMBOÇO, EM ARGAMASSA TRAÇO 1:2:8, PREPARO MECÂNICO, APLICADO MANUALMENTE EM PAREDES INTERNAS DE AMBIENTES COM PÉ-DIREITO DUPLO E ÁREA MENOR QUE 5M², E = 10MM, COM TALISCAS. AF_03/2024",revestimentos_forros,v_8bb45ffaa009f9e8,0,1.7340706006762374,1.1910896596399243
sinapi_es,2026-05,104968,"EMBOÇO, EM ARGAMASSA TRAÇO 1:2:8, PREPARO MANUAL, APLICADO MANUALMENTE EM PAREDES INTERNAS DE AMBIENTES COM PÉ-DIREITO DUPLO E ÁREA MENOR QUE 5M², E = 10MM, COM TALISCAS. AF_03/2024",revestimentos_forros,v_24e05d145669d072,1,-0.6438623642200498,1.7269919508201983
sinapi_es,2026-05,104969,"MASSA ÚNICA, EM ARGAMASSA TRAÇO 1:2:8, PREPARO MECÂNICO, APLICADA MANUALMENTE EM PAREDES INTERNAS DE AMBIENTES COM PÉ-DIREITO DUPLO E ÁREA ENTRE 5M² E 10M², E = 10MM, COM TALISCAS. AF_03/2024",revestimentos_forros,v_8bb45ffaa009f9e8,0,1.6888886211872725,0.990112671274195
sinapi_es,2026-05,104970,"MASSA ÚNICA, EM ARGAMASSA TRAÇO 1:2:8, PREPARO MANUAL, APLICADA MANUALMENTE EM PAREDES INTERNAS DE AMBIENTES COM PÉ-DIREITO DUPLO E ÁREA ENTRE 5M² E 10M², E = 10MM, COM TALISCAS. AF_03/2024",revestimentos_forros,v_24e05d145669d072,1,-0.7117670994940893,1.548746548766504
sinapi_es,2026-05,104971,"EMBOÇO, EM ARGAMASSA TRAÇO 1:2:8, PREPARO MECÂNICO, APLICADO MANUALMENTE EM PAREDES INTERNAS DE AMBIENTES COM PÉ-DIREITO DUPLO E ÁREA ENTRE 5M² E 10M², E = 10MM, COM TALISCAS. AF_03/2024",revestimentos_forros,v_8bb45ffaa009f9e8,0,1.6710411067375515,0.8925347236117663
sinapi_es,2026-05,104972,"EMBOÇO, EM ARGAMASSA TRAÇO 1:2:8, PREPARO MANUAL, APLICADO MANUALMENTE EM PAREDES INTERNAS DE AMBIENTES COM PÉ-DIREITO DUPLO E ÁREA ENTRE 5M² E 10M², E = 10MM, COM TALISCAS. AF_03/2024",revestimentos_forros,v_24e05d145669d072,1,-0.7407605839518373,1.4633580828163788
sinapi_es,2026-05,104973,"MASSA ÚNICA, EM ARGAMASSA TRAÇO 1:2:8, PREPARO MECÂNICO, APLICADA MANUALMENTE EM PAREDES INTERNAS DE AMBIENTES COM PÉ-DIREITO DUPLO ÁREA MAIOR QUE 10M², E = 10MM, COM TALISCAS. AF_03/2024",revestimentos_forros,v_8bb45ffaa009f9e8,0,1.644236419636899,0.7172653381584255
sinapi_es,2026-05,104974,"MASSA ÚNICA, EM ARGAMASSA TRAÇO 1:2:8, PREPARO MANUAL, APLICADA MANUALMENTE EM PAREDES INTERNAS DE AMBIENTES COM PÉ-DIREITO DUPLO ÁREA MAIOR QUE 10M², E = 10MM, COM TALISCAS. AF_03/2024",revestimentos_forros,v_24e05d145669d072,1,-0.787690441413797,1.311846805827425
sinapi_es,2026-05,104975,"EMBOÇO, EM ARGAMASSA TRAÇO 1:2:8, PREPARO MECÂNICO, APLICADO MANUALMENTE EM PAREDES INTERNAS DE AMBIENTES COM PÉ-DIREITO DUPLO E ÁREA MAIOR QUE 10M², E = 10MM, COM TALISCAS. AF_03/2024",revestimentos_forros,v_8bb45ffaa009f9e8,0,1.6355845800085773,0.6509784209369699
sinapi_es,2026-05,104976,"EMBOÇO, EM ARGAMASSA TRAÇO 1:2:8, PREPARO MANUAL, APLICADO MANUALMENTE EM PAREDES INTERNAS DE AMBIENTES COM PÉ-DIREITO DUPLO E ÁREA MAIOR QUE 10M², E = 10MM, COM TALISCAS. AF_03/2024",revestimentos_forros,v_24e05d145669d072,1,-0.8039736482931052,1.2551614137514462
sinapi_es,2026-05,104977,"MASSA ÚNICA, EM ARGAMASSA TRAÇO 1:2:8, PREPARO MECÂNICO, APLICADA MANUALMENTE EM TETO DE AMBIENTES COM PAREDES EM PÉ-DIREITO DUPLO, E = 17,5MM, COM TALISCAS. AF_03/2024",revestimentos_forros,v_8bb45ffaa009f9e8,0,1.7919984293793199,0.8772125596144946
sinapi_es,2026-05,104978,"MASSA ÚNICA, EM ARGAMASSA TRAÇO 1:2:8, PREPARO MECÂNICO, APLICADA MANUALMENTE EM TETO DE AMBIENTES COM PAREDES EM PÉ-DIREITO DUPLO, E = 10MM, COM TALISCAS. AF_03/2024",revestimentos_forros,v_8bb45ffaa009f9e8,0,1.711823358432475,1.099085456659308
sinapi_es,2026-05,105185,REVESTIMENTO DECORATIVO MONOCAMADA EXECUTADO MANUALMENTE EM FACHADA DE UM EDIFÍCIO DE ESTRUTURA CONVENCIONAL E ACABAMENTO CHAPISCADO/FLOCADO. AF_03/2024,revestimentos_forros,v_691ea7b2a67bd1a9,0,2.535436099474361,-2.8517960553839967
sinapi_es,2026-05,105186,REVESTIMENTO DECORATIVO MONOCAMADA EXECUTADO MANUALMENTE EM FACHADA DE UM EDIFÍCIO DE ALVENARIA ESTRUTURAL E ACABAMENTO CHAPISCADO/FLOCADO. AF_03/2024,revestimentos_forros,v_691ea7b2a67bd1a9,0,2.5306123720431044,-2.6843657623335204
sinapi_es,2026-05,105187,REVESTIMENTO DECORATIVO MONOCAMADA EXECUTADO COM EQUIPAMENTO DE PROJEÇÃO EM FACHADA DE UM EDIFÍCIO DE ESTRUTURA CONVENCIONAL E ACABAMENTO CHAPISCADO/FLOCADO. AF_03/2024,revestimentos_forros,v_ef213c5110223ba7,0,1.8079847575184902,-2.9115607357709714
sinapi_es,2026-05,105188,REVESTIMENTO DECORATIVO MONOCAMADA EXECUTADO COM EQUIPAMENTO DE PROJEÇÃO EM FACHADA DE UM EDIFÍCIO DE ALVENARIA ESTRUTURAL E ACABAMENTO CHAPISCADO/FLOCADO. AF_03/2024,revestimentos_forros,v_ef213c5110223ba7,0,1.8018553623908984,-2.8067132029566233
sinapi_es,2026-05,105816,"ESTUCAMENTO DE DENSIDADE ALTA NAS FACES INTERNAS DE PAREDES DO SISTEMA DE PAREDES DE CONCRETO, EM AMBIENTES COM ÁREA MAIOR OU IGUAL A 10 M², UTILIZAÇÃO DE ARGAMASSA POLIMÉRICA. AF_12/2024",revestimentos_forros,v_1e6535e511c39a71,1,-1.625367641664204,-0.778583243787943
sinapi_es,2026-05,105817,"ESTUCAMENTO DE DENSIDADE ALTA NAS FACES INTERNAS DE PAREDES DO SISTEMA DE PAREDES DE CONCRETO, EM AMBIENTES COM ÁREA MAIOR OU IGUAL A 10 M², UTILIZAÇÃO DE ARGAMASSA TRAÇO 1:1:6 (CIM:CAL:AREIA). AF_12/2024",revestimentos_forros,v_8bb45ffaa009f9e8,0,1.4515376857454902,1.7394853773590038
sinapi_es,2026-05,105818,"ESTUCAMENTO DE DENSIDADE ALTA NAS FACES INTERNAS DE PAREDES DO SISTEMA DE PAREDES DE CONCRETO, EM AMBIENTES COM ÁREA ENTRE 5 M² E 10 M², UTILIZAÇÃO DE ARGAMASSA POLIMÉRICA. AF_12/2024",revestimentos_forros,v_1e6535e511c39a71,1,-1.5845263212494953,-0.47345596181154026
sinapi_es,2026-05,105819,"ESTUCAMENTO DE DENSIDADE ALTA NAS FACES INTERNAS DE PAREDES DO SISTEMA DE PAREDES DE CONCRETO, EM AMBIENTES COM ÁREA ENTRE 5 M² E 10 M², UTILIZAÇÃO DE ARGAMASSA TRAÇO 1:1:6 (CIM:CAL:AREIA). AF_12/2024",revestimentos_forros,v_8bb45ffaa009f9e8,0,1.454057641956681,1.832872284112678
sinapi_es,2026-05,105820,"ESTUCAMENTO DE DENSIDADE ALTA NAS FACES INTERNAS DE PAREDES DO SISTEMA DE PAREDES DE CONCRETO, EM AMBIENTES COM ÁREA MENOR OU IGUAL A 5 M², UTILIZAÇÃO DE ARGAMASSA POLIMÉRICA. AF_12/2024",revestimentos_forros,v_1e6535e511c39a71,1,-1.4313302219016655,0.5568917667210818
sinapi_es,2026-05,105821,"ESTUCAMENTO DE DENSIDADE ALTA NAS FACES INTERNAS DE PAREDES DO SISTEMA DE PAREDES DE CONCRETO, EM AMBIENTES COM ÁREA MENOR OU IGUAL A 5 M², UTILIZAÇÃO DE ARGAMASSA TRAÇO 1:1:6 (CIM:CAL:AREIA). AF_12/2024",revestimentos_forros,v_8bb45ffaa009f9e8,0,1.4841372634380978,2.0688511890803007
sinapi_es,2026-05,105822,"ESTUCAMENTO DE DENSIDADE ALTA DE PANOS DE FACHADA DO SISTEMA DE PAREDES DE CONCRETO EM EDIFICAÇÕES DE MÚLTIPLOS PAVIMENTOS, PAVIMENTOS SUPERIORES, UTILIZAÇÃO DE ARGAMASSA POLIMÉRICA. AF_12/2024",revestimentos_forros,v_1e6535e511c39a71,1,-1.3737602193530998,0.879589395905072
sinapi_es,2026-05,105823,"ESTUCAMENTO DE DENSIDADE ALTA DE PANOS DE FACHADA DO SISTEMA DE PAREDES DE CONCRETO EM EDIFICAÇÕES DE MÚLTIPLOS PAVIMENTOS, PAVIMENTOS SUPERIORES, UTILIZAÇÃO DE ARGAMASSA TRAÇO 1:0,5:4,5 (CIM:CAL:AREIA). AF_12/2024",revestimentos_forros,v_8bb45ffaa009f9e8,0,1.4959504615085366,2.132231789774253
sinapi_es,2026-05,105824,"ESTUCAMENTO DE DENSIDADE ALTA DE PANOS DE FACHADA DO SISTEMA DE PAREDES DE CONCRETO EM EDIFICAÇÕES DE MÚLTIPLOS PAVIMENTOS, PAVIMENTO TÉRREO, UTILIZAÇÃO DE ARGAMASSA POLIMÉRICA. AF_12/2024",revestimentos_forros,v_1e6535e511c39a71,1,-1.5275829691636014,-0.0705680410619788
sinapi_es,2026-05,105825,"ESTUCAMENTO DE DENSIDADE ALTA DE PANOS DE FACHADA DO SISTEMA DE PAREDES DE CONCRETO EM EDIFICAÇÕES DE MÚLTIPLOS PAVIMENTOS, PAVIMENTO TÉRREO, UTILIZAÇÃO DE ARGAMASSA TRAÇO 1:0,5:4,5 (CIM:CAL:AREIA). AF_12/2024",revestimentos_forros,v_8bb45ffaa009f9e8,0,1.4462220258126193,1.9427927721929545
sinapi_es,2026-05,105826,"ESTUCAMENTO DE DENSIDADE ALTA DE PANOS DE FACHADA DO SISTEMA DE PAREDES DE CONCRETO EM UNIDADES HABITACIONAIS DE DOIS PAVIMENTOS (SOBRADO), ACESSO COM ANDAIME FACHADEIRO, UTILIZAÇÃO DE ARGAMASSA POLIMÉRICA. AF_12/2024",revestimentos_forros,v_1e6535e511c39a71,1,-1.4123003533691116,0.6646104095467353
sinapi_es,2026-05,105827,"ESTUCAMENTO DE DENSIDADE ALTA DE PANOS DE FACHADA DO SISTEMA DE PAREDES DE CONCRETO EM UNIDADES HABITACIONAIS DE DOIS PAVIMENTOS (SOBRADO), ACESSO COM ANDAIME FACHADEIRO, UTILIZAÇÃO DE ARGAMASSA TRAÇO 1:0,5:4,5 (CIM:CAL:AREIA). AF_12/2024",revestimentos_forros,v_8bb45ffaa009f9e8,0,1.480637703227068,2.093702473538594
sinapi_es,2026-05,105828,"ESTUCAMENTO DE DENSIDADE ALTA DE PANOS DE FACHADA DO SISTEMA DE PAREDES DE CONCRETO EM UNIDADES HABITACIONAIS DE PAVIMENTO ÚNICO, UTILIZAÇÃO DE ARGAMASSA POLIMÉRICA. AF_12/2024",revestimentos_forros,v_1e6535e511c39a71,1,-1.5962493752749265,-0.562541198810908
sinapi_es,2026-05,105829,"ESTUCAMENTO DE DENSIDADE ALTA DE PANOS DE FACHADA DO SISTEMA DE PAREDES DE CONCRETO EM UNIDADES HABITACIONAIS DE PAVIMENTO ÚNICO, UTILIZAÇÃO DE ARGAMASSA TRAÇO 1:0,5:4,5 (CIM:CAL:AREIA). AF_12/2024",revestimentos_forros,v_8bb45ffaa009f9e8,0,1.4328542977087053,1.8138126569192936
sinapi_es,2026-05,106788,"PISO CIMENTADO, TRAÇO 1:3 (CIMENTO E AREIA), ACABAMENTO LISO, ESPESSURA 1,5 CM, PREPARO MECÂNICO DA ARGAMASSA. AF_02/2026",pisos,v_8ef16f32e3aa1ae0,0,1.5720085771306587,0.09319918700816508
sinapi_es,2026-05,106789,"PISO CIMENTADO, TRAÇO 1:3 (CIMENTO E AREIA), ACABAMENTO RUGOSO, ESPESSURA 1,5 CM, PREPARO MECÂNICO DA ARGAMASSA. AF_02/2026",pisos,v_8ef16f32e3aa1ae0,0,1.554809695225822,-0.0774066194557673
sinapi_es,2026-05,106790,"PISO VINÍLICO SEMI-FLEXÍVEL EM RÉGUAS, PADRÃO LISO, ESPESSURA 4,0 MM, FIXADO COM COLA. AF_02/2026",pisos,v_621d72260fc9704a,1,-1.5809608092580159,-2.957254692785746
sinapi_es,2026-05,106791,REVESTIMENTO DE DEGRAUS DE ESCADA EM GRANITO. AF_02/2026,pisos,v_fb70b35d91a4bd09,1,-0.8726740118211501,-1.769419807855687
sinapi_es,2026-05,106792,PREPARO DE CONTRAPISO COM MEMBRANA CIMENTÍCIA. AF_02/2026,pisos,v_b3cd0f4fad70912b,1,-1.3303919246831373,0.19612573482540258
sinapi_es,2026-05,87244,"REVESTIMENTO CERÂMICO PARA PAREDES EXTERNAS EM PASTILHAS DE PORCELANA 5 X 5 CM (PLACAS DE 30 X 30 CM), ALINHADAS A PRUMO. AF_02/2023",revestimentos_forros,v_4ce9dfa589fed770,1,-1.1158247539000585,-1.851336931119723
sinapi_es,2026-05,87245,"REVESTIMENTO CERÂMICO PARA PAREDES EXTERNAS EM PASTILHAS DE PORCELANA 5 X 5 CM (PLACAS DE 30 X 30 CM), ALINHADAS A PRUMO, APLICADO EM SUPERFÍCIES INTERNAS DE SACADA. AF_02/2023",revestimentos_forros,v_4ce9dfa589fed770,1,-1.0424936179016873,-1.8587013594756878
sinapi_es,2026-05,87246,REVESTIMENTO CERÂMICO PARA PISO COM PLACAS TIPO ESMALTADA DE DIMENSÕES 35X35 CM APLICADA EM AMBIENTES DE ÁREA MENOR QUE 5 M2. AF_02/2023_PE,revestimentos_forros,v_6210cb76c5d4ab42,1,-1.0081090705171574,-0.6319457964319836
sinapi_es,2026-05,87247,REVESTIMENTO CERÂMICO PARA PISO COM PLACAS TIPO ESMALTADA DE DIMENSÕES 35X35 CM APLICADA EM AMBIENTES DE ÁREA ENTRE 5 M2 E 10 M2. AF_02/2023_PE,revestimentos_forros,v_6210cb76c5d4ab42,1,-1.1223896323774545,-1.1199638667031682
sinapi_es,2026-05,87248,REVESTIMENTO CERÂMICO PARA PISO COM PLACAS TIPO ESMALTADA DE DIMENSÕES 35X35 CM APLICADA EM AMBIENTES DE ÁREA MAIOR QUE 10 M2. AF_02/2023_PE,revestimentos_forros,v_6210cb76c5d4ab42,1,-1.2748940875494894,-1.8875282876062407
sinapi_es,2026-05,87249,REVESTIMENTO CERÂMICO PARA PISO COM PLACAS TIPO ESMALTADA DE DIMENSÕES 45X45 CM APLICADA EM AMBIENTES DE ÁREA MENOR QUE 5 M2. AF_02/2023_PE,revestimentos_forros,v_6210cb76c5d4ab42,1,-0.9451868228620233,-0.40064824801614046
sinapi_es,2026-05,87250,REVESTIMENTO CERÂMICO PARA PISO COM PLACAS TIPO ESMALTADA DE DIMENSÕES 45X45 CM APLICADA EM AMBIENTES DE ÁREA ENTRE 5 M2 E 10 M2. AF_02/2023_PE,revestimentos_forros,v_6210cb76c5d4ab42,1,-1.0984832060657168,-1.010614384105385
sinapi_es,2026-05,87251,REVESTIMENTO CERÂMICO PARA PISO COM PLACAS TIPO ESMALTADA DE DIMENSÕES 45X45 CM APLICADA EM AMBIENTES DE ÁREA MAIOR QUE 10 M2. AF_02/2023_PE,revestimentos_forros,v_6210cb76c5d4ab42,1,-1.265288996260123,-1.8336203116605923
sinapi_es,2026-05,87255,REVESTIMENTO CERÂMICO PARA PISO COM PLACAS TIPO ESMALTADA DE DIMENSÕES 60X60 CM APLICADA EM AMBIENTES DE ÁREA MENOR QUE 5 M2. AF_02/2023_PE,revestimentos_forros,v_6210cb76c5d4ab42,1,-0.9395497809137702,-0.5597303048504969
sinapi_es,2026-05,87256,REVESTIMENTO CERÂMICO PARA PISO COM PLACAS TIPO ESMALTADA DE DIMENSÕES 60X60 CM APLICADA EM AMBIENTES DE ÁREA ENTRE 5 M2 E 10 M2. AF_02/2023_PE,revestimentos_forros,v_6210cb76c5d4ab42,1,-1.09491626434191,-1.1395384506507502
sinapi_es,2026-05,87257,REVESTIMENTO CERÂMICO PARA PISO COM PLACAS TIPO ESMALTADA DE DIMENSÕES 60X60 CM APLICADA EM AMBIENTES DE ÁREA MAIOR QUE 10 M2. AF_02/2023_PE,revestimentos_forros,v_6210cb76c5d4ab42,1,-1.2642450687737807,-1.922413157273974
sinapi_es,2026-05,87261,REVESTIMENTO CERÂMICO PARA PISO COM PLACAS TIPO PORCELANATO DE DIMENSÕES 60X60 CM APLICADA EM AMBIENTES DE ÁREA MENOR QUE 5 M². AF_02/2023_PE,revestimentos_forros,v_a45a57ffdc06907e,1,-0.9308460091713926,-1.1214191182911435
sinapi_es,2026-05,87262,REVESTIMENTO CERÂMICO PARA PISO COM PLACAS TIPO PORCELANATO DE DIMENSÕES 60X60 CM APLICADA EM AMBIENTES DE ÁREA ENTRE 5 M² E 10 M². AF_02/2023_PE,revestimentos_forros,v_a45a57ffdc06907e,1,-1.0682806164401901,-1.5351352931000997
sinapi_es,2026-05,87263,REVESTIMENTO CERÂMICO PARA PISO COM PLACAS TIPO PORCELANATO DE DIMENSÕES 60X60 CM APLICADA EM AMBIENTES DE ÁREA MAIOR QUE 10 M². AF_02/2023_PE,revestimentos_forros,v_a45a57ffdc06907e,1,-1.2062941646457384,-2.0272854023972067
sinapi_es,2026-05,87265,REVESTIMENTO CERÂMICO PARA PAREDES INTERNAS COM PLACAS TIPO ESMALTADA DE DIMENSÕES 20X20 CM APLICADAS NA ALTURA INTEIRA DAS PAREDES. AF_02/2023_PE,revestimentos_forros,v_02e82877ef07857f,1,-1.0194716145615244,-0.5766865692269226
sinapi_es,2026-05,87267,REVESTIMENTO CERÂMICO PARA PAREDES INTERNAS COM PLACAS TIPO ESMALTADA DE DIMENSÕES 20X20 CM APLICADAS A MEIA ALTURA DAS PAREDES. AF_02/2023_PE,revestimentos_forros,v_02e82877ef07857f,1,-0.9334534769123479,-0.23259262483992657
sinapi_es,2026-05,87269,REVESTIMENTO CERÂMICO PARA PAREDES INTERNAS COM PLACAS TIPO ESMALTADA DE DIMENSÕES 25X35 CM APLICADAS NA ALTURA INTEIRA DAS PAREDES. AF_02/2023_PE,revestimentos_forros,v_02e82877ef07857f,1,-0.9496663550448138,-0.2873797644246549
sinapi_es,2026-05,87271,REVESTIMENTO CERÂMICO PARA PAREDES INTERNAS COM PLACAS TIPO ESMALTADA DE DIMENSÕES 25X35 CM APLICADAS A MEIA ALTURA DAS PAREDES. AF_02/2023_PE,revestimentos_forros,v_02e82877ef07857f,1,-0.8677239661806538,0.012793883992825725
sinapi_es,2026-05,87273,REVESTIMENTO CERÂMICO PARA PAREDES INTERNAS COM PLACAS TIPO ESMALTADA DE DIMENSÕES 33X45 CM APLICADAS NA ALTURA INTEIRA DAS PAREDES. AF_02/2023_PE,revestimentos_forros,v_02e82877ef07857f,1,-0.9285639407073424,-0.24225224905749715
sinapi_es,2026-05,87275,REVESTIMENTO CERÂMICO PARA PAREDES INTERNAS COM PLACAS TIPO ESMALTADA DE DIMENSÕES 33X45 CM APLICADAS A MEIA ALTURA DAS PAREDES. AF_02/2023_PE,revestimentos_forros,v_02e82877ef07857f,1,-0.8259881518522859,0.11190230285449311
sinapi_es,2026-05,87411,"APLICAÇÃO MANUAL DE GESSO DESEMPENADO (SEM TALISCAS) EM TETO DE AMBIENTES DE ÁREA MAIOR QUE 10M², ESPESSURA DE 0,5CM. AF_03/2023",revestimentos_forros,v_c7d6ddbb9b72f71d,1,-1.475625741348292,0.13657376244428016
sinapi_es,2026-05,87412,"APLICAÇÃO MANUAL DE GESSO DESEMPENADO (SEM TALISCAS) EM TETO DE AMBIENTES DE ÁREA ENTRE 5M² E 10M², ESPESSURA DE 0,5CM. AF_03/2023",revestimentos_forros,v_c7d6ddbb9b72f71d,1,-1.2873137540693218,1.1136452607235825
sinapi_es,2026-05,87413,"APLICAÇÃO MANUAL DE GESSO DESEMPENADO (SEM TALISCAS) EM TETO DE AMBIENTES DE ÁREA MENOR QUE 5M², ESPESSURA DE 0,5CM. AF_03/2023",revestimentos_forros,v_c7d6ddbb9b72f71d,1,-1.2057691401117074,1.4278556049061786
sinapi_es,2026-05,87414,"APLICAÇÃO MANUAL DE GESSO DESEMPENADO (SEM TALISCAS) EM TETO DE AMBIENTES DE ÁREA MAIOR QUE 10M², ESPESSURA DE 1,0CM. AF_03/2023",revestimentos_forros,v_c7d6ddbb9b72f71d,1,-1.4704104903792543,-0.16908102803255434
sinapi_es,2026-05,87415,"APLICAÇÃO MANUAL DE GESSO DESEMPENADO (SEM TALISCAS) EM TETO DE AMBIENTES DE ÁREA ENTRE 5M² E 10M², ESPESSURA DE 1,0CM. AF_03/2023",revestimentos_forros,v_c7d6ddbb9b72f71d,1,-1.3010328644706064,0.6323552694651844
sinapi_es,2026-05,87416,"APLICAÇÃO MANUAL DE GESSO DESEMPENADO (SEM TALISCAS) EM TETO DE AMBIENTES DE ÁREA MENOR QUE 5M², ESPESSURA DE 1,0CM. AF_03/2023",revestimentos_forros,v_c7d6ddbb9b72f71d,1,-1.2202124203269773,0.9398236396630623
sinapi_es,2026-05,87418,"APLICAÇÃO MANUAL DE GESSO DESEMPENADO (SEM TALISCAS) EM PAREDES, ESPESSURA DE 0,5CM. AF_03/2023",revestimentos_forros,v_c7d6ddbb9b72f71d,1,-1.4059080255375418,0.539366680222545
sinapi_es,2026-05,87421,"APLICAÇÃO MANUAL DE GESSO DESEMPENADO (SEM TALISCAS) EM PAREDES, ESPESSURA DE 1,0CM. AF_03/2023",revestimentos_forros,v_c7d6ddbb9b72f71d,1,-1.403229359325911,0.17495485277474646
sinapi_es,2026-05,87424,"APLICAÇÃO MANUAL DE GESSO SARRAFEADO (COM TALISCAS) EM PAREDES, ESPESSURA DE 1,0CM. AF_03/2023",revestimentos_forros,v_c7d6ddbb9b72f71d,1,-1.2329873330856935,0.89424251489474
sinapi_es,2026-05,87427,"APLICAÇÃO MANUAL DE GESSO SARRAFEADO (COM TALISCAS) EM PAREDES, ESPESSURA DE 1,5CM. AF_03/2023",revestimentos_forros,v_c7d6ddbb9b72f71d,1,-1.2254382473055248,0.6933527053400456
sinapi_es,2026-05,87430,"APLICAÇÃO DE GESSO PROJETADO COM EQUIPAMENTO DE PROJEÇÃO EM PAREDES, DESEMPENADO (SEM TALISCAS), ESPESSURA DE 0,5CM. AF_03/2023",revestimentos_forros,v_6abd21efb9069b0a,0,1.3271183382000276,0.4617138460073518
sinapi_es,2026-05,87433,"APLICAÇÃO DE GESSO PROJETADO COM EQUIPAMENTO DE PROJEÇÃO EM PAREDES, DESEMPENADO (SEM TALISCAS), ESPESSURA DE 1,0CM. AF_03/2023",revestimentos_forros,v_6abd21efb9069b0a,0,1.4126607166936038,0.03351344981480229
sinapi_es,2026-05,87436,"APLICAÇÃO DE GESSO PROJETADO COM EQUIPAMENTO DE PROJEÇÃO EM PAREDES, SARRAFEADO (COM TALISCAS), ESPESSURA DE 1,0CM. AF_03/2023",revestimentos_forros,v_6abd21efb9069b0a,0,1.4179679880277833,0.3438330791443948
sinapi_es,2026-05,87439,"APLICAÇÃO DE GESSO PROJETADO COM EQUIPAMENTO DE PROJEÇÃO EM PAREDES, SARRAFEADO (COM TALISCAS), ESPESSURA DE 1,5CM. AF_03/2023",revestimentos_forros,v_6abd21efb9069b0a,0,1.4692501894866605,0.2241766627856317
sinapi_es,2026-05,87527,"EMBOÇO, EM ARGAMASSA TRAÇO 1:2:8, PREPARO MECÂNICO, APLICADO MANUALMENTE EM PAREDES INTERNAS DE AMBIENTES COM ÁREA MENOR QUE 5M², E =17,5MM, COM TALISCAS. AF_03/2024",revestimentos_forros,v_8bb45ffaa009f9e8,0,1.7053735932527117,0.44147522167876435
sinapi_es,2026-05,87528,"EMBOÇO, EM ARGAMASSA TRAÇO 1:2:8, PREPARO MANUAL, APLICADO MANUALMENTE EM PAREDES INTERNAS DE AMBIENTES COM ÁREA MENOR QUE 5M², E = 17,5MM, COM TALISCAS. AF_03/2024",revestimentos_forros,v_24e05d145669d072,1,-0.7426807139237287,1.0934256730042051
sinapi_es,2026-05,87529,"MASSA ÚNICA, EM ARGAMASSA TRAÇO 1:2:8, PREPARO MECÂNICO, APLICADA MANUALMENTE EM PAREDES INTERNAS DE AMBIENTES COM ÁREA ENTRE 5M² E 10M², E = 17,5MM, COM TALISCAS. AF_03/2024",revestimentos_forros,v_8bb45ffaa009f9e8,0,1.6782592335639654,0.24972939923318332
sinapi_es,2026-05,87530,"MASSA ÚNICA, EM ARGAMASSA TRAÇO 1:2:8, PREPARO MANUAL, APLICADA MANUALMENTE EM PAREDES INTERNAS DE AMBIENTES COM ÁREA ENTRE 5M² E 10M², E = 17,5MM, COM TALISCAS. AF_03/2024",revestimentos_forros,v_24e05d145669d072,1,-0.7912610114042441,0.9339766033396016
sinapi_es,2026-05,87531,"EMBOÇO, EM ARGAMASSA TRAÇO 1:2:8, PREPARO MECÂNICO, APLICADO MANUALMENTE EM PAREDES INTERNAS DE AMBIENTES COM ÁREA ENTRE 5M² E 10M², E = 17,5MM, COM TALISCAS. AF_03/2024",revestimentos_forros,v_8bb45ffaa009f9e8,0,1.6675195220970453,0.16195162486374806
sinapi_es,2026-05,87532,"EMBOÇO, EM ARGAMASSA TRAÇO 1:2:8, PREPARO MANUAL, APLICADO MANUALMENTE EM PAREDES INTERNAS DE AMBIENTES COM ÁREA ENTRE 5M² E 10M², E = 17,5MM, COM TALISCAS. AF_03/2024",revestimentos_forros,v_24e05d145669d072,1,-0.8118289764499163,0.8618723719730382
sinapi_es,2026-05,87535,"EMBOÇO, EM ARGAMASSA TRAÇO 1:2:8, PREPARO MECÂNICO, APLICADO MANUALMENTE EM PAREDES INTERNAS DE AMBIENTES COM ÁREA MAIOR QUE 10M², E = 17,5MM, COM TALISCAS. AF_03/2024",revestimentos_forros,v_8bb45ffaa009f9e8,0,1.6461377398033823,-0.04004184518621403
sinapi_es,2026-05,87536,"EMBOÇO, EM ARGAMASSA TRAÇO 1:2:8, PREPARO MANUAL, APLICADO MANUALMENTE EM PAREDES INTERNAS DE AMBIENTES COM ÁREA MAIOR QUE 10M², E = 17,5MM, COM TALISCAS. AF_03/2024",revestimentos_forros,v_24e05d145669d072,1,-0.8557970717902774,0.6980272598301137
sinapi_es,2026-05,87539,"EMBOÇO, EM ARGAMASSA INDUSTRIALIZADA, PREPARO MECÂNICO, APLICADO COM EQUIPAMENTO DE MISTURA E PROJEÇÃO DE ARGAMASSA EM PAREDES INTERNAS, E = 17,5MM, COM TALISCAS. AF_03/2024",revestimentos_forros,v_7434d0fbc26aed78,0,1.0191263209943542,-1.8258719623282904
sinapi_es,2026-05,87543,"MASSA ÚNICA, EM ARGAMASSA INDUSTRIALIZADA, PREPARO MECÂNICO, APLICADA COM EQUIPAMENTO DE MISTURA E PROJEÇÃO DE ARGAMASSA EM PAREDES INTERNAS, E = 5MM, SEM TALISCAS. AF_03/2024",revestimentos_forros,v_7434d0fbc26aed78,0,0.9562223871136332,-1.3077550796138928
sinapi_es,2026-05,87545,"EMBOÇO, EM ARGAMASSA TRAÇO 1:2:8, PREPARO MECÂNICO, APLICADO MANUALMENTE EM PAREDES INTERNAS, PARA AMBIENTES COM ÁREA MENOR QUE 5M², E = 10MM, COM TALISCAS. AF_03/2024",revestimentos_forros,v_8bb45ffaa009f9e8,0,1.6434649212712478,0.711564301958304
sinapi_es,2026-05,87546,"EMBOÇO, EM ARGAMASSA TRAÇO 1:2:8, PREPARO MANUAL, APLICADO MANUALMENTE EM PAREDES INTERNAS, PARA AMBIENTES COM ÁREA MENOR QUE 5M², E = 10MM, COM TALISCAS. AF_03/2024",revestimentos_forros,v_24e05d145669d072,1,-0.7891180951197857,1.3069584723588255
sinapi_es,2026-05,87547,"MASSA ÚNICA, EM ARGAMASSA TRAÇO 1:2:8, PREPARO MECÂNICO, APLICADA MANUALMENTE EM PAREDES INTERNAS DE AMBIENTES COM ÁREA ENTRE 5M² E 10M², E = 10MM, COM TALISCAS. AF_03/2024",revestimentos_forros,v_8bb45ffaa009f9e8,0,1.6172881277199769,0.489162157379105
sinapi_es,2026-05,87548,"MASSA ÚNICA, EM ARGAMASSA TRAÇO 1:2:8, PREPARO MANUAL, APLICADA MANUALMENTE EM PAREDES INTERNAS DE AMBIENTES COM ÁREA ENTRE 5M² E 10M², E = 10MM, COM TALISCAS. AF_03/2024",revestimentos_forros,v_24e05d145669d072,1,-0.8409129885786767,1.1181822457176789
sinapi_es,2026-05,87549,"EMBOÇO, EM ARGAMASSA TRAÇO 1:2:8, PREPARO MECÂNICO, APLICADO MANUALMENTE EM PAREDES INTERNAS DE AMBIENTES COM ÁREA ENTRE 5M² E 10M², E = 10MM, COM TALISCAS. AF_03/2024",revestimentos_forros,v_8bb45ffaa009f9e8,0,1.6071885647809627,0.38337300836256527
sinapi_es,2026-05,87550,"EMBOÇO, EM ARGAMASSA TRAÇO 1:2:8, PREPARO MANUAL, APLICADO MANUALMENTE EM PAREDES INTERNAS DE AMBIENTES COM ÁREA ENTRE 5M² E 10M², E = 10MM, COM TALISCAS. AF_03/2024",revestimentos_forros,v_24e05d145669d072,1,-0.8631948059636596,1.029688867889236
sinapi_es,2026-05,87553,"EMBOÇO, EM ARGAMASSA TRAÇO 1:2:8, PREPARO MECÂNICO, APLICADO MANUALMENTE EM PAREDES INTERNAS DE AMBIENTES COM ÁREA MAIOR QUE 10M², E = 10MM, COM TALISCAS. AF_03/2024",revestimentos_forros,v_8bb45ffaa009f9e8,0,1.5875319301052007,0.12642872394883797
sinapi_es,2026-05,87554,"EMBOÇO, EM ARGAMASSA TRAÇO 1:2:8, PREPARO MANUAL, APLICADO MANUALMENTE EM PAREDES INTERNAS DE AMBIENTES COM ÁREA MAIOR QUE 10M², E = 10MM, COM TALISCAS. AF_03/2024",revestimentos_forros,v_24e05d145669d072,1,-0.912356298060278,0.81816123599135
sinapi_es,2026-05,87557,"EMBOÇO, EM ARGAMASSA INDUSTRIALIZADA, PREPARO MECÂNICO, APLICADO COM EQUIPAMENTO DE MISTURA E PROJEÇÃO DE ARGAMASSA EM PAREDES INTERNAS, E = 10MM, COM TALISCAS. AF_03/2024",revestimentos_forros,v_7434d0fbc26aed78,0,0.9820420659652942,-1.6579010198210133
sinapi_es,2026-05,87561,"MASSA ÚNICA, EM ARGAMASSA INDUSTRIALIZADA, PREPARO MECÂNICO, APLICADA COM EQUIPAMENTO DE MISTURA E PROJEÇÃO DE ARGAMASSA EM PAREDES INTERNAS, E = 10MM, SEM TALISCAS. AF_03/2024",revestimentos_forros,v_7434d0fbc26aed78,0,0.9745591321341568,-1.7288573146368595
sinapi_es,2026-05,87620,"CONTRAPISO EM ARGAMASSA TRAÇO 1:4 (CIMENTO E AREIA), PREPARO MECÂNICO COM BETONEIRA 400 L, APLICADO EM ÁREAS SECAS SOBRE LAJE, ADERIDO, ACABAMENTO NÃO REFORÇADO, ESPESSURA 2CM. AF_07/2021",pisos,v_94b5a896e0091a3d,0,1.6123752752568197,-0.7715081969061943
sinapi_es,2026-05,87622,"CONTRAPISO EM ARGAMASSA TRAÇO 1:4 (CIMENTO E AREIA), PREPARO MANUAL, APLICADO EM ÁREAS SECAS SOBRE LAJE, ADERIDO, ACABAMENTO NÃO REFORÇADO, ESPESSURA 2CM. AF_07/2021",pisos,v_97dd5d32fe0edcd3,1,-0.9871226791487704,0.059314815538716203
sinapi_es,2026-05,87623,"CONTRAPISO EM ARGAMASSA PRONTA, PREPARO MECÂNICO COM MISTURADOR 300 KG, APLICADO EM ÁREAS SECAS SOBRE LAJE, ADERIDO, ACABAMENTO NÃO REFORÇADO, ESPESSURA 2CM. AF_07/2021",pisos,v_2f43c12459cf14a7,0,1.4038805202256466,-2.509542811600645
sinapi_es,2026-05,87624,"CONTRAPISO EM ARGAMASSA PRONTA, PREPARO MANUAL, APLICADO EM ÁREAS SECAS SOBRE LAJE, ADERIDO, ACABAMENTO NÃO REFORÇADO, ESPESSURA 2CM. AF_07/2021",pisos,v_62907f057e82d9be,1,-1.1461726930506608,-1.607230842001257
sinapi_es,2026-05,87630,"CONTRAPISO EM ARGAMASSA TRAÇO 1:4 (CIMENTO E AREIA), PREPARO MECÂNICO COM BETONEIRA 400 L, APLICADO EM ÁREAS SECAS SOBRE LAJE, ADERIDO, ACABAMENTO NÃO REFORÇADO, ESPESSURA 3CM. AF_07/2021",pisos,v_94b5a896e0091a3d,0,1.6664740818355814,-0.8833278132300288
sinapi_es,2026-05,87632,"CONTRAPISO EM ARGAMASSA TRAÇO 1:4 (CIMENTO E AREIA), PREPARO MANUAL, APLICADO EM ÁREAS SECAS SOBRE LAJE, ADERIDO, ACABAMENTO NÃO REFORÇADO, ESPESSURA 3CM. AF_07/2021",pisos,v_97dd5d32fe0edcd3,1,-0.9457629438462662,-0.00017418624845633087
sinapi_es,2026-05,87633,"CONTRAPISO EM ARGAMASSA PRONTA, PREPARO MECÂNICO COM MISTURADOR 300 KG, APLICADO EM ÁREAS SECAS SOBRE LAJE, ADERIDO, ACABAMENTO NÃO REFORÇADO, ESPESSURA 3CM. AF_07/2021",pisos,v_2f43c12459cf14a7,0,1.433581036456579,-2.619617422422142
sinapi_es,2026-05,87634,"CONTRAPISO EM ARGAMASSA PRONTA, PREPARO MANUAL, APLICADO EM ÁREAS SECAS SOBRE LAJE, ADERIDO, ACABAMENTO NÃO REFORÇADO, ESPESSURA 3CM. AF_07/2021",pisos,v_62907f057e82d9be,1,-1.0977742845905671,-1.676057666189692
sinapi_es,2026-05,87640,"CONTRAPISO EM ARGAMASSA TRAÇO 1:4 (CIMENTO E AREIA), PREPARO MECÂNICO COM BETONEIRA 400 L, APLICADO EM ÁREAS SECAS SOBRE LAJE, ADERIDO, ACABAMENTO NÃO REFORÇADO, ESPESSURA 4CM. AF_07/2021",pisos,v_94b5a896e0091a3d,0,1.7039406317978079,-0.9391769945572883
sinapi_es,2026-05,87642,"CONTRAPISO EM ARGAMASSA TRAÇO 1:4 (CIMENTO E AREIA), PREPARO MANUAL, APLICADO EM ÁREAS SECAS SOBRE LAJE, ADERIDO, ACABAMENTO NÃO REFORÇADO, ESPESSURA 4CM. AF_07/2021",pisos,v_97dd5d32fe0edcd3,1,-0.9091946374107059,-0.024877525266497797
sinapi_es,2026-05,87643,"CONTRAPISO EM ARGAMASSA PRONTA, PREPARO MECÂNICO COM MISTURADOR 300 KG, APLICADO EM ÁREAS SECAS SOBRE LAJE, ADERIDO, ACABAMENTO NÃO REFORÇADO, ESPESSURA 4CM. AF_07/2021",pisos,v_2f43c12459cf14a7,0,1.4570090504935471,-2.670906128845984
sinapi_es,2026-05,87644,"CONTRAPISO EM ARGAMASSA PRONTA, PREPARO MANUAL, APLICADO EM ÁREAS SECAS SOBRE LAJE, ADERIDO, ACABAMENTO NÃO REFORÇADO, ESPESSURA 4CM. AF_07/2021",pisos,v_62907f057e82d9be,1,-1.0547728195626327,-1.7021467503005274
sinapi_es,2026-05,87680,"CONTRAPISO EM ARGAMASSA TRAÇO 1:4 (CIMENTO E AREIA), PREPARO MECÂNICO COM BETONEIRA 400 L, APLICADO EM ÁREAS SECAS SOBRE LAJE, NÃO ADERIDO, ACABAMENTO NÃO REFORÇADO, ESPESSURA 4CM. AF_07/2021",pisos,v_29b44ca548b9cac1,0,1.5419107375067391,-0.8339222499811163
sinapi_es,2026-05,87682,"CONTRAPISO EM ARGAMASSA TRAÇO 1:4 (CIMENTO E AREIA), PREPARO MANUAL, APLICADO EM ÁREAS SECAS SOBRE LAJE, NÃO ADERIDO, ACABAMENTO NÃO REFORÇADO, ESPESSURA 4CM. AF_07/2021",pisos,v_075cfc5a3e03140d,1,-1.1095677053319637,0.10036872667895035
sinapi_es,2026-05,87683,"CONTRAPISO EM ARGAMASSA PRONTA, PREPARO MECÂNICO COM MISTURADOR 300 KG, APLICADO EM ÁREAS SECAS SOBRE LAJE, NÃO ADERIDO, ACABAMENTO NÃO REFORÇADO, ESPESSURA 4CM. AF_07/2021",pisos,v_b0d656714f76cdeb,0,1.0576909309621145,-2.633112674311892
sinapi_es,2026-05,87684,"CONTRAPISO EM ARGAMASSA PRONTA, PREPARO MANUAL, APLICADO EM ÁREAS SECAS SOBRE LAJE, NÃO ADERIDO, ACABAMENTO NÃO REFORÇADO, ESPESSURA 4CM. AF_07/2021",pisos,v_a7f8d84caec12b35,1,-1.4673547905123598,-1.6474465967134788
sinapi_es,2026-05,87690,"CONTRAPISO EM ARGAMASSA TRAÇO 1:4 (CIMENTO E AREIA), PREPARO MECÂNICO COM BETONEIRA 400 L, APLICADO EM ÁREAS SECAS SOBRE LAJE, NÃO ADERIDO, ACABAMENTO NÃO REFORÇADO, ESPESSURA 5CM. AF_07/2021",pisos,v_29b44ca548b9cac1,0,1.567275644817644,-0.8210598937288531
sinapi_es,2026-05,87692,"CONTRAPISO EM ARGAMASSA TRAÇO 1:4 (CIMENTO E AREIA), PREPARO MANUAL, APLICADO EM ÁREAS SECAS SOBRE LAJE, NÃO ADERIDO, ACABAMENTO NÃO REFORÇADO, ESPESSURA 5CM. AF_07/2021",pisos,v_075cfc5a3e03140d,1,-1.0705897917433294,0.11827432854569045
sinapi_es,2026-05,87693,"CONTRAPISO EM ARGAMASSA PRONTA, PREPARO MECÂNICO COM MISTURADOR 300 KG, APLICADO EM ÁREAS SECAS SOBRE LAJE, NÃO ADERIDO, ESPESSURA 5CM. AF_07/2021",pisos,v_b0d656714f76cdeb,0,1.081454501623646,-2.621743194226237
sinapi_es,2026-05,87694,"CONTRAPISO EM ARGAMASSA PRONTA, PREPARO MANUAL, APLICADO EM ÁREAS SECAS SOBRE LAJE, NÃO ADERIDO, ACABAMENTO NÃO REFORÇADO, ESPESSURA 5CM. AF_07/2021",pisos,v_a7f8d84caec12b35,1,-1.423064998691859,-1.6277589079108752
sinapi_es,2026-05,87700,"CONTRAPISO EM ARGAMASSA TRAÇO 1:4 (CIMENTO E AREIA), PREPARO MECÂNICO COM BETONEIRA 400 L, APLICADO EM ÁREAS SECAS SOBRE LAJE, NÃO ADERIDO, ACABAMENTO NÃO REFORÇADO, ESPESSURA 6CM. AF_07/2021",pisos,v_29b44ca548b9cac1,0,1.5822524308120978,-0.8484012745547664
sinapi_es,2026-05,87702,"CONTRAPISO EM ARGAMASSA TRAÇO 1:4 (CIMENTO E AREIA), PREPARO MANUAL, APLICADO EM ÁREAS SECAS SOBRE LAJE, NÃO ADERIDO, ACABAMENTO NÃO REFORÇADO, ESPESSURA 6CM. AF_07/2021",pisos,v_075cfc5a3e03140d,1,-1.050862265348213,0.10344013513814368
sinapi_es,2026-05,87703,"CONTRAPISO EM ARGAMASSA PRONTA, PREPARO MECÂNICO COM MISTURADOR 300 KG, APLICADO EM ÁREAS SECAS SOBRE LAJE, NÃO ADERIDO, ACABAMENTO NÃO REFORÇADO, ESPESSURA 6CM. AF_07/2021",pisos,v_b0d656714f76cdeb,0,1.0929085887465515,-2.6378800343423046
sinapi_es,2026-05,87704,"CONTRAPISO EM ARGAMASSA PRONTA, PREPARO MANUAL, APLICADO EM ÁREAS SECAS SOBRE LAJE, NÃO ADERIDO, ACABAMENTO NÃO REFORÇADO, ESPESSURA 6CM. AF_07/2021",pisos,v_a7f8d84caec12b35,1,-1.3987852530941376,-1.6336720165364313
sinapi_es,2026-05,87735,"CONTRAPISO EM ARGAMASSA TRAÇO 1:4 (CIMENTO E AREIA), PREPARO MECÂNICO COM BETONEIRA 400 L, APLICADO EM ÁREAS MOLHADAS SOBRE LAJE, ADERIDO, ACABAMENTO NÃO REFORÇADO, ESPESSURA 2CM. AF_07/2021",pisos,v_94b5a896e0091a3d,0,1.7084512064621895,0.3053379255093328
sinapi_es,2026-05,87737,"CONTRAPISO EM ARGAMASSA TRAÇO 1:4 (CIMENTO E AREIA), PREPARO MANUAL, APLICADO EM ÁREAS MOLHADAS SOBRE LAJE, ADERIDO, ACABAMENTO NÃO REFORÇADO, ESPESSURA 2CM. AF_07/2021",pisos,v_97dd5d32fe0edcd3,1,-0.7666916827762571,0.94176297959059
sinapi_es,2026-05,87738,"CONTRAPISO EM ARGAMASSA PRONTA, PREPARO MECÂNICO COM MISTURADOR 300 KG, APLICADO EM ÁREAS MOLHADAS SOBRE LAJE, ADERIDO, ACABAMENTO NÃO REFORÇADO, ESPESSURA 2CM. AF_07/2021",pisos,v_2f43c12459cf14a7,0,1.5524710723931212,-1.5614377072800831
sinapi_es,2026-05,87739,"CONTRAPISO EM ARGAMASSA PRONTA, PREPARO MANUAL, APLICADO EM ÁREAS MOLHADAS SOBRE LAJE, ADERIDO, ACABAMENTO NÃO REFORÇADO, ESPESSURA 2CM. AF_07/2021",pisos,v_62907f057e82d9be,1,-0.9348150863191975,-0.8089474712691628
sinapi_es,2026-05,87745,"CONTRAPISO EM ARGAMASSA TRAÇO 1:4 (CIMENTO E AREIA), PREPARO MECÂNICO COM BETONEIRA 400 L, APLICADO EM ÁREAS MOLHADAS SOBRE LAJE, ADERIDO, ACABAMENTO NÃO REFORÇADO, ESPESSURA 3CM. AF_07/2021",pisos,v_94b5a896e0091a3d,0,1.761205078530615,0.0664830189425055
sinapi_es,2026-05,87747,"CONTRAPISO EM ARGAMASSA TRAÇO 1:4 (CIMENTO E AREIA), PREPARO MANUAL, APLICADO EM ÁREAS MOLHADAS SOBRE LAJE, ADERIDO, ACABAMENTO NÃO REFORÇADO, ESPESSURA 3CM. AF_07/2021",pisos,v_97dd5d32fe0edcd3,1,-0.738261910084129,0.7623356004398716
sinapi_es,2026-05,87748,"CONTRAPISO EM ARGAMASSA PRONTA, PREPARO MECÂNICO COM MISTURADOR 300 KG, APLICADO EM ÁREAS MOLHADAS SOBRE LAJE, ADERIDO, ACABAMENTO NÃO REFORÇADO, ESPESSURA 3CM. AF_07/2021",pisos,v_2f43c12459cf14a7,0,1.5779383626218433,-1.8472687484857477
sinapi_es,2026-05,87749,"CONTRAPISO EM ARGAMASSA PRONTA, PREPARO MANUAL, APLICADO EM ÁREAS MOLHADAS SOBRE LAJE, ADERIDO, ACABAMENTO NÃO REFORÇADO, ESPESSURA 3CM. AF_07/2021",pisos,v_62907f057e82d9be,1,-0.9029182333329937,-1.0308427804294429
sinapi_es,2026-05,87755,"CONTRAPISO EM ARGAMASSA TRAÇO 1:4 (CIMENTO E AREIA), PREPARO MECÂNICO COM BETONEIRA 400 L, APLICADO EM ÁREAS MOLHADAS SOBRE IMPERMEABILIZAÇÃO, ACABAMENTO NÃO REFORÇADO, ESPESSURA 3CM. AF_07/2021",pisos,v_29b44ca548b9cac1,0,1.598552490163193,0.31057878803600425
sinapi_es,2026-05,87757,"CONTRAPISO EM ARGAMASSA TRAÇO 1:4 (CIMENTO E AREIA), PREPARO MANUAL, APLICADO EM ÁREAS MOLHADAS SOBRE IMPERMEABILIZAÇÃO, ACABAMENTO NÃO REFORÇADO, ESPESSURA 3CM. AF_07/2021",pisos,v_075cfc5a3e03140d,1,-0.9072329103480383,0.9896607118174844
sinapi_es,2026-05,87758,"CONTRAPISO EM ARGAMASSA PRONTA, PREPARO MECÂNICO COM MISTURADOR 300 KG, APLICADO EM ÁREAS MOLHADAS SOBRE IMPERMEABILIZAÇÃO, ACABAMENTO NÃO REFORÇADO, ESPESSURA 3CM. AF_07/2021",pisos,v_f64394b82abce301,0,1.4013220688453518,-1.7145999561888898
sinapi_es,2026-05,87759,"CONTRAPISO EM ARGAMASSA PRONTA, PREPARO MANUAL, APLICADO EM ÁREAS MOLHADAS SOBRE IMPERMEABILIZAÇÃO, ACABAMENTO NÃO REFORÇADO, ESPESSURA 3CM. AF_07/2021",pisos,v_154c373b9e02a0da,1,-1.0828307996864663,-0.9050116734927336
sinapi_es,2026-05,87765,"CONTRAPISO EM ARGAMASSA TRAÇO 1:4 (CIMENTO E AREIA), PREPARO MECÂNICO COM BETONEIRA 400 L, APLICADO EM ÁREAS MOLHADAS SOBRE IMPERMEABILIZAÇÃO, ACABAMENTO NÃO REFORÇADO, ESPESSURA 4CM. AF_07/2021",pisos,v_29b44ca548b9cac1,0,1.6344089768161398,0.14511544193228354
sinapi_es,2026-05,87767,"CONTRAPISO EM ARGAMASSA TRAÇO 1:4 (CIMENTO E AREIA), PREPARO MANUAL, APLICADO EM ÁREAS MOLHADAS SOBRE IMPERMEABILIZAÇÃO, ACABAMENTO NÃO REFORÇADO, ESPESSURA 4CM. AF_07/2021",pisos,v_075cfc5a3e03140d,1,-0.8808599293016605,0.8654710365942715
sinapi_es,2026-05,87768,"CONTRAPISO EM ARGAMASSA PRONTA, PREPARO MECÂNICO COM MISTURADOR 300 KG, APLICADO EM ÁREAS MOLHADAS SOBRE IMPERMEABILIZAÇÃO, ACABAMENTO NÃO REFORÇADO, ESPESSURA 4CM. AF_07/2021",pisos,v_f64394b82abce301,0,1.4212343386713997,-1.8792823809607142
sinapi_es,2026-05,87769,"CONTRAPISO EM ARGAMASSA PRONTA, PREPARO MANUAL, APLICADO EM ÁREAS MOLHADAS SOBRE IMPERMEABILIZAÇÃO, ACABAMENTO NÃO REFORÇADO, ESPESSURA 4CM. AF_07/2021",pisos,v_154c373b9e02a0da,1,-1.049863764263805,-1.0290946239673138
sinapi_es,2026-05,87775,"EMBOÇO OU MASSA ÚNICA EM ARGAMASSA TRAÇO 1:2:8, PREPARO MECÂNICO COM BETONEIRA 400 L, APLICADA MANUALMENTE EM PANOS DE FACHADA COM PRESENÇA DE VÃOS, ESPESSURA DE 25 MM. AF_08/2022",revestimentos_forros,v_0dda16f0d0457dc9,0,2.0153774625823555,0.7718794057959043
sinapi_es,2026-05,87777,"EMBOÇO OU MASSA ÚNICA EM ARGAMASSA TRAÇO 1:2:8, PREPARO MANUAL, APLICADA MANUALMENTE EM PANOS DE FACHADA COM PRESENÇA DE VÃOS, ESPESSURA DE 25 MM. AF_08/2022",revestimentos_forros,v_2ec0264e935bd491,1,-0.3659456484259199,1.3582975297949105
sinapi_es,2026-05,87778,"EMBOÇO OU MASSA ÚNICA EM ARGAMASSA INDUSTRIALIZADA, PREPARO MECÂNICO E APLICAÇÃO COM EQUIPAMENTO DE MISTURA E PROJEÇÃO DE 1,5 M3/H DE ARGAMASSA EM PANOS DE FACHADA COM PRESENÇA DE VÃOS, ESPESSURA DE 25 MM. AF_08/2022",revestimentos_forros,v_738f1c14af134ee4,0,1.4564745339788245,-0.7270965581412702
sinapi_es,2026-05,87779,"EMBOÇO OU MASSA ÚNICA EM ARGAMASSA TRAÇO 1:2:8, PREPARO MECÂNICO COM BETONEIRA 400 L, APLICADA MANUALMENTE EM PANOS DE FACHADA COM PRESENÇA DE VÃOS, ESPESSURA DE 35 MM. AF_08/2022",revestimentos_forros,v_0dda16f0d0457dc9,0,2.141007522277821,0.8113718242026
sinapi_es,2026-05,87781,"EMBOÇO OU MASSA ÚNICA EM ARGAMASSA TRAÇO 1:2:8, PREPARO MANUAL, APLICADA MANUALMENTE EM PANOS DE FACHADA COM PRESENÇA DE VÃOS, ESPESSURA DE 35 MM. AF_08/2022",revestimentos_forros,v_2ec0264e935bd491,1,-0.2280925626641672,1.4114298563845558
sinapi_es,2026-05,87783,"EMBOÇO OU MASSA ÚNICA EM ARGAMASSA INDUSTRIALIZADA, PREPARO MECÂNICO E APLICAÇÃO COM EQUIPAMENTO DE MISTURA E PROJEÇÃO DE 1,5 M3/H DE ARGAMASSA EM PANOS DE FACHADA COM PRESENÇA DE VÃOS, ESPESSURA DE 35 MM. AF_08/2022",revestimentos_forros,v_738f1c14af134ee4,0,1.5672634471080809,-0.7236827204205047
sinapi_es,2026-05,87784,"EMBOÇO OU MASSA ÚNICA EM ARGAMASSA TRAÇO 1:2:8, PREPARO MECÂNICO COM BETONEIRA 400 L, APLICADA MANUALMENTE EM PANOS DE FACHADA COM PRESENÇA DE VÃOS, ESPESSURA DE 45 MM. AF_08/2022",revestimentos_forros,v_0dda16f0d0457dc9,0,2.1633077175777937,0.5896184258608774
sinapi_es,2026-05,87786,"EMBOÇO OU MASSA ÚNICA EM ARGAMASSA TRAÇO 1:2:8, PREPARO MANUAL, APLICADA MANUALMENTE EM PANOS DE FACHADA COM PRESENÇA DE VÃOS, ESPESSURA DE 45 MM. AF_08/2022",revestimentos_forros,v_2ec0264e935bd491,1,-0.2156896857322397,1.2346335968878464
sinapi_es,2026-05,87787,"EMBOÇO OU MASSA ÚNICA EM ARGAMASSA INDUSTRIALIZADA, PREPARO MECÂNICO E APLICAÇÃO COM EQUIPAMENTO DE MISTURA E PROJEÇÃO DE 1,5 M3/H DE ARGAMASSA EM PANOS DE FACHADA COM PRESENÇA DE VÃOS, ESPESSURA DE 45 MM. AF_08/2022",revestimentos_forros,v_738f1c14af134ee4,0,1.573278097920439,-1.0087573296167824
sinapi_es,2026-05,87788,"EMBOÇO OU MASSA ÚNICA EM ARGAMASSA TRAÇO 1:2:8, PREPARO MECÂNICO COM BETONEIRA 400 L, APLICADA MANUALMENTE EM PANOS DE FACHADA COM PRESENÇA DE VÃOS, ESPESSURA MAIOR OU IGUAL A 50 MM. AF_08/2022",revestimentos_forros,v_0dda16f0d0457dc9,0,2.288159901013419,0.7943124500338213
sinapi_es,2026-05,87791,"EMBOÇO OU MASSA ÚNICA EM ARGAMASSA INDUSTRIALIZADA, PREPARO MECÂNICO E APLICAÇÃO COM EQUIPAMENTO DE MISTURA E PROJEÇÃO DE 1,5 M3/H DE ARGAMASSA EM PANOS DE FACHADA COM PRESENÇA DE VÃOS, ESPESSURA MAIOR OU IGUAL A 50 MM. AF_08/2022",revestimentos_forros,v_738f1c14af134ee4,0,1.6300780976024405,-0.9671468842023276
sinapi_es,2026-05,87792,"EMBOÇO OU MASSA ÚNICA EM ARGAMASSA TRAÇO 1:2:8, PREPARO MECÂNICO COM BETONEIRA 400 L, APLICADA MANUALMENTE EM PANOS CEGOS DE FACHADA (SEM PRESENÇA DE VÃOS), ESPESSURA DE 25 MM. AF_08/2022",revestimentos_forros,v_0dda16f0d0457dc9,0,1.8634463793426672,0.1653289992345777
sinapi_es,2026-05,87794,"EMBOÇO OU MASSA ÚNICA EM ARGAMASSA TRAÇO 1:2:8, PREPARO MANUAL, APLICADA MANUALMENTE EM PANOS CEGOS DE FACHADA (SEM PRESENÇA DE VÃOS), ESPESSURA DE 25 MM. AF_09/2022",revestimentos_forros,v_2ec0264e935bd491,1,-0.5723347590843716,0.8280145247010958
sinapi_es,2026-05,87795,"EMBOÇO OU MASSA ÚNICA EM ARGAMASSA INDUSTRIALIZADA, PREPARO MECÂNICO E APLICAÇÃO COM EQUIPAMENTO DE MISTURA E PROJEÇÃO DE 1,5 M3/H DE ARGAMASSA EM PANOS CEGOS DE FACHADA (SEM PRESENÇA DE VÃOS), ESPESSURA DE 25 MM. AF_08/2022",revestimentos_forros,v_738f1c14af134ee4,0,1.2974234437685037,-1.3716673728763449
sinapi_es,2026-05,87797,"EMBOÇO OU MASSA ÚNICA EM ARGAMASSA TRAÇO 1:2:8, PREPARO MECÂNICO COM BETONEIRA 400 L, APLICADA MANUALMENTE EM PANOS CEGOS DE FACHADA (SEM PRESENÇA DE VÃOS), ESPESSURA DE 35 MM. AF_08/2022",revestimentos_forros,v_0dda16f0d0457dc9,0,1.9896982140953825,0.37674441294696426
sinapi_es,2026-05,87799,"EMBOÇO OU MASSA ÚNICA EM ARGAMASSA TRAÇO 1:2:8, PREPARO MANUAL, APLICADA MANUALMENTE EM PANOS CEGOS DE FACHADA (SEM PRESENÇA DE VÃOS), ESPESSURA DE 35 MM. AF_08/2022",revestimentos_forros,v_2ec0264e935bd491,1,-0.42022819530838584,1.0275403879669425
sinapi_es,2026-05,87800,"EMBOÇO OU MASSA ÚNICA EM ARGAMASSA INDUSTRIALIZADA, PREPARO MECÂNICO E APLICAÇÃO COM EQUIPAMENTO DE MISTURA E PROJEÇÃO DE 1,5 M3/H DE ARGAMASSA EM PANOS CEGOS DE FACHADA (SEM PRESENÇA DE VÃOS), ESPESSURA DE 35 MM. AF_08/2022",revestimentos_forros,v_738f1c14af134ee4,0,1.4132608648599088,-1.1946036753842728
sinapi_es,2026-05,87801,"EMBOÇO OU MASSA ÚNICA EM ARGAMASSA TRAÇO 1:2:8, PREPARO MECÂNICO COM BETONEIRA 400 L, APLICADA MANUALMENTE EM PANOS CEGOS DE FACHADA (SEM PRESENÇA DE VÃOS), ESPESSURA DE 45 MM. AF_08/2022",revestimentos_forros,v_0dda16f0d0457dc9,0,2.012646499133177,0.146754210216449
sinapi_es,2026-05,87803,"EMBOÇO OU MASSA ÚNICA EM ARGAMASSA TRAÇO 1:2:8, PREPARO MANUAL, APLICADA MANUALMENTE EM PANOS CEGOS DE FACHADA (SEM PRESENÇA DE VÃOS), ESPESSURA DE 45 MM. AF_08/2022",revestimentos_forros,v_2ec0264e935bd491,1,-0.40994447414418766,0.8501795212808786
sinapi_es,2026-05,87804,"EMBOÇO OU MASSA ÚNICA EM ARGAMASSA INDUSTRIALIZADA, PREPARO MECÂNICO E APLICAÇÃO COM EQUIPAMENTO DE MISTURA E PROJEÇÃO DE 1,5 M3/H DE ARGAMASSA EM PANOS CEGOS DE FACHADA (SEM PRESENÇA DE VÃOS), ESPESSURA DE 45 MM. AF_08/2022",revestimentos_forros,v_738f1c14af134ee4,0,1.4197665226522278,-1.4529811874546976
sinapi_es,2026-05,87805,"EMBOÇO OU MASSA ÚNICA EM ARGAMASSA TRAÇO 1:2:8, PREPARO MECÂNICO COM BETONEIRA 400 L, APLICADA MANUALMENTE EM PANOS CEGOS DE FACHADA (SEM PRESENÇA DE VÃOS), ESPESSURA MAIOR OU IGUAL A 50 MM. AF_08/2022",revestimentos_forros,v_0dda16f0d0457dc9,0,2.051860199009785,0.16438722374771852
sinapi_es,2026-05,87807,"EMBOÇO OU MASSA ÚNICA EM ARGAMASSA TRAÇO 1:2:8, PREPARO MANUAL, APLICADA MANUALMENTE EM PANOS CEGOS DE FACHADA (SEM PRESENÇA DE VÃOS), ESPESSURA MAIOR OU IGUAL A 50 MM. AF_08/2022",revestimentos_forros,v_2ec0264e935bd491,1,-0.36362843654172033,0.8731354268711369
sinapi_es,2026-05,87808,"EMBOÇO OU MASSA ÚNICA EM ARGAMASSA INDUSTRIALIZADA, PREPARO MECÂNICO E APLICAÇÃO COM EQUIPAMENTO DE MISTURA E PROJEÇÃO DE 1,5 M3/H DE ARGAMASSA EM PANOS CEGOS DE FACHADA (SEM PRESENÇA DE VÃOS), ESPESSURA MAIOR OU IGUAL A 50 MM. AF_08/2022",revestimentos_forros,v_738f1c14af134ee4,0,1.4149092936413146,-1.5890033054292219
sinapi_es,2026-05,87809,"EMBOÇO OU MASSA ÚNICA EM ARGAMASSA TRAÇO 1:2:8, PREPARO MECÂNICO COM BETONEIRA 400 L, APLICADA MANUALMENTE EM SUPERFÍCIES EXTERNAS DA SACADA, ESPESSURA DE 25 MM, SEM USO DE TELA METÁLICA DE REFORÇO CONTRA FISSURAÇÃO. AF_08/2022",revestimentos_forros,v_8bb45ffaa009f9e8,0,2.115685352703153,1.6667910572801719
sinapi_es,2026-05,87811,"EMBOÇO OU MASSA ÚNICA EM ARGAMASSA TRAÇO 1:2:8, PREPARO MANUAL, APLICADA MANUALMENTE EM SUPERFÍCIES EXTERNAS DA SACADA, ESPESSURA DE 25 MM, SEM USO DE TELA METÁLICA DE REFORÇO CONTRA FISSURAÇÃO. AF_08/2022",revestimentos_forros,v_24e05d145669d072,1,-0.20394054438003908,2.1771732482576294
sinapi_es,2026-05,87812,"EMBOÇO OU MASSA ÚNICA EM ARGAMASSA INDUSTRIALIZADA, PREPARO MECÂNICO E APLICAÇÃO COM EQUIPAMENTO DE MISTURA E PROJEÇÃO DE 1,5 M3/H EM SUPERFÍCIES EXTERNAS DA SACADA, ESPESSURA 25 MM, SEM USO DE TELA METÁLICA. AF_08/2022",revestimentos_forros,v_7434d0fbc26aed78,0,1.5617881089430288,0.39406580844955735
sinapi_es,2026-05,87813,"EMBOÇO OU MASSA ÚNICA EM ARGAMASSA TRAÇO 1:2:8, PREPARO MECÂNICO COM BETONEIRA 400 L, APLICADA MANUALMENTE EM SUPERFÍCIES EXTERNAS DA SACADA, ESPESSURA DE 35 MM, SEM USO DE TELA METÁLICA DE REFORÇO CONTRA FISSURAÇÃO. AF_08/2022",revestimentos_forros,v_8bb45ffaa009f9e8,0,2.2377157114974087,1.6023768476182967
sinapi_es,2026-05,87815,"EMBOÇO OU MASSA ÚNICA EM ARGAMASSA TRAÇO 1:2:8, PREPARO MANUAL, APLICADA MANUALMENTE EM SUPERFÍCIES EXTERNAS DA SACADA, ESPESSURA DE 35 MM, SEM USO DE TELA METÁLICA DE REFORÇO CONTRA FISSURAÇÃO. AF_08/2022",revestimentos_forros,v_24e05d145669d072,1,-0.07823503117672548,2.1318028761826118
sinapi_es,2026-05,87816,"EMBOÇO OU MASSA ÚNICA EM ARGAMASSA INDUSTRIALIZADA, PREPARO MECÂNICO E APLICAÇÃO COM EQUIPAMENTO DE MISTURA E PROJEÇÃO DE 1,5 M3/H EM SUPERFÍCIES EXTERNAS DA SACADA, ESPESSURA 35 MM, SEM USO DE TELA METÁLICA. AF_08/2022",revestimentos_forros,v_7434d0fbc26aed78,0,1.664739343389818,0.23972569647886438
sinapi_es,2026-05,87817,"EMBOÇO OU MASSA ÚNICA EM ARGAMASSA TRAÇO 1:2:8, PREPARO MECÂNICO COM BETONEIRA 400 L, APLICADA MANUALMENTE EM SUPERFÍCIES EXTERNAS DA SACADA, ESPESSURA DE 45 MM, SEM USO DE TELA METÁLICA DE REFORÇO CONTRA FISSURAÇÃO. AF_08/2022",revestimentos_forros,v_8bb45ffaa009f9e8,0,2.2563397301808297,1.4133877424897456
sinapi_es,2026-05,87819,"EMBOÇO OU MASSA ÚNICA EM ARGAMASSA TRAÇO 1:2:8, PREPARO MANUAL, APLICADA MANUALMENTE EM SUPERFÍCIES EXTERNAS DA SACADA, ESPESSURA DE 45 MM, SEM USO DE TELA METÁLICA DE REFORÇO CONTRA FISSURAÇÃO. AF_08/2022",revestimentos_forros,v_24e05d145669d072,1,-0.06603528182226959,1.9722150935376335
sinapi_es,2026-05,87820,"EMBOÇO OU MASSA ÚNICA EM ARGAMASSA INDUSTRIALIZADA, PREPARO MECÂNICO E APLICAÇÃO COM EQUIPAMENTO DE MISTURA E PROJEÇÃO DE 1,5 M3/H EM SUPERFÍCIES EXTERNAS DA SACADA, ESPESSURA 45 MM, SEM USO DE TELA METÁLICA. AF_08/2022",revestimentos_forros,v_7434d0fbc26aed78,0,1.6681408316942805,-0.0692797798375598
sinapi_es,2026-05,87821,"EMBOÇO OU MASSA ÚNICA EM ARGAMASSA TRAÇO 1:2:8, PREPARO MECÂNICO COM BETONEIRA 400 L, APLICADA MANUALMENTE EM SUPERFÍCIES EXTERNAS DA SACADA, ESPESSURA MAIOR OU IGUAL A 50 MM, SEM USO DE TELA METÁLICA DE REFORÇO CONTRA FISSURAÇÃO. AF_08/2022",revestimentos_forros,v_8bb45ffaa009f9e8,0,2.554229005285226,1.7355066959728396
sinapi_es,2026-05,87823,"EMBOÇO OU MASSA ÚNICA EM ARGAMASSA TRAÇO 1:2:8, PREPARO MANUAL, APLICADA MANUALMENTE EM SUPERFÍCIES EXTERNAS DA SACADA, ESPESSURA MAIOR OU IGUAL A 50 MM, SEM USO DE TELA METÁLICA DE REFORÇO CONTRA FISSURAÇÃO. AF_08/2022",revestimentos_forros,v_24e05d145669d072,1,0.26598449704496624,2.276588688766502
sinapi_es,2026-05,87824,"EMBOÇO OU MASSA ÚNICA EM ARGAMASSA INDUSTRIALIZADA, PREPARO MECÂNICO E APLICAÇÃO COM EQUIPAMENTO DE MISTURA E PROJEÇÃO DE 1,5 M3/H EM SUPERFÍCIES EXTERNAS DA SACADA, ESPESSURA MAIOR OU IGUAL A 50 MM, SEM USO DE TELA METÁLICA. AF_08/2022",revestimentos_forros,v_7434d0fbc26aed78,0,1.8434360765549538,0.15959654682329907
sinapi_es,2026-05,87825,"EMBOÇO OU MASSA ÚNICA EM ARGAMASSA TRAÇO 1:2:8, PREPARO MECÂNICO COM BETONEIRA 400 L, APLICADA MANUALMENTE NAS PAREDES INTERNAS DA SACADA, ESPESSURA DE 25 MM, SEM USO DE TELA METÁLICA DE REFORÇO CONTRA FISSURAÇÃO. AF_08/2022",revestimentos_forros,v_8bb45ffaa009f9e8,0,2.0341262344873625,1.3309604288562393
sinapi_es,2026-05,87827,"EMBOÇO OU MASSA ÚNICA EM ARGAMASSA TRAÇO 1:2:8, PREPARO MANUAL, APLICADA MANUALMENTE NAS PAREDES INTERNAS DA SACADA, ESPESSURA DE 25 MM, SEM USO DE TELA METÁLICA DE REFORÇO CONTRA FISSURAÇÃO. AF_08/2022",revestimentos_forros,v_24e05d145669d072,1,-0.3116123712824561,1.8780811185529285
sinapi_es,2026-05,87828,"EMBOÇO OU MASSA ÚNICA EM ARGAMASSA INDUSTRIALIZADA, PREPARO MECÂNICO E APLICAÇÃO COM EQUIPAMENTO DE MISTURA E PROJEÇÃO DE 1,5 M3/H NAS PAREDES INTERNAS DA SACADA, ESPESSURA 25 MM, SEM USO DE TELA METÁLICA. AF_08/2022",revestimentos_forros,v_7434d0fbc26aed78,0,1.4671503534676302,-0.1352627542627227
sinapi_es,2026-05,87829,"EMBOÇO OU MASSA ÚNICA EM ARGAMASSA TRAÇO 1:2:8, PREPARO MECÂNICO COM BETONEIRA 400 L, APLICADA MANUALMENTE NAS PAREDES INTERNAS DA SACADA, ESPESSURA DE 35 MM, SEM USO DE TELA METÁLICA DE REFORÇO CONTRA FISSURAÇÃO. AF_08/2022",revestimentos_forros,v_8bb45ffaa009f9e8,0,2.1440564049972286,1.2387386647535663
sinapi_es,2026-05,87831,"EMBOÇO OU MASSA ÚNICA EM ARGAMASSA TRAÇO 1:2:8, PREPARO MANUAL, APLICADA MANUALMENTE NAS PAREDES INTERNAS DA SACADA, ESPESSURA DE 35 MM, SEM USO DE TELA METÁLICA DE REFORÇO CONTRA FISSURAÇÃO. AF_08/2022",revestimentos_forros,v_24e05d145669d072,1,-0.19647749372773,1.8122568656563218
sinapi_es,2026-05,87832,"EMBOÇO OU MASSA ÚNICA EM ARGAMASSA INDUSTRIALIZADA, PREPARO MECÂNICO E APLICAÇÃO COM EQUIPAMENTO DE MISTURA E PROJEÇÃO DE 1,5 M3/H DE ARGAMASSA NAS PAREDES INTERNAS DA SACADA, ESPESSURA 35 MM, SEM USO DE TELA METÁLICA. AF_08/2022",revestimentos_forros,v_7434d0fbc26aed78,0,1.558107174563458,-0.29921639505477393
sinapi_es,2026-05,87838,REVESTIMENTO DECORATIVO MONOCAMADA EXECUTADO MANUALMENTE EM FACHADA DE UM EDIFÍCIO DE ESTRUTURA CONVENCIONAL E ACABAMENTO RASPADO. AF_03/2024,revestimentos_forros,v_260c495867574e3c,0,1.0725960354152675,-2.6082371024526907
sinapi_es,2026-05,87839,REVESTIMENTO DECORATIVO MONOCAMADA EXECUTADO MANUALMENTE EM FACHADA DE UM EDIFÍCIO DE ALVENARIA ESTRUTURAL E ACABAMENTO RASPADO. AF_03/2024,revestimentos_forros,v_260c495867574e3c,0,1.0483441484998302,-2.4187817853636338
sinapi_es,2026-05,87840,REVESTIMENTO DECORATIVO MONOCAMADA EXECUTADO COM EQUIPAMENTO DE PROJEÇÃO EM FACHADA DE UM EDIFÍCIO DE ESTRUTURA CONVENCIONAL E ACABAMENTO RASPADO. AF_03/2024,revestimentos_forros,v_9b3cd13d2c60dcbb,0,0.34221869495755936,-2.680250988677936
sinapi_es,2026-05,87841,REVESTIMENTO DECORATIVO MONOCAMADA EXECUTADO COM EQUIPAMENTO DE PROJEÇÃO EM FACHADA DE UM EDIFÍCIO DE ALVENARIA ESTRUTURAL E ACABAMENTO RASPADO. AF_03/2024,revestimentos_forros,v_9b3cd13d2c60dcbb,0,0.31481469883336965,-2.560304419830395
sinapi_es,2026-05,87850,REVESTIMENTO DECORATIVO MONOCAMADA EXECUTADO MANUALMENTE EM FACHADA DE UM EDIFÍCIO DE ESTRUTURA CONVENCIONAL E ACABAMENTO TRAVERTINO. AF_03/2024,revestimentos_forros,v_691ea7b2a67bd1a9,0,2.6047424545066504,-2.7537896867679468
sinapi_es,2026-05,87851,REVESTIMENTO DECORATIVO MONOCAMADA EXECUTADO MANUALMENTE EM FACHADA DE UM EDIFÍCIO DE ALVENARIA ESTRUTURAL E ACABAMENTO TRAVERTINO. AF_03/2024,revestimentos_forros,v_691ea7b2a67bd1a9,0,2.6127459736764944,-2.56405684850635
sinapi_es,2026-05,87852,REVESTIMENTO DECORATIVO MONOCAMADA EXECUTADO COM EQUIPAMENTO DE PROJEÇÃO EM FACHADA DE UM EDIFÍCIO DE ESTRUTURA CONVENCIONAL E ACABAMENTO TRAVERTINO. AF_03/2024,revestimentos_forros,v_ef213c5110223ba7,0,1.868595657503985,-2.835111216265112
sinapi_es,2026-05,87853,REVESTIMENTO DECORATIVO MONOCAMADA EXECUTADO COM EQUIPAMENTO DE PROJEÇÃO EM FACHADA DE UM EDIFÍCIO DE ALVENARIA ESTRUTURAL E ACABAMENTO TRAVERTINO. AF_03/2024,revestimentos_forros,v_ef213c5110223ba7,0,1.8770113134666029,-2.7082864554101937
sinapi_es,2026-05,87878,"CHAPISCO APLICADO EM ALVENARIAS E ESTRUTURAS DE CONCRETO INTERNAS, COM COLHER DE PEDREIRO. ARGAMASSA TRAÇO 1:3 COM PREPARO MANUAL. AF_10/2022",revestimentos_forros,v_fc4a651ffca3f5de,1,-1.2036220328704494,1.246993206403887
sinapi_es,2026-05,87879,"CHAPISCO APLICADO EM ALVENARIAS E ESTRUTURAS DE CONCRETO INTERNAS, COM COLHER DE PEDREIRO. ARGAMASSA TRAÇO 1:3 COM PREPARO EM BETONEIRA 400L. AF_10/2022",revestimentos_forros,v_63f842857787dc25,0,1.3166595649816744,0.6294435353698359
sinapi_es,2026-05,87881,"CHAPISCO APLICADO NO TETO OU EM ALVENARIA E ESTRUTURA, COM ROLO PARA TEXTURA ACRÍLICA. ARGAMASSA TRAÇO 1:4 E EMULSÃO POLIMÉRICA (ADESIVO) COM PREPARO MANUAL. AF_10/2022",revestimentos_forros,v_39ebadde4b76a042,1,-1.2527923546111366,-0.9470273900854488
sinapi_es,2026-05,87882,"CHAPISCO APLICADO NO TETO OU EM ALVENARIA E ESTRUTURA, COM ROLO PARA TEXTURA ACRÍLICA. ARGAMASSA TRAÇO 1:4 E EMULSÃO POLIMÉRICA (ADESIVO) COM PREPARO EM BETONEIRA 400L. AF_10/2022",revestimentos_forros,v_b6d05ad6d24b8c6f,0,1.1056294008750391,-1.521427612491938
sinapi_es,2026-05,87884,"CHAPISCO APLICADO NO TETO OU EM ALVENARIA E ESTRUTURA, COM ROLO PARA TEXTURA ACRÍLICA. ARGAMASSA INDUSTRIALIZADA COM PREPARO MANUAL. AF_10/2022",revestimentos_forros,v_a2b4d55d2b2678c9,1,-1.7521487579545845,-1.8026746865540937
sinapi_es,2026-05,87885,"CHAPISCO APLICADO NO TETO OU EM ALVENARIA E ESTRUTURA, COM ROLO PARA TEXTURA ACRÍLICA. ARGAMASSA INDUSTRIALIZADA COM PREPARO EM MISTURADOR 300 KG. AF_10/2022",revestimentos_forros,v_6bb66584dea6b1c6,0,0.6593710259871682,-2.437452600041683
sinapi_es,2026-05,87886,"CHAPISCO APLICADO NO TETO OU EM ESTRUTURA, COM DESEMPENADEIRA DENTADA. ARGAMASSA INDUSTRIALIZADA COM PREPARO MANUAL. AF_10/2022",revestimentos_forros,v_4e2f3fcd90db892b,1,-1.5946360919345302,-0.721430421937056
sinapi_es,2026-05,87887,"CHAPISCO APLICADO NO TETO OU EM ESTRUTURA, COM DESEMPENADEIRA DENTADA. ARGAMASSA INDUSTRIALIZADA COM PREPARO EM MISTURADOR 300 KG. AF_10/2022",revestimentos_forros,v_1d3542762f78fc65,0,0.8584223557226361,-1.3455637751212135
sinapi_es,2026-05,87888,"CHAPISCO APLICADO EM ALVENARIA (SEM PRESENÇA DE VÃOS) E ESTRUTURAS DE CONCRETO DE FACHADA, COM ROLO PARA TEXTURA ACRÍLICA. ARGAMASSA TRAÇO 1:4 E EMULSÃO POLIMÉRICA (ADESIVO) COM PREPARO MANUAL. AF_10/2022",revestimentos_forros,v_39ebadde4b76a042,1,-1.1253409979150628,0.0823720293100352
sinapi_es,2026-05,87889,"CHAPISCO APLICADO EM ALVENARIA (SEM PRESENÇA DE VÃOS) E ESTRUTURAS DE CONCRETO DE FACHADA, COM ROLO PARA TEXTURA ACRÍLICA. ARGAMASSA TRAÇO 1:4 E EMULSÃO POLIMÉRICA (ADESIVO) COM PREPARO EM BETONEIRA 400L. AF_10/2022",revestimentos_forros,v_b6d05ad6d24b8c6f,0,1.2043435568842837,-0.42696264114645227
sinapi_es,2026-05,87891,"CHAPISCO APLICADO EM ALVENARIA (SEM PRESENÇA DE VÃOS) E ESTRUTURAS DE CONCRETO DE FACHADA, COM ROLO PARA TEXTURA ACRÍLICA. ARGAMASSA INDUSTRIALIZADA COM PREPARO MANUAL. AF_10/2022",revestimentos_forros,v_a2b4d55d2b2678c9,1,-1.6444719518134812,-0.9567040656884127
sinapi_es,2026-05,87892,"CHAPISCO APLICADO EM ALVENARIA (SEM PRESENÇA DE VÃOS) E ESTRUTURAS DE CONCRETO DE FACHADA, COM ROLO PARA TEXTURA ACRÍLICA. ARGAMASSA INDUSTRIALIZADA COM PREPARO EM MISTURADOR 300 KG. AF_10/2022",revestimentos_forros,v_6bb66584dea6b1c6,0,0.7392763328188265,-1.5198423582788052
sinapi_es,2026-05,87893,"CHAPISCO APLICADO EM ALVENARIA (SEM PRESENÇA DE VÃOS) E ESTRUTURAS DE CONCRETO DE FACHADA, COM COLHER DE PEDREIRO. ARGAMASSA TRAÇO 1:3 COM PREPARO MANUAL. AF_10/2022",revestimentos_forros,v_fc4a651ffca3f5de,1,-1.1195502096151098,1.8000412564252457
sinapi_es,2026-05,87894,"CHAPISCO APLICADO EM ALVENARIA (SEM PRESENÇA DE VÃOS) E ESTRUTURAS DE CONCRETO DE FACHADA, COM COLHER DE PEDREIRO. ARGAMASSA TRAÇO 1:3 COM PREPARO EM BETONEIRA 400L. AF_10/2022",revestimentos_forros,v_63f842857787dc25,0,1.2996574168473096,1.287296602415664
sinapi_es,2026-05,87896,"CHAPISCO APLICADO EM ALVENARIA (SEM PRESENÇA DE VÃOS) E ESTRUTURAS DE CONCRETO DE FACHADA, COM EQUIPAMENTO DE PROJEÇÃO. ARGAMASSA TRAÇO 1:3 COM PREPARO MANUAL. AF_10/2022",revestimentos_forros,v_c5e57e75b12dabfc,2,1.8785680381395513,0.9669886321868744
sinapi_es,2026-05,87897,"CHAPISCO APLICADO EM ALVENARIA (SEM PRESENÇA DE VÃOS) E ESTRUTURAS DE CONCRETO DE FACHADA, COM EQUIPAMENTO DE PROJEÇÃO. ARGAMASSA TRAÇO 1:3 COM PREPARO EM BETONEIRA 400 L. AF_10/2022",revestimentos_forros,v_1185705062e107c3,2,4.533022829831781,0.3653575785256947
sinapi_es,2026-05,87899,"CHAPISCO APLICADO EM ALVENARIA (COM PRESENÇA DE VÃOS) E ESTRUTURAS DE CONCRETO DE FACHADA, COM ROLO PARA TEXTURA ACRÍLICA. ARGAMASSA TRAÇO 1:4 E EMULSÃO POLIMÉRICA (ADESIVO) COM PREPARO MANUAL. AF_10/2022",revestimentos_forros,v_39ebadde4b76a042,1,-1.0864871109920076,0.37520695023978395
sinapi_es,2026-05,87900,"CHAPISCO APLICADO EM ALVENARIA (COM PRESENÇA DE VÃOS) E ESTRUTURAS DE CONCRETO DE FACHADA, COM ROLO PARA TEXTURA ACRÍLICA. ARGAMASSA TRAÇO 1:4 E EMULSÃO POLIMÉRICA (ADESIVO) COM PREPARO EM BETONEIRA 400L. AF_10/2022",revestimentos_forros,v_b6d05ad6d24b8c6f,0,1.2347597400432602,-0.11962828348679908
sinapi_es,2026-05,87902,"CHAPISCO APLICADO EM ALVENARIA (COM PRESENÇA DE VÃOS) E ESTRUTURAS DE CONCRETO DE FACHADA, COM ROLO PARA TEXTURA ACRÍLICA. ARGAMASSA INDUSTRIALIZADA COM PREPARO MANUAL. AF_10/2022",revestimentos_forros,v_a2b4d55d2b2678c9,1,-1.6067033797055295,-0.6739365286927615
sinapi_es,2026-05,87903,"CHAPISCO APLICADO EM ALVENARIA (COM PRESENÇA DE VÃOS) E ESTRUTURAS DE CONCRETO DE FACHADA, COM ROLO PARA TEXTURA ACRÍLICA. ARGAMASSA INDUSTRIALIZADA COM PREPARO EM MISTURADOR 300 KG. AF_10/2022",revestimentos_forros,v_6bb66584dea6b1c6,0,0.7675322963040998,-1.2169140400488874
sinapi_es,2026-05,87904,"CHAPISCO APLICADO EM ALVENARIA (COM PRESENÇA DE VÃOS) E ESTRUTURAS DE CONCRETO DE FACHADA, COM COLHER DE PEDREIRO. ARGAMASSA TRAÇO 1:3 COM PREPARO MANUAL. AF_10/2022",revestimentos_forros,v_fc4a651ffca3f5de,1,-1.092013617351353,1.9473525932433275
sinapi_es,2026-05,87905,"CHAPISCO APLICADO EM ALVENARIA (COM PRESENÇA DE VÃOS) E ESTRUTURAS DE CONCRETO DE FACHADA, COM COLHER DE PEDREIRO. ARGAMASSA TRAÇO 1:3 COM PREPARO EM BETONEIRA 400L. AF_10/2022",revestimentos_forros,v_63f842857787dc25,0,1.3012297391297112,1.4539520367430907
sinapi_es,2026-05,87907,"CHAPISCO APLICADO EM ALVENARIA (COM PRESENÇA DE VÃOS) E ESTRUTURAS DE CONCRETO DE FACHADA, COM EQUIPAMENTO DE PROJEÇÃO. ARGAMASSA TRAÇO 1:3 COM PREPARO MANUAL. AF_10/2022",revestimentos_forros,v_c5e57e75b12dabfc,2,2.1053947803176594,1.1838301276894847
sinapi_es,2026-05,87908,"CHAPISCO APLICADO EM ALVENARIA (COM PRESENÇA DE VÃOS) E ESTRUTURAS DE CONCRETO DE FACHADA, COM EQUIPAMENTO DE PROJEÇÃO. ARGAMASSA TRAÇO 1:3 COM PREPARO EM BETONEIRA 400 L. AF_10/2022",revestimentos_forros,v_1185705062e107c3,2,4.699713425483954,0.6296119245208589
sinapi_es,2026-05,87910,"CHAPISCO APLICADO SOMENTE NA ESTRUTURA DE CONCRETO DA FACHADA, COM DESEMPENADEIRA DENTADA. ARGAMASSA INDUSTRIALIZADA COM PREPARO MANUAL. AF_10/2022",revestimentos_forros,v_4e2f3fcd90db892b,1,-1.4270990641173014,0.3227680790938419
sinapi_es,2026-05,87911,"CHAPISCO APLICADO SOMENTE NA ESTRUTURA DE CONCRETO DA FACHADA, COM DESEMPENADEIRA DENTADA. ARGAMASSA INDUSTRIALIZADA COM PREPARO EM MISTURADOR 300 KG. AF_10/2022",revestimentos_forros,v_1d3542762f78fc65,0,0.9665456309036614,-0.2032333985245615
sinapi_es,2026-05,88411,APLICAÇÃO MANUAL DE FUNDO SELADOR ACRÍLICO EM PANOS COM PRESENÇA DE VÃOS DE EDIFÍCIOS DE MÚLTIPLOS PAVIMENTOS. AF_03/2024,pintura,v_1d0fca730eee8849,1,-1.6747708012450422,-1.0411937133098272
sinapi_es,2026-05,88412,APLICAÇÃO MANUAL DE FUNDO SELADOR ACRÍLICO EM PANOS CEGOS DE FACHADA (SEM PRESENÇA DE VÃOS) DE EDIFÍCIOS DE MÚLTIPLOS PAVIMENTOS. AF_03/2024,pintura,v_1d0fca730eee8849,1,-1.7437604199422332,-1.6246864257643452
sinapi_es,2026-05,88413,APLICAÇÃO MANUAL DE FUNDO SELADOR ACRÍLICO EM SUPERFÍCIES EXTERNAS DE SACADA DE EDIFÍCIOS DE MÚLTIPLOS PAVIMENTOS. AF_03/2024,pintura,v_1d0fca730eee8849,1,-1.556383435517389,-0.05496276353959817
sinapi_es,2026-05,88414,APLICAÇÃO MANUAL DE FUNDO SELADOR ACRÍLICO EM SUPERFÍCIES INTERNAS DA SACADA DE EDIFÍCIOS DE MÚLTIPLOS PAVIMENTOS. AF_03/2024,pintura,v_1d0fca730eee8849,1,-1.563594672161282,-0.16022355750887105
sinapi_es,2026-05,88415,APLICAÇÃO MANUAL DE FUNDO SELADOR ACRÍLICO EM PAREDES EXTERNAS DE CASAS. AF_03/2024,pintura,v_1d0fca730eee8849,1,-1.6518949626925936,-0.8439043399333367
sinapi_es,2026-05,88416,"APLICAÇÃO MANUAL DE PINTURA COM TINTA TEXTURIZADA ACRÍLICA EM PANOS COM PRESENÇA DE VÃOS DE EDIFÍCIOS DE MÚLTIPLOS PAVIMENTOS, UMA COR. AF_03/2024",pintura,v_5100f6de27d60bb3,1,-1.7304341506296037,-1.7975194012455908
sinapi_es,2026-05,88417,"APLICAÇÃO MANUAL DE PINTURA COM TINTA TEXTURIZADA ACRÍLICA EM PANOS CEGOS DE FACHADA (SEM PRESENÇA DE VÃOS) DE EDIFÍCIOS DE MÚLTIPLOS PAVIMENTOS, UMA COR. AF_03/2024",pintura,v_5100f6de27d60bb3,1,-1.8119468477308243,-2.3754693329356336
sinapi_es,2026-05,88420,"APLICAÇÃO MANUAL DE PINTURA COM TINTA TEXTURIZADA ACRÍLICA EM SUPERFÍCIES EXTERNAS DE SACADA DE EDIFÍCIOS DE MÚLTIPLOS PAVIMENTOS, UMA COR. AF_03/2024",pintura,v_5100f6de27d60bb3,1,-1.5834130678582998,-0.7878733746570846
sinapi_es,2026-05,88421,"APLICAÇÃO MANUAL DE PINTURA COM TINTA TEXTURIZADA ACRÍLICA EM SUPERFÍCIES INTERNAS DA SACADA DE EDIFÍCIOS DE MÚLTIPLOS PAVIMENTOS, UMA COR. AF_03/2024",pintura,v_5100f6de27d60bb3,1,-1.579040109718996,-0.868038455057298
sinapi_es,2026-05,88423,"APLICAÇÃO MANUAL DE PINTURA COM TINTA TEXTURIZADA ACRÍLICA EM PAREDES EXTERNAS DE CASAS, UMA COR. AF_03/2024",pintura,v_5100f6de27d60bb3,1,-1.7048994135761573,-1.6083147741022563
sinapi_es,2026-05,88424,"APLICAÇÃO MANUAL DE PINTURA COM TINTA TEXTURIZADA ACRÍLICA EM PANOS COM PRESENÇA DE VÃOS DE EDIFÍCIOS DE MÚLTIPLOS PAVIMENTOS, DUAS CORES. AF_03/2024",pintura,v_5100f6de27d60bb3,1,-1.612524722790449,-1.005125210962273
sinapi_es,2026-05,88426,"APLICAÇÃO MANUAL DE PINTURA COM TINTA TEXTURIZADA ACRÍLICA EM PANOS CEGOS DE FACHADA (SEM PRESENÇA DE VÃOS) DE EDIFÍCIOS DE MÚLTIPLOS PAVIMENTOS, DUAS CORES. AF_03/2024",pintura,v_5100f6de27d60bb3,1,-1.7285559002932998,-1.7644556912431741
sinapi_es,2026-05,88428,"APLICAÇÃO MANUAL DE PINTURA COM TINTA TEXTURIZADA ACRÍLICA EM SUPERFÍCIES EXTERNAS DE SACADA DE EDIFÍCIOS DE MÚLTIPLOS PAVIMENTOS, DUAS CORES. AF_03/2024",pintura,v_5100f6de27d60bb3,1,-1.4218569022386263,0.13249308831071402
sinapi_es,2026-05,88429,"APLICAÇÃO MANUAL DE PINTURA COM TINTA TEXTURIZADA ACRÍLICA EM SUPERFÍCIES INTERNAS DA SACADA DE EDIFÍCIOS DE MÚLTIPLOS PAVIMENTOS, DUAS CORES. AF_03/2024",pintura,v_5100f6de27d60bb3,1,-1.4069596171926735,0.05537130923564744
sinapi_es,2026-05,88431,"APLICAÇÃO MANUAL DE PINTURA COM TINTA TEXTURIZADA ACRÍLICA EM PAREDES EXTERNAS DE CASAS, DUAS CORES. AF_03/2024",pintura,v_5100f6de27d60bb3,1,-1.5784868075358094,-0.7746818913379888
sinapi_es,2026-05,88432,APLICAÇÃO MANUAL DE PINTURA COM TINTA TEXTURIZADA ACRÍLICA EM MOLDURAS DE EPS. AF_03/2024,pintura,v_5100f6de27d60bb3,1,-1.4103911984549633,0.1902150709670586
sinapi_es,2026-05,88470,"CONTRAPISO COM ARGAMASSA AUTONIVELANTE, APLICADO SOBRE LAJE, NÃO ADERIDO, ESPESSURA 3CM. AF_07/2021",pisos,v_c63e00e738214a4f,1,-1.824569943668571,-2.5919832366186237
sinapi_es,2026-05,88471,"CONTRAPISO COM ARGAMASSA AUTONIVELANTE, APLICADO SOBRE LAJE, NÃO ADERIDO, ESPESSURA 4CM. AF_07/2021",pisos,v_c63e00e738214a4f,1,-1.801872125652919,-2.4993853123657934
sinapi_es,2026-05,88472,"CONTRAPISO COM ARGAMASSA AUTONIVELANTE, APLICADO SOBRE LAJE, NÃO ADERIDO, ESPESSURA 5CM. AF_07/2021",pisos,v_c63e00e738214a4f,1,-1.7870006756709256,-2.4523552579582044
sinapi_es,2026-05,88476,"CONTRAPISO COM ARGAMASSA AUTONIVELANTE, APLICADO SOBRE LAJE, ADERIDO, ESPESSURA 2CM. AF_07/2021",pisos,v_79c54f2f25deb3fa,1,-1.6530038744806184,-2.785407553685114
sinapi_es,2026-05,88477,"CONTRAPISO COM ARGAMASSA AUTONIVELANTE, APLICADO SOBRE LAJE, ADERIDO, ESPESSURA 3CM. AF_07/2021",pisos,v_79c54f2f25deb3fa,1,-1.6080633456279096,-2.5430024927813664
sinapi_es,2026-05,88478,"CONTRAPISO COM ARGAMASSA AUTONIVELANTE, APLICADO SOBRE LAJE, ADERIDO, ESPESSURA 4CM. AF_07/2021",pisos,v_79c54f2f25deb3fa,1,-1.5811484216982015,-2.4334017633884497
sinapi_es,2026-05,88484,"FUNDO SELADOR ACRÍLICO, APLICAÇÃO MANUAL EM TETO, UMA DEMÃO. AF_04/2023",pintura,v_1d0fca730eee8849,1,-1.4475560110240668,0.910075899485669
sinapi_es,2026-05,88485,"FUNDO SELADOR ACRÍLICO, APLICAÇÃO MANUAL EM PAREDE, UMA DEMÃO. AF_04/2023",pintura,v_1d0fca730eee8849,1,-1.5070002787807368,0.44377787868392354
sinapi_es,2026-05,88488,"PINTURA LÁTEX ACRÍLICA PREMIUM, APLICAÇÃO MANUAL EM TETO, DUAS DEMÃOS. AF_04/2023",pintura,v_7e3e8961eae87472,1,-1.4523321555937285,0.42776332002599715
sinapi_es,2026-05,88489,"PINTURA LÁTEX ACRÍLICA PREMIUM, APLICAÇÃO MANUAL EM PAREDES, DUAS DEMÃOS. AF_04/2023",pintura,v_7e3e8961eae87472,1,-1.5300218236824539,-0.0845203785836203
sinapi_es,2026-05,88494,"EMASSAMENTO COM MASSA LÁTEX, APLICAÇÃO EM TETO, UMA DEMÃO, LIXAMENTO MANUAL. AF_04/2023",pintura,v_b60ac7b7366d771c,1,-0.9706127989948724,2.0904790660725454
sinapi_es,2026-05,88495,"EMASSAMENTO COM MASSA LÁTEX, APLICAÇÃO EM PAREDE, UMA DEMÃO, LIXAMENTO MANUAL. AF_04/2023",pintura,v_b60ac7b7366d771c,1,-1.1326935041380386,1.4331987729352846
sinapi_es,2026-05,88496,"EMASSAMENTO COM MASSA LÁTEX, APLICAÇÃO EM TETO, DUAS DEMÃOS, LIXAMENTO MANUAL. AF_04/2023",pintura,v_b60ac7b7366d771c,1,-0.9010163403789231,1.9649557709285272
sinapi_es,2026-05,88497,"EMASSAMENTO COM MASSA LÁTEX, APLICAÇÃO EM PAREDE, DUAS DEMÃOS, LIXAMENTO MANUAL. AF_04/2023",pintura,v_b60ac7b7366d771c,1,-1.1179498686175846,1.194805066263217
sinapi_es,2026-05,88788,"REVESTIMENTO CERÂMICO PARA PAREDES EXTERNAS EM PASTILHAS DE PORCELANA 2,5 X 2,5 CM (PLACAS DE 30 X 30 CM), ALINHADAS A PRUMO. AF_02/2023",revestimentos_forros,v_4ce9dfa589fed770,1,-1.129071517430745,-2.121028004257205
sinapi_es,2026-05,88789,"REVESTIMENTO CERÂMICO PARA PAREDES EXTERNAS EM PASTILHAS DE PORCELANA 2,5 X 2,5 CM (PLACAS DE 30 X 30 CM), ALINHADAS A PRUMO, APLICADO EM SUPERFÍCIES INTERNAS DE SACADA. AF_02/2023",revestimentos_forros,v_4ce9dfa589fed770,1,-1.0563179074220386,-2.1288505986703603
sinapi_es,2026-05,90406,"MASSA ÚNICA, EM ARGAMASSA TRAÇO 1:2:8, PREPARO MECÂNICO, APLICADA MANUALMENTE EM TETO, E = 17,5MM, COM TALISCAS. AF_03/2024",revestimentos_forros,v_8bb45ffaa009f9e8,0,1.739520023417645,0.638416296390541
sinapi_es,2026-05,90408,"MASSA ÚNICA, EM ARGAMASSA TRAÇO 1:2:8, PREPARO MECÂNICO, APLICADA MANUALMENTE EM TETO, E = 10MM, COM TALISCAS. AF_03/2024",revestimentos_forros,v_8bb45ffaa009f9e8,0,1.6693401440182947,0.8825349020743755
sinapi_es,2026-05,90930,"CONTRAPISO ACÚSTICO EM ARGAMASSA TRAÇO 1:4 (CIMENTO E AREIA), PREPARO MECÂNICO COM BETONEIRA 400L, APLICADO EM ÁREAS SECAS, ACABAMENTO NÃO REFORÇADO, ESPESSURA 5CM. AF_07/2021",pisos,v_4df52df6c44cbc08,0,1.7901028876575724,-1.3214866500710742
sinapi_es,2026-05,90932,"CONTRAPISO ACÚSTICO EM ARGAMASSA TRAÇO 1:4 (CIMENTO E AREIA), PREPARO MANUAL, APLICADO EM ÁREAS SECAS, ACABAMENTO NÃO REFORÇADO, ESPESSURA 5CM. AF_07/2021",pisos,v_95981b220db9bf84,1,-0.659933467244141,-0.4924218322226616
sinapi_es,2026-05,90933,"CONTRAPISO ACÚSTICO EM ARGAMASSA PRONTA, PREPARO MECÂNICO COM MISTURADOR 300 KG, APLICADO EM ÁREAS SECAS, ACABAMENTO NÃO REFORÇADO, ESPESSURA 5CM. AF_07/2021",pisos,v_ff56b43e88b46c6d,0,1.4749703842582949,-2.5487687437550286
sinapi_es,2026-05,90934,"CONTRAPISO ACÚSTICO EM ARGAMASSA PRONTA, PREPARO MANUAL, APLICADO EM ÁREAS SECAS, ACABAMENTO NÃO REFORÇADO, ESPESSURA 5CM. AF_07/2021",pisos,v_212bbdd0cd6dd298,1,-0.9490835488525077,-1.6510509896026648
sinapi_es,2026-05,90940,"CONTRAPISO ACÚSTICO EM ARGAMASSA TRAÇO 1:4 (CIMENTO E AREIA), PREPARO MECÂNICO COM BETONEIRA 400L, APLICADO EM ÁREAS SECAS, ACABAMENTO NÃO REFORÇADO, ESPESSURA 6CM. AF_07/2021",pisos,v_4df52df6c44cbc08,0,1.831075130453601,-1.2380568400272396
sinapi_es,2026-05,90942,"CONTRAPISO ACÚSTICO EM ARGAMASSA TRAÇO 1:4 (CIMENTO E AREIA), PREPARO MANUAL, APLICADO EM ÁREAS SECAS, ACABAMENTO NÃO REFORÇADO, ESPESSURA 6CM. AF_07/2021",pisos,v_95981b220db9bf84,1,-0.6158070903455589,-0.4062510127839905
sinapi_es,2026-05,90943,"CONTRAPISO ACÚSTICO EM ARGAMASSA PRONTA, PREPARO MECÂNICO COM MISTURADOR 300 KG, APLICADO EM ÁREAS SECAS, ACABAMENTO NÃO REFORÇADO, ESPESSURA 6CM. AF_07/2021",pisos,v_ff56b43e88b46c6d,0,1.5071866066510469,-2.511849203407995
sinapi_es,2026-05,90944,"CONTRAPISO ACÚSTICO EM ARGAMASSA PRONTA, PREPARO MANUAL, APLICADO EM ÁREAS SECA, ACABAMENTO NÃO REFORÇADO, ESPESSURA 6CM. AF_07/2021",pisos,v_212bbdd0cd6dd298,1,-0.9059366292759828,-1.607270935729941
sinapi_es,2026-05,90950,"CONTRAPISO ACÚSTICO EM ARGAMASSA TRAÇO 1:4 (CIMENTO E AREIA), PREPARO MECÂNICO COM BETONEIRA 400L, APLICADO EM ÁREAS SECAS, ACABAMENTO NÃO REFORÇADO, ESPESSURA 7CM. AF_07/2021",pisos,v_4df52df6c44cbc08,0,1.9017111546552805,-1.1083577358092154
sinapi_es,2026-05,90952,"CONTRAPISO ACÚSTICO EM ARGAMASSA TRAÇO 1:4 (CIMENTO E AREIA), PREPARO MANUAL, APLICADO EM ÁREAS SECAS, ACABAMENTO NÃO REFORÇADO, ESPESSURA 7CM. AF_07/2021",pisos,v_95981b220db9bf84,1,-0.537664401175785,-0.2713755358370316
sinapi_es,2026-05,90953,"CONTRAPISO ACÚSTICO EM ARGAMASSA PRONTA, PREPARO MECÂNICO COM MISTURADOR 300 KG, APLICADO EM ÁREAS SECAS, ACABAMENTO NÃO REFORÇADO, ESPESSURA 7CM. AF_07/2021",pisos,v_ff56b43e88b46c6d,0,1.5638369515353578,-2.453919758674274
sinapi_es,2026-05,90954,"CONTRAPISO ACÚSTICO EM ARGAMASSA PRONTA, PREPARO MANUAL, APLICADO EM ÁREAS SECAS, ACABAMENTO NÃO REFORÇADO, ESPESSURA 7CM. AF_07/2021",pisos,v_212bbdd0cd6dd298,1,-0.8281734641493668,-1.5369756712861276
sinapi_es,2026-05,91515,"ESTUCAMENTO DE DENSIDADE BAIXA DE PANOS DE FACHADA DO SISTEMA DE PAREDES DE CONCRETO EM EDIFICAÇÕES DE MÚLTIPLOS PAVIMENTOS, PAVIMENTOS SUPERIORES, UTILIZAÇÃO DE ARGAMASSA COLANTE. AF_12/2024",revestimentos_forros,v_81765fda21aa5994,1,-1.2499505971623601,2.622697903696339
sinapi_es,2026-05,91519,"ESTUCAMENTO DE DENSIDADE BAIXA DE PANOS DE FACHADA DO SISTEMA DE PAREDES DE CONCRETO EM UNIDADES HABITACIONAIS DE PAVIMENTO ÚNICO, UTILIZAÇÃO DE ARGAMASSA COLANTE. AF_12/2024",revestimentos_forros,v_81765fda21aa5994,1,-1.308211168060619,2.3378247276028246
sinapi_es,2026-05,91520,"ESTUCAMENTO DE DENSIDADE BAIXA NAS FACES INTERNAS DE PAREDES DO SISTEMA DE PAREDES DE CONCRETO, EM AMBIENTES COM ÁREA ENTRE 5 M² E 10 M², UTILIZAÇÃO DE ARGAMASSA COLANTE. AF_12/2024",revestimentos_forros,v_fbf4f0f1e02ad5f8,1,-1.2868830047412885,2.5282931488674345
sinapi_es,2026-05,91522,"ESTUCAMENTO PARA QUALQUER REVESTIMENTO, EM TETO DO SISTEMA DE PAREDES DE CONCRETO, EM AMBIENTES COM ÁREA ENTRE 5 M² E 10 M², UTILIZAÇÃO DE ARGAMASSA COLANTE. AF_12/2024",revestimentos_forros,v_fbf4f0f1e02ad5f8,1,-1.260636983092025,2.646432527575006
sinapi_es,2026-05,91525,"ESTUCAMENTO DE DENSIDADE ALTA NAS FACES INTERNAS DE PAREDES DO SISTEMA DE PAREDES DE CONCRETO, EM AMBIENTES COM ÁREA ENTRE 5 M² E 10 M², UTILIZAÇÃO DE ARGAMASSA COLANTE. AF_12/2024",revestimentos_forros,v_fbf4f0f1e02ad5f8,1,-1.4205594295633577,1.0475014858455922
sinapi_es,2026-05,95305,"TEXTURA ACRÍLICA, APLICAÇÃO MANUAL EM PAREDE, UMA DEMÃO. AF_04/2023",pintura,v_5100f6de27d60bb3,1,-1.56723487057864,-0.4003614149564733
sinapi_es,2026-05,95306,"TEXTURA ACRÍLICA, APLICAÇÃO MANUAL EM TETO, UMA DEMÃO. AF_04/2023",pintura,v_5100f6de27d60bb3,1,-1.489837801475212,0.12094705999201785
sinapi_es,2026-05,95622,"APLICAÇÃO MANUAL DE TINTA LÁTEX ACRÍLICA EM PANOS COM PRESENÇA DE VÃOS DE EDIFÍCIOS DE MÚLTIPLOS PAVIMENTOS, DUAS DEMÃOS. AF_03/2024",pintura,v_7e3e8961eae87472,1,-1.4417273726147866,0.5427771927546285
sinapi_es,2026-05,95623,"APLICAÇÃO MANUAL DE TINTA LÁTEX ACRÍLICA EM PANOS SEM PRESENÇA DE VÃOS DE EDIFÍCIOS DE MÚLTIPLOS PAVIMENTOS, DUAS DEMÃOS. AF_03/2024",pintura,v_7e3e8961eae87472,1,-1.5730056227602247,-0.33476700401640663
sinapi_es,2026-05,95624,"APLICAÇÃO MANUAL DE TINTA LÁTEX ACRÍLICA EM SUPERFÍCIES EXTERNAS DE SACADA DE EDIFÍCIOS DE MÚLTIPLOS PAVIMENTOS, DUAS DEMÃOS. AF_03/2024",pintura,v_7e3e8961eae87472,1,-1.265521223188329,1.500304064646956
sinapi_es,2026-05,95625,"APLICAÇÃO MANUAL DE TINTA LÁTEX ACRÍLICA EM SUPERFÍCIES INTERNAS DE SACADA DE EDIFÍCIOS DE MÚLTIPLOS PAVIMENTOS, DUAS DEMÃOS. AF_03/2024",pintura,v_7e3e8961eae87472,1,-1.2458977578818666,1.4513812963569483
sinapi_es,2026-05,95626,"APLICAÇÃO MANUAL DE TINTA LÁTEX ACRÍLICA EM PAREDE EXTERNAS DE CASAS, DUAS DEMÃOS. AF_03/2024",pintura,v_7e3e8961eae87472,1,-1.408181139525257,0.7627948529881267
sinapi_es,2026-05,96109,"FORRO EM PLACAS DE GESSO, PARA AMBIENTES RESIDENCIAIS. AF_08/2023_PS",revestimentos_forros,v_9b6bc036879ad420,1,-0.24809429241894276,1.2378476304028596
sinapi_es,2026-05,96110,"FORRO EM DRYWALL PARA AMBIENTES RESIDENCIAIS, INCLUSIVE ESTRUTURA UNIDIRECIONAL DE FIXAÇÃO. AF_08/2023_PS",revestimentos_forros,v_2d4c2a6b833d977f,1,0.26316114092243725,-0.7709129809231641
sinapi_es,2026-05,96111,"FORRO EM RÉGUAS DE PVC, FRISADO, PARA AMBIENTES RESIDENCIAIS, INCLUSIVE ESTRUTURA UNIDIRECIONAL DE FIXAÇÃO. AF_08/2023_PS",revestimentos_forros,v_09000038e9cb3a35,1,-1.147310944766892,-0.9030596425421041
sinapi_es,2026-05,96112,"FORRO EM MADEIRA PINUS, PARA AMBIENTES RESIDENCIAIS, INCLUSIVE ESTRUTURA UNIDIRECIONAL DE FIXAÇÃO. AF_08/2023",revestimentos_forros,v_c9eeda71c1b30867,1,-0.8650967656683822,-0.44772512939844694
sinapi_es,2026-05,96113,"FORRO EM PLACAS DE GESSO, PARA AMBIENTES COMERCIAIS. AF_08/2023_PS",revestimentos_forros,v_9b6bc036879ad420,1,-0.3222178674142314,1.0333980345016454
sinapi_es,2026-05,96114,"FORRO EM DRYWALL, PARA AMBIENTES COMERCIAIS, INCLUSIVE ESTRUTURA BIRECIONAL DE FIXAÇÃO. AF_08/2023_PS",revestimentos_forros,v_2d4c2a6b833d977f,1,0.19200278770082455,-1.1032664376512566
sinapi_es,2026-05,96116,"FORRO EM RÉGUAS DE PVC, FRISADO, PARA AMBIENTES COMERCIAIS, INCLUSIVE ESTRUTURA BIDIRECIONAL DE FIXAÇÃO. AF_08/2023_PS",revestimentos_forros,v_ec71a27bdbfbd9aa,1,-1.0119305555722824,-1.3095651165285265
sinapi_es,2026-05,96126,"APLICAÇÃO MANUAL DE MASSA ACRÍLICA EM PANOS DE FACHADA COM PRESENÇA DE VÃOS, DE EDIFÍCIOS DE MÚLTIPLOS PAVIMENTOS, UMA DEMÃO. AF_03/2024",pintura,v_29a00cbea26cfa8f,1,-1.1385788398663923,1.0900496958442933
sinapi_es,2026-05,96127,"APLICAÇÃO MANUAL DE MASSA ACRÍLICA EM PANOS DE FACHADA SEM PRESENÇA DE VÃOS, DE EDIFÍCIOS DE MÚLTIPLOS PAVIMENTOS, UMA DEMÃO. AF_03/2024",pintura,v_29a00cbea26cfa8f,1,-1.2808860777505153,0.28249478315885773
sinapi_es,2026-05,96128,"APLICAÇÃO MANUAL DE MASSA ACRÍLICA EM SUPERFÍCIES EXTERNAS DE SACADA DE EDIFÍCIOS DE MÚLTIPLOS PAVIMENTOS, UMA DEMÃO. AF_03/2024",pintura,v_29a00cbea26cfa8f,1,-0.9419671592514619,1.8925094454248952
sinapi_es,2026-05,96129,"APLICAÇÃO MANUAL DE MASSA ACRÍLICA EM SUPERFÍCIES INTERNAS DE SACADA DE EDIFÍCIOS DE MÚLTIPLOS PAVIMENTOS, UMA DEMÃO. AF_03/2024",pintura,v_29a00cbea26cfa8f,1,-0.9076496535599471,1.8628256933372354
sinapi_es,2026-05,96130,"APLICAÇÃO MANUAL DE MASSA ACRÍLICA EM PAREDES EXTERNAS DE CASAS, UMA DEMÃO. AF_03/2024",pintura,v_29a00cbea26cfa8f,1,-1.1030531578282827,1.2812598477461061
sinapi_es,2026-05,96131,"APLICAÇÃO MANUAL DE MASSA ACRÍLICA EM PANOS DE FACHADA COM PRESENÇA DE VÃOS, DE EDIFÍCIOS DE MÚLTIPLOS PAVIMENTOS, DUAS DEMÃOS. AF_03/2024",pintura,v_29a00cbea26cfa8f,1,-1.1125951130530969,0.8202965371168935
sinapi_es,2026-05,96132,"APLICAÇÃO MANUAL DE MASSA ACRÍLICA EM PANOS DE FACHADA SEM PRESENÇA DE VÃOS, DE EDIFÍCIOS DE MÚLTIPLOS PAVIMENTOS, DUAS DEMÃOS. AF_03/2024",pintura,v_29a00cbea26cfa8f,1,-1.2873417800118823,-0.047928638569782515
sinapi_es,2026-05,96133,"APLICAÇÃO MANUAL DE MASSA ACRÍLICA EM SUPERFÍCIES EXTERNAS DE SACADA DE EDIFÍCIOS DE MÚLTIPLOS PAVIMENTOS, DUAS DEMÃOS. AF_03/2024",pintura,v_29a00cbea26cfa8f,1,-0.8518285304501726,1.7405633970129186
sinapi_es,2026-05,96134,"APLICAÇÃO MANUAL DE MASSA ACRÍLICA EM SUPERFÍCIES INTERNAS DE SACADA DE EDIFÍCIOS DE MÚLTIPLOS PAVIMENTOS, DUAS DEMÃOS. AF_03/2024",pintura,v_29a00cbea26cfa8f,1,-0.7998940162129744,1.7112856575724673
sinapi_es,2026-05,96135,"APLICAÇÃO MANUAL DE MASSA ACRÍLICA EM PAREDES EXTERNAS DE CASAS, DUAS DEMÃOS. AF_03/2024",pintura,v_29a00cbea26cfa8f,1,-1.0678629951600396,1.0328763643358212
sinapi_es,2026-05,96485,"FORRO EM RÉGUAS DE PVC, LISO, PARA AMBIENTES RESIDENCIAIS, INCLUSIVE ESTRUTURA UNIDIRECIONAL DE FIXAÇÃO. AF_08/2023_PS",revestimentos_forros,v_b39b096ee998c485,1,-1.1791017622987279,-1.1979513746163393
sinapi_es,2026-05,96486,"FORRO EM RÉGUAS DE PVC, LISO, PARA AMBIENTES COMERCIAIS, INCLUSIVE ESTRUTURA BIDIRECIONAL DE FIXAÇÃO. AF_08/2023_PS",revestimentos_forros,v_b9962d5b55654a36,1,-1.0388854424258773,-1.559598739104031
sinapi_es,2026-05,98671,PISO EM GRANITO APLICADO EM AMBIENTES INTERNOS. AF_02/2026,pisos,v_13defaf081a8e3b6,1,-0.99148046096393,-2.097188423459811
sinapi_es,2026-05,98672,PISO EM MÁRMORE APLICADO EM AMBIENTES INTERNOS. AF_02/2026,pisos,v_f2b58aa74dd0306e,1,-1.011871068962722,-2.2863317729439543
sinapi_es,2026-05,98679,"PISO CIMENTADO, TRAÇO 1:5 (CIMENTO E AREIA), ACABAMENTO LISO, ESPESSURA 2,0 CM, PREPARO MECÂNICO DA ARGAMASSA. AF_02/2026",pisos,v_8ef16f32e3aa1ae0,0,1.6651498558404354,0.06578246041997149
sinapi_es,2026-05,98680,"PISO CIMENTADO, TRAÇO 1:5 (CIMENTO E AREIA), ACABAMENTO LISO, ESPESSURA 3,0 CM, PREPARO MECÂNICO DA ARGAMASSA. AF_02/2026",pisos,v_8ef16f32e3aa1ae0,0,1.7159201126446206,-0.15589563990423488
sinapi_es,2026-05,98681,"PISO CIMENTADO, TRAÇO 1:5 (CIMENTO E AREIA), ACABAMENTO RUGOSO, ESPESSURA 2,0 CM, PREPARO MECÂNICO DA ARGAMASSA. AF_02/2026",pisos,v_8ef16f32e3aa1ae0,0,1.6485436806979978,-0.2226476597231775
sinapi_es,2026-05,98682,"PISO CIMENTADO, TRAÇO 1:5 (CIMENTO E AREIA), ACABAMENTO RUGOSO, ESPESSURA 3,0 CM, PREPARO MECÂNICO DA ARGAMASSA. AF_02/2026",pisos,v_8ef16f32e3aa1ae0,0,1.6978102266632604,-0.4168489515756714
sinapi_es,2026-05,99054,"ACABAMENTOS PARA FORRO (SANCA DE GESSO, MONTADA NA OBRA). AF_08/2023_PS",revestimentos_forros,v_081f4cd3cef51749,1,0.0537976733988538,1.4361302682568913
