fonte,regime,codigo,descricao,grupo,unidade,arquivo_sha256,assinatura_tecnica,competencia_t,competencia_alvo,custo_t,custo_t_1,custo_t_2,data_corte,modelo,custo_previsto,custo_observado,treino_ate,modelo_arquivo,dataset_sha256,tipo_resultado
sinapi_es,sem_desoneracao,104410,"CHAPISCO APLICADO EM ALVENARIA E ESTRUTURAS DE CONCRETO INTERNAS, COM EQUIPAMENTO DE PROJEÇÃO. ARGAMASSA TRAÇO 1:3 COM PREPARO MANUAL. AF_10/2022",Chapisco,M2,928df42a952625eb12d41baf2b5ab17e1207af6e7881cb9f1c7fcac4708400e3,baf8aac10a557319892783d90a7bf2f4199e37a85fe272eb464b14d6a482fd91,2026-05,2026-06,5.88,5.86,5.73,2026-06-12,linear_multipla,5.911491465954309,,2026-05,5eb464d3a69c18da.joblib,7b4bc08b19ada86fc17bcdd336fc488aa71badd090b90a8d98cb10055d49def8,cenario_proxima_competencia_sem_observacao
sinapi_es,sem_desoneracao,104411,"CHAPISCO APLICADO EM ALVENARIA E ESTRUTURAS DE CONCRETO INTERNAS, COM EQUIPAMENTO DE PROJEÇÃO. ARGAMASSA TRAÇO 1:3 COM PREPARO EM BETONEIRA 400 L. AF_10/2022",Chapisco,M2,928df42a952625eb12d41baf2b5ab17e1207af6e7881cb9f1c7fcac4708400e3,6311d5526e9d8160c85bb350ccd7a091ddbe040f0a9aa041803b21676347084d,2026-05,2026-06,5.21,5.19,5.07,2026-06-12,linear_multipla,5.241288255851281,,2026-05,5eb464d3a69c18da.joblib,7b4bc08b19ada86fc17bcdd336fc488aa71badd090b90a8d98cb10055d49def8,cenario_proxima_competencia_sem_observacao
sinapi_es,sem_desoneracao,87878,"CHAPISCO APLICADO EM ALVENARIAS E ESTRUTURAS DE CONCRETO INTERNAS, COM COLHER DE PEDREIRO. ARGAMASSA TRAÇO 1:3 COM PREPARO MANUAL. AF_10/2022",Chapisco,M2,928df42a952625eb12d41baf2b5ab17e1207af6e7881cb9f1c7fcac4708400e3,c80833cdd5e781569a8a312525653a4a4788cd46cef41dfc7d1ca19b2df8b2de,2026-05,2026-06,5.81,5.79,5.64,2026-06-12,linear_multipla,5.839913680714775,,2026-05,5eb464d3a69c18da.joblib,7b4bc08b19ada86fc17bcdd336fc488aa71badd090b90a8d98cb10055d49def8,cenario_proxima_competencia_sem_observacao
sinapi_es,sem_desoneracao,87879,"CHAPISCO APLICADO EM ALVENARIAS E ESTRUTURAS DE CONCRETO INTERNAS, COM COLHER DE PEDREIRO. ARGAMASSA TRAÇO 1:3 COM PREPARO EM BETONEIRA 400L. AF_10/2022",Chapisco,M2,928df42a952625eb12d41baf2b5ab17e1207af6e7881cb9f1c7fcac4708400e3,6343a693f45726ae5968855f5cdc0d85ce60270a9d48469e8794f47cd9da5e25,2026-05,2026-06,5.22,5.2,5.05,2026-06-12,linear_multipla,5.249083410351019,,2026-05,5eb464d3a69c18da.joblib,7b4bc08b19ada86fc17bcdd336fc488aa71badd090b90a8d98cb10055d49def8,cenario_proxima_competencia_sem_observacao
sinapi_es,sem_desoneracao,87881,"CHAPISCO APLICADO NO TETO OU EM ALVENARIA E ESTRUTURA, COM ROLO PARA TEXTURA ACRÍLICA. ARGAMASSA TRAÇO 1:4 E EMULSÃO POLIMÉRICA (ADESIVO) COM PREPARO MANUAL. AF_10/2022",Chapisco,M2,928df42a952625eb12d41baf2b5ab17e1207af6e7881cb9f1c7fcac4708400e3,7f8fc0683c437842e3dd22e11f02be2098de536af8af1231311bdba7f77a3c20,2026-05,2026-06,5.59,5.6,5.9,2026-06-12,linear_multipla,5.655424980634002,,2026-05,5eb464d3a69c18da.joblib,7b4bc08b19ada86fc17bcdd336fc488aa71badd090b90a8d98cb10055d49def8,cenario_proxima_competencia_sem_observacao
sinapi_es,sem_desoneracao,87882,"CHAPISCO APLICADO NO TETO OU EM ALVENARIA E ESTRUTURA, COM ROLO PARA TEXTURA ACRÍLICA. ARGAMASSA TRAÇO 1:4 E EMULSÃO POLIMÉRICA (ADESIVO) COM PREPARO EM BETONEIRA 400L. AF_10/2022",Chapisco,M2,928df42a952625eb12d41baf2b5ab17e1207af6e7881cb9f1c7fcac4708400e3,f0a11a47f8fe12dd97c292e90d7dc9264f88140c6bb2a208dab922090d624a04,2026-05,2026-06,5.4,5.4,5.71,2026-06-12,linear_multipla,5.465051536702344,,2026-05,5eb464d3a69c18da.joblib,7b4bc08b19ada86fc17bcdd336fc488aa71badd090b90a8d98cb10055d49def8,cenario_proxima_competencia_sem_observacao
sinapi_es,sem_desoneracao,87884,"CHAPISCO APLICADO NO TETO OU EM ALVENARIA E ESTRUTURA, COM ROLO PARA TEXTURA ACRÍLICA. ARGAMASSA INDUSTRIALIZADA COM PREPARO MANUAL. AF_10/2022",Chapisco,M2,928df42a952625eb12d41baf2b5ab17e1207af6e7881cb9f1c7fcac4708400e3,0ad1b4887203d09a2fcd23d58f3eb2633bea720d9ae082249e1d4efe23b4945e,2026-05,2026-06,9.66,9.57,9.59,2026-06-12,linear_multipla,9.701985458470407,,2026-05,5eb464d3a69c18da.joblib,7b4bc08b19ada86fc17bcdd336fc488aa71badd090b90a8d98cb10055d49def8,cenario_proxima_competencia_sem_observacao
sinapi_es,sem_desoneracao,87885,"CHAPISCO APLICADO NO TETO OU EM ALVENARIA E ESTRUTURA, COM ROLO PARA TEXTURA ACRÍLICA. ARGAMASSA INDUSTRIALIZADA COM PREPARO EM MISTURADOR 300 KG. AF_10/2022",Chapisco,M2,928df42a952625eb12d41baf2b5ab17e1207af6e7881cb9f1c7fcac4708400e3,b56a8eb1bf1a6147ab38bcd339afd5da5e780283563f0c69d6cc0c2c571f15b7,2026-05,2026-06,9.19,9.1,9.12,2026-06-12,linear_multipla,9.231324056655211,,2026-05,5eb464d3a69c18da.joblib,7b4bc08b19ada86fc17bcdd336fc488aa71badd090b90a8d98cb10055d49def8,cenario_proxima_competencia_sem_observacao
sinapi_es,sem_desoneracao,87886,"CHAPISCO APLICADO NO TETO OU EM ESTRUTURA, COM DESEMPENADEIRA DENTADA. ARGAMASSA INDUSTRIALIZADA COM PREPARO MANUAL. AF_10/2022",Chapisco,M2,928df42a952625eb12d41baf2b5ab17e1207af6e7881cb9f1c7fcac4708400e3,60bbfa49a39220f9062b99976b228124a7206ed65be8b3098ffeb89ea2e5b0b8,2026-05,2026-06,17.75,17.61,17.53,2026-06-12,linear_multipla,17.791745080073817,,2026-05,5eb464d3a69c18da.joblib,7b4bc08b19ada86fc17bcdd336fc488aa71badd090b90a8d98cb10055d49def8,cenario_proxima_competencia_sem_observacao
sinapi_es,sem_desoneracao,87887,"CHAPISCO APLICADO NO TETO OU EM ESTRUTURA, COM DESEMPENADEIRA DENTADA. ARGAMASSA INDUSTRIALIZADA COM PREPARO EM MISTURADOR 300 KG. AF_10/2022",Chapisco,M2,928df42a952625eb12d41baf2b5ab17e1207af6e7881cb9f1c7fcac4708400e3,09b004ae000f709e45f0319395aaf3a8e573705003fa0c38e4e7b09725e7d2f0,2026-05,2026-06,16.72,16.59,16.51,2026-06-12,linear_multipla,16.761141333054876,,2026-05,5eb464d3a69c18da.joblib,7b4bc08b19ada86fc17bcdd336fc488aa71badd090b90a8d98cb10055d49def8,cenario_proxima_competencia_sem_observacao
sinapi_es,sem_desoneracao,87888,"CHAPISCO APLICADO EM ALVENARIA (SEM PRESENÇA DE VÃOS) E ESTRUTURAS DE CONCRETO DE FACHADA, COM ROLO PARA TEXTURA ACRÍLICA. ARGAMASSA TRAÇO 1:4 E EMULSÃO POLIMÉRICA (ADESIVO) COM PREPARO MANUAL. AF_10/2022",Chapisco,M2,928df42a952625eb12d41baf2b5ab17e1207af6e7881cb9f1c7fcac4708400e3,5322527162bdeb00b310c62d613eb210c9868cbf1bb7bb98e291decb46c645d4,2026-05,2026-06,7.73,7.74,7.96,2026-06-12,linear_multipla,7.792519355405178,,2026-05,5eb464d3a69c18da.joblib,7b4bc08b19ada86fc17bcdd336fc488aa71badd090b90a8d98cb10055d49def8,cenario_proxima_competencia_sem_observacao
sinapi_es,sem_desoneracao,87889,"CHAPISCO APLICADO EM ALVENARIA (SEM PRESENÇA DE VÃOS) E ESTRUTURAS DE CONCRETO DE FACHADA, COM ROLO PARA TEXTURA ACRÍLICA. ARGAMASSA TRAÇO 1:4 E EMULSÃO POLIMÉRICA (ADESIVO) COM PREPARO EM BETONEIRA 400L. AF_10/2022",Chapisco,M2,928df42a952625eb12d41baf2b5ab17e1207af6e7881cb9f1c7fcac4708400e3,4535851fe0ec9a4ff80133bc44835e64219329bde13eff7177875d2d11033f17,2026-05,2026-06,7.54,7.54,7.77,2026-06-12,linear_multipla,7.60214591147352,,2026-05,5eb464d3a69c18da.joblib,7b4bc08b19ada86fc17bcdd336fc488aa71badd090b90a8d98cb10055d49def8,cenario_proxima_competencia_sem_observacao
sinapi_es,sem_desoneracao,87891,"CHAPISCO APLICADO EM ALVENARIA (SEM PRESENÇA DE VÃOS) E ESTRUTURAS DE CONCRETO DE FACHADA, COM ROLO PARA TEXTURA ACRÍLICA. ARGAMASSA INDUSTRIALIZADA COM PREPARO MANUAL. AF_10/2022",Chapisco,M2,928df42a952625eb12d41baf2b5ab17e1207af6e7881cb9f1c7fcac4708400e3,9d5aa7e710433becdac73967b561201a0253a1b21d30a46bb6e92fe3dfd15a78,2026-05,2026-06,11.8,11.71,11.65,2026-06-12,linear_multipla,11.839079833241584,,2026-05,5eb464d3a69c18da.joblib,7b4bc08b19ada86fc17bcdd336fc488aa71badd090b90a8d98cb10055d49def8,cenario_proxima_competencia_sem_observacao
sinapi_es,sem_desoneracao,87892,"CHAPISCO APLICADO EM ALVENARIA (SEM PRESENÇA DE VÃOS) E ESTRUTURAS DE CONCRETO DE FACHADA, COM ROLO PARA TEXTURA ACRÍLICA. ARGAMASSA INDUSTRIALIZADA COM PREPARO EM MISTURADOR 300 KG. AF_10/2022",Chapisco,M2,928df42a952625eb12d41baf2b5ab17e1207af6e7881cb9f1c7fcac4708400e3,b7b4e9bf2e2af2494129b2cf5b81ea1d5e52054e086f077a54b10e9d05e81696,2026-05,2026-06,11.33,11.24,11.18,2026-06-12,linear_multipla,11.368418431426388,,2026-05,5eb464d3a69c18da.joblib,7b4bc08b19ada86fc17bcdd336fc488aa71badd090b90a8d98cb10055d49def8,cenario_proxima_competencia_sem_observacao
sinapi_es,sem_desoneracao,87893,"CHAPISCO APLICADO EM ALVENARIA (SEM PRESENÇA DE VÃOS) E ESTRUTURAS DE CONCRETO DE FACHADA, COM COLHER DE PEDREIRO. ARGAMASSA TRAÇO 1:3 COM PREPARO MANUAL. AF_10/2022",Chapisco,M2,928df42a952625eb12d41baf2b5ab17e1207af6e7881cb9f1c7fcac4708400e3,50943cbab4c8f607590fca7978b9c650bae5d1a54a785442dfa9215d6a180e77,2026-05,2026-06,9.0,8.98,8.71,2026-06-12,linear_multipla,9.025527098113448,,2026-05,5eb464d3a69c18da.joblib,7b4bc08b19ada86fc17bcdd336fc488aa71badd090b90a8d98cb10055d49def8,cenario_proxima_competencia_sem_observacao
sinapi_es,sem_desoneracao,87894,"CHAPISCO APLICADO EM ALVENARIA (SEM PRESENÇA DE VÃOS) E ESTRUTURAS DE CONCRETO DE FACHADA, COM COLHER DE PEDREIRO. ARGAMASSA TRAÇO 1:3 COM PREPARO EM BETONEIRA 400L. AF_10/2022",Chapisco,M2,928df42a952625eb12d41baf2b5ab17e1207af6e7881cb9f1c7fcac4708400e3,8f3532aa581708d7d181a350f1ab07ac4bd44b6a4986736fe155d9869de01149,2026-05,2026-06,8.41,8.39,8.12,2026-06-12,linear_multipla,8.43469682774969,,2026-05,5eb464d3a69c18da.joblib,7b4bc08b19ada86fc17bcdd336fc488aa71badd090b90a8d98cb10055d49def8,cenario_proxima_competencia_sem_observacao
sinapi_es,sem_desoneracao,87896,"CHAPISCO APLICADO EM ALVENARIA (SEM PRESENÇA DE VÃOS) E ESTRUTURAS DE CONCRETO DE FACHADA, COM EQUIPAMENTO DE PROJEÇÃO. ARGAMASSA TRAÇO 1:3 COM PREPARO MANUAL. AF_10/2022",Chapisco,M2,928df42a952625eb12d41baf2b5ab17e1207af6e7881cb9f1c7fcac4708400e3,672b2e847448680e02904b3dc21d0fe7739ccac2e71e1ac82c189cd8eae1b8ff,2026-05,2026-06,6.51,6.49,6.33,2026-06-12,linear_multipla,6.540159107954945,,2026-05,5eb464d3a69c18da.joblib,7b4bc08b19ada86fc17bcdd336fc488aa71badd090b90a8d98cb10055d49def8,cenario_proxima_competencia_sem_observacao
sinapi_es,sem_desoneracao,87897,"CHAPISCO APLICADO EM ALVENARIA (SEM PRESENÇA DE VÃOS) E ESTRUTURAS DE CONCRETO DE FACHADA, COM EQUIPAMENTO DE PROJEÇÃO. ARGAMASSA TRAÇO 1:3 COM PREPARO EM BETONEIRA 400 L. AF_10/2022",Chapisco,M2,928df42a952625eb12d41baf2b5ab17e1207af6e7881cb9f1c7fcac4708400e3,a94e2b827ee0b7411a0bee503839ca3238917ac64cdc3c7aaceb7496de7ea9b5,2026-05,2026-06,5.92,5.9,5.74,2026-06-12,linear_multipla,5.949328837591187,,2026-05,5eb464d3a69c18da.joblib,7b4bc08b19ada86fc17bcdd336fc488aa71badd090b90a8d98cb10055d49def8,cenario_proxima_competencia_sem_observacao
sinapi_es,sem_desoneracao,87899,"CHAPISCO APLICADO EM ALVENARIA (COM PRESENÇA DE VÃOS) E ESTRUTURAS DE CONCRETO DE FACHADA, COM ROLO PARA TEXTURA ACRÍLICA. ARGAMASSA TRAÇO 1:4 E EMULSÃO POLIMÉRICA (ADESIVO) COM PREPARO MANUAL. AF_10/2022",Chapisco,M2,928df42a952625eb12d41baf2b5ab17e1207af6e7881cb9f1c7fcac4708400e3,2131a95d555293f8ae0ef86d7adbf66ed981afce5877f21c47144c6fd149006a,2026-05,2026-06,8.68,8.69,8.87,2026-06-12,linear_multipla,8.740897674242204,,2026-05,5eb464d3a69c18da.joblib,7b4bc08b19ada86fc17bcdd336fc488aa71badd090b90a8d98cb10055d49def8,cenario_proxima_competencia_sem_observacao
sinapi_es,sem_desoneracao,87900,"CHAPISCO APLICADO EM ALVENARIA (COM PRESENÇA DE VÃOS) E ESTRUTURAS DE CONCRETO DE FACHADA, COM ROLO PARA TEXTURA ACRÍLICA. ARGAMASSA TRAÇO 1:4 E EMULSÃO POLIMÉRICA (ADESIVO) COM PREPARO EM BETONEIRA 400L. AF_10/2022",Chapisco,M2,928df42a952625eb12d41baf2b5ab17e1207af6e7881cb9f1c7fcac4708400e3,a83d747ccf5eb5f680e05eba3f18ce6565bd71d85fb6a68fcf1e9515982663a3,2026-05,2026-06,8.49,8.49,8.68,2026-06-12,linear_multipla,8.550524230310547,,2026-05,5eb464d3a69c18da.joblib,7b4bc08b19ada86fc17bcdd336fc488aa71badd090b90a8d98cb10055d49def8,cenario_proxima_competencia_sem_observacao
sinapi_es,sem_desoneracao,87902,"CHAPISCO APLICADO EM ALVENARIA (COM PRESENÇA DE VÃOS) E ESTRUTURAS DE CONCRETO DE FACHADA, COM ROLO PARA TEXTURA ACRÍLICA. ARGAMASSA INDUSTRIALIZADA COM PREPARO MANUAL. AF_10/2022",Chapisco,M2,928df42a952625eb12d41baf2b5ab17e1207af6e7881cb9f1c7fcac4708400e3,0617d32652a210d9cd982831829b64265666c05d4b3dab0f7b12e5899414da25,2026-05,2026-06,12.75,12.66,12.56,2026-06-12,linear_multipla,12.78745815207861,,2026-05,5eb464d3a69c18da.joblib,7b4bc08b19ada86fc17bcdd336fc488aa71badd090b90a8d98cb10055d49def8,cenario_proxima_competencia_sem_observacao
sinapi_es,sem_desoneracao,87903,"CHAPISCO APLICADO EM ALVENARIA (COM PRESENÇA DE VÃOS) E ESTRUTURAS DE CONCRETO DE FACHADA, COM ROLO PARA TEXTURA ACRÍLICA. ARGAMASSA INDUSTRIALIZADA COM PREPARO EM MISTURADOR 300 KG. AF_10/2022",Chapisco,M2,928df42a952625eb12d41baf2b5ab17e1207af6e7881cb9f1c7fcac4708400e3,8a82e35e700b8bf8e0ce7a374174adb7bb2bf1c63e6d56f1c809b18b0dcb1f86,2026-05,2026-06,12.28,12.19,12.09,2026-06-12,linear_multipla,12.316796750263414,,2026-05,5eb464d3a69c18da.joblib,7b4bc08b19ada86fc17bcdd336fc488aa71badd090b90a8d98cb10055d49def8,cenario_proxima_competencia_sem_observacao
sinapi_es,sem_desoneracao,87904,"CHAPISCO APLICADO EM ALVENARIA (COM PRESENÇA DE VÃOS) E ESTRUTURAS DE CONCRETO DE FACHADA, COM COLHER DE PEDREIRO. ARGAMASSA TRAÇO 1:3 COM PREPARO MANUAL. AF_10/2022",Chapisco,M2,928df42a952625eb12d41baf2b5ab17e1207af6e7881cb9f1c7fcac4708400e3,106fad6c1ce1c8b21e022a9ff4e0fe3c5c082f6b8db6176dd316cf6afdc99327,2026-05,2026-06,10.52,10.5,10.17,2026-06-12,linear_multipla,10.543228263969931,,2026-05,5eb464d3a69c18da.joblib,7b4bc08b19ada86fc17bcdd336fc488aa71badd090b90a8d98cb10055d49def8,cenario_proxima_competencia_sem_observacao
sinapi_es,sem_desoneracao,87905,"CHAPISCO APLICADO EM ALVENARIA (COM PRESENÇA DE VÃOS) E ESTRUTURAS DE CONCRETO DE FACHADA, COM COLHER DE PEDREIRO. ARGAMASSA TRAÇO 1:3 COM PREPARO EM BETONEIRA 400L. AF_10/2022",Chapisco,M2,928df42a952625eb12d41baf2b5ab17e1207af6e7881cb9f1c7fcac4708400e3,03b098a5fdfaedc5dea5d1293ca46274a54b238de0020ea75df9fac3c1960c1f,2026-05,2026-06,9.93,9.91,9.58,2026-06-12,linear_multipla,9.952397993606176,,2026-05,5eb464d3a69c18da.joblib,7b4bc08b19ada86fc17bcdd336fc488aa71badd090b90a8d98cb10055d49def8,cenario_proxima_competencia_sem_observacao
sinapi_es,sem_desoneracao,87907,"CHAPISCO APLICADO EM ALVENARIA (COM PRESENÇA DE VÃOS) E ESTRUTURAS DE CONCRETO DE FACHADA, COM EQUIPAMENTO DE PROJEÇÃO. ARGAMASSA TRAÇO 1:3 COM PREPARO MANUAL. AF_10/2022",Chapisco,M2,928df42a952625eb12d41baf2b5ab17e1207af6e7881cb9f1c7fcac4708400e3,9f05721f2abba41eb593237704129de2f3822d093484d46880286a1386f32870,2026-05,2026-06,7.9,7.88,7.67,2026-06-12,linear_multipla,7.928416972176925,,2026-05,5eb464d3a69c18da.joblib,7b4bc08b19ada86fc17bcdd336fc488aa71badd090b90a8d98cb10055d49def8,cenario_proxima_competencia_sem_observacao
sinapi_es,sem_desoneracao,87908,"CHAPISCO APLICADO EM ALVENARIA (COM PRESENÇA DE VÃOS) E ESTRUTURAS DE CONCRETO DE FACHADA, COM EQUIPAMENTO DE PROJEÇÃO. ARGAMASSA TRAÇO 1:3 COM PREPARO EM BETONEIRA 400 L. AF_10/2022",Chapisco,M2,928df42a952625eb12d41baf2b5ab17e1207af6e7881cb9f1c7fcac4708400e3,2738856f0dc47952e8ba1be8d07a4ea3b77224184226c46ce8fcee49ea02c2d8,2026-05,2026-06,7.31,7.29,7.08,2026-06-12,linear_multipla,7.3375867018131675,,2026-05,5eb464d3a69c18da.joblib,7b4bc08b19ada86fc17bcdd336fc488aa71badd090b90a8d98cb10055d49def8,cenario_proxima_competencia_sem_observacao
sinapi_es,sem_desoneracao,87910,"CHAPISCO APLICADO SOMENTE NA ESTRUTURA DE CONCRETO DA FACHADA, COM DESEMPENADEIRA DENTADA. ARGAMASSA INDUSTRIALIZADA COM PREPARO MANUAL. AF_10/2022",Chapisco,M2,928df42a952625eb12d41baf2b5ab17e1207af6e7881cb9f1c7fcac4708400e3,addb53519120151f71a6a846728074ca470c5c87829b2a77e5250aa877936547,2026-05,2026-06,24.94,24.8,24.43,2026-06-12,linear_multipla,24.970413581108428,,2026-05,5eb464d3a69c18da.joblib,7b4bc08b19ada86fc17bcdd336fc488aa71badd090b90a8d98cb10055d49def8,cenario_proxima_competencia_sem_observacao
sinapi_es,sem_desoneracao,87911,"CHAPISCO APLICADO SOMENTE NA ESTRUTURA DE CONCRETO DA FACHADA, COM DESEMPENADEIRA DENTADA. ARGAMASSA INDUSTRIALIZADA COM PREPARO EM MISTURADOR 300 KG. AF_10/2022",Chapisco,M2,928df42a952625eb12d41baf2b5ab17e1207af6e7881cb9f1c7fcac4708400e3,07d7c05926b3b992a2a39595a826b7faf28673fb4761493af6274c42abbed3b7,2026-05,2026-06,23.91,23.78,23.41,2026-06-12,linear_multipla,23.93980983408949,,2026-05,5eb464d3a69c18da.joblib,7b4bc08b19ada86fc17bcdd336fc488aa71badd090b90a8d98cb10055d49def8,cenario_proxima_competencia_sem_observacao
sinapi_es,sem_desoneracao,104410,"CHAPISCO APLICADO EM ALVENARIA E ESTRUTURAS DE CONCRETO INTERNAS, COM EQUIPAMENTO DE PROJEÇÃO. ARGAMASSA TRAÇO 1:3 COM PREPARO MANUAL. AF_10/2022",Chapisco,M2,928df42a952625eb12d41baf2b5ab17e1207af6e7881cb9f1c7fcac4708400e3,baf8aac10a557319892783d90a7bf2f4199e37a85fe272eb464b14d6a482fd91,2026-05,2026-06,5.88,5.86,5.73,2026-06-12,persistencia,5.88,,2026-05,,7b4bc08b19ada86fc17bcdd336fc488aa71badd090b90a8d98cb10055d49def8,cenario_proxima_competencia_sem_observacao
sinapi_es,sem_desoneracao,104411,"CHAPISCO APLICADO EM ALVENARIA E ESTRUTURAS DE CONCRETO INTERNAS, COM EQUIPAMENTO DE PROJEÇÃO. ARGAMASSA TRAÇO 1:3 COM PREPARO EM BETONEIRA 400 L. AF_10/2022",Chapisco,M2,928df42a952625eb12d41baf2b5ab17e1207af6e7881cb9f1c7fcac4708400e3,6311d5526e9d8160c85bb350ccd7a091ddbe040f0a9aa041803b21676347084d,2026-05,2026-06,5.21,5.19,5.07,2026-06-12,persistencia,5.21,,2026-05,,7b4bc08b19ada86fc17bcdd336fc488aa71badd090b90a8d98cb10055d49def8,cenario_proxima_competencia_sem_observacao
sinapi_es,sem_desoneracao,87878,"CHAPISCO APLICADO EM ALVENARIAS E ESTRUTURAS DE CONCRETO INTERNAS, COM COLHER DE PEDREIRO. ARGAMASSA TRAÇO 1:3 COM PREPARO MANUAL. AF_10/2022",Chapisco,M2,928df42a952625eb12d41baf2b5ab17e1207af6e7881cb9f1c7fcac4708400e3,c80833cdd5e781569a8a312525653a4a4788cd46cef41dfc7d1ca19b2df8b2de,2026-05,2026-06,5.81,5.79,5.64,2026-06-12,persistencia,5.81,,2026-05,,7b4bc08b19ada86fc17bcdd336fc488aa71badd090b90a8d98cb10055d49def8,cenario_proxima_competencia_sem_observacao
sinapi_es,sem_desoneracao,87879,"CHAPISCO APLICADO EM ALVENARIAS E ESTRUTURAS DE CONCRETO INTERNAS, COM COLHER DE PEDREIRO. ARGAMASSA TRAÇO 1:3 COM PREPARO EM BETONEIRA 400L. AF_10/2022",Chapisco,M2,928df42a952625eb12d41baf2b5ab17e1207af6e7881cb9f1c7fcac4708400e3,6343a693f45726ae5968855f5cdc0d85ce60270a9d48469e8794f47cd9da5e25,2026-05,2026-06,5.22,5.2,5.05,2026-06-12,persistencia,5.22,,2026-05,,7b4bc08b19ada86fc17bcdd336fc488aa71badd090b90a8d98cb10055d49def8,cenario_proxima_competencia_sem_observacao
sinapi_es,sem_desoneracao,87881,"CHAPISCO APLICADO NO TETO OU EM ALVENARIA E ESTRUTURA, COM ROLO PARA TEXTURA ACRÍLICA. ARGAMASSA TRAÇO 1:4 E EMULSÃO POLIMÉRICA (ADESIVO) COM PREPARO MANUAL. AF_10/2022",Chapisco,M2,928df42a952625eb12d41baf2b5ab17e1207af6e7881cb9f1c7fcac4708400e3,7f8fc0683c437842e3dd22e11f02be2098de536af8af1231311bdba7f77a3c20,2026-05,2026-06,5.59,5.6,5.9,2026-06-12,persistencia,5.59,,2026-05,,7b4bc08b19ada86fc17bcdd336fc488aa71badd090b90a8d98cb10055d49def8,cenario_proxima_competencia_sem_observacao
sinapi_es,sem_desoneracao,87882,"CHAPISCO APLICADO NO TETO OU EM ALVENARIA E ESTRUTURA, COM ROLO PARA TEXTURA ACRÍLICA. ARGAMASSA TRAÇO 1:4 E EMULSÃO POLIMÉRICA (ADESIVO) COM PREPARO EM BETONEIRA 400L. AF_10/2022",Chapisco,M2,928df42a952625eb12d41baf2b5ab17e1207af6e7881cb9f1c7fcac4708400e3,f0a11a47f8fe12dd97c292e90d7dc9264f88140c6bb2a208dab922090d624a04,2026-05,2026-06,5.4,5.4,5.71,2026-06-12,persistencia,5.4,,2026-05,,7b4bc08b19ada86fc17bcdd336fc488aa71badd090b90a8d98cb10055d49def8,cenario_proxima_competencia_sem_observacao
sinapi_es,sem_desoneracao,87884,"CHAPISCO APLICADO NO TETO OU EM ALVENARIA E ESTRUTURA, COM ROLO PARA TEXTURA ACRÍLICA. ARGAMASSA INDUSTRIALIZADA COM PREPARO MANUAL. AF_10/2022",Chapisco,M2,928df42a952625eb12d41baf2b5ab17e1207af6e7881cb9f1c7fcac4708400e3,0ad1b4887203d09a2fcd23d58f3eb2633bea720d9ae082249e1d4efe23b4945e,2026-05,2026-06,9.66,9.57,9.59,2026-06-12,persistencia,9.66,,2026-05,,7b4bc08b19ada86fc17bcdd336fc488aa71badd090b90a8d98cb10055d49def8,cenario_proxima_competencia_sem_observacao
sinapi_es,sem_desoneracao,87885,"CHAPISCO APLICADO NO TETO OU EM ALVENARIA E ESTRUTURA, COM ROLO PARA TEXTURA ACRÍLICA. ARGAMASSA INDUSTRIALIZADA COM PREPARO EM MISTURADOR 300 KG. AF_10/2022",Chapisco,M2,928df42a952625eb12d41baf2b5ab17e1207af6e7881cb9f1c7fcac4708400e3,b56a8eb1bf1a6147ab38bcd339afd5da5e780283563f0c69d6cc0c2c571f15b7,2026-05,2026-06,9.19,9.1,9.12,2026-06-12,persistencia,9.19,,2026-05,,7b4bc08b19ada86fc17bcdd336fc488aa71badd090b90a8d98cb10055d49def8,cenario_proxima_competencia_sem_observacao
sinapi_es,sem_desoneracao,87886,"CHAPISCO APLICADO NO TETO OU EM ESTRUTURA, COM DESEMPENADEIRA DENTADA. ARGAMASSA INDUSTRIALIZADA COM PREPARO MANUAL. AF_10/2022",Chapisco,M2,928df42a952625eb12d41baf2b5ab17e1207af6e7881cb9f1c7fcac4708400e3,60bbfa49a39220f9062b99976b228124a7206ed65be8b3098ffeb89ea2e5b0b8,2026-05,2026-06,17.75,17.61,17.53,2026-06-12,persistencia,17.75,,2026-05,,7b4bc08b19ada86fc17bcdd336fc488aa71badd090b90a8d98cb10055d49def8,cenario_proxima_competencia_sem_observacao
sinapi_es,sem_desoneracao,87887,"CHAPISCO APLICADO NO TETO OU EM ESTRUTURA, COM DESEMPENADEIRA DENTADA. ARGAMASSA INDUSTRIALIZADA COM PREPARO EM MISTURADOR 300 KG. AF_10/2022",Chapisco,M2,928df42a952625eb12d41baf2b5ab17e1207af6e7881cb9f1c7fcac4708400e3,09b004ae000f709e45f0319395aaf3a8e573705003fa0c38e4e7b09725e7d2f0,2026-05,2026-06,16.72,16.59,16.51,2026-06-12,persistencia,16.72,,2026-05,,7b4bc08b19ada86fc17bcdd336fc488aa71badd090b90a8d98cb10055d49def8,cenario_proxima_competencia_sem_observacao
sinapi_es,sem_desoneracao,87888,"CHAPISCO APLICADO EM ALVENARIA (SEM PRESENÇA DE VÃOS) E ESTRUTURAS DE CONCRETO DE FACHADA, COM ROLO PARA TEXTURA ACRÍLICA. ARGAMASSA TRAÇO 1:4 E EMULSÃO POLIMÉRICA (ADESIVO) COM PREPARO MANUAL. AF_10/2022",Chapisco,M2,928df42a952625eb12d41baf2b5ab17e1207af6e7881cb9f1c7fcac4708400e3,5322527162bdeb00b310c62d613eb210c9868cbf1bb7bb98e291decb46c645d4,2026-05,2026-06,7.73,7.74,7.96,2026-06-12,persistencia,7.73,,2026-05,,7b4bc08b19ada86fc17bcdd336fc488aa71badd090b90a8d98cb10055d49def8,cenario_proxima_competencia_sem_observacao
sinapi_es,sem_desoneracao,87889,"CHAPISCO APLICADO EM ALVENARIA (SEM PRESENÇA DE VÃOS) E ESTRUTURAS DE CONCRETO DE FACHADA, COM ROLO PARA TEXTURA ACRÍLICA. ARGAMASSA TRAÇO 1:4 E EMULSÃO POLIMÉRICA (ADESIVO) COM PREPARO EM BETONEIRA 400L. AF_10/2022",Chapisco,M2,928df42a952625eb12d41baf2b5ab17e1207af6e7881cb9f1c7fcac4708400e3,4535851fe0ec9a4ff80133bc44835e64219329bde13eff7177875d2d11033f17,2026-05,2026-06,7.54,7.54,7.77,2026-06-12,persistencia,7.54,,2026-05,,7b4bc08b19ada86fc17bcdd336fc488aa71badd090b90a8d98cb10055d49def8,cenario_proxima_competencia_sem_observacao
sinapi_es,sem_desoneracao,87891,"CHAPISCO APLICADO EM ALVENARIA (SEM PRESENÇA DE VÃOS) E ESTRUTURAS DE CONCRETO DE FACHADA, COM ROLO PARA TEXTURA ACRÍLICA. ARGAMASSA INDUSTRIALIZADA COM PREPARO MANUAL. AF_10/2022",Chapisco,M2,928df42a952625eb12d41baf2b5ab17e1207af6e7881cb9f1c7fcac4708400e3,9d5aa7e710433becdac73967b561201a0253a1b21d30a46bb6e92fe3dfd15a78,2026-05,2026-06,11.8,11.71,11.65,2026-06-12,persistencia,11.8,,2026-05,,7b4bc08b19ada86fc17bcdd336fc488aa71badd090b90a8d98cb10055d49def8,cenario_proxima_competencia_sem_observacao
sinapi_es,sem_desoneracao,87892,"CHAPISCO APLICADO EM ALVENARIA (SEM PRESENÇA DE VÃOS) E ESTRUTURAS DE CONCRETO DE FACHADA, COM ROLO PARA TEXTURA ACRÍLICA. ARGAMASSA INDUSTRIALIZADA COM PREPARO EM MISTURADOR 300 KG. AF_10/2022",Chapisco,M2,928df42a952625eb12d41baf2b5ab17e1207af6e7881cb9f1c7fcac4708400e3,b7b4e9bf2e2af2494129b2cf5b81ea1d5e52054e086f077a54b10e9d05e81696,2026-05,2026-06,11.33,11.24,11.18,2026-06-12,persistencia,11.33,,2026-05,,7b4bc08b19ada86fc17bcdd336fc488aa71badd090b90a8d98cb10055d49def8,cenario_proxima_competencia_sem_observacao
sinapi_es,sem_desoneracao,87893,"CHAPISCO APLICADO EM ALVENARIA (SEM PRESENÇA DE VÃOS) E ESTRUTURAS DE CONCRETO DE FACHADA, COM COLHER DE PEDREIRO. ARGAMASSA TRAÇO 1:3 COM PREPARO MANUAL. AF_10/2022",Chapisco,M2,928df42a952625eb12d41baf2b5ab17e1207af6e7881cb9f1c7fcac4708400e3,50943cbab4c8f607590fca7978b9c650bae5d1a54a785442dfa9215d6a180e77,2026-05,2026-06,9.0,8.98,8.71,2026-06-12,persistencia,9.0,,2026-05,,7b4bc08b19ada86fc17bcdd336fc488aa71badd090b90a8d98cb10055d49def8,cenario_proxima_competencia_sem_observacao
sinapi_es,sem_desoneracao,87894,"CHAPISCO APLICADO EM ALVENARIA (SEM PRESENÇA DE VÃOS) E ESTRUTURAS DE CONCRETO DE FACHADA, COM COLHER DE PEDREIRO. ARGAMASSA TRAÇO 1:3 COM PREPARO EM BETONEIRA 400L. AF_10/2022",Chapisco,M2,928df42a952625eb12d41baf2b5ab17e1207af6e7881cb9f1c7fcac4708400e3,8f3532aa581708d7d181a350f1ab07ac4bd44b6a4986736fe155d9869de01149,2026-05,2026-06,8.41,8.39,8.12,2026-06-12,persistencia,8.41,,2026-05,,7b4bc08b19ada86fc17bcdd336fc488aa71badd090b90a8d98cb10055d49def8,cenario_proxima_competencia_sem_observacao
sinapi_es,sem_desoneracao,87896,"CHAPISCO APLICADO EM ALVENARIA (SEM PRESENÇA DE VÃOS) E ESTRUTURAS DE CONCRETO DE FACHADA, COM EQUIPAMENTO DE PROJEÇÃO. ARGAMASSA TRAÇO 1:3 COM PREPARO MANUAL. AF_10/2022",Chapisco,M2,928df42a952625eb12d41baf2b5ab17e1207af6e7881cb9f1c7fcac4708400e3,672b2e847448680e02904b3dc21d0fe7739ccac2e71e1ac82c189cd8eae1b8ff,2026-05,2026-06,6.51,6.49,6.33,2026-06-12,persistencia,6.51,,2026-05,,7b4bc08b19ada86fc17bcdd336fc488aa71badd090b90a8d98cb10055d49def8,cenario_proxima_competencia_sem_observacao
sinapi_es,sem_desoneracao,87897,"CHAPISCO APLICADO EM ALVENARIA (SEM PRESENÇA DE VÃOS) E ESTRUTURAS DE CONCRETO DE FACHADA, COM EQUIPAMENTO DE PROJEÇÃO. ARGAMASSA TRAÇO 1:3 COM PREPARO EM BETONEIRA 400 L. AF_10/2022",Chapisco,M2,928df42a952625eb12d41baf2b5ab17e1207af6e7881cb9f1c7fcac4708400e3,a94e2b827ee0b7411a0bee503839ca3238917ac64cdc3c7aaceb7496de7ea9b5,2026-05,2026-06,5.92,5.9,5.74,2026-06-12,persistencia,5.92,,2026-05,,7b4bc08b19ada86fc17bcdd336fc488aa71badd090b90a8d98cb10055d49def8,cenario_proxima_competencia_sem_observacao
sinapi_es,sem_desoneracao,87899,"CHAPISCO APLICADO EM ALVENARIA (COM PRESENÇA DE VÃOS) E ESTRUTURAS DE CONCRETO DE FACHADA, COM ROLO PARA TEXTURA ACRÍLICA. ARGAMASSA TRAÇO 1:4 E EMULSÃO POLIMÉRICA (ADESIVO) COM PREPARO MANUAL. AF_10/2022",Chapisco,M2,928df42a952625eb12d41baf2b5ab17e1207af6e7881cb9f1c7fcac4708400e3,2131a95d555293f8ae0ef86d7adbf66ed981afce5877f21c47144c6fd149006a,2026-05,2026-06,8.68,8.69,8.87,2026-06-12,persistencia,8.68,,2026-05,,7b4bc08b19ada86fc17bcdd336fc488aa71badd090b90a8d98cb10055d49def8,cenario_proxima_competencia_sem_observacao
sinapi_es,sem_desoneracao,87900,"CHAPISCO APLICADO EM ALVENARIA (COM PRESENÇA DE VÃOS) E ESTRUTURAS DE CONCRETO DE FACHADA, COM ROLO PARA TEXTURA ACRÍLICA. ARGAMASSA TRAÇO 1:4 E EMULSÃO POLIMÉRICA (ADESIVO) COM PREPARO EM BETONEIRA 400L. AF_10/2022",Chapisco,M2,928df42a952625eb12d41baf2b5ab17e1207af6e7881cb9f1c7fcac4708400e3,a83d747ccf5eb5f680e05eba3f18ce6565bd71d85fb6a68fcf1e9515982663a3,2026-05,2026-06,8.49,8.49,8.68,2026-06-12,persistencia,8.49,,2026-05,,7b4bc08b19ada86fc17bcdd336fc488aa71badd090b90a8d98cb10055d49def8,cenario_proxima_competencia_sem_observacao
sinapi_es,sem_desoneracao,87902,"CHAPISCO APLICADO EM ALVENARIA (COM PRESENÇA DE VÃOS) E ESTRUTURAS DE CONCRETO DE FACHADA, COM ROLO PARA TEXTURA ACRÍLICA. ARGAMASSA INDUSTRIALIZADA COM PREPARO MANUAL. AF_10/2022",Chapisco,M2,928df42a952625eb12d41baf2b5ab17e1207af6e7881cb9f1c7fcac4708400e3,0617d32652a210d9cd982831829b64265666c05d4b3dab0f7b12e5899414da25,2026-05,2026-06,12.75,12.66,12.56,2026-06-12,persistencia,12.75,,2026-05,,7b4bc08b19ada86fc17bcdd336fc488aa71badd090b90a8d98cb10055d49def8,cenario_proxima_competencia_sem_observacao
sinapi_es,sem_desoneracao,87903,"CHAPISCO APLICADO EM ALVENARIA (COM PRESENÇA DE VÃOS) E ESTRUTURAS DE CONCRETO DE FACHADA, COM ROLO PARA TEXTURA ACRÍLICA. ARGAMASSA INDUSTRIALIZADA COM PREPARO EM MISTURADOR 300 KG. AF_10/2022",Chapisco,M2,928df42a952625eb12d41baf2b5ab17e1207af6e7881cb9f1c7fcac4708400e3,8a82e35e700b8bf8e0ce7a374174adb7bb2bf1c63e6d56f1c809b18b0dcb1f86,2026-05,2026-06,12.28,12.19,12.09,2026-06-12,persistencia,12.28,,2026-05,,7b4bc08b19ada86fc17bcdd336fc488aa71badd090b90a8d98cb10055d49def8,cenario_proxima_competencia_sem_observacao
sinapi_es,sem_desoneracao,87904,"CHAPISCO APLICADO EM ALVENARIA (COM PRESENÇA DE VÃOS) E ESTRUTURAS DE CONCRETO DE FACHADA, COM COLHER DE PEDREIRO. ARGAMASSA TRAÇO 1:3 COM PREPARO MANUAL. AF_10/2022",Chapisco,M2,928df42a952625eb12d41baf2b5ab17e1207af6e7881cb9f1c7fcac4708400e3,106fad6c1ce1c8b21e022a9ff4e0fe3c5c082f6b8db6176dd316cf6afdc99327,2026-05,2026-06,10.52,10.5,10.17,2026-06-12,persistencia,10.52,,2026-05,,7b4bc08b19ada86fc17bcdd336fc488aa71badd090b90a8d98cb10055d49def8,cenario_proxima_competencia_sem_observacao
sinapi_es,sem_desoneracao,87905,"CHAPISCO APLICADO EM ALVENARIA (COM PRESENÇA DE VÃOS) E ESTRUTURAS DE CONCRETO DE FACHADA, COM COLHER DE PEDREIRO. ARGAMASSA TRAÇO 1:3 COM PREPARO EM BETONEIRA 400L. AF_10/2022",Chapisco,M2,928df42a952625eb12d41baf2b5ab17e1207af6e7881cb9f1c7fcac4708400e3,03b098a5fdfaedc5dea5d1293ca46274a54b238de0020ea75df9fac3c1960c1f,2026-05,2026-06,9.93,9.91,9.58,2026-06-12,persistencia,9.93,,2026-05,,7b4bc08b19ada86fc17bcdd336fc488aa71badd090b90a8d98cb10055d49def8,cenario_proxima_competencia_sem_observacao
sinapi_es,sem_desoneracao,87907,"CHAPISCO APLICADO EM ALVENARIA (COM PRESENÇA DE VÃOS) E ESTRUTURAS DE CONCRETO DE FACHADA, COM EQUIPAMENTO DE PROJEÇÃO. ARGAMASSA TRAÇO 1:3 COM PREPARO MANUAL. AF_10/2022",Chapisco,M2,928df42a952625eb12d41baf2b5ab17e1207af6e7881cb9f1c7fcac4708400e3,9f05721f2abba41eb593237704129de2f3822d093484d46880286a1386f32870,2026-05,2026-06,7.9,7.88,7.67,2026-06-12,persistencia,7.9,,2026-05,,7b4bc08b19ada86fc17bcdd336fc488aa71badd090b90a8d98cb10055d49def8,cenario_proxima_competencia_sem_observacao
sinapi_es,sem_desoneracao,87908,"CHAPISCO APLICADO EM ALVENARIA (COM PRESENÇA DE VÃOS) E ESTRUTURAS DE CONCRETO DE FACHADA, COM EQUIPAMENTO DE PROJEÇÃO. ARGAMASSA TRAÇO 1:3 COM PREPARO EM BETONEIRA 400 L. AF_10/2022",Chapisco,M2,928df42a952625eb12d41baf2b5ab17e1207af6e7881cb9f1c7fcac4708400e3,2738856f0dc47952e8ba1be8d07a4ea3b77224184226c46ce8fcee49ea02c2d8,2026-05,2026-06,7.31,7.29,7.08,2026-06-12,persistencia,7.31,,2026-05,,7b4bc08b19ada86fc17bcdd336fc488aa71badd090b90a8d98cb10055d49def8,cenario_proxima_competencia_sem_observacao
sinapi_es,sem_desoneracao,87910,"CHAPISCO APLICADO SOMENTE NA ESTRUTURA DE CONCRETO DA FACHADA, COM DESEMPENADEIRA DENTADA. ARGAMASSA INDUSTRIALIZADA COM PREPARO MANUAL. AF_10/2022",Chapisco,M2,928df42a952625eb12d41baf2b5ab17e1207af6e7881cb9f1c7fcac4708400e3,addb53519120151f71a6a846728074ca470c5c87829b2a77e5250aa877936547,2026-05,2026-06,24.94,24.8,24.43,2026-06-12,persistencia,24.94,,2026-05,,7b4bc08b19ada86fc17bcdd336fc488aa71badd090b90a8d98cb10055d49def8,cenario_proxima_competencia_sem_observacao
sinapi_es,sem_desoneracao,87911,"CHAPISCO APLICADO SOMENTE NA ESTRUTURA DE CONCRETO DA FACHADA, COM DESEMPENADEIRA DENTADA. ARGAMASSA INDUSTRIALIZADA COM PREPARO EM MISTURADOR 300 KG. AF_10/2022",Chapisco,M2,928df42a952625eb12d41baf2b5ab17e1207af6e7881cb9f1c7fcac4708400e3,07d7c05926b3b992a2a39595a826b7faf28673fb4761493af6274c42abbed3b7,2026-05,2026-06,23.91,23.78,23.41,2026-06-12,persistencia,23.91,,2026-05,,7b4bc08b19ada86fc17bcdd336fc488aa71badd090b90a8d98cb10055d49def8,cenario_proxima_competencia_sem_observacao
sinapi_es,sem_desoneracao,102803,REFORÇO SUPERFICIAL PARA CONTRAPISOS DE ARGAMASSA SEMI-SECA. AF_07/2021,Contrapiso,M2,928df42a952625eb12d41baf2b5ab17e1207af6e7881cb9f1c7fcac4708400e3,7e9b34300b3b9c96111876e1ad1f6221d2ed84e442a14468385356cbd55c37a6,2026-05,2026-06,2.98,2.98,2.88,2026-06-12,linear_simples,3.5684865057857973,,2026-05,20b80df7157c3757.joblib,7b4bc08b19ada86fc17bcdd336fc488aa71badd090b90a8d98cb10055d49def8,cenario_proxima_competencia_sem_observacao
sinapi_es,sem_desoneracao,87620,"CONTRAPISO EM ARGAMASSA TRAÇO 1:4 (CIMENTO E AREIA), PREPARO MECÂNICO COM BETONEIRA 400 L, APLICADO EM ÁREAS SECAS SOBRE LAJE, ADERIDO, ACABAMENTO NÃO REFORÇADO, ESPESSURA 2CM. AF_07/2021",Contrapiso,M2,928df42a952625eb12d41baf2b5ab17e1207af6e7881cb9f1c7fcac4708400e3,823993f757380ac172d77f7ca9fced49fe310cf511ec13ffc3c94cdb5fe517af,2026-05,2026-06,32.78,32.58,32.23,2026-06-12,linear_simples,33.23733907712673,,2026-05,20b80df7157c3757.joblib,7b4bc08b19ada86fc17bcdd336fc488aa71badd090b90a8d98cb10055d49def8,cenario_proxima_competencia_sem_observacao
sinapi_es,sem_desoneracao,87622,"CONTRAPISO EM ARGAMASSA TRAÇO 1:4 (CIMENTO E AREIA), PREPARO MANUAL, APLICADO EM ÁREAS SECAS SOBRE LAJE, ADERIDO, ACABAMENTO NÃO REFORÇADO, ESPESSURA 2CM. AF_07/2021",Contrapiso,M2,928df42a952625eb12d41baf2b5ab17e1207af6e7881cb9f1c7fcac4708400e3,e1b3e79b5b478cee75031e538f091b46ef92d0ad13123cc13f0818aeffab6f37,2026-05,2026-06,37.09,36.89,36.5,2026-06-12,linear_simples,37.52837111009584,,2026-05,20b80df7157c3757.joblib,7b4bc08b19ada86fc17bcdd336fc488aa71badd090b90a8d98cb10055d49def8,cenario_proxima_competencia_sem_observacao
sinapi_es,sem_desoneracao,87623,"CONTRAPISO EM ARGAMASSA PRONTA, PREPARO MECÂNICO COM MISTURADOR 300 KG, APLICADO EM ÁREAS SECAS SOBRE LAJE, ADERIDO, ACABAMENTO NÃO REFORÇADO, ESPESSURA 2CM. AF_07/2021",Contrapiso,M2,928df42a952625eb12d41baf2b5ab17e1207af6e7881cb9f1c7fcac4708400e3,8b5d4b6fb4dd9d0afd8da51843bf11c8e995d67bf27374ca4e1ac3c76af0ae35,2026-05,2026-06,70.93,70.24,70.87,2026-06-12,linear_simples,71.21944396292058,,2026-05,20b80df7157c3757.joblib,7b4bc08b19ada86fc17bcdd336fc488aa71badd090b90a8d98cb10055d49def8,cenario_proxima_competencia_sem_observacao
sinapi_es,sem_desoneracao,87624,"CONTRAPISO EM ARGAMASSA PRONTA, PREPARO MANUAL, APLICADO EM ÁREAS SECAS SOBRE LAJE, ADERIDO, ACABAMENTO NÃO REFORÇADO, ESPESSURA 2CM. AF_07/2021",Contrapiso,M2,928df42a952625eb12d41baf2b5ab17e1207af6e7881cb9f1c7fcac4708400e3,f47f94c8775f7aa33d53279a216838414bd65d441b3b7f0109c18b0a72ae7588,2026-05,2026-06,79.21,78.51,79.11,2026-06-12,linear_simples,79.46300434180321,,2026-05,20b80df7157c3757.joblib,7b4bc08b19ada86fc17bcdd336fc488aa71badd090b90a8d98cb10055d49def8,cenario_proxima_competencia_sem_observacao
sinapi_es,sem_desoneracao,87630,"CONTRAPISO EM ARGAMASSA TRAÇO 1:4 (CIMENTO E AREIA), PREPARO MECÂNICO COM BETONEIRA 400 L, APLICADO EM ÁREAS SECAS SOBRE LAJE, ADERIDO, ACABAMENTO NÃO REFORÇADO, ESPESSURA 3CM. AF_07/2021",Contrapiso,M2,928df42a952625eb12d41baf2b5ab17e1207af6e7881cb9f1c7fcac4708400e3,09e36112c1520de18c8292cd2973dd0298ceeeb763ef9b6a51f3116c7001c0b1,2026-05,2026-06,41.96,41.69,41.18,2026-06-12,linear_simples,42.376938627627055,,2026-05,20b80df7157c3757.joblib,7b4bc08b19ada86fc17bcdd336fc488aa71badd090b90a8d98cb10055d49def8,cenario_proxima_competencia_sem_observacao
sinapi_es,sem_desoneracao,87632,"CONTRAPISO EM ARGAMASSA TRAÇO 1:4 (CIMENTO E AREIA), PREPARO MANUAL, APLICADO EM ÁREAS SECAS SOBRE LAJE, ADERIDO, ACABAMENTO NÃO REFORÇADO, ESPESSURA 3CM. AF_07/2021",Contrapiso,M2,928df42a952625eb12d41baf2b5ab17e1207af6e7881cb9f1c7fcac4708400e3,6aec3dd1464fdd7ef0c3f3b0472aebd7ec2010888b9e88d2c46682ee39e1f6ba,2026-05,2026-06,47.96,47.68,47.11,2026-06-12,linear_simples,48.35053310507825,,2026-05,20b80df7157c3757.joblib,7b4bc08b19ada86fc17bcdd336fc488aa71badd090b90a8d98cb10055d49def8,cenario_proxima_competencia_sem_observacao
sinapi_es,sem_desoneracao,87633,"CONTRAPISO EM ARGAMASSA PRONTA, PREPARO MECÂNICO COM MISTURADOR 300 KG, APLICADO EM ÁREAS SECAS SOBRE LAJE, ADERIDO, ACABAMENTO NÃO REFORÇADO, ESPESSURA 3CM. AF_07/2021",Contrapiso,M2,928df42a952625eb12d41baf2b5ab17e1207af6e7881cb9f1c7fcac4708400e3,ec7d42471cf179c8558ff3d86e5f51f6a1e6053f6350bcd9670bc092f4cd930c,2026-05,2026-06,95.01,94.04,94.9,2026-06-12,linear_simples,95.19346979909136,,2026-05,20b80df7157c3757.joblib,7b4bc08b19ada86fc17bcdd336fc488aa71badd090b90a8d98cb10055d49def8,cenario_proxima_competencia_sem_observacao
sinapi_es,sem_desoneracao,87634,"CONTRAPISO EM ARGAMASSA PRONTA, PREPARO MANUAL, APLICADO EM ÁREAS SECAS SOBRE LAJE, ADERIDO, ACABAMENTO NÃO REFORÇADO, ESPESSURA 3CM. AF_07/2021",Contrapiso,M2,928df42a952625eb12d41baf2b5ab17e1207af6e7881cb9f1c7fcac4708400e3,24c186ac1ec283bca9b2e672bf345e70a0f8281360dcfb500e287aec8ac2866c,2026-05,2026-06,106.52,105.53,106.36,2026-06-12,linear_simples,106.6528152050019,,2026-05,20b80df7157c3757.joblib,7b4bc08b19ada86fc17bcdd336fc488aa71badd090b90a8d98cb10055d49def8,cenario_proxima_competencia_sem_observacao
sinapi_es,sem_desoneracao,87640,"CONTRAPISO EM ARGAMASSA TRAÇO 1:4 (CIMENTO E AREIA), PREPARO MECÂNICO COM BETONEIRA 400 L, APLICADO EM ÁREAS SECAS SOBRE LAJE, ADERIDO, ACABAMENTO NÃO REFORÇADO, ESPESSURA 4CM. AF_07/2021",Contrapiso,M2,928df42a952625eb12d41baf2b5ab17e1207af6e7881cb9f1c7fcac4708400e3,bc457244720c00e692cc7c5c0b0e879cffdc20a212a2d408a654fa16d1e2baa8,2026-05,2026-06,49.48,49.13,48.51,2026-06-12,linear_simples,49.86384370603255,,2026-05,20b80df7157c3757.joblib,7b4bc08b19ada86fc17bcdd336fc488aa71badd090b90a8d98cb10055d49def8,cenario_proxima_competencia_sem_observacao
sinapi_es,sem_desoneracao,87642,"CONTRAPISO EM ARGAMASSA TRAÇO 1:4 (CIMENTO E AREIA), PREPARO MANUAL, APLICADO EM ÁREAS SECAS SOBRE LAJE, ADERIDO, ACABAMENTO NÃO REFORÇADO, ESPESSURA 4CM. AF_07/2021",Contrapiso,M2,928df42a952625eb12d41baf2b5ab17e1207af6e7881cb9f1c7fcac4708400e3,347063865e8891e8930e88a85d39dd817b91eb349581be92e6884848ac4c67a9,2026-05,2026-06,56.85,56.5,55.81,2026-06-12,linear_simples,57.20140892250177,,2026-05,20b80df7157c3757.joblib,7b4bc08b19ada86fc17bcdd336fc488aa71badd090b90a8d98cb10055d49def8,cenario_proxima_competencia_sem_observacao
sinapi_es,sem_desoneracao,87643,"CONTRAPISO EM ARGAMASSA PRONTA, PREPARO MECÂNICO COM MISTURADOR 300 KG, APLICADO EM ÁREAS SECAS SOBRE LAJE, ADERIDO, ACABAMENTO NÃO REFORÇADO, ESPESSURA 4CM. AF_07/2021",Contrapiso,M2,928df42a952625eb12d41baf2b5ab17e1207af6e7881cb9f1c7fcac4708400e3,1dde60e980c4a91255d142944046df04a1b1dca6aff8da0ad43e3431f77910bc,2026-05,2026-06,114.7,113.52,114.57,2026-06-12,linear_simples,114.79681567592704,,2026-05,20b80df7157c3757.joblib,7b4bc08b19ada86fc17bcdd336fc488aa71badd090b90a8d98cb10055d49def8,cenario_proxima_competencia_sem_observacao
sinapi_es,sem_desoneracao,87644,"CONTRAPISO EM ARGAMASSA PRONTA, PREPARO MANUAL, APLICADO EM ÁREAS SECAS SOBRE LAJE, ADERIDO, ACABAMENTO NÃO REFORÇADO, ESPESSURA 4CM. AF_07/2021",Contrapiso,M2,928df42a952625eb12d41baf2b5ab17e1207af6e7881cb9f1c7fcac4708400e3,d18039c8edf5661fea021e49192e5bccde0feca89a55d1bbf82660d49209304f,2026-05,2026-06,128.86,127.65,128.66,2026-06-12,linear_simples,128.89449864271188,,2026-05,20b80df7157c3757.joblib,7b4bc08b19ada86fc17bcdd336fc488aa71badd090b90a8d98cb10055d49def8,cenario_proxima_competencia_sem_observacao
sinapi_es,sem_desoneracao,87680,"CONTRAPISO EM ARGAMASSA TRAÇO 1:4 (CIMENTO E AREIA), PREPARO MECÂNICO COM BETONEIRA 400 L, APLICADO EM ÁREAS SECAS SOBRE LAJE, NÃO ADERIDO, ACABAMENTO NÃO REFORÇADO, ESPESSURA 4CM. AF_07/2021",Contrapiso,M2,928df42a952625eb12d41baf2b5ab17e1207af6e7881cb9f1c7fcac4708400e3,4fb54be1043c871189aa28654858675b133c90aa8689ec8310e221fb4240a877,2026-05,2026-06,45.79,45.43,44.59,2026-06-12,linear_simples,46.19008310240007,,2026-05,20b80df7157c3757.joblib,7b4bc08b19ada86fc17bcdd336fc488aa71badd090b90a8d98cb10055d49def8,cenario_proxima_competencia_sem_observacao
sinapi_es,sem_desoneracao,87682,"CONTRAPISO EM ARGAMASSA TRAÇO 1:4 (CIMENTO E AREIA), PREPARO MANUAL, APLICADO EM ÁREAS SECAS SOBRE LAJE, NÃO ADERIDO, ACABAMENTO NÃO REFORÇADO, ESPESSURA 4CM. AF_07/2021",Contrapiso,M2,928df42a952625eb12d41baf2b5ab17e1207af6e7881cb9f1c7fcac4708400e3,83cd781b704a3df0490781954a50b783d8414f658251135384697382a6b2fab2,2026-05,2026-06,53.16,52.8,51.89,2026-06-12,linear_simples,53.52764831886928,,2026-05,20b80df7157c3757.joblib,7b4bc08b19ada86fc17bcdd336fc488aa71badd090b90a8d98cb10055d49def8,cenario_proxima_competencia_sem_observacao
sinapi_es,sem_desoneracao,87683,"CONTRAPISO EM ARGAMASSA PRONTA, PREPARO MECÂNICO COM MISTURADOR 300 KG, APLICADO EM ÁREAS SECAS SOBRE LAJE, NÃO ADERIDO, ACABAMENTO NÃO REFORÇADO, ESPESSURA 4CM. AF_07/2021",Contrapiso,M2,928df42a952625eb12d41baf2b5ab17e1207af6e7881cb9f1c7fcac4708400e3,7d95aeaf6b3fd4ae5fff95013c4af11bc4c12ad70094b990e5e9eb1274aa21fd,2026-05,2026-06,111.01,109.82,110.65,2026-06-12,linear_simples,111.12305507229455,,2026-05,20b80df7157c3757.joblib,7b4bc08b19ada86fc17bcdd336fc488aa71badd090b90a8d98cb10055d49def8,cenario_proxima_competencia_sem_observacao
sinapi_es,sem_desoneracao,87684,"CONTRAPISO EM ARGAMASSA PRONTA, PREPARO MANUAL, APLICADO EM ÁREAS SECAS SOBRE LAJE, NÃO ADERIDO, ACABAMENTO NÃO REFORÇADO, ESPESSURA 4CM. AF_07/2021",Contrapiso,M2,928df42a952625eb12d41baf2b5ab17e1207af6e7881cb9f1c7fcac4708400e3,66dd57bcda835a28dae1c2d5c6e2500b141584a46394571b71e5a5e0fe7f09b4,2026-05,2026-06,125.17,123.95,124.74,2026-06-12,linear_simples,125.22073803907936,,2026-05,20b80df7157c3757.joblib,7b4bc08b19ada86fc17bcdd336fc488aa71badd090b90a8d98cb10055d49def8,cenario_proxima_competencia_sem_observacao
sinapi_es,sem_desoneracao,87690,"CONTRAPISO EM ARGAMASSA TRAÇO 1:4 (CIMENTO E AREIA), PREPARO MECÂNICO COM BETONEIRA 400 L, APLICADO EM ÁREAS SECAS SOBRE LAJE, NÃO ADERIDO, ACABAMENTO NÃO REFORÇADO, ESPESSURA 5CM. AF_07/2021",Contrapiso,M2,928df42a952625eb12d41baf2b5ab17e1207af6e7881cb9f1c7fcac4708400e3,ee15db672b3c675d48ec31a7f169b3ac355b090f0aeae58a8c2d12b7aae093ea,2026-05,2026-06,52.48,52.08,51.1,2026-06-12,linear_simples,52.85064094475815,,2026-05,20b80df7157c3757.joblib,7b4bc08b19ada86fc17bcdd336fc488aa71badd090b90a8d98cb10055d49def8,cenario_proxima_competencia_sem_observacao
sinapi_es,sem_desoneracao,87692,"CONTRAPISO EM ARGAMASSA TRAÇO 1:4 (CIMENTO E AREIA), PREPARO MANUAL, APLICADO EM ÁREAS SECAS SOBRE LAJE, NÃO ADERIDO, ACABAMENTO NÃO REFORÇADO, ESPESSURA 5CM. AF_07/2021",Contrapiso,M2,928df42a952625eb12d41baf2b5ab17e1207af6e7881cb9f1c7fcac4708400e3,d71d7a36329f884196f60a96cfbdc938d05055a48c380655bf8ae882ff348909,2026-05,2026-06,60.92,60.51,59.46,2026-06-12,linear_simples,61.25349717637283,,2026-05,20b80df7157c3757.joblib,7b4bc08b19ada86fc17bcdd336fc488aa71badd090b90a8d98cb10055d49def8,cenario_proxima_competencia_sem_observacao
sinapi_es,sem_desoneracao,87693,"CONTRAPISO EM ARGAMASSA PRONTA, PREPARO MECÂNICO COM MISTURADOR 300 KG, APLICADO EM ÁREAS SECAS SOBRE LAJE, NÃO ADERIDO, ESPESSURA 5CM. AF_07/2021",Contrapiso,M2,928df42a952625eb12d41baf2b5ab17e1207af6e7881cb9f1c7fcac4708400e3,9ad84dae2203f75af536f5522f234ebc1c7bd0b2e5045089d0431ee444f9181e,2026-05,2026-06,127.18,125.82,126.76,2026-06-12,linear_simples,127.22189218902552,,2026-05,20b80df7157c3757.joblib,7b4bc08b19ada86fc17bcdd336fc488aa71badd090b90a8d98cb10055d49def8,cenario_proxima_competencia_sem_observacao
sinapi_es,sem_desoneracao,87694,"CONTRAPISO EM ARGAMASSA PRONTA, PREPARO MANUAL, APLICADO EM ÁREAS SECAS SOBRE LAJE, NÃO ADERIDO, ACABAMENTO NÃO REFORÇADO, ESPESSURA 5CM. AF_07/2021",Contrapiso,M2,928df42a952625eb12d41baf2b5ab17e1207af6e7881cb9f1c7fcac4708400e3,627932835a8785c7c1c5d2d68ec086469a57f2f662f52c0a801a200f63d00333,2026-05,2026-06,143.4,142.0,142.9,2026-06-12,linear_simples,143.37050925973523,,2026-05,20b80df7157c3757.joblib,7b4bc08b19ada86fc17bcdd336fc488aa71badd090b90a8d98cb10055d49def8,cenario_proxima_competencia_sem_observacao
sinapi_es,sem_desoneracao,87700,"CONTRAPISO EM ARGAMASSA TRAÇO 1:4 (CIMENTO E AREIA), PREPARO MECÂNICO COM BETONEIRA 400 L, APLICADO EM ÁREAS SECAS SOBRE LAJE, NÃO ADERIDO, ACABAMENTO NÃO REFORÇADO, ESPESSURA 6CM. AF_07/2021",Contrapiso,M2,928df42a952625eb12d41baf2b5ab17e1207af6e7881cb9f1c7fcac4708400e3,e525f79e28c607aa8e0d6274c296ef69cb1f160593f344bd4545b4eef61a8aff,2026-05,2026-06,56.58,56.13,55.09,2026-06-12,linear_simples,56.93259717101646,,2026-05,20b80df7157c3757.joblib,7b4bc08b19ada86fc17bcdd336fc488aa71badd090b90a8d98cb10055d49def8,cenario_proxima_competencia_sem_observacao
sinapi_es,sem_desoneracao,87702,"CONTRAPISO EM ARGAMASSA TRAÇO 1:4 (CIMENTO E AREIA), PREPARO MANUAL, APLICADO EM ÁREAS SECAS SOBRE LAJE, NÃO ADERIDO, ACABAMENTO NÃO REFORÇADO, ESPESSURA 6CM. AF_07/2021",Contrapiso,M2,928df42a952625eb12d41baf2b5ab17e1207af6e7881cb9f1c7fcac4708400e3,ea4385292d1557c4794e534c04c38e93fc9444fca36bd19fde52717ec51dc9fb,2026-05,2026-06,65.77,65.32,64.19,2026-06-12,linear_simples,66.08215271231253,,2026-05,20b80df7157c3757.joblib,7b4bc08b19ada86fc17bcdd336fc488aa71badd090b90a8d98cb10055d49def8,cenario_proxima_competencia_sem_observacao
sinapi_es,sem_desoneracao,87703,"CONTRAPISO EM ARGAMASSA PRONTA, PREPARO MECÂNICO COM MISTURADOR 300 KG, APLICADO EM ÁREAS SECAS SOBRE LAJE, NÃO ADERIDO, ACABAMENTO NÃO REFORÇADO, ESPESSURA 6CM. AF_07/2021",Contrapiso,M2,928df42a952625eb12d41baf2b5ab17e1207af6e7881cb9f1c7fcac4708400e3,febe5f408d5eb17ec2f812b24e826b31854d63d546de26ba948e2080a686ac27,2026-05,2026-06,137.92,136.43,137.48,2026-06-12,linear_simples,137.9146263036631,,2026-05,20b80df7157c3757.joblib,7b4bc08b19ada86fc17bcdd336fc488aa71badd090b90a8d98cb10055d49def8,cenario_proxima_competencia_sem_observacao
sinapi_es,sem_desoneracao,87704,"CONTRAPISO EM ARGAMASSA PRONTA, PREPARO MANUAL, APLICADO EM ÁREAS SECAS SOBRE LAJE, NÃO ADERIDO, ACABAMENTO NÃO REFORÇADO, ESPESSURA 6CM. AF_07/2021",Contrapiso,M2,928df42a952625eb12d41baf2b5ab17e1207af6e7881cb9f1c7fcac4708400e3,a9a4724108e82b75fb6c9996ce8d855d09294f9ce0c3cb4f4be8eac57cdb3689,2026-05,2026-06,155.58,154.05,155.05,2026-06-12,linear_simples,155.4969060489612,,2026-05,20b80df7157c3757.joblib,7b4bc08b19ada86fc17bcdd336fc488aa71badd090b90a8d98cb10055d49def8,cenario_proxima_competencia_sem_observacao
sinapi_es,sem_desoneracao,87735,"CONTRAPISO EM ARGAMASSA TRAÇO 1:4 (CIMENTO E AREIA), PREPARO MECÂNICO COM BETONEIRA 400 L, APLICADO EM ÁREAS MOLHADAS SOBRE LAJE, ADERIDO, ACABAMENTO NÃO REFORÇADO, ESPESSURA 2CM. AF_07/2021",Contrapiso,M2,928df42a952625eb12d41baf2b5ab17e1207af6e7881cb9f1c7fcac4708400e3,d5f710bc9c7731d7cc09d505dfdd80a287efae4d76eaa1f9831601bf38b8fa0f,2026-05,2026-06,48.79,48.59,47.69,2026-06-12,linear_simples,49.17688034112566,,2026-05,20b80df7157c3757.joblib,7b4bc08b19ada86fc17bcdd336fc488aa71badd090b90a8d98cb10055d49def8,cenario_proxima_competencia_sem_observacao
sinapi_es,sem_desoneracao,87737,"CONTRAPISO EM ARGAMASSA TRAÇO 1:4 (CIMENTO E AREIA), PREPARO MANUAL, APLICADO EM ÁREAS MOLHADAS SOBRE LAJE, ADERIDO, ACABAMENTO NÃO REFORÇADO, ESPESSURA 2CM. AF_07/2021",Contrapiso,M2,928df42a952625eb12d41baf2b5ab17e1207af6e7881cb9f1c7fcac4708400e3,5f7f21639d819c4f017d8d704d226285136f75e4b14cab94c4c25f2e845e9905,2026-05,2026-06,53.1,52.9,51.96,2026-06-12,linear_simples,53.46791237409477,,2026-05,20b80df7157c3757.joblib,7b4bc08b19ada86fc17bcdd336fc488aa71badd090b90a8d98cb10055d49def8,cenario_proxima_competencia_sem_observacao
sinapi_es,sem_desoneracao,87738,"CONTRAPISO EM ARGAMASSA PRONTA, PREPARO MECÂNICO COM MISTURADOR 300 KG, APLICADO EM ÁREAS MOLHADAS SOBRE LAJE, ADERIDO, ACABAMENTO NÃO REFORÇADO, ESPESSURA 2CM. AF_07/2021",Contrapiso,M2,928df42a952625eb12d41baf2b5ab17e1207af6e7881cb9f1c7fcac4708400e3,baa35cadf1a8953ace3ccecf9274a89074712fafd68c6666506adda38fd10cfd,2026-05,2026-06,86.94,86.25,86.33,2026-06-12,linear_simples,87.1589852269195,,2026-05,20b80df7157c3757.joblib,7b4bc08b19ada86fc17bcdd336fc488aa71badd090b90a8d98cb10055d49def8,cenario_proxima_competencia_sem_observacao
sinapi_es,sem_desoneracao,87739,"CONTRAPISO EM ARGAMASSA PRONTA, PREPARO MANUAL, APLICADO EM ÁREAS MOLHADAS SOBRE LAJE, ADERIDO, ACABAMENTO NÃO REFORÇADO, ESPESSURA 2CM. AF_07/2021",Contrapiso,M2,928df42a952625eb12d41baf2b5ab17e1207af6e7881cb9f1c7fcac4708400e3,f74340209de5a9459a550b047bc15b324280f5ca711d42bedd5654276e983698,2026-05,2026-06,95.22,94.52,94.57,2026-06-12,linear_simples,95.40254560580215,,2026-05,20b80df7157c3757.joblib,7b4bc08b19ada86fc17bcdd336fc488aa71badd090b90a8d98cb10055d49def8,cenario_proxima_competencia_sem_observacao
sinapi_es,sem_desoneracao,87745,"CONTRAPISO EM ARGAMASSA TRAÇO 1:4 (CIMENTO E AREIA), PREPARO MECÂNICO COM BETONEIRA 400 L, APLICADO EM ÁREAS MOLHADAS SOBRE LAJE, ADERIDO, ACABAMENTO NÃO REFORÇADO, ESPESSURA 3CM. AF_07/2021",Contrapiso,M2,928df42a952625eb12d41baf2b5ab17e1207af6e7881cb9f1c7fcac4708400e3,5edcc8af3c853800a24f7985c854bc6191ee77a272b70078d1d66ffee511773b,2026-05,2026-06,57.97,57.7,56.65,2026-06-12,linear_simples,58.31647989162599,,2026-05,20b80df7157c3757.joblib,7b4bc08b19ada86fc17bcdd336fc488aa71badd090b90a8d98cb10055d49def8,cenario_proxima_competencia_sem_observacao
sinapi_es,sem_desoneracao,87747,"CONTRAPISO EM ARGAMASSA TRAÇO 1:4 (CIMENTO E AREIA), PREPARO MANUAL, APLICADO EM ÁREAS MOLHADAS SOBRE LAJE, ADERIDO, ACABAMENTO NÃO REFORÇADO, ESPESSURA 3CM. AF_07/2021",Contrapiso,M2,928df42a952625eb12d41baf2b5ab17e1207af6e7881cb9f1c7fcac4708400e3,9a711a174bd17731e20b56d9d4f24ed6ccb0b2f2725c62ac0a6a870c5c0bf40a,2026-05,2026-06,63.97,63.69,62.58,2026-06-12,linear_simples,64.29007436907719,,2026-05,20b80df7157c3757.joblib,7b4bc08b19ada86fc17bcdd336fc488aa71badd090b90a8d98cb10055d49def8,cenario_proxima_competencia_sem_observacao
sinapi_es,sem_desoneracao,87748,"CONTRAPISO EM ARGAMASSA PRONTA, PREPARO MECÂNICO COM MISTURADOR 300 KG, APLICADO EM ÁREAS MOLHADAS SOBRE LAJE, ADERIDO, ACABAMENTO NÃO REFORÇADO, ESPESSURA 3CM. AF_07/2021",Contrapiso,M2,928df42a952625eb12d41baf2b5ab17e1207af6e7881cb9f1c7fcac4708400e3,59ae4f31c522571067c4f7b1a390a58d3c9bf705de32afcbf265d6c8ffdb2447,2026-05,2026-06,111.02,110.05,110.37,2026-06-12,linear_simples,111.1330110630903,,2026-05,20b80df7157c3757.joblib,7b4bc08b19ada86fc17bcdd336fc488aa71badd090b90a8d98cb10055d49def8,cenario_proxima_competencia_sem_observacao
sinapi_es,sem_desoneracao,87749,"CONTRAPISO EM ARGAMASSA PRONTA, PREPARO MANUAL, APLICADO EM ÁREAS MOLHADAS SOBRE LAJE, ADERIDO, ACABAMENTO NÃO REFORÇADO, ESPESSURA 3CM. AF_07/2021",Contrapiso,M2,928df42a952625eb12d41baf2b5ab17e1207af6e7881cb9f1c7fcac4708400e3,591d7592df26038330bd0311febf4a8e2de8f911ed84c24da4ecc0ec84e30849,2026-05,2026-06,122.53,121.54,121.83,2026-06-12,linear_simples,122.59235646900083,,2026-05,20b80df7157c3757.joblib,7b4bc08b19ada86fc17bcdd336fc488aa71badd090b90a8d98cb10055d49def8,cenario_proxima_competencia_sem_observacao
sinapi_es,sem_desoneracao,87755,"CONTRAPISO EM ARGAMASSA TRAÇO 1:4 (CIMENTO E AREIA), PREPARO MECÂNICO COM BETONEIRA 400 L, APLICADO EM ÁREAS MOLHADAS SOBRE IMPERMEABILIZAÇÃO, ACABAMENTO NÃO REFORÇADO, ESPESSURA 3CM. AF_07/2021",Contrapiso,M2,928df42a952625eb12d41baf2b5ab17e1207af6e7881cb9f1c7fcac4708400e3,f9b1ffaf42abcf9988ce18be2f3177375a4af4dd43aa90842b3a76448effc433,2026-05,2026-06,57.23,56.95,55.56,2026-06-12,linear_simples,57.57973657274034,,2026-05,20b80df7157c3757.joblib,7b4bc08b19ada86fc17bcdd336fc488aa71badd090b90a8d98cb10055d49def8,cenario_proxima_competencia_sem_observacao
sinapi_es,sem_desoneracao,87757,"CONTRAPISO EM ARGAMASSA TRAÇO 1:4 (CIMENTO E AREIA), PREPARO MANUAL, APLICADO EM ÁREAS MOLHADAS SOBRE IMPERMEABILIZAÇÃO, ACABAMENTO NÃO REFORÇADO, ESPESSURA 3CM. AF_07/2021",Contrapiso,M2,928df42a952625eb12d41baf2b5ab17e1207af6e7881cb9f1c7fcac4708400e3,4af6e11535fa2de664e0e8ad10450a3c01ab4927ae465a76d1d8b05e35b81d84,2026-05,2026-06,63.23,62.94,61.49,2026-06-12,linear_simples,63.55333105019153,,2026-05,20b80df7157c3757.joblib,7b4bc08b19ada86fc17bcdd336fc488aa71badd090b90a8d98cb10055d49def8,cenario_proxima_competencia_sem_observacao
sinapi_es,sem_desoneracao,87758,"CONTRAPISO EM ARGAMASSA PRONTA, PREPARO MECÂNICO COM MISTURADOR 300 KG, APLICADO EM ÁREAS MOLHADAS SOBRE IMPERMEABILIZAÇÃO, ACABAMENTO NÃO REFORÇADO, ESPESSURA 3CM. AF_07/2021",Contrapiso,M2,928df42a952625eb12d41baf2b5ab17e1207af6e7881cb9f1c7fcac4708400e3,f37636178ebf36d133bd509ba20d09c31dcae75cc793cbf0652f212208164a53,2026-05,2026-06,110.28,109.3,109.28,2026-06-12,linear_simples,110.39626774420465,,2026-05,20b80df7157c3757.joblib,7b4bc08b19ada86fc17bcdd336fc488aa71badd090b90a8d98cb10055d49def8,cenario_proxima_competencia_sem_observacao
sinapi_es,sem_desoneracao,87759,"CONTRAPISO EM ARGAMASSA PRONTA, PREPARO MANUAL, APLICADO EM ÁREAS MOLHADAS SOBRE IMPERMEABILIZAÇÃO, ACABAMENTO NÃO REFORÇADO, ESPESSURA 3CM. AF_07/2021",Contrapiso,M2,928df42a952625eb12d41baf2b5ab17e1207af6e7881cb9f1c7fcac4708400e3,f04ff3746c899c43cfb405b1da8b4538370d94aed250d4828720977d1645c838,2026-05,2026-06,121.79,120.79,120.74,2026-06-12,linear_simples,121.85561315011519,,2026-05,20b80df7157c3757.joblib,7b4bc08b19ada86fc17bcdd336fc488aa71badd090b90a8d98cb10055d49def8,cenario_proxima_competencia_sem_observacao
sinapi_es,sem_desoneracao,87765,"CONTRAPISO EM ARGAMASSA TRAÇO 1:4 (CIMENTO E AREIA), PREPARO MECÂNICO COM BETONEIRA 400 L, APLICADO EM ÁREAS MOLHADAS SOBRE IMPERMEABILIZAÇÃO, ACABAMENTO NÃO REFORÇADO, ESPESSURA 4CM. AF_07/2021",Contrapiso,M2,928df42a952625eb12d41baf2b5ab17e1207af6e7881cb9f1c7fcac4708400e3,feb3cfca74c40f6f1536ddd9e39c470b07b8d8e3595b1d80ff1779554cc06229,2026-05,2026-06,64.83,64.47,62.97,2026-06-12,linear_simples,65.14628957751185,,2026-05,20b80df7157c3757.joblib,7b4bc08b19ada86fc17bcdd336fc488aa71badd090b90a8d98cb10055d49def8,cenario_proxima_competencia_sem_observacao
sinapi_es,sem_desoneracao,87767,"CONTRAPISO EM ARGAMASSA TRAÇO 1:4 (CIMENTO E AREIA), PREPARO MANUAL, APLICADO EM ÁREAS MOLHADAS SOBRE IMPERMEABILIZAÇÃO, ACABAMENTO NÃO REFORÇADO, ESPESSURA 4CM. AF_07/2021",Contrapiso,M2,928df42a952625eb12d41baf2b5ab17e1207af6e7881cb9f1c7fcac4708400e3,c5b1885c0d621bdcfa5cc41a4b1cbf32bcc8be095e36e16c367b6b7ef9689584,2026-05,2026-06,72.2,71.84,70.27,2026-06-12,linear_simples,72.48385479398108,,2026-05,20b80df7157c3757.joblib,7b4bc08b19ada86fc17bcdd336fc488aa71badd090b90a8d98cb10055d49def8,cenario_proxima_competencia_sem_observacao
sinapi_es,sem_desoneracao,87768,"CONTRAPISO EM ARGAMASSA PRONTA, PREPARO MECÂNICO COM MISTURADOR 300 KG, APLICADO EM ÁREAS MOLHADAS SOBRE IMPERMEABILIZAÇÃO, ACABAMENTO NÃO REFORÇADO, ESPESSURA 4CM. AF_07/2021",Contrapiso,M2,928df42a952625eb12d41baf2b5ab17e1207af6e7881cb9f1c7fcac4708400e3,a3f97184ff136029ebf87576c9f1174ddfdf1d694a2e54589def66e78fa9f3ad,2026-05,2026-06,130.05,128.86,129.03,2026-06-12,linear_simples,130.07926154740636,,2026-05,20b80df7157c3757.joblib,7b4bc08b19ada86fc17bcdd336fc488aa71badd090b90a8d98cb10055d49def8,cenario_proxima_competencia_sem_observacao
sinapi_es,sem_desoneracao,87769,"CONTRAPISO EM ARGAMASSA PRONTA, PREPARO MANUAL, APLICADO EM ÁREAS MOLHADAS SOBRE IMPERMEABILIZAÇÃO, ACABAMENTO NÃO REFORÇADO, ESPESSURA 4CM. AF_07/2021",Contrapiso,M2,928df42a952625eb12d41baf2b5ab17e1207af6e7881cb9f1c7fcac4708400e3,158b34b9ead3c8f9d5b170e76390dfe809264f90244aca8aa0bf30bad6a11b23,2026-05,2026-06,144.21,142.99,143.12,2026-06-12,linear_simples,144.17694451419118,,2026-05,20b80df7157c3757.joblib,7b4bc08b19ada86fc17bcdd336fc488aa71badd090b90a8d98cb10055d49def8,cenario_proxima_competencia_sem_observacao
sinapi_es,sem_desoneracao,88470,"CONTRAPISO COM ARGAMASSA AUTONIVELANTE, APLICADO SOBRE LAJE, NÃO ADERIDO, ESPESSURA 3CM. AF_07/2021",Contrapiso,M2,928df42a952625eb12d41baf2b5ab17e1207af6e7881cb9f1c7fcac4708400e3,1c0daf536a1cd4c33707b973d8bce201517339b0d5df721b733a23c856be7561,2026-05,2026-06,31.78,31.78,31.63,2026-06-12,linear_simples,32.241739997551534,,2026-05,20b80df7157c3757.joblib,7b4bc08b19ada86fc17bcdd336fc488aa71badd090b90a8d98cb10055d49def8,cenario_proxima_competencia_sem_observacao
sinapi_es,sem_desoneracao,88471,"CONTRAPISO COM ARGAMASSA AUTONIVELANTE, APLICADO SOBRE LAJE, NÃO ADERIDO, ESPESSURA 4CM. AF_07/2021",Contrapiso,M2,928df42a952625eb12d41baf2b5ab17e1207af6e7881cb9f1c7fcac4708400e3,7497f200345c9be7da1cdf1b7e328da218047a1e2eafdac059bcac70e0c77dc1,2026-05,2026-06,39.82,39.82,39.62,2026-06-12,linear_simples,40.24635659733613,,2026-05,20b80df7157c3757.joblib,7b4bc08b19ada86fc17bcdd336fc488aa71badd090b90a8d98cb10055d49def8,cenario_proxima_competencia_sem_observacao
sinapi_es,sem_desoneracao,88472,"CONTRAPISO COM ARGAMASSA AUTONIVELANTE, APLICADO SOBRE LAJE, NÃO ADERIDO, ESPESSURA 5CM. AF_07/2021",Contrapiso,M2,928df42a952625eb12d41baf2b5ab17e1207af6e7881cb9f1c7fcac4708400e3,00d5524be1977b80bed1a7086d8c98ee62c618c8ed9bffe0b252e5f32ddc0cd3,2026-05,2026-06,46.2,46.2,45.95,2026-06-12,linear_simples,46.5982787250259,,2026-05,20b80df7157c3757.joblib,7b4bc08b19ada86fc17bcdd336fc488aa71badd090b90a8d98cb10055d49def8,cenario_proxima_competencia_sem_observacao
sinapi_es,sem_desoneracao,88476,"CONTRAPISO COM ARGAMASSA AUTONIVELANTE, APLICADO SOBRE LAJE, ADERIDO, ESPESSURA 2CM. AF_07/2021",Contrapiso,M2,928df42a952625eb12d41baf2b5ab17e1207af6e7881cb9f1c7fcac4708400e3,62ab9d8bc9f523ef268994b9596498b04f7e43b911c98017f88b36ce978182ce,2026-05,2026-06,24.7,24.71,24.9,2026-06-12,linear_simples,25.19289851415912,,2026-05,20b80df7157c3757.joblib,7b4bc08b19ada86fc17bcdd336fc488aa71badd090b90a8d98cb10055d49def8,cenario_proxima_competencia_sem_observacao
sinapi_es,sem_desoneracao,88477,"CONTRAPISO COM ARGAMASSA AUTONIVELANTE, APLICADO SOBRE LAJE, ADERIDO, ESPESSURA 3CM. AF_07/2021",Contrapiso,M2,928df42a952625eb12d41baf2b5ab17e1207af6e7881cb9f1c7fcac4708400e3,fc7ad3f57f85c21b3705bf6e16ef01310ccfe892c0d5440bb3b603b6711a58e3,2026-05,2026-06,34.78,34.79,34.9,2026-06-12,linear_simples,35.22853723627713,,2026-05,20b80df7157c3757.joblib,7b4bc08b19ada86fc17bcdd336fc488aa71badd090b90a8d98cb10055d49def8,cenario_proxima_competencia_sem_observacao
sinapi_es,sem_desoneracao,88478,"CONTRAPISO COM ARGAMASSA AUTONIVELANTE, APLICADO SOBRE LAJE, ADERIDO, ESPESSURA 4CM. AF_07/2021",Contrapiso,M2,928df42a952625eb12d41baf2b5ab17e1207af6e7881cb9f1c7fcac4708400e3,d04c41e506d0e442c65829e15cb1e58099e538018f9cd129f78e8db3f6dd44af,2026-05,2026-06,43.12,43.13,43.17,2026-06-12,linear_simples,43.531833559934284,,2026-05,20b80df7157c3757.joblib,7b4bc08b19ada86fc17bcdd336fc488aa71badd090b90a8d98cb10055d49def8,cenario_proxima_competencia_sem_observacao
sinapi_es,sem_desoneracao,90930,"CONTRAPISO ACÚSTICO EM ARGAMASSA TRAÇO 1:4 (CIMENTO E AREIA), PREPARO MECÂNICO COM BETONEIRA 400L, APLICADO EM ÁREAS SECAS, ACABAMENTO NÃO REFORÇADO, ESPESSURA 5CM. AF_07/2021",Contrapiso,M2,928df42a952625eb12d41baf2b5ab17e1207af6e7881cb9f1c7fcac4708400e3,a10428b23bf331b686624e41dbd14d0c49ee3b16866e8580699aadc512f23a41,2026-05,2026-06,83.08,82.25,80.85,2026-06-12,linear_simples,83.31597277975924,,2026-05,20b80df7157c3757.joblib,7b4bc08b19ada86fc17bcdd336fc488aa71badd090b90a8d98cb10055d49def8,cenario_proxima_competencia_sem_observacao
sinapi_es,sem_desoneracao,90932,"CONTRAPISO ACÚSTICO EM ARGAMASSA TRAÇO 1:4 (CIMENTO E AREIA), PREPARO MANUAL, APLICADO EM ÁREAS SECAS, ACABAMENTO NÃO REFORÇADO, ESPESSURA 5CM. AF_07/2021",Contrapiso,M2,928df42a952625eb12d41baf2b5ab17e1207af6e7881cb9f1c7fcac4708400e3,93db822d5aea7ea673a57a28095391ff01be6b8f22f32c1ee75ca7c4d3d8831f,2026-05,2026-06,91.52,90.68,89.21,2026-06-12,linear_simples,91.71882901137391,,2026-05,20b80df7157c3757.joblib,7b4bc08b19ada86fc17bcdd336fc488aa71badd090b90a8d98cb10055d49def8,cenario_proxima_competencia_sem_observacao
sinapi_es,sem_desoneracao,90933,"CONTRAPISO ACÚSTICO EM ARGAMASSA PRONTA, PREPARO MECÂNICO COM MISTURADOR 300 KG, APLICADO EM ÁREAS SECAS, ACABAMENTO NÃO REFORÇADO, ESPESSURA 5CM. AF_07/2021",Contrapiso,M2,928df42a952625eb12d41baf2b5ab17e1207af6e7881cb9f1c7fcac4708400e3,c19e38545f1c846f30c0ef71635b3f2d752cc418ed3b4b0b49020b53a774c4cf,2026-05,2026-06,157.78,155.99,156.51,2026-06-12,linear_simples,157.6872240240266,,2026-05,20b80df7157c3757.joblib,7b4bc08b19ada86fc17bcdd336fc488aa71badd090b90a8d98cb10055d49def8,cenario_proxima_competencia_sem_observacao
sinapi_es,sem_desoneracao,90934,"CONTRAPISO ACÚSTICO EM ARGAMASSA PRONTA, PREPARO MANUAL, APLICADO EM ÁREAS SECAS, ACABAMENTO NÃO REFORÇADO, ESPESSURA 5CM. AF_07/2021",Contrapiso,M2,928df42a952625eb12d41baf2b5ab17e1207af6e7881cb9f1c7fcac4708400e3,0a8e2b92dff6bbc2b0cdfcdc87f7b0ce35aef66da41ffe78bfcd2c7d5ba3ca29,2026-05,2026-06,174.0,172.17,172.65,2026-06-12,linear_simples,173.83584109473634,,2026-05,20b80df7157c3757.joblib,7b4bc08b19ada86fc17bcdd336fc488aa71badd090b90a8d98cb10055d49def8,cenario_proxima_competencia_sem_observacao
sinapi_es,sem_desoneracao,90940,"CONTRAPISO ACÚSTICO EM ARGAMASSA TRAÇO 1:4 (CIMENTO E AREIA), PREPARO MECÂNICO COM BETONEIRA 400L, APLICADO EM ÁREAS SECAS, ACABAMENTO NÃO REFORÇADO, ESPESSURA 6CM. AF_07/2021",Contrapiso,M2,928df42a952625eb12d41baf2b5ab17e1207af6e7881cb9f1c7fcac4708400e3,c4b405d44cbf6c9f399686d5f27e2aa593a0ac9c8fbf53f7c9075d0b9dae0534,2026-05,2026-06,88.91,88.03,86.52,2026-06-12,linear_simples,89.12031541368265,,2026-05,20b80df7157c3757.joblib,7b4bc08b19ada86fc17bcdd336fc488aa71badd090b90a8d98cb10055d49def8,cenario_proxima_competencia_sem_observacao
sinapi_es,sem_desoneracao,90942,"CONTRAPISO ACÚSTICO EM ARGAMASSA TRAÇO 1:4 (CIMENTO E AREIA), PREPARO MANUAL, APLICADO EM ÁREAS SECAS, ACABAMENTO NÃO REFORÇADO, ESPESSURA 6CM. AF_07/2021",Contrapiso,M2,928df42a952625eb12d41baf2b5ab17e1207af6e7881cb9f1c7fcac4708400e3,0f8e7b1ae55c5045d39322837a2a7112aa8c56ccf15f1a38adc83fb339516ce3,2026-05,2026-06,98.1,97.22,95.62,2026-06-12,linear_simples,98.26987095497871,,2026-05,20b80df7157c3757.joblib,7b4bc08b19ada86fc17bcdd336fc488aa71badd090b90a8d98cb10055d49def8,cenario_proxima_competencia_sem_observacao
sinapi_es,sem_desoneracao,90943,"CONTRAPISO ACÚSTICO EM ARGAMASSA PRONTA, PREPARO MECÂNICO COM MISTURADOR 300 KG, APLICADO EM ÁREAS SECAS, ACABAMENTO NÃO REFORÇADO, ESPESSURA 6CM. AF_07/2021",Contrapiso,M2,928df42a952625eb12d41baf2b5ab17e1207af6e7881cb9f1c7fcac4708400e3,57f49f7c60335b4054132d509b381e15f1d0c83abca9b5cb7a62fc16c4cae50b,2026-05,2026-06,170.25,168.33,168.91,2026-06-12,linear_simples,170.10234454632933,,2026-05,20b80df7157c3757.joblib,7b4bc08b19ada86fc17bcdd336fc488aa71badd090b90a8d98cb10055d49def8,cenario_proxima_competencia_sem_observacao
sinapi_es,sem_desoneracao,90944,"CONTRAPISO ACÚSTICO EM ARGAMASSA PRONTA, PREPARO MANUAL, APLICADO EM ÁREAS SECA, ACABAMENTO NÃO REFORÇADO, ESPESSURA 6CM. AF_07/2021",Contrapiso,M2,928df42a952625eb12d41baf2b5ab17e1207af6e7881cb9f1c7fcac4708400e3,b1fa361e0cb7169b35673af07021bb8dc21de1223ee592bb9e7fe30879cd0442,2026-05,2026-06,187.91,185.95,186.48,2026-06-12,linear_simples,187.68462429162736,,2026-05,20b80df7157c3757.joblib,7b4bc08b19ada86fc17bcdd336fc488aa71badd090b90a8d98cb10055d49def8,cenario_proxima_competencia_sem_observacao
sinapi_es,sem_desoneracao,90950,"CONTRAPISO ACÚSTICO EM ARGAMASSA TRAÇO 1:4 (CIMENTO E AREIA), PREPARO MECÂNICO COM BETONEIRA 400L, APLICADO EM ÁREAS SECAS, ACABAMENTO NÃO REFORÇADO, ESPESSURA 7CM. AF_07/2021",Contrapiso,M2,928df42a952625eb12d41baf2b5ab17e1207af6e7881cb9f1c7fcac4708400e3,36a626442ea9cdab468bfaafafd8eeebaf19212902a82bb78d2d1407fe222396,2026-05,2026-06,99.54,98.6,96.85,2026-06-12,linear_simples,99.70353362956702,,2026-05,20b80df7157c3757.joblib,7b4bc08b19ada86fc17bcdd336fc488aa71badd090b90a8d98cb10055d49def8,cenario_proxima_competencia_sem_observacao
sinapi_es,sem_desoneracao,90952,"CONTRAPISO ACÚSTICO EM ARGAMASSA TRAÇO 1:4 (CIMENTO E AREIA), PREPARO MANUAL, APLICADO EM ÁREAS SECAS, ACABAMENTO NÃO REFORÇADO, ESPESSURA 7CM. AF_07/2021",Contrapiso,M2,928df42a952625eb12d41baf2b5ab17e1207af6e7881cb9f1c7fcac4708400e3,41ea3e4caf07505523c6d44a59f3a7843b6943e82df4c200727f4cefb259baec,2026-05,2026-06,110.11,109.16,107.31,2026-06-12,linear_simples,110.22701590067686,,2026-05,20b80df7157c3757.joblib,7b4bc08b19ada86fc17bcdd336fc488aa71badd090b90a8d98cb10055d49def8,cenario_proxima_competencia_sem_observacao
sinapi_es,sem_desoneracao,90953,"CONTRAPISO ACÚSTICO EM ARGAMASSA PRONTA, PREPARO MECÂNICO COM MISTURADOR 300 KG, APLICADO EM ÁREAS SECAS, ACABAMENTO NÃO REFORÇADO, ESPESSURA 7CM. AF_07/2021",Contrapiso,M2,928df42a952625eb12d41baf2b5ab17e1207af6e7881cb9f1c7fcac4708400e3,cb1150269fb11d6ecc0841b242c06eacc60582cf61a1fc5b3ecd1b3794284b1b,2026-05,2026-06,193.07,190.93,191.58,2026-06-12,linear_simples,192.8219155422354,,2026-05,20b80df7157c3757.joblib,7b4bc08b19ada86fc17bcdd336fc488aa71badd090b90a8d98cb10055d49def8,cenario_proxima_competencia_sem_observacao
sinapi_es,sem_desoneracao,90954,"CONTRAPISO ACÚSTICO EM ARGAMASSA PRONTA, PREPARO MANUAL, APLICADO EM ÁREAS SECAS, ACABAMENTO NÃO REFORÇADO, ESPESSURA 7CM. AF_07/2021",Contrapiso,M2,928df42a952625eb12d41baf2b5ab17e1207af6e7881cb9f1c7fcac4708400e3,886296dd0882069cdaee24828afd83cc59e6bdeaeafba8094380564918ff697a,2026-05,2026-06,213.37,211.19,211.78,2026-06-12,linear_simples,213.0325768576119,,2026-05,20b80df7157c3757.joblib,7b4bc08b19ada86fc17bcdd336fc488aa71badd090b90a8d98cb10055d49def8,cenario_proxima_competencia_sem_observacao
sinapi_es,sem_desoneracao,102803,REFORÇO SUPERFICIAL PARA CONTRAPISOS DE ARGAMASSA SEMI-SECA. AF_07/2021,Contrapiso,M2,928df42a952625eb12d41baf2b5ab17e1207af6e7881cb9f1c7fcac4708400e3,7e9b34300b3b9c96111876e1ad1f6221d2ed84e442a14468385356cbd55c37a6,2026-05,2026-06,2.98,2.98,2.88,2026-06-12,persistencia,2.98,,2026-05,,7b4bc08b19ada86fc17bcdd336fc488aa71badd090b90a8d98cb10055d49def8,cenario_proxima_competencia_sem_observacao
sinapi_es,sem_desoneracao,87620,"CONTRAPISO EM ARGAMASSA TRAÇO 1:4 (CIMENTO E AREIA), PREPARO MECÂNICO COM BETONEIRA 400 L, APLICADO EM ÁREAS SECAS SOBRE LAJE, ADERIDO, ACABAMENTO NÃO REFORÇADO, ESPESSURA 2CM. AF_07/2021",Contrapiso,M2,928df42a952625eb12d41baf2b5ab17e1207af6e7881cb9f1c7fcac4708400e3,823993f757380ac172d77f7ca9fced49fe310cf511ec13ffc3c94cdb5fe517af,2026-05,2026-06,32.78,32.58,32.23,2026-06-12,persistencia,32.78,,2026-05,,7b4bc08b19ada86fc17bcdd336fc488aa71badd090b90a8d98cb10055d49def8,cenario_proxima_competencia_sem_observacao
sinapi_es,sem_desoneracao,87622,"CONTRAPISO EM ARGAMASSA TRAÇO 1:4 (CIMENTO E AREIA), PREPARO MANUAL, APLICADO EM ÁREAS SECAS SOBRE LAJE, ADERIDO, ACABAMENTO NÃO REFORÇADO, ESPESSURA 2CM. AF_07/2021",Contrapiso,M2,928df42a952625eb12d41baf2b5ab17e1207af6e7881cb9f1c7fcac4708400e3,e1b3e79b5b478cee75031e538f091b46ef92d0ad13123cc13f0818aeffab6f37,2026-05,2026-06,37.09,36.89,36.5,2026-06-12,persistencia,37.09,,2026-05,,7b4bc08b19ada86fc17bcdd336fc488aa71badd090b90a8d98cb10055d49def8,cenario_proxima_competencia_sem_observacao
sinapi_es,sem_desoneracao,87623,"CONTRAPISO EM ARGAMASSA PRONTA, PREPARO MECÂNICO COM MISTURADOR 300 KG, APLICADO EM ÁREAS SECAS SOBRE LAJE, ADERIDO, ACABAMENTO NÃO REFORÇADO, ESPESSURA 2CM. AF_07/2021",Contrapiso,M2,928df42a952625eb12d41baf2b5ab17e1207af6e7881cb9f1c7fcac4708400e3,8b5d4b6fb4dd9d0afd8da51843bf11c8e995d67bf27374ca4e1ac3c76af0ae35,2026-05,2026-06,70.93,70.24,70.87,2026-06-12,persistencia,70.93,,2026-05,,7b4bc08b19ada86fc17bcdd336fc488aa71badd090b90a8d98cb10055d49def8,cenario_proxima_competencia_sem_observacao
sinapi_es,sem_desoneracao,87624,"CONTRAPISO EM ARGAMASSA PRONTA, PREPARO MANUAL, APLICADO EM ÁREAS SECAS SOBRE LAJE, ADERIDO, ACABAMENTO NÃO REFORÇADO, ESPESSURA 2CM. AF_07/2021",Contrapiso,M2,928df42a952625eb12d41baf2b5ab17e1207af6e7881cb9f1c7fcac4708400e3,f47f94c8775f7aa33d53279a216838414bd65d441b3b7f0109c18b0a72ae7588,2026-05,2026-06,79.21,78.51,79.11,2026-06-12,persistencia,79.21,,2026-05,,7b4bc08b19ada86fc17bcdd336fc488aa71badd090b90a8d98cb10055d49def8,cenario_proxima_competencia_sem_observacao
sinapi_es,sem_desoneracao,87630,"CONTRAPISO EM ARGAMASSA TRAÇO 1:4 (CIMENTO E AREIA), PREPARO MECÂNICO COM BETONEIRA 400 L, APLICADO EM ÁREAS SECAS SOBRE LAJE, ADERIDO, ACABAMENTO NÃO REFORÇADO, ESPESSURA 3CM. AF_07/2021",Contrapiso,M2,928df42a952625eb12d41baf2b5ab17e1207af6e7881cb9f1c7fcac4708400e3,09e36112c1520de18c8292cd2973dd0298ceeeb763ef9b6a51f3116c7001c0b1,2026-05,2026-06,41.96,41.69,41.18,2026-06-12,persistencia,41.96,,2026-05,,7b4bc08b19ada86fc17bcdd336fc488aa71badd090b90a8d98cb10055d49def8,cenario_proxima_competencia_sem_observacao
sinapi_es,sem_desoneracao,87632,"CONTRAPISO EM ARGAMASSA TRAÇO 1:4 (CIMENTO E AREIA), PREPARO MANUAL, APLICADO EM ÁREAS SECAS SOBRE LAJE, ADERIDO, ACABAMENTO NÃO REFORÇADO, ESPESSURA 3CM. AF_07/2021",Contrapiso,M2,928df42a952625eb12d41baf2b5ab17e1207af6e7881cb9f1c7fcac4708400e3,6aec3dd1464fdd7ef0c3f3b0472aebd7ec2010888b9e88d2c46682ee39e1f6ba,2026-05,2026-06,47.96,47.68,47.11,2026-06-12,persistencia,47.96,,2026-05,,7b4bc08b19ada86fc17bcdd336fc488aa71badd090b90a8d98cb10055d49def8,cenario_proxima_competencia_sem_observacao
sinapi_es,sem_desoneracao,87633,"CONTRAPISO EM ARGAMASSA PRONTA, PREPARO MECÂNICO COM MISTURADOR 300 KG, APLICADO EM ÁREAS SECAS SOBRE LAJE, ADERIDO, ACABAMENTO NÃO REFORÇADO, ESPESSURA 3CM. AF_07/2021",Contrapiso,M2,928df42a952625eb12d41baf2b5ab17e1207af6e7881cb9f1c7fcac4708400e3,ec7d42471cf179c8558ff3d86e5f51f6a1e6053f6350bcd9670bc092f4cd930c,2026-05,2026-06,95.01,94.04,94.9,2026-06-12,persistencia,95.01,,2026-05,,7b4bc08b19ada86fc17bcdd336fc488aa71badd090b90a8d98cb10055d49def8,cenario_proxima_competencia_sem_observacao
sinapi_es,sem_desoneracao,87634,"CONTRAPISO EM ARGAMASSA PRONTA, PREPARO MANUAL, APLICADO EM ÁREAS SECAS SOBRE LAJE, ADERIDO, ACABAMENTO NÃO REFORÇADO, ESPESSURA 3CM. AF_07/2021",Contrapiso,M2,928df42a952625eb12d41baf2b5ab17e1207af6e7881cb9f1c7fcac4708400e3,24c186ac1ec283bca9b2e672bf345e70a0f8281360dcfb500e287aec8ac2866c,2026-05,2026-06,106.52,105.53,106.36,2026-06-12,persistencia,106.52,,2026-05,,7b4bc08b19ada86fc17bcdd336fc488aa71badd090b90a8d98cb10055d49def8,cenario_proxima_competencia_sem_observacao
sinapi_es,sem_desoneracao,87640,"CONTRAPISO EM ARGAMASSA TRAÇO 1:4 (CIMENTO E AREIA), PREPARO MECÂNICO COM BETONEIRA 400 L, APLICADO EM ÁREAS SECAS SOBRE LAJE, ADERIDO, ACABAMENTO NÃO REFORÇADO, ESPESSURA 4CM. AF_07/2021",Contrapiso,M2,928df42a952625eb12d41baf2b5ab17e1207af6e7881cb9f1c7fcac4708400e3,bc457244720c00e692cc7c5c0b0e879cffdc20a212a2d408a654fa16d1e2baa8,2026-05,2026-06,49.48,49.13,48.51,2026-06-12,persistencia,49.48,,2026-05,,7b4bc08b19ada86fc17bcdd336fc488aa71badd090b90a8d98cb10055d49def8,cenario_proxima_competencia_sem_observacao
sinapi_es,sem_desoneracao,87642,"CONTRAPISO EM ARGAMASSA TRAÇO 1:4 (CIMENTO E AREIA), PREPARO MANUAL, APLICADO EM ÁREAS SECAS SOBRE LAJE, ADERIDO, ACABAMENTO NÃO REFORÇADO, ESPESSURA 4CM. AF_07/2021",Contrapiso,M2,928df42a952625eb12d41baf2b5ab17e1207af6e7881cb9f1c7fcac4708400e3,347063865e8891e8930e88a85d39dd817b91eb349581be92e6884848ac4c67a9,2026-05,2026-06,56.85,56.5,55.81,2026-06-12,persistencia,56.85,,2026-05,,7b4bc08b19ada86fc17bcdd336fc488aa71badd090b90a8d98cb10055d49def8,cenario_proxima_competencia_sem_observacao
sinapi_es,sem_desoneracao,87643,"CONTRAPISO EM ARGAMASSA PRONTA, PREPARO MECÂNICO COM MISTURADOR 300 KG, APLICADO EM ÁREAS SECAS SOBRE LAJE, ADERIDO, ACABAMENTO NÃO REFORÇADO, ESPESSURA 4CM. AF_07/2021",Contrapiso,M2,928df42a952625eb12d41baf2b5ab17e1207af6e7881cb9f1c7fcac4708400e3,1dde60e980c4a91255d142944046df04a1b1dca6aff8da0ad43e3431f77910bc,2026-05,2026-06,114.7,113.52,114.57,2026-06-12,persistencia,114.7,,2026-05,,7b4bc08b19ada86fc17bcdd336fc488aa71badd090b90a8d98cb10055d49def8,cenario_proxima_competencia_sem_observacao
sinapi_es,sem_desoneracao,87644,"CONTRAPISO EM ARGAMASSA PRONTA, PREPARO MANUAL, APLICADO EM ÁREAS SECAS SOBRE LAJE, ADERIDO, ACABAMENTO NÃO REFORÇADO, ESPESSURA 4CM. AF_07/2021",Contrapiso,M2,928df42a952625eb12d41baf2b5ab17e1207af6e7881cb9f1c7fcac4708400e3,d18039c8edf5661fea021e49192e5bccde0feca89a55d1bbf82660d49209304f,2026-05,2026-06,128.86,127.65,128.66,2026-06-12,persistencia,128.86,,2026-05,,7b4bc08b19ada86fc17bcdd336fc488aa71badd090b90a8d98cb10055d49def8,cenario_proxima_competencia_sem_observacao
sinapi_es,sem_desoneracao,87680,"CONTRAPISO EM ARGAMASSA TRAÇO 1:4 (CIMENTO E AREIA), PREPARO MECÂNICO COM BETONEIRA 400 L, APLICADO EM ÁREAS SECAS SOBRE LAJE, NÃO ADERIDO, ACABAMENTO NÃO REFORÇADO, ESPESSURA 4CM. AF_07/2021",Contrapiso,M2,928df42a952625eb12d41baf2b5ab17e1207af6e7881cb9f1c7fcac4708400e3,4fb54be1043c871189aa28654858675b133c90aa8689ec8310e221fb4240a877,2026-05,2026-06,45.79,45.43,44.59,2026-06-12,persistencia,45.79,,2026-05,,7b4bc08b19ada86fc17bcdd336fc488aa71badd090b90a8d98cb10055d49def8,cenario_proxima_competencia_sem_observacao
sinapi_es,sem_desoneracao,87682,"CONTRAPISO EM ARGAMASSA TRAÇO 1:4 (CIMENTO E AREIA), PREPARO MANUAL, APLICADO EM ÁREAS SECAS SOBRE LAJE, NÃO ADERIDO, ACABAMENTO NÃO REFORÇADO, ESPESSURA 4CM. AF_07/2021",Contrapiso,M2,928df42a952625eb12d41baf2b5ab17e1207af6e7881cb9f1c7fcac4708400e3,83cd781b704a3df0490781954a50b783d8414f658251135384697382a6b2fab2,2026-05,2026-06,53.16,52.8,51.89,2026-06-12,persistencia,53.16,,2026-05,,7b4bc08b19ada86fc17bcdd336fc488aa71badd090b90a8d98cb10055d49def8,cenario_proxima_competencia_sem_observacao
sinapi_es,sem_desoneracao,87683,"CONTRAPISO EM ARGAMASSA PRONTA, PREPARO MECÂNICO COM MISTURADOR 300 KG, APLICADO EM ÁREAS SECAS SOBRE LAJE, NÃO ADERIDO, ACABAMENTO NÃO REFORÇADO, ESPESSURA 4CM. AF_07/2021",Contrapiso,M2,928df42a952625eb12d41baf2b5ab17e1207af6e7881cb9f1c7fcac4708400e3,7d95aeaf6b3fd4ae5fff95013c4af11bc4c12ad70094b990e5e9eb1274aa21fd,2026-05,2026-06,111.01,109.82,110.65,2026-06-12,persistencia,111.01,,2026-05,,7b4bc08b19ada86fc17bcdd336fc488aa71badd090b90a8d98cb10055d49def8,cenario_proxima_competencia_sem_observacao
sinapi_es,sem_desoneracao,87684,"CONTRAPISO EM ARGAMASSA PRONTA, PREPARO MANUAL, APLICADO EM ÁREAS SECAS SOBRE LAJE, NÃO ADERIDO, ACABAMENTO NÃO REFORÇADO, ESPESSURA 4CM. AF_07/2021",Contrapiso,M2,928df42a952625eb12d41baf2b5ab17e1207af6e7881cb9f1c7fcac4708400e3,66dd57bcda835a28dae1c2d5c6e2500b141584a46394571b71e5a5e0fe7f09b4,2026-05,2026-06,125.17,123.95,124.74,2026-06-12,persistencia,125.17,,2026-05,,7b4bc08b19ada86fc17bcdd336fc488aa71badd090b90a8d98cb10055d49def8,cenario_proxima_competencia_sem_observacao
sinapi_es,sem_desoneracao,87690,"CONTRAPISO EM ARGAMASSA TRAÇO 1:4 (CIMENTO E AREIA), PREPARO MECÂNICO COM BETONEIRA 400 L, APLICADO EM ÁREAS SECAS SOBRE LAJE, NÃO ADERIDO, ACABAMENTO NÃO REFORÇADO, ESPESSURA 5CM. AF_07/2021",Contrapiso,M2,928df42a952625eb12d41baf2b5ab17e1207af6e7881cb9f1c7fcac4708400e3,ee15db672b3c675d48ec31a7f169b3ac355b090f0aeae58a8c2d12b7aae093ea,2026-05,2026-06,52.48,52.08,51.1,2026-06-12,persistencia,52.48,,2026-05,,7b4bc08b19ada86fc17bcdd336fc488aa71badd090b90a8d98cb10055d49def8,cenario_proxima_competencia_sem_observacao
sinapi_es,sem_desoneracao,87692,"CONTRAPISO EM ARGAMASSA TRAÇO 1:4 (CIMENTO E AREIA), PREPARO MANUAL, APLICADO EM ÁREAS SECAS SOBRE LAJE, NÃO ADERIDO, ACABAMENTO NÃO REFORÇADO, ESPESSURA 5CM. AF_07/2021",Contrapiso,M2,928df42a952625eb12d41baf2b5ab17e1207af6e7881cb9f1c7fcac4708400e3,d71d7a36329f884196f60a96cfbdc938d05055a48c380655bf8ae882ff348909,2026-05,2026-06,60.92,60.51,59.46,2026-06-12,persistencia,60.92,,2026-05,,7b4bc08b19ada86fc17bcdd336fc488aa71badd090b90a8d98cb10055d49def8,cenario_proxima_competencia_sem_observacao
sinapi_es,sem_desoneracao,87693,"CONTRAPISO EM ARGAMASSA PRONTA, PREPARO MECÂNICO COM MISTURADOR 300 KG, APLICADO EM ÁREAS SECAS SOBRE LAJE, NÃO ADERIDO, ESPESSURA 5CM. AF_07/2021",Contrapiso,M2,928df42a952625eb12d41baf2b5ab17e1207af6e7881cb9f1c7fcac4708400e3,9ad84dae2203f75af536f5522f234ebc1c7bd0b2e5045089d0431ee444f9181e,2026-05,2026-06,127.18,125.82,126.76,2026-06-12,persistencia,127.18,,2026-05,,7b4bc08b19ada86fc17bcdd336fc488aa71badd090b90a8d98cb10055d49def8,cenario_proxima_competencia_sem_observacao
sinapi_es,sem_desoneracao,87694,"CONTRAPISO EM ARGAMASSA PRONTA, PREPARO MANUAL, APLICADO EM ÁREAS SECAS SOBRE LAJE, NÃO ADERIDO, ACABAMENTO NÃO REFORÇADO, ESPESSURA 5CM. AF_07/2021",Contrapiso,M2,928df42a952625eb12d41baf2b5ab17e1207af6e7881cb9f1c7fcac4708400e3,627932835a8785c7c1c5d2d68ec086469a57f2f662f52c0a801a200f63d00333,2026-05,2026-06,143.4,142.0,142.9,2026-06-12,persistencia,143.4,,2026-05,,7b4bc08b19ada86fc17bcdd336fc488aa71badd090b90a8d98cb10055d49def8,cenario_proxima_competencia_sem_observacao
sinapi_es,sem_desoneracao,87700,"CONTRAPISO EM ARGAMASSA TRAÇO 1:4 (CIMENTO E AREIA), PREPARO MECÂNICO COM BETONEIRA 400 L, APLICADO EM ÁREAS SECAS SOBRE LAJE, NÃO ADERIDO, ACABAMENTO NÃO REFORÇADO, ESPESSURA 6CM. AF_07/2021",Contrapiso,M2,928df42a952625eb12d41baf2b5ab17e1207af6e7881cb9f1c7fcac4708400e3,e525f79e28c607aa8e0d6274c296ef69cb1f160593f344bd4545b4eef61a8aff,2026-05,2026-06,56.58,56.13,55.09,2026-06-12,persistencia,56.58,,2026-05,,7b4bc08b19ada86fc17bcdd336fc488aa71badd090b90a8d98cb10055d49def8,cenario_proxima_competencia_sem_observacao
sinapi_es,sem_desoneracao,87702,"CONTRAPISO EM ARGAMASSA TRAÇO 1:4 (CIMENTO E AREIA), PREPARO MANUAL, APLICADO EM ÁREAS SECAS SOBRE LAJE, NÃO ADERIDO, ACABAMENTO NÃO REFORÇADO, ESPESSURA 6CM. AF_07/2021",Contrapiso,M2,928df42a952625eb12d41baf2b5ab17e1207af6e7881cb9f1c7fcac4708400e3,ea4385292d1557c4794e534c04c38e93fc9444fca36bd19fde52717ec51dc9fb,2026-05,2026-06,65.77,65.32,64.19,2026-06-12,persistencia,65.77,,2026-05,,7b4bc08b19ada86fc17bcdd336fc488aa71badd090b90a8d98cb10055d49def8,cenario_proxima_competencia_sem_observacao
sinapi_es,sem_desoneracao,87703,"CONTRAPISO EM ARGAMASSA PRONTA, PREPARO MECÂNICO COM MISTURADOR 300 KG, APLICADO EM ÁREAS SECAS SOBRE LAJE, NÃO ADERIDO, ACABAMENTO NÃO REFORÇADO, ESPESSURA 6CM. AF_07/2021",Contrapiso,M2,928df42a952625eb12d41baf2b5ab17e1207af6e7881cb9f1c7fcac4708400e3,febe5f408d5eb17ec2f812b24e826b31854d63d546de26ba948e2080a686ac27,2026-05,2026-06,137.92,136.43,137.48,2026-06-12,persistencia,137.92,,2026-05,,7b4bc08b19ada86fc17bcdd336fc488aa71badd090b90a8d98cb10055d49def8,cenario_proxima_competencia_sem_observacao
sinapi_es,sem_desoneracao,87704,"CONTRAPISO EM ARGAMASSA PRONTA, PREPARO MANUAL, APLICADO EM ÁREAS SECAS SOBRE LAJE, NÃO ADERIDO, ACABAMENTO NÃO REFORÇADO, ESPESSURA 6CM. AF_07/2021",Contrapiso,M2,928df42a952625eb12d41baf2b5ab17e1207af6e7881cb9f1c7fcac4708400e3,a9a4724108e82b75fb6c9996ce8d855d09294f9ce0c3cb4f4be8eac57cdb3689,2026-05,2026-06,155.58,154.05,155.05,2026-06-12,persistencia,155.58,,2026-05,,7b4bc08b19ada86fc17bcdd336fc488aa71badd090b90a8d98cb10055d49def8,cenario_proxima_competencia_sem_observacao
sinapi_es,sem_desoneracao,87735,"CONTRAPISO EM ARGAMASSA TRAÇO 1:4 (CIMENTO E AREIA), PREPARO MECÂNICO COM BETONEIRA 400 L, APLICADO EM ÁREAS MOLHADAS SOBRE LAJE, ADERIDO, ACABAMENTO NÃO REFORÇADO, ESPESSURA 2CM. AF_07/2021",Contrapiso,M2,928df42a952625eb12d41baf2b5ab17e1207af6e7881cb9f1c7fcac4708400e3,d5f710bc9c7731d7cc09d505dfdd80a287efae4d76eaa1f9831601bf38b8fa0f,2026-05,2026-06,48.79,48.59,47.69,2026-06-12,persistencia,48.79,,2026-05,,7b4bc08b19ada86fc17bcdd336fc488aa71badd090b90a8d98cb10055d49def8,cenario_proxima_competencia_sem_observacao
sinapi_es,sem_desoneracao,87737,"CONTRAPISO EM ARGAMASSA TRAÇO 1:4 (CIMENTO E AREIA), PREPARO MANUAL, APLICADO EM ÁREAS MOLHADAS SOBRE LAJE, ADERIDO, ACABAMENTO NÃO REFORÇADO, ESPESSURA 2CM. AF_07/2021",Contrapiso,M2,928df42a952625eb12d41baf2b5ab17e1207af6e7881cb9f1c7fcac4708400e3,5f7f21639d819c4f017d8d704d226285136f75e4b14cab94c4c25f2e845e9905,2026-05,2026-06,53.1,52.9,51.96,2026-06-12,persistencia,53.1,,2026-05,,7b4bc08b19ada86fc17bcdd336fc488aa71badd090b90a8d98cb10055d49def8,cenario_proxima_competencia_sem_observacao
sinapi_es,sem_desoneracao,87738,"CONTRAPISO EM ARGAMASSA PRONTA, PREPARO MECÂNICO COM MISTURADOR 300 KG, APLICADO EM ÁREAS MOLHADAS SOBRE LAJE, ADERIDO, ACABAMENTO NÃO REFORÇADO, ESPESSURA 2CM. AF_07/2021",Contrapiso,M2,928df42a952625eb12d41baf2b5ab17e1207af6e7881cb9f1c7fcac4708400e3,baa35cadf1a8953ace3ccecf9274a89074712fafd68c6666506adda38fd10cfd,2026-05,2026-06,86.94,86.25,86.33,2026-06-12,persistencia,86.94,,2026-05,,7b4bc08b19ada86fc17bcdd336fc488aa71badd090b90a8d98cb10055d49def8,cenario_proxima_competencia_sem_observacao
sinapi_es,sem_desoneracao,87739,"CONTRAPISO EM ARGAMASSA PRONTA, PREPARO MANUAL, APLICADO EM ÁREAS MOLHADAS SOBRE LAJE, ADERIDO, ACABAMENTO NÃO REFORÇADO, ESPESSURA 2CM. AF_07/2021",Contrapiso,M2,928df42a952625eb12d41baf2b5ab17e1207af6e7881cb9f1c7fcac4708400e3,f74340209de5a9459a550b047bc15b324280f5ca711d42bedd5654276e983698,2026-05,2026-06,95.22,94.52,94.57,2026-06-12,persistencia,95.22,,2026-05,,7b4bc08b19ada86fc17bcdd336fc488aa71badd090b90a8d98cb10055d49def8,cenario_proxima_competencia_sem_observacao
sinapi_es,sem_desoneracao,87745,"CONTRAPISO EM ARGAMASSA TRAÇO 1:4 (CIMENTO E AREIA), PREPARO MECÂNICO COM BETONEIRA 400 L, APLICADO EM ÁREAS MOLHADAS SOBRE LAJE, ADERIDO, ACABAMENTO NÃO REFORÇADO, ESPESSURA 3CM. AF_07/2021",Contrapiso,M2,928df42a952625eb12d41baf2b5ab17e1207af6e7881cb9f1c7fcac4708400e3,5edcc8af3c853800a24f7985c854bc6191ee77a272b70078d1d66ffee511773b,2026-05,2026-06,57.97,57.7,56.65,2026-06-12,persistencia,57.97,,2026-05,,7b4bc08b19ada86fc17bcdd336fc488aa71badd090b90a8d98cb10055d49def8,cenario_proxima_competencia_sem_observacao
sinapi_es,sem_desoneracao,87747,"CONTRAPISO EM ARGAMASSA TRAÇO 1:4 (CIMENTO E AREIA), PREPARO MANUAL, APLICADO EM ÁREAS MOLHADAS SOBRE LAJE, ADERIDO, ACABAMENTO NÃO REFORÇADO, ESPESSURA 3CM. AF_07/2021",Contrapiso,M2,928df42a952625eb12d41baf2b5ab17e1207af6e7881cb9f1c7fcac4708400e3,9a711a174bd17731e20b56d9d4f24ed6ccb0b2f2725c62ac0a6a870c5c0bf40a,2026-05,2026-06,63.97,63.69,62.58,2026-06-12,persistencia,63.97,,2026-05,,7b4bc08b19ada86fc17bcdd336fc488aa71badd090b90a8d98cb10055d49def8,cenario_proxima_competencia_sem_observacao
sinapi_es,sem_desoneracao,87748,"CONTRAPISO EM ARGAMASSA PRONTA, PREPARO MECÂNICO COM MISTURADOR 300 KG, APLICADO EM ÁREAS MOLHADAS SOBRE LAJE, ADERIDO, ACABAMENTO NÃO REFORÇADO, ESPESSURA 3CM. AF_07/2021",Contrapiso,M2,928df42a952625eb12d41baf2b5ab17e1207af6e7881cb9f1c7fcac4708400e3,59ae4f31c522571067c4f7b1a390a58d3c9bf705de32afcbf265d6c8ffdb2447,2026-05,2026-06,111.02,110.05,110.37,2026-06-12,persistencia,111.02,,2026-05,,7b4bc08b19ada86fc17bcdd336fc488aa71badd090b90a8d98cb10055d49def8,cenario_proxima_competencia_sem_observacao
sinapi_es,sem_desoneracao,87749,"CONTRAPISO EM ARGAMASSA PRONTA, PREPARO MANUAL, APLICADO EM ÁREAS MOLHADAS SOBRE LAJE, ADERIDO, ACABAMENTO NÃO REFORÇADO, ESPESSURA 3CM. AF_07/2021",Contrapiso,M2,928df42a952625eb12d41baf2b5ab17e1207af6e7881cb9f1c7fcac4708400e3,591d7592df26038330bd0311febf4a8e2de8f911ed84c24da4ecc0ec84e30849,2026-05,2026-06,122.53,121.54,121.83,2026-06-12,persistencia,122.53,,2026-05,,7b4bc08b19ada86fc17bcdd336fc488aa71badd090b90a8d98cb10055d49def8,cenario_proxima_competencia_sem_observacao
sinapi_es,sem_desoneracao,87755,"CONTRAPISO EM ARGAMASSA TRAÇO 1:4 (CIMENTO E AREIA), PREPARO MECÂNICO COM BETONEIRA 400 L, APLICADO EM ÁREAS MOLHADAS SOBRE IMPERMEABILIZAÇÃO, ACABAMENTO NÃO REFORÇADO, ESPESSURA 3CM. AF_07/2021",Contrapiso,M2,928df42a952625eb12d41baf2b5ab17e1207af6e7881cb9f1c7fcac4708400e3,f9b1ffaf42abcf9988ce18be2f3177375a4af4dd43aa90842b3a76448effc433,2026-05,2026-06,57.23,56.95,55.56,2026-06-12,persistencia,57.23,,2026-05,,7b4bc08b19ada86fc17bcdd336fc488aa71badd090b90a8d98cb10055d49def8,cenario_proxima_competencia_sem_observacao
sinapi_es,sem_desoneracao,87757,"CONTRAPISO EM ARGAMASSA TRAÇO 1:4 (CIMENTO E AREIA), PREPARO MANUAL, APLICADO EM ÁREAS MOLHADAS SOBRE IMPERMEABILIZAÇÃO, ACABAMENTO NÃO REFORÇADO, ESPESSURA 3CM. AF_07/2021",Contrapiso,M2,928df42a952625eb12d41baf2b5ab17e1207af6e7881cb9f1c7fcac4708400e3,4af6e11535fa2de664e0e8ad10450a3c01ab4927ae465a76d1d8b05e35b81d84,2026-05,2026-06,63.23,62.94,61.49,2026-06-12,persistencia,63.23,,2026-05,,7b4bc08b19ada86fc17bcdd336fc488aa71badd090b90a8d98cb10055d49def8,cenario_proxima_competencia_sem_observacao
sinapi_es,sem_desoneracao,87758,"CONTRAPISO EM ARGAMASSA PRONTA, PREPARO MECÂNICO COM MISTURADOR 300 KG, APLICADO EM ÁREAS MOLHADAS SOBRE IMPERMEABILIZAÇÃO, ACABAMENTO NÃO REFORÇADO, ESPESSURA 3CM. AF_07/2021",Contrapiso,M2,928df42a952625eb12d41baf2b5ab17e1207af6e7881cb9f1c7fcac4708400e3,f37636178ebf36d133bd509ba20d09c31dcae75cc793cbf0652f212208164a53,2026-05,2026-06,110.28,109.3,109.28,2026-06-12,persistencia,110.28,,2026-05,,7b4bc08b19ada86fc17bcdd336fc488aa71badd090b90a8d98cb10055d49def8,cenario_proxima_competencia_sem_observacao
sinapi_es,sem_desoneracao,87759,"CONTRAPISO EM ARGAMASSA PRONTA, PREPARO MANUAL, APLICADO EM ÁREAS MOLHADAS SOBRE IMPERMEABILIZAÇÃO, ACABAMENTO NÃO REFORÇADO, ESPESSURA 3CM. AF_07/2021",Contrapiso,M2,928df42a952625eb12d41baf2b5ab17e1207af6e7881cb9f1c7fcac4708400e3,f04ff3746c899c43cfb405b1da8b4538370d94aed250d4828720977d1645c838,2026-05,2026-06,121.79,120.79,120.74,2026-06-12,persistencia,121.79,,2026-05,,7b4bc08b19ada86fc17bcdd336fc488aa71badd090b90a8d98cb10055d49def8,cenario_proxima_competencia_sem_observacao
sinapi_es,sem_desoneracao,87765,"CONTRAPISO EM ARGAMASSA TRAÇO 1:4 (CIMENTO E AREIA), PREPARO MECÂNICO COM BETONEIRA 400 L, APLICADO EM ÁREAS MOLHADAS SOBRE IMPERMEABILIZAÇÃO, ACABAMENTO NÃO REFORÇADO, ESPESSURA 4CM. AF_07/2021",Contrapiso,M2,928df42a952625eb12d41baf2b5ab17e1207af6e7881cb9f1c7fcac4708400e3,feb3cfca74c40f6f1536ddd9e39c470b07b8d8e3595b1d80ff1779554cc06229,2026-05,2026-06,64.83,64.47,62.97,2026-06-12,persistencia,64.83,,2026-05,,7b4bc08b19ada86fc17bcdd336fc488aa71badd090b90a8d98cb10055d49def8,cenario_proxima_competencia_sem_observacao
sinapi_es,sem_desoneracao,87767,"CONTRAPISO EM ARGAMASSA TRAÇO 1:4 (CIMENTO E AREIA), PREPARO MANUAL, APLICADO EM ÁREAS MOLHADAS SOBRE IMPERMEABILIZAÇÃO, ACABAMENTO NÃO REFORÇADO, ESPESSURA 4CM. AF_07/2021",Contrapiso,M2,928df42a952625eb12d41baf2b5ab17e1207af6e7881cb9f1c7fcac4708400e3,c5b1885c0d621bdcfa5cc41a4b1cbf32bcc8be095e36e16c367b6b7ef9689584,2026-05,2026-06,72.2,71.84,70.27,2026-06-12,persistencia,72.2,,2026-05,,7b4bc08b19ada86fc17bcdd336fc488aa71badd090b90a8d98cb10055d49def8,cenario_proxima_competencia_sem_observacao
sinapi_es,sem_desoneracao,87768,"CONTRAPISO EM ARGAMASSA PRONTA, PREPARO MECÂNICO COM MISTURADOR 300 KG, APLICADO EM ÁREAS MOLHADAS SOBRE IMPERMEABILIZAÇÃO, ACABAMENTO NÃO REFORÇADO, ESPESSURA 4CM. AF_07/2021",Contrapiso,M2,928df42a952625eb12d41baf2b5ab17e1207af6e7881cb9f1c7fcac4708400e3,a3f97184ff136029ebf87576c9f1174ddfdf1d694a2e54589def66e78fa9f3ad,2026-05,2026-06,130.05,128.86,129.03,2026-06-12,persistencia,130.05,,2026-05,,7b4bc08b19ada86fc17bcdd336fc488aa71badd090b90a8d98cb10055d49def8,cenario_proxima_competencia_sem_observacao
sinapi_es,sem_desoneracao,87769,"CONTRAPISO EM ARGAMASSA PRONTA, PREPARO MANUAL, APLICADO EM ÁREAS MOLHADAS SOBRE IMPERMEABILIZAÇÃO, ACABAMENTO NÃO REFORÇADO, ESPESSURA 4CM. AF_07/2021",Contrapiso,M2,928df42a952625eb12d41baf2b5ab17e1207af6e7881cb9f1c7fcac4708400e3,158b34b9ead3c8f9d5b170e76390dfe809264f90244aca8aa0bf30bad6a11b23,2026-05,2026-06,144.21,142.99,143.12,2026-06-12,persistencia,144.21,,2026-05,,7b4bc08b19ada86fc17bcdd336fc488aa71badd090b90a8d98cb10055d49def8,cenario_proxima_competencia_sem_observacao
sinapi_es,sem_desoneracao,88470,"CONTRAPISO COM ARGAMASSA AUTONIVELANTE, APLICADO SOBRE LAJE, NÃO ADERIDO, ESPESSURA 3CM. AF_07/2021",Contrapiso,M2,928df42a952625eb12d41baf2b5ab17e1207af6e7881cb9f1c7fcac4708400e3,1c0daf536a1cd4c33707b973d8bce201517339b0d5df721b733a23c856be7561,2026-05,2026-06,31.78,31.78,31.63,2026-06-12,persistencia,31.78,,2026-05,,7b4bc08b19ada86fc17bcdd336fc488aa71badd090b90a8d98cb10055d49def8,cenario_proxima_competencia_sem_observacao
sinapi_es,sem_desoneracao,88471,"CONTRAPISO COM ARGAMASSA AUTONIVELANTE, APLICADO SOBRE LAJE, NÃO ADERIDO, ESPESSURA 4CM. AF_07/2021",Contrapiso,M2,928df42a952625eb12d41baf2b5ab17e1207af6e7881cb9f1c7fcac4708400e3,7497f200345c9be7da1cdf1b7e328da218047a1e2eafdac059bcac70e0c77dc1,2026-05,2026-06,39.82,39.82,39.62,2026-06-12,persistencia,39.82,,2026-05,,7b4bc08b19ada86fc17bcdd336fc488aa71badd090b90a8d98cb10055d49def8,cenario_proxima_competencia_sem_observacao
sinapi_es,sem_desoneracao,88472,"CONTRAPISO COM ARGAMASSA AUTONIVELANTE, APLICADO SOBRE LAJE, NÃO ADERIDO, ESPESSURA 5CM. AF_07/2021",Contrapiso,M2,928df42a952625eb12d41baf2b5ab17e1207af6e7881cb9f1c7fcac4708400e3,00d5524be1977b80bed1a7086d8c98ee62c618c8ed9bffe0b252e5f32ddc0cd3,2026-05,2026-06,46.2,46.2,45.95,2026-06-12,persistencia,46.2,,2026-05,,7b4bc08b19ada86fc17bcdd336fc488aa71badd090b90a8d98cb10055d49def8,cenario_proxima_competencia_sem_observacao
sinapi_es,sem_desoneracao,88476,"CONTRAPISO COM ARGAMASSA AUTONIVELANTE, APLICADO SOBRE LAJE, ADERIDO, ESPESSURA 2CM. AF_07/2021",Contrapiso,M2,928df42a952625eb12d41baf2b5ab17e1207af6e7881cb9f1c7fcac4708400e3,62ab9d8bc9f523ef268994b9596498b04f7e43b911c98017f88b36ce978182ce,2026-05,2026-06,24.7,24.71,24.9,2026-06-12,persistencia,24.7,,2026-05,,7b4bc08b19ada86fc17bcdd336fc488aa71badd090b90a8d98cb10055d49def8,cenario_proxima_competencia_sem_observacao
sinapi_es,sem_desoneracao,88477,"CONTRAPISO COM ARGAMASSA AUTONIVELANTE, APLICADO SOBRE LAJE, ADERIDO, ESPESSURA 3CM. AF_07/2021",Contrapiso,M2,928df42a952625eb12d41baf2b5ab17e1207af6e7881cb9f1c7fcac4708400e3,fc7ad3f57f85c21b3705bf6e16ef01310ccfe892c0d5440bb3b603b6711a58e3,2026-05,2026-06,34.78,34.79,34.9,2026-06-12,persistencia,34.78,,2026-05,,7b4bc08b19ada86fc17bcdd336fc488aa71badd090b90a8d98cb10055d49def8,cenario_proxima_competencia_sem_observacao
sinapi_es,sem_desoneracao,88478,"CONTRAPISO COM ARGAMASSA AUTONIVELANTE, APLICADO SOBRE LAJE, ADERIDO, ESPESSURA 4CM. AF_07/2021",Contrapiso,M2,928df42a952625eb12d41baf2b5ab17e1207af6e7881cb9f1c7fcac4708400e3,d04c41e506d0e442c65829e15cb1e58099e538018f9cd129f78e8db3f6dd44af,2026-05,2026-06,43.12,43.13,43.17,2026-06-12,persistencia,43.12,,2026-05,,7b4bc08b19ada86fc17bcdd336fc488aa71badd090b90a8d98cb10055d49def8,cenario_proxima_competencia_sem_observacao
sinapi_es,sem_desoneracao,90930,"CONTRAPISO ACÚSTICO EM ARGAMASSA TRAÇO 1:4 (CIMENTO E AREIA), PREPARO MECÂNICO COM BETONEIRA 400L, APLICADO EM ÁREAS SECAS, ACABAMENTO NÃO REFORÇADO, ESPESSURA 5CM. AF_07/2021",Contrapiso,M2,928df42a952625eb12d41baf2b5ab17e1207af6e7881cb9f1c7fcac4708400e3,a10428b23bf331b686624e41dbd14d0c49ee3b16866e8580699aadc512f23a41,2026-05,2026-06,83.08,82.25,80.85,2026-06-12,persistencia,83.08,,2026-05,,7b4bc08b19ada86fc17bcdd336fc488aa71badd090b90a8d98cb10055d49def8,cenario_proxima_competencia_sem_observacao
sinapi_es,sem_desoneracao,90932,"CONTRAPISO ACÚSTICO EM ARGAMASSA TRAÇO 1:4 (CIMENTO E AREIA), PREPARO MANUAL, APLICADO EM ÁREAS SECAS, ACABAMENTO NÃO REFORÇADO, ESPESSURA 5CM. AF_07/2021",Contrapiso,M2,928df42a952625eb12d41baf2b5ab17e1207af6e7881cb9f1c7fcac4708400e3,93db822d5aea7ea673a57a28095391ff01be6b8f22f32c1ee75ca7c4d3d8831f,2026-05,2026-06,91.52,90.68,89.21,2026-06-12,persistencia,91.52,,2026-05,,7b4bc08b19ada86fc17bcdd336fc488aa71badd090b90a8d98cb10055d49def8,cenario_proxima_competencia_sem_observacao
sinapi_es,sem_desoneracao,90933,"CONTRAPISO ACÚSTICO EM ARGAMASSA PRONTA, PREPARO MECÂNICO COM MISTURADOR 300 KG, APLICADO EM ÁREAS SECAS, ACABAMENTO NÃO REFORÇADO, ESPESSURA 5CM. AF_07/2021",Contrapiso,M2,928df42a952625eb12d41baf2b5ab17e1207af6e7881cb9f1c7fcac4708400e3,c19e38545f1c846f30c0ef71635b3f2d752cc418ed3b4b0b49020b53a774c4cf,2026-05,2026-06,157.78,155.99,156.51,2026-06-12,persistencia,157.78,,2026-05,,7b4bc08b19ada86fc17bcdd336fc488aa71badd090b90a8d98cb10055d49def8,cenario_proxima_competencia_sem_observacao
sinapi_es,sem_desoneracao,90934,"CONTRAPISO ACÚSTICO EM ARGAMASSA PRONTA, PREPARO MANUAL, APLICADO EM ÁREAS SECAS, ACABAMENTO NÃO REFORÇADO, ESPESSURA 5CM. AF_07/2021",Contrapiso,M2,928df42a952625eb12d41baf2b5ab17e1207af6e7881cb9f1c7fcac4708400e3,0a8e2b92dff6bbc2b0cdfcdc87f7b0ce35aef66da41ffe78bfcd2c7d5ba3ca29,2026-05,2026-06,174.0,172.17,172.65,2026-06-12,persistencia,174.0,,2026-05,,7b4bc08b19ada86fc17bcdd336fc488aa71badd090b90a8d98cb10055d49def8,cenario_proxima_competencia_sem_observacao
sinapi_es,sem_desoneracao,90940,"CONTRAPISO ACÚSTICO EM ARGAMASSA TRAÇO 1:4 (CIMENTO E AREIA), PREPARO MECÂNICO COM BETONEIRA 400L, APLICADO EM ÁREAS SECAS, ACABAMENTO NÃO REFORÇADO, ESPESSURA 6CM. AF_07/2021",Contrapiso,M2,928df42a952625eb12d41baf2b5ab17e1207af6e7881cb9f1c7fcac4708400e3,c4b405d44cbf6c9f399686d5f27e2aa593a0ac9c8fbf53f7c9075d0b9dae0534,2026-05,2026-06,88.91,88.03,86.52,2026-06-12,persistencia,88.91,,2026-05,,7b4bc08b19ada86fc17bcdd336fc488aa71badd090b90a8d98cb10055d49def8,cenario_proxima_competencia_sem_observacao
sinapi_es,sem_desoneracao,90942,"CONTRAPISO ACÚSTICO EM ARGAMASSA TRAÇO 1:4 (CIMENTO E AREIA), PREPARO MANUAL, APLICADO EM ÁREAS SECAS, ACABAMENTO NÃO REFORÇADO, ESPESSURA 6CM. AF_07/2021",Contrapiso,M2,928df42a952625eb12d41baf2b5ab17e1207af6e7881cb9f1c7fcac4708400e3,0f8e7b1ae55c5045d39322837a2a7112aa8c56ccf15f1a38adc83fb339516ce3,2026-05,2026-06,98.1,97.22,95.62,2026-06-12,persistencia,98.1,,2026-05,,7b4bc08b19ada86fc17bcdd336fc488aa71badd090b90a8d98cb10055d49def8,cenario_proxima_competencia_sem_observacao
sinapi_es,sem_desoneracao,90943,"CONTRAPISO ACÚSTICO EM ARGAMASSA PRONTA, PREPARO MECÂNICO COM MISTURADOR 300 KG, APLICADO EM ÁREAS SECAS, ACABAMENTO NÃO REFORÇADO, ESPESSURA 6CM. AF_07/2021",Contrapiso,M2,928df42a952625eb12d41baf2b5ab17e1207af6e7881cb9f1c7fcac4708400e3,57f49f7c60335b4054132d509b381e15f1d0c83abca9b5cb7a62fc16c4cae50b,2026-05,2026-06,170.25,168.33,168.91,2026-06-12,persistencia,170.25,,2026-05,,7b4bc08b19ada86fc17bcdd336fc488aa71badd090b90a8d98cb10055d49def8,cenario_proxima_competencia_sem_observacao
sinapi_es,sem_desoneracao,90944,"CONTRAPISO ACÚSTICO EM ARGAMASSA PRONTA, PREPARO MANUAL, APLICADO EM ÁREAS SECA, ACABAMENTO NÃO REFORÇADO, ESPESSURA 6CM. AF_07/2021",Contrapiso,M2,928df42a952625eb12d41baf2b5ab17e1207af6e7881cb9f1c7fcac4708400e3,b1fa361e0cb7169b35673af07021bb8dc21de1223ee592bb9e7fe30879cd0442,2026-05,2026-06,187.91,185.95,186.48,2026-06-12,persistencia,187.91,,2026-05,,7b4bc08b19ada86fc17bcdd336fc488aa71badd090b90a8d98cb10055d49def8,cenario_proxima_competencia_sem_observacao
sinapi_es,sem_desoneracao,90950,"CONTRAPISO ACÚSTICO EM ARGAMASSA TRAÇO 1:4 (CIMENTO E AREIA), PREPARO MECÂNICO COM BETONEIRA 400L, APLICADO EM ÁREAS SECAS, ACABAMENTO NÃO REFORÇADO, ESPESSURA 7CM. AF_07/2021",Contrapiso,M2,928df42a952625eb12d41baf2b5ab17e1207af6e7881cb9f1c7fcac4708400e3,36a626442ea9cdab468bfaafafd8eeebaf19212902a82bb78d2d1407fe222396,2026-05,2026-06,99.54,98.6,96.85,2026-06-12,persistencia,99.54,,2026-05,,7b4bc08b19ada86fc17bcdd336fc488aa71badd090b90a8d98cb10055d49def8,cenario_proxima_competencia_sem_observacao
sinapi_es,sem_desoneracao,90952,"CONTRAPISO ACÚSTICO EM ARGAMASSA TRAÇO 1:4 (CIMENTO E AREIA), PREPARO MANUAL, APLICADO EM ÁREAS SECAS, ACABAMENTO NÃO REFORÇADO, ESPESSURA 7CM. AF_07/2021",Contrapiso,M2,928df42a952625eb12d41baf2b5ab17e1207af6e7881cb9f1c7fcac4708400e3,41ea3e4caf07505523c6d44a59f3a7843b6943e82df4c200727f4cefb259baec,2026-05,2026-06,110.11,109.16,107.31,2026-06-12,persistencia,110.11,,2026-05,,7b4bc08b19ada86fc17bcdd336fc488aa71badd090b90a8d98cb10055d49def8,cenario_proxima_competencia_sem_observacao
sinapi_es,sem_desoneracao,90953,"CONTRAPISO ACÚSTICO EM ARGAMASSA PRONTA, PREPARO MECÂNICO COM MISTURADOR 300 KG, APLICADO EM ÁREAS SECAS, ACABAMENTO NÃO REFORÇADO, ESPESSURA 7CM. AF_07/2021",Contrapiso,M2,928df42a952625eb12d41baf2b5ab17e1207af6e7881cb9f1c7fcac4708400e3,cb1150269fb11d6ecc0841b242c06eacc60582cf61a1fc5b3ecd1b3794284b1b,2026-05,2026-06,193.07,190.93,191.58,2026-06-12,persistencia,193.07,,2026-05,,7b4bc08b19ada86fc17bcdd336fc488aa71badd090b90a8d98cb10055d49def8,cenario_proxima_competencia_sem_observacao
sinapi_es,sem_desoneracao,90954,"CONTRAPISO ACÚSTICO EM ARGAMASSA PRONTA, PREPARO MANUAL, APLICADO EM ÁREAS SECAS, ACABAMENTO NÃO REFORÇADO, ESPESSURA 7CM. AF_07/2021",Contrapiso,M2,928df42a952625eb12d41baf2b5ab17e1207af6e7881cb9f1c7fcac4708400e3,886296dd0882069cdaee24828afd83cc59e6bdeaeafba8094380564918ff697a,2026-05,2026-06,213.37,211.19,211.78,2026-06-12,persistencia,213.37,,2026-05,,7b4bc08b19ada86fc17bcdd336fc488aa71badd090b90a8d98cb10055d49def8,cenario_proxima_competencia_sem_observacao
sinapi_es,sem_desoneracao,104756,"FORRO EM MADEIRA PINUS, PARA AMBIENTES RESIDENCIAIS E COMERCIAIS, INCLUSIVE ESTRUTURA BIDIRECIONAL DE FIXAÇÃO. AF_08/2023",Forros,M2,928df42a952625eb12d41baf2b5ab17e1207af6e7881cb9f1c7fcac4708400e3,34cc493dc2e0cec3b85bab1a09d562d255e52d3a0ed46afe235f812cc5d8a43f,2026-05,2026-06,243.74,238.49,233.23,2026-06-12,linear_multipla,246.61708688209637,,2026-05,523f05d051cc8e6c.joblib,7b4bc08b19ada86fc17bcdd336fc488aa71badd090b90a8d98cb10055d49def8,cenario_proxima_competencia_sem_observacao
sinapi_es,sem_desoneracao,96112,"FORRO EM MADEIRA PINUS, PARA AMBIENTES RESIDENCIAIS, INCLUSIVE ESTRUTURA UNIDIRECIONAL DE FIXAÇÃO. AF_08/2023",Forros,M2,928df42a952625eb12d41baf2b5ab17e1207af6e7881cb9f1c7fcac4708400e3,38121af1de8d488a96ce609611095ed9978657e1bead866add440097acdc712b,2026-05,2026-06,183.5,181.23,178.98,2026-06-12,linear_multipla,185.58151451687465,,2026-05,523f05d051cc8e6c.joblib,7b4bc08b19ada86fc17bcdd336fc488aa71badd090b90a8d98cb10055d49def8,cenario_proxima_competencia_sem_observacao
sinapi_es,sem_desoneracao,104756,"FORRO EM MADEIRA PINUS, PARA AMBIENTES RESIDENCIAIS E COMERCIAIS, INCLUSIVE ESTRUTURA BIDIRECIONAL DE FIXAÇÃO. AF_08/2023",Forros,M2,928df42a952625eb12d41baf2b5ab17e1207af6e7881cb9f1c7fcac4708400e3,34cc493dc2e0cec3b85bab1a09d562d255e52d3a0ed46afe235f812cc5d8a43f,2026-05,2026-06,243.74,238.49,233.23,2026-06-12,persistencia,243.74,,2026-05,,7b4bc08b19ada86fc17bcdd336fc488aa71badd090b90a8d98cb10055d49def8,cenario_proxima_competencia_sem_observacao
sinapi_es,sem_desoneracao,96112,"FORRO EM MADEIRA PINUS, PARA AMBIENTES RESIDENCIAIS, INCLUSIVE ESTRUTURA UNIDIRECIONAL DE FIXAÇÃO. AF_08/2023",Forros,M2,928df42a952625eb12d41baf2b5ab17e1207af6e7881cb9f1c7fcac4708400e3,38121af1de8d488a96ce609611095ed9978657e1bead866add440097acdc712b,2026-05,2026-06,183.5,181.23,178.98,2026-06-12,persistencia,183.5,,2026-05,,7b4bc08b19ada86fc17bcdd336fc488aa71badd090b90a8d98cb10055d49def8,cenario_proxima_competencia_sem_observacao
sinapi_es,sem_desoneracao,104627,"APLICAÇÃO MANUAL DE GESSO DESEMPENADO (SEM TALISCAS) EM TETO DE AMBIENTES COM PAREDES EM PÉ DIREITO DUPLO E ÁREA MAIOR QUE 10M², ESPESSURA DE 0,5CM. AF_03/2023",Gesso,M2,928df42a952625eb12d41baf2b5ab17e1207af6e7881cb9f1c7fcac4708400e3,6b1c1fe4b9acf3b3a4f4926aef3012f74c583053867f524848530b9eb625f613,2026-05,2026-06,20.08,20.17,19.76,2026-06-12,linear_simples,20.197573125097044,,2026-05,26e15a1321fcbf05.joblib,7b4bc08b19ada86fc17bcdd336fc488aa71badd090b90a8d98cb10055d49def8,cenario_proxima_competencia_sem_observacao
sinapi_es,sem_desoneracao,104628,"APLICAÇÃO MANUAL DE GESSO DESEMPENADO (SEM TALISCAS) EM TETO DE AMBIENTES COM PAREDES EM PÉ DIREITO DUPLO E ÁREA ENTRE 5M² E 10M², ESPESSURA DE 0,5CM. AF_03/2023",Gesso,M2,928df42a952625eb12d41baf2b5ab17e1207af6e7881cb9f1c7fcac4708400e3,5833b3dca254df9fac4b1b23064330e5b596098783fa921e9d175a9dad3e9e89,2026-05,2026-06,32.01,32.1,31.31,2026-06-12,linear_simples,32.20824567752639,,2026-05,26e15a1321fcbf05.joblib,7b4bc08b19ada86fc17bcdd336fc488aa71badd090b90a8d98cb10055d49def8,cenario_proxima_competencia_sem_observacao
sinapi_es,sem_desoneracao,104629,"APLICAÇÃO MANUAL DE GESSO DESEMPENADO (SEM TALISCAS) EM TETO DE AMBIENTES COM PAREDES EM PÉ DIREITO DUPLO E ÁREA MENOR QUE 5M², ESPESSURA DE 0,5CM. AF_03/2023",Gesso,M2,928df42a952625eb12d41baf2b5ab17e1207af6e7881cb9f1c7fcac4708400e3,e9a33fbe0fef4738e0aadd2e7c1135c1cf3c5f15bf212fa0b277af6bcee90024,2026-05,2026-06,38.87,38.96,37.95,2026-06-12,linear_simples,39.11463408571293,,2026-05,26e15a1321fcbf05.joblib,7b4bc08b19ada86fc17bcdd336fc488aa71badd090b90a8d98cb10055d49def8,cenario_proxima_competencia_sem_observacao
sinapi_es,sem_desoneracao,104630,"APLICAÇÃO MANUAL DE GESSO DESEMPENADO (SEM TALISCAS) EM TETO DE AMBIENTES COM PAREDES EM PÉ DIREITO DUPLO E ÁREA MAIOR QUE 10M², ESPESSURA DE 1,0CM. AF_03/2023",Gesso,M2,928df42a952625eb12d41baf2b5ab17e1207af6e7881cb9f1c7fcac4708400e3,7b21b101d48b7feb35eed11992faa0e46091ce24f1a5a6ba1dec85eaaea75236,2026-05,2026-06,31.26,31.43,30.85,2026-06-12,linear_simples,31.453174058555568,,2026-05,26e15a1321fcbf05.joblib,7b4bc08b19ada86fc17bcdd336fc488aa71badd090b90a8d98cb10055d49def8,cenario_proxima_competencia_sem_observacao
sinapi_es,sem_desoneracao,104631,"APLICAÇÃO MANUAL DE GESSO DESEMPENADO (SEM TALISCAS) EM TETO DE AMBIENTES COM PAREDES EM PÉ DIREITO DUPLO E ÁREA ENTRE 5M² E 10M², ESPESSURA DE 1,0CM. AF_03/2023",Gesso,M2,928df42a952625eb12d41baf2b5ab17e1207af6e7881cb9f1c7fcac4708400e3,9fb8beda37a9eb0e1af9e8a54a439448a11210fe03c1ec1f887a8b0754045d0e,2026-05,2026-06,43.2,43.37,42.4,2026-06-12,linear_simples,43.4739142325712,,2026-05,26e15a1321fcbf05.joblib,7b4bc08b19ada86fc17bcdd336fc488aa71badd090b90a8d98cb10055d49def8,cenario_proxima_competencia_sem_observacao
sinapi_es,sem_desoneracao,104632,"APLICAÇÃO MANUAL DE GESSO DESEMPENADO (SEM TALISCAS) EM TETO DE AMBIENTES COM PAREDES EM PÉ DIREITO DUPLO E ÁREA MENOR QUE 5M², ESPESSURA DE 1,0CM. AF_03/2023",Gesso,M2,928df42a952625eb12d41baf2b5ab17e1207af6e7881cb9f1c7fcac4708400e3,947f59ed59ec6807593a0d95304845c782361b80417245dbd6f6835c78d76a08,2026-05,2026-06,50.06,50.23,49.04,2026-06-12,linear_simples,50.38030264075773,,2026-05,26e15a1321fcbf05.joblib,7b4bc08b19ada86fc17bcdd336fc488aa71badd090b90a8d98cb10055d49def8,cenario_proxima_competencia_sem_observacao
sinapi_es,sem_desoneracao,104633,"APLICAÇÃO MANUAL DE GESSO DESEMPENADO (SEM TALISCAS) EM PAREDES COM PÉ DIREITO DUPLO, ESPESSURA DE 0,5CM. AF_03/2023",Gesso,M2,928df42a952625eb12d41baf2b5ab17e1207af6e7881cb9f1c7fcac4708400e3,b1938bfdedd0d34a18ec8007ab034f4615fcbd4cf900b84365ec79e3683552d9,2026-05,2026-06,28.09,28.18,27.52,2026-06-12,linear_simples,28.261738015705518,,2026-05,26e15a1321fcbf05.joblib,7b4bc08b19ada86fc17bcdd336fc488aa71badd090b90a8d98cb10055d49def8,cenario_proxima_competencia_sem_observacao
sinapi_es,sem_desoneracao,104634,"APLICAÇÃO MANUAL DE GESSO DESEMPENADO (SEM TALISCAS) EM PAREDES COM PÉ DIREITO DUPLO, ESPESSURA DE 1,0CM. AF_03/2023",Gesso,M2,928df42a952625eb12d41baf2b5ab17e1207af6e7881cb9f1c7fcac4708400e3,22a95064d387092329005dfb5b9db53615f9515b9040ef6511605a97b8abddd7,2026-05,2026-06,41.09,41.26,40.37,2026-06-12,linear_simples,41.349646077866595,,2026-05,26e15a1321fcbf05.joblib,7b4bc08b19ada86fc17bcdd336fc488aa71badd090b90a8d98cb10055d49def8,cenario_proxima_competencia_sem_observacao
sinapi_es,sem_desoneracao,104635,"APLICAÇÃO MANUAL DE GESSO SARRAFEADO (COM TALISCAS) EM PAREDES COM PÉ DIREITO DUPLO, ESPESSURA DE 1,0CM. AF_03/2023",Gesso,M2,928df42a952625eb12d41baf2b5ab17e1207af6e7881cb9f1c7fcac4708400e3,79f739531496155d4435c8b6ba5ce235fe528169b219de0bc11461b1865d681a,2026-05,2026-06,57.71,57.88,56.45,2026-06-12,linear_simples,58.0820331542602,,2026-05,26e15a1321fcbf05.joblib,7b4bc08b19ada86fc17bcdd336fc488aa71badd090b90a8d98cb10055d49def8,cenario_proxima_competencia_sem_observacao
sinapi_es,sem_desoneracao,104636,"APLICAÇÃO MANUAL DE GESSO SARRAFEADO (COM TALISCAS) EM PAREDES COM PÉ DIREITO DUPLO, ESPESSURA DE 1,5CM. AF_03/2023",Gesso,M2,928df42a952625eb12d41baf2b5ab17e1207af6e7881cb9f1c7fcac4708400e3,d5e1ac08731ed6890c9904fbeb29c159b0f5b4996536d4d5b60bbebc905b6dd1,2026-05,2026-06,66.76,66.99,65.4,2026-06-12,linear_simples,67.19323068984157,,2026-05,26e15a1321fcbf05.joblib,7b4bc08b19ada86fc17bcdd336fc488aa71badd090b90a8d98cb10055d49def8,cenario_proxima_competencia_sem_observacao
sinapi_es,sem_desoneracao,87411,"APLICAÇÃO MANUAL DE GESSO DESEMPENADO (SEM TALISCAS) EM TETO DE AMBIENTES DE ÁREA MAIOR QUE 10M², ESPESSURA DE 0,5CM. AF_03/2023",Gesso,M2,928df42a952625eb12d41baf2b5ab17e1207af6e7881cb9f1c7fcac4708400e3,895e2e75885b6e0bac9a47bc973885200bdf5620673b3c2bcc0266d120945436,2026-05,2026-06,17.17,17.26,16.95,2026-06-12,linear_simples,17.267895243490223,,2026-05,26e15a1321fcbf05.joblib,7b4bc08b19ada86fc17bcdd336fc488aa71badd090b90a8d98cb10055d49def8,cenario_proxima_competencia_sem_observacao
sinapi_es,sem_desoneracao,87412,"APLICAÇÃO MANUAL DE GESSO DESEMPENADO (SEM TALISCAS) EM TETO DE AMBIENTES DE ÁREA ENTRE 5M² E 10M², ESPESSURA DE 0,5CM. AF_03/2023",Gesso,M2,928df42a952625eb12d41baf2b5ab17e1207af6e7881cb9f1c7fcac4708400e3,4f9da8f51bb2d01f2021a148fb173bc573e3c9e63cb7dbc99ec9d5c224aa3318,2026-05,2026-06,26.37,26.46,25.85,2026-06-12,linear_simples,26.53010710286575,,2026-05,26e15a1321fcbf05.joblib,7b4bc08b19ada86fc17bcdd336fc488aa71badd090b90a8d98cb10055d49def8,cenario_proxima_competencia_sem_observacao
sinapi_es,sem_desoneracao,87413,"APLICAÇÃO MANUAL DE GESSO DESEMPENADO (SEM TALISCAS) EM TETO DE AMBIENTES DE ÁREA MENOR QUE 5M², ESPESSURA DE 0,5CM. AF_03/2023",Gesso,M2,928df42a952625eb12d41baf2b5ab17e1207af6e7881cb9f1c7fcac4708400e3,9138396ec0360a3dda2b2c4b2f68e60ff276ee431d5def7e6a685f62ccfc9bcd,2026-05,2026-06,31.65,31.74,30.96,2026-06-12,linear_simples,31.845811300420397,,2026-05,26e15a1321fcbf05.joblib,7b4bc08b19ada86fc17bcdd336fc488aa71badd090b90a8d98cb10055d49def8,cenario_proxima_competencia_sem_observacao
sinapi_es,sem_desoneracao,87414,"APLICAÇÃO MANUAL DE GESSO DESEMPENADO (SEM TALISCAS) EM TETO DE AMBIENTES DE ÁREA MAIOR QUE 10M², ESPESSURA DE 1,0CM. AF_03/2023",Gesso,M2,928df42a952625eb12d41baf2b5ab17e1207af6e7881cb9f1c7fcac4708400e3,57ffa81aed8e7f9cf8742a3a00a0187e6d946c057ba997ca1df8f2a28245a624,2026-05,2026-06,27.1,27.27,26.82,2026-06-12,linear_simples,27.265043478664026,,2026-05,26e15a1321fcbf05.joblib,7b4bc08b19ada86fc17bcdd336fc488aa71badd090b90a8d98cb10055d49def8,cenario_proxima_competencia_sem_observacao
sinapi_es,sem_desoneracao,87415,"APLICAÇÃO MANUAL DE GESSO DESEMPENADO (SEM TALISCAS) EM TETO DE AMBIENTES DE ÁREA ENTRE 5M² E 10M², ESPESSURA DE 1,0CM. AF_03/2023",Gesso,M2,928df42a952625eb12d41baf2b5ab17e1207af6e7881cb9f1c7fcac4708400e3,833e3ae9216a5f006c8494f5db4c8ed7e7cde4d187458ce042d41adc95ed4e8d,2026-05,2026-06,36.3,36.47,35.73,2026-06-12,linear_simples,36.527255338039545,,2026-05,26e15a1321fcbf05.joblib,7b4bc08b19ada86fc17bcdd336fc488aa71badd090b90a8d98cb10055d49def8,cenario_proxima_competencia_sem_observacao
sinapi_es,sem_desoneracao,87416,"APLICAÇÃO MANUAL DE GESSO DESEMPENADO (SEM TALISCAS) EM TETO DE AMBIENTES DE ÁREA MENOR QUE 5M², ESPESSURA DE 1,0CM. AF_03/2023",Gesso,M2,928df42a952625eb12d41baf2b5ab17e1207af6e7881cb9f1c7fcac4708400e3,c16ed675462eb9d48969e1adb39eda1d6a89db5d38ba03a64a17d95187314a0b,2026-05,2026-06,41.59,41.76,40.85,2026-06-12,linear_simples,41.85302715718048,,2026-05,26e15a1321fcbf05.joblib,7b4bc08b19ada86fc17bcdd336fc488aa71badd090b90a8d98cb10055d49def8,cenario_proxima_competencia_sem_observacao
sinapi_es,sem_desoneracao,87418,"APLICAÇÃO MANUAL DE GESSO DESEMPENADO (SEM TALISCAS) EM PAREDES, ESPESSURA DE 0,5CM. AF_03/2023",Gesso,M2,928df42a952625eb12d41baf2b5ab17e1207af6e7881cb9f1c7fcac4708400e3,c488f1a2b85cb259607400c0dda23728c06d52c7c7d7b1e7bf30a33654e855c7,2026-05,2026-06,20.09,20.18,19.77,2026-06-12,linear_simples,20.20764074668332,,2026-05,26e15a1321fcbf05.joblib,7b4bc08b19ada86fc17bcdd336fc488aa71badd090b90a8d98cb10055d49def8,cenario_proxima_competencia_sem_observacao
sinapi_es,sem_desoneracao,87421,"APLICAÇÃO MANUAL DE GESSO DESEMPENADO (SEM TALISCAS) EM PAREDES, ESPESSURA DE 1,0CM. AF_03/2023",Gesso,M2,928df42a952625eb12d41baf2b5ab17e1207af6e7881cb9f1c7fcac4708400e3,655f20dcd40d11aa0306a2859ca42d4ce538e8c625f39224ea571d125d3d1a43,2026-05,2026-06,30.44,30.61,30.05,2026-06-12,linear_simples,30.62762908848079,,2026-05,26e15a1321fcbf05.joblib,7b4bc08b19ada86fc17bcdd336fc488aa71badd090b90a8d98cb10055d49def8,cenario_proxima_competencia_sem_observacao
sinapi_es,sem_desoneracao,87424,"APLICAÇÃO MANUAL DE GESSO SARRAFEADO (COM TALISCAS) EM PAREDES, ESPESSURA DE 1,0CM. AF_03/2023",Gesso,M2,928df42a952625eb12d41baf2b5ab17e1207af6e7881cb9f1c7fcac4708400e3,fdd76ca3aa06ddca9f433deb264e0ce724f72ff903e6ed64879416245b7adc21,2026-05,2026-06,40.72,40.89,40.0,2026-06-12,linear_simples,40.97714407917431,,2026-05,26e15a1321fcbf05.joblib,7b4bc08b19ada86fc17bcdd336fc488aa71badd090b90a8d98cb10055d49def8,cenario_proxima_competencia_sem_observacao
sinapi_es,sem_desoneracao,87427,"APLICAÇÃO MANUAL DE GESSO SARRAFEADO (COM TALISCAS) EM PAREDES, ESPESSURA DE 1,5CM. AF_03/2023",Gesso,M2,928df42a952625eb12d41baf2b5ab17e1207af6e7881cb9f1c7fcac4708400e3,831a22f0c542138aff6a528c23cb892f181512c12457df00a458b32de7ced968,2026-05,2026-06,47.92,48.15,47.16,2026-06-12,linear_simples,48.22583162129429,,2026-05,26e15a1321fcbf05.joblib,7b4bc08b19ada86fc17bcdd336fc488aa71badd090b90a8d98cb10055d49def8,cenario_proxima_competencia_sem_observacao
sinapi_es,sem_desoneracao,87430,"APLICAÇÃO DE GESSO PROJETADO COM EQUIPAMENTO DE PROJEÇÃO EM PAREDES, DESEMPENADO (SEM TALISCAS), ESPESSURA DE 0,5CM. AF_03/2023",Gesso,M2,928df42a952625eb12d41baf2b5ab17e1207af6e7881cb9f1c7fcac4708400e3,e2b73e1ae0b5239d02075e370b725ea4f826d3366c81c4b1e7b5b51fa046736f,2026-05,2026-06,20.66,20.68,20.3,2026-06-12,linear_simples,20.781495177101153,,2026-05,26e15a1321fcbf05.joblib,7b4bc08b19ada86fc17bcdd336fc488aa71badd090b90a8d98cb10055d49def8,cenario_proxima_competencia_sem_observacao
sinapi_es,sem_desoneracao,87433,"APLICAÇÃO DE GESSO PROJETADO COM EQUIPAMENTO DE PROJEÇÃO EM PAREDES, DESEMPENADO (SEM TALISCAS), ESPESSURA DE 1,0CM. AF_03/2023",Gesso,M2,928df42a952625eb12d41baf2b5ab17e1207af6e7881cb9f1c7fcac4708400e3,6b6c08fe46d9a03996a848a0ccd70c9effb63e9e5ff904b90b5748a8b69d509c,2026-05,2026-06,29.75,29.79,29.33,2026-06-12,linear_simples,29.932963199027625,,2026-05,26e15a1321fcbf05.joblib,7b4bc08b19ada86fc17bcdd336fc488aa71badd090b90a8d98cb10055d49def8,cenario_proxima_competencia_sem_observacao
sinapi_es,sem_desoneracao,87436,"APLICAÇÃO DE GESSO PROJETADO COM EQUIPAMENTO DE PROJEÇÃO EM PAREDES, SARRAFEADO (COM TALISCAS), ESPESSURA DE 1,0CM. AF_03/2023",Gesso,M2,928df42a952625eb12d41baf2b5ab17e1207af6e7881cb9f1c7fcac4708400e3,ed515730673b667639f289651b4d4a8d50a12ee6229f82b549d769801d6dcc55,2026-05,2026-06,33.93,33.97,33.37,2026-06-12,linear_simples,34.14122902209172,,2026-05,26e15a1321fcbf05.joblib,7b4bc08b19ada86fc17bcdd336fc488aa71badd090b90a8d98cb10055d49def8,cenario_proxima_competencia_sem_observacao
sinapi_es,sem_desoneracao,87439,"APLICAÇÃO DE GESSO PROJETADO COM EQUIPAMENTO DE PROJEÇÃO EM PAREDES, SARRAFEADO (COM TALISCAS), ESPESSURA DE 1,5CM. AF_03/2023",Gesso,M2,928df42a952625eb12d41baf2b5ab17e1207af6e7881cb9f1c7fcac4708400e3,747b8cf6105d03f84f658b5575b2077716e58b1d970d0128ae4fd670b8260a7e,2026-05,2026-06,41.51,41.55,40.87,2026-06-12,linear_simples,41.772486184490255,,2026-05,26e15a1321fcbf05.joblib,7b4bc08b19ada86fc17bcdd336fc488aa71badd090b90a8d98cb10055d49def8,cenario_proxima_competencia_sem_observacao
sinapi_es,sem_desoneracao,104627,"APLICAÇÃO MANUAL DE GESSO DESEMPENADO (SEM TALISCAS) EM TETO DE AMBIENTES COM PAREDES EM PÉ DIREITO DUPLO E ÁREA MAIOR QUE 10M², ESPESSURA DE 0,5CM. AF_03/2023",Gesso,M2,928df42a952625eb12d41baf2b5ab17e1207af6e7881cb9f1c7fcac4708400e3,6b1c1fe4b9acf3b3a4f4926aef3012f74c583053867f524848530b9eb625f613,2026-05,2026-06,20.08,20.17,19.76,2026-06-12,persistencia,20.08,,2026-05,,7b4bc08b19ada86fc17bcdd336fc488aa71badd090b90a8d98cb10055d49def8,cenario_proxima_competencia_sem_observacao
sinapi_es,sem_desoneracao,104628,"APLICAÇÃO MANUAL DE GESSO DESEMPENADO (SEM TALISCAS) EM TETO DE AMBIENTES COM PAREDES EM PÉ DIREITO DUPLO E ÁREA ENTRE 5M² E 10M², ESPESSURA DE 0,5CM. AF_03/2023",Gesso,M2,928df42a952625eb12d41baf2b5ab17e1207af6e7881cb9f1c7fcac4708400e3,5833b3dca254df9fac4b1b23064330e5b596098783fa921e9d175a9dad3e9e89,2026-05,2026-06,32.01,32.1,31.31,2026-06-12,persistencia,32.01,,2026-05,,7b4bc08b19ada86fc17bcdd336fc488aa71badd090b90a8d98cb10055d49def8,cenario_proxima_competencia_sem_observacao
sinapi_es,sem_desoneracao,104629,"APLICAÇÃO MANUAL DE GESSO DESEMPENADO (SEM TALISCAS) EM TETO DE AMBIENTES COM PAREDES EM PÉ DIREITO DUPLO E ÁREA MENOR QUE 5M², ESPESSURA DE 0,5CM. AF_03/2023",Gesso,M2,928df42a952625eb12d41baf2b5ab17e1207af6e7881cb9f1c7fcac4708400e3,e9a33fbe0fef4738e0aadd2e7c1135c1cf3c5f15bf212fa0b277af6bcee90024,2026-05,2026-06,38.87,38.96,37.95,2026-06-12,persistencia,38.87,,2026-05,,7b4bc08b19ada86fc17bcdd336fc488aa71badd090b90a8d98cb10055d49def8,cenario_proxima_competencia_sem_observacao
sinapi_es,sem_desoneracao,104630,"APLICAÇÃO MANUAL DE GESSO DESEMPENADO (SEM TALISCAS) EM TETO DE AMBIENTES COM PAREDES EM PÉ DIREITO DUPLO E ÁREA MAIOR QUE 10M², ESPESSURA DE 1,0CM. AF_03/2023",Gesso,M2,928df42a952625eb12d41baf2b5ab17e1207af6e7881cb9f1c7fcac4708400e3,7b21b101d48b7feb35eed11992faa0e46091ce24f1a5a6ba1dec85eaaea75236,2026-05,2026-06,31.26,31.43,30.85,2026-06-12,persistencia,31.26,,2026-05,,7b4bc08b19ada86fc17bcdd336fc488aa71badd090b90a8d98cb10055d49def8,cenario_proxima_competencia_sem_observacao
sinapi_es,sem_desoneracao,104631,"APLICAÇÃO MANUAL DE GESSO DESEMPENADO (SEM TALISCAS) EM TETO DE AMBIENTES COM PAREDES EM PÉ DIREITO DUPLO E ÁREA ENTRE 5M² E 10M², ESPESSURA DE 1,0CM. AF_03/2023",Gesso,M2,928df42a952625eb12d41baf2b5ab17e1207af6e7881cb9f1c7fcac4708400e3,9fb8beda37a9eb0e1af9e8a54a439448a11210fe03c1ec1f887a8b0754045d0e,2026-05,2026-06,43.2,43.37,42.4,2026-06-12,persistencia,43.2,,2026-05,,7b4bc08b19ada86fc17bcdd336fc488aa71badd090b90a8d98cb10055d49def8,cenario_proxima_competencia_sem_observacao
sinapi_es,sem_desoneracao,104632,"APLICAÇÃO MANUAL DE GESSO DESEMPENADO (SEM TALISCAS) EM TETO DE AMBIENTES COM PAREDES EM PÉ DIREITO DUPLO E ÁREA MENOR QUE 5M², ESPESSURA DE 1,0CM. AF_03/2023",Gesso,M2,928df42a952625eb12d41baf2b5ab17e1207af6e7881cb9f1c7fcac4708400e3,947f59ed59ec6807593a0d95304845c782361b80417245dbd6f6835c78d76a08,2026-05,2026-06,50.06,50.23,49.04,2026-06-12,persistencia,50.06,,2026-05,,7b4bc08b19ada86fc17bcdd336fc488aa71badd090b90a8d98cb10055d49def8,cenario_proxima_competencia_sem_observacao
sinapi_es,sem_desoneracao,104633,"APLICAÇÃO MANUAL DE GESSO DESEMPENADO (SEM TALISCAS) EM PAREDES COM PÉ DIREITO DUPLO, ESPESSURA DE 0,5CM. AF_03/2023",Gesso,M2,928df42a952625eb12d41baf2b5ab17e1207af6e7881cb9f1c7fcac4708400e3,b1938bfdedd0d34a18ec8007ab034f4615fcbd4cf900b84365ec79e3683552d9,2026-05,2026-06,28.09,28.18,27.52,2026-06-12,persistencia,28.09,,2026-05,,7b4bc08b19ada86fc17bcdd336fc488aa71badd090b90a8d98cb10055d49def8,cenario_proxima_competencia_sem_observacao
sinapi_es,sem_desoneracao,104634,"APLICAÇÃO MANUAL DE GESSO DESEMPENADO (SEM TALISCAS) EM PAREDES COM PÉ DIREITO DUPLO, ESPESSURA DE 1,0CM. AF_03/2023",Gesso,M2,928df42a952625eb12d41baf2b5ab17e1207af6e7881cb9f1c7fcac4708400e3,22a95064d387092329005dfb5b9db53615f9515b9040ef6511605a97b8abddd7,2026-05,2026-06,41.09,41.26,40.37,2026-06-12,persistencia,41.09,,2026-05,,7b4bc08b19ada86fc17bcdd336fc488aa71badd090b90a8d98cb10055d49def8,cenario_proxima_competencia_sem_observacao
sinapi_es,sem_desoneracao,104635,"APLICAÇÃO MANUAL DE GESSO SARRAFEADO (COM TALISCAS) EM PAREDES COM PÉ DIREITO DUPLO, ESPESSURA DE 1,0CM. AF_03/2023",Gesso,M2,928df42a952625eb12d41baf2b5ab17e1207af6e7881cb9f1c7fcac4708400e3,79f739531496155d4435c8b6ba5ce235fe528169b219de0bc11461b1865d681a,2026-05,2026-06,57.71,57.88,56.45,2026-06-12,persistencia,57.71,,2026-05,,7b4bc08b19ada86fc17bcdd336fc488aa71badd090b90a8d98cb10055d49def8,cenario_proxima_competencia_sem_observacao
sinapi_es,sem_desoneracao,104636,"APLICAÇÃO MANUAL DE GESSO SARRAFEADO (COM TALISCAS) EM PAREDES COM PÉ DIREITO DUPLO, ESPESSURA DE 1,5CM. AF_03/2023",Gesso,M2,928df42a952625eb12d41baf2b5ab17e1207af6e7881cb9f1c7fcac4708400e3,d5e1ac08731ed6890c9904fbeb29c159b0f5b4996536d4d5b60bbebc905b6dd1,2026-05,2026-06,66.76,66.99,65.4,2026-06-12,persistencia,66.76,,2026-05,,7b4bc08b19ada86fc17bcdd336fc488aa71badd090b90a8d98cb10055d49def8,cenario_proxima_competencia_sem_observacao
sinapi_es,sem_desoneracao,87411,"APLICAÇÃO MANUAL DE GESSO DESEMPENADO (SEM TALISCAS) EM TETO DE AMBIENTES DE ÁREA MAIOR QUE 10M², ESPESSURA DE 0,5CM. AF_03/2023",Gesso,M2,928df42a952625eb12d41baf2b5ab17e1207af6e7881cb9f1c7fcac4708400e3,895e2e75885b6e0bac9a47bc973885200bdf5620673b3c2bcc0266d120945436,2026-05,2026-06,17.17,17.26,16.95,2026-06-12,persistencia,17.17,,2026-05,,7b4bc08b19ada86fc17bcdd336fc488aa71badd090b90a8d98cb10055d49def8,cenario_proxima_competencia_sem_observacao
sinapi_es,sem_desoneracao,87412,"APLICAÇÃO MANUAL DE GESSO DESEMPENADO (SEM TALISCAS) EM TETO DE AMBIENTES DE ÁREA ENTRE 5M² E 10M², ESPESSURA DE 0,5CM. AF_03/2023",Gesso,M2,928df42a952625eb12d41baf2b5ab17e1207af6e7881cb9f1c7fcac4708400e3,4f9da8f51bb2d01f2021a148fb173bc573e3c9e63cb7dbc99ec9d5c224aa3318,2026-05,2026-06,26.37,26.46,25.85,2026-06-12,persistencia,26.37,,2026-05,,7b4bc08b19ada86fc17bcdd336fc488aa71badd090b90a8d98cb10055d49def8,cenario_proxima_competencia_sem_observacao
sinapi_es,sem_desoneracao,87413,"APLICAÇÃO MANUAL DE GESSO DESEMPENADO (SEM TALISCAS) EM TETO DE AMBIENTES DE ÁREA MENOR QUE 5M², ESPESSURA DE 0,5CM. AF_03/2023",Gesso,M2,928df42a952625eb12d41baf2b5ab17e1207af6e7881cb9f1c7fcac4708400e3,9138396ec0360a3dda2b2c4b2f68e60ff276ee431d5def7e6a685f62ccfc9bcd,2026-05,2026-06,31.65,31.74,30.96,2026-06-12,persistencia,31.65,,2026-05,,7b4bc08b19ada86fc17bcdd336fc488aa71badd090b90a8d98cb10055d49def8,cenario_proxima_competencia_sem_observacao
sinapi_es,sem_desoneracao,87414,"APLICAÇÃO MANUAL DE GESSO DESEMPENADO (SEM TALISCAS) EM TETO DE AMBIENTES DE ÁREA MAIOR QUE 10M², ESPESSURA DE 1,0CM. AF_03/2023",Gesso,M2,928df42a952625eb12d41baf2b5ab17e1207af6e7881cb9f1c7fcac4708400e3,57ffa81aed8e7f9cf8742a3a00a0187e6d946c057ba997ca1df8f2a28245a624,2026-05,2026-06,27.1,27.27,26.82,2026-06-12,persistencia,27.1,,2026-05,,7b4bc08b19ada86fc17bcdd336fc488aa71badd090b90a8d98cb10055d49def8,cenario_proxima_competencia_sem_observacao
sinapi_es,sem_desoneracao,87415,"APLICAÇÃO MANUAL DE GESSO DESEMPENADO (SEM TALISCAS) EM TETO DE AMBIENTES DE ÁREA ENTRE 5M² E 10M², ESPESSURA DE 1,0CM. AF_03/2023",Gesso,M2,928df42a952625eb12d41baf2b5ab17e1207af6e7881cb9f1c7fcac4708400e3,833e3ae9216a5f006c8494f5db4c8ed7e7cde4d187458ce042d41adc95ed4e8d,2026-05,2026-06,36.3,36.47,35.73,2026-06-12,persistencia,36.3,,2026-05,,7b4bc08b19ada86fc17bcdd336fc488aa71badd090b90a8d98cb10055d49def8,cenario_proxima_competencia_sem_observacao
sinapi_es,sem_desoneracao,87416,"APLICAÇÃO MANUAL DE GESSO DESEMPENADO (SEM TALISCAS) EM TETO DE AMBIENTES DE ÁREA MENOR QUE 5M², ESPESSURA DE 1,0CM. AF_03/2023",Gesso,M2,928df42a952625eb12d41baf2b5ab17e1207af6e7881cb9f1c7fcac4708400e3,c16ed675462eb9d48969e1adb39eda1d6a89db5d38ba03a64a17d95187314a0b,2026-05,2026-06,41.59,41.76,40.85,2026-06-12,persistencia,41.59,,2026-05,,7b4bc08b19ada86fc17bcdd336fc488aa71badd090b90a8d98cb10055d49def8,cenario_proxima_competencia_sem_observacao
sinapi_es,sem_desoneracao,87418,"APLICAÇÃO MANUAL DE GESSO DESEMPENADO (SEM TALISCAS) EM PAREDES, ESPESSURA DE 0,5CM. AF_03/2023",Gesso,M2,928df42a952625eb12d41baf2b5ab17e1207af6e7881cb9f1c7fcac4708400e3,c488f1a2b85cb259607400c0dda23728c06d52c7c7d7b1e7bf30a33654e855c7,2026-05,2026-06,20.09,20.18,19.77,2026-06-12,persistencia,20.09,,2026-05,,7b4bc08b19ada86fc17bcdd336fc488aa71badd090b90a8d98cb10055d49def8,cenario_proxima_competencia_sem_observacao
sinapi_es,sem_desoneracao,87421,"APLICAÇÃO MANUAL DE GESSO DESEMPENADO (SEM TALISCAS) EM PAREDES, ESPESSURA DE 1,0CM. AF_03/2023",Gesso,M2,928df42a952625eb12d41baf2b5ab17e1207af6e7881cb9f1c7fcac4708400e3,655f20dcd40d11aa0306a2859ca42d4ce538e8c625f39224ea571d125d3d1a43,2026-05,2026-06,30.44,30.61,30.05,2026-06-12,persistencia,30.44,,2026-05,,7b4bc08b19ada86fc17bcdd336fc488aa71badd090b90a8d98cb10055d49def8,cenario_proxima_competencia_sem_observacao
sinapi_es,sem_desoneracao,87424,"APLICAÇÃO MANUAL DE GESSO SARRAFEADO (COM TALISCAS) EM PAREDES, ESPESSURA DE 1,0CM. AF_03/2023",Gesso,M2,928df42a952625eb12d41baf2b5ab17e1207af6e7881cb9f1c7fcac4708400e3,fdd76ca3aa06ddca9f433deb264e0ce724f72ff903e6ed64879416245b7adc21,2026-05,2026-06,40.72,40.89,40.0,2026-06-12,persistencia,40.72,,2026-05,,7b4bc08b19ada86fc17bcdd336fc488aa71badd090b90a8d98cb10055d49def8,cenario_proxima_competencia_sem_observacao
sinapi_es,sem_desoneracao,87427,"APLICAÇÃO MANUAL DE GESSO SARRAFEADO (COM TALISCAS) EM PAREDES, ESPESSURA DE 1,5CM. AF_03/2023",Gesso,M2,928df42a952625eb12d41baf2b5ab17e1207af6e7881cb9f1c7fcac4708400e3,831a22f0c542138aff6a528c23cb892f181512c12457df00a458b32de7ced968,2026-05,2026-06,47.92,48.15,47.16,2026-06-12,persistencia,47.92,,2026-05,,7b4bc08b19ada86fc17bcdd336fc488aa71badd090b90a8d98cb10055d49def8,cenario_proxima_competencia_sem_observacao
sinapi_es,sem_desoneracao,87430,"APLICAÇÃO DE GESSO PROJETADO COM EQUIPAMENTO DE PROJEÇÃO EM PAREDES, DESEMPENADO (SEM TALISCAS), ESPESSURA DE 0,5CM. AF_03/2023",Gesso,M2,928df42a952625eb12d41baf2b5ab17e1207af6e7881cb9f1c7fcac4708400e3,e2b73e1ae0b5239d02075e370b725ea4f826d3366c81c4b1e7b5b51fa046736f,2026-05,2026-06,20.66,20.68,20.3,2026-06-12,persistencia,20.66,,2026-05,,7b4bc08b19ada86fc17bcdd336fc488aa71badd090b90a8d98cb10055d49def8,cenario_proxima_competencia_sem_observacao
sinapi_es,sem_desoneracao,87433,"APLICAÇÃO DE GESSO PROJETADO COM EQUIPAMENTO DE PROJEÇÃO EM PAREDES, DESEMPENADO (SEM TALISCAS), ESPESSURA DE 1,0CM. AF_03/2023",Gesso,M2,928df42a952625eb12d41baf2b5ab17e1207af6e7881cb9f1c7fcac4708400e3,6b6c08fe46d9a03996a848a0ccd70c9effb63e9e5ff904b90b5748a8b69d509c,2026-05,2026-06,29.75,29.79,29.33,2026-06-12,persistencia,29.75,,2026-05,,7b4bc08b19ada86fc17bcdd336fc488aa71badd090b90a8d98cb10055d49def8,cenario_proxima_competencia_sem_observacao
sinapi_es,sem_desoneracao,87436,"APLICAÇÃO DE GESSO PROJETADO COM EQUIPAMENTO DE PROJEÇÃO EM PAREDES, SARRAFEADO (COM TALISCAS), ESPESSURA DE 1,0CM. AF_03/2023",Gesso,M2,928df42a952625eb12d41baf2b5ab17e1207af6e7881cb9f1c7fcac4708400e3,ed515730673b667639f289651b4d4a8d50a12ee6229f82b549d769801d6dcc55,2026-05,2026-06,33.93,33.97,33.37,2026-06-12,persistencia,33.93,,2026-05,,7b4bc08b19ada86fc17bcdd336fc488aa71badd090b90a8d98cb10055d49def8,cenario_proxima_competencia_sem_observacao
sinapi_es,sem_desoneracao,87439,"APLICAÇÃO DE GESSO PROJETADO COM EQUIPAMENTO DE PROJEÇÃO EM PAREDES, SARRAFEADO (COM TALISCAS), ESPESSURA DE 1,5CM. AF_03/2023",Gesso,M2,928df42a952625eb12d41baf2b5ab17e1207af6e7881cb9f1c7fcac4708400e3,747b8cf6105d03f84f658b5575b2077716e58b1d970d0128ae4fd670b8260a7e,2026-05,2026-06,41.51,41.55,40.87,2026-06-12,persistencia,41.51,,2026-05,,7b4bc08b19ada86fc17bcdd336fc488aa71badd090b90a8d98cb10055d49def8,cenario_proxima_competencia_sem_observacao
sinapi_es,sem_desoneracao,104203,"EMBOÇO OU MASSA ÚNICA EM ARGAMASSA TRAÇO 1:2:8, PREPARO MECÂNICA COM BETONEIRA 400 L, APLICADA COM PROJETOR TIPO CANEQUINHA EM PANOS DE FACHADA COM PRESENÇA DE VÃOS, ESPESSURA DE 25 MM, ACESSO POR BALANCIM MANUAL. AF_08/2022",Massa Única Externa,M2,928df42a952625eb12d41baf2b5ab17e1207af6e7881cb9f1c7fcac4708400e3,8bc796eaec64c280ee4d546ea73593ec3524989bf1d400b6788c7c7d004817ab,2026-05,2026-06,70.79,70.62,69.17,2026-06-12,linear_multipla,71.32226485007219,,2026-05,36bc958f04ad5d11.joblib,7b4bc08b19ada86fc17bcdd336fc488aa71badd090b90a8d98cb10055d49def8,cenario_proxima_competencia_sem_observacao
sinapi_es,sem_desoneracao,104204,"EMBOÇO OU MASSA ÚNICA EM ARGAMASSA TRAÇO 1:2:8, PREPARO MECÂNICA COM BETONEIRA 400 L, APLICADA COM PROJETOR TIPO CANEQUINHA EM PANOS DE FACHADA COM PRESENÇA DE VÃOS, ESPESSURA DE 35 MM, ACESSO POR BALANCIM MANUAL. AF_08/2022",Massa Única Externa,M2,928df42a952625eb12d41baf2b5ab17e1207af6e7881cb9f1c7fcac4708400e3,79174f7a8ea7a1ccb3a913125b3595f76471c85f19daea7622b3ce429ef90a85,2026-05,2026-06,91.53,91.32,89.48,2026-06-12,linear_multipla,92.05061012342317,,2026-05,36bc958f04ad5d11.joblib,7b4bc08b19ada86fc17bcdd336fc488aa71badd090b90a8d98cb10055d49def8,cenario_proxima_competencia_sem_observacao
sinapi_es,sem_desoneracao,104205,"EMBOÇO OU MASSA ÚNICA EM ARGAMASSA TRAÇO 1:2:8, PREPARO MECÂNICA COM BETONEIRA 400 L, APLICADA COM PROJETOR TIPO CANEQUINHA EM PANOS DE FACHADA COM PRESENÇA DE VÃOS, ESPESSURA DE 45 MM, ACESSO POR BALANCIM MANUAL. AF_08/2022",Massa Única Externa,M2,928df42a952625eb12d41baf2b5ab17e1207af6e7881cb9f1c7fcac4708400e3,1d9380a2b9261bfeec65a5b082db7a29ef1fc1095d309fb31d32cdfcbc1327b8,2026-05,2026-06,99.4,99.11,97.21,2026-06-12,linear_multipla,99.92424797324713,,2026-05,36bc958f04ad5d11.joblib,7b4bc08b19ada86fc17bcdd336fc488aa71badd090b90a8d98cb10055d49def8,cenario_proxima_competencia_sem_observacao
sinapi_es,sem_desoneracao,104206,"EMBOÇO OU MASSA ÚNICA EM ARGAMASSA TRAÇO 1:2:8, PREPARO MECÂNICA COM BETONEIRA 400 L, APLICADA COM PROJETOR TIPO CANEQUINHA EM PANOS DE FACHADA COM PRESENÇA DE VÃOS, ESPESSURA DE 50 MM, ACESSO POR BALANCIM MANUAL. AF_08/2022",Massa Única Externa,M2,928df42a952625eb12d41baf2b5ab17e1207af6e7881cb9f1c7fcac4708400e3,2bdbc4b215325838b97633add1603eaf9466ddafbbfb8d55bbbae2943cd721d1,2026-05,2026-06,109.89,109.58,107.47,2026-06-12,linear_multipla,110.40508752484656,,2026-05,36bc958f04ad5d11.joblib,7b4bc08b19ada86fc17bcdd336fc488aa71badd090b90a8d98cb10055d49def8,cenario_proxima_competencia_sem_observacao
sinapi_es,sem_desoneracao,104207,"EMBOÇO OU MASSA ÚNICA EM ARGAMASSA TRAÇO 1:2:8, PREPARO MECÂNICA COM BETONEIRA 400 L, APLICADA COM PROJETOR TIPO CANEQUINHA EM PANOS DE FACHADA SEM PRESENÇA DE VÃOS, ESPESSURA DE 25 MM, ACESSO POR BALANCIM MANUAL. AF_08/2022",Massa Única Externa,M2,928df42a952625eb12d41baf2b5ab17e1207af6e7881cb9f1c7fcac4708400e3,8dcfa4b1b47644ba39dbd8515e2f45cc8efe5970e29fa0931552dbcf081dc224,2026-05,2026-06,51.52,51.35,50.35,2026-06-12,linear_multipla,52.077401063722505,,2026-05,36bc958f04ad5d11.joblib,7b4bc08b19ada86fc17bcdd336fc488aa71badd090b90a8d98cb10055d49def8,cenario_proxima_competencia_sem_observacao
sinapi_es,sem_desoneracao,104208,"EMBOÇO OU MASSA ÚNICA EM ARGAMASSA TRAÇO 1:2:8, PREPARO MECÂNICA COM BETONEIRA 400 L, APLICADA COM PROJETOR TIPO CANEQUINHA EM PANOS DE FACHADA SEM PRESENÇA DE VÃOS, ESPESSURA DE 35 MM, ACESSO POR BALANCIM MANUAL. AF_08/2022",Massa Única Externa,M2,928df42a952625eb12d41baf2b5ab17e1207af6e7881cb9f1c7fcac4708400e3,cd73eba0a867df8eb9feb58aa8974c17195931ae664f9f37c3dd6a28014ff9a3,2026-05,2026-06,71.74,71.53,70.13,2026-06-12,linear_multipla,72.2806580516912,,2026-05,36bc958f04ad5d11.joblib,7b4bc08b19ada86fc17bcdd336fc488aa71badd090b90a8d98cb10055d49def8,cenario_proxima_competencia_sem_observacao
sinapi_es,sem_desoneracao,104209,"EMBOÇO OU MASSA ÚNICA EM ARGAMASSA TRAÇO 1:2:8, PREPARO MECÂNICA COM BETONEIRA 400 L, APLICADA COM PROJETOR TIPO CANEQUINHA EM PANOS DE FACHADA SEM PRESENÇA DE VÃOS, ESPESSURA DE 45 MM, ACESSO POR BALANCIM MANUAL. AF_08/2022",Massa Única Externa,M2,928df42a952625eb12d41baf2b5ab17e1207af6e7881cb9f1c7fcac4708400e3,3c8cbc4f51a4ec9a022ab15cb203aae0612a6284f192fe46d248ccdbb66add69,2026-05,2026-06,79.14,78.86,77.4,2026-06-12,linear_multipla,79.68434221317698,,2026-05,36bc958f04ad5d11.joblib,7b4bc08b19ada86fc17bcdd336fc488aa71badd090b90a8d98cb10055d49def8,cenario_proxima_competencia_sem_observacao
sinapi_es,sem_desoneracao,104210,"EMBOÇO OU MASSA ÚNICA EM ARGAMASSA TRAÇO 1:2:8, PREPARO MECÂNICA COM BETONEIRA 400 L, APLICADA COM PROJETOR TIPO CANEQUINHA EM PANOS DE FACHADA SEM PRESENÇA DE VÃOS, ESPESSURA DE 50 MM, ACESSO POR BALANCIM MANUAL. AF_08/2022",Massa Única Externa,M2,928df42a952625eb12d41baf2b5ab17e1207af6e7881cb9f1c7fcac4708400e3,ceda5db759f9dd5a6557f4277d78c8e4301eb72eca597cd832d2cf7a4209e445,2026-05,2026-06,81.79,81.49,80.01,2026-06-12,linear_multipla,82.33720990046962,,2026-05,36bc958f04ad5d11.joblib,7b4bc08b19ada86fc17bcdd336fc488aa71badd090b90a8d98cb10055d49def8,cenario_proxima_competencia_sem_observacao
sinapi_es,sem_desoneracao,104211,"EMBOÇO OU MASSA ÚNICA EM ARGAMASSA TRAÇO 1:2:8, PREPARO MECÂNICA COM BETONEIRA 400 L, APLICADA COM PROJETOR TIPO CANEQUINHA EM SUPERFÍCIES EXTERNAS DA SACADA, ESPESSURA DE 25 MM, ACESSO POR BALANCIM MANUAL, SEM USO DE TELA METÁLICA. AF_08/2022",Massa Única Externa,M2,928df42a952625eb12d41baf2b5ab17e1207af6e7881cb9f1c7fcac4708400e3,7334f1f2043d36e387a9175ab5b40e1867e0f5ea23acd9db9781161f5bce3442,2026-05,2026-06,103.31,103.15,100.99,2026-06-12,linear_multipla,103.81500630953096,,2026-05,36bc958f04ad5d11.joblib,7b4bc08b19ada86fc17bcdd336fc488aa71badd090b90a8d98cb10055d49def8,cenario_proxima_competencia_sem_observacao
sinapi_es,sem_desoneracao,104212,"EMBOÇO OU MASSA ÚNICA EM ARGAMASSA TRAÇO 1:2:8, PREPARO MECÂNICA COM BETONEIRA 400 L, APLICADA COM PROJETOR TIPO CANEQUINHA EM SUPERFÍCIES EXTERNAS DA SACADA, ESPESSURA DE 35 MM, ACESSO POR BALANCIM MANUAL, SEM USO DE TELA METÁLICA. AF_08/2022",Massa Única Externa,M2,928df42a952625eb12d41baf2b5ab17e1207af6e7881cb9f1c7fcac4708400e3,df3be27a39590532fc827b520e81149f957120641ecadd08fa31b70a9442492c,2026-05,2026-06,123.6,123.4,120.85,2026-06-12,linear_multipla,124.09120191138327,,2026-05,36bc958f04ad5d11.joblib,7b4bc08b19ada86fc17bcdd336fc488aa71badd090b90a8d98cb10055d49def8,cenario_proxima_competencia_sem_observacao
sinapi_es,sem_desoneracao,104213,"EMBOÇO OU MASSA ÚNICA EM ARGAMASSA TRAÇO 1:2:8, PREPARO MECÂNICA COM BETONEIRA 400 L, APLICADA COM PROJETOR TIPO CANEQUINHA EM SUPERFÍCIES EXTERNAS DA SACADA, ESPESSURA DE 45 MM, ACESSO POR BALANCIM MANUAL, SEM USO DE TELA METÁLICA. AF_08/2022",Massa Única Externa,M2,928df42a952625eb12d41baf2b5ab17e1207af6e7881cb9f1c7fcac4708400e3,24ebc813760734953717e8c126c1ca6f34b7d902b2b73d86b07f9eea7fa1d764,2026-05,2026-06,131.0,130.73,128.12,2026-06-12,linear_multipla,131.49488607286906,,2026-05,36bc958f04ad5d11.joblib,7b4bc08b19ada86fc17bcdd336fc488aa71badd090b90a8d98cb10055d49def8,cenario_proxima_competencia_sem_observacao
sinapi_es,sem_desoneracao,104214,"EMBOÇO OU MASSA ÚNICA EM ARGAMASSA TRAÇO 1:2:8, PREPARO MECÂNICA COM BETONEIRA 400 L, APLICADA COM PROJETOR TIPO CANEQUINHA EM SUPERFÍCIES EXTERNAS DA SACADA, ESPESSURA DE 50 MM, ACESSO POR BALANCIM MANUAL, SEM USO DE TELA METÁLICA. AF_08/2022",Massa Única Externa,M2,928df42a952625eb12d41baf2b5ab17e1207af6e7881cb9f1c7fcac4708400e3,f728a0901aa7ede0ee1cef8c3ee1bf145184845b7cecce628e8ccd6a5bf6aad4,2026-05,2026-06,156.8,156.51,153.33,2026-06-12,linear_multipla,157.26511028648406,,2026-05,36bc958f04ad5d11.joblib,7b4bc08b19ada86fc17bcdd336fc488aa71badd090b90a8d98cb10055d49def8,cenario_proxima_competencia_sem_observacao
sinapi_es,sem_desoneracao,104215,"EMBOÇO OU MASSA ÚNICA EM ARGAMASSA TRAÇO 1:2:8, PREPARO MECÂNICA COM BETONEIRA 400 L, APLICADA COM PROJETOR TIPO CANEQUINHA EM SUPERFÍCIES INTERNAS DA SACADA, ESPESSURA DE 25 MM, SEM USO DE TELA METÁLICA. AF_08/2022",Massa Única Externa,M2,928df42a952625eb12d41baf2b5ab17e1207af6e7881cb9f1c7fcac4708400e3,7e622979b43f1f382caf8cf7ae095de2f1c7989314a6a482f8cd7b29a380b996,2026-05,2026-06,95.74,95.54,93.62,2026-06-12,linear_multipla,96.2621792543563,,2026-05,36bc958f04ad5d11.joblib,7b4bc08b19ada86fc17bcdd336fc488aa71badd090b90a8d98cb10055d49def8,cenario_proxima_competencia_sem_observacao
sinapi_es,sem_desoneracao,104216,"EMBOÇO OU MASSA ÚNICA EM ARGAMASSA TRAÇO 1:2:8, PREPARO MECÂNICA COM BETONEIRA 400 L, APLICADA COM PROJETOR TIPO CANEQUINHA EM SUPERFÍCIES INTERNAS DA SACADA, ESPESSURA DE 35 MM, SEM USO DE TELA METÁLICA. AF_08/2022",Massa Única Externa,M2,928df42a952625eb12d41baf2b5ab17e1207af6e7881cb9f1c7fcac4708400e3,a5bfa27ca2ec57d660fba69feb541bde3a415554b30761bc2349362f581c3030,2026-05,2026-06,115.57,115.32,113.04,2026-06-12,linear_multipla,116.0816985517343,,2026-05,36bc958f04ad5d11.joblib,7b4bc08b19ada86fc17bcdd336fc488aa71badd090b90a8d98cb10055d49def8,cenario_proxima_competencia_sem_observacao
sinapi_es,sem_desoneracao,104217,"EMBOÇO OU MASSA ÚNICA EM ARGAMASSA TRAÇO 1:2:8, PREPARO MECÂNICA COM BETONEIRA 400 L, APLICADA MANUALMENTE EM PANOS DE FACHADA COM PRESENÇA DE VÃOS, ESPESSURA DE 25 MM, ACESSO POR ANDAIME. AF_08/2022",Massa Única Externa,M2,928df42a952625eb12d41baf2b5ab17e1207af6e7881cb9f1c7fcac4708400e3,b8041b2f3cc07929109805f0a356b6271c9624b904ce6b75f8f3e282f6561ee8,2026-05,2026-06,62.37,62.19,60.81,2026-06-12,linear_multipla,62.877980127467566,,2026-05,36bc958f04ad5d11.joblib,7b4bc08b19ada86fc17bcdd336fc488aa71badd090b90a8d98cb10055d49def8,cenario_proxima_competencia_sem_observacao
sinapi_es,sem_desoneracao,104218,"EMBOÇO OU MASSA ÚNICA EM ARGAMASSA TRAÇO 1:2:8, PREPARO MANUAL, APLICADA MANUALMENTE EM PANOS DE FACHADA COM PRESENÇA DE VÃOS, ESPESSURA DE 25 MM, ACESSO POR ANDAIME. AF_08/2022",Massa Única Externa,M2,928df42a952625eb12d41baf2b5ab17e1207af6e7881cb9f1c7fcac4708400e3,d7c3b96fd3726adc2d424520f751f9606ae9da9631c66f08ba6148892f0c8671,2026-05,2026-06,67.08,66.9,65.48,2026-06-12,linear_multipla,67.60006314032962,,2026-05,36bc958f04ad5d11.joblib,7b4bc08b19ada86fc17bcdd336fc488aa71badd090b90a8d98cb10055d49def8,cenario_proxima_competencia_sem_observacao
sinapi_es,sem_desoneracao,104219,"EMBOÇO OU MASSA ÚNICA EM ARGAMASSA INDUSTRIALIZADA, PREPARO MECÂNICA E APLICAÇÃO COM EQUIPAMENTO DE MISTURA E PROJEÇÃO DE 1,5 M3/H DE ARGAMASSA EM PANOS DE FACHADA COM PRESENÇA DE VÃOS, ESPESSURA DE 25 MM, ACESSO POR ANDAIME. AF_08/2022",Massa Única Externa,M2,928df42a952625eb12d41baf2b5ab17e1207af6e7881cb9f1c7fcac4708400e3,74fe76cfc573cca2a1f4536cbe3e12e76a19520d9fb318898048e8aa00cae34b,2026-05,2026-06,89.76,89.23,88.7,2026-06-12,linear_multipla,90.53997886780766,,2026-05,36bc958f04ad5d11.joblib,7b4bc08b19ada86fc17bcdd336fc488aa71badd090b90a8d98cb10055d49def8,cenario_proxima_competencia_sem_observacao
sinapi_es,sem_desoneracao,104220,"EMBOÇO OU MASSA ÚNICA EM ARGAMASSA TRAÇO 1:2:8, PREPARO MECÂNICA COM BETONEIRA 400 L, APLICADA COM PROJETOR TIPO CANEQUINHA EM PANOS DE FACHADA COM PRESENÇA DE VÃOS, ESPESSURA DE 25 MM, ACESSO POR ANDAIME. AF_08/2022",Massa Única Externa,M2,928df42a952625eb12d41baf2b5ab17e1207af6e7881cb9f1c7fcac4708400e3,4d3b5795168122ec60b7d8f38ba2ff142da46f208c4d65eb4d0fd90d2df83341,2026-05,2026-06,65.59,65.42,64.09,2026-06-12,linear_multipla,66.12867484811541,,2026-05,36bc958f04ad5d11.joblib,7b4bc08b19ada86fc17bcdd336fc488aa71badd090b90a8d98cb10055d49def8,cenario_proxima_competencia_sem_observacao
sinapi_es,sem_desoneracao,104221,"EMBOÇO OU MASSA ÚNICA EM ARGAMASSA TRAÇO 1:2:8, PREPARO MECÂNICA COM BETONEIRA 400 L, APLICADA MANUALMENTE EM PANOS DE FACHADA COM PRESENÇA DE VÃOS, ESPESSURA DE 35 MM, ACESSO POR ANDAIME. AF_08/2022",Massa Única Externa,M2,928df42a952625eb12d41baf2b5ab17e1207af6e7881cb9f1c7fcac4708400e3,0af2bed66048914344f747b219d7c947553f92c0624e3d0e0baf124da89803b0,2026-05,2026-06,80.42,80.19,78.45,2026-06-12,linear_multipla,80.90899627980635,,2026-05,36bc958f04ad5d11.joblib,7b4bc08b19ada86fc17bcdd336fc488aa71badd090b90a8d98cb10055d49def8,cenario_proxima_competencia_sem_observacao
sinapi_es,sem_desoneracao,104222,"EMBOÇO OU MASSA ÚNICA EM ARGAMASSA TRAÇO 1:2:8, PREPARO MANUAL, APLICADA MANUALMENTE EM PANOS DE FACHADA COM PRESENÇA DE VÃOS, ESPESSURA DE 35 MM, ACESSO POR ANDAIME. AF_08/2022",Massa Única Externa,M2,928df42a952625eb12d41baf2b5ab17e1207af6e7881cb9f1c7fcac4708400e3,b4552d717a25948b23b3488c965b234fd92ae6bcf0f54556f619f21bc1cc0f05,2026-05,2026-06,86.74,86.5,84.72,2026-06-12,linear_multipla,87.24647881546991,,2026-05,36bc958f04ad5d11.joblib,7b4bc08b19ada86fc17bcdd336fc488aa71badd090b90a8d98cb10055d49def8,cenario_proxima_competencia_sem_observacao
sinapi_es,sem_desoneracao,104223,"EMBOÇO OU MASSA ÚNICA EM ARGAMASSA INDUSTRIALIZADA, PREPARO MECÂNICA E APLICAÇÃO COM EQUIPAMENTO DE MISTURA E PROJEÇÃO DE 1,5 M3/H DE ARGAMASSA EM PANOS DE FACHADA COM PRESENÇA DE VÃOS, ESPESSURA DE 35 MM, ACESSO POR ANDAIME. AF_08/2022",Massa Única Externa,M2,928df42a952625eb12d41baf2b5ab17e1207af6e7881cb9f1c7fcac4708400e3,46099ff628f46ee6178f2645cbff7d45f6bbe271b1665d0cf2278165ab820472,2026-05,2026-06,117.39,116.67,116.09,2026-06-12,linear_multipla,118.24540863692617,,2026-05,36bc958f04ad5d11.joblib,7b4bc08b19ada86fc17bcdd336fc488aa71badd090b90a8d98cb10055d49def8,cenario_proxima_competencia_sem_observacao
sinapi_es,sem_desoneracao,104224,"EMBOÇO OU MASSA ÚNICA EM ARGAMASSA TRAÇO 1:2:8, PREPARO MECÂNICA COM BETONEIRA 400 L, APLICADA COM PROJETOR TIPO CANEQUINHA EM PANOS DE FACHADA COM PRESENÇA DE VÃOS, ESPESSURA DE 35 MM, ACESSO POR ANDAIME. AF_08/2022",Massa Única Externa,M2,928df42a952625eb12d41baf2b5ab17e1207af6e7881cb9f1c7fcac4708400e3,069c354ea3fb40e3872366f9f83c70a124569f1f41dd5fd5d09f26050e7ee2a8,2026-05,2026-06,84.78,84.57,82.89,2026-06-12,linear_multipla,85.31003257957288,,2026-05,36bc958f04ad5d11.joblib,7b4bc08b19ada86fc17bcdd336fc488aa71badd090b90a8d98cb10055d49def8,cenario_proxima_competencia_sem_observacao
sinapi_es,sem_desoneracao,104225,"EMBOÇO OU MASSA ÚNICA EM ARGAMASSA TRAÇO 1:2:8, PREPARO MECÂNICA COM BETONEIRA 400 L, APLICADA MANUALMENTE EM PANOS DE FACHADA COM PRESENÇA DE VÃOS, ESPESSURA DE 45 MM, ACESSO POR ANDAIME. AF_08/2022",Massa Única Externa,M2,928df42a952625eb12d41baf2b5ab17e1207af6e7881cb9f1c7fcac4708400e3,e66b102b9b9692105e15f5eb04d80f5ca95391aca582d44073770b15ccb243a2,2026-05,2026-06,87.53,87.23,85.43,2026-06-12,linear_multipla,88.02129509743742,,2026-05,36bc958f04ad5d11.joblib,7b4bc08b19ada86fc17bcdd336fc488aa71badd090b90a8d98cb10055d49def8,cenario_proxima_competencia_sem_observacao
sinapi_es,sem_desoneracao,104226,"EMBOÇO OU MASSA ÚNICA EM ARGAMASSA TRAÇO 1:2:8, PREPARO MANUAL, APLICADA MANUALMENTE EM PANOS DE FACHADA COM PRESENÇA DE VÃOS, ESPESSURA DE 45 MM, ACESSO POR ANDAIME. AF_08/2022",Massa Única Externa,M2,928df42a952625eb12d41baf2b5ab17e1207af6e7881cb9f1c7fcac4708400e3,76a735446db6de5ac21d160a93c1619887b19e611c08de90ca82c1a3935738e6,2026-05,2026-06,95.46,95.16,93.29,2026-06-12,linear_multipla,95.97094754251636,,2026-05,36bc958f04ad5d11.joblib,7b4bc08b19ada86fc17bcdd336fc488aa71badd090b90a8d98cb10055d49def8,cenario_proxima_competencia_sem_observacao
sinapi_es,sem_desoneracao,104227,"EMBOÇO OU MASSA ÚNICA EM ARGAMASSA INDUSTRIALIZADA, PREPARO MECÂNICA E APLICAÇÃO COM EQUIPAMENTO DE MISTURA E PROJEÇÃO DE 1,5 M3/H DE ARGAMASSA EM PANOS DE FACHADA COM PRESENÇA DE VÃOS, ESPESSURA DE 45 MM, ACESSO POR ANDAIME. AF_08/2022",Massa Única Externa,M2,928df42a952625eb12d41baf2b5ab17e1207af6e7881cb9f1c7fcac4708400e3,06a742a74c87c581b7694c54d9abd05e1695555dc9140d915a1eba33b7db7129,2026-05,2026-06,135.04,134.13,133.75,2026-06-12,linear_multipla,135.98826898273592,,2026-05,36bc958f04ad5d11.joblib,7b4bc08b19ada86fc17bcdd336fc488aa71badd090b90a8d98cb10055d49def8,cenario_proxima_competencia_sem_observacao
sinapi_es,sem_desoneracao,104228,"EMBOÇO OU MASSA ÚNICA EM ARGAMASSA TRAÇO 1:2:8, PREPARO MECÂNICA COM BETONEIRA 400 L, APLICADA COM PROJETOR TIPO CANEQUINHA EM PANOS DE FACHADA COM PRESENÇA DE VÃOS, ESPESSURA DE 45 MM, ACESSO POR ANDAIME. AF_08/2022",Massa Única Externa,M2,928df42a952625eb12d41baf2b5ab17e1207af6e7881cb9f1c7fcac4708400e3,24beead8f5ef156da2afd516e4799f8c2c3d6fd1b8771f044f03eae06e13583f,2026-05,2026-06,92.64,92.35,90.61,2026-06-12,linear_multipla,93.17362265891907,,2026-05,36bc958f04ad5d11.joblib,7b4bc08b19ada86fc17bcdd336fc488aa71badd090b90a8d98cb10055d49def8,cenario_proxima_competencia_sem_observacao
sinapi_es,sem_desoneracao,104229,"EMBOÇO OU MASSA ÚNICA EM ARGAMASSA TRAÇO 1:2:8, PREPARO MECÂNICA COM BETONEIRA 400 L, APLICADA MANUALMENTE EM PANOS DE FACHADA COM PRESENÇA DE VÃOS, ESPESSURA DE 50 MM, ACESSO POR ANDAIME. AF_08/2022",Massa Única Externa,M2,928df42a952625eb12d41baf2b5ab17e1207af6e7881cb9f1c7fcac4708400e3,40609a360d5f5934c96b0eeb98f7e4f5f1fb30fe023fca5db1375197890b865e,2026-05,2026-06,103.59,103.26,101.09,2026-06-12,linear_multipla,104.05478375239683,,2026-05,36bc958f04ad5d11.joblib,7b4bc08b19ada86fc17bcdd336fc488aa71badd090b90a8d98cb10055d49def8,cenario_proxima_competencia_sem_observacao
sinapi_es,sem_desoneracao,104230,"EMBOÇO OU MASSA ÚNICA EM ARGAMASSA TRAÇO 1:2:8, PREPARO MANUAL, APLICADA MANUALMENTE EM PANOS DE FACHADA COM PRESENÇA DE VÃOS, ESPESSURA DE 50 MM, ACESSO POR ANDAIME. AF_08/2022",Massa Única Externa,M2,928df42a952625eb12d41baf2b5ab17e1207af6e7881cb9f1c7fcac4708400e3,ff14404a411c122c74789bad12c9c25639cb511d956dcc67868395d03eaeca26,2026-05,2026-06,112.32,111.98,109.74,2026-06-12,linear_multipla,112.80596631157968,,2026-05,36bc958f04ad5d11.joblib,7b4bc08b19ada86fc17bcdd336fc488aa71badd090b90a8d98cb10055d49def8,cenario_proxima_competencia_sem_observacao
sinapi_es,sem_desoneracao,104231,"EMBOÇO OU MASSA ÚNICA EM ARGAMASSA INDUSTRIALIZADA, PREPARO MECÂNICA E APLICAÇÃO COM EQUIPAMENTO DE MISTURA E PROJEÇÃO DE 1,5 M3/H DE ARGAMASSA EM PANOS DE FACHADA COM PRESENÇA DE VÃOS, ESPESSURA DE 50 MM, ACESSO POR ANDAIME. AF_08/2022",Massa Única Externa,M2,928df42a952625eb12d41baf2b5ab17e1207af6e7881cb9f1c7fcac4708400e3,5e2636b1219dec04722ef11e9f918ddc0f73e6eb9c194844076ca5efc848a9b5,2026-05,2026-06,149.0,148.01,147.57,2026-06-12,linear_multipla,149.9809990535087,,2026-05,36bc958f04ad5d11.joblib,7b4bc08b19ada86fc17bcdd336fc488aa71badd090b90a8d98cb10055d49def8,cenario_proxima_competencia_sem_observacao
sinapi_es,sem_desoneracao,104232,"EMBOÇO OU MASSA ÚNICA EM ARGAMASSA TRAÇO 1:2:8, PREPARO MECÂNICA COM BETONEIRA 400 L, APLICADA COM PROJETOR TIPO CANEQUINHA EM PANOS DE FACHADA COM PRESENÇA DE VÃOS, ESPESSURA DE 50 MM, ACESSO POR ANDAIME. AF_08/2022",Massa Única Externa,M2,928df42a952625eb12d41baf2b5ab17e1207af6e7881cb9f1c7fcac4708400e3,4ca0c025b33ba065f30bcab61104fd8fa3eb07f17b238d1871c1659610596216,2026-05,2026-06,102.47,102.16,100.23,2026-06-12,linear_multipla,102.99651780006583,,2026-05,36bc958f04ad5d11.joblib,7b4bc08b19ada86fc17bcdd336fc488aa71badd090b90a8d98cb10055d49def8,cenario_proxima_competencia_sem_observacao
sinapi_es,sem_desoneracao,104233,"EMBOÇO OU MASSA ÚNICA EM ARGAMASSA TRAÇO 1:2:8, PREPARO MECÂNICA COM BETONEIRA 400 L, APLICADA MANUALMENTE EM PANOS DE FACHADA SEM PRESENÇA DE VÃOS, ESPESSURA DE 25 MM, ACESSO POR ANDAIME. AF_08/2022",Massa Única Externa,M2,928df42a952625eb12d41baf2b5ab17e1207af6e7881cb9f1c7fcac4708400e3,489c9387158e4d1b834f2f9f44cdae99d3e88a465ff7b565f67070ddfaf6e472,2026-05,2026-06,45.75,45.57,44.62,2026-06-12,linear_multipla,46.290567076642496,,2026-05,36bc958f04ad5d11.joblib,7b4bc08b19ada86fc17bcdd336fc488aa71badd090b90a8d98cb10055d49def8,cenario_proxima_competencia_sem_observacao
sinapi_es,sem_desoneracao,104234,"EMBOÇO OU MASSA ÚNICA EM ARGAMASSA TRAÇO 1:2:8, PREPARO MANUAL, APLICADA MANUALMENTE EM PANOS DE FACHADA SEM PRESENÇA DE VÃOS, ESPESSURA DE 25 MM, ACESSO POR ANDAIME. AF_08/2022",Massa Única Externa,M2,928df42a952625eb12d41baf2b5ab17e1207af6e7881cb9f1c7fcac4708400e3,4b5a2f7f6fd946ea2f2ba927523ffc9719951b4634c450e3649b2c74458fb12f,2026-05,2026-06,50.15,49.97,48.98,2026-06-12,linear_multipla,50.701169204694345,,2026-05,36bc958f04ad5d11.joblib,7b4bc08b19ada86fc17bcdd336fc488aa71badd090b90a8d98cb10055d49def8,cenario_proxima_competencia_sem_observacao
sinapi_es,sem_desoneracao,104235,"EMBOÇO OU MASSA ÚNICA EM ARGAMASSA INDUSTRIALIZADA, PREPARO MECÂNICA E APLICAÇÃO COM EQUIPAMENTO DE MISTURA E PROJEÇÃO DE 1,5 M3/H DE ARGAMASSA EM PANOS DE FACHADA SEM PRESENÇA DE VÃOS, ESPESSURA DE 25 MM, ACESSO POR ANDAIME. AF_08/2022",Massa Única Externa,M2,928df42a952625eb12d41baf2b5ab17e1207af6e7881cb9f1c7fcac4708400e3,0c25429bff9c02d67952a5922f68497c2bce3e367f3a0fdfb07d5c0919b8f381,2026-05,2026-06,72.39,71.88,71.71,2026-06-12,linear_multipla,73.18533653560782,,2026-05,36bc958f04ad5d11.joblib,7b4bc08b19ada86fc17bcdd336fc488aa71badd090b90a8d98cb10055d49def8,cenario_proxima_competencia_sem_observacao
sinapi_es,sem_desoneracao,104236,"EMBOÇO OU MASSA ÚNICA EM ARGAMASSA TRAÇO 1:2:8, PREPARO MECÂNICA COM BETONEIRA 400 L, APLICADA COM PROJETOR TIPO CANEQUINHA EM PANOS DE FACHADA SEM PRESENÇA DE VÃOS, ESPESSURA DE 25 MM, ACESSO POR ANDAIME. AF_08/2022",Massa Única Externa,M2,928df42a952625eb12d41baf2b5ab17e1207af6e7881cb9f1c7fcac4708400e3,38e828690c78cb6f77e114ce3ef900c2187e3f37bdd02283a11be1f537527036,2026-05,2026-06,48.33,48.16,47.24,2026-06-12,linear_multipla,48.8929960456357,,2026-05,36bc958f04ad5d11.joblib,7b4bc08b19ada86fc17bcdd336fc488aa71badd090b90a8d98cb10055d49def8,cenario_proxima_competencia_sem_observacao
sinapi_es,sem_desoneracao,104237,"EMBOÇO OU MASSA ÚNICA EM ARGAMASSA TRAÇO 1:2:8, PREPARO MECÂNICA COM BETONEIRA 400 L, APLICADA MANUALMENTE EM PANOS DE FACHADA SEM PRESENÇA DE VÃOS, ESPESSURA DE 35 MM, ACESSO POR ANDAIME. AF_08/2022",Massa Única Externa,M2,928df42a952625eb12d41baf2b5ab17e1207af6e7881cb9f1c7fcac4708400e3,3297144134043283384f1b2d6ba8928b6cb18c667cfabbcbe0865554041a5260,2026-05,2026-06,63.42,63.19,61.87,2026-06-12,linear_multipla,63.93716373028746,,2026-05,36bc958f04ad5d11.joblib,7b4bc08b19ada86fc17bcdd336fc488aa71badd090b90a8d98cb10055d49def8,cenario_proxima_competencia_sem_observacao
sinapi_es,sem_desoneracao,104238,"EMBOÇO OU MASSA ÚNICA EM ARGAMASSA TRAÇO 1:2:8, PREPARO MANUAL, APLICADA MANUALMENTE EM PANOS DE FACHADA SEM PRESENÇA DE VÃOS, ESPESSURA DE 35 MM, ACESSO POR ANDAIME. AF_08/2022",Massa Única Externa,M2,928df42a952625eb12d41baf2b5ab17e1207af6e7881cb9f1c7fcac4708400e3,b06d43c011b70a4060ea63c95e76787abf6d4dfbbbef3a9ff83570d988cf6673,2026-05,2026-06,69.32,69.09,67.72,2026-06-12,linear_multipla,69.85232720946222,,2026-05,36bc958f04ad5d11.joblib,7b4bc08b19ada86fc17bcdd336fc488aa71badd090b90a8d98cb10055d49def8,cenario_proxima_competencia_sem_observacao
sinapi_es,sem_desoneracao,104239,"EMBOÇO OU MASSA ÚNICA EM ARGAMASSA INDUSTRIALIZADA, PREPARO MECÂNICA E APLICAÇÃO COM EQUIPAMENTO DE MISTURA E PROJEÇÃO DE 1,5 M3/H DE ARGAMASSA EM PANOS DE FACHADA SEM PRESENÇA DE VÃOS, ESPESSURA DE 35 MM, ACESSO POR ANDAIME. AF_08/2022",Massa Única Externa,M2,928df42a952625eb12d41baf2b5ab17e1207af6e7881cb9f1c7fcac4708400e3,325d70e2bb8a6eb2a96c3d48477c7091899d349506f6e351fdcf045497aa62cc,2026-05,2026-06,98.93,98.25,97.98,2026-06-12,linear_multipla,99.78712126818687,,2026-05,36bc958f04ad5d11.joblib,7b4bc08b19ada86fc17bcdd336fc488aa71badd090b90a8d98cb10055d49def8,cenario_proxima_competencia_sem_observacao
sinapi_es,sem_desoneracao,104240,"EMBOÇO OU MASSA ÚNICA EM ARGAMASSA TRAÇO 1:2:8, PREPARO MECÂNICA COM BETONEIRA 400 L, APLICADA COM PROJETOR TIPO CANEQUINHA EM PANOS DE FACHADA SEM PRESENÇA DE VÃOS, ESPESSURA DE 35 MM, ACESSO POR ANDAIME. AF_08/2022",Massa Única Externa,M2,928df42a952625eb12d41baf2b5ab17e1207af6e7881cb9f1c7fcac4708400e3,1b8f4cdedae1511d50589b9e57415bb4f61c4fa41c95092fe16f5f30417744b8,2026-05,2026-06,67.14,66.93,65.64,2026-06-12,linear_multipla,67.68733005785997,,2026-05,36bc958f04ad5d11.joblib,7b4bc08b19ada86fc17bcdd336fc488aa71badd090b90a8d98cb10055d49def8,cenario_proxima_competencia_sem_observacao
sinapi_es,sem_desoneracao,104241,"EMBOÇO OU MASSA ÚNICA EM ARGAMASSA TRAÇO 1:2:8, PREPARO MECÂNICA COM BETONEIRA 400 L, APLICADA MANUALMENTE EM PANOS DE FACHADA SEM PRESENÇA DE VÃOS, ESPESSURA DE 45 MM, ACESSO POR ANDAIME. AF_08/2022",Massa Única Externa,M2,928df42a952625eb12d41baf2b5ab17e1207af6e7881cb9f1c7fcac4708400e3,732bf40895a82b122d9ceeed5c071517d2af472c26da84c9cf31b6a6c070ad20,2026-05,2026-06,70.07,69.78,68.4,2026-06-12,linear_multipla,70.58955663005807,,2026-05,36bc958f04ad5d11.joblib,7b4bc08b19ada86fc17bcdd336fc488aa71badd090b90a8d98cb10055d49def8,cenario_proxima_competencia_sem_observacao
sinapi_es,sem_desoneracao,104242,"EMBOÇO OU MASSA ÚNICA EM ARGAMASSA TRAÇO 1:2:8, PREPARO MANUAL, APLICADA MANUALMENTE EM PANOS DE FACHADA SEM PRESENÇA DE VÃOS, ESPESSURA DE 45 MM, ACESSO POR ANDAIME. AF_08/2022",Massa Única Externa,M2,928df42a952625eb12d41baf2b5ab17e1207af6e7881cb9f1c7fcac4708400e3,e20507586364cd592a688ec965826974bb51d85c7ecd00abf291198184ba862f,2026-05,2026-06,77.47,77.18,75.74,2026-06-12,linear_multipla,78.00928146035572,,2026-05,36bc958f04ad5d11.joblib,7b4bc08b19ada86fc17bcdd336fc488aa71badd090b90a8d98cb10055d49def8,cenario_proxima_competencia_sem_observacao
sinapi_es,sem_desoneracao,104243,"EMBOÇO OU MASSA ÚNICA EM ARGAMASSA INDUSTRIALIZADA, PREPARO MECÂNICA E APLICAÇÃO COM EQUIPAMENTO DE MISTURA E PROJEÇÃO DE 1,5 M3/H DE ARGAMASSA EM PANOS DE FACHADA SEM PRESENÇA DE VÃOS, ESPESSURA DE 45 MM, ACESSO POR ANDAIME. AF_08/2022",Massa Única Externa,M2,928df42a952625eb12d41baf2b5ab17e1207af6e7881cb9f1c7fcac4708400e3,283ef5a6c1f3b45ef69b2d6e0ba902fb24368006b0aedc89cfc4b60c8d84e44c,2026-05,2026-06,115.43,114.57,114.49,2026-06-12,linear_multipla,116.37417531263219,,2026-05,36bc958f04ad5d11.joblib,7b4bc08b19ada86fc17bcdd336fc488aa71badd090b90a8d98cb10055d49def8,cenario_proxima_competencia_sem_observacao
sinapi_es,sem_desoneracao,104244,"EMBOÇO OU MASSA ÚNICA EM ARGAMASSA TRAÇO 1:2:8, PREPARO MECÂNICA COM BETONEIRA 400 L, APLICADA COM PROJETOR TIPO CANEQUINHA EM PANOS DE FACHADA SEM PRESENÇA DE VÃOS, ESPESSURA DE 45 MM, ACESSO POR ANDAIME. AF_08/2022",Massa Única Externa,M2,928df42a952625eb12d41baf2b5ab17e1207af6e7881cb9f1c7fcac4708400e3,6713d16e051a9a2aa566bdce55f75c5ea6952bb7d610963a6052967a662aa599,2026-05,2026-06,74.54,74.26,72.91,2026-06-12,linear_multipla,75.09101421934575,,2026-05,36bc958f04ad5d11.joblib,7b4bc08b19ada86fc17bcdd336fc488aa71badd090b90a8d98cb10055d49def8,cenario_proxima_competencia_sem_observacao
sinapi_es,sem_desoneracao,104245,"EMBOÇO OU MASSA ÚNICA EM ARGAMASSA TRAÇO 1:2:8, PREPARO MECÂNICA COM BETONEIRA 400 L, APLICADA MANUALMENTE EM PANOS DE FACHADA SEM PRESENÇA DE VÃOS, ESPESSURA DE 50 MM, ACESSO POR ANDAIME. AF_08/2022",Massa Única Externa,M2,928df42a952625eb12d41baf2b5ab17e1207af6e7881cb9f1c7fcac4708400e3,7c4b14f49f8b37f62a4dccfcddb6cbe893e00deb625e5f11656b64004610ecce,2026-05,2026-06,76.52,76.2,74.71,2026-06-12,linear_multipla,77.03484758992482,,2026-05,36bc958f04ad5d11.joblib,7b4bc08b19ada86fc17bcdd336fc488aa71badd090b90a8d98cb10055d49def8,cenario_proxima_competencia_sem_observacao
sinapi_es,sem_desoneracao,104246,"EMBOÇO OU MASSA ÚNICA EM ARGAMASSA TRAÇO 1:2:8, PREPARO MANUAL, APLICADA MANUALMENTE EM PANOS DE FACHADA SEM PRESENÇA DE VÃOS, ESPESSURA DE 50 MM, ACESSO POR ANDAIME. AF_08/2022",Massa Única Externa,M2,928df42a952625eb12d41baf2b5ab17e1207af6e7881cb9f1c7fcac4708400e3,12542271ace042205e15952ca6d18144eab723a193af9e471a9dc4d56f98589b,2026-05,2026-06,84.67,84.35,82.8,2026-06-12,linear_multipla,85.20815520605363,,2026-05,36bc958f04ad5d11.joblib,7b4bc08b19ada86fc17bcdd336fc488aa71badd090b90a8d98cb10055d49def8,cenario_proxima_competencia_sem_observacao
sinapi_es,sem_desoneracao,104247,"EMBOÇO OU MASSA ÚNICA EM ARGAMASSA INDUSTRIALIZADA, PREPARO MECÂNICA E APLICAÇÃO COM EQUIPAMENTO DE MISTURA E PROJEÇÃO DE 1,5 M3/H DE ARGAMASSA EM PANOS DE FACHADA SEM PRESENÇA DE VÃOS, ESPESSURA DE 50 MM, ACESSO POR ANDAIME. AF_08/2022",Massa Única Externa,M2,928df42a952625eb12d41baf2b5ab17e1207af6e7881cb9f1c7fcac4708400e3,03a1825d0fe7ec0a55f985b8d0da30fcffa5c0a29f32ed60b286f7f85b2e024c,2026-05,2026-06,122.89,121.95,121.98,2026-06-12,linear_multipla,123.88012632203775,,2026-05,36bc958f04ad5d11.joblib,7b4bc08b19ada86fc17bcdd336fc488aa71badd090b90a8d98cb10055d49def8,cenario_proxima_competencia_sem_observacao
sinapi_es,sem_desoneracao,104248,"EMBOÇO OU MASSA ÚNICA EM ARGAMASSA TRAÇO 1:2:8, PREPARO MECÂNICA COM BETONEIRA 400 L, APLICADA COM PROJETOR TIPO CANEQUINHA EM PANOS DE FACHADA SEM PRESENÇA DE VÃOS, ESPESSURA DE 50 MM, ACESSO POR ANDAIME. AF_08/2022",Massa Única Externa,M2,928df42a952625eb12d41baf2b5ab17e1207af6e7881cb9f1c7fcac4708400e3,35f4894dde343593d1eb789034e56dd5596da41551a8cd921fa1d2e511123b4e,2026-05,2026-06,77.35,77.05,75.67,2026-06-12,linear_multipla,77.90204201374299,,2026-05,36bc958f04ad5d11.joblib,7b4bc08b19ada86fc17bcdd336fc488aa71badd090b90a8d98cb10055d49def8,cenario_proxima_competencia_sem_observacao
sinapi_es,sem_desoneracao,104249,"EMBOÇO OU MASSA ÚNICA EM ARGAMASSA TRAÇO 1:2:8, PREPARO MECÂNICA COM BETONEIRA 400 L, APLICADA MANUALMENTE EM SUPERFÍCIES EXTERNAS DA SACADA, ESPESSURA DE 25 MM, ACESSO POR ANDAIME, SEM USO DE TELA METÁLICA. AF_08/2022",Massa Única Externa,M2,928df42a952625eb12d41baf2b5ab17e1207af6e7881cb9f1c7fcac4708400e3,1b8a37463013ccb1a825282b7a5fd2a545fc99fe5d33c9da8ac29db54048f5ea,2026-05,2026-06,89.67,89.5,87.44,2026-06-12,linear_multipla,90.13359805915975,,2026-05,36bc958f04ad5d11.joblib,7b4bc08b19ada86fc17bcdd336fc488aa71badd090b90a8d98cb10055d49def8,cenario_proxima_competencia_sem_observacao
sinapi_es,sem_desoneracao,104250,"EMBOÇO OU MASSA ÚNICA EM ARGAMASSA TRAÇO 1:2:8, PREPARO MANUAL, APLICADA MANUALMENTE EM SUPERFÍCIES EXTERNAS DA SACADA, ESPESSURA DE 25 MM, ACESSO POR ANDAIME, SEM USO DE TELA METÁLICA. AF_08/2022",Massa Única Externa,M2,928df42a952625eb12d41baf2b5ab17e1207af6e7881cb9f1c7fcac4708400e3,9e02fcc74d9ee8feb9890b6daf2a559c475f69c93f91b0dff014c3b1828eef07,2026-05,2026-06,94.07,93.9,91.8,2026-06-12,linear_multipla,94.54420018721159,,2026-05,36bc958f04ad5d11.joblib,7b4bc08b19ada86fc17bcdd336fc488aa71badd090b90a8d98cb10055d49def8,cenario_proxima_competencia_sem_observacao
sinapi_es,sem_desoneracao,104251,"EMBOÇO OU MASSA ÚNICA EM ARGAMASSA INDUSTRIALIZADA, PREPARO MECÂNICO E APLICAÇÃO COM EQUIPAMENTO DE MISTURA E PROJEÇÃO DE 1,5 M3/H, NAS SUPERFÍCIES EXTERNAS DA SACADA, ESPESSURA DE 25 MM, ACESSO POR ANDAIME, SEM USO DE TELA METÁLICA. AF_08/2022",Massa Única Externa,M2,928df42a952625eb12d41baf2b5ab17e1207af6e7881cb9f1c7fcac4708400e3,491f44d361871ee88797036a5ef823be040aa7a50094ac73034424776121ebbc,2026-05,2026-06,112.2,111.7,110.52,2026-06-12,linear_multipla,112.92477605716415,,2026-05,36bc958f04ad5d11.joblib,7b4bc08b19ada86fc17bcdd336fc488aa71badd090b90a8d98cb10055d49def8,cenario_proxima_competencia_sem_observacao
sinapi_es,sem_desoneracao,104252,"EMBOÇO OU MASSA ÚNICA EM ARGAMASSA TRAÇO 1:2:8, PREPARO MECÂNICA COM BETONEIRA 400 L, APLICADA COM PROJETOR TIPO CANEQUINHA EM SUPERFÍCIES EXTERNAS DA SACADA, ESPESSURA DE 25 MM, ACESSO POR ANDAIME, SEM USO DE TELA METÁLICA. AF_08/2022",Massa Única Externa,M2,928df42a952625eb12d41baf2b5ab17e1207af6e7881cb9f1c7fcac4708400e3,776d7b0d756109ec9447103e4802b4978db8ca5bc6b46676bd179ae278d4b4ce,2026-05,2026-06,93.95,93.79,91.86,2026-06-12,linear_multipla,94.47019021476389,,2026-05,36bc958f04ad5d11.joblib,7b4bc08b19ada86fc17bcdd336fc488aa71badd090b90a8d98cb10055d49def8,cenario_proxima_competencia_sem_observacao
sinapi_es,sem_desoneracao,104253,"EMBOÇO OU MASSA ÚNICA EM ARGAMASSA TRAÇO 1:2:8, PREPARO MECÂNICA COM BETONEIRA 400 L, APLICADA MANUALMENTE EM SUPERFÍCIES EXTERNAS DA SACADA, ESPESSURA DE 35 MM, ACESSO POR ANDAIME, SEM USO DE TELA METÁLICA. AF_08/2022",Massa Única Externa,M2,928df42a952625eb12d41baf2b5ab17e1207af6e7881cb9f1c7fcac4708400e3,0d827b81f69c814a2a3421a2c0a08cc1cf36541ef59ced5d879e673b5a37e3dc,2026-05,2026-06,107.34,107.12,104.68,2026-06-12,linear_multipla,107.77759049226536,,2026-05,36bc958f04ad5d11.joblib,7b4bc08b19ada86fc17bcdd336fc488aa71badd090b90a8d98cb10055d49def8,cenario_proxima_competencia_sem_observacao
sinapi_es,sem_desoneracao,104254,"EMBOÇO OU MASSA ÚNICA EM ARGAMASSA TRAÇO 1:2:8, PREPARO MANUAL, APLICADA MANUALMENTE EM SUPERFÍCIES EXTERNAS DA SACADA, ESPESSURA DE 35 MM, ACESSO POR ANDAIME, SEM USO DE TELA METÁLICA. AF_08/2022",Massa Única Externa,M2,928df42a952625eb12d41baf2b5ab17e1207af6e7881cb9f1c7fcac4708400e3,22a99aac512c3f2858c3a287410ef6f2fefe87190dcf575b35273b4488ada60e,2026-05,2026-06,113.24,113.02,110.53,2026-06-12,linear_multipla,113.6927539714401,,2026-05,36bc958f04ad5d11.joblib,7b4bc08b19ada86fc17bcdd336fc488aa71badd090b90a8d98cb10055d49def8,cenario_proxima_competencia_sem_observacao
sinapi_es,sem_desoneracao,104255,"EMBOÇO OU MASSA ÚNICA EM ARGAMASSA INDUSTRIALIZADA, PREPARO MECÂNICO E APLICAÇÃO COM EQUIPAMENTO DE MISTURA E PROJEÇÃO DE 1,5 M3/H, NAS SUPERFÍCIES EXTERNAS DA SACADA, ESPESSURA DE 35 MM, ACESSO POR ANDAIME, SEM USO DE TELA METÁLICA. AF_08/2022",Massa Única Externa,M2,928df42a952625eb12d41baf2b5ab17e1207af6e7881cb9f1c7fcac4708400e3,54fab38b05396e7eaabab8243282da647ff65d81b9d9bb5eb03b4af0b1247366,2026-05,2026-06,138.74,138.07,136.8,2026-06-12,linear_multipla,139.5291650102826,,2026-05,36bc958f04ad5d11.joblib,7b4bc08b19ada86fc17bcdd336fc488aa71badd090b90a8d98cb10055d49def8,cenario_proxima_competencia_sem_observacao
sinapi_es,sem_desoneracao,104256,"EMBOÇO OU MASSA ÚNICA EM ARGAMASSA TRAÇO 1:2:8, PREPARO MECÂNICO COM BETONEIRA 400 L, APLICADA COM PROJETOR TIPO CANEQUINHA EM SUPERFÍCIES EXTERNAS DA SACADA, ESPESSURA DE 35 MM, ACESSO POR ANDAIME, SEM USO DE TELA METÁLICA. AF_08/2022",Massa Única Externa,M2,928df42a952625eb12d41baf2b5ab17e1207af6e7881cb9f1c7fcac4708400e3,d8ef2aeb05cf8e8fa0462515604c34651d9afed0182ce90059c42fc06d2b6c0e,2026-05,2026-06,112.76,112.56,110.27,2026-06-12,linear_multipla,113.26712844752754,,2026-05,36bc958f04ad5d11.joblib,7b4bc08b19ada86fc17bcdd336fc488aa71badd090b90a8d98cb10055d49def8,cenario_proxima_competencia_sem_observacao
sinapi_es,sem_desoneracao,104257,"EMBOÇO OU MASSA ÚNICA EM ARGAMASSA TRAÇO 1:2:8, PREPARO MECÂNICO COM BETONEIRA 400 L, APLICADA MANUALMENTE EM SUPERFÍCIES EXTERNAS DA SACADA, ESPESSURA DE 45 MM, ACESSO POR ANDAIME, SEM USO DE TELA METÁLICA. AF_08/2022",Massa Única Externa,M2,928df42a952625eb12d41baf2b5ab17e1207af6e7881cb9f1c7fcac4708400e3,49f787d0d27bf81b6b6b1bb61e66be17bb8f82870fd91e582c777a5db4dc3245,2026-05,2026-06,113.99,113.71,111.21,2026-06-12,linear_multipla,114.42998339203595,,2026-05,36bc958f04ad5d11.joblib,7b4bc08b19ada86fc17bcdd336fc488aa71badd090b90a8d98cb10055d49def8,cenario_proxima_competencia_sem_observacao
sinapi_es,sem_desoneracao,104258,"EMBOÇO OU MASSA ÚNICA EM ARGAMASSA TRAÇO 1:2:8, PREPARO MANUAL, APLICADA MANUALMENTE EM SUPERFÍCIES EXTERNAS DA SACADA, ESPESSURA DE 45 MM, ACESSO POR ANDAIME, SEM USO DE TELA METÁLICA. AF_08/2022",Massa Única Externa,M2,928df42a952625eb12d41baf2b5ab17e1207af6e7881cb9f1c7fcac4708400e3,76f0648d8a4fdd55cbf5af373a770dec13d7ceaa676c6e455b362fa57d5df78e,2026-05,2026-06,121.39,121.11,118.55,2026-06-12,linear_multipla,121.84970822233363,,2026-05,36bc958f04ad5d11.joblib,7b4bc08b19ada86fc17bcdd336fc488aa71badd090b90a8d98cb10055d49def8,cenario_proxima_competencia_sem_observacao
sinapi_es,sem_desoneracao,104259,"EMBOÇO OU MASSA ÚNICA EM ARGAMASSA INDUSTRIALIZADA, PREPARO MECÂNICO E APLICAÇÃO COM EQUIPAMENTO DE MISTURA E PROJEÇÃO DE 1,5 M3/H, NAS SUPERFÍCIES EXTERNAS DA SACADA, ESPESSURA DE 45 MM, ACESSO POR ANDAIME, SEM USO DE TELA METÁLICA. AF_08/2022",Massa Única Externa,M2,928df42a952625eb12d41baf2b5ab17e1207af6e7881cb9f1c7fcac4708400e3,a568234a7fdf1c529d56e5acda412040e7e7bc1c8ac610f60f034fdb609b0302,2026-05,2026-06,155.24,154.39,153.31,2026-06-12,linear_multipla,156.11621905472788,,2026-05,36bc958f04ad5d11.joblib,7b4bc08b19ada86fc17bcdd336fc488aa71badd090b90a8d98cb10055d49def8,cenario_proxima_competencia_sem_observacao
sinapi_es,sem_desoneracao,104260,"EMBOÇO OU MASSA ÚNICA EM ARGAMASSA TRAÇO 1:2:8, PREPARO MECÂNICO COM BETONEIRA 400 L, APLICADA COM PROJETOR TIPO CANEQUINHA EM SUPERFÍCIES EXTERNAS DA SACADA, ESPESSURA DE 45 MM, ACESSO POR ANDAIME, SEM USO DE TELA METÁLICA. AF_08/2022",Massa Única Externa,M2,928df42a952625eb12d41baf2b5ab17e1207af6e7881cb9f1c7fcac4708400e3,352e7f20f369ef3b0c86fbdba98c258986d2a0fff6792cc21b088f1db2397b3f,2026-05,2026-06,120.16,119.89,117.54,2026-06-12,linear_multipla,120.6708126090133,,2026-05,36bc958f04ad5d11.joblib,7b4bc08b19ada86fc17bcdd336fc488aa71badd090b90a8d98cb10055d49def8,cenario_proxima_competencia_sem_observacao
sinapi_es,sem_desoneracao,104261,"EMBOÇO OU MASSA ÚNICA EM ARGAMASSA TRAÇO 1:2:8, PREPARO MECÂNICO COM BETONEIRA 400 L, APLICADA MANUALMENTE EM SUPERFÍCIES EXTERNAS DA SACADA, ESPESSURA DE 50 MM, ACESSO POR ANDAIME, SEM USO DE TELA METÁLICA. AF_08/2022",Massa Única Externa,M2,928df42a952625eb12d41baf2b5ab17e1207af6e7881cb9f1c7fcac4708400e3,8529e21ced1f2d5b013ac177c2b78efdaf6fc27f4849e1f1f953db4caee7227a,2026-05,2026-06,148.5,148.19,144.83,2026-06-12,linear_multipla,148.8740017720122,,2026-05,36bc958f04ad5d11.joblib,7b4bc08b19ada86fc17bcdd336fc488aa71badd090b90a8d98cb10055d49def8,cenario_proxima_competencia_sem_observacao
sinapi_es,sem_desoneracao,104262,"EMBOÇO OU MASSA ÚNICA EM ARGAMASSA TRAÇO 1:2:8, PREPARO MANUAL, APLICADA MANUALMENTE EM SUPERFÍCIES EXTERNAS DA SACADA, ESPESSURA DE 50 MM, ACESSO POR ANDAIME, SEM USO DE TELA METÁLICA. AF_08/2022",Massa Única Externa,M2,928df42a952625eb12d41baf2b5ab17e1207af6e7881cb9f1c7fcac4708400e3,b8f792ef7435f06d5452901f2265884c9f6d2ec13e10fee81c5786aae29beea3,2026-05,2026-06,156.65,156.34,152.92,2026-06-12,linear_multipla,157.047309388141,,2026-05,36bc958f04ad5d11.joblib,7b4bc08b19ada86fc17bcdd336fc488aa71badd090b90a8d98cb10055d49def8,cenario_proxima_competencia_sem_observacao
sinapi_es,sem_desoneracao,104263,"EMBOÇO OU MASSA ÚNICA EM ARGAMASSA INDUSTRIALIZADA, PREPARO MECÂNICO E APLICAÇÃO COM EQUIPAMENTO DE MISTURA E PROJEÇÃO DE 1,5 M3/H, NAS SUPERFÍCIES EXTERNAS DA SACADA, ESPESSURA DE 50 MM, ACESSO POR ANDAIME, SEM USO DE TELA METÁLICA. AF_08/2022",Massa Única Externa,M2,928df42a952625eb12d41baf2b5ab17e1207af6e7881cb9f1c7fcac4708400e3,cf0a6ec0d12d972fae6165d875a66ccac7a46aca1a48056afa01d979958db812,2026-05,2026-06,180.71,179.78,178.32,2026-06-12,linear_multipla,181.59059788812937,,2026-05,36bc958f04ad5d11.joblib,7b4bc08b19ada86fc17bcdd336fc488aa71badd090b90a8d98cb10055d49def8,cenario_proxima_competencia_sem_observacao
sinapi_es,sem_desoneracao,104264,"EMBOÇO OU MASSA ÚNICA EM ARGAMASSA TRAÇO 1:2:8, PREPARO MECÂNICO COM BETONEIRA 400 L, APLICADA COM PROJETOR TIPO CANEQUINHA EM SUPERFÍCIES EXTERNAS DA SACADA, ESPESSURA DE 50 MM, ACESSO POR ANDAIME, SEM USO DE TELA METÁLICA. AF_08/2022",Massa Única Externa,M2,928df42a952625eb12d41baf2b5ab17e1207af6e7881cb9f1c7fcac4708400e3,d0798d7b17f74379e622c88a00a5919a81fb81404319130a9cfc2dbeab48f1c2,2026-05,2026-06,143.45,143.16,140.29,2026-06-12,linear_multipla,143.93206753541028,,2026-05,36bc958f04ad5d11.joblib,7b4bc08b19ada86fc17bcdd336fc488aa71badd090b90a8d98cb10055d49def8,cenario_proxima_competencia_sem_observacao
sinapi_es,sem_desoneracao,87775,"EMBOÇO OU MASSA ÚNICA EM ARGAMASSA TRAÇO 1:2:8, PREPARO MECÂNICO COM BETONEIRA 400 L, APLICADA MANUALMENTE EM PANOS DE FACHADA COM PRESENÇA DE VÃOS, ESPESSURA DE 25 MM. AF_08/2022",Massa Única Externa,M2,928df42a952625eb12d41baf2b5ab17e1207af6e7881cb9f1c7fcac4708400e3,a2482e0370e20cf913133cb42fd58c0260fcf0b0e270bd4ec7a3d632007491f6,2026-05,2026-06,67.46,67.28,65.76,2026-06-12,linear_multipla,67.95583621309036,,2026-05,36bc958f04ad5d11.joblib,7b4bc08b19ada86fc17bcdd336fc488aa71badd090b90a8d98cb10055d49def8,cenario_proxima_competencia_sem_observacao
sinapi_es,sem_desoneracao,87777,"EMBOÇO OU MASSA ÚNICA EM ARGAMASSA TRAÇO 1:2:8, PREPARO MANUAL, APLICADA MANUALMENTE EM PANOS DE FACHADA COM PRESENÇA DE VÃOS, ESPESSURA DE 25 MM. AF_08/2022",Massa Única Externa,M2,928df42a952625eb12d41baf2b5ab17e1207af6e7881cb9f1c7fcac4708400e3,bd97c29d8898456dd47ae5e8e25a30d804249a391007a8933d37eee55a5c65a1,2026-05,2026-06,72.17,71.99,70.43,2026-06-12,linear_multipla,72.67791922595242,,2026-05,36bc958f04ad5d11.joblib,7b4bc08b19ada86fc17bcdd336fc488aa71badd090b90a8d98cb10055d49def8,cenario_proxima_competencia_sem_observacao
sinapi_es,sem_desoneracao,87778,"EMBOÇO OU MASSA ÚNICA EM ARGAMASSA INDUSTRIALIZADA, PREPARO MECÂNICO E APLICAÇÃO COM EQUIPAMENTO DE MISTURA E PROJEÇÃO DE 1,5 M3/H DE ARGAMASSA EM PANOS DE FACHADA COM PRESENÇA DE VÃOS, ESPESSURA DE 25 MM. AF_08/2022",Massa Única Externa,M2,928df42a952625eb12d41baf2b5ab17e1207af6e7881cb9f1c7fcac4708400e3,0b0c3a7b5894fe54919ed820415c811468bc75fbeb85fc72bc5101f7ef98029b,2026-05,2026-06,94.33,93.8,93.15,2026-06-12,linear_multipla,95.10055932966627,,2026-05,36bc958f04ad5d11.joblib,7b4bc08b19ada86fc17bcdd336fc488aa71badd090b90a8d98cb10055d49def8,cenario_proxima_competencia_sem_observacao
sinapi_es,sem_desoneracao,87779,"EMBOÇO OU MASSA ÚNICA EM ARGAMASSA TRAÇO 1:2:8, PREPARO MECÂNICO COM BETONEIRA 400 L, APLICADA MANUALMENTE EM PANOS DE FACHADA COM PRESENÇA DE VÃOS, ESPESSURA DE 35 MM. AF_08/2022",Massa Única Externa,M2,928df42a952625eb12d41baf2b5ab17e1207af6e7881cb9f1c7fcac4708400e3,fee997c0f0e9b244d27aefbb410ccd5f1b0f785cbb9f94c8b38f2809523f01e7,2026-05,2026-06,86.95,86.72,84.8,2026-06-12,linear_multipla,87.42331443206744,,2026-05,36bc958f04ad5d11.joblib,7b4bc08b19ada86fc17bcdd336fc488aa71badd090b90a8d98cb10055d49def8,cenario_proxima_competencia_sem_observacao
sinapi_es,sem_desoneracao,87781,"EMBOÇO OU MASSA ÚNICA EM ARGAMASSA TRAÇO 1:2:8, PREPARO MANUAL, APLICADA MANUALMENTE EM PANOS DE FACHADA COM PRESENÇA DE VÃOS, ESPESSURA DE 35 MM. AF_08/2022",Massa Única Externa,M2,928df42a952625eb12d41baf2b5ab17e1207af6e7881cb9f1c7fcac4708400e3,fe3e206393ad1aefd73c69ce7e666f81c63add4b6f8e52f80a6d79a1037cf7a3,2026-05,2026-06,93.27,93.03,91.07,2026-06-12,linear_multipla,93.76079696773101,,2026-05,36bc958f04ad5d11.joblib,7b4bc08b19ada86fc17bcdd336fc488aa71badd090b90a8d98cb10055d49def8,cenario_proxima_competencia_sem_observacao
sinapi_es,sem_desoneracao,87783,"EMBOÇO OU MASSA ÚNICA EM ARGAMASSA INDUSTRIALIZADA, PREPARO MECÂNICO E APLICAÇÃO COM EQUIPAMENTO DE MISTURA E PROJEÇÃO DE 1,5 M3/H DE ARGAMASSA EM PANOS DE FACHADA COM PRESENÇA DE VÃOS, ESPESSURA DE 35 MM. AF_08/2022",Massa Única Externa,M2,928df42a952625eb12d41baf2b5ab17e1207af6e7881cb9f1c7fcac4708400e3,a2033e6241058e6b0933cbc7cef789034b669453706981bae6476887b8c660bc,2026-05,2026-06,123.33,122.61,121.87,2026-06-12,linear_multipla,124.17211677207884,,2026-05,36bc958f04ad5d11.joblib,7b4bc08b19ada86fc17bcdd336fc488aa71badd090b90a8d98cb10055d49def8,cenario_proxima_competencia_sem_observacao
sinapi_es,sem_desoneracao,87784,"EMBOÇO OU MASSA ÚNICA EM ARGAMASSA TRAÇO 1:2:8, PREPARO MECÂNICO COM BETONEIRA 400 L, APLICADA MANUALMENTE EM PANOS DE FACHADA COM PRESENÇA DE VÃOS, ESPESSURA DE 45 MM. AF_08/2022",Massa Única Externa,M2,928df42a952625eb12d41baf2b5ab17e1207af6e7881cb9f1c7fcac4708400e3,381e85c673d7b46514d378c962992a05b76d1c808f0c9a3264fd73572e3072ed,2026-05,2026-06,94.06,93.76,91.78,2026-06-12,linear_multipla,94.53561324969851,,2026-05,36bc958f04ad5d11.joblib,7b4bc08b19ada86fc17bcdd336fc488aa71badd090b90a8d98cb10055d49def8,cenario_proxima_competencia_sem_observacao
sinapi_es,sem_desoneracao,87786,"EMBOÇO OU MASSA ÚNICA EM ARGAMASSA TRAÇO 1:2:8, PREPARO MANUAL, APLICADA MANUALMENTE EM PANOS DE FACHADA COM PRESENÇA DE VÃOS, ESPESSURA DE 45 MM. AF_08/2022",Massa Única Externa,M2,928df42a952625eb12d41baf2b5ab17e1207af6e7881cb9f1c7fcac4708400e3,1cbf777249e57bbc3a8df738f3133564af770b3584c99ed15f15c27c208a0c64,2026-05,2026-06,101.99,101.69,99.64,2026-06-12,linear_multipla,102.48526569477745,,2026-05,36bc958f04ad5d11.joblib,7b4bc08b19ada86fc17bcdd336fc488aa71badd090b90a8d98cb10055d49def8,cenario_proxima_competencia_sem_observacao
sinapi_es,sem_desoneracao,87787,"EMBOÇO OU MASSA ÚNICA EM ARGAMASSA INDUSTRIALIZADA, PREPARO MECÂNICO E APLICAÇÃO COM EQUIPAMENTO DE MISTURA E PROJEÇÃO DE 1,5 M3/H DE ARGAMASSA EM PANOS DE FACHADA COM PRESENÇA DE VÃOS, ESPESSURA DE 45 MM. AF_08/2022",Massa Única Externa,M2,928df42a952625eb12d41baf2b5ab17e1207af6e7881cb9f1c7fcac4708400e3,960f1287da09493ea7c3eb387177c29d062b086894af980944d8106901ec1cda,2026-05,2026-06,140.98,140.07,139.53,2026-06-12,linear_multipla,141.9149771178886,,2026-05,36bc958f04ad5d11.joblib,7b4bc08b19ada86fc17bcdd336fc488aa71badd090b90a8d98cb10055d49def8,cenario_proxima_competencia_sem_observacao
sinapi_es,sem_desoneracao,87788,"EMBOÇO OU MASSA ÚNICA EM ARGAMASSA TRAÇO 1:2:8, PREPARO MECÂNICO COM BETONEIRA 400 L, APLICADA MANUALMENTE EM PANOS DE FACHADA COM PRESENÇA DE VÃOS, ESPESSURA MAIOR OU IGUAL A 50 MM. AF_08/2022",Massa Única Externa,M2,928df42a952625eb12d41baf2b5ab17e1207af6e7881cb9f1c7fcac4708400e3,1905160eb839ccf739c5c34c57a79d5e28ba3b5a2545d453f2352791f0c5ca77,2026-05,2026-06,111.68,111.35,108.96,2026-06-12,linear_multipla,112.12613721702921,,2026-05,36bc958f04ad5d11.joblib,7b4bc08b19ada86fc17bcdd336fc488aa71badd090b90a8d98cb10055d49def8,cenario_proxima_competencia_sem_observacao
sinapi_es,sem_desoneracao,87791,"EMBOÇO OU MASSA ÚNICA EM ARGAMASSA INDUSTRIALIZADA, PREPARO MECÂNICO E APLICAÇÃO COM EQUIPAMENTO DE MISTURA E PROJEÇÃO DE 1,5 M3/H DE ARGAMASSA EM PANOS DE FACHADA COM PRESENÇA DE VÃOS, ESPESSURA MAIOR OU IGUAL A 50 MM. AF_08/2022",Massa Única Externa,M2,928df42a952625eb12d41baf2b5ab17e1207af6e7881cb9f1c7fcac4708400e3,3b9427ad914d08d6e3ef05a389b47f99c4c3c4b77ef0ed7ca014831ab33dfb69,2026-05,2026-06,155.53,154.54,153.92,2026-06-12,linear_multipla,156.49531720576982,,2026-05,36bc958f04ad5d11.joblib,7b4bc08b19ada86fc17bcdd336fc488aa71badd090b90a8d98cb10055d49def8,cenario_proxima_competencia_sem_observacao
sinapi_es,sem_desoneracao,87792,"EMBOÇO OU MASSA ÚNICA EM ARGAMASSA TRAÇO 1:2:8, PREPARO MECÂNICO COM BETONEIRA 400 L, APLICADA MANUALMENTE EM PANOS CEGOS DE FACHADA (SEM PRESENÇA DE VÃOS), ESPESSURA DE 25 MM. AF_08/2022",Massa Única Externa,M2,928df42a952625eb12d41baf2b5ab17e1207af6e7881cb9f1c7fcac4708400e3,9e321dc8723a00d7dbe464f4f2a7df8663a08c1c48c614ba21bab05d0b4fbb9e,2026-05,2026-06,48.75,48.57,47.54,2026-06-12,linear_multipla,49.28406445565208,,2026-05,36bc958f04ad5d11.joblib,7b4bc08b19ada86fc17bcdd336fc488aa71badd090b90a8d98cb10055d49def8,cenario_proxima_competencia_sem_observacao
sinapi_es,sem_desoneracao,87794,"EMBOÇO OU MASSA ÚNICA EM ARGAMASSA TRAÇO 1:2:8, PREPARO MANUAL, APLICADA MANUALMENTE EM PANOS CEGOS DE FACHADA (SEM PRESENÇA DE VÃOS), ESPESSURA DE 25 MM. AF_09/2022",Massa Única Externa,M2,928df42a952625eb12d41baf2b5ab17e1207af6e7881cb9f1c7fcac4708400e3,d399cf2279360bc468565101dbf864ab0d076df5f9fced96cfd73b4763558cf2,2026-05,2026-06,53.15,52.97,51.9,2026-06-12,linear_multipla,53.694666583703935,,2026-05,36bc958f04ad5d11.joblib,7b4bc08b19ada86fc17bcdd336fc488aa71badd090b90a8d98cb10055d49def8,cenario_proxima_competencia_sem_observacao
sinapi_es,sem_desoneracao,87795,"EMBOÇO OU MASSA ÚNICA EM ARGAMASSA INDUSTRIALIZADA, PREPARO MECÂNICO E APLICAÇÃO COM EQUIPAMENTO DE MISTURA E PROJEÇÃO DE 1,5 M3/H DE ARGAMASSA EM PANOS CEGOS DE FACHADA (SEM PRESENÇA DE VÃOS), ESPESSURA DE 25 MM. AF_08/2022",Massa Única Externa,M2,928df42a952625eb12d41baf2b5ab17e1207af6e7881cb9f1c7fcac4708400e3,e69315ace1becb8f4d658843ad86cf6cf2725a5538eda8e048fcc104b22621a4,2026-05,2026-06,75.19,74.68,74.43,2026-06-12,linear_multipla,75.97787850506244,,2026-05,36bc958f04ad5d11.joblib,7b4bc08b19ada86fc17bcdd336fc488aa71badd090b90a8d98cb10055d49def8,cenario_proxima_competencia_sem_observacao
sinapi_es,sem_desoneracao,87797,"EMBOÇO OU MASSA ÚNICA EM ARGAMASSA TRAÇO 1:2:8, PREPARO MECÂNICO COM BETONEIRA 400 L, APLICADA MANUALMENTE EM PANOS CEGOS DE FACHADA (SEM PRESENÇA DE VÃOS), ESPESSURA DE 35 MM. AF_08/2022",Massa Única Externa,M2,928df42a952625eb12d41baf2b5ab17e1207af6e7881cb9f1c7fcac4708400e3,44f594747e7646bb59ffd54cd7b80ab5db502332c1138702c8b5df8bf142e0ce,2026-05,2026-06,67.86,67.63,66.19,2026-06-12,linear_multipla,68.36712317593535,,2026-05,36bc958f04ad5d11.joblib,7b4bc08b19ada86fc17bcdd336fc488aa71badd090b90a8d98cb10055d49def8,cenario_proxima_competencia_sem_observacao
sinapi_es,sem_desoneracao,87799,"EMBOÇO OU MASSA ÚNICA EM ARGAMASSA TRAÇO 1:2:8, PREPARO MANUAL, APLICADA MANUALMENTE EM PANOS CEGOS DE FACHADA (SEM PRESENÇA DE VÃOS), ESPESSURA DE 35 MM. AF_08/2022",Massa Única Externa,M2,928df42a952625eb12d41baf2b5ab17e1207af6e7881cb9f1c7fcac4708400e3,916cfcc7edb83aef2493b856db6f616b766c956fea5c2ab53a725ae032ca7ca3,2026-05,2026-06,73.76,73.53,72.04,2026-06-12,linear_multipla,74.28228665511011,,2026-05,36bc958f04ad5d11.joblib,7b4bc08b19ada86fc17bcdd336fc488aa71badd090b90a8d98cb10055d49def8,cenario_proxima_competencia_sem_observacao
sinapi_es,sem_desoneracao,87800,"EMBOÇO OU MASSA ÚNICA EM ARGAMASSA INDUSTRIALIZADA, PREPARO MECÂNICO E APLICAÇÃO COM EQUIPAMENTO DE MISTURA E PROJEÇÃO DE 1,5 M3/H DE ARGAMASSA EM PANOS CEGOS DE FACHADA (SEM PRESENÇA DE VÃOS), ESPESSURA DE 35 MM. AF_08/2022",Massa Única Externa,M2,928df42a952625eb12d41baf2b5ab17e1207af6e7881cb9f1c7fcac4708400e3,a370a37326e956ba6e8ca53f7d8e3ba2e85c1df19cda6af48093411859f8f437,2026-05,2026-06,102.97,102.29,101.91,2026-06-12,linear_multipla,103.81777411526419,,2026-05,36bc958f04ad5d11.joblib,7b4bc08b19ada86fc17bcdd336fc488aa71badd090b90a8d98cb10055d49def8,cenario_proxima_competencia_sem_observacao
sinapi_es,sem_desoneracao,87801,"EMBOÇO OU MASSA ÚNICA EM ARGAMASSA TRAÇO 1:2:8, PREPARO MECÂNICO COM BETONEIRA 400 L, APLICADA MANUALMENTE EM PANOS CEGOS DE FACHADA (SEM PRESENÇA DE VÃOS), ESPESSURA DE 45 MM. AF_08/2022",Massa Única Externa,M2,928df42a952625eb12d41baf2b5ab17e1207af6e7881cb9f1c7fcac4708400e3,7ce9df82954bda316e87553eb46aae5ebb0382e476d169b9efe77f8545250bc0,2026-05,2026-06,74.51,74.22,72.72,2026-06-12,linear_multipla,75.01951607570597,,2026-05,36bc958f04ad5d11.joblib,7b4bc08b19ada86fc17bcdd336fc488aa71badd090b90a8d98cb10055d49def8,cenario_proxima_competencia_sem_observacao
sinapi_es,sem_desoneracao,87803,"EMBOÇO OU MASSA ÚNICA EM ARGAMASSA TRAÇO 1:2:8, PREPARO MANUAL, APLICADA MANUALMENTE EM PANOS CEGOS DE FACHADA (SEM PRESENÇA DE VÃOS), ESPESSURA DE 45 MM. AF_08/2022",Massa Única Externa,M2,928df42a952625eb12d41baf2b5ab17e1207af6e7881cb9f1c7fcac4708400e3,00c08c41f8a0f0289858af7c4631e0e58324c2b83d3fe75963d5d74908027eda,2026-05,2026-06,81.91,81.62,80.06,2026-06-12,linear_multipla,82.43924090600362,,2026-05,36bc958f04ad5d11.joblib,7b4bc08b19ada86fc17bcdd336fc488aa71badd090b90a8d98cb10055d49def8,cenario_proxima_competencia_sem_observacao
sinapi_es,sem_desoneracao,87804,"EMBOÇO OU MASSA ÚNICA EM ARGAMASSA INDUSTRIALIZADA, PREPARO MECÂNICO E APLICAÇÃO COM EQUIPAMENTO DE MISTURA E PROJEÇÃO DE 1,5 M3/H DE ARGAMASSA EM PANOS CEGOS DE FACHADA (SEM PRESENÇA DE VÃOS), ESPESSURA DE 45 MM. AF_08/2022",Massa Única Externa,M2,928df42a952625eb12d41baf2b5ab17e1207af6e7881cb9f1c7fcac4708400e3,6f69b14488e1769d861c075b4ef47d6612b2dbb9a2f40ece3c587746969c5559,2026-05,2026-06,119.47,118.61,118.42,2026-06-12,linear_multipla,120.40482815970948,,2026-05,36bc958f04ad5d11.joblib,7b4bc08b19ada86fc17bcdd336fc488aa71badd090b90a8d98cb10055d49def8,cenario_proxima_competencia_sem_observacao
sinapi_es,sem_desoneracao,87805,"EMBOÇO OU MASSA ÚNICA EM ARGAMASSA TRAÇO 1:2:8, PREPARO MECÂNICO COM BETONEIRA 400 L, APLICADA MANUALMENTE EM PANOS CEGOS DE FACHADA (SEM PRESENÇA DE VÃOS), ESPESSURA MAIOR OU IGUAL A 50 MM. AF_08/2022",Massa Única Externa,M2,928df42a952625eb12d41baf2b5ab17e1207af6e7881cb9f1c7fcac4708400e3,5ecb8cf4d193ddcfde1e94c7d420805ec2b33cb75ae616fdbe148e6c2198d697,2026-05,2026-06,81.41,81.09,79.47,2026-06-12,linear_multipla,81.91435248653202,,2026-05,36bc958f04ad5d11.joblib,7b4bc08b19ada86fc17bcdd336fc488aa71badd090b90a8d98cb10055d49def8,cenario_proxima_competencia_sem_observacao
sinapi_es,sem_desoneracao,87807,"EMBOÇO OU MASSA ÚNICA EM ARGAMASSA TRAÇO 1:2:8, PREPARO MANUAL, APLICADA MANUALMENTE EM PANOS CEGOS DE FACHADA (SEM PRESENÇA DE VÃOS), ESPESSURA MAIOR OU IGUAL A 50 MM. AF_08/2022",Massa Única Externa,M2,928df42a952625eb12d41baf2b5ab17e1207af6e7881cb9f1c7fcac4708400e3,3203e854774dded8487b260f6c5bb6f208bbd83df97a9e5a5af43a8042a99855,2026-05,2026-06,89.56,89.24,87.56,2026-06-12,linear_multipla,90.08766010266082,,2026-05,36bc958f04ad5d11.joblib,7b4bc08b19ada86fc17bcdd336fc488aa71badd090b90a8d98cb10055d49def8,cenario_proxima_competencia_sem_observacao
sinapi_es,sem_desoneracao,87808,"EMBOÇO OU MASSA ÚNICA EM ARGAMASSA INDUSTRIALIZADA, PREPARO MECÂNICO E APLICAÇÃO COM EQUIPAMENTO DE MISTURA E PROJEÇÃO DE 1,5 M3/H DE ARGAMASSA EM PANOS CEGOS DE FACHADA (SEM PRESENÇA DE VÃOS), ESPESSURA MAIOR OU IGUAL A 50 MM. AF_08/2022",Massa Única Externa,M2,928df42a952625eb12d41baf2b5ab17e1207af6e7881cb9f1c7fcac4708400e3,9f56c16fb0c3dc5d998a714938159273a81aea8025b11be7bd3ceb80c9a4cd3b,2026-05,2026-06,126.8,125.86,125.79,2026-06-12,linear_multipla,127.7827623734437,,2026-05,36bc958f04ad5d11.joblib,7b4bc08b19ada86fc17bcdd336fc488aa71badd090b90a8d98cb10055d49def8,cenario_proxima_competencia_sem_observacao
sinapi_es,sem_desoneracao,87809,"EMBOÇO OU MASSA ÚNICA EM ARGAMASSA TRAÇO 1:2:8, PREPARO MECÂNICO COM BETONEIRA 400 L, APLICADA MANUALMENTE EM SUPERFÍCIES EXTERNAS DA SACADA, ESPESSURA DE 25 MM, SEM USO DE TELA METÁLICA DE REFORÇO CONTRA FISSURAÇÃO. AF_08/2022",Massa Única Externa,M2,928df42a952625eb12d41baf2b5ab17e1207af6e7881cb9f1c7fcac4708400e3,61298ad455b49d2357db2b60acda10fa387314a5a2b797ed50169e64246f1177,2026-05,2026-06,98.8,98.63,96.32,2026-06-12,linear_multipla,99.24210699185987,,2026-05,36bc958f04ad5d11.joblib,7b4bc08b19ada86fc17bcdd336fc488aa71badd090b90a8d98cb10055d49def8,cenario_proxima_competencia_sem_observacao
sinapi_es,sem_desoneracao,87811,"EMBOÇO OU MASSA ÚNICA EM ARGAMASSA TRAÇO 1:2:8, PREPARO MANUAL, APLICADA MANUALMENTE EM SUPERFÍCIES EXTERNAS DA SACADA, ESPESSURA DE 25 MM, SEM USO DE TELA METÁLICA DE REFORÇO CONTRA FISSURAÇÃO. AF_08/2022",Massa Única Externa,M2,928df42a952625eb12d41baf2b5ab17e1207af6e7881cb9f1c7fcac4708400e3,d79d3c1d073273df2c1498b2c4952c46dbf2e7dc1b7917b5bb7344048fc10d61,2026-05,2026-06,103.2,103.03,100.68,2026-06-12,linear_multipla,103.65270911991173,,2026-05,36bc958f04ad5d11.joblib,7b4bc08b19ada86fc17bcdd336fc488aa71badd090b90a8d98cb10055d49def8,cenario_proxima_competencia_sem_observacao
sinapi_es,sem_desoneracao,87812,"EMBOÇO OU MASSA ÚNICA EM ARGAMASSA INDUSTRIALIZADA, PREPARO MECÂNICO E APLICAÇÃO COM EQUIPAMENTO DE MISTURA E PROJEÇÃO DE 1,5 M3/H EM SUPERFÍCIES EXTERNAS DA SACADA, ESPESSURA 25 MM, SEM USO DE TELA METÁLICA. AF_08/2022",Massa Única Externa,M2,928df42a952625eb12d41baf2b5ab17e1207af6e7881cb9f1c7fcac4708400e3,34246ee33f6ddc025f996a0cac9c47bdf5431d13111a2ab5b3dee1c817172d2f,2026-05,2026-06,120.43,119.93,118.52,2026-06-12,linear_multipla,121.13419408794564,,2026-05,36bc958f04ad5d11.joblib,7b4bc08b19ada86fc17bcdd336fc488aa71badd090b90a8d98cb10055d49def8,cenario_proxima_competencia_sem_observacao
sinapi_es,sem_desoneracao,87813,"EMBOÇO OU MASSA ÚNICA EM ARGAMASSA TRAÇO 1:2:8, PREPARO MECÂNICO COM BETONEIRA 400 L, APLICADA MANUALMENTE EM SUPERFÍCIES EXTERNAS DA SACADA, ESPESSURA DE 35 MM, SEM USO DE TELA METÁLICA DE REFORÇO CONTRA FISSURAÇÃO. AF_08/2022",Massa Única Externa,M2,928df42a952625eb12d41baf2b5ab17e1207af6e7881cb9f1c7fcac4708400e3,fc48aab019bd28d1a5f34cbb6943a7007cea22d2af3f24c5796059f31dd5392e,2026-05,2026-06,117.92,117.7,114.98,2026-06-12,linear_multipla,118.33521348262089,,2026-05,36bc958f04ad5d11.joblib,7b4bc08b19ada86fc17bcdd336fc488aa71badd090b90a8d98cb10055d49def8,cenario_proxima_competencia_sem_observacao
sinapi_es,sem_desoneracao,87815,"EMBOÇO OU MASSA ÚNICA EM ARGAMASSA TRAÇO 1:2:8, PREPARO MANUAL, APLICADA MANUALMENTE EM SUPERFÍCIES EXTERNAS DA SACADA, ESPESSURA DE 35 MM, SEM USO DE TELA METÁLICA DE REFORÇO CONTRA FISSURAÇÃO. AF_08/2022",Massa Única Externa,M2,928df42a952625eb12d41baf2b5ab17e1207af6e7881cb9f1c7fcac4708400e3,809e898405ffd57bc8a3b5c96755d1995152f55d7b0555c127504de06ce768e1,2026-05,2026-06,123.82,123.6,120.83,2026-06-12,linear_multipla,124.25037696179564,,2026-05,36bc958f04ad5d11.joblib,7b4bc08b19ada86fc17bcdd336fc488aa71badd090b90a8d98cb10055d49def8,cenario_proxima_competencia_sem_observacao
sinapi_es,sem_desoneracao,87816,"EMBOÇO OU MASSA ÚNICA EM ARGAMASSA INDUSTRIALIZADA, PREPARO MECÂNICO E APLICAÇÃO COM EQUIPAMENTO DE MISTURA E PROJEÇÃO DE 1,5 M3/H EM SUPERFÍCIES EXTERNAS DA SACADA, ESPESSURA 35 MM, SEM USO DE TELA METÁLICA. AF_08/2022",Massa Única Externa,M2,928df42a952625eb12d41baf2b5ab17e1207af6e7881cb9f1c7fcac4708400e3,c82127c23ce52cf6c6b8779e44171e227a5e35074f0b3b2a231837e430a95919,2026-05,2026-06,148.27,147.6,146.07,2026-06-12,linear_multipla,149.03698054155325,,2026-05,36bc958f04ad5d11.joblib,7b4bc08b19ada86fc17bcdd336fc488aa71badd090b90a8d98cb10055d49def8,cenario_proxima_competencia_sem_observacao
sinapi_es,sem_desoneracao,87817,"EMBOÇO OU MASSA ÚNICA EM ARGAMASSA TRAÇO 1:2:8, PREPARO MECÂNICO COM BETONEIRA 400 L, APLICADA MANUALMENTE EM SUPERFÍCIES EXTERNAS DA SACADA, ESPESSURA DE 45 MM, SEM USO DE TELA METÁLICA DE REFORÇO CONTRA FISSURAÇÃO. AF_08/2022",Massa Única Externa,M2,928df42a952625eb12d41baf2b5ab17e1207af6e7881cb9f1c7fcac4708400e3,6b51f0076a63f4b57f5968c1b7d83158d47ad14510d48b2f44e9500a9864ea4a,2026-05,2026-06,124.57,124.29,121.51,2026-06-12,linear_multipla,124.9876063823915,,2026-05,36bc958f04ad5d11.joblib,7b4bc08b19ada86fc17bcdd336fc488aa71badd090b90a8d98cb10055d49def8,cenario_proxima_competencia_sem_observacao
sinapi_es,sem_desoneracao,87819,"EMBOÇO OU MASSA ÚNICA EM ARGAMASSA TRAÇO 1:2:8, PREPARO MANUAL, APLICADA MANUALMENTE EM SUPERFÍCIES EXTERNAS DA SACADA, ESPESSURA DE 45 MM, SEM USO DE TELA METÁLICA DE REFORÇO CONTRA FISSURAÇÃO. AF_08/2022",Massa Única Externa,M2,928df42a952625eb12d41baf2b5ab17e1207af6e7881cb9f1c7fcac4708400e3,33278bfffb148e3076e2fc99153ba3f0332d2d55d5d76709eb9414f21e05c05b,2026-05,2026-06,131.97,131.69,128.85,2026-06-12,linear_multipla,132.40733121268914,,2026-05,36bc958f04ad5d11.joblib,7b4bc08b19ada86fc17bcdd336fc488aa71badd090b90a8d98cb10055d49def8,cenario_proxima_competencia_sem_observacao
sinapi_es,sem_desoneracao,87820,"EMBOÇO OU MASSA ÚNICA EM ARGAMASSA INDUSTRIALIZADA, PREPARO MECÂNICO E APLICAÇÃO COM EQUIPAMENTO DE MISTURA E PROJEÇÃO DE 1,5 M3/H EM SUPERFÍCIES EXTERNAS DA SACADA, ESPESSURA 45 MM, SEM USO DE TELA METÁLICA. AF_08/2022",Massa Única Externa,M2,928df42a952625eb12d41baf2b5ab17e1207af6e7881cb9f1c7fcac4708400e3,63c130e848a53e4bf2a0db8391766b220a0cdfc35baf569417efa0c13d1d7bea,2026-05,2026-06,164.77,163.92,162.58,2026-06-12,linear_multipla,165.62403458599857,,2026-05,36bc958f04ad5d11.joblib,7b4bc08b19ada86fc17bcdd336fc488aa71badd090b90a8d98cb10055d49def8,cenario_proxima_competencia_sem_observacao
sinapi_es,sem_desoneracao,87821,"EMBOÇO OU MASSA ÚNICA EM ARGAMASSA TRAÇO 1:2:8, PREPARO MECÂNICO COM BETONEIRA 400 L, APLICADA MANUALMENTE EM SUPERFÍCIES EXTERNAS DA SACADA, ESPESSURA MAIOR OU IGUAL A 50 MM, SEM USO DE TELA METÁLICA DE REFORÇO CONTRA FISSURAÇÃO. AF_08/2022",Massa Única Externa,M2,928df42a952625eb12d41baf2b5ab17e1207af6e7881cb9f1c7fcac4708400e3,f63cbc44732c9aee8ab5d9ee0a9c0d9e98ece2656c4eb3b7704a5c61f4138e0b,2026-05,2026-06,162.92,162.61,158.86,2026-06-12,linear_multipla,163.26132219989012,,2026-05,36bc958f04ad5d11.joblib,7b4bc08b19ada86fc17bcdd336fc488aa71badd090b90a8d98cb10055d49def8,cenario_proxima_competencia_sem_observacao
sinapi_es,sem_desoneracao,87823,"EMBOÇO OU MASSA ÚNICA EM ARGAMASSA TRAÇO 1:2:8, PREPARO MANUAL, APLICADA MANUALMENTE EM SUPERFÍCIES EXTERNAS DA SACADA, ESPESSURA MAIOR OU IGUAL A 50 MM, SEM USO DE TELA METÁLICA DE REFORÇO CONTRA FISSURAÇÃO. AF_08/2022",Massa Única Externa,M2,928df42a952625eb12d41baf2b5ab17e1207af6e7881cb9f1c7fcac4708400e3,9f895372f655ede29491f2ecdf9e73b68791751c07de5385d8301acffa9b15a4,2026-05,2026-06,171.07,170.76,166.95,2026-06-12,linear_multipla,171.43462981601886,,2026-05,36bc958f04ad5d11.joblib,7b4bc08b19ada86fc17bcdd336fc488aa71badd090b90a8d98cb10055d49def8,cenario_proxima_competencia_sem_observacao
sinapi_es,sem_desoneracao,87824,"EMBOÇO OU MASSA ÚNICA EM ARGAMASSA INDUSTRIALIZADA, PREPARO MECÂNICO E APLICAÇÃO COM EQUIPAMENTO DE MISTURA E PROJEÇÃO DE 1,5 M3/H EM SUPERFÍCIES EXTERNAS DA SACADA, ESPESSURA MAIOR OU IGUAL A 50 MM, SEM USO DE TELA METÁLICA. AF_08/2022",Massa Única Externa,M2,928df42a952625eb12d41baf2b5ab17e1207af6e7881cb9f1c7fcac4708400e3,e57c17c60772b51d1534db6c1b1970b79798015dea7b98d579886116f89443e4,2026-05,2026-06,192.45,191.52,189.75,2026-06-12,linear_multipla,193.30594959228557,,2026-05,36bc958f04ad5d11.joblib,7b4bc08b19ada86fc17bcdd336fc488aa71badd090b90a8d98cb10055d49def8,cenario_proxima_competencia_sem_observacao
sinapi_es,sem_desoneracao,87825,"EMBOÇO OU MASSA ÚNICA EM ARGAMASSA TRAÇO 1:2:8, PREPARO MECÂNICO COM BETONEIRA 400 L, APLICADA MANUALMENTE NAS PAREDES INTERNAS DA SACADA, ESPESSURA DE 25 MM, SEM USO DE TELA METÁLICA DE REFORÇO CONTRA FISSURAÇÃO. AF_08/2022",Massa Única Externa,M2,928df42a952625eb12d41baf2b5ab17e1207af6e7881cb9f1c7fcac4708400e3,17d95b879c8a1a9fd293bb252adb49833af342814c0c8bc32dfcbe00d26fdd2f,2026-05,2026-06,91.52,91.31,89.26,2026-06-12,linear_multipla,91.98587372161866,,2026-05,36bc958f04ad5d11.joblib,7b4bc08b19ada86fc17bcdd336fc488aa71badd090b90a8d98cb10055d49def8,cenario_proxima_competencia_sem_observacao
sinapi_es,sem_desoneracao,87827,"EMBOÇO OU MASSA ÚNICA EM ARGAMASSA TRAÇO 1:2:8, PREPARO MANUAL, APLICADA MANUALMENTE NAS PAREDES INTERNAS DA SACADA, ESPESSURA DE 25 MM, SEM USO DE TELA METÁLICA DE REFORÇO CONTRA FISSURAÇÃO. AF_08/2022",Massa Única Externa,M2,928df42a952625eb12d41baf2b5ab17e1207af6e7881cb9f1c7fcac4708400e3,efbed24483e0fd8dae2a4ed3b9024db29574b8b75bb141999dce1bebcb367422,2026-05,2026-06,96.9,96.7,94.61,2026-06-12,linear_multipla,97.38344888060584,,2026-05,36bc958f04ad5d11.joblib,7b4bc08b19ada86fc17bcdd336fc488aa71badd090b90a8d98cb10055d49def8,cenario_proxima_competencia_sem_observacao
sinapi_es,sem_desoneracao,87828,"EMBOÇO OU MASSA ÚNICA EM ARGAMASSA INDUSTRIALIZADA, PREPARO MECÂNICO E APLICAÇÃO COM EQUIPAMENTO DE MISTURA E PROJEÇÃO DE 1,5 M3/H NAS PAREDES INTERNAS DA SACADA, ESPESSURA 25 MM, SEM USO DE TELA METÁLICA. AF_08/2022",Massa Única Externa,M2,928df42a952625eb12d41baf2b5ab17e1207af6e7881cb9f1c7fcac4708400e3,d0852c0ede59029a69aa6457835ef9c8b3d9710475e36f5ac372a3f946b77ff0,2026-05,2026-06,120.8,120.18,119.18,2026-06-12,linear_multipla,121.5852363483447,,2026-05,36bc958f04ad5d11.joblib,7b4bc08b19ada86fc17bcdd336fc488aa71badd090b90a8d98cb10055d49def8,cenario_proxima_competencia_sem_observacao
sinapi_es,sem_desoneracao,87829,"EMBOÇO OU MASSA ÚNICA EM ARGAMASSA TRAÇO 1:2:8, PREPARO MECÂNICO COM BETONEIRA 400 L, APLICADA MANUALMENTE NAS PAREDES INTERNAS DA SACADA, ESPESSURA DE 35 MM, SEM USO DE TELA METÁLICA DE REFORÇO CONTRA FISSURAÇÃO. AF_08/2022",Massa Única Externa,M2,928df42a952625eb12d41baf2b5ab17e1207af6e7881cb9f1c7fcac4708400e3,c7c8461c01fcf4501cccd715c086f5404a9a47a63158d91e15b76e67fb09db7d,2026-05,2026-06,110.25,109.98,107.57,2026-06-12,linear_multipla,110.69784674232835,,2026-05,36bc958f04ad5d11.joblib,7b4bc08b19ada86fc17bcdd336fc488aa71badd090b90a8d98cb10055d49def8,cenario_proxima_competencia_sem_observacao
sinapi_es,sem_desoneracao,87831,"EMBOÇO OU MASSA ÚNICA EM ARGAMASSA TRAÇO 1:2:8, PREPARO MANUAL, APLICADA MANUALMENTE NAS PAREDES INTERNAS DA SACADA, ESPESSURA DE 35 MM, SEM USO DE TELA METÁLICA DE REFORÇO CONTRA FISSURAÇÃO. AF_08/2022",Massa Única Externa,M2,928df42a952625eb12d41baf2b5ab17e1207af6e7881cb9f1c7fcac4708400e3,af99b133dfdeef5b13e6ea1e81368a1a82c50f6f92447ce31f11740a1f04cc36,2026-05,2026-06,117.47,117.2,114.74,2026-06-12,linear_multipla,117.93931592456589,,2026-05,36bc958f04ad5d11.joblib,7b4bc08b19ada86fc17bcdd336fc488aa71badd090b90a8d98cb10055d49def8,cenario_proxima_competencia_sem_observacao
sinapi_es,sem_desoneracao,87832,"EMBOÇO OU MASSA ÚNICA EM ARGAMASSA INDUSTRIALIZADA, PREPARO MECÂNICO E APLICAÇÃO COM EQUIPAMENTO DE MISTURA E PROJEÇÃO DE 1,5 M3/H DE ARGAMASSA NAS PAREDES INTERNAS DA SACADA, ESPESSURA 35 MM, SEM USO DE TELA METÁLICA. AF_08/2022",Massa Única Externa,M2,928df42a952625eb12d41baf2b5ab17e1207af6e7881cb9f1c7fcac4708400e3,42cd64d67ad0c7c2b04d4142e14eb0818f583079e3fa217e213dd4dfb31ca71c,2026-05,2026-06,150.58,149.75,148.72,2026-06-12,linear_multipla,151.45156216302593,,2026-05,36bc958f04ad5d11.joblib,7b4bc08b19ada86fc17bcdd336fc488aa71badd090b90a8d98cb10055d49def8,cenario_proxima_competencia_sem_observacao
sinapi_es,sem_desoneracao,104203,"EMBOÇO OU MASSA ÚNICA EM ARGAMASSA TRAÇO 1:2:8, PREPARO MECÂNICA COM BETONEIRA 400 L, APLICADA COM PROJETOR TIPO CANEQUINHA EM PANOS DE FACHADA COM PRESENÇA DE VÃOS, ESPESSURA DE 25 MM, ACESSO POR BALANCIM MANUAL. AF_08/2022",Massa Única Externa,M2,928df42a952625eb12d41baf2b5ab17e1207af6e7881cb9f1c7fcac4708400e3,8bc796eaec64c280ee4d546ea73593ec3524989bf1d400b6788c7c7d004817ab,2026-05,2026-06,70.79,70.62,69.17,2026-06-12,persistencia,70.79,,2026-05,,7b4bc08b19ada86fc17bcdd336fc488aa71badd090b90a8d98cb10055d49def8,cenario_proxima_competencia_sem_observacao
sinapi_es,sem_desoneracao,104204,"EMBOÇO OU MASSA ÚNICA EM ARGAMASSA TRAÇO 1:2:8, PREPARO MECÂNICA COM BETONEIRA 400 L, APLICADA COM PROJETOR TIPO CANEQUINHA EM PANOS DE FACHADA COM PRESENÇA DE VÃOS, ESPESSURA DE 35 MM, ACESSO POR BALANCIM MANUAL. AF_08/2022",Massa Única Externa,M2,928df42a952625eb12d41baf2b5ab17e1207af6e7881cb9f1c7fcac4708400e3,79174f7a8ea7a1ccb3a913125b3595f76471c85f19daea7622b3ce429ef90a85,2026-05,2026-06,91.53,91.32,89.48,2026-06-12,persistencia,91.53,,2026-05,,7b4bc08b19ada86fc17bcdd336fc488aa71badd090b90a8d98cb10055d49def8,cenario_proxima_competencia_sem_observacao
sinapi_es,sem_desoneracao,104205,"EMBOÇO OU MASSA ÚNICA EM ARGAMASSA TRAÇO 1:2:8, PREPARO MECÂNICA COM BETONEIRA 400 L, APLICADA COM PROJETOR TIPO CANEQUINHA EM PANOS DE FACHADA COM PRESENÇA DE VÃOS, ESPESSURA DE 45 MM, ACESSO POR BALANCIM MANUAL. AF_08/2022",Massa Única Externa,M2,928df42a952625eb12d41baf2b5ab17e1207af6e7881cb9f1c7fcac4708400e3,1d9380a2b9261bfeec65a5b082db7a29ef1fc1095d309fb31d32cdfcbc1327b8,2026-05,2026-06,99.4,99.11,97.21,2026-06-12,persistencia,99.4,,2026-05,,7b4bc08b19ada86fc17bcdd336fc488aa71badd090b90a8d98cb10055d49def8,cenario_proxima_competencia_sem_observacao
sinapi_es,sem_desoneracao,104206,"EMBOÇO OU MASSA ÚNICA EM ARGAMASSA TRAÇO 1:2:8, PREPARO MECÂNICA COM BETONEIRA 400 L, APLICADA COM PROJETOR TIPO CANEQUINHA EM PANOS DE FACHADA COM PRESENÇA DE VÃOS, ESPESSURA DE 50 MM, ACESSO POR BALANCIM MANUAL. AF_08/2022",Massa Única Externa,M2,928df42a952625eb12d41baf2b5ab17e1207af6e7881cb9f1c7fcac4708400e3,2bdbc4b215325838b97633add1603eaf9466ddafbbfb8d55bbbae2943cd721d1,2026-05,2026-06,109.89,109.58,107.47,2026-06-12,persistencia,109.89,,2026-05,,7b4bc08b19ada86fc17bcdd336fc488aa71badd090b90a8d98cb10055d49def8,cenario_proxima_competencia_sem_observacao
sinapi_es,sem_desoneracao,104207,"EMBOÇO OU MASSA ÚNICA EM ARGAMASSA TRAÇO 1:2:8, PREPARO MECÂNICA COM BETONEIRA 400 L, APLICADA COM PROJETOR TIPO CANEQUINHA EM PANOS DE FACHADA SEM PRESENÇA DE VÃOS, ESPESSURA DE 25 MM, ACESSO POR BALANCIM MANUAL. AF_08/2022",Massa Única Externa,M2,928df42a952625eb12d41baf2b5ab17e1207af6e7881cb9f1c7fcac4708400e3,8dcfa4b1b47644ba39dbd8515e2f45cc8efe5970e29fa0931552dbcf081dc224,2026-05,2026-06,51.52,51.35,50.35,2026-06-12,persistencia,51.52,,2026-05,,7b4bc08b19ada86fc17bcdd336fc488aa71badd090b90a8d98cb10055d49def8,cenario_proxima_competencia_sem_observacao
sinapi_es,sem_desoneracao,104208,"EMBOÇO OU MASSA ÚNICA EM ARGAMASSA TRAÇO 1:2:8, PREPARO MECÂNICA COM BETONEIRA 400 L, APLICADA COM PROJETOR TIPO CANEQUINHA EM PANOS DE FACHADA SEM PRESENÇA DE VÃOS, ESPESSURA DE 35 MM, ACESSO POR BALANCIM MANUAL. AF_08/2022",Massa Única Externa,M2,928df42a952625eb12d41baf2b5ab17e1207af6e7881cb9f1c7fcac4708400e3,cd73eba0a867df8eb9feb58aa8974c17195931ae664f9f37c3dd6a28014ff9a3,2026-05,2026-06,71.74,71.53,70.13,2026-06-12,persistencia,71.74,,2026-05,,7b4bc08b19ada86fc17bcdd336fc488aa71badd090b90a8d98cb10055d49def8,cenario_proxima_competencia_sem_observacao
sinapi_es,sem_desoneracao,104209,"EMBOÇO OU MASSA ÚNICA EM ARGAMASSA TRAÇO 1:2:8, PREPARO MECÂNICA COM BETONEIRA 400 L, APLICADA COM PROJETOR TIPO CANEQUINHA EM PANOS DE FACHADA SEM PRESENÇA DE VÃOS, ESPESSURA DE 45 MM, ACESSO POR BALANCIM MANUAL. AF_08/2022",Massa Única Externa,M2,928df42a952625eb12d41baf2b5ab17e1207af6e7881cb9f1c7fcac4708400e3,3c8cbc4f51a4ec9a022ab15cb203aae0612a6284f192fe46d248ccdbb66add69,2026-05,2026-06,79.14,78.86,77.4,2026-06-12,persistencia,79.14,,2026-05,,7b4bc08b19ada86fc17bcdd336fc488aa71badd090b90a8d98cb10055d49def8,cenario_proxima_competencia_sem_observacao
sinapi_es,sem_desoneracao,104210,"EMBOÇO OU MASSA ÚNICA EM ARGAMASSA TRAÇO 1:2:8, PREPARO MECÂNICA COM BETONEIRA 400 L, APLICADA COM PROJETOR TIPO CANEQUINHA EM PANOS DE FACHADA SEM PRESENÇA DE VÃOS, ESPESSURA DE 50 MM, ACESSO POR BALANCIM MANUAL. AF_08/2022",Massa Única Externa,M2,928df42a952625eb12d41baf2b5ab17e1207af6e7881cb9f1c7fcac4708400e3,ceda5db759f9dd5a6557f4277d78c8e4301eb72eca597cd832d2cf7a4209e445,2026-05,2026-06,81.79,81.49,80.01,2026-06-12,persistencia,81.79,,2026-05,,7b4bc08b19ada86fc17bcdd336fc488aa71badd090b90a8d98cb10055d49def8,cenario_proxima_competencia_sem_observacao
sinapi_es,sem_desoneracao,104211,"EMBOÇO OU MASSA ÚNICA EM ARGAMASSA TRAÇO 1:2:8, PREPARO MECÂNICA COM BETONEIRA 400 L, APLICADA COM PROJETOR TIPO CANEQUINHA EM SUPERFÍCIES EXTERNAS DA SACADA, ESPESSURA DE 25 MM, ACESSO POR BALANCIM MANUAL, SEM USO DE TELA METÁLICA. AF_08/2022",Massa Única Externa,M2,928df42a952625eb12d41baf2b5ab17e1207af6e7881cb9f1c7fcac4708400e3,7334f1f2043d36e387a9175ab5b40e1867e0f5ea23acd9db9781161f5bce3442,2026-05,2026-06,103.31,103.15,100.99,2026-06-12,persistencia,103.31,,2026-05,,7b4bc08b19ada86fc17bcdd336fc488aa71badd090b90a8d98cb10055d49def8,cenario_proxima_competencia_sem_observacao
sinapi_es,sem_desoneracao,104212,"EMBOÇO OU MASSA ÚNICA EM ARGAMASSA TRAÇO 1:2:8, PREPARO MECÂNICA COM BETONEIRA 400 L, APLICADA COM PROJETOR TIPO CANEQUINHA EM SUPERFÍCIES EXTERNAS DA SACADA, ESPESSURA DE 35 MM, ACESSO POR BALANCIM MANUAL, SEM USO DE TELA METÁLICA. AF_08/2022",Massa Única Externa,M2,928df42a952625eb12d41baf2b5ab17e1207af6e7881cb9f1c7fcac4708400e3,df3be27a39590532fc827b520e81149f957120641ecadd08fa31b70a9442492c,2026-05,2026-06,123.6,123.4,120.85,2026-06-12,persistencia,123.6,,2026-05,,7b4bc08b19ada86fc17bcdd336fc488aa71badd090b90a8d98cb10055d49def8,cenario_proxima_competencia_sem_observacao
sinapi_es,sem_desoneracao,104213,"EMBOÇO OU MASSA ÚNICA EM ARGAMASSA TRAÇO 1:2:8, PREPARO MECÂNICA COM BETONEIRA 400 L, APLICADA COM PROJETOR TIPO CANEQUINHA EM SUPERFÍCIES EXTERNAS DA SACADA, ESPESSURA DE 45 MM, ACESSO POR BALANCIM MANUAL, SEM USO DE TELA METÁLICA. AF_08/2022",Massa Única Externa,M2,928df42a952625eb12d41baf2b5ab17e1207af6e7881cb9f1c7fcac4708400e3,24ebc813760734953717e8c126c1ca6f34b7d902b2b73d86b07f9eea7fa1d764,2026-05,2026-06,131.0,130.73,128.12,2026-06-12,persistencia,131.0,,2026-05,,7b4bc08b19ada86fc17bcdd336fc488aa71badd090b90a8d98cb10055d49def8,cenario_proxima_competencia_sem_observacao
sinapi_es,sem_desoneracao,104214,"EMBOÇO OU MASSA ÚNICA EM ARGAMASSA TRAÇO 1:2:8, PREPARO MECÂNICA COM BETONEIRA 400 L, APLICADA COM PROJETOR TIPO CANEQUINHA EM SUPERFÍCIES EXTERNAS DA SACADA, ESPESSURA DE 50 MM, ACESSO POR BALANCIM MANUAL, SEM USO DE TELA METÁLICA. AF_08/2022",Massa Única Externa,M2,928df42a952625eb12d41baf2b5ab17e1207af6e7881cb9f1c7fcac4708400e3,f728a0901aa7ede0ee1cef8c3ee1bf145184845b7cecce628e8ccd6a5bf6aad4,2026-05,2026-06,156.8,156.51,153.33,2026-06-12,persistencia,156.8,,2026-05,,7b4bc08b19ada86fc17bcdd336fc488aa71badd090b90a8d98cb10055d49def8,cenario_proxima_competencia_sem_observacao
sinapi_es,sem_desoneracao,104215,"EMBOÇO OU MASSA ÚNICA EM ARGAMASSA TRAÇO 1:2:8, PREPARO MECÂNICA COM BETONEIRA 400 L, APLICADA COM PROJETOR TIPO CANEQUINHA EM SUPERFÍCIES INTERNAS DA SACADA, ESPESSURA DE 25 MM, SEM USO DE TELA METÁLICA. AF_08/2022",Massa Única Externa,M2,928df42a952625eb12d41baf2b5ab17e1207af6e7881cb9f1c7fcac4708400e3,7e622979b43f1f382caf8cf7ae095de2f1c7989314a6a482f8cd7b29a380b996,2026-05,2026-06,95.74,95.54,93.62,2026-06-12,persistencia,95.74,,2026-05,,7b4bc08b19ada86fc17bcdd336fc488aa71badd090b90a8d98cb10055d49def8,cenario_proxima_competencia_sem_observacao
sinapi_es,sem_desoneracao,104216,"EMBOÇO OU MASSA ÚNICA EM ARGAMASSA TRAÇO 1:2:8, PREPARO MECÂNICA COM BETONEIRA 400 L, APLICADA COM PROJETOR TIPO CANEQUINHA EM SUPERFÍCIES INTERNAS DA SACADA, ESPESSURA DE 35 MM, SEM USO DE TELA METÁLICA. AF_08/2022",Massa Única Externa,M2,928df42a952625eb12d41baf2b5ab17e1207af6e7881cb9f1c7fcac4708400e3,a5bfa27ca2ec57d660fba69feb541bde3a415554b30761bc2349362f581c3030,2026-05,2026-06,115.57,115.32,113.04,2026-06-12,persistencia,115.57,,2026-05,,7b4bc08b19ada86fc17bcdd336fc488aa71badd090b90a8d98cb10055d49def8,cenario_proxima_competencia_sem_observacao
sinapi_es,sem_desoneracao,104217,"EMBOÇO OU MASSA ÚNICA EM ARGAMASSA TRAÇO 1:2:8, PREPARO MECÂNICA COM BETONEIRA 400 L, APLICADA MANUALMENTE EM PANOS DE FACHADA COM PRESENÇA DE VÃOS, ESPESSURA DE 25 MM, ACESSO POR ANDAIME. AF_08/2022",Massa Única Externa,M2,928df42a952625eb12d41baf2b5ab17e1207af6e7881cb9f1c7fcac4708400e3,b8041b2f3cc07929109805f0a356b6271c9624b904ce6b75f8f3e282f6561ee8,2026-05,2026-06,62.37,62.19,60.81,2026-06-12,persistencia,62.37,,2026-05,,7b4bc08b19ada86fc17bcdd336fc488aa71badd090b90a8d98cb10055d49def8,cenario_proxima_competencia_sem_observacao
sinapi_es,sem_desoneracao,104218,"EMBOÇO OU MASSA ÚNICA EM ARGAMASSA TRAÇO 1:2:8, PREPARO MANUAL, APLICADA MANUALMENTE EM PANOS DE FACHADA COM PRESENÇA DE VÃOS, ESPESSURA DE 25 MM, ACESSO POR ANDAIME. AF_08/2022",Massa Única Externa,M2,928df42a952625eb12d41baf2b5ab17e1207af6e7881cb9f1c7fcac4708400e3,d7c3b96fd3726adc2d424520f751f9606ae9da9631c66f08ba6148892f0c8671,2026-05,2026-06,67.08,66.9,65.48,2026-06-12,persistencia,67.08,,2026-05,,7b4bc08b19ada86fc17bcdd336fc488aa71badd090b90a8d98cb10055d49def8,cenario_proxima_competencia_sem_observacao
sinapi_es,sem_desoneracao,104219,"EMBOÇO OU MASSA ÚNICA EM ARGAMASSA INDUSTRIALIZADA, PREPARO MECÂNICA E APLICAÇÃO COM EQUIPAMENTO DE MISTURA E PROJEÇÃO DE 1,5 M3/H DE ARGAMASSA EM PANOS DE FACHADA COM PRESENÇA DE VÃOS, ESPESSURA DE 25 MM, ACESSO POR ANDAIME. AF_08/2022",Massa Única Externa,M2,928df42a952625eb12d41baf2b5ab17e1207af6e7881cb9f1c7fcac4708400e3,74fe76cfc573cca2a1f4536cbe3e12e76a19520d9fb318898048e8aa00cae34b,2026-05,2026-06,89.76,89.23,88.7,2026-06-12,persistencia,89.76,,2026-05,,7b4bc08b19ada86fc17bcdd336fc488aa71badd090b90a8d98cb10055d49def8,cenario_proxima_competencia_sem_observacao
sinapi_es,sem_desoneracao,104220,"EMBOÇO OU MASSA ÚNICA EM ARGAMASSA TRAÇO 1:2:8, PREPARO MECÂNICA COM BETONEIRA 400 L, APLICADA COM PROJETOR TIPO CANEQUINHA EM PANOS DE FACHADA COM PRESENÇA DE VÃOS, ESPESSURA DE 25 MM, ACESSO POR ANDAIME. AF_08/2022",Massa Única Externa,M2,928df42a952625eb12d41baf2b5ab17e1207af6e7881cb9f1c7fcac4708400e3,4d3b5795168122ec60b7d8f38ba2ff142da46f208c4d65eb4d0fd90d2df83341,2026-05,2026-06,65.59,65.42,64.09,2026-06-12,persistencia,65.59,,2026-05,,7b4bc08b19ada86fc17bcdd336fc488aa71badd090b90a8d98cb10055d49def8,cenario_proxima_competencia_sem_observacao
sinapi_es,sem_desoneracao,104221,"EMBOÇO OU MASSA ÚNICA EM ARGAMASSA TRAÇO 1:2:8, PREPARO MECÂNICA COM BETONEIRA 400 L, APLICADA MANUALMENTE EM PANOS DE FACHADA COM PRESENÇA DE VÃOS, ESPESSURA DE 35 MM, ACESSO POR ANDAIME. AF_08/2022",Massa Única Externa,M2,928df42a952625eb12d41baf2b5ab17e1207af6e7881cb9f1c7fcac4708400e3,0af2bed66048914344f747b219d7c947553f92c0624e3d0e0baf124da89803b0,2026-05,2026-06,80.42,80.19,78.45,2026-06-12,persistencia,80.42,,2026-05,,7b4bc08b19ada86fc17bcdd336fc488aa71badd090b90a8d98cb10055d49def8,cenario_proxima_competencia_sem_observacao
sinapi_es,sem_desoneracao,104222,"EMBOÇO OU MASSA ÚNICA EM ARGAMASSA TRAÇO 1:2:8, PREPARO MANUAL, APLICADA MANUALMENTE EM PANOS DE FACHADA COM PRESENÇA DE VÃOS, ESPESSURA DE 35 MM, ACESSO POR ANDAIME. AF_08/2022",Massa Única Externa,M2,928df42a952625eb12d41baf2b5ab17e1207af6e7881cb9f1c7fcac4708400e3,b4552d717a25948b23b3488c965b234fd92ae6bcf0f54556f619f21bc1cc0f05,2026-05,2026-06,86.74,86.5,84.72,2026-06-12,persistencia,86.74,,2026-05,,7b4bc08b19ada86fc17bcdd336fc488aa71badd090b90a8d98cb10055d49def8,cenario_proxima_competencia_sem_observacao
sinapi_es,sem_desoneracao,104223,"EMBOÇO OU MASSA ÚNICA EM ARGAMASSA INDUSTRIALIZADA, PREPARO MECÂNICA E APLICAÇÃO COM EQUIPAMENTO DE MISTURA E PROJEÇÃO DE 1,5 M3/H DE ARGAMASSA EM PANOS DE FACHADA COM PRESENÇA DE VÃOS, ESPESSURA DE 35 MM, ACESSO POR ANDAIME. AF_08/2022",Massa Única Externa,M2,928df42a952625eb12d41baf2b5ab17e1207af6e7881cb9f1c7fcac4708400e3,46099ff628f46ee6178f2645cbff7d45f6bbe271b1665d0cf2278165ab820472,2026-05,2026-06,117.39,116.67,116.09,2026-06-12,persistencia,117.39,,2026-05,,7b4bc08b19ada86fc17bcdd336fc488aa71badd090b90a8d98cb10055d49def8,cenario_proxima_competencia_sem_observacao
sinapi_es,sem_desoneracao,104224,"EMBOÇO OU MASSA ÚNICA EM ARGAMASSA TRAÇO 1:2:8, PREPARO MECÂNICA COM BETONEIRA 400 L, APLICADA COM PROJETOR TIPO CANEQUINHA EM PANOS DE FACHADA COM PRESENÇA DE VÃOS, ESPESSURA DE 35 MM, ACESSO POR ANDAIME. AF_08/2022",Massa Única Externa,M2,928df42a952625eb12d41baf2b5ab17e1207af6e7881cb9f1c7fcac4708400e3,069c354ea3fb40e3872366f9f83c70a124569f1f41dd5fd5d09f26050e7ee2a8,2026-05,2026-06,84.78,84.57,82.89,2026-06-12,persistencia,84.78,,2026-05,,7b4bc08b19ada86fc17bcdd336fc488aa71badd090b90a8d98cb10055d49def8,cenario_proxima_competencia_sem_observacao
sinapi_es,sem_desoneracao,104225,"EMBOÇO OU MASSA ÚNICA EM ARGAMASSA TRAÇO 1:2:8, PREPARO MECÂNICA COM BETONEIRA 400 L, APLICADA MANUALMENTE EM PANOS DE FACHADA COM PRESENÇA DE VÃOS, ESPESSURA DE 45 MM, ACESSO POR ANDAIME. AF_08/2022",Massa Única Externa,M2,928df42a952625eb12d41baf2b5ab17e1207af6e7881cb9f1c7fcac4708400e3,e66b102b9b9692105e15f5eb04d80f5ca95391aca582d44073770b15ccb243a2,2026-05,2026-06,87.53,87.23,85.43,2026-06-12,persistencia,87.53,,2026-05,,7b4bc08b19ada86fc17bcdd336fc488aa71badd090b90a8d98cb10055d49def8,cenario_proxima_competencia_sem_observacao
sinapi_es,sem_desoneracao,104226,"EMBOÇO OU MASSA ÚNICA EM ARGAMASSA TRAÇO 1:2:8, PREPARO MANUAL, APLICADA MANUALMENTE EM PANOS DE FACHADA COM PRESENÇA DE VÃOS, ESPESSURA DE 45 MM, ACESSO POR ANDAIME. AF_08/2022",Massa Única Externa,M2,928df42a952625eb12d41baf2b5ab17e1207af6e7881cb9f1c7fcac4708400e3,76a735446db6de5ac21d160a93c1619887b19e611c08de90ca82c1a3935738e6,2026-05,2026-06,95.46,95.16,93.29,2026-06-12,persistencia,95.46,,2026-05,,7b4bc08b19ada86fc17bcdd336fc488aa71badd090b90a8d98cb10055d49def8,cenario_proxima_competencia_sem_observacao
sinapi_es,sem_desoneracao,104227,"EMBOÇO OU MASSA ÚNICA EM ARGAMASSA INDUSTRIALIZADA, PREPARO MECÂNICA E APLICAÇÃO COM EQUIPAMENTO DE MISTURA E PROJEÇÃO DE 1,5 M3/H DE ARGAMASSA EM PANOS DE FACHADA COM PRESENÇA DE VÃOS, ESPESSURA DE 45 MM, ACESSO POR ANDAIME. AF_08/2022",Massa Única Externa,M2,928df42a952625eb12d41baf2b5ab17e1207af6e7881cb9f1c7fcac4708400e3,06a742a74c87c581b7694c54d9abd05e1695555dc9140d915a1eba33b7db7129,2026-05,2026-06,135.04,134.13,133.75,2026-06-12,persistencia,135.04,,2026-05,,7b4bc08b19ada86fc17bcdd336fc488aa71badd090b90a8d98cb10055d49def8,cenario_proxima_competencia_sem_observacao
sinapi_es,sem_desoneracao,104228,"EMBOÇO OU MASSA ÚNICA EM ARGAMASSA TRAÇO 1:2:8, PREPARO MECÂNICA COM BETONEIRA 400 L, APLICADA COM PROJETOR TIPO CANEQUINHA EM PANOS DE FACHADA COM PRESENÇA DE VÃOS, ESPESSURA DE 45 MM, ACESSO POR ANDAIME. AF_08/2022",Massa Única Externa,M2,928df42a952625eb12d41baf2b5ab17e1207af6e7881cb9f1c7fcac4708400e3,24beead8f5ef156da2afd516e4799f8c2c3d6fd1b8771f044f03eae06e13583f,2026-05,2026-06,92.64,92.35,90.61,2026-06-12,persistencia,92.64,,2026-05,,7b4bc08b19ada86fc17bcdd336fc488aa71badd090b90a8d98cb10055d49def8,cenario_proxima_competencia_sem_observacao
sinapi_es,sem_desoneracao,104229,"EMBOÇO OU MASSA ÚNICA EM ARGAMASSA TRAÇO 1:2:8, PREPARO MECÂNICA COM BETONEIRA 400 L, APLICADA MANUALMENTE EM PANOS DE FACHADA COM PRESENÇA DE VÃOS, ESPESSURA DE 50 MM, ACESSO POR ANDAIME. AF_08/2022",Massa Única Externa,M2,928df42a952625eb12d41baf2b5ab17e1207af6e7881cb9f1c7fcac4708400e3,40609a360d5f5934c96b0eeb98f7e4f5f1fb30fe023fca5db1375197890b865e,2026-05,2026-06,103.59,103.26,101.09,2026-06-12,persistencia,103.59,,2026-05,,7b4bc08b19ada86fc17bcdd336fc488aa71badd090b90a8d98cb10055d49def8,cenario_proxima_competencia_sem_observacao
sinapi_es,sem_desoneracao,104230,"EMBOÇO OU MASSA ÚNICA EM ARGAMASSA TRAÇO 1:2:8, PREPARO MANUAL, APLICADA MANUALMENTE EM PANOS DE FACHADA COM PRESENÇA DE VÃOS, ESPESSURA DE 50 MM, ACESSO POR ANDAIME. AF_08/2022",Massa Única Externa,M2,928df42a952625eb12d41baf2b5ab17e1207af6e7881cb9f1c7fcac4708400e3,ff14404a411c122c74789bad12c9c25639cb511d956dcc67868395d03eaeca26,2026-05,2026-06,112.32,111.98,109.74,2026-06-12,persistencia,112.32,,2026-05,,7b4bc08b19ada86fc17bcdd336fc488aa71badd090b90a8d98cb10055d49def8,cenario_proxima_competencia_sem_observacao
sinapi_es,sem_desoneracao,104231,"EMBOÇO OU MASSA ÚNICA EM ARGAMASSA INDUSTRIALIZADA, PREPARO MECÂNICA E APLICAÇÃO COM EQUIPAMENTO DE MISTURA E PROJEÇÃO DE 1,5 M3/H DE ARGAMASSA EM PANOS DE FACHADA COM PRESENÇA DE VÃOS, ESPESSURA DE 50 MM, ACESSO POR ANDAIME. AF_08/2022",Massa Única Externa,M2,928df42a952625eb12d41baf2b5ab17e1207af6e7881cb9f1c7fcac4708400e3,5e2636b1219dec04722ef11e9f918ddc0f73e6eb9c194844076ca5efc848a9b5,2026-05,2026-06,149.0,148.01,147.57,2026-06-12,persistencia,149.0,,2026-05,,7b4bc08b19ada86fc17bcdd336fc488aa71badd090b90a8d98cb10055d49def8,cenario_proxima_competencia_sem_observacao
sinapi_es,sem_desoneracao,104232,"EMBOÇO OU MASSA ÚNICA EM ARGAMASSA TRAÇO 1:2:8, PREPARO MECÂNICA COM BETONEIRA 400 L, APLICADA COM PROJETOR TIPO CANEQUINHA EM PANOS DE FACHADA COM PRESENÇA DE VÃOS, ESPESSURA DE 50 MM, ACESSO POR ANDAIME. AF_08/2022",Massa Única Externa,M2,928df42a952625eb12d41baf2b5ab17e1207af6e7881cb9f1c7fcac4708400e3,4ca0c025b33ba065f30bcab61104fd8fa3eb07f17b238d1871c1659610596216,2026-05,2026-06,102.47,102.16,100.23,2026-06-12,persistencia,102.47,,2026-05,,7b4bc08b19ada86fc17bcdd336fc488aa71badd090b90a8d98cb10055d49def8,cenario_proxima_competencia_sem_observacao
sinapi_es,sem_desoneracao,104233,"EMBOÇO OU MASSA ÚNICA EM ARGAMASSA TRAÇO 1:2:8, PREPARO MECÂNICA COM BETONEIRA 400 L, APLICADA MANUALMENTE EM PANOS DE FACHADA SEM PRESENÇA DE VÃOS, ESPESSURA DE 25 MM, ACESSO POR ANDAIME. AF_08/2022",Massa Única Externa,M2,928df42a952625eb12d41baf2b5ab17e1207af6e7881cb9f1c7fcac4708400e3,489c9387158e4d1b834f2f9f44cdae99d3e88a465ff7b565f67070ddfaf6e472,2026-05,2026-06,45.75,45.57,44.62,2026-06-12,persistencia,45.75,,2026-05,,7b4bc08b19ada86fc17bcdd336fc488aa71badd090b90a8d98cb10055d49def8,cenario_proxima_competencia_sem_observacao
sinapi_es,sem_desoneracao,104234,"EMBOÇO OU MASSA ÚNICA EM ARGAMASSA TRAÇO 1:2:8, PREPARO MANUAL, APLICADA MANUALMENTE EM PANOS DE FACHADA SEM PRESENÇA DE VÃOS, ESPESSURA DE 25 MM, ACESSO POR ANDAIME. AF_08/2022",Massa Única Externa,M2,928df42a952625eb12d41baf2b5ab17e1207af6e7881cb9f1c7fcac4708400e3,4b5a2f7f6fd946ea2f2ba927523ffc9719951b4634c450e3649b2c74458fb12f,2026-05,2026-06,50.15,49.97,48.98,2026-06-12,persistencia,50.15,,2026-05,,7b4bc08b19ada86fc17bcdd336fc488aa71badd090b90a8d98cb10055d49def8,cenario_proxima_competencia_sem_observacao
sinapi_es,sem_desoneracao,104235,"EMBOÇO OU MASSA ÚNICA EM ARGAMASSA INDUSTRIALIZADA, PREPARO MECÂNICA E APLICAÇÃO COM EQUIPAMENTO DE MISTURA E PROJEÇÃO DE 1,5 M3/H DE ARGAMASSA EM PANOS DE FACHADA SEM PRESENÇA DE VÃOS, ESPESSURA DE 25 MM, ACESSO POR ANDAIME. AF_08/2022",Massa Única Externa,M2,928df42a952625eb12d41baf2b5ab17e1207af6e7881cb9f1c7fcac4708400e3,0c25429bff9c02d67952a5922f68497c2bce3e367f3a0fdfb07d5c0919b8f381,2026-05,2026-06,72.39,71.88,71.71,2026-06-12,persistencia,72.39,,2026-05,,7b4bc08b19ada86fc17bcdd336fc488aa71badd090b90a8d98cb10055d49def8,cenario_proxima_competencia_sem_observacao
sinapi_es,sem_desoneracao,104236,"EMBOÇO OU MASSA ÚNICA EM ARGAMASSA TRAÇO 1:2:8, PREPARO MECÂNICA COM BETONEIRA 400 L, APLICADA COM PROJETOR TIPO CANEQUINHA EM PANOS DE FACHADA SEM PRESENÇA DE VÃOS, ESPESSURA DE 25 MM, ACESSO POR ANDAIME. AF_08/2022",Massa Única Externa,M2,928df42a952625eb12d41baf2b5ab17e1207af6e7881cb9f1c7fcac4708400e3,38e828690c78cb6f77e114ce3ef900c2187e3f37bdd02283a11be1f537527036,2026-05,2026-06,48.33,48.16,47.24,2026-06-12,persistencia,48.33,,2026-05,,7b4bc08b19ada86fc17bcdd336fc488aa71badd090b90a8d98cb10055d49def8,cenario_proxima_competencia_sem_observacao
sinapi_es,sem_desoneracao,104237,"EMBOÇO OU MASSA ÚNICA EM ARGAMASSA TRAÇO 1:2:8, PREPARO MECÂNICA COM BETONEIRA 400 L, APLICADA MANUALMENTE EM PANOS DE FACHADA SEM PRESENÇA DE VÃOS, ESPESSURA DE 35 MM, ACESSO POR ANDAIME. AF_08/2022",Massa Única Externa,M2,928df42a952625eb12d41baf2b5ab17e1207af6e7881cb9f1c7fcac4708400e3,3297144134043283384f1b2d6ba8928b6cb18c667cfabbcbe0865554041a5260,2026-05,2026-06,63.42,63.19,61.87,2026-06-12,persistencia,63.42,,2026-05,,7b4bc08b19ada86fc17bcdd336fc488aa71badd090b90a8d98cb10055d49def8,cenario_proxima_competencia_sem_observacao
sinapi_es,sem_desoneracao,104238,"EMBOÇO OU MASSA ÚNICA EM ARGAMASSA TRAÇO 1:2:8, PREPARO MANUAL, APLICADA MANUALMENTE EM PANOS DE FACHADA SEM PRESENÇA DE VÃOS, ESPESSURA DE 35 MM, ACESSO POR ANDAIME. AF_08/2022",Massa Única Externa,M2,928df42a952625eb12d41baf2b5ab17e1207af6e7881cb9f1c7fcac4708400e3,b06d43c011b70a4060ea63c95e76787abf6d4dfbbbef3a9ff83570d988cf6673,2026-05,2026-06,69.32,69.09,67.72,2026-06-12,persistencia,69.32,,2026-05,,7b4bc08b19ada86fc17bcdd336fc488aa71badd090b90a8d98cb10055d49def8,cenario_proxima_competencia_sem_observacao
sinapi_es,sem_desoneracao,104239,"EMBOÇO OU MASSA ÚNICA EM ARGAMASSA INDUSTRIALIZADA, PREPARO MECÂNICA E APLICAÇÃO COM EQUIPAMENTO DE MISTURA E PROJEÇÃO DE 1,5 M3/H DE ARGAMASSA EM PANOS DE FACHADA SEM PRESENÇA DE VÃOS, ESPESSURA DE 35 MM, ACESSO POR ANDAIME. AF_08/2022",Massa Única Externa,M2,928df42a952625eb12d41baf2b5ab17e1207af6e7881cb9f1c7fcac4708400e3,325d70e2bb8a6eb2a96c3d48477c7091899d349506f6e351fdcf045497aa62cc,2026-05,2026-06,98.93,98.25,97.98,2026-06-12,persistencia,98.93,,2026-05,,7b4bc08b19ada86fc17bcdd336fc488aa71badd090b90a8d98cb10055d49def8,cenario_proxima_competencia_sem_observacao
sinapi_es,sem_desoneracao,104240,"EMBOÇO OU MASSA ÚNICA EM ARGAMASSA TRAÇO 1:2:8, PREPARO MECÂNICA COM BETONEIRA 400 L, APLICADA COM PROJETOR TIPO CANEQUINHA EM PANOS DE FACHADA SEM PRESENÇA DE VÃOS, ESPESSURA DE 35 MM, ACESSO POR ANDAIME. AF_08/2022",Massa Única Externa,M2,928df42a952625eb12d41baf2b5ab17e1207af6e7881cb9f1c7fcac4708400e3,1b8f4cdedae1511d50589b9e57415bb4f61c4fa41c95092fe16f5f30417744b8,2026-05,2026-06,67.14,66.93,65.64,2026-06-12,persistencia,67.14,,2026-05,,7b4bc08b19ada86fc17bcdd336fc488aa71badd090b90a8d98cb10055d49def8,cenario_proxima_competencia_sem_observacao
sinapi_es,sem_desoneracao,104241,"EMBOÇO OU MASSA ÚNICA EM ARGAMASSA TRAÇO 1:2:8, PREPARO MECÂNICA COM BETONEIRA 400 L, APLICADA MANUALMENTE EM PANOS DE FACHADA SEM PRESENÇA DE VÃOS, ESPESSURA DE 45 MM, ACESSO POR ANDAIME. AF_08/2022",Massa Única Externa,M2,928df42a952625eb12d41baf2b5ab17e1207af6e7881cb9f1c7fcac4708400e3,732bf40895a82b122d9ceeed5c071517d2af472c26da84c9cf31b6a6c070ad20,2026-05,2026-06,70.07,69.78,68.4,2026-06-12,persistencia,70.07,,2026-05,,7b4bc08b19ada86fc17bcdd336fc488aa71badd090b90a8d98cb10055d49def8,cenario_proxima_competencia_sem_observacao
sinapi_es,sem_desoneracao,104242,"EMBOÇO OU MASSA ÚNICA EM ARGAMASSA TRAÇO 1:2:8, PREPARO MANUAL, APLICADA MANUALMENTE EM PANOS DE FACHADA SEM PRESENÇA DE VÃOS, ESPESSURA DE 45 MM, ACESSO POR ANDAIME. AF_08/2022",Massa Única Externa,M2,928df42a952625eb12d41baf2b5ab17e1207af6e7881cb9f1c7fcac4708400e3,e20507586364cd592a688ec965826974bb51d85c7ecd00abf291198184ba862f,2026-05,2026-06,77.47,77.18,75.74,2026-06-12,persistencia,77.47,,2026-05,,7b4bc08b19ada86fc17bcdd336fc488aa71badd090b90a8d98cb10055d49def8,cenario_proxima_competencia_sem_observacao
sinapi_es,sem_desoneracao,104243,"EMBOÇO OU MASSA ÚNICA EM ARGAMASSA INDUSTRIALIZADA, PREPARO MECÂNICA E APLICAÇÃO COM EQUIPAMENTO DE MISTURA E PROJEÇÃO DE 1,5 M3/H DE ARGAMASSA EM PANOS DE FACHADA SEM PRESENÇA DE VÃOS, ESPESSURA DE 45 MM, ACESSO POR ANDAIME. AF_08/2022",Massa Única Externa,M2,928df42a952625eb12d41baf2b5ab17e1207af6e7881cb9f1c7fcac4708400e3,283ef5a6c1f3b45ef69b2d6e0ba902fb24368006b0aedc89cfc4b60c8d84e44c,2026-05,2026-06,115.43,114.57,114.49,2026-06-12,persistencia,115.43,,2026-05,,7b4bc08b19ada86fc17bcdd336fc488aa71badd090b90a8d98cb10055d49def8,cenario_proxima_competencia_sem_observacao
sinapi_es,sem_desoneracao,104244,"EMBOÇO OU MASSA ÚNICA EM ARGAMASSA TRAÇO 1:2:8, PREPARO MECÂNICA COM BETONEIRA 400 L, APLICADA COM PROJETOR TIPO CANEQUINHA EM PANOS DE FACHADA SEM PRESENÇA DE VÃOS, ESPESSURA DE 45 MM, ACESSO POR ANDAIME. AF_08/2022",Massa Única Externa,M2,928df42a952625eb12d41baf2b5ab17e1207af6e7881cb9f1c7fcac4708400e3,6713d16e051a9a2aa566bdce55f75c5ea6952bb7d610963a6052967a662aa599,2026-05,2026-06,74.54,74.26,72.91,2026-06-12,persistencia,74.54,,2026-05,,7b4bc08b19ada86fc17bcdd336fc488aa71badd090b90a8d98cb10055d49def8,cenario_proxima_competencia_sem_observacao
sinapi_es,sem_desoneracao,104245,"EMBOÇO OU MASSA ÚNICA EM ARGAMASSA TRAÇO 1:2:8, PREPARO MECÂNICA COM BETONEIRA 400 L, APLICADA MANUALMENTE EM PANOS DE FACHADA SEM PRESENÇA DE VÃOS, ESPESSURA DE 50 MM, ACESSO POR ANDAIME. AF_08/2022",Massa Única Externa,M2,928df42a952625eb12d41baf2b5ab17e1207af6e7881cb9f1c7fcac4708400e3,7c4b14f49f8b37f62a4dccfcddb6cbe893e00deb625e5f11656b64004610ecce,2026-05,2026-06,76.52,76.2,74.71,2026-06-12,persistencia,76.52,,2026-05,,7b4bc08b19ada86fc17bcdd336fc488aa71badd090b90a8d98cb10055d49def8,cenario_proxima_competencia_sem_observacao
sinapi_es,sem_desoneracao,104246,"EMBOÇO OU MASSA ÚNICA EM ARGAMASSA TRAÇO 1:2:8, PREPARO MANUAL, APLICADA MANUALMENTE EM PANOS DE FACHADA SEM PRESENÇA DE VÃOS, ESPESSURA DE 50 MM, ACESSO POR ANDAIME. AF_08/2022",Massa Única Externa,M2,928df42a952625eb12d41baf2b5ab17e1207af6e7881cb9f1c7fcac4708400e3,12542271ace042205e15952ca6d18144eab723a193af9e471a9dc4d56f98589b,2026-05,2026-06,84.67,84.35,82.8,2026-06-12,persistencia,84.67,,2026-05,,7b4bc08b19ada86fc17bcdd336fc488aa71badd090b90a8d98cb10055d49def8,cenario_proxima_competencia_sem_observacao
sinapi_es,sem_desoneracao,104247,"EMBOÇO OU MASSA ÚNICA EM ARGAMASSA INDUSTRIALIZADA, PREPARO MECÂNICA E APLICAÇÃO COM EQUIPAMENTO DE MISTURA E PROJEÇÃO DE 1,5 M3/H DE ARGAMASSA EM PANOS DE FACHADA SEM PRESENÇA DE VÃOS, ESPESSURA DE 50 MM, ACESSO POR ANDAIME. AF_08/2022",Massa Única Externa,M2,928df42a952625eb12d41baf2b5ab17e1207af6e7881cb9f1c7fcac4708400e3,03a1825d0fe7ec0a55f985b8d0da30fcffa5c0a29f32ed60b286f7f85b2e024c,2026-05,2026-06,122.89,121.95,121.98,2026-06-12,persistencia,122.89,,2026-05,,7b4bc08b19ada86fc17bcdd336fc488aa71badd090b90a8d98cb10055d49def8,cenario_proxima_competencia_sem_observacao
sinapi_es,sem_desoneracao,104248,"EMBOÇO OU MASSA ÚNICA EM ARGAMASSA TRAÇO 1:2:8, PREPARO MECÂNICA COM BETONEIRA 400 L, APLICADA COM PROJETOR TIPO CANEQUINHA EM PANOS DE FACHADA SEM PRESENÇA DE VÃOS, ESPESSURA DE 50 MM, ACESSO POR ANDAIME. AF_08/2022",Massa Única Externa,M2,928df42a952625eb12d41baf2b5ab17e1207af6e7881cb9f1c7fcac4708400e3,35f4894dde343593d1eb789034e56dd5596da41551a8cd921fa1d2e511123b4e,2026-05,2026-06,77.35,77.05,75.67,2026-06-12,persistencia,77.35,,2026-05,,7b4bc08b19ada86fc17bcdd336fc488aa71badd090b90a8d98cb10055d49def8,cenario_proxima_competencia_sem_observacao
sinapi_es,sem_desoneracao,104249,"EMBOÇO OU MASSA ÚNICA EM ARGAMASSA TRAÇO 1:2:8, PREPARO MECÂNICA COM BETONEIRA 400 L, APLICADA MANUALMENTE EM SUPERFÍCIES EXTERNAS DA SACADA, ESPESSURA DE 25 MM, ACESSO POR ANDAIME, SEM USO DE TELA METÁLICA. AF_08/2022",Massa Única Externa,M2,928df42a952625eb12d41baf2b5ab17e1207af6e7881cb9f1c7fcac4708400e3,1b8a37463013ccb1a825282b7a5fd2a545fc99fe5d33c9da8ac29db54048f5ea,2026-05,2026-06,89.67,89.5,87.44,2026-06-12,persistencia,89.67,,2026-05,,7b4bc08b19ada86fc17bcdd336fc488aa71badd090b90a8d98cb10055d49def8,cenario_proxima_competencia_sem_observacao
sinapi_es,sem_desoneracao,104250,"EMBOÇO OU MASSA ÚNICA EM ARGAMASSA TRAÇO 1:2:8, PREPARO MANUAL, APLICADA MANUALMENTE EM SUPERFÍCIES EXTERNAS DA SACADA, ESPESSURA DE 25 MM, ACESSO POR ANDAIME, SEM USO DE TELA METÁLICA. AF_08/2022",Massa Única Externa,M2,928df42a952625eb12d41baf2b5ab17e1207af6e7881cb9f1c7fcac4708400e3,9e02fcc74d9ee8feb9890b6daf2a559c475f69c93f91b0dff014c3b1828eef07,2026-05,2026-06,94.07,93.9,91.8,2026-06-12,persistencia,94.07,,2026-05,,7b4bc08b19ada86fc17bcdd336fc488aa71badd090b90a8d98cb10055d49def8,cenario_proxima_competencia_sem_observacao
sinapi_es,sem_desoneracao,104251,"EMBOÇO OU MASSA ÚNICA EM ARGAMASSA INDUSTRIALIZADA, PREPARO MECÂNICO E APLICAÇÃO COM EQUIPAMENTO DE MISTURA E PROJEÇÃO DE 1,5 M3/H, NAS SUPERFÍCIES EXTERNAS DA SACADA, ESPESSURA DE 25 MM, ACESSO POR ANDAIME, SEM USO DE TELA METÁLICA. AF_08/2022",Massa Única Externa,M2,928df42a952625eb12d41baf2b5ab17e1207af6e7881cb9f1c7fcac4708400e3,491f44d361871ee88797036a5ef823be040aa7a50094ac73034424776121ebbc,2026-05,2026-06,112.2,111.7,110.52,2026-06-12,persistencia,112.2,,2026-05,,7b4bc08b19ada86fc17bcdd336fc488aa71badd090b90a8d98cb10055d49def8,cenario_proxima_competencia_sem_observacao
sinapi_es,sem_desoneracao,104252,"EMBOÇO OU MASSA ÚNICA EM ARGAMASSA TRAÇO 1:2:8, PREPARO MECÂNICA COM BETONEIRA 400 L, APLICADA COM PROJETOR TIPO CANEQUINHA EM SUPERFÍCIES EXTERNAS DA SACADA, ESPESSURA DE 25 MM, ACESSO POR ANDAIME, SEM USO DE TELA METÁLICA. AF_08/2022",Massa Única Externa,M2,928df42a952625eb12d41baf2b5ab17e1207af6e7881cb9f1c7fcac4708400e3,776d7b0d756109ec9447103e4802b4978db8ca5bc6b46676bd179ae278d4b4ce,2026-05,2026-06,93.95,93.79,91.86,2026-06-12,persistencia,93.95,,2026-05,,7b4bc08b19ada86fc17bcdd336fc488aa71badd090b90a8d98cb10055d49def8,cenario_proxima_competencia_sem_observacao
sinapi_es,sem_desoneracao,104253,"EMBOÇO OU MASSA ÚNICA EM ARGAMASSA TRAÇO 1:2:8, PREPARO MECÂNICA COM BETONEIRA 400 L, APLICADA MANUALMENTE EM SUPERFÍCIES EXTERNAS DA SACADA, ESPESSURA DE 35 MM, ACESSO POR ANDAIME, SEM USO DE TELA METÁLICA. AF_08/2022",Massa Única Externa,M2,928df42a952625eb12d41baf2b5ab17e1207af6e7881cb9f1c7fcac4708400e3,0d827b81f69c814a2a3421a2c0a08cc1cf36541ef59ced5d879e673b5a37e3dc,2026-05,2026-06,107.34,107.12,104.68,2026-06-12,persistencia,107.34,,2026-05,,7b4bc08b19ada86fc17bcdd336fc488aa71badd090b90a8d98cb10055d49def8,cenario_proxima_competencia_sem_observacao
sinapi_es,sem_desoneracao,104254,"EMBOÇO OU MASSA ÚNICA EM ARGAMASSA TRAÇO 1:2:8, PREPARO MANUAL, APLICADA MANUALMENTE EM SUPERFÍCIES EXTERNAS DA SACADA, ESPESSURA DE 35 MM, ACESSO POR ANDAIME, SEM USO DE TELA METÁLICA. AF_08/2022",Massa Única Externa,M2,928df42a952625eb12d41baf2b5ab17e1207af6e7881cb9f1c7fcac4708400e3,22a99aac512c3f2858c3a287410ef6f2fefe87190dcf575b35273b4488ada60e,2026-05,2026-06,113.24,113.02,110.53,2026-06-12,persistencia,113.24,,2026-05,,7b4bc08b19ada86fc17bcdd336fc488aa71badd090b90a8d98cb10055d49def8,cenario_proxima_competencia_sem_observacao
sinapi_es,sem_desoneracao,104255,"EMBOÇO OU MASSA ÚNICA EM ARGAMASSA INDUSTRIALIZADA, PREPARO MECÂNICO E APLICAÇÃO COM EQUIPAMENTO DE MISTURA E PROJEÇÃO DE 1,5 M3/H, NAS SUPERFÍCIES EXTERNAS DA SACADA, ESPESSURA DE 35 MM, ACESSO POR ANDAIME, SEM USO DE TELA METÁLICA. AF_08/2022",Massa Única Externa,M2,928df42a952625eb12d41baf2b5ab17e1207af6e7881cb9f1c7fcac4708400e3,54fab38b05396e7eaabab8243282da647ff65d81b9d9bb5eb03b4af0b1247366,2026-05,2026-06,138.74,138.07,136.8,2026-06-12,persistencia,138.74,,2026-05,,7b4bc08b19ada86fc17bcdd336fc488aa71badd090b90a8d98cb10055d49def8,cenario_proxima_competencia_sem_observacao
sinapi_es,sem_desoneracao,104256,"EMBOÇO OU MASSA ÚNICA EM ARGAMASSA TRAÇO 1:2:8, PREPARO MECÂNICO COM BETONEIRA 400 L, APLICADA COM PROJETOR TIPO CANEQUINHA EM SUPERFÍCIES EXTERNAS DA SACADA, ESPESSURA DE 35 MM, ACESSO POR ANDAIME, SEM USO DE TELA METÁLICA. AF_08/2022",Massa Única Externa,M2,928df42a952625eb12d41baf2b5ab17e1207af6e7881cb9f1c7fcac4708400e3,d8ef2aeb05cf8e8fa0462515604c34651d9afed0182ce90059c42fc06d2b6c0e,2026-05,2026-06,112.76,112.56,110.27,2026-06-12,persistencia,112.76,,2026-05,,7b4bc08b19ada86fc17bcdd336fc488aa71badd090b90a8d98cb10055d49def8,cenario_proxima_competencia_sem_observacao
sinapi_es,sem_desoneracao,104257,"EMBOÇO OU MASSA ÚNICA EM ARGAMASSA TRAÇO 1:2:8, PREPARO MECÂNICO COM BETONEIRA 400 L, APLICADA MANUALMENTE EM SUPERFÍCIES EXTERNAS DA SACADA, ESPESSURA DE 45 MM, ACESSO POR ANDAIME, SEM USO DE TELA METÁLICA. AF_08/2022",Massa Única Externa,M2,928df42a952625eb12d41baf2b5ab17e1207af6e7881cb9f1c7fcac4708400e3,49f787d0d27bf81b6b6b1bb61e66be17bb8f82870fd91e582c777a5db4dc3245,2026-05,2026-06,113.99,113.71,111.21,2026-06-12,persistencia,113.99,,2026-05,,7b4bc08b19ada86fc17bcdd336fc488aa71badd090b90a8d98cb10055d49def8,cenario_proxima_competencia_sem_observacao
sinapi_es,sem_desoneracao,104258,"EMBOÇO OU MASSA ÚNICA EM ARGAMASSA TRAÇO 1:2:8, PREPARO MANUAL, APLICADA MANUALMENTE EM SUPERFÍCIES EXTERNAS DA SACADA, ESPESSURA DE 45 MM, ACESSO POR ANDAIME, SEM USO DE TELA METÁLICA. AF_08/2022",Massa Única Externa,M2,928df42a952625eb12d41baf2b5ab17e1207af6e7881cb9f1c7fcac4708400e3,76f0648d8a4fdd55cbf5af373a770dec13d7ceaa676c6e455b362fa57d5df78e,2026-05,2026-06,121.39,121.11,118.55,2026-06-12,persistencia,121.39,,2026-05,,7b4bc08b19ada86fc17bcdd336fc488aa71badd090b90a8d98cb10055d49def8,cenario_proxima_competencia_sem_observacao
sinapi_es,sem_desoneracao,104259,"EMBOÇO OU MASSA ÚNICA EM ARGAMASSA INDUSTRIALIZADA, PREPARO MECÂNICO E APLICAÇÃO COM EQUIPAMENTO DE MISTURA E PROJEÇÃO DE 1,5 M3/H, NAS SUPERFÍCIES EXTERNAS DA SACADA, ESPESSURA DE 45 MM, ACESSO POR ANDAIME, SEM USO DE TELA METÁLICA. AF_08/2022",Massa Única Externa,M2,928df42a952625eb12d41baf2b5ab17e1207af6e7881cb9f1c7fcac4708400e3,a568234a7fdf1c529d56e5acda412040e7e7bc1c8ac610f60f034fdb609b0302,2026-05,2026-06,155.24,154.39,153.31,2026-06-12,persistencia,155.24,,2026-05,,7b4bc08b19ada86fc17bcdd336fc488aa71badd090b90a8d98cb10055d49def8,cenario_proxima_competencia_sem_observacao
sinapi_es,sem_desoneracao,104260,"EMBOÇO OU MASSA ÚNICA EM ARGAMASSA TRAÇO 1:2:8, PREPARO MECÂNICO COM BETONEIRA 400 L, APLICADA COM PROJETOR TIPO CANEQUINHA EM SUPERFÍCIES EXTERNAS DA SACADA, ESPESSURA DE 45 MM, ACESSO POR ANDAIME, SEM USO DE TELA METÁLICA. AF_08/2022",Massa Única Externa,M2,928df42a952625eb12d41baf2b5ab17e1207af6e7881cb9f1c7fcac4708400e3,352e7f20f369ef3b0c86fbdba98c258986d2a0fff6792cc21b088f1db2397b3f,2026-05,2026-06,120.16,119.89,117.54,2026-06-12,persistencia,120.16,,2026-05,,7b4bc08b19ada86fc17bcdd336fc488aa71badd090b90a8d98cb10055d49def8,cenario_proxima_competencia_sem_observacao
sinapi_es,sem_desoneracao,104261,"EMBOÇO OU MASSA ÚNICA EM ARGAMASSA TRAÇO 1:2:8, PREPARO MECÂNICO COM BETONEIRA 400 L, APLICADA MANUALMENTE EM SUPERFÍCIES EXTERNAS DA SACADA, ESPESSURA DE 50 MM, ACESSO POR ANDAIME, SEM USO DE TELA METÁLICA. AF_08/2022",Massa Única Externa,M2,928df42a952625eb12d41baf2b5ab17e1207af6e7881cb9f1c7fcac4708400e3,8529e21ced1f2d5b013ac177c2b78efdaf6fc27f4849e1f1f953db4caee7227a,2026-05,2026-06,148.5,148.19,144.83,2026-06-12,persistencia,148.5,,2026-05,,7b4bc08b19ada86fc17bcdd336fc488aa71badd090b90a8d98cb10055d49def8,cenario_proxima_competencia_sem_observacao
sinapi_es,sem_desoneracao,104262,"EMBOÇO OU MASSA ÚNICA EM ARGAMASSA TRAÇO 1:2:8, PREPARO MANUAL, APLICADA MANUALMENTE EM SUPERFÍCIES EXTERNAS DA SACADA, ESPESSURA DE 50 MM, ACESSO POR ANDAIME, SEM USO DE TELA METÁLICA. AF_08/2022",Massa Única Externa,M2,928df42a952625eb12d41baf2b5ab17e1207af6e7881cb9f1c7fcac4708400e3,b8f792ef7435f06d5452901f2265884c9f6d2ec13e10fee81c5786aae29beea3,2026-05,2026-06,156.65,156.34,152.92,2026-06-12,persistencia,156.65,,2026-05,,7b4bc08b19ada86fc17bcdd336fc488aa71badd090b90a8d98cb10055d49def8,cenario_proxima_competencia_sem_observacao
sinapi_es,sem_desoneracao,104263,"EMBOÇO OU MASSA ÚNICA EM ARGAMASSA INDUSTRIALIZADA, PREPARO MECÂNICO E APLICAÇÃO COM EQUIPAMENTO DE MISTURA E PROJEÇÃO DE 1,5 M3/H, NAS SUPERFÍCIES EXTERNAS DA SACADA, ESPESSURA DE 50 MM, ACESSO POR ANDAIME, SEM USO DE TELA METÁLICA. AF_08/2022",Massa Única Externa,M2,928df42a952625eb12d41baf2b5ab17e1207af6e7881cb9f1c7fcac4708400e3,cf0a6ec0d12d972fae6165d875a66ccac7a46aca1a48056afa01d979958db812,2026-05,2026-06,180.71,179.78,178.32,2026-06-12,persistencia,180.71,,2026-05,,7b4bc08b19ada86fc17bcdd336fc488aa71badd090b90a8d98cb10055d49def8,cenario_proxima_competencia_sem_observacao
sinapi_es,sem_desoneracao,104264,"EMBOÇO OU MASSA ÚNICA EM ARGAMASSA TRAÇO 1:2:8, PREPARO MECÂNICO COM BETONEIRA 400 L, APLICADA COM PROJETOR TIPO CANEQUINHA EM SUPERFÍCIES EXTERNAS DA SACADA, ESPESSURA DE 50 MM, ACESSO POR ANDAIME, SEM USO DE TELA METÁLICA. AF_08/2022",Massa Única Externa,M2,928df42a952625eb12d41baf2b5ab17e1207af6e7881cb9f1c7fcac4708400e3,d0798d7b17f74379e622c88a00a5919a81fb81404319130a9cfc2dbeab48f1c2,2026-05,2026-06,143.45,143.16,140.29,2026-06-12,persistencia,143.45,,2026-05,,7b4bc08b19ada86fc17bcdd336fc488aa71badd090b90a8d98cb10055d49def8,cenario_proxima_competencia_sem_observacao
sinapi_es,sem_desoneracao,87775,"EMBOÇO OU MASSA ÚNICA EM ARGAMASSA TRAÇO 1:2:8, PREPARO MECÂNICO COM BETONEIRA 400 L, APLICADA MANUALMENTE EM PANOS DE FACHADA COM PRESENÇA DE VÃOS, ESPESSURA DE 25 MM. AF_08/2022",Massa Única Externa,M2,928df42a952625eb12d41baf2b5ab17e1207af6e7881cb9f1c7fcac4708400e3,a2482e0370e20cf913133cb42fd58c0260fcf0b0e270bd4ec7a3d632007491f6,2026-05,2026-06,67.46,67.28,65.76,2026-06-12,persistencia,67.46,,2026-05,,7b4bc08b19ada86fc17bcdd336fc488aa71badd090b90a8d98cb10055d49def8,cenario_proxima_competencia_sem_observacao
sinapi_es,sem_desoneracao,87777,"EMBOÇO OU MASSA ÚNICA EM ARGAMASSA TRAÇO 1:2:8, PREPARO MANUAL, APLICADA MANUALMENTE EM PANOS DE FACHADA COM PRESENÇA DE VÃOS, ESPESSURA DE 25 MM. AF_08/2022",Massa Única Externa,M2,928df42a952625eb12d41baf2b5ab17e1207af6e7881cb9f1c7fcac4708400e3,bd97c29d8898456dd47ae5e8e25a30d804249a391007a8933d37eee55a5c65a1,2026-05,2026-06,72.17,71.99,70.43,2026-06-12,persistencia,72.17,,2026-05,,7b4bc08b19ada86fc17bcdd336fc488aa71badd090b90a8d98cb10055d49def8,cenario_proxima_competencia_sem_observacao
sinapi_es,sem_desoneracao,87778,"EMBOÇO OU MASSA ÚNICA EM ARGAMASSA INDUSTRIALIZADA, PREPARO MECÂNICO E APLICAÇÃO COM EQUIPAMENTO DE MISTURA E PROJEÇÃO DE 1,5 M3/H DE ARGAMASSA EM PANOS DE FACHADA COM PRESENÇA DE VÃOS, ESPESSURA DE 25 MM. AF_08/2022",Massa Única Externa,M2,928df42a952625eb12d41baf2b5ab17e1207af6e7881cb9f1c7fcac4708400e3,0b0c3a7b5894fe54919ed820415c811468bc75fbeb85fc72bc5101f7ef98029b,2026-05,2026-06,94.33,93.8,93.15,2026-06-12,persistencia,94.33,,2026-05,,7b4bc08b19ada86fc17bcdd336fc488aa71badd090b90a8d98cb10055d49def8,cenario_proxima_competencia_sem_observacao
sinapi_es,sem_desoneracao,87779,"EMBOÇO OU MASSA ÚNICA EM ARGAMASSA TRAÇO 1:2:8, PREPARO MECÂNICO COM BETONEIRA 400 L, APLICADA MANUALMENTE EM PANOS DE FACHADA COM PRESENÇA DE VÃOS, ESPESSURA DE 35 MM. AF_08/2022",Massa Única Externa,M2,928df42a952625eb12d41baf2b5ab17e1207af6e7881cb9f1c7fcac4708400e3,fee997c0f0e9b244d27aefbb410ccd5f1b0f785cbb9f94c8b38f2809523f01e7,2026-05,2026-06,86.95,86.72,84.8,2026-06-12,persistencia,86.95,,2026-05,,7b4bc08b19ada86fc17bcdd336fc488aa71badd090b90a8d98cb10055d49def8,cenario_proxima_competencia_sem_observacao
sinapi_es,sem_desoneracao,87781,"EMBOÇO OU MASSA ÚNICA EM ARGAMASSA TRAÇO 1:2:8, PREPARO MANUAL, APLICADA MANUALMENTE EM PANOS DE FACHADA COM PRESENÇA DE VÃOS, ESPESSURA DE 35 MM. AF_08/2022",Massa Única Externa,M2,928df42a952625eb12d41baf2b5ab17e1207af6e7881cb9f1c7fcac4708400e3,fe3e206393ad1aefd73c69ce7e666f81c63add4b6f8e52f80a6d79a1037cf7a3,2026-05,2026-06,93.27,93.03,91.07,2026-06-12,persistencia,93.27,,2026-05,,7b4bc08b19ada86fc17bcdd336fc488aa71badd090b90a8d98cb10055d49def8,cenario_proxima_competencia_sem_observacao
sinapi_es,sem_desoneracao,87783,"EMBOÇO OU MASSA ÚNICA EM ARGAMASSA INDUSTRIALIZADA, PREPARO MECÂNICO E APLICAÇÃO COM EQUIPAMENTO DE MISTURA E PROJEÇÃO DE 1,5 M3/H DE ARGAMASSA EM PANOS DE FACHADA COM PRESENÇA DE VÃOS, ESPESSURA DE 35 MM. AF_08/2022",Massa Única Externa,M2,928df42a952625eb12d41baf2b5ab17e1207af6e7881cb9f1c7fcac4708400e3,a2033e6241058e6b0933cbc7cef789034b669453706981bae6476887b8c660bc,2026-05,2026-06,123.33,122.61,121.87,2026-06-12,persistencia,123.33,,2026-05,,7b4bc08b19ada86fc17bcdd336fc488aa71badd090b90a8d98cb10055d49def8,cenario_proxima_competencia_sem_observacao
sinapi_es,sem_desoneracao,87784,"EMBOÇO OU MASSA ÚNICA EM ARGAMASSA TRAÇO 1:2:8, PREPARO MECÂNICO COM BETONEIRA 400 L, APLICADA MANUALMENTE EM PANOS DE FACHADA COM PRESENÇA DE VÃOS, ESPESSURA DE 45 MM. AF_08/2022",Massa Única Externa,M2,928df42a952625eb12d41baf2b5ab17e1207af6e7881cb9f1c7fcac4708400e3,381e85c673d7b46514d378c962992a05b76d1c808f0c9a3264fd73572e3072ed,2026-05,2026-06,94.06,93.76,91.78,2026-06-12,persistencia,94.06,,2026-05,,7b4bc08b19ada86fc17bcdd336fc488aa71badd090b90a8d98cb10055d49def8,cenario_proxima_competencia_sem_observacao
sinapi_es,sem_desoneracao,87786,"EMBOÇO OU MASSA ÚNICA EM ARGAMASSA TRAÇO 1:2:8, PREPARO MANUAL, APLICADA MANUALMENTE EM PANOS DE FACHADA COM PRESENÇA DE VÃOS, ESPESSURA DE 45 MM. AF_08/2022",Massa Única Externa,M2,928df42a952625eb12d41baf2b5ab17e1207af6e7881cb9f1c7fcac4708400e3,1cbf777249e57bbc3a8df738f3133564af770b3584c99ed15f15c27c208a0c64,2026-05,2026-06,101.99,101.69,99.64,2026-06-12,persistencia,101.99,,2026-05,,7b4bc08b19ada86fc17bcdd336fc488aa71badd090b90a8d98cb10055d49def8,cenario_proxima_competencia_sem_observacao
sinapi_es,sem_desoneracao,87787,"EMBOÇO OU MASSA ÚNICA EM ARGAMASSA INDUSTRIALIZADA, PREPARO MECÂNICO E APLICAÇÃO COM EQUIPAMENTO DE MISTURA E PROJEÇÃO DE 1,5 M3/H DE ARGAMASSA EM PANOS DE FACHADA COM PRESENÇA DE VÃOS, ESPESSURA DE 45 MM. AF_08/2022",Massa Única Externa,M2,928df42a952625eb12d41baf2b5ab17e1207af6e7881cb9f1c7fcac4708400e3,960f1287da09493ea7c3eb387177c29d062b086894af980944d8106901ec1cda,2026-05,2026-06,140.98,140.07,139.53,2026-06-12,persistencia,140.98,,2026-05,,7b4bc08b19ada86fc17bcdd336fc488aa71badd090b90a8d98cb10055d49def8,cenario_proxima_competencia_sem_observacao
sinapi_es,sem_desoneracao,87788,"EMBOÇO OU MASSA ÚNICA EM ARGAMASSA TRAÇO 1:2:8, PREPARO MECÂNICO COM BETONEIRA 400 L, APLICADA MANUALMENTE EM PANOS DE FACHADA COM PRESENÇA DE VÃOS, ESPESSURA MAIOR OU IGUAL A 50 MM. AF_08/2022",Massa Única Externa,M2,928df42a952625eb12d41baf2b5ab17e1207af6e7881cb9f1c7fcac4708400e3,1905160eb839ccf739c5c34c57a79d5e28ba3b5a2545d453f2352791f0c5ca77,2026-05,2026-06,111.68,111.35,108.96,2026-06-12,persistencia,111.68,,2026-05,,7b4bc08b19ada86fc17bcdd336fc488aa71badd090b90a8d98cb10055d49def8,cenario_proxima_competencia_sem_observacao
sinapi_es,sem_desoneracao,87791,"EMBOÇO OU MASSA ÚNICA EM ARGAMASSA INDUSTRIALIZADA, PREPARO MECÂNICO E APLICAÇÃO COM EQUIPAMENTO DE MISTURA E PROJEÇÃO DE 1,5 M3/H DE ARGAMASSA EM PANOS DE FACHADA COM PRESENÇA DE VÃOS, ESPESSURA MAIOR OU IGUAL A 50 MM. AF_08/2022",Massa Única Externa,M2,928df42a952625eb12d41baf2b5ab17e1207af6e7881cb9f1c7fcac4708400e3,3b9427ad914d08d6e3ef05a389b47f99c4c3c4b77ef0ed7ca014831ab33dfb69,2026-05,2026-06,155.53,154.54,153.92,2026-06-12,persistencia,155.53,,2026-05,,7b4bc08b19ada86fc17bcdd336fc488aa71badd090b90a8d98cb10055d49def8,cenario_proxima_competencia_sem_observacao
sinapi_es,sem_desoneracao,87792,"EMBOÇO OU MASSA ÚNICA EM ARGAMASSA TRAÇO 1:2:8, PREPARO MECÂNICO COM BETONEIRA 400 L, APLICADA MANUALMENTE EM PANOS CEGOS DE FACHADA (SEM PRESENÇA DE VÃOS), ESPESSURA DE 25 MM. AF_08/2022",Massa Única Externa,M2,928df42a952625eb12d41baf2b5ab17e1207af6e7881cb9f1c7fcac4708400e3,9e321dc8723a00d7dbe464f4f2a7df8663a08c1c48c614ba21bab05d0b4fbb9e,2026-05,2026-06,48.75,48.57,47.54,2026-06-12,persistencia,48.75,,2026-05,,7b4bc08b19ada86fc17bcdd336fc488aa71badd090b90a8d98cb10055d49def8,cenario_proxima_competencia_sem_observacao
sinapi_es,sem_desoneracao,87794,"EMBOÇO OU MASSA ÚNICA EM ARGAMASSA TRAÇO 1:2:8, PREPARO MANUAL, APLICADA MANUALMENTE EM PANOS CEGOS DE FACHADA (SEM PRESENÇA DE VÃOS), ESPESSURA DE 25 MM. AF_09/2022",Massa Única Externa,M2,928df42a952625eb12d41baf2b5ab17e1207af6e7881cb9f1c7fcac4708400e3,d399cf2279360bc468565101dbf864ab0d076df5f9fced96cfd73b4763558cf2,2026-05,2026-06,53.15,52.97,51.9,2026-06-12,persistencia,53.15,,2026-05,,7b4bc08b19ada86fc17bcdd336fc488aa71badd090b90a8d98cb10055d49def8,cenario_proxima_competencia_sem_observacao
sinapi_es,sem_desoneracao,87795,"EMBOÇO OU MASSA ÚNICA EM ARGAMASSA INDUSTRIALIZADA, PREPARO MECÂNICO E APLICAÇÃO COM EQUIPAMENTO DE MISTURA E PROJEÇÃO DE 1,5 M3/H DE ARGAMASSA EM PANOS CEGOS DE FACHADA (SEM PRESENÇA DE VÃOS), ESPESSURA DE 25 MM. AF_08/2022",Massa Única Externa,M2,928df42a952625eb12d41baf2b5ab17e1207af6e7881cb9f1c7fcac4708400e3,e69315ace1becb8f4d658843ad86cf6cf2725a5538eda8e048fcc104b22621a4,2026-05,2026-06,75.19,74.68,74.43,2026-06-12,persistencia,75.19,,2026-05,,7b4bc08b19ada86fc17bcdd336fc488aa71badd090b90a8d98cb10055d49def8,cenario_proxima_competencia_sem_observacao
sinapi_es,sem_desoneracao,87797,"EMBOÇO OU MASSA ÚNICA EM ARGAMASSA TRAÇO 1:2:8, PREPARO MECÂNICO COM BETONEIRA 400 L, APLICADA MANUALMENTE EM PANOS CEGOS DE FACHADA (SEM PRESENÇA DE VÃOS), ESPESSURA DE 35 MM. AF_08/2022",Massa Única Externa,M2,928df42a952625eb12d41baf2b5ab17e1207af6e7881cb9f1c7fcac4708400e3,44f594747e7646bb59ffd54cd7b80ab5db502332c1138702c8b5df8bf142e0ce,2026-05,2026-06,67.86,67.63,66.19,2026-06-12,persistencia,67.86,,2026-05,,7b4bc08b19ada86fc17bcdd336fc488aa71badd090b90a8d98cb10055d49def8,cenario_proxima_competencia_sem_observacao
sinapi_es,sem_desoneracao,87799,"EMBOÇO OU MASSA ÚNICA EM ARGAMASSA TRAÇO 1:2:8, PREPARO MANUAL, APLICADA MANUALMENTE EM PANOS CEGOS DE FACHADA (SEM PRESENÇA DE VÃOS), ESPESSURA DE 35 MM. AF_08/2022",Massa Única Externa,M2,928df42a952625eb12d41baf2b5ab17e1207af6e7881cb9f1c7fcac4708400e3,916cfcc7edb83aef2493b856db6f616b766c956fea5c2ab53a725ae032ca7ca3,2026-05,2026-06,73.76,73.53,72.04,2026-06-12,persistencia,73.76,,2026-05,,7b4bc08b19ada86fc17bcdd336fc488aa71badd090b90a8d98cb10055d49def8,cenario_proxima_competencia_sem_observacao
sinapi_es,sem_desoneracao,87800,"EMBOÇO OU MASSA ÚNICA EM ARGAMASSA INDUSTRIALIZADA, PREPARO MECÂNICO E APLICAÇÃO COM EQUIPAMENTO DE MISTURA E PROJEÇÃO DE 1,5 M3/H DE ARGAMASSA EM PANOS CEGOS DE FACHADA (SEM PRESENÇA DE VÃOS), ESPESSURA DE 35 MM. AF_08/2022",Massa Única Externa,M2,928df42a952625eb12d41baf2b5ab17e1207af6e7881cb9f1c7fcac4708400e3,a370a37326e956ba6e8ca53f7d8e3ba2e85c1df19cda6af48093411859f8f437,2026-05,2026-06,102.97,102.29,101.91,2026-06-12,persistencia,102.97,,2026-05,,7b4bc08b19ada86fc17bcdd336fc488aa71badd090b90a8d98cb10055d49def8,cenario_proxima_competencia_sem_observacao
sinapi_es,sem_desoneracao,87801,"EMBOÇO OU MASSA ÚNICA EM ARGAMASSA TRAÇO 1:2:8, PREPARO MECÂNICO COM BETONEIRA 400 L, APLICADA MANUALMENTE EM PANOS CEGOS DE FACHADA (SEM PRESENÇA DE VÃOS), ESPESSURA DE 45 MM. AF_08/2022",Massa Única Externa,M2,928df42a952625eb12d41baf2b5ab17e1207af6e7881cb9f1c7fcac4708400e3,7ce9df82954bda316e87553eb46aae5ebb0382e476d169b9efe77f8545250bc0,2026-05,2026-06,74.51,74.22,72.72,2026-06-12,persistencia,74.51,,2026-05,,7b4bc08b19ada86fc17bcdd336fc488aa71badd090b90a8d98cb10055d49def8,cenario_proxima_competencia_sem_observacao
sinapi_es,sem_desoneracao,87803,"EMBOÇO OU MASSA ÚNICA EM ARGAMASSA TRAÇO 1:2:8, PREPARO MANUAL, APLICADA MANUALMENTE EM PANOS CEGOS DE FACHADA (SEM PRESENÇA DE VÃOS), ESPESSURA DE 45 MM. AF_08/2022",Massa Única Externa,M2,928df42a952625eb12d41baf2b5ab17e1207af6e7881cb9f1c7fcac4708400e3,00c08c41f8a0f0289858af7c4631e0e58324c2b83d3fe75963d5d74908027eda,2026-05,2026-06,81.91,81.62,80.06,2026-06-12,persistencia,81.91,,2026-05,,7b4bc08b19ada86fc17bcdd336fc488aa71badd090b90a8d98cb10055d49def8,cenario_proxima_competencia_sem_observacao
sinapi_es,sem_desoneracao,87804,"EMBOÇO OU MASSA ÚNICA EM ARGAMASSA INDUSTRIALIZADA, PREPARO MECÂNICO E APLICAÇÃO COM EQUIPAMENTO DE MISTURA E PROJEÇÃO DE 1,5 M3/H DE ARGAMASSA EM PANOS CEGOS DE FACHADA (SEM PRESENÇA DE VÃOS), ESPESSURA DE 45 MM. AF_08/2022",Massa Única Externa,M2,928df42a952625eb12d41baf2b5ab17e1207af6e7881cb9f1c7fcac4708400e3,6f69b14488e1769d861c075b4ef47d6612b2dbb9a2f40ece3c587746969c5559,2026-05,2026-06,119.47,118.61,118.42,2026-06-12,persistencia,119.47,,2026-05,,7b4bc08b19ada86fc17bcdd336fc488aa71badd090b90a8d98cb10055d49def8,cenario_proxima_competencia_sem_observacao
sinapi_es,sem_desoneracao,87805,"EMBOÇO OU MASSA ÚNICA EM ARGAMASSA TRAÇO 1:2:8, PREPARO MECÂNICO COM BETONEIRA 400 L, APLICADA MANUALMENTE EM PANOS CEGOS DE FACHADA (SEM PRESENÇA DE VÃOS), ESPESSURA MAIOR OU IGUAL A 50 MM. AF_08/2022",Massa Única Externa,M2,928df42a952625eb12d41baf2b5ab17e1207af6e7881cb9f1c7fcac4708400e3,5ecb8cf4d193ddcfde1e94c7d420805ec2b33cb75ae616fdbe148e6c2198d697,2026-05,2026-06,81.41,81.09,79.47,2026-06-12,persistencia,81.41,,2026-05,,7b4bc08b19ada86fc17bcdd336fc488aa71badd090b90a8d98cb10055d49def8,cenario_proxima_competencia_sem_observacao
sinapi_es,sem_desoneracao,87807,"EMBOÇO OU MASSA ÚNICA EM ARGAMASSA TRAÇO 1:2:8, PREPARO MANUAL, APLICADA MANUALMENTE EM PANOS CEGOS DE FACHADA (SEM PRESENÇA DE VÃOS), ESPESSURA MAIOR OU IGUAL A 50 MM. AF_08/2022",Massa Única Externa,M2,928df42a952625eb12d41baf2b5ab17e1207af6e7881cb9f1c7fcac4708400e3,3203e854774dded8487b260f6c5bb6f208bbd83df97a9e5a5af43a8042a99855,2026-05,2026-06,89.56,89.24,87.56,2026-06-12,persistencia,89.56,,2026-05,,7b4bc08b19ada86fc17bcdd336fc488aa71badd090b90a8d98cb10055d49def8,cenario_proxima_competencia_sem_observacao
sinapi_es,sem_desoneracao,87808,"EMBOÇO OU MASSA ÚNICA EM ARGAMASSA INDUSTRIALIZADA, PREPARO MECÂNICO E APLICAÇÃO COM EQUIPAMENTO DE MISTURA E PROJEÇÃO DE 1,5 M3/H DE ARGAMASSA EM PANOS CEGOS DE FACHADA (SEM PRESENÇA DE VÃOS), ESPESSURA MAIOR OU IGUAL A 50 MM. AF_08/2022",Massa Única Externa,M2,928df42a952625eb12d41baf2b5ab17e1207af6e7881cb9f1c7fcac4708400e3,9f56c16fb0c3dc5d998a714938159273a81aea8025b11be7bd3ceb80c9a4cd3b,2026-05,2026-06,126.8,125.86,125.79,2026-06-12,persistencia,126.8,,2026-05,,7b4bc08b19ada86fc17bcdd336fc488aa71badd090b90a8d98cb10055d49def8,cenario_proxima_competencia_sem_observacao
sinapi_es,sem_desoneracao,87809,"EMBOÇO OU MASSA ÚNICA EM ARGAMASSA TRAÇO 1:2:8, PREPARO MECÂNICO COM BETONEIRA 400 L, APLICADA MANUALMENTE EM SUPERFÍCIES EXTERNAS DA SACADA, ESPESSURA DE 25 MM, SEM USO DE TELA METÁLICA DE REFORÇO CONTRA FISSURAÇÃO. AF_08/2022",Massa Única Externa,M2,928df42a952625eb12d41baf2b5ab17e1207af6e7881cb9f1c7fcac4708400e3,61298ad455b49d2357db2b60acda10fa387314a5a2b797ed50169e64246f1177,2026-05,2026-06,98.8,98.63,96.32,2026-06-12,persistencia,98.8,,2026-05,,7b4bc08b19ada86fc17bcdd336fc488aa71badd090b90a8d98cb10055d49def8,cenario_proxima_competencia_sem_observacao
sinapi_es,sem_desoneracao,87811,"EMBOÇO OU MASSA ÚNICA EM ARGAMASSA TRAÇO 1:2:8, PREPARO MANUAL, APLICADA MANUALMENTE EM SUPERFÍCIES EXTERNAS DA SACADA, ESPESSURA DE 25 MM, SEM USO DE TELA METÁLICA DE REFORÇO CONTRA FISSURAÇÃO. AF_08/2022",Massa Única Externa,M2,928df42a952625eb12d41baf2b5ab17e1207af6e7881cb9f1c7fcac4708400e3,d79d3c1d073273df2c1498b2c4952c46dbf2e7dc1b7917b5bb7344048fc10d61,2026-05,2026-06,103.2,103.03,100.68,2026-06-12,persistencia,103.2,,2026-05,,7b4bc08b19ada86fc17bcdd336fc488aa71badd090b90a8d98cb10055d49def8,cenario_proxima_competencia_sem_observacao
sinapi_es,sem_desoneracao,87812,"EMBOÇO OU MASSA ÚNICA EM ARGAMASSA INDUSTRIALIZADA, PREPARO MECÂNICO E APLICAÇÃO COM EQUIPAMENTO DE MISTURA E PROJEÇÃO DE 1,5 M3/H EM SUPERFÍCIES EXTERNAS DA SACADA, ESPESSURA 25 MM, SEM USO DE TELA METÁLICA. AF_08/2022",Massa Única Externa,M2,928df42a952625eb12d41baf2b5ab17e1207af6e7881cb9f1c7fcac4708400e3,34246ee33f6ddc025f996a0cac9c47bdf5431d13111a2ab5b3dee1c817172d2f,2026-05,2026-06,120.43,119.93,118.52,2026-06-12,persistencia,120.43,,2026-05,,7b4bc08b19ada86fc17bcdd336fc488aa71badd090b90a8d98cb10055d49def8,cenario_proxima_competencia_sem_observacao
sinapi_es,sem_desoneracao,87813,"EMBOÇO OU MASSA ÚNICA EM ARGAMASSA TRAÇO 1:2:8, PREPARO MECÂNICO COM BETONEIRA 400 L, APLICADA MANUALMENTE EM SUPERFÍCIES EXTERNAS DA SACADA, ESPESSURA DE 35 MM, SEM USO DE TELA METÁLICA DE REFORÇO CONTRA FISSURAÇÃO. AF_08/2022",Massa Única Externa,M2,928df42a952625eb12d41baf2b5ab17e1207af6e7881cb9f1c7fcac4708400e3,fc48aab019bd28d1a5f34cbb6943a7007cea22d2af3f24c5796059f31dd5392e,2026-05,2026-06,117.92,117.7,114.98,2026-06-12,persistencia,117.92,,2026-05,,7b4bc08b19ada86fc17bcdd336fc488aa71badd090b90a8d98cb10055d49def8,cenario_proxima_competencia_sem_observacao
sinapi_es,sem_desoneracao,87815,"EMBOÇO OU MASSA ÚNICA EM ARGAMASSA TRAÇO 1:2:8, PREPARO MANUAL, APLICADA MANUALMENTE EM SUPERFÍCIES EXTERNAS DA SACADA, ESPESSURA DE 35 MM, SEM USO DE TELA METÁLICA DE REFORÇO CONTRA FISSURAÇÃO. AF_08/2022",Massa Única Externa,M2,928df42a952625eb12d41baf2b5ab17e1207af6e7881cb9f1c7fcac4708400e3,809e898405ffd57bc8a3b5c96755d1995152f55d7b0555c127504de06ce768e1,2026-05,2026-06,123.82,123.6,120.83,2026-06-12,persistencia,123.82,,2026-05,,7b4bc08b19ada86fc17bcdd336fc488aa71badd090b90a8d98cb10055d49def8,cenario_proxima_competencia_sem_observacao
sinapi_es,sem_desoneracao,87816,"EMBOÇO OU MASSA ÚNICA EM ARGAMASSA INDUSTRIALIZADA, PREPARO MECÂNICO E APLICAÇÃO COM EQUIPAMENTO DE MISTURA E PROJEÇÃO DE 1,5 M3/H EM SUPERFÍCIES EXTERNAS DA SACADA, ESPESSURA 35 MM, SEM USO DE TELA METÁLICA. AF_08/2022",Massa Única Externa,M2,928df42a952625eb12d41baf2b5ab17e1207af6e7881cb9f1c7fcac4708400e3,c82127c23ce52cf6c6b8779e44171e227a5e35074f0b3b2a231837e430a95919,2026-05,2026-06,148.27,147.6,146.07,2026-06-12,persistencia,148.27,,2026-05,,7b4bc08b19ada86fc17bcdd336fc488aa71badd090b90a8d98cb10055d49def8,cenario_proxima_competencia_sem_observacao
sinapi_es,sem_desoneracao,87817,"EMBOÇO OU MASSA ÚNICA EM ARGAMASSA TRAÇO 1:2:8, PREPARO MECÂNICO COM BETONEIRA 400 L, APLICADA MANUALMENTE EM SUPERFÍCIES EXTERNAS DA SACADA, ESPESSURA DE 45 MM, SEM USO DE TELA METÁLICA DE REFORÇO CONTRA FISSURAÇÃO. AF_08/2022",Massa Única Externa,M2,928df42a952625eb12d41baf2b5ab17e1207af6e7881cb9f1c7fcac4708400e3,6b51f0076a63f4b57f5968c1b7d83158d47ad14510d48b2f44e9500a9864ea4a,2026-05,2026-06,124.57,124.29,121.51,2026-06-12,persistencia,124.57,,2026-05,,7b4bc08b19ada86fc17bcdd336fc488aa71badd090b90a8d98cb10055d49def8,cenario_proxima_competencia_sem_observacao
sinapi_es,sem_desoneracao,87819,"EMBOÇO OU MASSA ÚNICA EM ARGAMASSA TRAÇO 1:2:8, PREPARO MANUAL, APLICADA MANUALMENTE EM SUPERFÍCIES EXTERNAS DA SACADA, ESPESSURA DE 45 MM, SEM USO DE TELA METÁLICA DE REFORÇO CONTRA FISSURAÇÃO. AF_08/2022",Massa Única Externa,M2,928df42a952625eb12d41baf2b5ab17e1207af6e7881cb9f1c7fcac4708400e3,33278bfffb148e3076e2fc99153ba3f0332d2d55d5d76709eb9414f21e05c05b,2026-05,2026-06,131.97,131.69,128.85,2026-06-12,persistencia,131.97,,2026-05,,7b4bc08b19ada86fc17bcdd336fc488aa71badd090b90a8d98cb10055d49def8,cenario_proxima_competencia_sem_observacao
sinapi_es,sem_desoneracao,87820,"EMBOÇO OU MASSA ÚNICA EM ARGAMASSA INDUSTRIALIZADA, PREPARO MECÂNICO E APLICAÇÃO COM EQUIPAMENTO DE MISTURA E PROJEÇÃO DE 1,5 M3/H EM SUPERFÍCIES EXTERNAS DA SACADA, ESPESSURA 45 MM, SEM USO DE TELA METÁLICA. AF_08/2022",Massa Única Externa,M2,928df42a952625eb12d41baf2b5ab17e1207af6e7881cb9f1c7fcac4708400e3,63c130e848a53e4bf2a0db8391766b220a0cdfc35baf569417efa0c13d1d7bea,2026-05,2026-06,164.77,163.92,162.58,2026-06-12,persistencia,164.77,,2026-05,,7b4bc08b19ada86fc17bcdd336fc488aa71badd090b90a8d98cb10055d49def8,cenario_proxima_competencia_sem_observacao
sinapi_es,sem_desoneracao,87821,"EMBOÇO OU MASSA ÚNICA EM ARGAMASSA TRAÇO 1:2:8, PREPARO MECÂNICO COM BETONEIRA 400 L, APLICADA MANUALMENTE EM SUPERFÍCIES EXTERNAS DA SACADA, ESPESSURA MAIOR OU IGUAL A 50 MM, SEM USO DE TELA METÁLICA DE REFORÇO CONTRA FISSURAÇÃO. AF_08/2022",Massa Única Externa,M2,928df42a952625eb12d41baf2b5ab17e1207af6e7881cb9f1c7fcac4708400e3,f63cbc44732c9aee8ab5d9ee0a9c0d9e98ece2656c4eb3b7704a5c61f4138e0b,2026-05,2026-06,162.92,162.61,158.86,2026-06-12,persistencia,162.92,,2026-05,,7b4bc08b19ada86fc17bcdd336fc488aa71badd090b90a8d98cb10055d49def8,cenario_proxima_competencia_sem_observacao
sinapi_es,sem_desoneracao,87823,"EMBOÇO OU MASSA ÚNICA EM ARGAMASSA TRAÇO 1:2:8, PREPARO MANUAL, APLICADA MANUALMENTE EM SUPERFÍCIES EXTERNAS DA SACADA, ESPESSURA MAIOR OU IGUAL A 50 MM, SEM USO DE TELA METÁLICA DE REFORÇO CONTRA FISSURAÇÃO. AF_08/2022",Massa Única Externa,M2,928df42a952625eb12d41baf2b5ab17e1207af6e7881cb9f1c7fcac4708400e3,9f895372f655ede29491f2ecdf9e73b68791751c07de5385d8301acffa9b15a4,2026-05,2026-06,171.07,170.76,166.95,2026-06-12,persistencia,171.07,,2026-05,,7b4bc08b19ada86fc17bcdd336fc488aa71badd090b90a8d98cb10055d49def8,cenario_proxima_competencia_sem_observacao
sinapi_es,sem_desoneracao,87824,"EMBOÇO OU MASSA ÚNICA EM ARGAMASSA INDUSTRIALIZADA, PREPARO MECÂNICO E APLICAÇÃO COM EQUIPAMENTO DE MISTURA E PROJEÇÃO DE 1,5 M3/H EM SUPERFÍCIES EXTERNAS DA SACADA, ESPESSURA MAIOR OU IGUAL A 50 MM, SEM USO DE TELA METÁLICA. AF_08/2022",Massa Única Externa,M2,928df42a952625eb12d41baf2b5ab17e1207af6e7881cb9f1c7fcac4708400e3,e57c17c60772b51d1534db6c1b1970b79798015dea7b98d579886116f89443e4,2026-05,2026-06,192.45,191.52,189.75,2026-06-12,persistencia,192.45,,2026-05,,7b4bc08b19ada86fc17bcdd336fc488aa71badd090b90a8d98cb10055d49def8,cenario_proxima_competencia_sem_observacao
sinapi_es,sem_desoneracao,87825,"EMBOÇO OU MASSA ÚNICA EM ARGAMASSA TRAÇO 1:2:8, PREPARO MECÂNICO COM BETONEIRA 400 L, APLICADA MANUALMENTE NAS PAREDES INTERNAS DA SACADA, ESPESSURA DE 25 MM, SEM USO DE TELA METÁLICA DE REFORÇO CONTRA FISSURAÇÃO. AF_08/2022",Massa Única Externa,M2,928df42a952625eb12d41baf2b5ab17e1207af6e7881cb9f1c7fcac4708400e3,17d95b879c8a1a9fd293bb252adb49833af342814c0c8bc32dfcbe00d26fdd2f,2026-05,2026-06,91.52,91.31,89.26,2026-06-12,persistencia,91.52,,2026-05,,7b4bc08b19ada86fc17bcdd336fc488aa71badd090b90a8d98cb10055d49def8,cenario_proxima_competencia_sem_observacao
sinapi_es,sem_desoneracao,87827,"EMBOÇO OU MASSA ÚNICA EM ARGAMASSA TRAÇO 1:2:8, PREPARO MANUAL, APLICADA MANUALMENTE NAS PAREDES INTERNAS DA SACADA, ESPESSURA DE 25 MM, SEM USO DE TELA METÁLICA DE REFORÇO CONTRA FISSURAÇÃO. AF_08/2022",Massa Única Externa,M2,928df42a952625eb12d41baf2b5ab17e1207af6e7881cb9f1c7fcac4708400e3,efbed24483e0fd8dae2a4ed3b9024db29574b8b75bb141999dce1bebcb367422,2026-05,2026-06,96.9,96.7,94.61,2026-06-12,persistencia,96.9,,2026-05,,7b4bc08b19ada86fc17bcdd336fc488aa71badd090b90a8d98cb10055d49def8,cenario_proxima_competencia_sem_observacao
sinapi_es,sem_desoneracao,87828,"EMBOÇO OU MASSA ÚNICA EM ARGAMASSA INDUSTRIALIZADA, PREPARO MECÂNICO E APLICAÇÃO COM EQUIPAMENTO DE MISTURA E PROJEÇÃO DE 1,5 M3/H NAS PAREDES INTERNAS DA SACADA, ESPESSURA 25 MM, SEM USO DE TELA METÁLICA. AF_08/2022",Massa Única Externa,M2,928df42a952625eb12d41baf2b5ab17e1207af6e7881cb9f1c7fcac4708400e3,d0852c0ede59029a69aa6457835ef9c8b3d9710475e36f5ac372a3f946b77ff0,2026-05,2026-06,120.8,120.18,119.18,2026-06-12,persistencia,120.8,,2026-05,,7b4bc08b19ada86fc17bcdd336fc488aa71badd090b90a8d98cb10055d49def8,cenario_proxima_competencia_sem_observacao
sinapi_es,sem_desoneracao,87829,"EMBOÇO OU MASSA ÚNICA EM ARGAMASSA TRAÇO 1:2:8, PREPARO MECÂNICO COM BETONEIRA 400 L, APLICADA MANUALMENTE NAS PAREDES INTERNAS DA SACADA, ESPESSURA DE 35 MM, SEM USO DE TELA METÁLICA DE REFORÇO CONTRA FISSURAÇÃO. AF_08/2022",Massa Única Externa,M2,928df42a952625eb12d41baf2b5ab17e1207af6e7881cb9f1c7fcac4708400e3,c7c8461c01fcf4501cccd715c086f5404a9a47a63158d91e15b76e67fb09db7d,2026-05,2026-06,110.25,109.98,107.57,2026-06-12,persistencia,110.25,,2026-05,,7b4bc08b19ada86fc17bcdd336fc488aa71badd090b90a8d98cb10055d49def8,cenario_proxima_competencia_sem_observacao
sinapi_es,sem_desoneracao,87831,"EMBOÇO OU MASSA ÚNICA EM ARGAMASSA TRAÇO 1:2:8, PREPARO MANUAL, APLICADA MANUALMENTE NAS PAREDES INTERNAS DA SACADA, ESPESSURA DE 35 MM, SEM USO DE TELA METÁLICA DE REFORÇO CONTRA FISSURAÇÃO. AF_08/2022",Massa Única Externa,M2,928df42a952625eb12d41baf2b5ab17e1207af6e7881cb9f1c7fcac4708400e3,af99b133dfdeef5b13e6ea1e81368a1a82c50f6f92447ce31f11740a1f04cc36,2026-05,2026-06,117.47,117.2,114.74,2026-06-12,persistencia,117.47,,2026-05,,7b4bc08b19ada86fc17bcdd336fc488aa71badd090b90a8d98cb10055d49def8,cenario_proxima_competencia_sem_observacao
sinapi_es,sem_desoneracao,87832,"EMBOÇO OU MASSA ÚNICA EM ARGAMASSA INDUSTRIALIZADA, PREPARO MECÂNICO E APLICAÇÃO COM EQUIPAMENTO DE MISTURA E PROJEÇÃO DE 1,5 M3/H DE ARGAMASSA NAS PAREDES INTERNAS DA SACADA, ESPESSURA 35 MM, SEM USO DE TELA METÁLICA. AF_08/2022",Massa Única Externa,M2,928df42a952625eb12d41baf2b5ab17e1207af6e7881cb9f1c7fcac4708400e3,42cd64d67ad0c7c2b04d4142e14eb0818f583079e3fa217e213dd4dfb31ca71c,2026-05,2026-06,150.58,149.75,148.72,2026-06-12,persistencia,150.58,,2026-05,,7b4bc08b19ada86fc17bcdd336fc488aa71badd090b90a8d98cb10055d49def8,cenario_proxima_competencia_sem_observacao
sinapi_es,sem_desoneracao,104951,"MASSA ÚNICA, EM ARGAMASSA TRAÇO 1:2:8, PREPARO MECÂNICO, APLICADA MANUALMENTE EM PAREDES INTERNAS DE AMBIENTES COM ÁREA MAIOR QUE 10M², E = 17,5MM, COM TALISCAS. AF_03/2024",Massa Única Interna,M2,928df42a952625eb12d41baf2b5ab17e1207af6e7881cb9f1c7fcac4708400e3,f032010ba1425658fabc55c31b4e34c3fb6f18c4fc34cbfaedf7d760066d4538,2026-05,2026-06,40.01,39.84,38.96,2026-06-12,linear_multipla,40.256066318991614,,2026-05,765c6fe0ef58872b.joblib,7b4bc08b19ada86fc17bcdd336fc488aa71badd090b90a8d98cb10055d49def8,cenario_proxima_competencia_sem_observacao
sinapi_es,sem_desoneracao,104952,"MASSA ÚNICA, EM ARGAMASSA TRAÇO 1:2:8, PREPARO MANUAL, APLICADA MANUALMENTE EM PAREDES INTERNAS DE AMBIENTES COM ÁREA MAIOR QUE 10M², E = 17,5MM, COM TALISCAS. AF_03/2024",Massa Única Interna,M2,928df42a952625eb12d41baf2b5ab17e1207af6e7881cb9f1c7fcac4708400e3,e04d83c9220e399f1219a5ec8d743102dec47d803bc4bce03f0f8af76c9c98ec,2026-05,2026-06,44.57,44.4,43.49,2026-06-12,linear_multipla,44.856231235929236,,2026-05,765c6fe0ef58872b.joblib,7b4bc08b19ada86fc17bcdd336fc488aa71badd090b90a8d98cb10055d49def8,cenario_proxima_competencia_sem_observacao
sinapi_es,sem_desoneracao,104953,"MASSA ÚNICA, EM ARGAMASSA INDUSTRIALIZADA, PREPARO MECÂNICO, APLICADA COM EQUIPAMENTO DE MISTURA E PROJEÇÃO DE ARGAMASSA EM PAREDES INTERNAS, E = 17,5MM, COM TALISCAS. AF_03/2024",Massa Única Interna,M2,928df42a952625eb12d41baf2b5ab17e1207af6e7881cb9f1c7fcac4708400e3,22194317e0966cde1133d698ba520b3d0651a2838a2f3e1c4bb0ca711cc9b25c,2026-05,2026-06,63.74,63.22,63.18,2026-06-12,linear_multipla,64.37909228612534,,2026-05,765c6fe0ef58872b.joblib,7b4bc08b19ada86fc17bcdd336fc488aa71badd090b90a8d98cb10055d49def8,cenario_proxima_competencia_sem_observacao
sinapi_es,sem_desoneracao,104954,"EMBOÇO, EM ARGAMASSA TRAÇO 1:2:8, PREPARO MANUAL, APLICADO MANUALMENTE EM PAREDES INTERNAS DE AMBIENTES COM PÉ-DIREITO DUPLO E ÁREA ENTRE 5M² E 10M², E = 17,5MM, COM TALISCAS. AF_03/2024",Massa Única Interna,M2,928df42a952625eb12d41baf2b5ab17e1207af6e7881cb9f1c7fcac4708400e3,51102345d1552ba17db86d4ab510dbdcb90888644b9e1c62853b19aef205a1bb,2026-05,2026-06,59.37,59.2,57.78,2026-06-12,linear_multipla,59.651464395254536,,2026-05,765c6fe0ef58872b.joblib,7b4bc08b19ada86fc17bcdd336fc488aa71badd090b90a8d98cb10055d49def8,cenario_proxima_competencia_sem_observacao
sinapi_es,sem_desoneracao,104955,"MASSA ÚNICA, EM ARGAMASSA TRAÇO 1:2:8, PREPARO MECÂNICO, APLICADA MANUALMENTE EM PAREDES INTERNAS DE AMBIENTES COM PÉ-DIREITO DUPLO E ÁREA MAIOR QUE 10M², E = 17,5MM, COM TALISCAS. AF_03/2024",Massa Única Interna,M2,928df42a952625eb12d41baf2b5ab17e1207af6e7881cb9f1c7fcac4708400e3,8e24308c439d5bb292d8e7f4698b95e8ecc7c5fd8125a8e7055ae729a4b64551,2026-05,2026-06,50.9,50.73,49.48,2026-06-12,linear_multipla,51.14428249686763,,2026-05,765c6fe0ef58872b.joblib,7b4bc08b19ada86fc17bcdd336fc488aa71badd090b90a8d98cb10055d49def8,cenario_proxima_competencia_sem_observacao
sinapi_es,sem_desoneracao,104956,"MASSA ÚNICA, EM ARGAMASSA TRAÇO 1:2:8, PREPARO MANUAL, APLICADA MANUALMENTE EM PAREDES INTERNAS DE AMBIENTES COM PÉ-DIREITO DUPLO E ÁREA MAIOR QUE 10M², E = 17,5MM, COM TALISCAS. AF_03/2024",Massa Única Interna,M2,928df42a952625eb12d41baf2b5ab17e1207af6e7881cb9f1c7fcac4708400e3,c8079c53d290f4f10753dba820352dfb9a59fec60c2c092f428e68b5c8719f60,2026-05,2026-06,55.46,55.29,54.01,2026-06-12,linear_multipla,55.744447413805254,,2026-05,765c6fe0ef58872b.joblib,7b4bc08b19ada86fc17bcdd336fc488aa71badd090b90a8d98cb10055d49def8,cenario_proxima_competencia_sem_observacao
sinapi_es,sem_desoneracao,104957,"EMBOÇO, EM ARGAMASSA TRAÇO 1:2:8, PREPARO MECÂNICO, APLICADO MANUALMENTE EM PAREDES INTERNAS DE AMBIENTES COM PÉ-DIREITO DUPLO E ÁREA MAIOR QUE 10M², E = 17,5MM, COM TALISCAS. AF_03/2024",Massa Única Interna,M2,928df42a952625eb12d41baf2b5ab17e1207af6e7881cb9f1c7fcac4708400e3,13eb370256735813fd891b4736d1e6154b67e7c26bce9a1bf14dd64da1ba9ce4,2026-05,2026-06,49.6,49.43,48.22,2026-06-12,linear_multipla,49.843130209373044,,2026-05,765c6fe0ef58872b.joblib,7b4bc08b19ada86fc17bcdd336fc488aa71badd090b90a8d98cb10055d49def8,cenario_proxima_competencia_sem_observacao
sinapi_es,sem_desoneracao,104958,"MASSA ÚNICA, EM ARGAMASSA TRAÇO 1:2:8 PREPARO MECÂNICO, APLICADA MANUALMENTE EM PAREDES INTERNAS DE AMBIENTES COM ÁREA MAIOR QUE 10M², E = 10MM, COM TALISCAS. AF_03/2024",Massa Única Interna,M2,928df42a952625eb12d41baf2b5ab17e1207af6e7881cb9f1c7fcac4708400e3,3515e098820d5e51c51c9d9f77f58aecc8dc92373334d247a4cc1d4df164bf0d,2026-05,2026-06,27.96,27.85,27.2,2026-06-12,linear_multipla,28.17366322492208,,2026-05,765c6fe0ef58872b.joblib,7b4bc08b19ada86fc17bcdd336fc488aa71badd090b90a8d98cb10055d49def8,cenario_proxima_competencia_sem_observacao
sinapi_es,sem_desoneracao,104959,"MASSA ÚNICA, EM ARGAMASSA TRAÇO 1:2:8 PREPARO MANUAL, APLICADA MANUALMENTE EM PAREDES INTERNAS DE AMBIENTES COM ÁREA MAIOR QUE 10M², E = 10MM, COM TALISCAS. AF_03/2024",Massa Única Interna,M2,928df42a952625eb12d41baf2b5ab17e1207af6e7881cb9f1c7fcac4708400e3,5386408c1e513ef9a722a4898b7af25fe4c62e1e05b5286a7fc1019375cca659,2026-05,2026-06,30.88,30.76,30.09,2026-06-12,linear_multipla,31.115061635954685,,2026-05,765c6fe0ef58872b.joblib,7b4bc08b19ada86fc17bcdd336fc488aa71badd090b90a8d98cb10055d49def8,cenario_proxima_competencia_sem_observacao
sinapi_es,sem_desoneracao,104960,"MASSA ÚNICA, EM ARGAMASSA INDUSTRIALIZADA, PREPARO MECÂNICO, APLICADA COM EQUIPAMENTO DE MISTURA E PROJEÇÃO DE ARGAMASSA EM PAREDES INTERNAS, E = 10MM, COM TALISCAS. AF_03/2024",Massa Única Interna,M2,928df42a952625eb12d41baf2b5ab17e1207af6e7881cb9f1c7fcac4708400e3,c907eb96db05ed1deca93aebc7a5ac6ba6b84550bad21c980aea5139fc8cd696,2026-05,2026-06,41.87,41.54,41.46,2026-06-12,linear_multipla,42.3334337680807,,2026-05,765c6fe0ef58872b.joblib,7b4bc08b19ada86fc17bcdd336fc488aa71badd090b90a8d98cb10055d49def8,cenario_proxima_competencia_sem_observacao
sinapi_es,sem_desoneracao,104961,"EMBOÇO, EM ARGAMASSA TRAÇO 1:2:8, PREPARO MECÂNICO, APLICADO MANUALMENTE EM PAREDES INTERNAS DE AMBIENTES COM PÉ-DIREITO DUPLO E ÁREA MENOR QUE 5M², E = 17,5MM, COM TALISCAS. AF_03/2024",Massa Única Interna,M2,928df42a952625eb12d41baf2b5ab17e1207af6e7881cb9f1c7fcac4708400e3,496c0aa7b0c2d4ec0006d0fe58406fcd81d4f72b430cd1af3caefae25d1adf7b,2026-05,2026-06,63.56,63.39,61.7,2026-06-12,linear_multipla,63.79897909580481,,2026-05,765c6fe0ef58872b.joblib,7b4bc08b19ada86fc17bcdd336fc488aa71badd090b90a8d98cb10055d49def8,cenario_proxima_competencia_sem_observacao
sinapi_es,sem_desoneracao,104962,"EMBOÇO, EM ARGAMASSA TRAÇO 1:2:8, PREPARO MANUAL, APLICADO MANUALMENTE EM PAREDES INTERNAS DE AMBIENTES COM PÉ-DIREITO DUPLO E ÁREA MENOR QUE 5M², E = 17,5MM, COM TALISCAS. AF_03/2024",Massa Única Interna,M2,928df42a952625eb12d41baf2b5ab17e1207af6e7881cb9f1c7fcac4708400e3,13ec839d385a7e56e7c8b8a38f1d80b46de365c7312465edeb00707acb26c41d,2026-05,2026-06,68.12,67.95,66.23,2026-06-12,linear_multipla,68.39914401274243,,2026-05,765c6fe0ef58872b.joblib,7b4bc08b19ada86fc17bcdd336fc488aa71badd090b90a8d98cb10055d49def8,cenario_proxima_competencia_sem_observacao
sinapi_es,sem_desoneracao,104963,"MASSA ÚNICA, EM ARGAMASSA TRAÇO 1:2:8, PREPARO MECÂNICO, APLICADA MANUALMENTE EM PAREDES INTERNAS DE AMBIENTES COM PÉ-DIREITO DUPLO E ÁREA ENTRE 5M² E 10M², E = 17,5MM, COM TALISCAS. AF_03/2024",Massa Única Interna,M2,928df42a952625eb12d41baf2b5ab17e1207af6e7881cb9f1c7fcac4708400e3,2bd58c55a8f1740912d25d45d3822f2d0d9e0e4b3b0d1e0904970b9a10dd1308,2026-05,2026-06,57.35,57.18,55.7,2026-06-12,linear_multipla,57.58967154777195,,2026-05,765c6fe0ef58872b.joblib,7b4bc08b19ada86fc17bcdd336fc488aa71badd090b90a8d98cb10055d49def8,cenario_proxima_competencia_sem_observacao
sinapi_es,sem_desoneracao,104964,"MASSA ÚNICA, EM ARGAMASSA TRAÇO 1:2:8, PREPARO MANUAL, APLICADA MANUALMENTE EM PAREDES INTERNAS DE AMBIENTES COM PÉ-DIREITO DUPLO E ÁREA ENTRE 5M² E 10M², E = 17,5MM, COM TALISCAS. AF_03/2024",Massa Única Interna,M2,928df42a952625eb12d41baf2b5ab17e1207af6e7881cb9f1c7fcac4708400e3,2215b289c29ff5ca969bb69eb3d0e591ee70da92796da8fd0f37ab610a14d972,2026-05,2026-06,61.91,61.74,60.23,2026-06-12,linear_multipla,62.18983646470957,,2026-05,765c6fe0ef58872b.joblib,7b4bc08b19ada86fc17bcdd336fc488aa71badd090b90a8d98cb10055d49def8,cenario_proxima_competencia_sem_observacao
sinapi_es,sem_desoneracao,104965,"EMBOÇO, EM ARGAMASSA TRAÇO 1:2:8, PREPARO MECÂNICO, APLICADO MANUALMENTE EM PAREDES INTERNAS DE AMBIENTES COM PÉ-DIREITO DUPLO E ÁREA ENTRE 5M² E 10M², E = 17,5MM, COM TALISCAS. AF_03/2024",Massa Única Interna,M2,928df42a952625eb12d41baf2b5ab17e1207af6e7881cb9f1c7fcac4708400e3,0ee3bb4470f67f4f68f10fefe7f1f9f89898330d16ab272a2c153567b82b3284,2026-05,2026-06,54.81,54.64,53.25,2026-06-12,linear_multipla,55.05129947831691,,2026-05,765c6fe0ef58872b.joblib,7b4bc08b19ada86fc17bcdd336fc488aa71badd090b90a8d98cb10055d49def8,cenario_proxima_competencia_sem_observacao
sinapi_es,sem_desoneracao,104966,"EMBOÇO, EM ARGAMASSA TRAÇO 1:2:8, PREPARO MANUAL, APLICADO MANUALMENTE EM PAREDES INTERNAS DE AMBIENTES COM PÉ-DIREITO DUPLO E ÁREA MAIOR QUE 10M², E = 17,5MM, COM TALISCAS. AF_03/2024",Massa Única Interna,M2,928df42a952625eb12d41baf2b5ab17e1207af6e7881cb9f1c7fcac4708400e3,272cbec0094762f2b5eb2722543d8aa2e467307a8fbeaa101edbfbda21b481e7,2026-05,2026-06,54.16,53.99,52.75,2026-06-12,linear_multipla,54.443295126310666,,2026-05,765c6fe0ef58872b.joblib,7b4bc08b19ada86fc17bcdd336fc488aa71badd090b90a8d98cb10055d49def8,cenario_proxima_competencia_sem_observacao
sinapi_es,sem_desoneracao,104967,"EMBOÇO, EM ARGAMASSA TRAÇO 1:2:8, PREPARO MECÂNICO, APLICADO MANUALMENTE EM PAREDES INTERNAS DE AMBIENTES COM PÉ-DIREITO DUPLO E ÁREA MENOR QUE 5M², E = 10MM, COM TALISCAS. AF_03/2024",Massa Única Interna,M2,928df42a952625eb12d41baf2b5ab17e1207af6e7881cb9f1c7fcac4708400e3,b217b4b9936cecdd2145362e176c7d1cf2a473ba5f890436f83fa3ffc31b2412,2026-05,2026-06,48.9,48.79,47.42,2026-06-12,linear_multipla,49.10743655456972,,2026-05,765c6fe0ef58872b.joblib,7b4bc08b19ada86fc17bcdd336fc488aa71badd090b90a8d98cb10055d49def8,cenario_proxima_competencia_sem_observacao
sinapi_es,sem_desoneracao,104968,"EMBOÇO, EM ARGAMASSA TRAÇO 1:2:8, PREPARO MANUAL, APLICADO MANUALMENTE EM PAREDES INTERNAS DE AMBIENTES COM PÉ-DIREITO DUPLO E ÁREA MENOR QUE 5M², E = 10MM, COM TALISCAS. AF_03/2024",Massa Única Interna,M2,928df42a952625eb12d41baf2b5ab17e1207af6e7881cb9f1c7fcac4708400e3,1fcf48c88642b1ea54edab3ac4f666923045a42c6704cd2725bfec183b5d8103,2026-05,2026-06,51.82,51.7,50.31,2026-06-12,linear_multipla,52.04883496560233,,2026-05,765c6fe0ef58872b.joblib,7b4bc08b19ada86fc17bcdd336fc488aa71badd090b90a8d98cb10055d49def8,cenario_proxima_competencia_sem_observacao
sinapi_es,sem_desoneracao,104969,"MASSA ÚNICA, EM ARGAMASSA TRAÇO 1:2:8, PREPARO MECÂNICO, APLICADA MANUALMENTE EM PAREDES INTERNAS DE AMBIENTES COM PÉ-DIREITO DUPLO E ÁREA ENTRE 5M² E 10M², E = 10MM, COM TALISCAS. AF_03/2024",Massa Única Interna,M2,928df42a952625eb12d41baf2b5ab17e1207af6e7881cb9f1c7fcac4708400e3,c1fdcb2550d6a8c68add014da2d00f4edfda6bc2da3011c62dac0e79999f5a19,2026-05,2026-06,42.68,42.57,41.42,2026-06-12,linear_multipla,42.89129413436051,,2026-05,765c6fe0ef58872b.joblib,7b4bc08b19ada86fc17bcdd336fc488aa71badd090b90a8d98cb10055d49def8,cenario_proxima_competencia_sem_observacao
sinapi_es,sem_desoneracao,104970,"MASSA ÚNICA, EM ARGAMASSA TRAÇO 1:2:8, PREPARO MANUAL, APLICADA MANUALMENTE EM PAREDES INTERNAS DE AMBIENTES COM PÉ-DIREITO DUPLO E ÁREA ENTRE 5M² E 10M², E = 10MM, COM TALISCAS. AF_03/2024",Massa Única Interna,M2,928df42a952625eb12d41baf2b5ab17e1207af6e7881cb9f1c7fcac4708400e3,27b3cddbcbd651f7834e0982b10c2ea97cf43838c4c0f0b63ff4a17031298977,2026-05,2026-06,45.6,45.48,44.31,2026-06-12,linear_multipla,45.832692545393115,,2026-05,765c6fe0ef58872b.joblib,7b4bc08b19ada86fc17bcdd336fc488aa71badd090b90a8d98cb10055d49def8,cenario_proxima_competencia_sem_observacao
sinapi_es,sem_desoneracao,104971,"EMBOÇO, EM ARGAMASSA TRAÇO 1:2:8, PREPARO MECÂNICO, APLICADO MANUALMENTE EM PAREDES INTERNAS DE AMBIENTES COM PÉ-DIREITO DUPLO E ÁREA ENTRE 5M² E 10M², E = 10MM, COM TALISCAS. AF_03/2024",Massa Única Interna,M2,928df42a952625eb12d41baf2b5ab17e1207af6e7881cb9f1c7fcac4708400e3,d59cfbad6a9530cef5d478b1657dcb07f2dbba2c5c1e6d273093a67aca2f3a61,2026-05,2026-06,40.15,40.04,38.98,2026-06-12,linear_multipla,40.36303169029269,,2026-05,765c6fe0ef58872b.joblib,7b4bc08b19ada86fc17bcdd336fc488aa71badd090b90a8d98cb10055d49def8,cenario_proxima_competencia_sem_observacao
sinapi_es,sem_desoneracao,104972,"EMBOÇO, EM ARGAMASSA TRAÇO 1:2:8, PREPARO MANUAL, APLICADO MANUALMENTE EM PAREDES INTERNAS DE AMBIENTES COM PÉ-DIREITO DUPLO E ÁREA ENTRE 5M² E 10M², E = 10MM, COM TALISCAS. AF_03/2024",Massa Única Interna,M2,928df42a952625eb12d41baf2b5ab17e1207af6e7881cb9f1c7fcac4708400e3,b0fb5cd1cb059c54e308167516459bfe24a3afd7482bd260d4463f060276f7df,2026-05,2026-06,43.07,42.95,41.87,2026-06-12,linear_multipla,43.30443010132529,,2026-05,765c6fe0ef58872b.joblib,7b4bc08b19ada86fc17bcdd336fc488aa71badd090b90a8d98cb10055d49def8,cenario_proxima_competencia_sem_observacao
sinapi_es,sem_desoneracao,104973,"MASSA ÚNICA, EM ARGAMASSA TRAÇO 1:2:8, PREPARO MECÂNICO, APLICADA MANUALMENTE EM PAREDES INTERNAS DE AMBIENTES COM PÉ-DIREITO DUPLO ÁREA MAIOR QUE 10M², E = 10MM, COM TALISCAS. AF_03/2024",Massa Única Interna,M2,928df42a952625eb12d41baf2b5ab17e1207af6e7881cb9f1c7fcac4708400e3,d9fe80bbf79031e583baed1285a9fb2b51ecb97471e8f70b7a42eae14c9fcb7d,2026-05,2026-06,36.24,36.13,35.2,2026-06-12,linear_multipla,36.45273995563255,,2026-05,765c6fe0ef58872b.joblib,7b4bc08b19ada86fc17bcdd336fc488aa71badd090b90a8d98cb10055d49def8,cenario_proxima_competencia_sem_observacao
sinapi_es,sem_desoneracao,104974,"MASSA ÚNICA, EM ARGAMASSA TRAÇO 1:2:8, PREPARO MANUAL, APLICADA MANUALMENTE EM PAREDES INTERNAS DE AMBIENTES COM PÉ-DIREITO DUPLO ÁREA MAIOR QUE 10M², E = 10MM, COM TALISCAS. AF_03/2024",Massa Única Interna,M2,928df42a952625eb12d41baf2b5ab17e1207af6e7881cb9f1c7fcac4708400e3,7594177991f51f47f14e8a1b07afaaf89ac27bec4f3d84c979fe6bf5948a5027,2026-05,2026-06,39.16,39.04,38.09,2026-06-12,linear_multipla,39.39413836666516,,2026-05,765c6fe0ef58872b.joblib,7b4bc08b19ada86fc17bcdd336fc488aa71badd090b90a8d98cb10055d49def8,cenario_proxima_competencia_sem_observacao
sinapi_es,sem_desoneracao,104975,"EMBOÇO, EM ARGAMASSA TRAÇO 1:2:8, PREPARO MECÂNICO, APLICADO MANUALMENTE EM PAREDES INTERNAS DE AMBIENTES COM PÉ-DIREITO DUPLO E ÁREA MAIOR QUE 10M², E = 10MM, COM TALISCAS. AF_03/2024",Massa Única Interna,M2,928df42a952625eb12d41baf2b5ab17e1207af6e7881cb9f1c7fcac4708400e3,201e21f5492be011f47bc20d9374fa7e99199ff0171eb0cfbde8ac82825b49dd,2026-05,2026-06,34.94,34.83,33.95,2026-06-12,linear_multipla,35.15486242134882,,2026-05,765c6fe0ef58872b.joblib,7b4bc08b19ada86fc17bcdd336fc488aa71badd090b90a8d98cb10055d49def8,cenario_proxima_competencia_sem_observacao
sinapi_es,sem_desoneracao,104976,"EMBOÇO, EM ARGAMASSA TRAÇO 1:2:8, PREPARO MANUAL, APLICADO MANUALMENTE EM PAREDES INTERNAS DE AMBIENTES COM PÉ-DIREITO DUPLO E ÁREA MAIOR QUE 10M², E = 10MM, COM TALISCAS. AF_03/2024",Massa Única Interna,M2,928df42a952625eb12d41baf2b5ab17e1207af6e7881cb9f1c7fcac4708400e3,15388740802935aeb74e6e8db2f2fbbeceef611aa6a3884c42ae931c04ecef1e,2026-05,2026-06,37.86,37.74,36.84,2026-06-12,linear_multipla,38.09626083238142,,2026-05,765c6fe0ef58872b.joblib,7b4bc08b19ada86fc17bcdd336fc488aa71badd090b90a8d98cb10055d49def8,cenario_proxima_competencia_sem_observacao
sinapi_es,sem_desoneracao,104977,"MASSA ÚNICA, EM ARGAMASSA TRAÇO 1:2:8, PREPARO MECÂNICO, APLICADA MANUALMENTE EM TETO DE AMBIENTES COM PAREDES EM PÉ-DIREITO DUPLO, E = 17,5MM, COM TALISCAS. AF_03/2024",Massa Única Interna,M2,928df42a952625eb12d41baf2b5ab17e1207af6e7881cb9f1c7fcac4708400e3,353f47faf6da2246b59d36d9f0b0d3cd36b8c621bfc9bb1ab60f2464bac30b35,2026-05,2026-06,60.3,60.13,58.55,2026-06-12,linear_multipla,60.53926350489196,,2026-05,765c6fe0ef58872b.joblib,7b4bc08b19ada86fc17bcdd336fc488aa71badd090b90a8d98cb10055d49def8,cenario_proxima_competencia_sem_observacao
sinapi_es,sem_desoneracao,104978,"MASSA ÚNICA, EM ARGAMASSA TRAÇO 1:2:8, PREPARO MECÂNICO, APLICADA MANUALMENTE EM TETO DE AMBIENTES COM PAREDES EM PÉ-DIREITO DUPLO, E = 10MM, COM TALISCAS. AF_03/2024",Massa Única Interna,M2,928df42a952625eb12d41baf2b5ab17e1207af6e7881cb9f1c7fcac4708400e3,1699e05fa7ff67a05f55b859faaba5a9831d8f3a79efa1200939c68b77dc1870,2026-05,2026-06,45.87,45.76,44.49,2026-06-12,linear_multipla,46.076967594351984,,2026-05,765c6fe0ef58872b.joblib,7b4bc08b19ada86fc17bcdd336fc488aa71badd090b90a8d98cb10055d49def8,cenario_proxima_competencia_sem_observacao
sinapi_es,sem_desoneracao,87527,"EMBOÇO, EM ARGAMASSA TRAÇO 1:2:8, PREPARO MECÂNICO, APLICADO MANUALMENTE EM PAREDES INTERNAS DE AMBIENTES COM ÁREA MENOR QUE 5M², E =17,5MM, COM TALISCAS. AF_03/2024",Massa Única Interna,M2,928df42a952625eb12d41baf2b5ab17e1207af6e7881cb9f1c7fcac4708400e3,cfcf94c6e41aaa655e08494755800291c86398b691dc3ebbb07238bb0214877a,2026-05,2026-06,48.18,48.01,46.84,2026-06-12,linear_multipla,48.420662417231874,,2026-05,765c6fe0ef58872b.joblib,7b4bc08b19ada86fc17bcdd336fc488aa71badd090b90a8d98cb10055d49def8,cenario_proxima_competencia_sem_observacao
sinapi_es,sem_desoneracao,87528,"EMBOÇO, EM ARGAMASSA TRAÇO 1:2:8, PREPARO MANUAL, APLICADO MANUALMENTE EM PAREDES INTERNAS DE AMBIENTES COM ÁREA MENOR QUE 5M², E = 17,5MM, COM TALISCAS. AF_03/2024",Massa Única Interna,M2,928df42a952625eb12d41baf2b5ab17e1207af6e7881cb9f1c7fcac4708400e3,f88acf28556017e3f8d90674b7f150b9c775ec892a5fa23531b5f3cfd7fa07c1,2026-05,2026-06,52.74,52.57,51.37,2026-06-12,linear_multipla,53.02082733416949,,2026-05,765c6fe0ef58872b.joblib,7b4bc08b19ada86fc17bcdd336fc488aa71badd090b90a8d98cb10055d49def8,cenario_proxima_competencia_sem_observacao
sinapi_es,sem_desoneracao,87529,"MASSA ÚNICA, EM ARGAMASSA TRAÇO 1:2:8, PREPARO MECÂNICO, APLICADA MANUALMENTE EM PAREDES INTERNAS DE AMBIENTES COM ÁREA ENTRE 5M² E 10M², E = 17,5MM, COM TALISCAS. AF_03/2024",Massa Única Interna,M2,928df42a952625eb12d41baf2b5ab17e1207af6e7881cb9f1c7fcac4708400e3,51058c9ca9bb446efbc9f66f4bc067f600037378923eb292b2a7b4e9663cd536,2026-05,2026-06,44.17,44.0,42.98,2026-06-12,linear_multipla,44.41582393512128,,2026-05,765c6fe0ef58872b.joblib,7b4bc08b19ada86fc17bcdd336fc488aa71badd090b90a8d98cb10055d49def8,cenario_proxima_competencia_sem_observacao
sinapi_es,sem_desoneracao,87530,"MASSA ÚNICA, EM ARGAMASSA TRAÇO 1:2:8, PREPARO MANUAL, APLICADA MANUALMENTE EM PAREDES INTERNAS DE AMBIENTES COM ÁREA ENTRE 5M² E 10M², E = 17,5MM, COM TALISCAS. AF_03/2024",Massa Única Interna,M2,928df42a952625eb12d41baf2b5ab17e1207af6e7881cb9f1c7fcac4708400e3,f4653747204ddb6ef1216b0a73411cd6b705dbd715316a1ac1b4899187e18c3a,2026-05,2026-06,48.73,48.56,47.51,2026-06-12,linear_multipla,49.015988852058896,,2026-05,765c6fe0ef58872b.joblib,7b4bc08b19ada86fc17bcdd336fc488aa71badd090b90a8d98cb10055d49def8,cenario_proxima_competencia_sem_observacao
sinapi_es,sem_desoneracao,87531,"EMBOÇO, EM ARGAMASSA TRAÇO 1:2:8, PREPARO MECÂNICO, APLICADO MANUALMENTE EM PAREDES INTERNAS DE AMBIENTES COM ÁREA ENTRE 5M² E 10M², E = 17,5MM, COM TALISCAS. AF_03/2024",Massa Única Interna,M2,928df42a952625eb12d41baf2b5ab17e1207af6e7881cb9f1c7fcac4708400e3,5cf5fa1559c5af2484dd3cb269a2fe37b88dd82497d46379a6484ec234b7994d,2026-05,2026-06,42.53,42.36,41.4,2026-06-12,linear_multipla,42.77749389088308,,2026-05,765c6fe0ef58872b.joblib,7b4bc08b19ada86fc17bcdd336fc488aa71badd090b90a8d98cb10055d49def8,cenario_proxima_competencia_sem_observacao
sinapi_es,sem_desoneracao,87532,"EMBOÇO, EM ARGAMASSA TRAÇO 1:2:8, PREPARO MANUAL, APLICADO MANUALMENTE EM PAREDES INTERNAS DE AMBIENTES COM ÁREA ENTRE 5M² E 10M², E = 17,5MM, COM TALISCAS. AF_03/2024",Massa Única Interna,M2,928df42a952625eb12d41baf2b5ab17e1207af6e7881cb9f1c7fcac4708400e3,1f5a1403d55198188bf8e9b586b0c2a826c97d9aea6daf30bf5fd471c2ab5bd5,2026-05,2026-06,47.09,46.92,45.93,2026-06-12,linear_multipla,47.377658807820694,,2026-05,765c6fe0ef58872b.joblib,7b4bc08b19ada86fc17bcdd336fc488aa71badd090b90a8d98cb10055d49def8,cenario_proxima_competencia_sem_observacao
sinapi_es,sem_desoneracao,87535,"EMBOÇO, EM ARGAMASSA TRAÇO 1:2:8, PREPARO MECÂNICO, APLICADO MANUALMENTE EM PAREDES INTERNAS DE AMBIENTES COM ÁREA MAIOR QUE 10M², E = 17,5MM, COM TALISCAS. AF_03/2024",Massa Única Interna,M2,928df42a952625eb12d41baf2b5ab17e1207af6e7881cb9f1c7fcac4708400e3,75f046b4c2e38c391f87c73d77eace94a5198ed8b45b2f5c69c17839505744e9,2026-05,2026-06,39.17,39.0,38.15,2026-06-12,linear_multipla,39.41668204609808,,2026-05,765c6fe0ef58872b.joblib,7b4bc08b19ada86fc17bcdd336fc488aa71badd090b90a8d98cb10055d49def8,cenario_proxima_competencia_sem_observacao
sinapi_es,sem_desoneracao,87536,"EMBOÇO, EM ARGAMASSA TRAÇO 1:2:8, PREPARO MANUAL, APLICADO MANUALMENTE EM PAREDES INTERNAS DE AMBIENTES COM ÁREA MAIOR QUE 10M², E = 17,5MM, COM TALISCAS. AF_03/2024",Massa Única Interna,M2,928df42a952625eb12d41baf2b5ab17e1207af6e7881cb9f1c7fcac4708400e3,ff724283229ffc52ab4e6fdbc1e4f1508678f009a51ed267e81e48606679df26,2026-05,2026-06,43.73,43.56,42.68,2026-06-12,linear_multipla,44.016846963035704,,2026-05,765c6fe0ef58872b.joblib,7b4bc08b19ada86fc17bcdd336fc488aa71badd090b90a8d98cb10055d49def8,cenario_proxima_competencia_sem_observacao
sinapi_es,sem_desoneracao,87539,"EMBOÇO, EM ARGAMASSA INDUSTRIALIZADA, PREPARO MECÂNICO, APLICADO COM EQUIPAMENTO DE MISTURA E PROJEÇÃO DE ARGAMASSA EM PAREDES INTERNAS, E = 17,5MM, COM TALISCAS. AF_03/2024",Massa Única Interna,M2,928df42a952625eb12d41baf2b5ab17e1207af6e7881cb9f1c7fcac4708400e3,ae2597b0cae0eb31006635ea0148a395324a12271bf9211e4287578b8001abfe,2026-05,2026-06,65.72,65.2,65.07,2026-06-12,linear_multipla,66.35132533389631,,2026-05,765c6fe0ef58872b.joblib,7b4bc08b19ada86fc17bcdd336fc488aa71badd090b90a8d98cb10055d49def8,cenario_proxima_competencia_sem_observacao
sinapi_es,sem_desoneracao,87543,"MASSA ÚNICA, EM ARGAMASSA INDUSTRIALIZADA, PREPARO MECÂNICO, APLICADA COM EQUIPAMENTO DE MISTURA E PROJEÇÃO DE ARGAMASSA EM PAREDES INTERNAS, E = 5MM, SEM TALISCAS. AF_03/2024",Massa Única Interna,M2,928df42a952625eb12d41baf2b5ab17e1207af6e7881cb9f1c7fcac4708400e3,a2eec91ecdc9813de633089c60375d5b18d0867ea8458057b1fc8558f16f70f4,2026-05,2026-06,25.82,25.64,25.45,2026-06-12,linear_multipla,26.132403170469185,,2026-05,765c6fe0ef58872b.joblib,7b4bc08b19ada86fc17bcdd336fc488aa71badd090b90a8d98cb10055d49def8,cenario_proxima_competencia_sem_observacao
sinapi_es,sem_desoneracao,87545,"EMBOÇO, EM ARGAMASSA TRAÇO 1:2:8, PREPARO MECÂNICO, APLICADO MANUALMENTE EM PAREDES INTERNAS, PARA AMBIENTES COM ÁREA MENOR QUE 5M², E = 10MM, COM TALISCAS. AF_03/2024",Massa Única Interna,M2,928df42a952625eb12d41baf2b5ab17e1207af6e7881cb9f1c7fcac4708400e3,43f2faff6be5ffd8562628950c628adbffc8ce511884293370670b8a43ab6b43,2026-05,2026-06,36.13,36.02,35.09,2026-06-12,linear_multipla,36.341534076373186,,2026-05,765c6fe0ef58872b.joblib,7b4bc08b19ada86fc17bcdd336fc488aa71badd090b90a8d98cb10055d49def8,cenario_proxima_competencia_sem_observacao
sinapi_es,sem_desoneracao,87546,"EMBOÇO, EM ARGAMASSA TRAÇO 1:2:8, PREPARO MANUAL, APLICADO MANUALMENTE EM PAREDES INTERNAS, PARA AMBIENTES COM ÁREA MENOR QUE 5M², E = 10MM, COM TALISCAS. AF_03/2024",Massa Única Interna,M2,928df42a952625eb12d41baf2b5ab17e1207af6e7881cb9f1c7fcac4708400e3,003c713f4c98a1e5475e12419ba8aa4da9e509a15a18f49300e61564eac78da7,2026-05,2026-06,39.05,38.93,37.98,2026-06-12,linear_multipla,39.28293248740579,,2026-05,765c6fe0ef58872b.joblib,7b4bc08b19ada86fc17bcdd336fc488aa71badd090b90a8d98cb10055d49def8,cenario_proxima_competencia_sem_observacao
sinapi_es,sem_desoneracao,87547,"MASSA ÚNICA, EM ARGAMASSA TRAÇO 1:2:8, PREPARO MECÂNICO, APLICADA MANUALMENTE EM PAREDES INTERNAS DE AMBIENTES COM ÁREA ENTRE 5M² E 10M², E = 10MM, COM TALISCAS. AF_03/2024",Massa Única Interna,M2,928df42a952625eb12d41baf2b5ab17e1207af6e7881cb9f1c7fcac4708400e3,b626bc9c3413e6470f2b7ee933297f8fb338123361f2f440098f98e6f79ed25c,2026-05,2026-06,32.11,32.0,31.21,2026-06-12,linear_multipla,32.32331121566453,,2026-05,765c6fe0ef58872b.joblib,7b4bc08b19ada86fc17bcdd336fc488aa71badd090b90a8d98cb10055d49def8,cenario_proxima_competencia_sem_observacao
sinapi_es,sem_desoneracao,87548,"MASSA ÚNICA, EM ARGAMASSA TRAÇO 1:2:8, PREPARO MANUAL, APLICADA MANUALMENTE EM PAREDES INTERNAS DE AMBIENTES COM ÁREA ENTRE 5M² E 10M², E = 10MM, COM TALISCAS. AF_03/2024",Massa Única Interna,M2,928df42a952625eb12d41baf2b5ab17e1207af6e7881cb9f1c7fcac4708400e3,82bf6042abfe153aa611289cdfe21725e0adec29c29cccc271fcc896cbd7d9d2,2026-05,2026-06,35.03,34.91,34.1,2026-06-12,linear_multipla,35.26470962669714,,2026-05,765c6fe0ef58872b.joblib,7b4bc08b19ada86fc17bcdd336fc488aa71badd090b90a8d98cb10055d49def8,cenario_proxima_competencia_sem_observacao
sinapi_es,sem_desoneracao,87549,"EMBOÇO, EM ARGAMASSA TRAÇO 1:2:8, PREPARO MECÂNICO, APLICADO MANUALMENTE EM PAREDES INTERNAS DE AMBIENTES COM ÁREA ENTRE 5M² E 10M², E = 10MM, COM TALISCAS. AF_03/2024",Massa Única Interna,M2,928df42a952625eb12d41baf2b5ab17e1207af6e7881cb9f1c7fcac4708400e3,8038f7ea1348c8aac8590b41982c4b2f4ba9645aafb31c11fee891fc7d2c324e,2026-05,2026-06,30.48,30.37,29.64,2026-06-12,linear_multipla,30.69509079681354,,2026-05,765c6fe0ef58872b.joblib,7b4bc08b19ada86fc17bcdd336fc488aa71badd090b90a8d98cb10055d49def8,cenario_proxima_competencia_sem_observacao
sinapi_es,sem_desoneracao,87550,"EMBOÇO, EM ARGAMASSA TRAÇO 1:2:8, PREPARO MANUAL, APLICADO MANUALMENTE EM PAREDES INTERNAS DE AMBIENTES COM ÁREA ENTRE 5M² E 10M², E = 10MM, COM TALISCAS. AF_03/2024",Massa Única Interna,M2,928df42a952625eb12d41baf2b5ab17e1207af6e7881cb9f1c7fcac4708400e3,acc9e048cdb128a2598f176b6b605cf91a060bae3aab81a5b005ff66a94fcc47,2026-05,2026-06,33.4,33.28,32.53,2026-06-12,linear_multipla,33.63648920784615,,2026-05,765c6fe0ef58872b.joblib,7b4bc08b19ada86fc17bcdd336fc488aa71badd090b90a8d98cb10055d49def8,cenario_proxima_competencia_sem_observacao
sinapi_es,sem_desoneracao,87553,"EMBOÇO, EM ARGAMASSA TRAÇO 1:2:8, PREPARO MECÂNICO, APLICADO MANUALMENTE EM PAREDES INTERNAS DE AMBIENTES COM ÁREA MAIOR QUE 10M², E = 10MM, COM TALISCAS. AF_03/2024",Massa Única Interna,M2,928df42a952625eb12d41baf2b5ab17e1207af6e7881cb9f1c7fcac4708400e3,915c59f2cdecf7213e1cdaa1dff336f743e39870802aec3d55224acc954eff34,2026-05,2026-06,27.11,27.0,26.39,2026-06-12,linear_multipla,27.327444079852178,,2026-05,765c6fe0ef58872b.joblib,7b4bc08b19ada86fc17bcdd336fc488aa71badd090b90a8d98cb10055d49def8,cenario_proxima_competencia_sem_observacao
sinapi_es,sem_desoneracao,87554,"EMBOÇO, EM ARGAMASSA TRAÇO 1:2:8, PREPARO MANUAL, APLICADO MANUALMENTE EM PAREDES INTERNAS DE AMBIENTES COM ÁREA MAIOR QUE 10M², E = 10MM, COM TALISCAS. AF_03/2024",Massa Única Interna,M2,928df42a952625eb12d41baf2b5ab17e1207af6e7881cb9f1c7fcac4708400e3,59391ddd449df019a3525df95a54a930385bbcd2542ea36501a2d475e156c188,2026-05,2026-06,30.03,29.91,29.28,2026-06-12,linear_multipla,30.26884249088479,,2026-05,765c6fe0ef58872b.joblib,7b4bc08b19ada86fc17bcdd336fc488aa71badd090b90a8d98cb10055d49def8,cenario_proxima_competencia_sem_observacao
sinapi_es,sem_desoneracao,87557,"EMBOÇO, EM ARGAMASSA INDUSTRIALIZADA, PREPARO MECÂNICO, APLICADO COM EQUIPAMENTO DE MISTURA E PROJEÇÃO DE ARGAMASSA EM PAREDES INTERNAS, E = 10MM, COM TALISCAS. AF_03/2024",Massa Única Interna,M2,928df42a952625eb12d41baf2b5ab17e1207af6e7881cb9f1c7fcac4708400e3,b488ef57ba6a2c0042980e2dfb2021443e763aecd19d722916c7e9aed65e6201,2026-05,2026-06,43.85,43.52,43.36,2026-06-12,linear_multipla,44.30894156906253,,2026-05,765c6fe0ef58872b.joblib,7b4bc08b19ada86fc17bcdd336fc488aa71badd090b90a8d98cb10055d49def8,cenario_proxima_competencia_sem_observacao
sinapi_es,sem_desoneracao,87561,"MASSA ÚNICA, EM ARGAMASSA INDUSTRIALIZADA, PREPARO MECÂNICO, APLICADA COM EQUIPAMENTO DE MISTURA E PROJEÇÃO DE ARGAMASSA EM PAREDES INTERNAS, E = 10MM, SEM TALISCAS. AF_03/2024",Massa Única Interna,M2,928df42a952625eb12d41baf2b5ab17e1207af6e7881cb9f1c7fcac4708400e3,65df9709501e167bb29e19d31558106a08b63c6d4f45801659236366f28d2417,2026-05,2026-06,43.13,42.8,42.67,2026-06-12,linear_multipla,43.59087280081558,,2026-05,765c6fe0ef58872b.joblib,7b4bc08b19ada86fc17bcdd336fc488aa71badd090b90a8d98cb10055d49def8,cenario_proxima_competencia_sem_observacao
sinapi_es,sem_desoneracao,90406,"MASSA ÚNICA, EM ARGAMASSA TRAÇO 1:2:8, PREPARO MECÂNICO, APLICADA MANUALMENTE EM TETO, E = 17,5MM, COM TALISCAS. AF_03/2024",Massa Única Interna,M2,928df42a952625eb12d41baf2b5ab17e1207af6e7881cb9f1c7fcac4708400e3,e267d792f59a6189a617c5a52a99eb7c1488c245d040a064654d09643220eb6d,2026-05,2026-06,53.05,52.88,51.55,2026-06-12,linear_multipla,53.291653929432115,,2026-05,765c6fe0ef58872b.joblib,7b4bc08b19ada86fc17bcdd336fc488aa71badd090b90a8d98cb10055d49def8,cenario_proxima_competencia_sem_observacao
sinapi_es,sem_desoneracao,90408,"MASSA ÚNICA, EM ARGAMASSA TRAÇO 1:2:8, PREPARO MECÂNICO, APLICADA MANUALMENTE EM TETO, E = 10MM, COM TALISCAS. AF_03/2024",Massa Única Interna,M2,928df42a952625eb12d41baf2b5ab17e1207af6e7881cb9f1c7fcac4708400e3,e96da668908bb3973918f0cdbd0aa8461492de37e361f203b65b8959db99f335,2026-05,2026-06,39.91,39.8,38.74,2026-06-12,linear_multipla,40.120400680999516,,2026-05,765c6fe0ef58872b.joblib,7b4bc08b19ada86fc17bcdd336fc488aa71badd090b90a8d98cb10055d49def8,cenario_proxima_competencia_sem_observacao
sinapi_es,sem_desoneracao,104951,"MASSA ÚNICA, EM ARGAMASSA TRAÇO 1:2:8, PREPARO MECÂNICO, APLICADA MANUALMENTE EM PAREDES INTERNAS DE AMBIENTES COM ÁREA MAIOR QUE 10M², E = 17,5MM, COM TALISCAS. AF_03/2024",Massa Única Interna,M2,928df42a952625eb12d41baf2b5ab17e1207af6e7881cb9f1c7fcac4708400e3,f032010ba1425658fabc55c31b4e34c3fb6f18c4fc34cbfaedf7d760066d4538,2026-05,2026-06,40.01,39.84,38.96,2026-06-12,persistencia,40.01,,2026-05,,7b4bc08b19ada86fc17bcdd336fc488aa71badd090b90a8d98cb10055d49def8,cenario_proxima_competencia_sem_observacao
sinapi_es,sem_desoneracao,104952,"MASSA ÚNICA, EM ARGAMASSA TRAÇO 1:2:8, PREPARO MANUAL, APLICADA MANUALMENTE EM PAREDES INTERNAS DE AMBIENTES COM ÁREA MAIOR QUE 10M², E = 17,5MM, COM TALISCAS. AF_03/2024",Massa Única Interna,M2,928df42a952625eb12d41baf2b5ab17e1207af6e7881cb9f1c7fcac4708400e3,e04d83c9220e399f1219a5ec8d743102dec47d803bc4bce03f0f8af76c9c98ec,2026-05,2026-06,44.57,44.4,43.49,2026-06-12,persistencia,44.57,,2026-05,,7b4bc08b19ada86fc17bcdd336fc488aa71badd090b90a8d98cb10055d49def8,cenario_proxima_competencia_sem_observacao
sinapi_es,sem_desoneracao,104953,"MASSA ÚNICA, EM ARGAMASSA INDUSTRIALIZADA, PREPARO MECÂNICO, APLICADA COM EQUIPAMENTO DE MISTURA E PROJEÇÃO DE ARGAMASSA EM PAREDES INTERNAS, E = 17,5MM, COM TALISCAS. AF_03/2024",Massa Única Interna,M2,928df42a952625eb12d41baf2b5ab17e1207af6e7881cb9f1c7fcac4708400e3,22194317e0966cde1133d698ba520b3d0651a2838a2f3e1c4bb0ca711cc9b25c,2026-05,2026-06,63.74,63.22,63.18,2026-06-12,persistencia,63.74,,2026-05,,7b4bc08b19ada86fc17bcdd336fc488aa71badd090b90a8d98cb10055d49def8,cenario_proxima_competencia_sem_observacao
sinapi_es,sem_desoneracao,104954,"EMBOÇO, EM ARGAMASSA TRAÇO 1:2:8, PREPARO MANUAL, APLICADO MANUALMENTE EM PAREDES INTERNAS DE AMBIENTES COM PÉ-DIREITO DUPLO E ÁREA ENTRE 5M² E 10M², E = 17,5MM, COM TALISCAS. AF_03/2024",Massa Única Interna,M2,928df42a952625eb12d41baf2b5ab17e1207af6e7881cb9f1c7fcac4708400e3,51102345d1552ba17db86d4ab510dbdcb90888644b9e1c62853b19aef205a1bb,2026-05,2026-06,59.37,59.2,57.78,2026-06-12,persistencia,59.37,,2026-05,,7b4bc08b19ada86fc17bcdd336fc488aa71badd090b90a8d98cb10055d49def8,cenario_proxima_competencia_sem_observacao
sinapi_es,sem_desoneracao,104955,"MASSA ÚNICA, EM ARGAMASSA TRAÇO 1:2:8, PREPARO MECÂNICO, APLICADA MANUALMENTE EM PAREDES INTERNAS DE AMBIENTES COM PÉ-DIREITO DUPLO E ÁREA MAIOR QUE 10M², E = 17,5MM, COM TALISCAS. AF_03/2024",Massa Única Interna,M2,928df42a952625eb12d41baf2b5ab17e1207af6e7881cb9f1c7fcac4708400e3,8e24308c439d5bb292d8e7f4698b95e8ecc7c5fd8125a8e7055ae729a4b64551,2026-05,2026-06,50.9,50.73,49.48,2026-06-12,persistencia,50.9,,2026-05,,7b4bc08b19ada86fc17bcdd336fc488aa71badd090b90a8d98cb10055d49def8,cenario_proxima_competencia_sem_observacao
sinapi_es,sem_desoneracao,104956,"MASSA ÚNICA, EM ARGAMASSA TRAÇO 1:2:8, PREPARO MANUAL, APLICADA MANUALMENTE EM PAREDES INTERNAS DE AMBIENTES COM PÉ-DIREITO DUPLO E ÁREA MAIOR QUE 10M², E = 17,5MM, COM TALISCAS. AF_03/2024",Massa Única Interna,M2,928df42a952625eb12d41baf2b5ab17e1207af6e7881cb9f1c7fcac4708400e3,c8079c53d290f4f10753dba820352dfb9a59fec60c2c092f428e68b5c8719f60,2026-05,2026-06,55.46,55.29,54.01,2026-06-12,persistencia,55.46,,2026-05,,7b4bc08b19ada86fc17bcdd336fc488aa71badd090b90a8d98cb10055d49def8,cenario_proxima_competencia_sem_observacao
sinapi_es,sem_desoneracao,104957,"EMBOÇO, EM ARGAMASSA TRAÇO 1:2:8, PREPARO MECÂNICO, APLICADO MANUALMENTE EM PAREDES INTERNAS DE AMBIENTES COM PÉ-DIREITO DUPLO E ÁREA MAIOR QUE 10M², E = 17,5MM, COM TALISCAS. AF_03/2024",Massa Única Interna,M2,928df42a952625eb12d41baf2b5ab17e1207af6e7881cb9f1c7fcac4708400e3,13eb370256735813fd891b4736d1e6154b67e7c26bce9a1bf14dd64da1ba9ce4,2026-05,2026-06,49.6,49.43,48.22,2026-06-12,persistencia,49.6,,2026-05,,7b4bc08b19ada86fc17bcdd336fc488aa71badd090b90a8d98cb10055d49def8,cenario_proxima_competencia_sem_observacao
sinapi_es,sem_desoneracao,104958,"MASSA ÚNICA, EM ARGAMASSA TRAÇO 1:2:8 PREPARO MECÂNICO, APLICADA MANUALMENTE EM PAREDES INTERNAS DE AMBIENTES COM ÁREA MAIOR QUE 10M², E = 10MM, COM TALISCAS. AF_03/2024",Massa Única Interna,M2,928df42a952625eb12d41baf2b5ab17e1207af6e7881cb9f1c7fcac4708400e3,3515e098820d5e51c51c9d9f77f58aecc8dc92373334d247a4cc1d4df164bf0d,2026-05,2026-06,27.96,27.85,27.2,2026-06-12,persistencia,27.96,,2026-05,,7b4bc08b19ada86fc17bcdd336fc488aa71badd090b90a8d98cb10055d49def8,cenario_proxima_competencia_sem_observacao
sinapi_es,sem_desoneracao,104959,"MASSA ÚNICA, EM ARGAMASSA TRAÇO 1:2:8 PREPARO MANUAL, APLICADA MANUALMENTE EM PAREDES INTERNAS DE AMBIENTES COM ÁREA MAIOR QUE 10M², E = 10MM, COM TALISCAS. AF_03/2024",Massa Única Interna,M2,928df42a952625eb12d41baf2b5ab17e1207af6e7881cb9f1c7fcac4708400e3,5386408c1e513ef9a722a4898b7af25fe4c62e1e05b5286a7fc1019375cca659,2026-05,2026-06,30.88,30.76,30.09,2026-06-12,persistencia,30.88,,2026-05,,7b4bc08b19ada86fc17bcdd336fc488aa71badd090b90a8d98cb10055d49def8,cenario_proxima_competencia_sem_observacao
sinapi_es,sem_desoneracao,104960,"MASSA ÚNICA, EM ARGAMASSA INDUSTRIALIZADA, PREPARO MECÂNICO, APLICADA COM EQUIPAMENTO DE MISTURA E PROJEÇÃO DE ARGAMASSA EM PAREDES INTERNAS, E = 10MM, COM TALISCAS. AF_03/2024",Massa Única Interna,M2,928df42a952625eb12d41baf2b5ab17e1207af6e7881cb9f1c7fcac4708400e3,c907eb96db05ed1deca93aebc7a5ac6ba6b84550bad21c980aea5139fc8cd696,2026-05,2026-06,41.87,41.54,41.46,2026-06-12,persistencia,41.87,,2026-05,,7b4bc08b19ada86fc17bcdd336fc488aa71badd090b90a8d98cb10055d49def8,cenario_proxima_competencia_sem_observacao
sinapi_es,sem_desoneracao,104961,"EMBOÇO, EM ARGAMASSA TRAÇO 1:2:8, PREPARO MECÂNICO, APLICADO MANUALMENTE EM PAREDES INTERNAS DE AMBIENTES COM PÉ-DIREITO DUPLO E ÁREA MENOR QUE 5M², E = 17,5MM, COM TALISCAS. AF_03/2024",Massa Única Interna,M2,928df42a952625eb12d41baf2b5ab17e1207af6e7881cb9f1c7fcac4708400e3,496c0aa7b0c2d4ec0006d0fe58406fcd81d4f72b430cd1af3caefae25d1adf7b,2026-05,2026-06,63.56,63.39,61.7,2026-06-12,persistencia,63.56,,2026-05,,7b4bc08b19ada86fc17bcdd336fc488aa71badd090b90a8d98cb10055d49def8,cenario_proxima_competencia_sem_observacao
sinapi_es,sem_desoneracao,104962,"EMBOÇO, EM ARGAMASSA TRAÇO 1:2:8, PREPARO MANUAL, APLICADO MANUALMENTE EM PAREDES INTERNAS DE AMBIENTES COM PÉ-DIREITO DUPLO E ÁREA MENOR QUE 5M², E = 17,5MM, COM TALISCAS. AF_03/2024",Massa Única Interna,M2,928df42a952625eb12d41baf2b5ab17e1207af6e7881cb9f1c7fcac4708400e3,13ec839d385a7e56e7c8b8a38f1d80b46de365c7312465edeb00707acb26c41d,2026-05,2026-06,68.12,67.95,66.23,2026-06-12,persistencia,68.12,,2026-05,,7b4bc08b19ada86fc17bcdd336fc488aa71badd090b90a8d98cb10055d49def8,cenario_proxima_competencia_sem_observacao
sinapi_es,sem_desoneracao,104963,"MASSA ÚNICA, EM ARGAMASSA TRAÇO 1:2:8, PREPARO MECÂNICO, APLICADA MANUALMENTE EM PAREDES INTERNAS DE AMBIENTES COM PÉ-DIREITO DUPLO E ÁREA ENTRE 5M² E 10M², E = 17,5MM, COM TALISCAS. AF_03/2024",Massa Única Interna,M2,928df42a952625eb12d41baf2b5ab17e1207af6e7881cb9f1c7fcac4708400e3,2bd58c55a8f1740912d25d45d3822f2d0d9e0e4b3b0d1e0904970b9a10dd1308,2026-05,2026-06,57.35,57.18,55.7,2026-06-12,persistencia,57.35,,2026-05,,7b4bc08b19ada86fc17bcdd336fc488aa71badd090b90a8d98cb10055d49def8,cenario_proxima_competencia_sem_observacao
sinapi_es,sem_desoneracao,104964,"MASSA ÚNICA, EM ARGAMASSA TRAÇO 1:2:8, PREPARO MANUAL, APLICADA MANUALMENTE EM PAREDES INTERNAS DE AMBIENTES COM PÉ-DIREITO DUPLO E ÁREA ENTRE 5M² E 10M², E = 17,5MM, COM TALISCAS. AF_03/2024",Massa Única Interna,M2,928df42a952625eb12d41baf2b5ab17e1207af6e7881cb9f1c7fcac4708400e3,2215b289c29ff5ca969bb69eb3d0e591ee70da92796da8fd0f37ab610a14d972,2026-05,2026-06,61.91,61.74,60.23,2026-06-12,persistencia,61.91,,2026-05,,7b4bc08b19ada86fc17bcdd336fc488aa71badd090b90a8d98cb10055d49def8,cenario_proxima_competencia_sem_observacao
sinapi_es,sem_desoneracao,104965,"EMBOÇO, EM ARGAMASSA TRAÇO 1:2:8, PREPARO MECÂNICO, APLICADO MANUALMENTE EM PAREDES INTERNAS DE AMBIENTES COM PÉ-DIREITO DUPLO E ÁREA ENTRE 5M² E 10M², E = 17,5MM, COM TALISCAS. AF_03/2024",Massa Única Interna,M2,928df42a952625eb12d41baf2b5ab17e1207af6e7881cb9f1c7fcac4708400e3,0ee3bb4470f67f4f68f10fefe7f1f9f89898330d16ab272a2c153567b82b3284,2026-05,2026-06,54.81,54.64,53.25,2026-06-12,persistencia,54.81,,2026-05,,7b4bc08b19ada86fc17bcdd336fc488aa71badd090b90a8d98cb10055d49def8,cenario_proxima_competencia_sem_observacao
sinapi_es,sem_desoneracao,104966,"EMBOÇO, EM ARGAMASSA TRAÇO 1:2:8, PREPARO MANUAL, APLICADO MANUALMENTE EM PAREDES INTERNAS DE AMBIENTES COM PÉ-DIREITO DUPLO E ÁREA MAIOR QUE 10M², E = 17,5MM, COM TALISCAS. AF_03/2024",Massa Única Interna,M2,928df42a952625eb12d41baf2b5ab17e1207af6e7881cb9f1c7fcac4708400e3,272cbec0094762f2b5eb2722543d8aa2e467307a8fbeaa101edbfbda21b481e7,2026-05,2026-06,54.16,53.99,52.75,2026-06-12,persistencia,54.16,,2026-05,,7b4bc08b19ada86fc17bcdd336fc488aa71badd090b90a8d98cb10055d49def8,cenario_proxima_competencia_sem_observacao
sinapi_es,sem_desoneracao,104967,"EMBOÇO, EM ARGAMASSA TRAÇO 1:2:8, PREPARO MECÂNICO, APLICADO MANUALMENTE EM PAREDES INTERNAS DE AMBIENTES COM PÉ-DIREITO DUPLO E ÁREA MENOR QUE 5M², E = 10MM, COM TALISCAS. AF_03/2024",Massa Única Interna,M2,928df42a952625eb12d41baf2b5ab17e1207af6e7881cb9f1c7fcac4708400e3,b217b4b9936cecdd2145362e176c7d1cf2a473ba5f890436f83fa3ffc31b2412,2026-05,2026-06,48.9,48.79,47.42,2026-06-12,persistencia,48.9,,2026-05,,7b4bc08b19ada86fc17bcdd336fc488aa71badd090b90a8d98cb10055d49def8,cenario_proxima_competencia_sem_observacao
sinapi_es,sem_desoneracao,104968,"EMBOÇO, EM ARGAMASSA TRAÇO 1:2:8, PREPARO MANUAL, APLICADO MANUALMENTE EM PAREDES INTERNAS DE AMBIENTES COM PÉ-DIREITO DUPLO E ÁREA MENOR QUE 5M², E = 10MM, COM TALISCAS. AF_03/2024",Massa Única Interna,M2,928df42a952625eb12d41baf2b5ab17e1207af6e7881cb9f1c7fcac4708400e3,1fcf48c88642b1ea54edab3ac4f666923045a42c6704cd2725bfec183b5d8103,2026-05,2026-06,51.82,51.7,50.31,2026-06-12,persistencia,51.82,,2026-05,,7b4bc08b19ada86fc17bcdd336fc488aa71badd090b90a8d98cb10055d49def8,cenario_proxima_competencia_sem_observacao
sinapi_es,sem_desoneracao,104969,"MASSA ÚNICA, EM ARGAMASSA TRAÇO 1:2:8, PREPARO MECÂNICO, APLICADA MANUALMENTE EM PAREDES INTERNAS DE AMBIENTES COM PÉ-DIREITO DUPLO E ÁREA ENTRE 5M² E 10M², E = 10MM, COM TALISCAS. AF_03/2024",Massa Única Interna,M2,928df42a952625eb12d41baf2b5ab17e1207af6e7881cb9f1c7fcac4708400e3,c1fdcb2550d6a8c68add014da2d00f4edfda6bc2da3011c62dac0e79999f5a19,2026-05,2026-06,42.68,42.57,41.42,2026-06-12,persistencia,42.68,,2026-05,,7b4bc08b19ada86fc17bcdd336fc488aa71badd090b90a8d98cb10055d49def8,cenario_proxima_competencia_sem_observacao
sinapi_es,sem_desoneracao,104970,"MASSA ÚNICA, EM ARGAMASSA TRAÇO 1:2:8, PREPARO MANUAL, APLICADA MANUALMENTE EM PAREDES INTERNAS DE AMBIENTES COM PÉ-DIREITO DUPLO E ÁREA ENTRE 5M² E 10M², E = 10MM, COM TALISCAS. AF_03/2024",Massa Única Interna,M2,928df42a952625eb12d41baf2b5ab17e1207af6e7881cb9f1c7fcac4708400e3,27b3cddbcbd651f7834e0982b10c2ea97cf43838c4c0f0b63ff4a17031298977,2026-05,2026-06,45.6,45.48,44.31,2026-06-12,persistencia,45.6,,2026-05,,7b4bc08b19ada86fc17bcdd336fc488aa71badd090b90a8d98cb10055d49def8,cenario_proxima_competencia_sem_observacao
sinapi_es,sem_desoneracao,104971,"EMBOÇO, EM ARGAMASSA TRAÇO 1:2:8, PREPARO MECÂNICO, APLICADO MANUALMENTE EM PAREDES INTERNAS DE AMBIENTES COM PÉ-DIREITO DUPLO E ÁREA ENTRE 5M² E 10M², E = 10MM, COM TALISCAS. AF_03/2024",Massa Única Interna,M2,928df42a952625eb12d41baf2b5ab17e1207af6e7881cb9f1c7fcac4708400e3,d59cfbad6a9530cef5d478b1657dcb07f2dbba2c5c1e6d273093a67aca2f3a61,2026-05,2026-06,40.15,40.04,38.98,2026-06-12,persistencia,40.15,,2026-05,,7b4bc08b19ada86fc17bcdd336fc488aa71badd090b90a8d98cb10055d49def8,cenario_proxima_competencia_sem_observacao
sinapi_es,sem_desoneracao,104972,"EMBOÇO, EM ARGAMASSA TRAÇO 1:2:8, PREPARO MANUAL, APLICADO MANUALMENTE EM PAREDES INTERNAS DE AMBIENTES COM PÉ-DIREITO DUPLO E ÁREA ENTRE 5M² E 10M², E = 10MM, COM TALISCAS. AF_03/2024",Massa Única Interna,M2,928df42a952625eb12d41baf2b5ab17e1207af6e7881cb9f1c7fcac4708400e3,b0fb5cd1cb059c54e308167516459bfe24a3afd7482bd260d4463f060276f7df,2026-05,2026-06,43.07,42.95,41.87,2026-06-12,persistencia,43.07,,2026-05,,7b4bc08b19ada86fc17bcdd336fc488aa71badd090b90a8d98cb10055d49def8,cenario_proxima_competencia_sem_observacao
sinapi_es,sem_desoneracao,104973,"MASSA ÚNICA, EM ARGAMASSA TRAÇO 1:2:8, PREPARO MECÂNICO, APLICADA MANUALMENTE EM PAREDES INTERNAS DE AMBIENTES COM PÉ-DIREITO DUPLO ÁREA MAIOR QUE 10M², E = 10MM, COM TALISCAS. AF_03/2024",Massa Única Interna,M2,928df42a952625eb12d41baf2b5ab17e1207af6e7881cb9f1c7fcac4708400e3,d9fe80bbf79031e583baed1285a9fb2b51ecb97471e8f70b7a42eae14c9fcb7d,2026-05,2026-06,36.24,36.13,35.2,2026-06-12,persistencia,36.24,,2026-05,,7b4bc08b19ada86fc17bcdd336fc488aa71badd090b90a8d98cb10055d49def8,cenario_proxima_competencia_sem_observacao
sinapi_es,sem_desoneracao,104974,"MASSA ÚNICA, EM ARGAMASSA TRAÇO 1:2:8, PREPARO MANUAL, APLICADA MANUALMENTE EM PAREDES INTERNAS DE AMBIENTES COM PÉ-DIREITO DUPLO ÁREA MAIOR QUE 10M², E = 10MM, COM TALISCAS. AF_03/2024",Massa Única Interna,M2,928df42a952625eb12d41baf2b5ab17e1207af6e7881cb9f1c7fcac4708400e3,7594177991f51f47f14e8a1b07afaaf89ac27bec4f3d84c979fe6bf5948a5027,2026-05,2026-06,39.16,39.04,38.09,2026-06-12,persistencia,39.16,,2026-05,,7b4bc08b19ada86fc17bcdd336fc488aa71badd090b90a8d98cb10055d49def8,cenario_proxima_competencia_sem_observacao
sinapi_es,sem_desoneracao,104975,"EMBOÇO, EM ARGAMASSA TRAÇO 1:2:8, PREPARO MECÂNICO, APLICADO MANUALMENTE EM PAREDES INTERNAS DE AMBIENTES COM PÉ-DIREITO DUPLO E ÁREA MAIOR QUE 10M², E = 10MM, COM TALISCAS. AF_03/2024",Massa Única Interna,M2,928df42a952625eb12d41baf2b5ab17e1207af6e7881cb9f1c7fcac4708400e3,201e21f5492be011f47bc20d9374fa7e99199ff0171eb0cfbde8ac82825b49dd,2026-05,2026-06,34.94,34.83,33.95,2026-06-12,persistencia,34.94,,2026-05,,7b4bc08b19ada86fc17bcdd336fc488aa71badd090b90a8d98cb10055d49def8,cenario_proxima_competencia_sem_observacao
sinapi_es,sem_desoneracao,104976,"EMBOÇO, EM ARGAMASSA TRAÇO 1:2:8, PREPARO MANUAL, APLICADO MANUALMENTE EM PAREDES INTERNAS DE AMBIENTES COM PÉ-DIREITO DUPLO E ÁREA MAIOR QUE 10M², E = 10MM, COM TALISCAS. AF_03/2024",Massa Única Interna,M2,928df42a952625eb12d41baf2b5ab17e1207af6e7881cb9f1c7fcac4708400e3,15388740802935aeb74e6e8db2f2fbbeceef611aa6a3884c42ae931c04ecef1e,2026-05,2026-06,37.86,37.74,36.84,2026-06-12,persistencia,37.86,,2026-05,,7b4bc08b19ada86fc17bcdd336fc488aa71badd090b90a8d98cb10055d49def8,cenario_proxima_competencia_sem_observacao
sinapi_es,sem_desoneracao,104977,"MASSA ÚNICA, EM ARGAMASSA TRAÇO 1:2:8, PREPARO MECÂNICO, APLICADA MANUALMENTE EM TETO DE AMBIENTES COM PAREDES EM PÉ-DIREITO DUPLO, E = 17,5MM, COM TALISCAS. AF_03/2024",Massa Única Interna,M2,928df42a952625eb12d41baf2b5ab17e1207af6e7881cb9f1c7fcac4708400e3,353f47faf6da2246b59d36d9f0b0d3cd36b8c621bfc9bb1ab60f2464bac30b35,2026-05,2026-06,60.3,60.13,58.55,2026-06-12,persistencia,60.3,,2026-05,,7b4bc08b19ada86fc17bcdd336fc488aa71badd090b90a8d98cb10055d49def8,cenario_proxima_competencia_sem_observacao
sinapi_es,sem_desoneracao,104978,"MASSA ÚNICA, EM ARGAMASSA TRAÇO 1:2:8, PREPARO MECÂNICO, APLICADA MANUALMENTE EM TETO DE AMBIENTES COM PAREDES EM PÉ-DIREITO DUPLO, E = 10MM, COM TALISCAS. AF_03/2024",Massa Única Interna,M2,928df42a952625eb12d41baf2b5ab17e1207af6e7881cb9f1c7fcac4708400e3,1699e05fa7ff67a05f55b859faaba5a9831d8f3a79efa1200939c68b77dc1870,2026-05,2026-06,45.87,45.76,44.49,2026-06-12,persistencia,45.87,,2026-05,,7b4bc08b19ada86fc17bcdd336fc488aa71badd090b90a8d98cb10055d49def8,cenario_proxima_competencia_sem_observacao
sinapi_es,sem_desoneracao,87527,"EMBOÇO, EM ARGAMASSA TRAÇO 1:2:8, PREPARO MECÂNICO, APLICADO MANUALMENTE EM PAREDES INTERNAS DE AMBIENTES COM ÁREA MENOR QUE 5M², E =17,5MM, COM TALISCAS. AF_03/2024",Massa Única Interna,M2,928df42a952625eb12d41baf2b5ab17e1207af6e7881cb9f1c7fcac4708400e3,cfcf94c6e41aaa655e08494755800291c86398b691dc3ebbb07238bb0214877a,2026-05,2026-06,48.18,48.01,46.84,2026-06-12,persistencia,48.18,,2026-05,,7b4bc08b19ada86fc17bcdd336fc488aa71badd090b90a8d98cb10055d49def8,cenario_proxima_competencia_sem_observacao
sinapi_es,sem_desoneracao,87528,"EMBOÇO, EM ARGAMASSA TRAÇO 1:2:8, PREPARO MANUAL, APLICADO MANUALMENTE EM PAREDES INTERNAS DE AMBIENTES COM ÁREA MENOR QUE 5M², E = 17,5MM, COM TALISCAS. AF_03/2024",Massa Única Interna,M2,928df42a952625eb12d41baf2b5ab17e1207af6e7881cb9f1c7fcac4708400e3,f88acf28556017e3f8d90674b7f150b9c775ec892a5fa23531b5f3cfd7fa07c1,2026-05,2026-06,52.74,52.57,51.37,2026-06-12,persistencia,52.74,,2026-05,,7b4bc08b19ada86fc17bcdd336fc488aa71badd090b90a8d98cb10055d49def8,cenario_proxima_competencia_sem_observacao
sinapi_es,sem_desoneracao,87529,"MASSA ÚNICA, EM ARGAMASSA TRAÇO 1:2:8, PREPARO MECÂNICO, APLICADA MANUALMENTE EM PAREDES INTERNAS DE AMBIENTES COM ÁREA ENTRE 5M² E 10M², E = 17,5MM, COM TALISCAS. AF_03/2024",Massa Única Interna,M2,928df42a952625eb12d41baf2b5ab17e1207af6e7881cb9f1c7fcac4708400e3,51058c9ca9bb446efbc9f66f4bc067f600037378923eb292b2a7b4e9663cd536,2026-05,2026-06,44.17,44.0,42.98,2026-06-12,persistencia,44.17,,2026-05,,7b4bc08b19ada86fc17bcdd336fc488aa71badd090b90a8d98cb10055d49def8,cenario_proxima_competencia_sem_observacao
sinapi_es,sem_desoneracao,87530,"MASSA ÚNICA, EM ARGAMASSA TRAÇO 1:2:8, PREPARO MANUAL, APLICADA MANUALMENTE EM PAREDES INTERNAS DE AMBIENTES COM ÁREA ENTRE 5M² E 10M², E = 17,5MM, COM TALISCAS. AF_03/2024",Massa Única Interna,M2,928df42a952625eb12d41baf2b5ab17e1207af6e7881cb9f1c7fcac4708400e3,f4653747204ddb6ef1216b0a73411cd6b705dbd715316a1ac1b4899187e18c3a,2026-05,2026-06,48.73,48.56,47.51,2026-06-12,persistencia,48.73,,2026-05,,7b4bc08b19ada86fc17bcdd336fc488aa71badd090b90a8d98cb10055d49def8,cenario_proxima_competencia_sem_observacao
sinapi_es,sem_desoneracao,87531,"EMBOÇO, EM ARGAMASSA TRAÇO 1:2:8, PREPARO MECÂNICO, APLICADO MANUALMENTE EM PAREDES INTERNAS DE AMBIENTES COM ÁREA ENTRE 5M² E 10M², E = 17,5MM, COM TALISCAS. AF_03/2024",Massa Única Interna,M2,928df42a952625eb12d41baf2b5ab17e1207af6e7881cb9f1c7fcac4708400e3,5cf5fa1559c5af2484dd3cb269a2fe37b88dd82497d46379a6484ec234b7994d,2026-05,2026-06,42.53,42.36,41.4,2026-06-12,persistencia,42.53,,2026-05,,7b4bc08b19ada86fc17bcdd336fc488aa71badd090b90a8d98cb10055d49def8,cenario_proxima_competencia_sem_observacao
sinapi_es,sem_desoneracao,87532,"EMBOÇO, EM ARGAMASSA TRAÇO 1:2:8, PREPARO MANUAL, APLICADO MANUALMENTE EM PAREDES INTERNAS DE AMBIENTES COM ÁREA ENTRE 5M² E 10M², E = 17,5MM, COM TALISCAS. AF_03/2024",Massa Única Interna,M2,928df42a952625eb12d41baf2b5ab17e1207af6e7881cb9f1c7fcac4708400e3,1f5a1403d55198188bf8e9b586b0c2a826c97d9aea6daf30bf5fd471c2ab5bd5,2026-05,2026-06,47.09,46.92,45.93,2026-06-12,persistencia,47.09,,2026-05,,7b4bc08b19ada86fc17bcdd336fc488aa71badd090b90a8d98cb10055d49def8,cenario_proxima_competencia_sem_observacao
sinapi_es,sem_desoneracao,87535,"EMBOÇO, EM ARGAMASSA TRAÇO 1:2:8, PREPARO MECÂNICO, APLICADO MANUALMENTE EM PAREDES INTERNAS DE AMBIENTES COM ÁREA MAIOR QUE 10M², E = 17,5MM, COM TALISCAS. AF_03/2024",Massa Única Interna,M2,928df42a952625eb12d41baf2b5ab17e1207af6e7881cb9f1c7fcac4708400e3,75f046b4c2e38c391f87c73d77eace94a5198ed8b45b2f5c69c17839505744e9,2026-05,2026-06,39.17,39.0,38.15,2026-06-12,persistencia,39.17,,2026-05,,7b4bc08b19ada86fc17bcdd336fc488aa71badd090b90a8d98cb10055d49def8,cenario_proxima_competencia_sem_observacao
sinapi_es,sem_desoneracao,87536,"EMBOÇO, EM ARGAMASSA TRAÇO 1:2:8, PREPARO MANUAL, APLICADO MANUALMENTE EM PAREDES INTERNAS DE AMBIENTES COM ÁREA MAIOR QUE 10M², E = 17,5MM, COM TALISCAS. AF_03/2024",Massa Única Interna,M2,928df42a952625eb12d41baf2b5ab17e1207af6e7881cb9f1c7fcac4708400e3,ff724283229ffc52ab4e6fdbc1e4f1508678f009a51ed267e81e48606679df26,2026-05,2026-06,43.73,43.56,42.68,2026-06-12,persistencia,43.73,,2026-05,,7b4bc08b19ada86fc17bcdd336fc488aa71badd090b90a8d98cb10055d49def8,cenario_proxima_competencia_sem_observacao
sinapi_es,sem_desoneracao,87539,"EMBOÇO, EM ARGAMASSA INDUSTRIALIZADA, PREPARO MECÂNICO, APLICADO COM EQUIPAMENTO DE MISTURA E PROJEÇÃO DE ARGAMASSA EM PAREDES INTERNAS, E = 17,5MM, COM TALISCAS. AF_03/2024",Massa Única Interna,M2,928df42a952625eb12d41baf2b5ab17e1207af6e7881cb9f1c7fcac4708400e3,ae2597b0cae0eb31006635ea0148a395324a12271bf9211e4287578b8001abfe,2026-05,2026-06,65.72,65.2,65.07,2026-06-12,persistencia,65.72,,2026-05,,7b4bc08b19ada86fc17bcdd336fc488aa71badd090b90a8d98cb10055d49def8,cenario_proxima_competencia_sem_observacao
sinapi_es,sem_desoneracao,87543,"MASSA ÚNICA, EM ARGAMASSA INDUSTRIALIZADA, PREPARO MECÂNICO, APLICADA COM EQUIPAMENTO DE MISTURA E PROJEÇÃO DE ARGAMASSA EM PAREDES INTERNAS, E = 5MM, SEM TALISCAS. AF_03/2024",Massa Única Interna,M2,928df42a952625eb12d41baf2b5ab17e1207af6e7881cb9f1c7fcac4708400e3,a2eec91ecdc9813de633089c60375d5b18d0867ea8458057b1fc8558f16f70f4,2026-05,2026-06,25.82,25.64,25.45,2026-06-12,persistencia,25.82,,2026-05,,7b4bc08b19ada86fc17bcdd336fc488aa71badd090b90a8d98cb10055d49def8,cenario_proxima_competencia_sem_observacao
sinapi_es,sem_desoneracao,87545,"EMBOÇO, EM ARGAMASSA TRAÇO 1:2:8, PREPARO MECÂNICO, APLICADO MANUALMENTE EM PAREDES INTERNAS, PARA AMBIENTES COM ÁREA MENOR QUE 5M², E = 10MM, COM TALISCAS. AF_03/2024",Massa Única Interna,M2,928df42a952625eb12d41baf2b5ab17e1207af6e7881cb9f1c7fcac4708400e3,43f2faff6be5ffd8562628950c628adbffc8ce511884293370670b8a43ab6b43,2026-05,2026-06,36.13,36.02,35.09,2026-06-12,persistencia,36.13,,2026-05,,7b4bc08b19ada86fc17bcdd336fc488aa71badd090b90a8d98cb10055d49def8,cenario_proxima_competencia_sem_observacao
sinapi_es,sem_desoneracao,87546,"EMBOÇO, EM ARGAMASSA TRAÇO 1:2:8, PREPARO MANUAL, APLICADO MANUALMENTE EM PAREDES INTERNAS, PARA AMBIENTES COM ÁREA MENOR QUE 5M², E = 10MM, COM TALISCAS. AF_03/2024",Massa Única Interna,M2,928df42a952625eb12d41baf2b5ab17e1207af6e7881cb9f1c7fcac4708400e3,003c713f4c98a1e5475e12419ba8aa4da9e509a15a18f49300e61564eac78da7,2026-05,2026-06,39.05,38.93,37.98,2026-06-12,persistencia,39.05,,2026-05,,7b4bc08b19ada86fc17bcdd336fc488aa71badd090b90a8d98cb10055d49def8,cenario_proxima_competencia_sem_observacao
sinapi_es,sem_desoneracao,87547,"MASSA ÚNICA, EM ARGAMASSA TRAÇO 1:2:8, PREPARO MECÂNICO, APLICADA MANUALMENTE EM PAREDES INTERNAS DE AMBIENTES COM ÁREA ENTRE 5M² E 10M², E = 10MM, COM TALISCAS. AF_03/2024",Massa Única Interna,M2,928df42a952625eb12d41baf2b5ab17e1207af6e7881cb9f1c7fcac4708400e3,b626bc9c3413e6470f2b7ee933297f8fb338123361f2f440098f98e6f79ed25c,2026-05,2026-06,32.11,32.0,31.21,2026-06-12,persistencia,32.11,,2026-05,,7b4bc08b19ada86fc17bcdd336fc488aa71badd090b90a8d98cb10055d49def8,cenario_proxima_competencia_sem_observacao
sinapi_es,sem_desoneracao,87548,"MASSA ÚNICA, EM ARGAMASSA TRAÇO 1:2:8, PREPARO MANUAL, APLICADA MANUALMENTE EM PAREDES INTERNAS DE AMBIENTES COM ÁREA ENTRE 5M² E 10M², E = 10MM, COM TALISCAS. AF_03/2024",Massa Única Interna,M2,928df42a952625eb12d41baf2b5ab17e1207af6e7881cb9f1c7fcac4708400e3,82bf6042abfe153aa611289cdfe21725e0adec29c29cccc271fcc896cbd7d9d2,2026-05,2026-06,35.03,34.91,34.1,2026-06-12,persistencia,35.03,,2026-05,,7b4bc08b19ada86fc17bcdd336fc488aa71badd090b90a8d98cb10055d49def8,cenario_proxima_competencia_sem_observacao
sinapi_es,sem_desoneracao,87549,"EMBOÇO, EM ARGAMASSA TRAÇO 1:2:8, PREPARO MECÂNICO, APLICADO MANUALMENTE EM PAREDES INTERNAS DE AMBIENTES COM ÁREA ENTRE 5M² E 10M², E = 10MM, COM TALISCAS. AF_03/2024",Massa Única Interna,M2,928df42a952625eb12d41baf2b5ab17e1207af6e7881cb9f1c7fcac4708400e3,8038f7ea1348c8aac8590b41982c4b2f4ba9645aafb31c11fee891fc7d2c324e,2026-05,2026-06,30.48,30.37,29.64,2026-06-12,persistencia,30.48,,2026-05,,7b4bc08b19ada86fc17bcdd336fc488aa71badd090b90a8d98cb10055d49def8,cenario_proxima_competencia_sem_observacao
sinapi_es,sem_desoneracao,87550,"EMBOÇO, EM ARGAMASSA TRAÇO 1:2:8, PREPARO MANUAL, APLICADO MANUALMENTE EM PAREDES INTERNAS DE AMBIENTES COM ÁREA ENTRE 5M² E 10M², E = 10MM, COM TALISCAS. AF_03/2024",Massa Única Interna,M2,928df42a952625eb12d41baf2b5ab17e1207af6e7881cb9f1c7fcac4708400e3,acc9e048cdb128a2598f176b6b605cf91a060bae3aab81a5b005ff66a94fcc47,2026-05,2026-06,33.4,33.28,32.53,2026-06-12,persistencia,33.4,,2026-05,,7b4bc08b19ada86fc17bcdd336fc488aa71badd090b90a8d98cb10055d49def8,cenario_proxima_competencia_sem_observacao
sinapi_es,sem_desoneracao,87553,"EMBOÇO, EM ARGAMASSA TRAÇO 1:2:8, PREPARO MECÂNICO, APLICADO MANUALMENTE EM PAREDES INTERNAS DE AMBIENTES COM ÁREA MAIOR QUE 10M², E = 10MM, COM TALISCAS. AF_03/2024",Massa Única Interna,M2,928df42a952625eb12d41baf2b5ab17e1207af6e7881cb9f1c7fcac4708400e3,915c59f2cdecf7213e1cdaa1dff336f743e39870802aec3d55224acc954eff34,2026-05,2026-06,27.11,27.0,26.39,2026-06-12,persistencia,27.11,,2026-05,,7b4bc08b19ada86fc17bcdd336fc488aa71badd090b90a8d98cb10055d49def8,cenario_proxima_competencia_sem_observacao
sinapi_es,sem_desoneracao,87554,"EMBOÇO, EM ARGAMASSA TRAÇO 1:2:8, PREPARO MANUAL, APLICADO MANUALMENTE EM PAREDES INTERNAS DE AMBIENTES COM ÁREA MAIOR QUE 10M², E = 10MM, COM TALISCAS. AF_03/2024",Massa Única Interna,M2,928df42a952625eb12d41baf2b5ab17e1207af6e7881cb9f1c7fcac4708400e3,59391ddd449df019a3525df95a54a930385bbcd2542ea36501a2d475e156c188,2026-05,2026-06,30.03,29.91,29.28,2026-06-12,persistencia,30.03,,2026-05,,7b4bc08b19ada86fc17bcdd336fc488aa71badd090b90a8d98cb10055d49def8,cenario_proxima_competencia_sem_observacao
sinapi_es,sem_desoneracao,87557,"EMBOÇO, EM ARGAMASSA INDUSTRIALIZADA, PREPARO MECÂNICO, APLICADO COM EQUIPAMENTO DE MISTURA E PROJEÇÃO DE ARGAMASSA EM PAREDES INTERNAS, E = 10MM, COM TALISCAS. AF_03/2024",Massa Única Interna,M2,928df42a952625eb12d41baf2b5ab17e1207af6e7881cb9f1c7fcac4708400e3,b488ef57ba6a2c0042980e2dfb2021443e763aecd19d722916c7e9aed65e6201,2026-05,2026-06,43.85,43.52,43.36,2026-06-12,persistencia,43.85,,2026-05,,7b4bc08b19ada86fc17bcdd336fc488aa71badd090b90a8d98cb10055d49def8,cenario_proxima_competencia_sem_observacao
sinapi_es,sem_desoneracao,87561,"MASSA ÚNICA, EM ARGAMASSA INDUSTRIALIZADA, PREPARO MECÂNICO, APLICADA COM EQUIPAMENTO DE MISTURA E PROJEÇÃO DE ARGAMASSA EM PAREDES INTERNAS, E = 10MM, SEM TALISCAS. AF_03/2024",Massa Única Interna,M2,928df42a952625eb12d41baf2b5ab17e1207af6e7881cb9f1c7fcac4708400e3,65df9709501e167bb29e19d31558106a08b63c6d4f45801659236366f28d2417,2026-05,2026-06,43.13,42.8,42.67,2026-06-12,persistencia,43.13,,2026-05,,7b4bc08b19ada86fc17bcdd336fc488aa71badd090b90a8d98cb10055d49def8,cenario_proxima_competencia_sem_observacao
sinapi_es,sem_desoneracao,90406,"MASSA ÚNICA, EM ARGAMASSA TRAÇO 1:2:8, PREPARO MECÂNICO, APLICADA MANUALMENTE EM TETO, E = 17,5MM, COM TALISCAS. AF_03/2024",Massa Única Interna,M2,928df42a952625eb12d41baf2b5ab17e1207af6e7881cb9f1c7fcac4708400e3,e267d792f59a6189a617c5a52a99eb7c1488c245d040a064654d09643220eb6d,2026-05,2026-06,53.05,52.88,51.55,2026-06-12,persistencia,53.05,,2026-05,,7b4bc08b19ada86fc17bcdd336fc488aa71badd090b90a8d98cb10055d49def8,cenario_proxima_competencia_sem_observacao
sinapi_es,sem_desoneracao,90408,"MASSA ÚNICA, EM ARGAMASSA TRAÇO 1:2:8, PREPARO MECÂNICO, APLICADA MANUALMENTE EM TETO, E = 10MM, COM TALISCAS. AF_03/2024",Massa Única Interna,M2,928df42a952625eb12d41baf2b5ab17e1207af6e7881cb9f1c7fcac4708400e3,e96da668908bb3973918f0cdbd0aa8461492de37e361f203b65b8959db99f335,2026-05,2026-06,39.91,39.8,38.74,2026-06-12,persistencia,39.91,,2026-05,,7b4bc08b19ada86fc17bcdd336fc488aa71badd090b90a8d98cb10055d49def8,cenario_proxima_competencia_sem_observacao
sinapi_es,sem_desoneracao,105185,REVESTIMENTO DECORATIVO MONOCAMADA EXECUTADO MANUALMENTE EM FACHADA DE UM EDIFÍCIO DE ESTRUTURA CONVENCIONAL E ACABAMENTO CHAPISCADO/FLOCADO. AF_03/2024,Monocapa,M2,928df42a952625eb12d41baf2b5ab17e1207af6e7881cb9f1c7fcac4708400e3,fe3fb22f7947d9f9764c258bdabba0c398b9d7eb74aede246836d79f7bffa89f,2026-05,2026-06,200.01,198.07,198.94,2026-06-12,linear_simples,199.46041700220755,,2026-05,4701615787b64511.joblib,7b4bc08b19ada86fc17bcdd336fc488aa71badd090b90a8d98cb10055d49def8,cenario_proxima_competencia_sem_observacao
sinapi_es,sem_desoneracao,105186,REVESTIMENTO DECORATIVO MONOCAMADA EXECUTADO MANUALMENTE EM FACHADA DE UM EDIFÍCIO DE ALVENARIA ESTRUTURAL E ACABAMENTO CHAPISCADO/FLOCADO. AF_03/2024,Monocapa,M2,928df42a952625eb12d41baf2b5ab17e1207af6e7881cb9f1c7fcac4708400e3,2ba7a9a96665e4c768a8ffcf72b72ea4cc051b47e2c97f5a067a80eb2ccc4071,2026-05,2026-06,149.07,147.67,148.12,2026-06-12,linear_simples,148.97957401322458,,2026-05,4701615787b64511.joblib,7b4bc08b19ada86fc17bcdd336fc488aa71badd090b90a8d98cb10055d49def8,cenario_proxima_competencia_sem_observacao
sinapi_es,sem_desoneracao,105187,REVESTIMENTO DECORATIVO MONOCAMADA EXECUTADO COM EQUIPAMENTO DE PROJEÇÃO EM FACHADA DE UM EDIFÍCIO DE ESTRUTURA CONVENCIONAL E ACABAMENTO CHAPISCADO/FLOCADO. AF_03/2024,Monocapa,M2,928df42a952625eb12d41baf2b5ab17e1207af6e7881cb9f1c7fcac4708400e3,8b06197ed112dfcb9f633e2eef600e5b857b43562043d85d94eecbbab591b01f,2026-05,2026-06,192.43,190.57,191.49,2026-06-12,linear_simples,191.94874071919833,,2026-05,4701615787b64511.joblib,7b4bc08b19ada86fc17bcdd336fc488aa71badd090b90a8d98cb10055d49def8,cenario_proxima_competencia_sem_observacao
sinapi_es,sem_desoneracao,105188,REVESTIMENTO DECORATIVO MONOCAMADA EXECUTADO COM EQUIPAMENTO DE PROJEÇÃO EM FACHADA DE UM EDIFÍCIO DE ALVENARIA ESTRUTURAL E ACABAMENTO CHAPISCADO/FLOCADO. AF_03/2024,Monocapa,M2,928df42a952625eb12d41baf2b5ab17e1207af6e7881cb9f1c7fcac4708400e3,cdbb7bb7ab48ea7cd9713cec43bd34bea5a93c8dac9dcccd56e087a14cc05225,2026-05,2026-06,141.71,140.37,140.88,2026-06-12,linear_simples,141.68591471995967,,2026-05,4701615787b64511.joblib,7b4bc08b19ada86fc17bcdd336fc488aa71badd090b90a8d98cb10055d49def8,cenario_proxima_competencia_sem_observacao
sinapi_es,sem_desoneracao,87838,REVESTIMENTO DECORATIVO MONOCAMADA EXECUTADO MANUALMENTE EM FACHADA DE UM EDIFÍCIO DE ESTRUTURA CONVENCIONAL E ACABAMENTO RASPADO. AF_03/2024,Monocapa,M2,928df42a952625eb12d41baf2b5ab17e1207af6e7881cb9f1c7fcac4708400e3,6aa4642a9a37bc771c8768447e872b4cd110b6fa3ecefbe5472a3291218308b8,2026-05,2026-06,187.32,185.49,186.3,2026-06-12,linear_simples,186.8848006392277,,2026-05,4701615787b64511.joblib,7b4bc08b19ada86fc17bcdd336fc488aa71badd090b90a8d98cb10055d49def8,cenario_proxima_competencia_sem_observacao
sinapi_es,sem_desoneracao,87839,REVESTIMENTO DECORATIVO MONOCAMADA EXECUTADO MANUALMENTE EM FACHADA DE UM EDIFÍCIO DE ALVENARIA ESTRUTURAL E ACABAMENTO RASPADO. AF_03/2024,Monocapa,M2,928df42a952625eb12d41baf2b5ab17e1207af6e7881cb9f1c7fcac4708400e3,bb9d8a35099a5c896fc8215beecb39b36d056332b3447366f563b9d69f02fe88,2026-05,2026-06,136.31,135.02,135.39,2026-06-12,linear_simples,136.33458860805334,,2026-05,4701615787b64511.joblib,7b4bc08b19ada86fc17bcdd336fc488aa71badd090b90a8d98cb10055d49def8,cenario_proxima_competencia_sem_observacao
sinapi_es,sem_desoneracao,87840,REVESTIMENTO DECORATIVO MONOCAMADA EXECUTADO COM EQUIPAMENTO DE PROJEÇÃO EM FACHADA DE UM EDIFÍCIO DE ESTRUTURA CONVENCIONAL E ACABAMENTO RASPADO. AF_03/2024,Monocapa,M2,928df42a952625eb12d41baf2b5ab17e1207af6e7881cb9f1c7fcac4708400e3,3bd31b7a812d0e04f8c3b149397c11766ad16310842f451bcabb8bef01aaa893,2026-05,2026-06,179.47,177.72,178.58,2026-06-12,linear_simples,179.10555805062313,,2026-05,4701615787b64511.joblib,7b4bc08b19ada86fc17bcdd336fc488aa71badd090b90a8d98cb10055d49def8,cenario_proxima_competencia_sem_observacao
sinapi_es,sem_desoneracao,87841,REVESTIMENTO DECORATIVO MONOCAMADA EXECUTADO COM EQUIPAMENTO DE PROJEÇÃO EM FACHADA DE UM EDIFÍCIO DE ALVENARIA ESTRUTURAL E ACABAMENTO RASPADO. AF_03/2024,Monocapa,M2,928df42a952625eb12d41baf2b5ab17e1207af6e7881cb9f1c7fcac4708400e3,25c259691c3a80bbb2e233684ab1f3430861a934319a2da24a78acf02520e011,2026-05,2026-06,128.74,127.52,127.96,2026-06-12,linear_simples,128.8328221882143,,2026-05,4701615787b64511.joblib,7b4bc08b19ada86fc17bcdd336fc488aa71badd090b90a8d98cb10055d49def8,cenario_proxima_competencia_sem_observacao
sinapi_es,sem_desoneracao,87850,REVESTIMENTO DECORATIVO MONOCAMADA EXECUTADO MANUALMENTE EM FACHADA DE UM EDIFÍCIO DE ESTRUTURA CONVENCIONAL E ACABAMENTO TRAVERTINO. AF_03/2024,Monocapa,M2,928df42a952625eb12d41baf2b5ab17e1207af6e7881cb9f1c7fcac4708400e3,c9c6542f9eafc4c143fb1371a644c44bc414ece5d051f7162c0f1a3c0e152929,2026-05,2026-06,203.68,201.74,202.5,2026-06-12,linear_simples,203.09733678566982,,2026-05,4701615787b64511.joblib,7b4bc08b19ada86fc17bcdd336fc488aa71badd090b90a8d98cb10055d49def8,cenario_proxima_competencia_sem_observacao
sinapi_es,sem_desoneracao,87851,REVESTIMENTO DECORATIVO MONOCAMADA EXECUTADO MANUALMENTE EM FACHADA DE UM EDIFÍCIO DE ALVENARIA ESTRUTURAL E ACABAMENTO TRAVERTINO. AF_03/2024,Monocapa,M2,928df42a952625eb12d41baf2b5ab17e1207af6e7881cb9f1c7fcac4708400e3,306d53b7c6415bedd7cc92c69170242a0651ea7fd0d127953b6f9aca2aeb34ab,2026-05,2026-06,152.67,151.27,151.61,2026-06-12,linear_simples,152.54712475449546,,2026-05,4701615787b64511.joblib,7b4bc08b19ada86fc17bcdd336fc488aa71badd090b90a8d98cb10055d49def8,cenario_proxima_competencia_sem_observacao
sinapi_es,sem_desoneracao,87852,REVESTIMENTO DECORATIVO MONOCAMADA EXECUTADO COM EQUIPAMENTO DE PROJEÇÃO EM FACHADA DE UM EDIFÍCIO DE ESTRUTURA CONVENCIONAL E ACABAMENTO TRAVERTINO. AF_03/2024,Monocapa,M2,928df42a952625eb12d41baf2b5ab17e1207af6e7881cb9f1c7fcac4708400e3,b6521091a561e01735f904dc1478ad9ccd3abcafa6a4ea15b406100fae3727a3,2026-05,2026-06,195.16,193.3,194.11,2026-06-12,linear_simples,194.65413336466207,,2026-05,4701615787b64511.joblib,7b4bc08b19ada86fc17bcdd336fc488aa71badd090b90a8d98cb10055d49def8,cenario_proxima_competencia_sem_observacao
sinapi_es,sem_desoneracao,87853,REVESTIMENTO DECORATIVO MONOCAMADA EXECUTADO COM EQUIPAMENTO DE PROJEÇÃO EM FACHADA DE UM EDIFÍCIO DE ALVENARIA ESTRUTURAL E ACABAMENTO TRAVERTINO. AF_03/2024,Monocapa,M2,928df42a952625eb12d41baf2b5ab17e1207af6e7881cb9f1c7fcac4708400e3,9a0dafe3aefdcc1cbc4f4c49d7f755924ca575ba032e6ef523f4ec884b3f9f88,2026-05,2026-06,144.44,143.1,143.5,2026-06-12,linear_simples,144.39130736542342,,2026-05,4701615787b64511.joblib,7b4bc08b19ada86fc17bcdd336fc488aa71badd090b90a8d98cb10055d49def8,cenario_proxima_competencia_sem_observacao
sinapi_es,sem_desoneracao,105185,REVESTIMENTO DECORATIVO MONOCAMADA EXECUTADO MANUALMENTE EM FACHADA DE UM EDIFÍCIO DE ESTRUTURA CONVENCIONAL E ACABAMENTO CHAPISCADO/FLOCADO. AF_03/2024,Monocapa,M2,928df42a952625eb12d41baf2b5ab17e1207af6e7881cb9f1c7fcac4708400e3,fe3fb22f7947d9f9764c258bdabba0c398b9d7eb74aede246836d79f7bffa89f,2026-05,2026-06,200.01,198.07,198.94,2026-06-12,persistencia,200.01,,2026-05,,7b4bc08b19ada86fc17bcdd336fc488aa71badd090b90a8d98cb10055d49def8,cenario_proxima_competencia_sem_observacao
sinapi_es,sem_desoneracao,105186,REVESTIMENTO DECORATIVO MONOCAMADA EXECUTADO MANUALMENTE EM FACHADA DE UM EDIFÍCIO DE ALVENARIA ESTRUTURAL E ACABAMENTO CHAPISCADO/FLOCADO. AF_03/2024,Monocapa,M2,928df42a952625eb12d41baf2b5ab17e1207af6e7881cb9f1c7fcac4708400e3,2ba7a9a96665e4c768a8ffcf72b72ea4cc051b47e2c97f5a067a80eb2ccc4071,2026-05,2026-06,149.07,147.67,148.12,2026-06-12,persistencia,149.07,,2026-05,,7b4bc08b19ada86fc17bcdd336fc488aa71badd090b90a8d98cb10055d49def8,cenario_proxima_competencia_sem_observacao
sinapi_es,sem_desoneracao,105187,REVESTIMENTO DECORATIVO MONOCAMADA EXECUTADO COM EQUIPAMENTO DE PROJEÇÃO EM FACHADA DE UM EDIFÍCIO DE ESTRUTURA CONVENCIONAL E ACABAMENTO CHAPISCADO/FLOCADO. AF_03/2024,Monocapa,M2,928df42a952625eb12d41baf2b5ab17e1207af6e7881cb9f1c7fcac4708400e3,8b06197ed112dfcb9f633e2eef600e5b857b43562043d85d94eecbbab591b01f,2026-05,2026-06,192.43,190.57,191.49,2026-06-12,persistencia,192.43,,2026-05,,7b4bc08b19ada86fc17bcdd336fc488aa71badd090b90a8d98cb10055d49def8,cenario_proxima_competencia_sem_observacao
sinapi_es,sem_desoneracao,105188,REVESTIMENTO DECORATIVO MONOCAMADA EXECUTADO COM EQUIPAMENTO DE PROJEÇÃO EM FACHADA DE UM EDIFÍCIO DE ALVENARIA ESTRUTURAL E ACABAMENTO CHAPISCADO/FLOCADO. AF_03/2024,Monocapa,M2,928df42a952625eb12d41baf2b5ab17e1207af6e7881cb9f1c7fcac4708400e3,cdbb7bb7ab48ea7cd9713cec43bd34bea5a93c8dac9dcccd56e087a14cc05225,2026-05,2026-06,141.71,140.37,140.88,2026-06-12,persistencia,141.71,,2026-05,,7b4bc08b19ada86fc17bcdd336fc488aa71badd090b90a8d98cb10055d49def8,cenario_proxima_competencia_sem_observacao
sinapi_es,sem_desoneracao,87838,REVESTIMENTO DECORATIVO MONOCAMADA EXECUTADO MANUALMENTE EM FACHADA DE UM EDIFÍCIO DE ESTRUTURA CONVENCIONAL E ACABAMENTO RASPADO. AF_03/2024,Monocapa,M2,928df42a952625eb12d41baf2b5ab17e1207af6e7881cb9f1c7fcac4708400e3,6aa4642a9a37bc771c8768447e872b4cd110b6fa3ecefbe5472a3291218308b8,2026-05,2026-06,187.32,185.49,186.3,2026-06-12,persistencia,187.32,,2026-05,,7b4bc08b19ada86fc17bcdd336fc488aa71badd090b90a8d98cb10055d49def8,cenario_proxima_competencia_sem_observacao
sinapi_es,sem_desoneracao,87839,REVESTIMENTO DECORATIVO MONOCAMADA EXECUTADO MANUALMENTE EM FACHADA DE UM EDIFÍCIO DE ALVENARIA ESTRUTURAL E ACABAMENTO RASPADO. AF_03/2024,Monocapa,M2,928df42a952625eb12d41baf2b5ab17e1207af6e7881cb9f1c7fcac4708400e3,bb9d8a35099a5c896fc8215beecb39b36d056332b3447366f563b9d69f02fe88,2026-05,2026-06,136.31,135.02,135.39,2026-06-12,persistencia,136.31,,2026-05,,7b4bc08b19ada86fc17bcdd336fc488aa71badd090b90a8d98cb10055d49def8,cenario_proxima_competencia_sem_observacao
sinapi_es,sem_desoneracao,87840,REVESTIMENTO DECORATIVO MONOCAMADA EXECUTADO COM EQUIPAMENTO DE PROJEÇÃO EM FACHADA DE UM EDIFÍCIO DE ESTRUTURA CONVENCIONAL E ACABAMENTO RASPADO. AF_03/2024,Monocapa,M2,928df42a952625eb12d41baf2b5ab17e1207af6e7881cb9f1c7fcac4708400e3,3bd31b7a812d0e04f8c3b149397c11766ad16310842f451bcabb8bef01aaa893,2026-05,2026-06,179.47,177.72,178.58,2026-06-12,persistencia,179.47,,2026-05,,7b4bc08b19ada86fc17bcdd336fc488aa71badd090b90a8d98cb10055d49def8,cenario_proxima_competencia_sem_observacao
sinapi_es,sem_desoneracao,87841,REVESTIMENTO DECORATIVO MONOCAMADA EXECUTADO COM EQUIPAMENTO DE PROJEÇÃO EM FACHADA DE UM EDIFÍCIO DE ALVENARIA ESTRUTURAL E ACABAMENTO RASPADO. AF_03/2024,Monocapa,M2,928df42a952625eb12d41baf2b5ab17e1207af6e7881cb9f1c7fcac4708400e3,25c259691c3a80bbb2e233684ab1f3430861a934319a2da24a78acf02520e011,2026-05,2026-06,128.74,127.52,127.96,2026-06-12,persistencia,128.74,,2026-05,,7b4bc08b19ada86fc17bcdd336fc488aa71badd090b90a8d98cb10055d49def8,cenario_proxima_competencia_sem_observacao
sinapi_es,sem_desoneracao,87850,REVESTIMENTO DECORATIVO MONOCAMADA EXECUTADO MANUALMENTE EM FACHADA DE UM EDIFÍCIO DE ESTRUTURA CONVENCIONAL E ACABAMENTO TRAVERTINO. AF_03/2024,Monocapa,M2,928df42a952625eb12d41baf2b5ab17e1207af6e7881cb9f1c7fcac4708400e3,c9c6542f9eafc4c143fb1371a644c44bc414ece5d051f7162c0f1a3c0e152929,2026-05,2026-06,203.68,201.74,202.5,2026-06-12,persistencia,203.68,,2026-05,,7b4bc08b19ada86fc17bcdd336fc488aa71badd090b90a8d98cb10055d49def8,cenario_proxima_competencia_sem_observacao
sinapi_es,sem_desoneracao,87851,REVESTIMENTO DECORATIVO MONOCAMADA EXECUTADO MANUALMENTE EM FACHADA DE UM EDIFÍCIO DE ALVENARIA ESTRUTURAL E ACABAMENTO TRAVERTINO. AF_03/2024,Monocapa,M2,928df42a952625eb12d41baf2b5ab17e1207af6e7881cb9f1c7fcac4708400e3,306d53b7c6415bedd7cc92c69170242a0651ea7fd0d127953b6f9aca2aeb34ab,2026-05,2026-06,152.67,151.27,151.61,2026-06-12,persistencia,152.67,,2026-05,,7b4bc08b19ada86fc17bcdd336fc488aa71badd090b90a8d98cb10055d49def8,cenario_proxima_competencia_sem_observacao
sinapi_es,sem_desoneracao,87852,REVESTIMENTO DECORATIVO MONOCAMADA EXECUTADO COM EQUIPAMENTO DE PROJEÇÃO EM FACHADA DE UM EDIFÍCIO DE ESTRUTURA CONVENCIONAL E ACABAMENTO TRAVERTINO. AF_03/2024,Monocapa,M2,928df42a952625eb12d41baf2b5ab17e1207af6e7881cb9f1c7fcac4708400e3,b6521091a561e01735f904dc1478ad9ccd3abcafa6a4ea15b406100fae3727a3,2026-05,2026-06,195.16,193.3,194.11,2026-06-12,persistencia,195.16,,2026-05,,7b4bc08b19ada86fc17bcdd336fc488aa71badd090b90a8d98cb10055d49def8,cenario_proxima_competencia_sem_observacao
sinapi_es,sem_desoneracao,87853,REVESTIMENTO DECORATIVO MONOCAMADA EXECUTADO COM EQUIPAMENTO DE PROJEÇÃO EM FACHADA DE UM EDIFÍCIO DE ALVENARIA ESTRUTURAL E ACABAMENTO TRAVERTINO. AF_03/2024,Monocapa,M2,928df42a952625eb12d41baf2b5ab17e1207af6e7881cb9f1c7fcac4708400e3,9a0dafe3aefdcc1cbc4f4c49d7f755924ca575ba032e6ef523f4ec884b3f9f88,2026-05,2026-06,144.44,143.1,143.5,2026-06-12,persistencia,144.44,,2026-05,,7b4bc08b19ada86fc17bcdd336fc488aa71badd090b90a8d98cb10055d49def8,cenario_proxima_competencia_sem_observacao
sinapi_es,sem_desoneracao,104412,"ESTUCAMENTO PARA QUALQUER REVESTIMENTO, EM TETO DO SISTEMA DE PAREDES DE CONCRETO, EM AMBIENTES COM ÁREA MAIOR OU IGUAL A 10 M², UTILIZAÇÃO DE ARGAMASSA COLANTE. AF_12/2024",Paredes de Concreto - Estucamento,M2,928df42a952625eb12d41baf2b5ab17e1207af6e7881cb9f1c7fcac4708400e3,e99c33b49944ceea52e49105155e5a190246d9f35985cb99816f24e4bdcc5696,2026-05,2026-06,3.92,3.92,3.76,2026-06-12,linear_multipla,3.909703818847738,,2026-05,4edc0473c4c89e49.joblib,7b4bc08b19ada86fc17bcdd336fc488aa71badd090b90a8d98cb10055d49def8,cenario_proxima_competencia_sem_observacao
sinapi_es,sem_desoneracao,104413,"ESTUCAMENTO PARA QUALQUER REVESTIMENTO, EM TETO DO SISTEMA DE PAREDES DE CONCRETO, EM AMBIENTES COM ÁREA MENOR OU IGUAL A 5 M², UTILIZAÇÃO DE ARGAMASSA COLANTE. AF_12/2024",Paredes de Concreto - Estucamento,M2,928df42a952625eb12d41baf2b5ab17e1207af6e7881cb9f1c7fcac4708400e3,248f8df896f91d3a4cdae6b6443b063afb5baf50822d84c6a48a25ec20de6af0,2026-05,2026-06,6.68,6.68,6.41,2026-06-12,linear_multipla,6.662796438893601,,2026-05,4edc0473c4c89e49.joblib,7b4bc08b19ada86fc17bcdd336fc488aa71badd090b90a8d98cb10055d49def8,cenario_proxima_competencia_sem_observacao
sinapi_es,sem_desoneracao,104414,"ESTUCAMENTO DE DENSIDADE ALTA NAS FACES INTERNAS DE PAREDES DO SISTEMA DE PAREDES DE CONCRETO, EM AMBIENTES COM ÁREA MAIOR OU IGUAL A 10 M², UTILIZAÇÃO DE ARGAMASSA COLANTE. AF_12/2024",Paredes de Concreto - Estucamento,M2,928df42a952625eb12d41baf2b5ab17e1207af6e7881cb9f1c7fcac4708400e3,8326e3eca7a207841d61349371dbc52bc1272baf3daefc5b84972860c0a9f8a2,2026-05,2026-06,7.19,7.17,6.99,2026-06-12,linear_multipla,7.2114341796771875,,2026-05,4edc0473c4c89e49.joblib,7b4bc08b19ada86fc17bcdd336fc488aa71badd090b90a8d98cb10055d49def8,cenario_proxima_competencia_sem_observacao
sinapi_es,sem_desoneracao,104415,"ESTUCAMENTO DE DENSIDADE ALTA NAS FACES INTERNAS DE PAREDES DO SISTEMA DE PAREDES DE CONCRETO, EM AMBIENTES COM ÁREA MENOR OU IGUAL A 5 M², UTILIZAÇÃO DE ARGAMASSA COLANTE. AF_12/2024",Paredes de Concreto - Estucamento,M2,928df42a952625eb12d41baf2b5ab17e1207af6e7881cb9f1c7fcac4708400e3,2856865426f4cb2fb01e461c0b2e16998e632e46dd9a9940adee82ae2fb31050,2026-05,2026-06,13.81,13.79,13.34,2026-06-12,linear_multipla,13.812532279344081,,2026-05,4edc0473c4c89e49.joblib,7b4bc08b19ada86fc17bcdd336fc488aa71badd090b90a8d98cb10055d49def8,cenario_proxima_competencia_sem_observacao
sinapi_es,sem_desoneracao,104416,"ESTUCAMENTO DE DENSIDADE BAIXA NAS FACES INTERNAS DE PAREDES DO SISTEMA DE PAREDES DE CONCRETO, EM AMBIENTES COM ÁREA MAIOR OU IGUAL A 10 M², UTILIZAÇÃO DE ARGAMASSA COLANTE. AF_12/2024",Paredes de Concreto - Estucamento,M2,928df42a952625eb12d41baf2b5ab17e1207af6e7881cb9f1c7fcac4708400e3,ec5b12f82fb927457b4896a4797c2afb6368fcb4d2be318862ccc29aadb64268,2026-05,2026-06,2.13,2.13,2.04,2026-06-12,linear_multipla,2.123675573545082,,2026-05,4edc0473c4c89e49.joblib,7b4bc08b19ada86fc17bcdd336fc488aa71badd090b90a8d98cb10055d49def8,cenario_proxima_competencia_sem_observacao
sinapi_es,sem_desoneracao,104417,"ESTUCAMENTO DE DENSIDADE BAIXA NAS FACES INTERNAS DE PAREDES DO SISTEMA DE PAREDES DE CONCRETO, EM AMBIENTES COM ÁREA MENOR OU IGUAL A 5 M², UTILIZAÇÃO DE ARGAMASSA COLANTE. AF_12/2024",Paredes de Concreto - Estucamento,M2,928df42a952625eb12d41baf2b5ab17e1207af6e7881cb9f1c7fcac4708400e3,9b741231b0d8ea511115740a59eb212d8e15bf1b0406c70952ac39aa9b2df6d3,2026-05,2026-06,4.86,4.86,4.66,2026-06-12,linear_multipla,4.846390164563254,,2026-05,4edc0473c4c89e49.joblib,7b4bc08b19ada86fc17bcdd336fc488aa71badd090b90a8d98cb10055d49def8,cenario_proxima_competencia_sem_observacao
sinapi_es,sem_desoneracao,104418,"ESTUCAMENTO DE DENSIDADE BAIXA DE PANOS DE FACHADA DO SISTEMA DE PAREDES DE CONCRETO EM EDIFICAÇÕES DE MÚLTIPLOS PAVIMENTOS, PAVIMENTO TÉRREO, UTILIZAÇÃO DE ARGAMASSA COLANTE. AF_12/2024",Paredes de Concreto - Estucamento,M2,928df42a952625eb12d41baf2b5ab17e1207af6e7881cb9f1c7fcac4708400e3,0bbf2855025634ec2428316170f86265051e6db154d2c85e6ce02f76d602c253,2026-05,2026-06,3.33,3.32,3.21,2026-06-12,linear_multipla,3.3302696921036006,,2026-05,4edc0473c4c89e49.joblib,7b4bc08b19ada86fc17bcdd336fc488aa71badd090b90a8d98cb10055d49def8,cenario_proxima_competencia_sem_observacao
sinapi_es,sem_desoneracao,104419,"ESTUCAMENTO DE DENSIDADE BAIXA DE PANOS DE FACHADA DO SISTEMA DE PAREDES DE CONCRETO EM UNIDADES HABITACIONAIS DE DOIS PAVIMENTOS (SOBRADO), ACESSO COM ANDAIME FACHADEIRO, UTILIZAÇÃO DE ARGAMASSA COLANTE. AF_12/2024",Paredes de Concreto - Estucamento,M2,928df42a952625eb12d41baf2b5ab17e1207af6e7881cb9f1c7fcac4708400e3,95e00e1491ae2d59a2d8a0757dab148c90f38a98a1aa5f03a9e61c84f213a13e,2026-05,2026-06,5.31,5.3,5.11,2026-06-12,linear_multipla,5.3049024802936,,2026-05,4edc0473c4c89e49.joblib,7b4bc08b19ada86fc17bcdd336fc488aa71badd090b90a8d98cb10055d49def8,cenario_proxima_competencia_sem_observacao
sinapi_es,sem_desoneracao,104421,"ESTUCAMENTO DE DENSIDADE ALTA DE PANOS DE FACHADA DO SISTEMA DE PAREDES DE CONCRETO EM EDIFICAÇÕES DE MÚLTIPLOS PAVIMENTOS, PAVIMENTOS SUPERIORES, UTILIZAÇÃO DE ARGAMASSA COLANTE. AF_12/2024",Paredes de Concreto - Estucamento,M2,928df42a952625eb12d41baf2b5ab17e1207af6e7881cb9f1c7fcac4708400e3,c1991546fe8b9792492fb189cc5464c62e69215d04c5927eded3d43780db0e28,2026-05,2026-06,18.23,18.18,17.66,2026-06-12,linear_multipla,18.258857787488477,,2026-05,4edc0473c4c89e49.joblib,7b4bc08b19ada86fc17bcdd336fc488aa71badd090b90a8d98cb10055d49def8,cenario_proxima_competencia_sem_observacao
sinapi_es,sem_desoneracao,104422,"ESTUCAMENTO DE DENSIDADE ALTA DE PANOS DE FACHADA DO SISTEMA DE PAREDES DE CONCRETO EM EDIFICAÇÕES DE MÚLTIPLOS PAVIMENTOS, PAVIMENTO TÉRREO, UTILIZAÇÃO DE ARGAMASSA COLANTE. AF_12/2024",Paredes de Concreto - Estucamento,M2,928df42a952625eb12d41baf2b5ab17e1207af6e7881cb9f1c7fcac4708400e3,910b04f335fc815ed111150f0aa0ee7ccda15c7b839007388b1353e318cd923c,2026-05,2026-06,11.51,11.46,11.2,2026-06-12,linear_multipla,11.552709950107918,,2026-05,4edc0473c4c89e49.joblib,7b4bc08b19ada86fc17bcdd336fc488aa71badd090b90a8d98cb10055d49def8,cenario_proxima_competencia_sem_observacao
sinapi_es,sem_desoneracao,104423,"ESTUCAMENTO DE DENSIDADE ALTA DE PANOS DE FACHADA DO SISTEMA DE PAREDES DE CONCRETO EM UNIDADES HABITACIONAIS DE DOIS PAVIMENTOS (SOBRADO), ACESSO COM ANDAIME FACHADEIRO, UTILIZAÇÃO DE ARGAMASSA COLANTE. AF_12/2024",Paredes de Concreto - Estucamento,M2,928df42a952625eb12d41baf2b5ab17e1207af6e7881cb9f1c7fcac4708400e3,376780a31d93d9c7da55f88a7d2f0ceb870784c0ed689c755eb140188a5902e8,2026-05,2026-06,16.21,16.16,15.72,2026-06-12,linear_multipla,16.24372096059489,,2026-05,4edc0473c4c89e49.joblib,7b4bc08b19ada86fc17bcdd336fc488aa71badd090b90a8d98cb10055d49def8,cenario_proxima_competencia_sem_observacao
sinapi_es,sem_desoneracao,104425,"ESTUCAMENTO DE DENSIDADE ALTA DE PANOS DE FACHADA DO SISTEMA DE PAREDES DE CONCRETO EM UNIDADES HABITACIONAIS DE PAVIMENTO ÚNICO, UTILIZAÇÃO DE ARGAMASSA COLANTE. AF_12/2024",Paredes de Concreto - Estucamento,M2,928df42a952625eb12d41baf2b5ab17e1207af6e7881cb9f1c7fcac4708400e3,0cec546c8776b09b1588bbea6233cfc011d08cbe30b7a7184c08694273d70907,2026-05,2026-06,9.46,9.41,9.24,2026-06-12,linear_multipla,9.510984735141339,,2026-05,4edc0473c4c89e49.joblib,7b4bc08b19ada86fc17bcdd336fc488aa71badd090b90a8d98cb10055d49def8,cenario_proxima_competencia_sem_observacao
sinapi_es,sem_desoneracao,105816,"ESTUCAMENTO DE DENSIDADE ALTA NAS FACES INTERNAS DE PAREDES DO SISTEMA DE PAREDES DE CONCRETO, EM AMBIENTES COM ÁREA MAIOR OU IGUAL A 10 M², UTILIZAÇÃO DE ARGAMASSA POLIMÉRICA. AF_12/2024",Paredes de Concreto - Estucamento,M2,928df42a952625eb12d41baf2b5ab17e1207af6e7881cb9f1c7fcac4708400e3,6696ed545b315748a85b2a50385d5ac6ea1d6e09f77b17382ad43242ad051d07,2026-05,2026-06,11.46,10.99,10.79,2026-06-12,linear_multipla,11.485011800588968,,2026-05,4edc0473c4c89e49.joblib,7b4bc08b19ada86fc17bcdd336fc488aa71badd090b90a8d98cb10055d49def8,cenario_proxima_competencia_sem_observacao
sinapi_es,sem_desoneracao,105817,"ESTUCAMENTO DE DENSIDADE ALTA NAS FACES INTERNAS DE PAREDES DO SISTEMA DE PAREDES DE CONCRETO, EM AMBIENTES COM ÁREA MAIOR OU IGUAL A 10 M², UTILIZAÇÃO DE ARGAMASSA TRAÇO 1:1:6 (CIM:CAL:AREIA). AF_12/2024",Paredes de Concreto - Estucamento,M2,928df42a952625eb12d41baf2b5ab17e1207af6e7881cb9f1c7fcac4708400e3,a96f8e15f787f6c27c766a9c3ec262d867871234574bc63d83d2d39807cbf46f,2026-05,2026-06,5.56,5.55,5.35,2026-06-12,linear_multipla,5.554263081236323,,2026-05,4edc0473c4c89e49.joblib,7b4bc08b19ada86fc17bcdd336fc488aa71badd090b90a8d98cb10055d49def8,cenario_proxima_competencia_sem_observacao
sinapi_es,sem_desoneracao,105818,"ESTUCAMENTO DE DENSIDADE ALTA NAS FACES INTERNAS DE PAREDES DO SISTEMA DE PAREDES DE CONCRETO, EM AMBIENTES COM ÁREA ENTRE 5 M² E 10 M², UTILIZAÇÃO DE ARGAMASSA POLIMÉRICA. AF_12/2024",Paredes de Concreto - Estucamento,M2,928df42a952625eb12d41baf2b5ab17e1207af6e7881cb9f1c7fcac4708400e3,913ad5f4d272f34c3fbe05517f35fb8cbaa5bc610fb8b4c72d787b7ee77c5af0,2026-05,2026-06,12.51,12.04,11.79,2026-06-12,linear_multipla,12.529294611784652,,2026-05,4edc0473c4c89e49.joblib,7b4bc08b19ada86fc17bcdd336fc488aa71badd090b90a8d98cb10055d49def8,cenario_proxima_competencia_sem_observacao
sinapi_es,sem_desoneracao,105819,"ESTUCAMENTO DE DENSIDADE ALTA NAS FACES INTERNAS DE PAREDES DO SISTEMA DE PAREDES DE CONCRETO, EM AMBIENTES COM ÁREA ENTRE 5 M² E 10 M², UTILIZAÇÃO DE ARGAMASSA TRAÇO 1:1:6 (CIM:CAL:AREIA). AF_12/2024",Paredes de Concreto - Estucamento,M2,928df42a952625eb12d41baf2b5ab17e1207af6e7881cb9f1c7fcac4708400e3,fbd2930a852ea09fa82f00fd0849288841a55bd5fb7cb031ae02a6e9c50811f3,2026-05,2026-06,6.61,6.6,6.35,2026-06-12,linear_multipla,6.598545892432009,,2026-05,4edc0473c4c89e49.joblib,7b4bc08b19ada86fc17bcdd336fc488aa71badd090b90a8d98cb10055d49def8,cenario_proxima_competencia_sem_observacao
sinapi_es,sem_desoneracao,105820,"ESTUCAMENTO DE DENSIDADE ALTA NAS FACES INTERNAS DE PAREDES DO SISTEMA DE PAREDES DE CONCRETO, EM AMBIENTES COM ÁREA MENOR OU IGUAL A 5 M², UTILIZAÇÃO DE ARGAMASSA POLIMÉRICA. AF_12/2024",Paredes de Concreto - Estucamento,M2,928df42a952625eb12d41baf2b5ab17e1207af6e7881cb9f1c7fcac4708400e3,ac8cf2ea52d8c72e82c3e4f2c54c49d67423c4597ff694f462449ab72f06ced4,2026-05,2026-06,18.08,17.61,17.14,2026-06-12,linear_multipla,18.086109900255856,,2026-05,4edc0473c4c89e49.joblib,7b4bc08b19ada86fc17bcdd336fc488aa71badd090b90a8d98cb10055d49def8,cenario_proxima_competencia_sem_observacao
sinapi_es,sem_desoneracao,105821,"ESTUCAMENTO DE DENSIDADE ALTA NAS FACES INTERNAS DE PAREDES DO SISTEMA DE PAREDES DE CONCRETO, EM AMBIENTES COM ÁREA MENOR OU IGUAL A 5 M², UTILIZAÇÃO DE ARGAMASSA TRAÇO 1:1:6 (CIM:CAL:AREIA). AF_12/2024",Paredes de Concreto - Estucamento,M2,928df42a952625eb12d41baf2b5ab17e1207af6e7881cb9f1c7fcac4708400e3,4f0c4f22925dc2c833211749f9c7fc92719fd9a490d62158564778cc0adbe9fb,2026-05,2026-06,12.18,12.17,11.7,2026-06-12,linear_multipla,12.155361180903215,,2026-05,4edc0473c4c89e49.joblib,7b4bc08b19ada86fc17bcdd336fc488aa71badd090b90a8d98cb10055d49def8,cenario_proxima_competencia_sem_observacao
sinapi_es,sem_desoneracao,105822,"ESTUCAMENTO DE DENSIDADE ALTA DE PANOS DE FACHADA DO SISTEMA DE PAREDES DE CONCRETO EM EDIFICAÇÕES DE MÚLTIPLOS PAVIMENTOS, PAVIMENTOS SUPERIORES, UTILIZAÇÃO DE ARGAMASSA POLIMÉRICA. AF_12/2024",Paredes de Concreto - Estucamento,M2,928df42a952625eb12d41baf2b5ab17e1207af6e7881cb9f1c7fcac4708400e3,3fa5f9009e06708492d859144d9d825fc644116f590dfd300766a0c2549ed1e4,2026-05,2026-06,20.96,20.49,19.92,2026-06-12,linear_multipla,20.964504277367183,,2026-05,4edc0473c4c89e49.joblib,7b4bc08b19ada86fc17bcdd336fc488aa71badd090b90a8d98cb10055d49def8,cenario_proxima_competencia_sem_observacao
sinapi_es,sem_desoneracao,105823,"ESTUCAMENTO DE DENSIDADE ALTA DE PANOS DE FACHADA DO SISTEMA DE PAREDES DE CONCRETO EM EDIFICAÇÕES DE MÚLTIPLOS PAVIMENTOS, PAVIMENTOS SUPERIORES, UTILIZAÇÃO DE ARGAMASSA TRAÇO 1:0,5:4,5 (CIM:CAL:AREIA). AF_12/2024",Paredes de Concreto - Estucamento,M2,928df42a952625eb12d41baf2b5ab17e1207af6e7881cb9f1c7fcac4708400e3,e6c95970243e27df9970dcf6bb6594320b6e718261fb9a90a0a50e115db4a7a5,2026-05,2026-06,15.0,14.99,14.41,2026-06-12,linear_multipla,14.96920985900446,,2026-05,4edc0473c4c89e49.joblib,7b4bc08b19ada86fc17bcdd336fc488aa71badd090b90a8d98cb10055d49def8,cenario_proxima_competencia_sem_observacao
sinapi_es,sem_desoneracao,105824,"ESTUCAMENTO DE DENSIDADE ALTA DE PANOS DE FACHADA DO SISTEMA DE PAREDES DE CONCRETO EM EDIFICAÇÕES DE MÚLTIPLOS PAVIMENTOS, PAVIMENTO TÉRREO, UTILIZAÇÃO DE ARGAMASSA POLIMÉRICA. AF_12/2024",Paredes de Concreto - Estucamento,M2,928df42a952625eb12d41baf2b5ab17e1207af6e7881cb9f1c7fcac4708400e3,f9e3a9e6a207177ec1ff7c7226c7163c39aaa2a08a3c0c887e9eef6dfc5c8bbb,2026-05,2026-06,14.24,13.77,13.46,2026-06-12,linear_multipla,14.258356439986622,,2026-05,4edc0473c4c89e49.joblib,7b4bc08b19ada86fc17bcdd336fc488aa71badd090b90a8d98cb10055d49def8,cenario_proxima_competencia_sem_observacao
sinapi_es,sem_desoneracao,105825,"ESTUCAMENTO DE DENSIDADE ALTA DE PANOS DE FACHADA DO SISTEMA DE PAREDES DE CONCRETO EM EDIFICAÇÕES DE MÚLTIPLOS PAVIMENTOS, PAVIMENTO TÉRREO, UTILIZAÇÃO DE ARGAMASSA TRAÇO 1:0,5:4,5 (CIM:CAL:AREIA). AF_12/2024",Paredes de Concreto - Estucamento,M2,928df42a952625eb12d41baf2b5ab17e1207af6e7881cb9f1c7fcac4708400e3,0ff67dcdc31cfcdaab307514d03df8ba03737f6f7dc324052d1f29f40c534004,2026-05,2026-06,8.28,8.27,7.95,2026-06-12,linear_multipla,8.263062021623902,,2026-05,4edc0473c4c89e49.joblib,7b4bc08b19ada86fc17bcdd336fc488aa71badd090b90a8d98cb10055d49def8,cenario_proxima_competencia_sem_observacao
sinapi_es,sem_desoneracao,105826,"ESTUCAMENTO DE DENSIDADE ALTA DE PANOS DE FACHADA DO SISTEMA DE PAREDES DE CONCRETO EM UNIDADES HABITACIONAIS DE DOIS PAVIMENTOS (SOBRADO), ACESSO COM ANDAIME FACHADEIRO, UTILIZAÇÃO DE ARGAMASSA POLIMÉRICA. AF_12/2024",Paredes de Concreto - Estucamento,M2,928df42a952625eb12d41baf2b5ab17e1207af6e7881cb9f1c7fcac4708400e3,5c499ac453c9a371bb1d98a1bff6bd893194effc194ea2ac1b2876286f837a20,2026-05,2026-06,18.94,18.47,17.98,2026-06-12,linear_multipla,18.949367450473595,,2026-05,4edc0473c4c89e49.joblib,7b4bc08b19ada86fc17bcdd336fc488aa71badd090b90a8d98cb10055d49def8,cenario_proxima_competencia_sem_observacao
sinapi_es,sem_desoneracao,105827,"ESTUCAMENTO DE DENSIDADE ALTA DE PANOS DE FACHADA DO SISTEMA DE PAREDES DE CONCRETO EM UNIDADES HABITACIONAIS DE DOIS PAVIMENTOS (SOBRADO), ACESSO COM ANDAIME FACHADEIRO, UTILIZAÇÃO DE ARGAMASSA TRAÇO 1:0,5:4,5 (CIM:CAL:AREIA). AF_12/2024",Paredes de Concreto - Estucamento,M2,928df42a952625eb12d41baf2b5ab17e1207af6e7881cb9f1c7fcac4708400e3,e1d7098dacd3c1cf204323a7e9e2e0a9d5c8c99f002cdfc2b76c9dcc1d10e2b5,2026-05,2026-06,12.98,12.97,12.47,2026-06-12,linear_multipla,12.954073032110875,,2026-05,4edc0473c4c89e49.joblib,7b4bc08b19ada86fc17bcdd336fc488aa71badd090b90a8d98cb10055d49def8,cenario_proxima_competencia_sem_observacao
sinapi_es,sem_desoneracao,105828,"ESTUCAMENTO DE DENSIDADE ALTA DE PANOS DE FACHADA DO SISTEMA DE PAREDES DE CONCRETO EM UNIDADES HABITACIONAIS DE PAVIMENTO ÚNICO, UTILIZAÇÃO DE ARGAMASSA POLIMÉRICA. AF_12/2024",Paredes de Concreto - Estucamento,M2,928df42a952625eb12d41baf2b5ab17e1207af6e7881cb9f1c7fcac4708400e3,fbf4d11b26e552c857e290555883662f6385c62d45c6e8b8ec510f619c5f469c,2026-05,2026-06,12.19,11.72,11.5,2026-06-12,linear_multipla,12.21663122502004,,2026-05,4edc0473c4c89e49.joblib,7b4bc08b19ada86fc17bcdd336fc488aa71badd090b90a8d98cb10055d49def8,cenario_proxima_competencia_sem_observacao
sinapi_es,sem_desoneracao,105829,"ESTUCAMENTO DE DENSIDADE ALTA DE PANOS DE FACHADA DO SISTEMA DE PAREDES DE CONCRETO EM UNIDADES HABITACIONAIS DE PAVIMENTO ÚNICO, UTILIZAÇÃO DE ARGAMASSA TRAÇO 1:0,5:4,5 (CIM:CAL:AREIA). AF_12/2024",Paredes de Concreto - Estucamento,M2,928df42a952625eb12d41baf2b5ab17e1207af6e7881cb9f1c7fcac4708400e3,5070058dd13db979de7f330b22f3436e235806d71d3012f593ddb3833d8d63fe,2026-05,2026-06,6.23,6.22,5.99,2026-06-12,linear_multipla,6.221336806657322,,2026-05,4edc0473c4c89e49.joblib,7b4bc08b19ada86fc17bcdd336fc488aa71badd090b90a8d98cb10055d49def8,cenario_proxima_competencia_sem_observacao
sinapi_es,sem_desoneracao,91515,"ESTUCAMENTO DE DENSIDADE BAIXA DE PANOS DE FACHADA DO SISTEMA DE PAREDES DE CONCRETO EM EDIFICAÇÕES DE MÚLTIPLOS PAVIMENTOS, PAVIMENTOS SUPERIORES, UTILIZAÇÃO DE ARGAMASSA COLANTE. AF_12/2024",Paredes de Concreto - Estucamento,M2,928df42a952625eb12d41baf2b5ab17e1207af6e7881cb9f1c7fcac4708400e3,03906f02d6ce348f418740235230b21b8a3bcfeb2c9a7d0d4655bf37b972cd0b,2026-05,2026-06,6.15,6.14,5.91,2026-06-12,linear_multipla,6.140328729250148,,2026-05,4edc0473c4c89e49.joblib,7b4bc08b19ada86fc17bcdd336fc488aa71badd090b90a8d98cb10055d49def8,cenario_proxima_competencia_sem_observacao
sinapi_es,sem_desoneracao,91519,"ESTUCAMENTO DE DENSIDADE BAIXA DE PANOS DE FACHADA DO SISTEMA DE PAREDES DE CONCRETO EM UNIDADES HABITACIONAIS DE PAVIMENTO ÚNICO, UTILIZAÇÃO DE ARGAMASSA COLANTE. AF_12/2024",Paredes de Concreto - Estucamento,M2,928df42a952625eb12d41baf2b5ab17e1207af6e7881cb9f1c7fcac4708400e3,cc3581e2af944c56b76cdef5b21e86ed22bc6eed552d68a47d43ddc926a062e7,2026-05,2026-06,2.54,2.53,2.45,2026-06-12,linear_multipla,2.5416838505718404,,2026-05,4edc0473c4c89e49.joblib,7b4bc08b19ada86fc17bcdd336fc488aa71badd090b90a8d98cb10055d49def8,cenario_proxima_competencia_sem_observacao
sinapi_es,sem_desoneracao,91520,"ESTUCAMENTO DE DENSIDADE BAIXA NAS FACES INTERNAS DE PAREDES DO SISTEMA DE PAREDES DE CONCRETO, EM AMBIENTES COM ÁREA ENTRE 5 M² E 10 M², UTILIZAÇÃO DE ARGAMASSA COLANTE. AF_12/2024",Paredes de Concreto - Estucamento,M2,928df42a952625eb12d41baf2b5ab17e1207af6e7881cb9f1c7fcac4708400e3,62142b9e9710a9ba177e3f3d8ce1e54e59b2384d1f38719bbad5f5bf30d57f5b,2026-05,2026-06,2.58,2.58,2.48,2026-06-12,linear_multipla,2.5755563680057425,,2026-05,4edc0473c4c89e49.joblib,7b4bc08b19ada86fc17bcdd336fc488aa71badd090b90a8d98cb10055d49def8,cenario_proxima_competencia_sem_observacao
sinapi_es,sem_desoneracao,91522,"ESTUCAMENTO PARA QUALQUER REVESTIMENTO, EM TETO DO SISTEMA DE PAREDES DE CONCRETO, EM AMBIENTES COM ÁREA ENTRE 5 M² E 10 M², UTILIZAÇÃO DE ARGAMASSA COLANTE. AF_12/2024",Paredes de Concreto - Estucamento,M2,928df42a952625eb12d41baf2b5ab17e1207af6e7881cb9f1c7fcac4708400e3,c8a860a4bb40774346f3fb9de657b56c4dfaff31ae74c1387b9468bdf93a07a9,2026-05,2026-06,4.36,4.36,4.19,2026-06-12,linear_multipla,4.351458603632501,,2026-05,4edc0473c4c89e49.joblib,7b4bc08b19ada86fc17bcdd336fc488aa71badd090b90a8d98cb10055d49def8,cenario_proxima_competencia_sem_observacao
sinapi_es,sem_desoneracao,91525,"ESTUCAMENTO DE DENSIDADE ALTA NAS FACES INTERNAS DE PAREDES DO SISTEMA DE PAREDES DE CONCRETO, EM AMBIENTES COM ÁREA ENTRE 5 M² E 10 M², UTILIZAÇÃO DE ARGAMASSA COLANTE. AF_12/2024",Paredes de Concreto - Estucamento,M2,928df42a952625eb12d41baf2b5ab17e1207af6e7881cb9f1c7fcac4708400e3,602be55b6d93c67696ee33cea423652c93903762f4e10d92bb09e2b87197e5e0,2026-05,2026-06,8.24,8.22,7.99,2026-06-12,linear_multipla,8.255716990872871,,2026-05,4edc0473c4c89e49.joblib,7b4bc08b19ada86fc17bcdd336fc488aa71badd090b90a8d98cb10055d49def8,cenario_proxima_competencia_sem_observacao
sinapi_es,sem_desoneracao,104412,"ESTUCAMENTO PARA QUALQUER REVESTIMENTO, EM TETO DO SISTEMA DE PAREDES DE CONCRETO, EM AMBIENTES COM ÁREA MAIOR OU IGUAL A 10 M², UTILIZAÇÃO DE ARGAMASSA COLANTE. AF_12/2024",Paredes de Concreto - Estucamento,M2,928df42a952625eb12d41baf2b5ab17e1207af6e7881cb9f1c7fcac4708400e3,e99c33b49944ceea52e49105155e5a190246d9f35985cb99816f24e4bdcc5696,2026-05,2026-06,3.92,3.92,3.76,2026-06-12,persistencia,3.92,,2026-05,,7b4bc08b19ada86fc17bcdd336fc488aa71badd090b90a8d98cb10055d49def8,cenario_proxima_competencia_sem_observacao
sinapi_es,sem_desoneracao,104413,"ESTUCAMENTO PARA QUALQUER REVESTIMENTO, EM TETO DO SISTEMA DE PAREDES DE CONCRETO, EM AMBIENTES COM ÁREA MENOR OU IGUAL A 5 M², UTILIZAÇÃO DE ARGAMASSA COLANTE. AF_12/2024",Paredes de Concreto - Estucamento,M2,928df42a952625eb12d41baf2b5ab17e1207af6e7881cb9f1c7fcac4708400e3,248f8df896f91d3a4cdae6b6443b063afb5baf50822d84c6a48a25ec20de6af0,2026-05,2026-06,6.68,6.68,6.41,2026-06-12,persistencia,6.68,,2026-05,,7b4bc08b19ada86fc17bcdd336fc488aa71badd090b90a8d98cb10055d49def8,cenario_proxima_competencia_sem_observacao
sinapi_es,sem_desoneracao,104414,"ESTUCAMENTO DE DENSIDADE ALTA NAS FACES INTERNAS DE PAREDES DO SISTEMA DE PAREDES DE CONCRETO, EM AMBIENTES COM ÁREA MAIOR OU IGUAL A 10 M², UTILIZAÇÃO DE ARGAMASSA COLANTE. AF_12/2024",Paredes de Concreto - Estucamento,M2,928df42a952625eb12d41baf2b5ab17e1207af6e7881cb9f1c7fcac4708400e3,8326e3eca7a207841d61349371dbc52bc1272baf3daefc5b84972860c0a9f8a2,2026-05,2026-06,7.19,7.17,6.99,2026-06-12,persistencia,7.19,,2026-05,,7b4bc08b19ada86fc17bcdd336fc488aa71badd090b90a8d98cb10055d49def8,cenario_proxima_competencia_sem_observacao
sinapi_es,sem_desoneracao,104415,"ESTUCAMENTO DE DENSIDADE ALTA NAS FACES INTERNAS DE PAREDES DO SISTEMA DE PAREDES DE CONCRETO, EM AMBIENTES COM ÁREA MENOR OU IGUAL A 5 M², UTILIZAÇÃO DE ARGAMASSA COLANTE. AF_12/2024",Paredes de Concreto - Estucamento,M2,928df42a952625eb12d41baf2b5ab17e1207af6e7881cb9f1c7fcac4708400e3,2856865426f4cb2fb01e461c0b2e16998e632e46dd9a9940adee82ae2fb31050,2026-05,2026-06,13.81,13.79,13.34,2026-06-12,persistencia,13.81,,2026-05,,7b4bc08b19ada86fc17bcdd336fc488aa71badd090b90a8d98cb10055d49def8,cenario_proxima_competencia_sem_observacao
sinapi_es,sem_desoneracao,104416,"ESTUCAMENTO DE DENSIDADE BAIXA NAS FACES INTERNAS DE PAREDES DO SISTEMA DE PAREDES DE CONCRETO, EM AMBIENTES COM ÁREA MAIOR OU IGUAL A 10 M², UTILIZAÇÃO DE ARGAMASSA COLANTE. AF_12/2024",Paredes de Concreto - Estucamento,M2,928df42a952625eb12d41baf2b5ab17e1207af6e7881cb9f1c7fcac4708400e3,ec5b12f82fb927457b4896a4797c2afb6368fcb4d2be318862ccc29aadb64268,2026-05,2026-06,2.13,2.13,2.04,2026-06-12,persistencia,2.13,,2026-05,,7b4bc08b19ada86fc17bcdd336fc488aa71badd090b90a8d98cb10055d49def8,cenario_proxima_competencia_sem_observacao
sinapi_es,sem_desoneracao,104417,"ESTUCAMENTO DE DENSIDADE BAIXA NAS FACES INTERNAS DE PAREDES DO SISTEMA DE PAREDES DE CONCRETO, EM AMBIENTES COM ÁREA MENOR OU IGUAL A 5 M², UTILIZAÇÃO DE ARGAMASSA COLANTE. AF_12/2024",Paredes de Concreto - Estucamento,M2,928df42a952625eb12d41baf2b5ab17e1207af6e7881cb9f1c7fcac4708400e3,9b741231b0d8ea511115740a59eb212d8e15bf1b0406c70952ac39aa9b2df6d3,2026-05,2026-06,4.86,4.86,4.66,2026-06-12,persistencia,4.86,,2026-05,,7b4bc08b19ada86fc17bcdd336fc488aa71badd090b90a8d98cb10055d49def8,cenario_proxima_competencia_sem_observacao
sinapi_es,sem_desoneracao,104418,"ESTUCAMENTO DE DENSIDADE BAIXA DE PANOS DE FACHADA DO SISTEMA DE PAREDES DE CONCRETO EM EDIFICAÇÕES DE MÚLTIPLOS PAVIMENTOS, PAVIMENTO TÉRREO, UTILIZAÇÃO DE ARGAMASSA COLANTE. AF_12/2024",Paredes de Concreto - Estucamento,M2,928df42a952625eb12d41baf2b5ab17e1207af6e7881cb9f1c7fcac4708400e3,0bbf2855025634ec2428316170f86265051e6db154d2c85e6ce02f76d602c253,2026-05,2026-06,3.33,3.32,3.21,2026-06-12,persistencia,3.33,,2026-05,,7b4bc08b19ada86fc17bcdd336fc488aa71badd090b90a8d98cb10055d49def8,cenario_proxima_competencia_sem_observacao
sinapi_es,sem_desoneracao,104419,"ESTUCAMENTO DE DENSIDADE BAIXA DE PANOS DE FACHADA DO SISTEMA DE PAREDES DE CONCRETO EM UNIDADES HABITACIONAIS DE DOIS PAVIMENTOS (SOBRADO), ACESSO COM ANDAIME FACHADEIRO, UTILIZAÇÃO DE ARGAMASSA COLANTE. AF_12/2024",Paredes de Concreto - Estucamento,M2,928df42a952625eb12d41baf2b5ab17e1207af6e7881cb9f1c7fcac4708400e3,95e00e1491ae2d59a2d8a0757dab148c90f38a98a1aa5f03a9e61c84f213a13e,2026-05,2026-06,5.31,5.3,5.11,2026-06-12,persistencia,5.31,,2026-05,,7b4bc08b19ada86fc17bcdd336fc488aa71badd090b90a8d98cb10055d49def8,cenario_proxima_competencia_sem_observacao
sinapi_es,sem_desoneracao,104421,"ESTUCAMENTO DE DENSIDADE ALTA DE PANOS DE FACHADA DO SISTEMA DE PAREDES DE CONCRETO EM EDIFICAÇÕES DE MÚLTIPLOS PAVIMENTOS, PAVIMENTOS SUPERIORES, UTILIZAÇÃO DE ARGAMASSA COLANTE. AF_12/2024",Paredes de Concreto - Estucamento,M2,928df42a952625eb12d41baf2b5ab17e1207af6e7881cb9f1c7fcac4708400e3,c1991546fe8b9792492fb189cc5464c62e69215d04c5927eded3d43780db0e28,2026-05,2026-06,18.23,18.18,17.66,2026-06-12,persistencia,18.23,,2026-05,,7b4bc08b19ada86fc17bcdd336fc488aa71badd090b90a8d98cb10055d49def8,cenario_proxima_competencia_sem_observacao
sinapi_es,sem_desoneracao,104422,"ESTUCAMENTO DE DENSIDADE ALTA DE PANOS DE FACHADA DO SISTEMA DE PAREDES DE CONCRETO EM EDIFICAÇÕES DE MÚLTIPLOS PAVIMENTOS, PAVIMENTO TÉRREO, UTILIZAÇÃO DE ARGAMASSA COLANTE. AF_12/2024",Paredes de Concreto - Estucamento,M2,928df42a952625eb12d41baf2b5ab17e1207af6e7881cb9f1c7fcac4708400e3,910b04f335fc815ed111150f0aa0ee7ccda15c7b839007388b1353e318cd923c,2026-05,2026-06,11.51,11.46,11.2,2026-06-12,persistencia,11.51,,2026-05,,7b4bc08b19ada86fc17bcdd336fc488aa71badd090b90a8d98cb10055d49def8,cenario_proxima_competencia_sem_observacao
sinapi_es,sem_desoneracao,104423,"ESTUCAMENTO DE DENSIDADE ALTA DE PANOS DE FACHADA DO SISTEMA DE PAREDES DE CONCRETO EM UNIDADES HABITACIONAIS DE DOIS PAVIMENTOS (SOBRADO), ACESSO COM ANDAIME FACHADEIRO, UTILIZAÇÃO DE ARGAMASSA COLANTE. AF_12/2024",Paredes de Concreto - Estucamento,M2,928df42a952625eb12d41baf2b5ab17e1207af6e7881cb9f1c7fcac4708400e3,376780a31d93d9c7da55f88a7d2f0ceb870784c0ed689c755eb140188a5902e8,2026-05,2026-06,16.21,16.16,15.72,2026-06-12,persistencia,16.21,,2026-05,,7b4bc08b19ada86fc17bcdd336fc488aa71badd090b90a8d98cb10055d49def8,cenario_proxima_competencia_sem_observacao
sinapi_es,sem_desoneracao,104425,"ESTUCAMENTO DE DENSIDADE ALTA DE PANOS DE FACHADA DO SISTEMA DE PAREDES DE CONCRETO EM UNIDADES HABITACIONAIS DE PAVIMENTO ÚNICO, UTILIZAÇÃO DE ARGAMASSA COLANTE. AF_12/2024",Paredes de Concreto - Estucamento,M2,928df42a952625eb12d41baf2b5ab17e1207af6e7881cb9f1c7fcac4708400e3,0cec546c8776b09b1588bbea6233cfc011d08cbe30b7a7184c08694273d70907,2026-05,2026-06,9.46,9.41,9.24,2026-06-12,persistencia,9.46,,2026-05,,7b4bc08b19ada86fc17bcdd336fc488aa71badd090b90a8d98cb10055d49def8,cenario_proxima_competencia_sem_observacao
sinapi_es,sem_desoneracao,105816,"ESTUCAMENTO DE DENSIDADE ALTA NAS FACES INTERNAS DE PAREDES DO SISTEMA DE PAREDES DE CONCRETO, EM AMBIENTES COM ÁREA MAIOR OU IGUAL A 10 M², UTILIZAÇÃO DE ARGAMASSA POLIMÉRICA. AF_12/2024",Paredes de Concreto - Estucamento,M2,928df42a952625eb12d41baf2b5ab17e1207af6e7881cb9f1c7fcac4708400e3,6696ed545b315748a85b2a50385d5ac6ea1d6e09f77b17382ad43242ad051d07,2026-05,2026-06,11.46,10.99,10.79,2026-06-12,persistencia,11.46,,2026-05,,7b4bc08b19ada86fc17bcdd336fc488aa71badd090b90a8d98cb10055d49def8,cenario_proxima_competencia_sem_observacao
sinapi_es,sem_desoneracao,105817,"ESTUCAMENTO DE DENSIDADE ALTA NAS FACES INTERNAS DE PAREDES DO SISTEMA DE PAREDES DE CONCRETO, EM AMBIENTES COM ÁREA MAIOR OU IGUAL A 10 M², UTILIZAÇÃO DE ARGAMASSA TRAÇO 1:1:6 (CIM:CAL:AREIA). AF_12/2024",Paredes de Concreto - Estucamento,M2,928df42a952625eb12d41baf2b5ab17e1207af6e7881cb9f1c7fcac4708400e3,a96f8e15f787f6c27c766a9c3ec262d867871234574bc63d83d2d39807cbf46f,2026-05,2026-06,5.56,5.55,5.35,2026-06-12,persistencia,5.56,,2026-05,,7b4bc08b19ada86fc17bcdd336fc488aa71badd090b90a8d98cb10055d49def8,cenario_proxima_competencia_sem_observacao
sinapi_es,sem_desoneracao,105818,"ESTUCAMENTO DE DENSIDADE ALTA NAS FACES INTERNAS DE PAREDES DO SISTEMA DE PAREDES DE CONCRETO, EM AMBIENTES COM ÁREA ENTRE 5 M² E 10 M², UTILIZAÇÃO DE ARGAMASSA POLIMÉRICA. AF_12/2024",Paredes de Concreto - Estucamento,M2,928df42a952625eb12d41baf2b5ab17e1207af6e7881cb9f1c7fcac4708400e3,913ad5f4d272f34c3fbe05517f35fb8cbaa5bc610fb8b4c72d787b7ee77c5af0,2026-05,2026-06,12.51,12.04,11.79,2026-06-12,persistencia,12.51,,2026-05,,7b4bc08b19ada86fc17bcdd336fc488aa71badd090b90a8d98cb10055d49def8,cenario_proxima_competencia_sem_observacao
sinapi_es,sem_desoneracao,105819,"ESTUCAMENTO DE DENSIDADE ALTA NAS FACES INTERNAS DE PAREDES DO SISTEMA DE PAREDES DE CONCRETO, EM AMBIENTES COM ÁREA ENTRE 5 M² E 10 M², UTILIZAÇÃO DE ARGAMASSA TRAÇO 1:1:6 (CIM:CAL:AREIA). AF_12/2024",Paredes de Concreto - Estucamento,M2,928df42a952625eb12d41baf2b5ab17e1207af6e7881cb9f1c7fcac4708400e3,fbd2930a852ea09fa82f00fd0849288841a55bd5fb7cb031ae02a6e9c50811f3,2026-05,2026-06,6.61,6.6,6.35,2026-06-12,persistencia,6.61,,2026-05,,7b4bc08b19ada86fc17bcdd336fc488aa71badd090b90a8d98cb10055d49def8,cenario_proxima_competencia_sem_observacao
sinapi_es,sem_desoneracao,105820,"ESTUCAMENTO DE DENSIDADE ALTA NAS FACES INTERNAS DE PAREDES DO SISTEMA DE PAREDES DE CONCRETO, EM AMBIENTES COM ÁREA MENOR OU IGUAL A 5 M², UTILIZAÇÃO DE ARGAMASSA POLIMÉRICA. AF_12/2024",Paredes de Concreto - Estucamento,M2,928df42a952625eb12d41baf2b5ab17e1207af6e7881cb9f1c7fcac4708400e3,ac8cf2ea52d8c72e82c3e4f2c54c49d67423c4597ff694f462449ab72f06ced4,2026-05,2026-06,18.08,17.61,17.14,2026-06-12,persistencia,18.08,,2026-05,,7b4bc08b19ada86fc17bcdd336fc488aa71badd090b90a8d98cb10055d49def8,cenario_proxima_competencia_sem_observacao
sinapi_es,sem_desoneracao,105821,"ESTUCAMENTO DE DENSIDADE ALTA NAS FACES INTERNAS DE PAREDES DO SISTEMA DE PAREDES DE CONCRETO, EM AMBIENTES COM ÁREA MENOR OU IGUAL A 5 M², UTILIZAÇÃO DE ARGAMASSA TRAÇO 1:1:6 (CIM:CAL:AREIA). AF_12/2024",Paredes de Concreto - Estucamento,M2,928df42a952625eb12d41baf2b5ab17e1207af6e7881cb9f1c7fcac4708400e3,4f0c4f22925dc2c833211749f9c7fc92719fd9a490d62158564778cc0adbe9fb,2026-05,2026-06,12.18,12.17,11.7,2026-06-12,persistencia,12.18,,2026-05,,7b4bc08b19ada86fc17bcdd336fc488aa71badd090b90a8d98cb10055d49def8,cenario_proxima_competencia_sem_observacao
sinapi_es,sem_desoneracao,105822,"ESTUCAMENTO DE DENSIDADE ALTA DE PANOS DE FACHADA DO SISTEMA DE PAREDES DE CONCRETO EM EDIFICAÇÕES DE MÚLTIPLOS PAVIMENTOS, PAVIMENTOS SUPERIORES, UTILIZAÇÃO DE ARGAMASSA POLIMÉRICA. AF_12/2024",Paredes de Concreto - Estucamento,M2,928df42a952625eb12d41baf2b5ab17e1207af6e7881cb9f1c7fcac4708400e3,3fa5f9009e06708492d859144d9d825fc644116f590dfd300766a0c2549ed1e4,2026-05,2026-06,20.96,20.49,19.92,2026-06-12,persistencia,20.96,,2026-05,,7b4bc08b19ada86fc17bcdd336fc488aa71badd090b90a8d98cb10055d49def8,cenario_proxima_competencia_sem_observacao
sinapi_es,sem_desoneracao,105823,"ESTUCAMENTO DE DENSIDADE ALTA DE PANOS DE FACHADA DO SISTEMA DE PAREDES DE CONCRETO EM EDIFICAÇÕES DE MÚLTIPLOS PAVIMENTOS, PAVIMENTOS SUPERIORES, UTILIZAÇÃO DE ARGAMASSA TRAÇO 1:0,5:4,5 (CIM:CAL:AREIA). AF_12/2024",Paredes de Concreto - Estucamento,M2,928df42a952625eb12d41baf2b5ab17e1207af6e7881cb9f1c7fcac4708400e3,e6c95970243e27df9970dcf6bb6594320b6e718261fb9a90a0a50e115db4a7a5,2026-05,2026-06,15.0,14.99,14.41,2026-06-12,persistencia,15.0,,2026-05,,7b4bc08b19ada86fc17bcdd336fc488aa71badd090b90a8d98cb10055d49def8,cenario_proxima_competencia_sem_observacao
sinapi_es,sem_desoneracao,105824,"ESTUCAMENTO DE DENSIDADE ALTA DE PANOS DE FACHADA DO SISTEMA DE PAREDES DE CONCRETO EM EDIFICAÇÕES DE MÚLTIPLOS PAVIMENTOS, PAVIMENTO TÉRREO, UTILIZAÇÃO DE ARGAMASSA POLIMÉRICA. AF_12/2024",Paredes de Concreto - Estucamento,M2,928df42a952625eb12d41baf2b5ab17e1207af6e7881cb9f1c7fcac4708400e3,f9e3a9e6a207177ec1ff7c7226c7163c39aaa2a08a3c0c887e9eef6dfc5c8bbb,2026-05,2026-06,14.24,13.77,13.46,2026-06-12,persistencia,14.24,,2026-05,,7b4bc08b19ada86fc17bcdd336fc488aa71badd090b90a8d98cb10055d49def8,cenario_proxima_competencia_sem_observacao
sinapi_es,sem_desoneracao,105825,"ESTUCAMENTO DE DENSIDADE ALTA DE PANOS DE FACHADA DO SISTEMA DE PAREDES DE CONCRETO EM EDIFICAÇÕES DE MÚLTIPLOS PAVIMENTOS, PAVIMENTO TÉRREO, UTILIZAÇÃO DE ARGAMASSA TRAÇO 1:0,5:4,5 (CIM:CAL:AREIA). AF_12/2024",Paredes de Concreto - Estucamento,M2,928df42a952625eb12d41baf2b5ab17e1207af6e7881cb9f1c7fcac4708400e3,0ff67dcdc31cfcdaab307514d03df8ba03737f6f7dc324052d1f29f40c534004,2026-05,2026-06,8.28,8.27,7.95,2026-06-12,persistencia,8.28,,2026-05,,7b4bc08b19ada86fc17bcdd336fc488aa71badd090b90a8d98cb10055d49def8,cenario_proxima_competencia_sem_observacao
sinapi_es,sem_desoneracao,105826,"ESTUCAMENTO DE DENSIDADE ALTA DE PANOS DE FACHADA DO SISTEMA DE PAREDES DE CONCRETO EM UNIDADES HABITACIONAIS DE DOIS PAVIMENTOS (SOBRADO), ACESSO COM ANDAIME FACHADEIRO, UTILIZAÇÃO DE ARGAMASSA POLIMÉRICA. AF_12/2024",Paredes de Concreto - Estucamento,M2,928df42a952625eb12d41baf2b5ab17e1207af6e7881cb9f1c7fcac4708400e3,5c499ac453c9a371bb1d98a1bff6bd893194effc194ea2ac1b2876286f837a20,2026-05,2026-06,18.94,18.47,17.98,2026-06-12,persistencia,18.94,,2026-05,,7b4bc08b19ada86fc17bcdd336fc488aa71badd090b90a8d98cb10055d49def8,cenario_proxima_competencia_sem_observacao
sinapi_es,sem_desoneracao,105827,"ESTUCAMENTO DE DENSIDADE ALTA DE PANOS DE FACHADA DO SISTEMA DE PAREDES DE CONCRETO EM UNIDADES HABITACIONAIS DE DOIS PAVIMENTOS (SOBRADO), ACESSO COM ANDAIME FACHADEIRO, UTILIZAÇÃO DE ARGAMASSA TRAÇO 1:0,5:4,5 (CIM:CAL:AREIA). AF_12/2024",Paredes de Concreto - Estucamento,M2,928df42a952625eb12d41baf2b5ab17e1207af6e7881cb9f1c7fcac4708400e3,e1d7098dacd3c1cf204323a7e9e2e0a9d5c8c99f002cdfc2b76c9dcc1d10e2b5,2026-05,2026-06,12.98,12.97,12.47,2026-06-12,persistencia,12.98,,2026-05,,7b4bc08b19ada86fc17bcdd336fc488aa71badd090b90a8d98cb10055d49def8,cenario_proxima_competencia_sem_observacao
sinapi_es,sem_desoneracao,105828,"ESTUCAMENTO DE DENSIDADE ALTA DE PANOS DE FACHADA DO SISTEMA DE PAREDES DE CONCRETO EM UNIDADES HABITACIONAIS DE PAVIMENTO ÚNICO, UTILIZAÇÃO DE ARGAMASSA POLIMÉRICA. AF_12/2024",Paredes de Concreto - Estucamento,M2,928df42a952625eb12d41baf2b5ab17e1207af6e7881cb9f1c7fcac4708400e3,fbf4d11b26e552c857e290555883662f6385c62d45c6e8b8ec510f619c5f469c,2026-05,2026-06,12.19,11.72,11.5,2026-06-12,persistencia,12.19,,2026-05,,7b4bc08b19ada86fc17bcdd336fc488aa71badd090b90a8d98cb10055d49def8,cenario_proxima_competencia_sem_observacao
sinapi_es,sem_desoneracao,105829,"ESTUCAMENTO DE DENSIDADE ALTA DE PANOS DE FACHADA DO SISTEMA DE PAREDES DE CONCRETO EM UNIDADES HABITACIONAIS DE PAVIMENTO ÚNICO, UTILIZAÇÃO DE ARGAMASSA TRAÇO 1:0,5:4,5 (CIM:CAL:AREIA). AF_12/2024",Paredes de Concreto - Estucamento,M2,928df42a952625eb12d41baf2b5ab17e1207af6e7881cb9f1c7fcac4708400e3,5070058dd13db979de7f330b22f3436e235806d71d3012f593ddb3833d8d63fe,2026-05,2026-06,6.23,6.22,5.99,2026-06-12,persistencia,6.23,,2026-05,,7b4bc08b19ada86fc17bcdd336fc488aa71badd090b90a8d98cb10055d49def8,cenario_proxima_competencia_sem_observacao
sinapi_es,sem_desoneracao,91515,"ESTUCAMENTO DE DENSIDADE BAIXA DE PANOS DE FACHADA DO SISTEMA DE PAREDES DE CONCRETO EM EDIFICAÇÕES DE MÚLTIPLOS PAVIMENTOS, PAVIMENTOS SUPERIORES, UTILIZAÇÃO DE ARGAMASSA COLANTE. AF_12/2024",Paredes de Concreto - Estucamento,M2,928df42a952625eb12d41baf2b5ab17e1207af6e7881cb9f1c7fcac4708400e3,03906f02d6ce348f418740235230b21b8a3bcfeb2c9a7d0d4655bf37b972cd0b,2026-05,2026-06,6.15,6.14,5.91,2026-06-12,persistencia,6.15,,2026-05,,7b4bc08b19ada86fc17bcdd336fc488aa71badd090b90a8d98cb10055d49def8,cenario_proxima_competencia_sem_observacao
sinapi_es,sem_desoneracao,91519,"ESTUCAMENTO DE DENSIDADE BAIXA DE PANOS DE FACHADA DO SISTEMA DE PAREDES DE CONCRETO EM UNIDADES HABITACIONAIS DE PAVIMENTO ÚNICO, UTILIZAÇÃO DE ARGAMASSA COLANTE. AF_12/2024",Paredes de Concreto - Estucamento,M2,928df42a952625eb12d41baf2b5ab17e1207af6e7881cb9f1c7fcac4708400e3,cc3581e2af944c56b76cdef5b21e86ed22bc6eed552d68a47d43ddc926a062e7,2026-05,2026-06,2.54,2.53,2.45,2026-06-12,persistencia,2.54,,2026-05,,7b4bc08b19ada86fc17bcdd336fc488aa71badd090b90a8d98cb10055d49def8,cenario_proxima_competencia_sem_observacao
sinapi_es,sem_desoneracao,91520,"ESTUCAMENTO DE DENSIDADE BAIXA NAS FACES INTERNAS DE PAREDES DO SISTEMA DE PAREDES DE CONCRETO, EM AMBIENTES COM ÁREA ENTRE 5 M² E 10 M², UTILIZAÇÃO DE ARGAMASSA COLANTE. AF_12/2024",Paredes de Concreto - Estucamento,M2,928df42a952625eb12d41baf2b5ab17e1207af6e7881cb9f1c7fcac4708400e3,62142b9e9710a9ba177e3f3d8ce1e54e59b2384d1f38719bbad5f5bf30d57f5b,2026-05,2026-06,2.58,2.58,2.48,2026-06-12,persistencia,2.58,,2026-05,,7b4bc08b19ada86fc17bcdd336fc488aa71badd090b90a8d98cb10055d49def8,cenario_proxima_competencia_sem_observacao
sinapi_es,sem_desoneracao,91522,"ESTUCAMENTO PARA QUALQUER REVESTIMENTO, EM TETO DO SISTEMA DE PAREDES DE CONCRETO, EM AMBIENTES COM ÁREA ENTRE 5 M² E 10 M², UTILIZAÇÃO DE ARGAMASSA COLANTE. AF_12/2024",Paredes de Concreto - Estucamento,M2,928df42a952625eb12d41baf2b5ab17e1207af6e7881cb9f1c7fcac4708400e3,c8a860a4bb40774346f3fb9de657b56c4dfaff31ae74c1387b9468bdf93a07a9,2026-05,2026-06,4.36,4.36,4.19,2026-06-12,persistencia,4.36,,2026-05,,7b4bc08b19ada86fc17bcdd336fc488aa71badd090b90a8d98cb10055d49def8,cenario_proxima_competencia_sem_observacao
sinapi_es,sem_desoneracao,91525,"ESTUCAMENTO DE DENSIDADE ALTA NAS FACES INTERNAS DE PAREDES DO SISTEMA DE PAREDES DE CONCRETO, EM AMBIENTES COM ÁREA ENTRE 5 M² E 10 M², UTILIZAÇÃO DE ARGAMASSA COLANTE. AF_12/2024",Paredes de Concreto - Estucamento,M2,928df42a952625eb12d41baf2b5ab17e1207af6e7881cb9f1c7fcac4708400e3,602be55b6d93c67696ee33cea423652c93903762f4e10d92bb09e2b87197e5e0,2026-05,2026-06,8.24,8.22,7.99,2026-06-12,persistencia,8.24,,2026-05,,7b4bc08b19ada86fc17bcdd336fc488aa71badd090b90a8d98cb10055d49def8,cenario_proxima_competencia_sem_observacao
sinapi_es,sem_desoneracao,88411,APLICAÇÃO MANUAL DE FUNDO SELADOR ACRÍLICO EM PANOS COM PRESENÇA DE VÃOS DE EDIFÍCIOS DE MÚLTIPLOS PAVIMENTOS. AF_03/2024,Pintura Externa,M2,928df42a952625eb12d41baf2b5ab17e1207af6e7881cb9f1c7fcac4708400e3,adede2b208e097e12b6c5c9ff0e5e803796b25e5dced78dbb97dc040af1d08a4,2026-05,2026-06,5.98,6.01,5.98,2026-06-12,linear_multipla,6.03005517611735,,2026-05,9609f9cad38408dc.joblib,7b4bc08b19ada86fc17bcdd336fc488aa71badd090b90a8d98cb10055d49def8,cenario_proxima_competencia_sem_observacao
sinapi_es,sem_desoneracao,88412,APLICAÇÃO MANUAL DE FUNDO SELADOR ACRÍLICO EM PANOS CEGOS DE FACHADA (SEM PRESENÇA DE VÃOS) DE EDIFÍCIOS DE MÚLTIPLOS PAVIMENTOS. AF_03/2024,Pintura Externa,M2,928df42a952625eb12d41baf2b5ab17e1207af6e7881cb9f1c7fcac4708400e3,6c546876d4a4515918690d871611d0e5a85d1ced981403eea1e4cedce853ae47,2026-05,2026-06,4.84,4.87,4.84,2026-06-12,linear_multipla,4.87200384673739,,2026-05,9609f9cad38408dc.joblib,7b4bc08b19ada86fc17bcdd336fc488aa71badd090b90a8d98cb10055d49def8,cenario_proxima_competencia_sem_observacao
sinapi_es,sem_desoneracao,88413,APLICAÇÃO MANUAL DE FUNDO SELADOR ACRÍLICO EM SUPERFÍCIES EXTERNAS DE SACADA DE EDIFÍCIOS DE MÚLTIPLOS PAVIMENTOS. AF_03/2024,Pintura Externa,M2,928df42a952625eb12d41baf2b5ab17e1207af6e7881cb9f1c7fcac4708400e3,b722bfeba1aa92ac8d4b655716bf20db749fcad7886286eac28b9d76699fde8c,2026-05,2026-06,7.48,7.51,7.48,2026-06-12,linear_multipla,7.553806925301506,,2026-05,9609f9cad38408dc.joblib,7b4bc08b19ada86fc17bcdd336fc488aa71badd090b90a8d98cb10055d49def8,cenario_proxima_competencia_sem_observacao
sinapi_es,sem_desoneracao,88414,APLICAÇÃO MANUAL DE FUNDO SELADOR ACRÍLICO EM SUPERFÍCIES INTERNAS DA SACADA DE EDIFÍCIOS DE MÚLTIPLOS PAVIMENTOS. AF_03/2024,Pintura Externa,M2,928df42a952625eb12d41baf2b5ab17e1207af6e7881cb9f1c7fcac4708400e3,fbc13804a6dfef4c1577e3a5bfb5d088591b62c9f12e88dd20c2f5f2fbe32873,2026-05,2026-06,8.89,8.93,8.89,2026-06-12,linear_multipla,8.987455915974406,,2026-05,9609f9cad38408dc.joblib,7b4bc08b19ada86fc17bcdd336fc488aa71badd090b90a8d98cb10055d49def8,cenario_proxima_competencia_sem_observacao
sinapi_es,sem_desoneracao,88415,APLICAÇÃO MANUAL DE FUNDO SELADOR ACRÍLICO EM PAREDES EXTERNAS DE CASAS. AF_03/2024,Pintura Externa,M2,928df42a952625eb12d41baf2b5ab17e1207af6e7881cb9f1c7fcac4708400e3,f581a2a735675b2785b8602de0808e9246803ebf3b8eba8d07dedf4b559b31de,2026-05,2026-06,6.09,6.12,6.09,2026-06-12,linear_multipla,6.141796971057521,,2026-05,9609f9cad38408dc.joblib,7b4bc08b19ada86fc17bcdd336fc488aa71badd090b90a8d98cb10055d49def8,cenario_proxima_competencia_sem_observacao
sinapi_es,sem_desoneracao,88416,"APLICAÇÃO MANUAL DE PINTURA COM TINTA TEXTURIZADA ACRÍLICA EM PANOS COM PRESENÇA DE VÃOS DE EDIFÍCIOS DE MÚLTIPLOS PAVIMENTOS, UMA COR. AF_03/2024",Pintura Externa,M2,928df42a952625eb12d41baf2b5ab17e1207af6e7881cb9f1c7fcac4708400e3,53fa97976177e5aba705f7a063eae70532bcfbdaed05fb495fc4a438c4a26448,2026-05,2026-06,23.34,23.18,23.18,2026-06-12,linear_multipla,23.580609648364298,,2026-05,9609f9cad38408dc.joblib,7b4bc08b19ada86fc17bcdd336fc488aa71badd090b90a8d98cb10055d49def8,cenario_proxima_competencia_sem_observacao
sinapi_es,sem_desoneracao,88417,"APLICAÇÃO MANUAL DE PINTURA COM TINTA TEXTURIZADA ACRÍLICA EM PANOS CEGOS DE FACHADA (SEM PRESENÇA DE VÃOS) DE EDIFÍCIOS DE MÚLTIPLOS PAVIMENTOS, UMA COR. AF_03/2024",Pintura Externa,M2,928df42a952625eb12d41baf2b5ab17e1207af6e7881cb9f1c7fcac4708400e3,c9d4cb4239c9427bbdf96f3a901ba08463e281cadc9cd8dc65b79ca46717365d,2026-05,2026-06,19.38,19.23,19.23,2026-06-12,linear_multipla,19.562927867955104,,2026-05,9609f9cad38408dc.joblib,7b4bc08b19ada86fc17bcdd336fc488aa71badd090b90a8d98cb10055d49def8,cenario_proxima_competencia_sem_observacao
sinapi_es,sem_desoneracao,88420,"APLICAÇÃO MANUAL DE PINTURA COM TINTA TEXTURIZADA ACRÍLICA EM SUPERFÍCIES EXTERNAS DE SACADA DE EDIFÍCIOS DE MÚLTIPLOS PAVIMENTOS, UMA COR. AF_03/2024",Pintura Externa,M2,928df42a952625eb12d41baf2b5ab17e1207af6e7881cb9f1c7fcac4708400e3,097a4e6f5ba3a28612bab287d6df064cd31585fd2d7a107c663fd09f3182ed3e,2026-05,2026-06,27.76,27.61,27.61,2026-06-12,linear_multipla,28.075620973397257,,2026-05,9609f9cad38408dc.joblib,7b4bc08b19ada86fc17bcdd336fc488aa71badd090b90a8d98cb10055d49def8,cenario_proxima_competencia_sem_observacao
sinapi_es,sem_desoneracao,88421,"APLICAÇÃO MANUAL DE PINTURA COM TINTA TEXTURIZADA ACRÍLICA EM SUPERFÍCIES INTERNAS DA SACADA DE EDIFÍCIOS DE MÚLTIPLOS PAVIMENTOS, UMA COR. AF_03/2024",Pintura Externa,M2,928df42a952625eb12d41baf2b5ab17e1207af6e7881cb9f1c7fcac4708400e3,fc5545e11b4841863eb38a9f71be1b1dcdff59d33f024ab69e0b3ccc068d8c6a,2026-05,2026-06,33.39,33.21,33.21,2026-06-12,linear_multipla,33.779700693024196,,2026-05,9609f9cad38408dc.joblib,7b4bc08b19ada86fc17bcdd336fc488aa71badd090b90a8d98cb10055d49def8,cenario_proxima_competencia_sem_observacao
sinapi_es,sem_desoneracao,88423,"APLICAÇÃO MANUAL DE PINTURA COM TINTA TEXTURIZADA ACRÍLICA EM PAREDES EXTERNAS DE CASAS, UMA COR. AF_03/2024",Pintura Externa,M2,928df42a952625eb12d41baf2b5ab17e1207af6e7881cb9f1c7fcac4708400e3,f140fc7b9b784894567fc8b1226191bd84ad68d24dd1dcbbd39d06034b49bb3e,2026-05,2026-06,23.52,23.36,23.36,2026-06-12,linear_multipla,23.763459858266398,,2026-05,9609f9cad38408dc.joblib,7b4bc08b19ada86fc17bcdd336fc488aa71badd090b90a8d98cb10055d49def8,cenario_proxima_competencia_sem_observacao
sinapi_es,sem_desoneracao,88424,"APLICAÇÃO MANUAL DE PINTURA COM TINTA TEXTURIZADA ACRÍLICA EM PANOS COM PRESENÇA DE VÃOS DE EDIFÍCIOS DE MÚLTIPLOS PAVIMENTOS, DUAS CORES. AF_03/2024",Pintura Externa,M2,928df42a952625eb12d41baf2b5ab17e1207af6e7881cb9f1c7fcac4708400e3,4e2ba751be3ad2e630b75aa2eec356e3dde77ae0ddf938c941237925b5e831be,2026-05,2026-06,28.08,27.92,27.92,2026-06-12,linear_multipla,28.39566517578623,,2026-05,9609f9cad38408dc.joblib,7b4bc08b19ada86fc17bcdd336fc488aa71badd090b90a8d98cb10055d49def8,cenario_proxima_competencia_sem_observacao
sinapi_es,sem_desoneracao,88426,"APLICAÇÃO MANUAL DE PINTURA COM TINTA TEXTURIZADA ACRÍLICA EM PANOS CEGOS DE FACHADA (SEM PRESENÇA DE VÃOS) DE EDIFÍCIOS DE MÚLTIPLOS PAVIMENTOS, DUAS CORES. AF_03/2024",Pintura Externa,M2,928df42a952625eb12d41baf2b5ab17e1207af6e7881cb9f1c7fcac4708400e3,de6268d0aabd39456e731b7e57266f97bfe456c320c0298877068f993ce7c536,2026-05,2026-06,21.93,21.78,21.78,2026-06-12,linear_multipla,22.15330584156817,,2026-05,9609f9cad38408dc.joblib,7b4bc08b19ada86fc17bcdd336fc488aa71badd090b90a8d98cb10055d49def8,cenario_proxima_competencia_sem_observacao
sinapi_es,sem_desoneracao,88428,"APLICAÇÃO MANUAL DE PINTURA COM TINTA TEXTURIZADA ACRÍLICA EM SUPERFÍCIES EXTERNAS DE SACADA DE EDIFÍCIOS DE MÚLTIPLOS PAVIMENTOS, DUAS CORES. AF_03/2024",Pintura Externa,M2,928df42a952625eb12d41baf2b5ab17e1207af6e7881cb9f1c7fcac4708400e3,838acc004e790f1c83f1c1201cef575a8f2062ea666c9942a949f4200dd5f02e,2026-05,2026-06,36.85,36.7,36.7,2026-06-12,linear_multipla,37.30955657345325,,2026-05,9609f9cad38408dc.joblib,7b4bc08b19ada86fc17bcdd336fc488aa71badd090b90a8d98cb10055d49def8,cenario_proxima_competencia_sem_observacao
sinapi_es,sem_desoneracao,88429,"APLICAÇÃO MANUAL DE PINTURA COM TINTA TEXTURIZADA ACRÍLICA EM SUPERFÍCIES INTERNAS DA SACADA DE EDIFÍCIOS DE MÚLTIPLOS PAVIMENTOS, DUAS CORES. AF_03/2024",Pintura Externa,M2,928df42a952625eb12d41baf2b5ab17e1207af6e7881cb9f1c7fcac4708400e3,2a54eb6ef19989c3ca235bd53e5dbc7808b8e8963597dba6a4112b4f40f1415f,2026-05,2026-06,43.97,43.79,43.79,2026-06-12,linear_multipla,44.527229697269775,,2026-05,9609f9cad38408dc.joblib,7b4bc08b19ada86fc17bcdd336fc488aa71badd090b90a8d98cb10055d49def8,cenario_proxima_competencia_sem_observacao
sinapi_es,sem_desoneracao,88431,"APLICAÇÃO MANUAL DE PINTURA COM TINTA TEXTURIZADA ACRÍLICA EM PAREDES EXTERNAS DE CASAS, DUAS CORES. AF_03/2024",Pintura Externa,M2,928df42a952625eb12d41baf2b5ab17e1207af6e7881cb9f1c7fcac4708400e3,b3ca1201e25f4146d031915da7bf6e6d2b55f668b1d94c03cd8e056d1ee1579c,2026-05,2026-06,28.84,28.68,28.68,2026-06-12,linear_multipla,29.16769939537287,,2026-05,9609f9cad38408dc.joblib,7b4bc08b19ada86fc17bcdd336fc488aa71badd090b90a8d98cb10055d49def8,cenario_proxima_competencia_sem_observacao
sinapi_es,sem_desoneracao,88432,APLICAÇÃO MANUAL DE PINTURA COM TINTA TEXTURIZADA ACRÍLICA EM MOLDURAS DE EPS. AF_03/2024,Pintura Externa,M2,928df42a952625eb12d41baf2b5ab17e1207af6e7881cb9f1c7fcac4708400e3,d7e6cb000dfd4289e27f5971d55245fcdb7f986eafd00b337e7bb3356b09b673,2026-05,2026-06,37.62,37.47,37.47,2026-06-12,linear_multipla,38.091749138034444,,2026-05,9609f9cad38408dc.joblib,7b4bc08b19ada86fc17bcdd336fc488aa71badd090b90a8d98cb10055d49def8,cenario_proxima_competencia_sem_observacao
sinapi_es,sem_desoneracao,95622,"APLICAÇÃO MANUAL DE TINTA LÁTEX ACRÍLICA EM PANOS COM PRESENÇA DE VÃOS DE EDIFÍCIOS DE MÚLTIPLOS PAVIMENTOS, DUAS DEMÃOS. AF_03/2024",Pintura Externa,M2,928df42a952625eb12d41baf2b5ab17e1207af6e7881cb9f1c7fcac4708400e3,f4f57fb992a54d1feddeaadff859b118ae0a645f718fcc30b35eb96f5f0dd800,2026-05,2026-06,17.98,17.91,17.91,2026-06-12,linear_multipla,18.180942268212377,,2026-05,9609f9cad38408dc.joblib,7b4bc08b19ada86fc17bcdd336fc488aa71badd090b90a8d98cb10055d49def8,cenario_proxima_competencia_sem_observacao
sinapi_es,sem_desoneracao,95623,"APLICAÇÃO MANUAL DE TINTA LÁTEX ACRÍLICA EM PANOS SEM PRESENÇA DE VÃOS DE EDIFÍCIOS DE MÚLTIPLOS PAVIMENTOS, DUAS DEMÃOS. AF_03/2024",Pintura Externa,M2,928df42a952625eb12d41baf2b5ab17e1207af6e7881cb9f1c7fcac4708400e3,d90847ef7c0b9598caa3619d5d3c345b0b7b21588d79fa1f7ae04aadb3cc50a7,2026-05,2026-06,12.18,12.12,12.12,2026-06-12,linear_multipla,12.294125008803949,,2026-05,9609f9cad38408dc.joblib,7b4bc08b19ada86fc17bcdd336fc488aa71badd090b90a8d98cb10055d49def8,cenario_proxima_competencia_sem_observacao
sinapi_es,sem_desoneracao,95624,"APLICAÇÃO MANUAL DE TINTA LÁTEX ACRÍLICA EM SUPERFÍCIES EXTERNAS DE SACADA DE EDIFÍCIOS DE MÚLTIPLOS PAVIMENTOS, DUAS DEMÃOS. AF_03/2024",Pintura Externa,M2,928df42a952625eb12d41baf2b5ab17e1207af6e7881cb9f1c7fcac4708400e3,210944b43417ff3416ef931a3bc7220330732ee13218492e67f6c61eaaa05d53,2026-05,2026-06,28.18,28.12,28.12,2026-06-12,linear_multipla,28.54747700010162,,2026-05,9609f9cad38408dc.joblib,7b4bc08b19ada86fc17bcdd336fc488aa71badd090b90a8d98cb10055d49def8,cenario_proxima_competencia_sem_observacao
sinapi_es,sem_desoneracao,95625,"APLICAÇÃO MANUAL DE TINTA LÁTEX ACRÍLICA EM SUPERFÍCIES INTERNAS DE SACADA DE EDIFÍCIOS DE MÚLTIPLOS PAVIMENTOS, DUAS DEMÃOS. AF_03/2024",Pintura Externa,M2,928df42a952625eb12d41baf2b5ab17e1207af6e7881cb9f1c7fcac4708400e3,6ce2bbb347b6137217cf89f9f4fff21542b85fb9c892c830fa022477d04ea9c2,2026-05,2026-06,33.24,33.17,33.17,2026-06-12,linear_multipla,33.682576729912526,,2026-05,9609f9cad38408dc.joblib,7b4bc08b19ada86fc17bcdd336fc488aa71badd090b90a8d98cb10055d49def8,cenario_proxima_competencia_sem_observacao
sinapi_es,sem_desoneracao,95626,"APLICAÇÃO MANUAL DE TINTA LÁTEX ACRÍLICA EM PAREDE EXTERNAS DE CASAS, DUAS DEMÃOS. AF_03/2024",Pintura Externa,M2,928df42a952625eb12d41baf2b5ab17e1207af6e7881cb9f1c7fcac4708400e3,b72e91fbb85a9a704669d2127525dcc0f6c04176706239a380c4bba7c01c136a,2026-05,2026-06,19.19,19.13,19.13,2026-06-12,linear_multipla,19.41512484999124,,2026-05,9609f9cad38408dc.joblib,7b4bc08b19ada86fc17bcdd336fc488aa71badd090b90a8d98cb10055d49def8,cenario_proxima_competencia_sem_observacao
sinapi_es,sem_desoneracao,96126,"APLICAÇÃO MANUAL DE MASSA ACRÍLICA EM PANOS DE FACHADA COM PRESENÇA DE VÃOS, DE EDIFÍCIOS DE MÚLTIPLOS PAVIMENTOS, UMA DEMÃO. AF_03/2024",Pintura Externa,M2,928df42a952625eb12d41baf2b5ab17e1207af6e7881cb9f1c7fcac4708400e3,d1e13dc841a01a0184174a0bccfea2745c1909107b7ad98419e3ae1a2a4ef59a,2026-05,2026-06,23.7,23.7,23.89,2026-06-12,linear_multipla,24.09698479610663,,2026-05,9609f9cad38408dc.joblib,7b4bc08b19ada86fc17bcdd336fc488aa71badd090b90a8d98cb10055d49def8,cenario_proxima_competencia_sem_observacao
sinapi_es,sem_desoneracao,96127,"APLICAÇÃO MANUAL DE MASSA ACRÍLICA EM PANOS DE FACHADA SEM PRESENÇA DE VÃOS, DE EDIFÍCIOS DE MÚLTIPLOS PAVIMENTOS, UMA DEMÃO. AF_03/2024",Pintura Externa,M2,928df42a952625eb12d41baf2b5ab17e1207af6e7881cb9f1c7fcac4708400e3,00406f7f404a9363965baf0b0a8fc3ce244951c47d4c907a49d6f8dbe3f36488,2026-05,2026-06,15.2,15.2,15.38,2026-06-12,linear_multipla,15.458691059732558,,2026-05,9609f9cad38408dc.joblib,7b4bc08b19ada86fc17bcdd336fc488aa71badd090b90a8d98cb10055d49def8,cenario_proxima_competencia_sem_observacao
sinapi_es,sem_desoneracao,96128,"APLICAÇÃO MANUAL DE MASSA ACRÍLICA EM SUPERFÍCIES EXTERNAS DE SACADA DE EDIFÍCIOS DE MÚLTIPLOS PAVIMENTOS, UMA DEMÃO. AF_03/2024",Pintura Externa,M2,928df42a952625eb12d41baf2b5ab17e1207af6e7881cb9f1c7fcac4708400e3,9ff055ba656162562db5d997ad9b9356e0c6cd748db6935569dea0b39da75020,2026-05,2026-06,39.33,39.33,39.51,2026-06-12,linear_multipla,39.97077753160835,,2026-05,9609f9cad38408dc.joblib,7b4bc08b19ada86fc17bcdd336fc488aa71badd090b90a8d98cb10055d49def8,cenario_proxima_competencia_sem_observacao
sinapi_es,sem_desoneracao,96129,"APLICAÇÃO MANUAL DE MASSA ACRÍLICA EM SUPERFÍCIES INTERNAS DE SACADA DE EDIFÍCIOS DE MÚLTIPLOS PAVIMENTOS, UMA DEMÃO. AF_03/2024",Pintura Externa,M2,928df42a952625eb12d41baf2b5ab17e1207af6e7881cb9f1c7fcac4708400e3,bb77db815232eb210841c98e9aa09c75648b46521e8475cb80d3563217564001,2026-05,2026-06,46.21,46.21,46.44,2026-06-12,linear_multipla,46.978221342852265,,2026-05,9609f9cad38408dc.joblib,7b4bc08b19ada86fc17bcdd336fc488aa71badd090b90a8d98cb10055d49def8,cenario_proxima_competencia_sem_observacao
sinapi_es,sem_desoneracao,96130,"APLICAÇÃO MANUAL DE MASSA ACRÍLICA EM PAREDES EXTERNAS DE CASAS, UMA DEMÃO. AF_03/2024",Pintura Externa,M2,928df42a952625eb12d41baf2b5ab17e1207af6e7881cb9f1c7fcac4708400e3,88b6fa345b9dc8e0725c73522847359049d8b2439a4b2880dcb2fcf1529c9e17,2026-05,2026-06,25.65,25.65,25.84,2026-06-12,linear_multipla,26.07786207004603,,2026-05,9609f9cad38408dc.joblib,7b4bc08b19ada86fc17bcdd336fc488aa71badd090b90a8d98cb10055d49def8,cenario_proxima_competencia_sem_observacao
sinapi_es,sem_desoneracao,96131,"APLICAÇÃO MANUAL DE MASSA ACRÍLICA EM PANOS DE FACHADA COM PRESENÇA DE VÃOS, DE EDIFÍCIOS DE MÚLTIPLOS PAVIMENTOS, DUAS DEMÃOS. AF_03/2024",Pintura Externa,M2,928df42a952625eb12d41baf2b5ab17e1207af6e7881cb9f1c7fcac4708400e3,f92772b671ab02520642dd54a43fcee0cb9d919858ae7221c3799dd3ab644638,2026-05,2026-06,37.23,37.23,37.59,2026-06-12,linear_multipla,37.90413392069985,,2026-05,9609f9cad38408dc.joblib,7b4bc08b19ada86fc17bcdd336fc488aa71badd090b90a8d98cb10055d49def8,cenario_proxima_competencia_sem_observacao
sinapi_es,sem_desoneracao,96132,"APLICAÇÃO MANUAL DE MASSA ACRÍLICA EM PANOS DE FACHADA SEM PRESENÇA DE VÃOS, DE EDIFÍCIOS DE MÚLTIPLOS PAVIMENTOS, DUAS DEMÃOS. AF_03/2024",Pintura Externa,M2,928df42a952625eb12d41baf2b5ab17e1207af6e7881cb9f1c7fcac4708400e3,118141423513c1f24ed7d973221f562dd9e2c97bd5abf5c5a637e551574c8fa9,2026-05,2026-06,24.59,24.59,24.93,2026-06-12,linear_multipla,25.056584865580316,,2026-05,9609f9cad38408dc.joblib,7b4bc08b19ada86fc17bcdd336fc488aa71badd090b90a8d98cb10055d49def8,cenario_proxima_competencia_sem_observacao
sinapi_es,sem_desoneracao,96133,"APLICAÇÃO MANUAL DE MASSA ACRÍLICA EM SUPERFÍCIES EXTERNAS DE SACADA DE EDIFÍCIOS DE MÚLTIPLOS PAVIMENTOS, DUAS DEMÃOS. AF_03/2024",Pintura Externa,M2,928df42a952625eb12d41baf2b5ab17e1207af6e7881cb9f1c7fcac4708400e3,8cafece627a0b82b7e562c67fefb1368c82f7e87be55c94b0aaa8111c6c54e7e,2026-05,2026-06,60.0,60.0,60.34,2026-06-12,linear_multipla,61.02728449132097,,2026-05,9609f9cad38408dc.joblib,7b4bc08b19ada86fc17bcdd336fc488aa71badd090b90a8d98cb10055d49def8,cenario_proxima_competencia_sem_observacao
sinapi_es,sem_desoneracao,96134,"APLICAÇÃO MANUAL DE MASSA ACRÍLICA EM SUPERFÍCIES INTERNAS DE SACADA DE EDIFÍCIOS DE MÚLTIPLOS PAVIMENTOS, DUAS DEMÃOS. AF_03/2024",Pintura Externa,M2,928df42a952625eb12d41baf2b5ab17e1207af6e7881cb9f1c7fcac4708400e3,34481759c2ac24ff6fb7455af4c5d7c9e9ae255c61e6261e8b66689b9534f78d,2026-05,2026-06,70.65,70.65,71.06,2026-06-12,linear_multipla,71.87182534750879,,2026-05,9609f9cad38408dc.joblib,7b4bc08b19ada86fc17bcdd336fc488aa71badd090b90a8d98cb10055d49def8,cenario_proxima_competencia_sem_observacao
sinapi_es,sem_desoneracao,96135,"APLICAÇÃO MANUAL DE MASSA ACRÍLICA EM PAREDES EXTERNAS DE CASAS, DUAS DEMÃOS. AF_03/2024",Pintura Externa,M2,928df42a952625eb12d41baf2b5ab17e1207af6e7881cb9f1c7fcac4708400e3,f2cc5340a3f477c35129744b296814b61e86d1fe25be6b945f08e42e30fe4aec,2026-05,2026-06,40.01,40.01,40.37,2026-06-12,linear_multipla,40.72815382918782,,2026-05,9609f9cad38408dc.joblib,7b4bc08b19ada86fc17bcdd336fc488aa71badd090b90a8d98cb10055d49def8,cenario_proxima_competencia_sem_observacao
sinapi_es,sem_desoneracao,88411,APLICAÇÃO MANUAL DE FUNDO SELADOR ACRÍLICO EM PANOS COM PRESENÇA DE VÃOS DE EDIFÍCIOS DE MÚLTIPLOS PAVIMENTOS. AF_03/2024,Pintura Externa,M2,928df42a952625eb12d41baf2b5ab17e1207af6e7881cb9f1c7fcac4708400e3,adede2b208e097e12b6c5c9ff0e5e803796b25e5dced78dbb97dc040af1d08a4,2026-05,2026-06,5.98,6.01,5.98,2026-06-12,persistencia,5.98,,2026-05,,7b4bc08b19ada86fc17bcdd336fc488aa71badd090b90a8d98cb10055d49def8,cenario_proxima_competencia_sem_observacao
sinapi_es,sem_desoneracao,88412,APLICAÇÃO MANUAL DE FUNDO SELADOR ACRÍLICO EM PANOS CEGOS DE FACHADA (SEM PRESENÇA DE VÃOS) DE EDIFÍCIOS DE MÚLTIPLOS PAVIMENTOS. AF_03/2024,Pintura Externa,M2,928df42a952625eb12d41baf2b5ab17e1207af6e7881cb9f1c7fcac4708400e3,6c546876d4a4515918690d871611d0e5a85d1ced981403eea1e4cedce853ae47,2026-05,2026-06,4.84,4.87,4.84,2026-06-12,persistencia,4.84,,2026-05,,7b4bc08b19ada86fc17bcdd336fc488aa71badd090b90a8d98cb10055d49def8,cenario_proxima_competencia_sem_observacao
sinapi_es,sem_desoneracao,88413,APLICAÇÃO MANUAL DE FUNDO SELADOR ACRÍLICO EM SUPERFÍCIES EXTERNAS DE SACADA DE EDIFÍCIOS DE MÚLTIPLOS PAVIMENTOS. AF_03/2024,Pintura Externa,M2,928df42a952625eb12d41baf2b5ab17e1207af6e7881cb9f1c7fcac4708400e3,b722bfeba1aa92ac8d4b655716bf20db749fcad7886286eac28b9d76699fde8c,2026-05,2026-06,7.48,7.51,7.48,2026-06-12,persistencia,7.48,,2026-05,,7b4bc08b19ada86fc17bcdd336fc488aa71badd090b90a8d98cb10055d49def8,cenario_proxima_competencia_sem_observacao
sinapi_es,sem_desoneracao,88414,APLICAÇÃO MANUAL DE FUNDO SELADOR ACRÍLICO EM SUPERFÍCIES INTERNAS DA SACADA DE EDIFÍCIOS DE MÚLTIPLOS PAVIMENTOS. AF_03/2024,Pintura Externa,M2,928df42a952625eb12d41baf2b5ab17e1207af6e7881cb9f1c7fcac4708400e3,fbc13804a6dfef4c1577e3a5bfb5d088591b62c9f12e88dd20c2f5f2fbe32873,2026-05,2026-06,8.89,8.93,8.89,2026-06-12,persistencia,8.89,,2026-05,,7b4bc08b19ada86fc17bcdd336fc488aa71badd090b90a8d98cb10055d49def8,cenario_proxima_competencia_sem_observacao
sinapi_es,sem_desoneracao,88415,APLICAÇÃO MANUAL DE FUNDO SELADOR ACRÍLICO EM PAREDES EXTERNAS DE CASAS. AF_03/2024,Pintura Externa,M2,928df42a952625eb12d41baf2b5ab17e1207af6e7881cb9f1c7fcac4708400e3,f581a2a735675b2785b8602de0808e9246803ebf3b8eba8d07dedf4b559b31de,2026-05,2026-06,6.09,6.12,6.09,2026-06-12,persistencia,6.09,,2026-05,,7b4bc08b19ada86fc17bcdd336fc488aa71badd090b90a8d98cb10055d49def8,cenario_proxima_competencia_sem_observacao
sinapi_es,sem_desoneracao,88416,"APLICAÇÃO MANUAL DE PINTURA COM TINTA TEXTURIZADA ACRÍLICA EM PANOS COM PRESENÇA DE VÃOS DE EDIFÍCIOS DE MÚLTIPLOS PAVIMENTOS, UMA COR. AF_03/2024",Pintura Externa,M2,928df42a952625eb12d41baf2b5ab17e1207af6e7881cb9f1c7fcac4708400e3,53fa97976177e5aba705f7a063eae70532bcfbdaed05fb495fc4a438c4a26448,2026-05,2026-06,23.34,23.18,23.18,2026-06-12,persistencia,23.34,,2026-05,,7b4bc08b19ada86fc17bcdd336fc488aa71badd090b90a8d98cb10055d49def8,cenario_proxima_competencia_sem_observacao
sinapi_es,sem_desoneracao,88417,"APLICAÇÃO MANUAL DE PINTURA COM TINTA TEXTURIZADA ACRÍLICA EM PANOS CEGOS DE FACHADA (SEM PRESENÇA DE VÃOS) DE EDIFÍCIOS DE MÚLTIPLOS PAVIMENTOS, UMA COR. AF_03/2024",Pintura Externa,M2,928df42a952625eb12d41baf2b5ab17e1207af6e7881cb9f1c7fcac4708400e3,c9d4cb4239c9427bbdf96f3a901ba08463e281cadc9cd8dc65b79ca46717365d,2026-05,2026-06,19.38,19.23,19.23,2026-06-12,persistencia,19.38,,2026-05,,7b4bc08b19ada86fc17bcdd336fc488aa71badd090b90a8d98cb10055d49def8,cenario_proxima_competencia_sem_observacao
sinapi_es,sem_desoneracao,88420,"APLICAÇÃO MANUAL DE PINTURA COM TINTA TEXTURIZADA ACRÍLICA EM SUPERFÍCIES EXTERNAS DE SACADA DE EDIFÍCIOS DE MÚLTIPLOS PAVIMENTOS, UMA COR. AF_03/2024",Pintura Externa,M2,928df42a952625eb12d41baf2b5ab17e1207af6e7881cb9f1c7fcac4708400e3,097a4e6f5ba3a28612bab287d6df064cd31585fd2d7a107c663fd09f3182ed3e,2026-05,2026-06,27.76,27.61,27.61,2026-06-12,persistencia,27.76,,2026-05,,7b4bc08b19ada86fc17bcdd336fc488aa71badd090b90a8d98cb10055d49def8,cenario_proxima_competencia_sem_observacao
sinapi_es,sem_desoneracao,88421,"APLICAÇÃO MANUAL DE PINTURA COM TINTA TEXTURIZADA ACRÍLICA EM SUPERFÍCIES INTERNAS DA SACADA DE EDIFÍCIOS DE MÚLTIPLOS PAVIMENTOS, UMA COR. AF_03/2024",Pintura Externa,M2,928df42a952625eb12d41baf2b5ab17e1207af6e7881cb9f1c7fcac4708400e3,fc5545e11b4841863eb38a9f71be1b1dcdff59d33f024ab69e0b3ccc068d8c6a,2026-05,2026-06,33.39,33.21,33.21,2026-06-12,persistencia,33.39,,2026-05,,7b4bc08b19ada86fc17bcdd336fc488aa71badd090b90a8d98cb10055d49def8,cenario_proxima_competencia_sem_observacao
sinapi_es,sem_desoneracao,88423,"APLICAÇÃO MANUAL DE PINTURA COM TINTA TEXTURIZADA ACRÍLICA EM PAREDES EXTERNAS DE CASAS, UMA COR. AF_03/2024",Pintura Externa,M2,928df42a952625eb12d41baf2b5ab17e1207af6e7881cb9f1c7fcac4708400e3,f140fc7b9b784894567fc8b1226191bd84ad68d24dd1dcbbd39d06034b49bb3e,2026-05,2026-06,23.52,23.36,23.36,2026-06-12,persistencia,23.52,,2026-05,,7b4bc08b19ada86fc17bcdd336fc488aa71badd090b90a8d98cb10055d49def8,cenario_proxima_competencia_sem_observacao
sinapi_es,sem_desoneracao,88424,"APLICAÇÃO MANUAL DE PINTURA COM TINTA TEXTURIZADA ACRÍLICA EM PANOS COM PRESENÇA DE VÃOS DE EDIFÍCIOS DE MÚLTIPLOS PAVIMENTOS, DUAS CORES. AF_03/2024",Pintura Externa,M2,928df42a952625eb12d41baf2b5ab17e1207af6e7881cb9f1c7fcac4708400e3,4e2ba751be3ad2e630b75aa2eec356e3dde77ae0ddf938c941237925b5e831be,2026-05,2026-06,28.08,27.92,27.92,2026-06-12,persistencia,28.08,,2026-05,,7b4bc08b19ada86fc17bcdd336fc488aa71badd090b90a8d98cb10055d49def8,cenario_proxima_competencia_sem_observacao
sinapi_es,sem_desoneracao,88426,"APLICAÇÃO MANUAL DE PINTURA COM TINTA TEXTURIZADA ACRÍLICA EM PANOS CEGOS DE FACHADA (SEM PRESENÇA DE VÃOS) DE EDIFÍCIOS DE MÚLTIPLOS PAVIMENTOS, DUAS CORES. AF_03/2024",Pintura Externa,M2,928df42a952625eb12d41baf2b5ab17e1207af6e7881cb9f1c7fcac4708400e3,de6268d0aabd39456e731b7e57266f97bfe456c320c0298877068f993ce7c536,2026-05,2026-06,21.93,21.78,21.78,2026-06-12,persistencia,21.93,,2026-05,,7b4bc08b19ada86fc17bcdd336fc488aa71badd090b90a8d98cb10055d49def8,cenario_proxima_competencia_sem_observacao
sinapi_es,sem_desoneracao,88428,"APLICAÇÃO MANUAL DE PINTURA COM TINTA TEXTURIZADA ACRÍLICA EM SUPERFÍCIES EXTERNAS DE SACADA DE EDIFÍCIOS DE MÚLTIPLOS PAVIMENTOS, DUAS CORES. AF_03/2024",Pintura Externa,M2,928df42a952625eb12d41baf2b5ab17e1207af6e7881cb9f1c7fcac4708400e3,838acc004e790f1c83f1c1201cef575a8f2062ea666c9942a949f4200dd5f02e,2026-05,2026-06,36.85,36.7,36.7,2026-06-12,persistencia,36.85,,2026-05,,7b4bc08b19ada86fc17bcdd336fc488aa71badd090b90a8d98cb10055d49def8,cenario_proxima_competencia_sem_observacao
sinapi_es,sem_desoneracao,88429,"APLICAÇÃO MANUAL DE PINTURA COM TINTA TEXTURIZADA ACRÍLICA EM SUPERFÍCIES INTERNAS DA SACADA DE EDIFÍCIOS DE MÚLTIPLOS PAVIMENTOS, DUAS CORES. AF_03/2024",Pintura Externa,M2,928df42a952625eb12d41baf2b5ab17e1207af6e7881cb9f1c7fcac4708400e3,2a54eb6ef19989c3ca235bd53e5dbc7808b8e8963597dba6a4112b4f40f1415f,2026-05,2026-06,43.97,43.79,43.79,2026-06-12,persistencia,43.97,,2026-05,,7b4bc08b19ada86fc17bcdd336fc488aa71badd090b90a8d98cb10055d49def8,cenario_proxima_competencia_sem_observacao
sinapi_es,sem_desoneracao,88431,"APLICAÇÃO MANUAL DE PINTURA COM TINTA TEXTURIZADA ACRÍLICA EM PAREDES EXTERNAS DE CASAS, DUAS CORES. AF_03/2024",Pintura Externa,M2,928df42a952625eb12d41baf2b5ab17e1207af6e7881cb9f1c7fcac4708400e3,b3ca1201e25f4146d031915da7bf6e6d2b55f668b1d94c03cd8e056d1ee1579c,2026-05,2026-06,28.84,28.68,28.68,2026-06-12,persistencia,28.84,,2026-05,,7b4bc08b19ada86fc17bcdd336fc488aa71badd090b90a8d98cb10055d49def8,cenario_proxima_competencia_sem_observacao
sinapi_es,sem_desoneracao,88432,APLICAÇÃO MANUAL DE PINTURA COM TINTA TEXTURIZADA ACRÍLICA EM MOLDURAS DE EPS. AF_03/2024,Pintura Externa,M2,928df42a952625eb12d41baf2b5ab17e1207af6e7881cb9f1c7fcac4708400e3,d7e6cb000dfd4289e27f5971d55245fcdb7f986eafd00b337e7bb3356b09b673,2026-05,2026-06,37.62,37.47,37.47,2026-06-12,persistencia,37.62,,2026-05,,7b4bc08b19ada86fc17bcdd336fc488aa71badd090b90a8d98cb10055d49def8,cenario_proxima_competencia_sem_observacao
sinapi_es,sem_desoneracao,95622,"APLICAÇÃO MANUAL DE TINTA LÁTEX ACRÍLICA EM PANOS COM PRESENÇA DE VÃOS DE EDIFÍCIOS DE MÚLTIPLOS PAVIMENTOS, DUAS DEMÃOS. AF_03/2024",Pintura Externa,M2,928df42a952625eb12d41baf2b5ab17e1207af6e7881cb9f1c7fcac4708400e3,f4f57fb992a54d1feddeaadff859b118ae0a645f718fcc30b35eb96f5f0dd800,2026-05,2026-06,17.98,17.91,17.91,2026-06-12,persistencia,17.98,,2026-05,,7b4bc08b19ada86fc17bcdd336fc488aa71badd090b90a8d98cb10055d49def8,cenario_proxima_competencia_sem_observacao
sinapi_es,sem_desoneracao,95623,"APLICAÇÃO MANUAL DE TINTA LÁTEX ACRÍLICA EM PANOS SEM PRESENÇA DE VÃOS DE EDIFÍCIOS DE MÚLTIPLOS PAVIMENTOS, DUAS DEMÃOS. AF_03/2024",Pintura Externa,M2,928df42a952625eb12d41baf2b5ab17e1207af6e7881cb9f1c7fcac4708400e3,d90847ef7c0b9598caa3619d5d3c345b0b7b21588d79fa1f7ae04aadb3cc50a7,2026-05,2026-06,12.18,12.12,12.12,2026-06-12,persistencia,12.18,,2026-05,,7b4bc08b19ada86fc17bcdd336fc488aa71badd090b90a8d98cb10055d49def8,cenario_proxima_competencia_sem_observacao
sinapi_es,sem_desoneracao,95624,"APLICAÇÃO MANUAL DE TINTA LÁTEX ACRÍLICA EM SUPERFÍCIES EXTERNAS DE SACADA DE EDIFÍCIOS DE MÚLTIPLOS PAVIMENTOS, DUAS DEMÃOS. AF_03/2024",Pintura Externa,M2,928df42a952625eb12d41baf2b5ab17e1207af6e7881cb9f1c7fcac4708400e3,210944b43417ff3416ef931a3bc7220330732ee13218492e67f6c61eaaa05d53,2026-05,2026-06,28.18,28.12,28.12,2026-06-12,persistencia,28.18,,2026-05,,7b4bc08b19ada86fc17bcdd336fc488aa71badd090b90a8d98cb10055d49def8,cenario_proxima_competencia_sem_observacao
sinapi_es,sem_desoneracao,95625,"APLICAÇÃO MANUAL DE TINTA LÁTEX ACRÍLICA EM SUPERFÍCIES INTERNAS DE SACADA DE EDIFÍCIOS DE MÚLTIPLOS PAVIMENTOS, DUAS DEMÃOS. AF_03/2024",Pintura Externa,M2,928df42a952625eb12d41baf2b5ab17e1207af6e7881cb9f1c7fcac4708400e3,6ce2bbb347b6137217cf89f9f4fff21542b85fb9c892c830fa022477d04ea9c2,2026-05,2026-06,33.24,33.17,33.17,2026-06-12,persistencia,33.24,,2026-05,,7b4bc08b19ada86fc17bcdd336fc488aa71badd090b90a8d98cb10055d49def8,cenario_proxima_competencia_sem_observacao
sinapi_es,sem_desoneracao,95626,"APLICAÇÃO MANUAL DE TINTA LÁTEX ACRÍLICA EM PAREDE EXTERNAS DE CASAS, DUAS DEMÃOS. AF_03/2024",Pintura Externa,M2,928df42a952625eb12d41baf2b5ab17e1207af6e7881cb9f1c7fcac4708400e3,b72e91fbb85a9a704669d2127525dcc0f6c04176706239a380c4bba7c01c136a,2026-05,2026-06,19.19,19.13,19.13,2026-06-12,persistencia,19.19,,2026-05,,7b4bc08b19ada86fc17bcdd336fc488aa71badd090b90a8d98cb10055d49def8,cenario_proxima_competencia_sem_observacao
sinapi_es,sem_desoneracao,96126,"APLICAÇÃO MANUAL DE MASSA ACRÍLICA EM PANOS DE FACHADA COM PRESENÇA DE VÃOS, DE EDIFÍCIOS DE MÚLTIPLOS PAVIMENTOS, UMA DEMÃO. AF_03/2024",Pintura Externa,M2,928df42a952625eb12d41baf2b5ab17e1207af6e7881cb9f1c7fcac4708400e3,d1e13dc841a01a0184174a0bccfea2745c1909107b7ad98419e3ae1a2a4ef59a,2026-05,2026-06,23.7,23.7,23.89,2026-06-12,persistencia,23.7,,2026-05,,7b4bc08b19ada86fc17bcdd336fc488aa71badd090b90a8d98cb10055d49def8,cenario_proxima_competencia_sem_observacao
sinapi_es,sem_desoneracao,96127,"APLICAÇÃO MANUAL DE MASSA ACRÍLICA EM PANOS DE FACHADA SEM PRESENÇA DE VÃOS, DE EDIFÍCIOS DE MÚLTIPLOS PAVIMENTOS, UMA DEMÃO. AF_03/2024",Pintura Externa,M2,928df42a952625eb12d41baf2b5ab17e1207af6e7881cb9f1c7fcac4708400e3,00406f7f404a9363965baf0b0a8fc3ce244951c47d4c907a49d6f8dbe3f36488,2026-05,2026-06,15.2,15.2,15.38,2026-06-12,persistencia,15.2,,2026-05,,7b4bc08b19ada86fc17bcdd336fc488aa71badd090b90a8d98cb10055d49def8,cenario_proxima_competencia_sem_observacao
sinapi_es,sem_desoneracao,96128,"APLICAÇÃO MANUAL DE MASSA ACRÍLICA EM SUPERFÍCIES EXTERNAS DE SACADA DE EDIFÍCIOS DE MÚLTIPLOS PAVIMENTOS, UMA DEMÃO. AF_03/2024",Pintura Externa,M2,928df42a952625eb12d41baf2b5ab17e1207af6e7881cb9f1c7fcac4708400e3,9ff055ba656162562db5d997ad9b9356e0c6cd748db6935569dea0b39da75020,2026-05,2026-06,39.33,39.33,39.51,2026-06-12,persistencia,39.33,,2026-05,,7b4bc08b19ada86fc17bcdd336fc488aa71badd090b90a8d98cb10055d49def8,cenario_proxima_competencia_sem_observacao
sinapi_es,sem_desoneracao,96129,"APLICAÇÃO MANUAL DE MASSA ACRÍLICA EM SUPERFÍCIES INTERNAS DE SACADA DE EDIFÍCIOS DE MÚLTIPLOS PAVIMENTOS, UMA DEMÃO. AF_03/2024",Pintura Externa,M2,928df42a952625eb12d41baf2b5ab17e1207af6e7881cb9f1c7fcac4708400e3,bb77db815232eb210841c98e9aa09c75648b46521e8475cb80d3563217564001,2026-05,2026-06,46.21,46.21,46.44,2026-06-12,persistencia,46.21,,2026-05,,7b4bc08b19ada86fc17bcdd336fc488aa71badd090b90a8d98cb10055d49def8,cenario_proxima_competencia_sem_observacao
sinapi_es,sem_desoneracao,96130,"APLICAÇÃO MANUAL DE MASSA ACRÍLICA EM PAREDES EXTERNAS DE CASAS, UMA DEMÃO. AF_03/2024",Pintura Externa,M2,928df42a952625eb12d41baf2b5ab17e1207af6e7881cb9f1c7fcac4708400e3,88b6fa345b9dc8e0725c73522847359049d8b2439a4b2880dcb2fcf1529c9e17,2026-05,2026-06,25.65,25.65,25.84,2026-06-12,persistencia,25.65,,2026-05,,7b4bc08b19ada86fc17bcdd336fc488aa71badd090b90a8d98cb10055d49def8,cenario_proxima_competencia_sem_observacao
sinapi_es,sem_desoneracao,96131,"APLICAÇÃO MANUAL DE MASSA ACRÍLICA EM PANOS DE FACHADA COM PRESENÇA DE VÃOS, DE EDIFÍCIOS DE MÚLTIPLOS PAVIMENTOS, DUAS DEMÃOS. AF_03/2024",Pintura Externa,M2,928df42a952625eb12d41baf2b5ab17e1207af6e7881cb9f1c7fcac4708400e3,f92772b671ab02520642dd54a43fcee0cb9d919858ae7221c3799dd3ab644638,2026-05,2026-06,37.23,37.23,37.59,2026-06-12,persistencia,37.23,,2026-05,,7b4bc08b19ada86fc17bcdd336fc488aa71badd090b90a8d98cb10055d49def8,cenario_proxima_competencia_sem_observacao
sinapi_es,sem_desoneracao,96132,"APLICAÇÃO MANUAL DE MASSA ACRÍLICA EM PANOS DE FACHADA SEM PRESENÇA DE VÃOS, DE EDIFÍCIOS DE MÚLTIPLOS PAVIMENTOS, DUAS DEMÃOS. AF_03/2024",Pintura Externa,M2,928df42a952625eb12d41baf2b5ab17e1207af6e7881cb9f1c7fcac4708400e3,118141423513c1f24ed7d973221f562dd9e2c97bd5abf5c5a637e551574c8fa9,2026-05,2026-06,24.59,24.59,24.93,2026-06-12,persistencia,24.59,,2026-05,,7b4bc08b19ada86fc17bcdd336fc488aa71badd090b90a8d98cb10055d49def8,cenario_proxima_competencia_sem_observacao
sinapi_es,sem_desoneracao,96133,"APLICAÇÃO MANUAL DE MASSA ACRÍLICA EM SUPERFÍCIES EXTERNAS DE SACADA DE EDIFÍCIOS DE MÚLTIPLOS PAVIMENTOS, DUAS DEMÃOS. AF_03/2024",Pintura Externa,M2,928df42a952625eb12d41baf2b5ab17e1207af6e7881cb9f1c7fcac4708400e3,8cafece627a0b82b7e562c67fefb1368c82f7e87be55c94b0aaa8111c6c54e7e,2026-05,2026-06,60.0,60.0,60.34,2026-06-12,persistencia,60.0,,2026-05,,7b4bc08b19ada86fc17bcdd336fc488aa71badd090b90a8d98cb10055d49def8,cenario_proxima_competencia_sem_observacao
sinapi_es,sem_desoneracao,96134,"APLICAÇÃO MANUAL DE MASSA ACRÍLICA EM SUPERFÍCIES INTERNAS DE SACADA DE EDIFÍCIOS DE MÚLTIPLOS PAVIMENTOS, DUAS DEMÃOS. AF_03/2024",Pintura Externa,M2,928df42a952625eb12d41baf2b5ab17e1207af6e7881cb9f1c7fcac4708400e3,34481759c2ac24ff6fb7455af4c5d7c9e9ae255c61e6261e8b66689b9534f78d,2026-05,2026-06,70.65,70.65,71.06,2026-06-12,persistencia,70.65,,2026-05,,7b4bc08b19ada86fc17bcdd336fc488aa71badd090b90a8d98cb10055d49def8,cenario_proxima_competencia_sem_observacao
sinapi_es,sem_desoneracao,96135,"APLICAÇÃO MANUAL DE MASSA ACRÍLICA EM PAREDES EXTERNAS DE CASAS, DUAS DEMÃOS. AF_03/2024",Pintura Externa,M2,928df42a952625eb12d41baf2b5ab17e1207af6e7881cb9f1c7fcac4708400e3,f2cc5340a3f477c35129744b296814b61e86d1fe25be6b945f08e42e30fe4aec,2026-05,2026-06,40.01,40.01,40.37,2026-06-12,persistencia,40.01,,2026-05,,7b4bc08b19ada86fc17bcdd336fc488aa71badd090b90a8d98cb10055d49def8,cenario_proxima_competencia_sem_observacao
sinapi_es,sem_desoneracao,104639,"PINTURA LÁTEX ACRÍLICA ECONÔMICA, APLICAÇÃO MANUAL EM TETO, DUAS DEMÃOS. AF_04/2023",Pintura Interna,M2,928df42a952625eb12d41baf2b5ab17e1207af6e7881cb9f1c7fcac4708400e3,f83ca971f46a6e2ca66e0c2bb3fc308a64661cc296aaa736a33788c776f3ad47,2026-05,2026-06,14.72,14.69,14.69,2026-06-12,linear_multipla,14.928679124848266,,2026-05,e19cb802748115ec.joblib,7b4bc08b19ada86fc17bcdd336fc488aa71badd090b90a8d98cb10055d49def8,cenario_proxima_competencia_sem_observacao
sinapi_es,sem_desoneracao,104640,"PINTURA LÁTEX ACRÍLICA STANDARD, APLICAÇÃO MANUAL EM TETO, DUAS DEMÃOS. AF_04/2023",Pintura Interna,M2,928df42a952625eb12d41baf2b5ab17e1207af6e7881cb9f1c7fcac4708400e3,688d4ac5142556d2b20a92ecc00cc100a5388be91e0600c9ce6f646eb70650f9,2026-05,2026-06,16.06,16.02,16.02,2026-06-12,linear_multipla,16.284822645262278,,2026-05,e19cb802748115ec.joblib,7b4bc08b19ada86fc17bcdd336fc488aa71badd090b90a8d98cb10055d49def8,cenario_proxima_competencia_sem_observacao
sinapi_es,sem_desoneracao,104641,"PINTURA LÁTEX ACRÍLICA ECONÔMICA, APLICAÇÃO MANUAL EM PAREDES, DUAS DEMÃOS. AF_04/2023",Pintura Interna,M2,928df42a952625eb12d41baf2b5ab17e1207af6e7881cb9f1c7fcac4708400e3,a107a34dcfd258d0952e469fa343f9e290e50c52c9d6d70625183479c8f55dc5,2026-05,2026-06,11.54,11.51,11.51,2026-06-12,linear_multipla,11.698681905296045,,2026-05,e19cb802748115ec.joblib,7b4bc08b19ada86fc17bcdd336fc488aa71badd090b90a8d98cb10055d49def8,cenario_proxima_competencia_sem_observacao
sinapi_es,sem_desoneracao,104642,"PINTURA LÁTEX ACRÍLICA STANDARD, APLICAÇÃO MANUAL EM PAREDES, DUAS DEMÃOS. AF_04/2023",Pintura Interna,M2,928df42a952625eb12d41baf2b5ab17e1207af6e7881cb9f1c7fcac4708400e3,2f7de111854bc4b3852b5890f5d7a2ff5ee46ad8937024178e7722881dfec1fa,2026-05,2026-06,12.88,12.84,12.84,2026-06-12,linear_multipla,13.054825425710058,,2026-05,e19cb802748115ec.joblib,7b4bc08b19ada86fc17bcdd336fc488aa71badd090b90a8d98cb10055d49def8,cenario_proxima_competencia_sem_observacao
sinapi_es,sem_desoneracao,88484,"FUNDO SELADOR ACRÍLICO, APLICAÇÃO MANUAL EM TETO, UMA DEMÃO. AF_04/2023",Pintura Interna,M2,928df42a952625eb12d41baf2b5ab17e1207af6e7881cb9f1c7fcac4708400e3,7e45f04ef3019f71dd1e487188636823e91a74868034a17cc41edf9b8422a132,2026-05,2026-06,6.6,6.62,6.6,2026-06-12,linear_multipla,6.698863465197668,,2026-05,e19cb802748115ec.joblib,7b4bc08b19ada86fc17bcdd336fc488aa71badd090b90a8d98cb10055d49def8,cenario_proxima_competencia_sem_observacao
sinapi_es,sem_desoneracao,88485,"FUNDO SELADOR ACRÍLICO, APLICAÇÃO MANUAL EM PAREDE, UMA DEMÃO. AF_04/2023",Pintura Interna,M2,928df42a952625eb12d41baf2b5ab17e1207af6e7881cb9f1c7fcac4708400e3,05167ce2479831231dcb9c84da06a243fb1f0d6409ab8cb66abf049efef28953,2026-05,2026-06,5.31,5.33,5.31,2026-06-12,linear_multipla,5.3885815742472385,,2026-05,e19cb802748115ec.joblib,7b4bc08b19ada86fc17bcdd336fc488aa71badd090b90a8d98cb10055d49def8,cenario_proxima_competencia_sem_observacao
sinapi_es,sem_desoneracao,88488,"PINTURA LÁTEX ACRÍLICA PREMIUM, APLICAÇÃO MANUAL EM TETO, DUAS DEMÃOS. AF_04/2023",Pintura Interna,M2,928df42a952625eb12d41baf2b5ab17e1207af6e7881cb9f1c7fcac4708400e3,a3eb4ef0b4e13344cebc3df8a33bda8a0031ae73b4cd44b67af9ad13eafaafac,2026-05,2026-06,18.34,18.27,18.27,2026-06-12,linear_multipla,18.585896237315367,,2026-05,e19cb802748115ec.joblib,7b4bc08b19ada86fc17bcdd336fc488aa71badd090b90a8d98cb10055d49def8,cenario_proxima_competencia_sem_observacao
sinapi_es,sem_desoneracao,88489,"PINTURA LÁTEX ACRÍLICA PREMIUM, APLICAÇÃO MANUAL EM PAREDES, DUAS DEMÃOS. AF_04/2023",Pintura Interna,M2,928df42a952625eb12d41baf2b5ab17e1207af6e7881cb9f1c7fcac4708400e3,2d67591a3c55767145f4ddd5f9e271cb8664c45b526aac70f4639705eac08b53,2026-05,2026-06,15.16,15.09,15.09,2026-06-12,linear_multipla,15.355899017763146,,2026-05,e19cb802748115ec.joblib,7b4bc08b19ada86fc17bcdd336fc488aa71badd090b90a8d98cb10055d49def8,cenario_proxima_competencia_sem_observacao
sinapi_es,sem_desoneracao,88494,"EMASSAMENTO COM MASSA LÁTEX, APLICAÇÃO EM TETO, UMA DEMÃO, LIXAMENTO MANUAL. AF_04/2023",Pintura Interna,M2,928df42a952625eb12d41baf2b5ab17e1207af6e7881cb9f1c7fcac4708400e3,326a313ce3dde9c497a5b3aa5429827fbcb7b2c5416fceb67835b56643941bd5,2026-05,2026-06,28.51,28.51,28.61,2026-06-12,linear_multipla,28.984125713585712,,2026-05,e19cb802748115ec.joblib,7b4bc08b19ada86fc17bcdd336fc488aa71badd090b90a8d98cb10055d49def8,cenario_proxima_competencia_sem_observacao
sinapi_es,sem_desoneracao,88495,"EMASSAMENTO COM MASSA LÁTEX, APLICAÇÃO EM PAREDE, UMA DEMÃO, LIXAMENTO MANUAL. AF_04/2023",Pintura Interna,M2,928df42a952625eb12d41baf2b5ab17e1207af6e7881cb9f1c7fcac4708400e3,1f01e987e0c57a8950725c40cf19b5f7d955f538ceba323a777064e3e67c92c5,2026-05,2026-06,15.62,15.62,15.72,2026-06-12,linear_multipla,15.89146402804228,,2026-05,e19cb802748115ec.joblib,7b4bc08b19ada86fc17bcdd336fc488aa71badd090b90a8d98cb10055d49def8,cenario_proxima_competencia_sem_observacao
sinapi_es,sem_desoneracao,88496,"EMASSAMENTO COM MASSA LÁTEX, APLICAÇÃO EM TETO, DUAS DEMÃOS, LIXAMENTO MANUAL. AF_04/2023",Pintura Interna,M2,928df42a952625eb12d41baf2b5ab17e1207af6e7881cb9f1c7fcac4708400e3,aab34823e86970f97fde794c17cd88c0a0ae05e13c8bf84f5de6812d21d9deff,2026-05,2026-06,43.13,43.13,43.32,2026-06-12,linear_multipla,43.86446229248263,,2026-05,e19cb802748115ec.joblib,7b4bc08b19ada86fc17bcdd336fc488aa71badd090b90a8d98cb10055d49def8,cenario_proxima_competencia_sem_observacao
sinapi_es,sem_desoneracao,88497,"EMASSAMENTO COM MASSA LÁTEX, APLICAÇÃO EM PAREDE, DUAS DEMÃOS, LIXAMENTO MANUAL. AF_04/2023",Pintura Interna,M2,928df42a952625eb12d41baf2b5ab17e1207af6e7881cb9f1c7fcac4708400e3,73d285a00cb364f63d7d61a5c33e54c5ab70381974a253a9cbf5c1525de64d4b,2026-05,2026-06,24.22,24.22,24.41,2026-06-12,linear_multipla,24.657151782503867,,2026-05,e19cb802748115ec.joblib,7b4bc08b19ada86fc17bcdd336fc488aa71badd090b90a8d98cb10055d49def8,cenario_proxima_competencia_sem_observacao
sinapi_es,sem_desoneracao,95305,"TEXTURA ACRÍLICA, APLICAÇÃO MANUAL EM PAREDE, UMA DEMÃO. AF_04/2023",Pintura Interna,M2,928df42a952625eb12d41baf2b5ab17e1207af6e7881cb9f1c7fcac4708400e3,4ee62b1b950e20f48de97fe98c1d8bfe56539957a54a3ced09604331fd732c6c,2026-05,2026-06,15.82,15.74,15.74,2026-06-12,linear_multipla,16.02135130883895,,2026-05,e19cb802748115ec.joblib,7b4bc08b19ada86fc17bcdd336fc488aa71badd090b90a8d98cb10055d49def8,cenario_proxima_competencia_sem_observacao
sinapi_es,sem_desoneracao,95306,"TEXTURA ACRÍLICA, APLICAÇÃO MANUAL EM TETO, UMA DEMÃO. AF_04/2023",Pintura Interna,M2,928df42a952625eb12d41baf2b5ab17e1207af6e7881cb9f1c7fcac4708400e3,862015a9a499d45189c497f4b7a93db4b7578f38b6dfff16e4aeefb7415d6729,2026-05,2026-06,18.82,18.74,18.74,2026-06-12,linear_multipla,19.06851849709576,,2026-05,e19cb802748115ec.joblib,7b4bc08b19ada86fc17bcdd336fc488aa71badd090b90a8d98cb10055d49def8,cenario_proxima_competencia_sem_observacao
sinapi_es,sem_desoneracao,104639,"PINTURA LÁTEX ACRÍLICA ECONÔMICA, APLICAÇÃO MANUAL EM TETO, DUAS DEMÃOS. AF_04/2023",Pintura Interna,M2,928df42a952625eb12d41baf2b5ab17e1207af6e7881cb9f1c7fcac4708400e3,f83ca971f46a6e2ca66e0c2bb3fc308a64661cc296aaa736a33788c776f3ad47,2026-05,2026-06,14.72,14.69,14.69,2026-06-12,persistencia,14.72,,2026-05,,7b4bc08b19ada86fc17bcdd336fc488aa71badd090b90a8d98cb10055d49def8,cenario_proxima_competencia_sem_observacao
sinapi_es,sem_desoneracao,104640,"PINTURA LÁTEX ACRÍLICA STANDARD, APLICAÇÃO MANUAL EM TETO, DUAS DEMÃOS. AF_04/2023",Pintura Interna,M2,928df42a952625eb12d41baf2b5ab17e1207af6e7881cb9f1c7fcac4708400e3,688d4ac5142556d2b20a92ecc00cc100a5388be91e0600c9ce6f646eb70650f9,2026-05,2026-06,16.06,16.02,16.02,2026-06-12,persistencia,16.06,,2026-05,,7b4bc08b19ada86fc17bcdd336fc488aa71badd090b90a8d98cb10055d49def8,cenario_proxima_competencia_sem_observacao
sinapi_es,sem_desoneracao,104641,"PINTURA LÁTEX ACRÍLICA ECONÔMICA, APLICAÇÃO MANUAL EM PAREDES, DUAS DEMÃOS. AF_04/2023",Pintura Interna,M2,928df42a952625eb12d41baf2b5ab17e1207af6e7881cb9f1c7fcac4708400e3,a107a34dcfd258d0952e469fa343f9e290e50c52c9d6d70625183479c8f55dc5,2026-05,2026-06,11.54,11.51,11.51,2026-06-12,persistencia,11.54,,2026-05,,7b4bc08b19ada86fc17bcdd336fc488aa71badd090b90a8d98cb10055d49def8,cenario_proxima_competencia_sem_observacao
sinapi_es,sem_desoneracao,104642,"PINTURA LÁTEX ACRÍLICA STANDARD, APLICAÇÃO MANUAL EM PAREDES, DUAS DEMÃOS. AF_04/2023",Pintura Interna,M2,928df42a952625eb12d41baf2b5ab17e1207af6e7881cb9f1c7fcac4708400e3,2f7de111854bc4b3852b5890f5d7a2ff5ee46ad8937024178e7722881dfec1fa,2026-05,2026-06,12.88,12.84,12.84,2026-06-12,persistencia,12.88,,2026-05,,7b4bc08b19ada86fc17bcdd336fc488aa71badd090b90a8d98cb10055d49def8,cenario_proxima_competencia_sem_observacao
sinapi_es,sem_desoneracao,88484,"FUNDO SELADOR ACRÍLICO, APLICAÇÃO MANUAL EM TETO, UMA DEMÃO. AF_04/2023",Pintura Interna,M2,928df42a952625eb12d41baf2b5ab17e1207af6e7881cb9f1c7fcac4708400e3,7e45f04ef3019f71dd1e487188636823e91a74868034a17cc41edf9b8422a132,2026-05,2026-06,6.6,6.62,6.6,2026-06-12,persistencia,6.6,,2026-05,,7b4bc08b19ada86fc17bcdd336fc488aa71badd090b90a8d98cb10055d49def8,cenario_proxima_competencia_sem_observacao
sinapi_es,sem_desoneracao,88485,"FUNDO SELADOR ACRÍLICO, APLICAÇÃO MANUAL EM PAREDE, UMA DEMÃO. AF_04/2023",Pintura Interna,M2,928df42a952625eb12d41baf2b5ab17e1207af6e7881cb9f1c7fcac4708400e3,05167ce2479831231dcb9c84da06a243fb1f0d6409ab8cb66abf049efef28953,2026-05,2026-06,5.31,5.33,5.31,2026-06-12,persistencia,5.31,,2026-05,,7b4bc08b19ada86fc17bcdd336fc488aa71badd090b90a8d98cb10055d49def8,cenario_proxima_competencia_sem_observacao
sinapi_es,sem_desoneracao,88488,"PINTURA LÁTEX ACRÍLICA PREMIUM, APLICAÇÃO MANUAL EM TETO, DUAS DEMÃOS. AF_04/2023",Pintura Interna,M2,928df42a952625eb12d41baf2b5ab17e1207af6e7881cb9f1c7fcac4708400e3,a3eb4ef0b4e13344cebc3df8a33bda8a0031ae73b4cd44b67af9ad13eafaafac,2026-05,2026-06,18.34,18.27,18.27,2026-06-12,persistencia,18.34,,2026-05,,7b4bc08b19ada86fc17bcdd336fc488aa71badd090b90a8d98cb10055d49def8,cenario_proxima_competencia_sem_observacao
sinapi_es,sem_desoneracao,88489,"PINTURA LÁTEX ACRÍLICA PREMIUM, APLICAÇÃO MANUAL EM PAREDES, DUAS DEMÃOS. AF_04/2023",Pintura Interna,M2,928df42a952625eb12d41baf2b5ab17e1207af6e7881cb9f1c7fcac4708400e3,2d67591a3c55767145f4ddd5f9e271cb8664c45b526aac70f4639705eac08b53,2026-05,2026-06,15.16,15.09,15.09,2026-06-12,persistencia,15.16,,2026-05,,7b4bc08b19ada86fc17bcdd336fc488aa71badd090b90a8d98cb10055d49def8,cenario_proxima_competencia_sem_observacao
sinapi_es,sem_desoneracao,88494,"EMASSAMENTO COM MASSA LÁTEX, APLICAÇÃO EM TETO, UMA DEMÃO, LIXAMENTO MANUAL. AF_04/2023",Pintura Interna,M2,928df42a952625eb12d41baf2b5ab17e1207af6e7881cb9f1c7fcac4708400e3,326a313ce3dde9c497a5b3aa5429827fbcb7b2c5416fceb67835b56643941bd5,2026-05,2026-06,28.51,28.51,28.61,2026-06-12,persistencia,28.51,,2026-05,,7b4bc08b19ada86fc17bcdd336fc488aa71badd090b90a8d98cb10055d49def8,cenario_proxima_competencia_sem_observacao
sinapi_es,sem_desoneracao,88495,"EMASSAMENTO COM MASSA LÁTEX, APLICAÇÃO EM PAREDE, UMA DEMÃO, LIXAMENTO MANUAL. AF_04/2023",Pintura Interna,M2,928df42a952625eb12d41baf2b5ab17e1207af6e7881cb9f1c7fcac4708400e3,1f01e987e0c57a8950725c40cf19b5f7d955f538ceba323a777064e3e67c92c5,2026-05,2026-06,15.62,15.62,15.72,2026-06-12,persistencia,15.62,,2026-05,,7b4bc08b19ada86fc17bcdd336fc488aa71badd090b90a8d98cb10055d49def8,cenario_proxima_competencia_sem_observacao
sinapi_es,sem_desoneracao,88496,"EMASSAMENTO COM MASSA LÁTEX, APLICAÇÃO EM TETO, DUAS DEMÃOS, LIXAMENTO MANUAL. AF_04/2023",Pintura Interna,M2,928df42a952625eb12d41baf2b5ab17e1207af6e7881cb9f1c7fcac4708400e3,aab34823e86970f97fde794c17cd88c0a0ae05e13c8bf84f5de6812d21d9deff,2026-05,2026-06,43.13,43.13,43.32,2026-06-12,persistencia,43.13,,2026-05,,7b4bc08b19ada86fc17bcdd336fc488aa71badd090b90a8d98cb10055d49def8,cenario_proxima_competencia_sem_observacao
sinapi_es,sem_desoneracao,88497,"EMASSAMENTO COM MASSA LÁTEX, APLICAÇÃO EM PAREDE, DUAS DEMÃOS, LIXAMENTO MANUAL. AF_04/2023",Pintura Interna,M2,928df42a952625eb12d41baf2b5ab17e1207af6e7881cb9f1c7fcac4708400e3,73d285a00cb364f63d7d61a5c33e54c5ab70381974a253a9cbf5c1525de64d4b,2026-05,2026-06,24.22,24.22,24.41,2026-06-12,persistencia,24.22,,2026-05,,7b4bc08b19ada86fc17bcdd336fc488aa71badd090b90a8d98cb10055d49def8,cenario_proxima_competencia_sem_observacao
sinapi_es,sem_desoneracao,95305,"TEXTURA ACRÍLICA, APLICAÇÃO MANUAL EM PAREDE, UMA DEMÃO. AF_04/2023",Pintura Interna,M2,928df42a952625eb12d41baf2b5ab17e1207af6e7881cb9f1c7fcac4708400e3,4ee62b1b950e20f48de97fe98c1d8bfe56539957a54a3ced09604331fd732c6c,2026-05,2026-06,15.82,15.74,15.74,2026-06-12,persistencia,15.82,,2026-05,,7b4bc08b19ada86fc17bcdd336fc488aa71badd090b90a8d98cb10055d49def8,cenario_proxima_competencia_sem_observacao
sinapi_es,sem_desoneracao,95306,"TEXTURA ACRÍLICA, APLICAÇÃO MANUAL EM TETO, UMA DEMÃO. AF_04/2023",Pintura Interna,M2,928df42a952625eb12d41baf2b5ab17e1207af6e7881cb9f1c7fcac4708400e3,862015a9a499d45189c497f4b7a93db4b7578f38b6dfff16e4aeefb7415d6729,2026-05,2026-06,18.82,18.74,18.74,2026-06-12,persistencia,18.82,,2026-05,,7b4bc08b19ada86fc17bcdd336fc488aa71badd090b90a8d98cb10055d49def8,cenario_proxima_competencia_sem_observacao
sinapi_es,sem_desoneracao,102193,LIXAMENTO DE MADEIRA PARA APLICAÇÃO DE FUNDO OU PINTURA. AF_01/2021,Pintura em Madeira,M2,928df42a952625eb12d41baf2b5ab17e1207af6e7881cb9f1c7fcac4708400e3,c8f8d637daed9c5936752863d1c263a158b880b37b23878ce93a39e633e316c3,2026-05,2026-06,2.78,2.78,2.8,2026-06-12,linear_multipla,2.973370733334921,,2026-05,bc2bace2bca73bd4.joblib,7b4bc08b19ada86fc17bcdd336fc488aa71badd090b90a8d98cb10055d49def8,cenario_proxima_competencia_sem_observacao
sinapi_es,sem_desoneracao,102194,LIXAMENTO DE MASSA PARA MADEIRA. AF_01/2021,Pintura em Madeira,M2,928df42a952625eb12d41baf2b5ab17e1207af6e7881cb9f1c7fcac4708400e3,5ec1021ae423afb12be85e93dd1bb9bbbb8c5c72888fba4200f64b5cdf0cd5ec,2026-05,2026-06,11.2,11.2,11.22,2026-06-12,linear_multipla,11.43053621046054,,2026-05,bc2bace2bca73bd4.joblib,7b4bc08b19ada86fc17bcdd336fc488aa71badd090b90a8d98cb10055d49def8,cenario_proxima_competencia_sem_observacao
sinapi_es,sem_desoneracao,102197,PINTURA FUNDO NIVELADOR ALQUÍDICO BRANCO EM MADEIRA. AF_01/2021,Pintura em Madeira,M2,928df42a952625eb12d41baf2b5ab17e1207af6e7881cb9f1c7fcac4708400e3,66debc409493c9536287484e9494ccb0df8ad0be016787994b9f01f111dc3332,2026-05,2026-06,35.0,34.97,35.67,2026-06-12,linear_multipla,35.470369414863,,2026-05,bc2bace2bca73bd4.joblib,7b4bc08b19ada86fc17bcdd336fc488aa71badd090b90a8d98cb10055d49def8,cenario_proxima_competencia_sem_observacao
sinapi_es,sem_desoneracao,102200,"APLICAÇÃO MASSA ALQUÍDICA PARA MADEIRA, PARA PINTURA COM TINTA DE ACABAMENTO (PIGMENTADA). AF_01/2021",Pintura em Madeira,M2,928df42a952625eb12d41baf2b5ab17e1207af6e7881cb9f1c7fcac4708400e3,3361fc73f1c484d1b55e155240002db888fd8dacd41afec38ed420c5beaed3c9,2026-05,2026-06,27.83,27.83,28.22,2026-06-12,linear_multipla,28.214085703607843,,2026-05,bc2bace2bca73bd4.joblib,7b4bc08b19ada86fc17bcdd336fc488aa71badd090b90a8d98cb10055d49def8,cenario_proxima_competencia_sem_observacao
sinapi_es,sem_desoneracao,102201,"APLICAÇÃO MASSA ACRÍLICA PARA MADEIRA, PARA PINTURA COM TINTA DE ACABAMENTO (PIGMENTADA). AF_01/2021",Pintura em Madeira,M2,928df42a952625eb12d41baf2b5ab17e1207af6e7881cb9f1c7fcac4708400e3,5115eb78d12a28a62d39316ccfac3d3333776b3f6018a9976cc14cb9bf65bfb7,2026-05,2026-06,25.84,25.84,26.07,2026-06-12,linear_multipla,26.180644438781563,,2026-05,bc2bace2bca73bd4.joblib,7b4bc08b19ada86fc17bcdd336fc488aa71badd090b90a8d98cb10055d49def8,cenario_proxima_competencia_sem_observacao
sinapi_es,sem_desoneracao,102202,"APLICAÇÃO MASSA EPÓXI PARA MADEIRA, PARA PINTURA COM TINTA PU DE ACABAMENTO (PIGMENTADA). AF_01/2021",Pintura em Madeira,M2,928df42a952625eb12d41baf2b5ab17e1207af6e7881cb9f1c7fcac4708400e3,e70e02f34b756835555a329fac753af082747319524bc0a9d6007a77d331e224,2026-05,2026-06,66.58,66.58,68.15,2026-06-12,linear_multipla,67.3907254123374,,2026-05,bc2bace2bca73bd4.joblib,7b4bc08b19ada86fc17bcdd336fc488aa71badd090b90a8d98cb10055d49def8,cenario_proxima_competencia_sem_observacao
sinapi_es,sem_desoneracao,102203,"PINTURA VERNIZ (INCOLOR) ALQUÍDICO EM MADEIRA, USO INTERNO E EXTERNO, 1 DEMÃO. AF_01/2021",Pintura em Madeira,M2,928df42a952625eb12d41baf2b5ab17e1207af6e7881cb9f1c7fcac4708400e3,48f9ffe0a9364e6fb0be1a5c452a930e7fe879bf35f06fcf6dac2d331a27ae02,2026-05,2026-06,13.08,13.05,13.07,2026-06-12,linear_multipla,13.306321208495774,,2026-05,bc2bace2bca73bd4.joblib,7b4bc08b19ada86fc17bcdd336fc488aa71badd090b90a8d98cb10055d49def8,cenario_proxima_competencia_sem_observacao
sinapi_es,sem_desoneracao,102204,"PINTURA VERNIZ (INCOLOR) ALQUÍDICO EM MADEIRA, USO INTERNO, 1 DEMÃO. AF_01/2021",Pintura em Madeira,M2,928df42a952625eb12d41baf2b5ab17e1207af6e7881cb9f1c7fcac4708400e3,426731ab7d0aede1116735d712f35d1384ab0164364ca0010e02ce2f6ee5f8e7,2026-05,2026-06,13.42,13.37,13.4,2026-06-12,linear_multipla,13.641645891305794,,2026-05,bc2bace2bca73bd4.joblib,7b4bc08b19ada86fc17bcdd336fc488aa71badd090b90a8d98cb10055d49def8,cenario_proxima_competencia_sem_observacao
sinapi_es,sem_desoneracao,102205,"PINTURA VERNIZ (INCOLOR) POLIURETÂNICO (RESINA ALQUÍDICA MODIFICADA) EM MADEIRA, 1 DEMÃO. AF_01/2021",Pintura em Madeira,M2,928df42a952625eb12d41baf2b5ab17e1207af6e7881cb9f1c7fcac4708400e3,e094a52f6422e6a27f95417a3d601461de30f9ae598c52e4afd0e05ca8480d6c,2026-05,2026-06,12.35,12.32,12.34,2026-06-12,linear_multipla,12.573099023424312,,2026-05,bc2bace2bca73bd4.joblib,7b4bc08b19ada86fc17bcdd336fc488aa71badd090b90a8d98cb10055d49def8,cenario_proxima_competencia_sem_observacao
sinapi_es,sem_desoneracao,102207,"PINTURA TINTA DE ACABAMENTO (PIGMENTADA) A ÓLEO EM MADEIRA, 1 DEMÃO. AF_01/2021",Pintura em Madeira,M2,928df42a952625eb12d41baf2b5ab17e1207af6e7881cb9f1c7fcac4708400e3,e7b7a500fca650a2f16ea4a481f8c2b63121aa6f74080ea1b417925c1a8cc4f3,2026-05,2026-06,11.26,11.21,11.21,2026-06-12,linear_multipla,11.465613473398035,,2026-05,bc2bace2bca73bd4.joblib,7b4bc08b19ada86fc17bcdd336fc488aa71badd090b90a8d98cb10055d49def8,cenario_proxima_competencia_sem_observacao
sinapi_es,sem_desoneracao,102208,"PINTURA TINTA DE ACABAMENTO (PIGMENTADA) ESMALTE SINTÉTICO FOSCO EM MADEIRA, 1 DEMÃO. AF_01/2021",Pintura em Madeira,M2,928df42a952625eb12d41baf2b5ab17e1207af6e7881cb9f1c7fcac4708400e3,7841d4e18731c73a5b540648bcbf95742e69233f7eeeb3ad673b056caf52786f,2026-05,2026-06,10.78,10.76,10.76,2026-06-12,linear_multipla,10.996008008376561,,2026-05,bc2bace2bca73bd4.joblib,7b4bc08b19ada86fc17bcdd336fc488aa71badd090b90a8d98cb10055d49def8,cenario_proxima_competencia_sem_observacao
sinapi_es,sem_desoneracao,102209,"PINTURA TINTA DE ACABAMENTO (PIGMENTADA) ESMALTE SINTÉTICO ACETINADO EM MADEIRA, 1 DEMÃO. AF_01/2021",Pintura em Madeira,M2,928df42a952625eb12d41baf2b5ab17e1207af6e7881cb9f1c7fcac4708400e3,958c672e89ac42604aa9ab63dbc715fea39b421aaa36da78e8901fabaaa06636,2026-05,2026-06,11.09,11.07,11.07,2026-06-12,linear_multipla,11.307376333543896,,2026-05,bc2bace2bca73bd4.joblib,7b4bc08b19ada86fc17bcdd336fc488aa71badd090b90a8d98cb10055d49def8,cenario_proxima_competencia_sem_observacao
sinapi_es,sem_desoneracao,102210,"PINTURA TINTA DE ACABAMENTO (PIGMENTADA) ESMALTE SINTÉTICO BRILHANTE EM MADEIRA, 1 DEMÃO. AF_01/2021",Pintura em Madeira,M2,928df42a952625eb12d41baf2b5ab17e1207af6e7881cb9f1c7fcac4708400e3,596b1bbae3f7a614b949f53e0fcb4a61cb25c29d56d610de8c88087532829a1e,2026-05,2026-06,10.63,10.59,10.59,2026-06-12,linear_multipla,10.837003760879115,,2026-05,bc2bace2bca73bd4.joblib,7b4bc08b19ada86fc17bcdd336fc488aa71badd090b90a8d98cb10055d49def8,cenario_proxima_competencia_sem_observacao
sinapi_es,sem_desoneracao,102213,"PINTURA VERNIZ (INCOLOR) ALQUÍDICO EM MADEIRA, USO INTERNO E EXTERNO, 2 DEMÃOS. AF_01/2021",Pintura em Madeira,M2,928df42a952625eb12d41baf2b5ab17e1207af6e7881cb9f1c7fcac4708400e3,6654834411515e212bb6b17d419e9ba87ca6b87f3cce210d442fc4f5d6369f10,2026-05,2026-06,26.19,26.11,26.16,2026-06-12,linear_multipla,26.45983101578909,,2026-05,bc2bace2bca73bd4.joblib,7b4bc08b19ada86fc17bcdd336fc488aa71badd090b90a8d98cb10055d49def8,cenario_proxima_competencia_sem_observacao
sinapi_es,sem_desoneracao,102214,"PINTURA VERNIZ (INCOLOR) ALQUÍDICO EM MADEIRA, USO INTERNO, 2 DEMÃOS. AF_01/2021",Pintura em Madeira,M2,928df42a952625eb12d41baf2b5ab17e1207af6e7881cb9f1c7fcac4708400e3,02e6b4218d471863237374a096705fecb92ffba37e7cef3995bf34857d3446c2,2026-05,2026-06,26.87,26.77,26.82,2026-06-12,linear_multipla,27.134490348578368,,2026-05,bc2bace2bca73bd4.joblib,7b4bc08b19ada86fc17bcdd336fc488aa71badd090b90a8d98cb10055d49def8,cenario_proxima_competencia_sem_observacao
sinapi_es,sem_desoneracao,102215,"PINTURA VERNIZ (INCOLOR) POLIURETÂNICO (RESINA ALQUÍDICA MODIFICADA) EM MADEIRA, 2 DEMÃOS. AF_01/2021",Pintura em Madeira,M2,928df42a952625eb12d41baf2b5ab17e1207af6e7881cb9f1c7fcac4708400e3,e4cc90272d3d0cc2b50ee196ca2ca872b41729cf18721f8e0049718ef7d80370,2026-05,2026-06,24.72,24.66,24.7,2026-06-12,linear_multipla,24.989518567046527,,2026-05,bc2bace2bca73bd4.joblib,7b4bc08b19ada86fc17bcdd336fc488aa71badd090b90a8d98cb10055d49def8,cenario_proxima_competencia_sem_observacao
sinapi_es,sem_desoneracao,102217,"PINTURA TINTA DE ACABAMENTO (PIGMENTADA) A ÓLEO EM MADEIRA, 2 DEMÃOS. AF_01/2021",Pintura em Madeira,M2,928df42a952625eb12d41baf2b5ab17e1207af6e7881cb9f1c7fcac4708400e3,f32db2f455913e516e7de760107eb0fcc5a42c37c0a2469db533a66636376219,2026-05,2026-06,22.52,22.45,22.45,2026-06-12,linear_multipla,22.766972419962737,,2026-05,bc2bace2bca73bd4.joblib,7b4bc08b19ada86fc17bcdd336fc488aa71badd090b90a8d98cb10055d49def8,cenario_proxima_competencia_sem_observacao
sinapi_es,sem_desoneracao,102218,"PINTURA TINTA DE ACABAMENTO (PIGMENTADA) ESMALTE SINTÉTICO FOSCO EM MADEIRA, 2 DEMÃOS. AF_01/2021",Pintura em Madeira,M2,928df42a952625eb12d41baf2b5ab17e1207af6e7881cb9f1c7fcac4708400e3,9ecdf76e102b4da514bacbfd565bd8e6b1c55b1ccdd875eef3b5520788d944e9,2026-05,2026-06,21.57,21.51,21.51,2026-06-12,linear_multipla,21.81695024275496,,2026-05,bc2bace2bca73bd4.joblib,7b4bc08b19ada86fc17bcdd336fc488aa71badd090b90a8d98cb10055d49def8,cenario_proxima_competencia_sem_observacao
sinapi_es,sem_desoneracao,102219,"PINTURA TINTA DE ACABAMENTO (PIGMENTADA) ESMALTE SINTÉTICO ACETINADO EM MADEIRA, 2 DEMÃOS. AF_01/2021",Pintura em Madeira,M2,928df42a952625eb12d41baf2b5ab17e1207af6e7881cb9f1c7fcac4708400e3,2f68a4905ea15e4a83d35e17c55357058e5fd23c92145643e5c499fedb3b052c,2026-05,2026-06,22.19,22.13,22.13,2026-06-12,linear_multipla,22.439686893089625,,2026-05,bc2bace2bca73bd4.joblib,7b4bc08b19ada86fc17bcdd336fc488aa71badd090b90a8d98cb10055d49def8,cenario_proxima_competencia_sem_observacao
sinapi_es,sem_desoneracao,102220,"PINTURA TINTA DE ACABAMENTO (PIGMENTADA) ESMALTE SINTÉTICO BRILHANTE EM MADEIRA, 2 DEMÃOS. AF_01/2021",Pintura em Madeira,M2,928df42a952625eb12d41baf2b5ab17e1207af6e7881cb9f1c7fcac4708400e3,e50b92dcc0760bd0affc6ba0d7280ef6283032e979626f1abc4cdfbb9fd28738,2026-05,2026-06,21.26,21.21,21.21,2026-06-12,linear_multipla,21.5097529949249,,2026-05,bc2bace2bca73bd4.joblib,7b4bc08b19ada86fc17bcdd336fc488aa71badd090b90a8d98cb10055d49def8,cenario_proxima_competencia_sem_observacao
sinapi_es,sem_desoneracao,102223,"PINTURA VERNIZ (INCOLOR) ALQUÍDICO EM MADEIRA, USO INTERNO E EXTERNO, 3 DEMÃOS. AF_01/2021",Pintura em Madeira,M2,928df42a952625eb12d41baf2b5ab17e1207af6e7881cb9f1c7fcac4708400e3,d3c0fd1f5e011e3ab2ed8d6f2b07c07f7b142aed1686adad9c6e14b0008a615d,2026-05,2026-06,39.29,39.17,39.24,2026-06-12,linear_multipla,39.6053016671455,,2026-05,bc2bace2bca73bd4.joblib,7b4bc08b19ada86fc17bcdd336fc488aa71badd090b90a8d98cb10055d49def8,cenario_proxima_competencia_sem_observacao
sinapi_es,sem_desoneracao,102224,"PINTURA VERNIZ (INCOLOR) ALQUÍDICO EM MADEIRA, USO INTERNO, 3 DEMÃOS. AF_01/2021",Pintura em Madeira,M2,928df42a952625eb12d41baf2b5ab17e1207af6e7881cb9f1c7fcac4708400e3,cb30f49a5da933031b726544d902616620bc6aae47f59800c79ec19f533277f1,2026-05,2026-06,40.29,40.17,40.24,2026-06-12,linear_multipla,40.60971561929817,,2026-05,bc2bace2bca73bd4.joblib,7b4bc08b19ada86fc17bcdd336fc488aa71badd090b90a8d98cb10055d49def8,cenario_proxima_competencia_sem_observacao
sinapi_es,sem_desoneracao,102225,"PINTURA VERNIZ (INCOLOR) POLIURETÂNICO (RESINA ALQUÍDICA MODIFICADA) EM MADEIRA, 3 DEMÃOS. AF_01/2021",Pintura em Madeira,M2,928df42a952625eb12d41baf2b5ab17e1207af6e7881cb9f1c7fcac4708400e3,51e75e024764bd8172be60195615368edfde785767534bb5bac9925200c60a7e,2026-05,2026-06,37.08,37.0,37.06,2026-06-12,linear_multipla,37.40006504848449,,2026-05,bc2bace2bca73bd4.joblib,7b4bc08b19ada86fc17bcdd336fc488aa71badd090b90a8d98cb10055d49def8,cenario_proxima_competencia_sem_observacao
sinapi_es,sem_desoneracao,102227,"PINTURA TINTA DE ACABAMENTO (PIGMENTADA) A ÓLEO EM MADEIRA, 3 DEMÃOS. AF_01/2021",Pintura em Madeira,M2,928df42a952625eb12d41baf2b5ab17e1207af6e7881cb9f1c7fcac4708400e3,df82542f79d2ee6c128318f1921d3aa355aee4bbd3f24805bd033a235c3f2337,2026-05,2026-06,33.78,33.67,33.67,2026-06-12,linear_multipla,34.059989211852894,,2026-05,bc2bace2bca73bd4.joblib,7b4bc08b19ada86fc17bcdd336fc488aa71badd090b90a8d98cb10055d49def8,cenario_proxima_competencia_sem_observacao
sinapi_es,sem_desoneracao,102228,"PINTURA TINTA DE ACABAMENTO (PIGMENTADA) ESMALTE SINTÉTICO FOSCO EM MADEIRA, 3 DEMÃOS. AF_01/2021",Pintura em Madeira,M2,928df42a952625eb12d41baf2b5ab17e1207af6e7881cb9f1c7fcac4708400e3,0a85499025bf89641b00452308be00a9468fbb7f98259c996c8f4f91278e27de,2026-05,2026-06,32.38,32.29,32.29,2026-06-12,linear_multipla,32.662151833513676,,2026-05,bc2bace2bca73bd4.joblib,7b4bc08b19ada86fc17bcdd336fc488aa71badd090b90a8d98cb10055d49def8,cenario_proxima_competencia_sem_observacao
sinapi_es,sem_desoneracao,102229,"PINTURA TINTA DE ACABAMENTO (PIGMENTADA) ESMALTE SINTÉTICO ACETINADO EM MADEIRA, 3 DEMÃOS. AF_01/2021",Pintura em Madeira,M2,928df42a952625eb12d41baf2b5ab17e1207af6e7881cb9f1c7fcac4708400e3,2cb2a59a9cbcae9c4ef4d2dbbc401d0579e8d7d189f336df73ee2fb1e15b55c0,2026-05,2026-06,33.3,33.2,33.2,2026-06-12,linear_multipla,33.582041592156884,,2026-05,bc2bace2bca73bd4.joblib,7b4bc08b19ada86fc17bcdd336fc488aa71badd090b90a8d98cb10055d49def8,cenario_proxima_competencia_sem_observacao
sinapi_es,sem_desoneracao,102230,"PINTURA TINTA DE ACABAMENTO (PIGMENTADA) ESMALTE SINTÉTICO BRILHANTE EM MADEIRA, 3 DEMÃOS. AF_01/2021",Pintura em Madeira,M2,928df42a952625eb12d41baf2b5ab17e1207af6e7881cb9f1c7fcac4708400e3,4abc67ced73c00209df25dfbea1af16c6f8daef450411285d5509fd1bc6c9731,2026-05,2026-06,31.89,31.81,31.8,2026-06-12,linear_multipla,32.17199398054349,,2026-05,bc2bace2bca73bd4.joblib,7b4bc08b19ada86fc17bcdd336fc488aa71badd090b90a8d98cb10055d49def8,cenario_proxima_competencia_sem_observacao
sinapi_es,sem_desoneracao,102233,"PINTURA IMUNIZANTE PARA MADEIRA, 1 DEMÃO. AF_01/2021",Pintura em Madeira,M2,928df42a952625eb12d41baf2b5ab17e1207af6e7881cb9f1c7fcac4708400e3,4d967eb72a26bab03b5bb93b8f6bd595395f15dd262596f8ff90e5533340232b,2026-05,2026-06,12.19,12.2,12.61,2026-06-12,linear_multipla,12.513554756782405,,2026-05,bc2bace2bca73bd4.joblib,7b4bc08b19ada86fc17bcdd336fc488aa71badd090b90a8d98cb10055d49def8,cenario_proxima_competencia_sem_observacao
sinapi_es,sem_desoneracao,102234,"PINTURA IMUNIZANTE PARA MADEIRA, 2 DEMÃOS. AF_01/2021",Pintura em Madeira,M2,928df42a952625eb12d41baf2b5ab17e1207af6e7881cb9f1c7fcac4708400e3,5c2427381a87243b4ebfd59b959bd9768d29fdff57d6bb7b1954defd24515b96,2026-05,2026-06,24.37,24.39,25.22,2026-06-12,linear_multipla,24.84246370895079,,2026-05,bc2bace2bca73bd4.joblib,7b4bc08b19ada86fc17bcdd336fc488aa71badd090b90a8d98cb10055d49def8,cenario_proxima_competencia_sem_observacao
sinapi_es,sem_desoneracao,102193,LIXAMENTO DE MADEIRA PARA APLICAÇÃO DE FUNDO OU PINTURA. AF_01/2021,Pintura em Madeira,M2,928df42a952625eb12d41baf2b5ab17e1207af6e7881cb9f1c7fcac4708400e3,c8f8d637daed9c5936752863d1c263a158b880b37b23878ce93a39e633e316c3,2026-05,2026-06,2.78,2.78,2.8,2026-06-12,persistencia,2.78,,2026-05,,7b4bc08b19ada86fc17bcdd336fc488aa71badd090b90a8d98cb10055d49def8,cenario_proxima_competencia_sem_observacao
sinapi_es,sem_desoneracao,102194,LIXAMENTO DE MASSA PARA MADEIRA. AF_01/2021,Pintura em Madeira,M2,928df42a952625eb12d41baf2b5ab17e1207af6e7881cb9f1c7fcac4708400e3,5ec1021ae423afb12be85e93dd1bb9bbbb8c5c72888fba4200f64b5cdf0cd5ec,2026-05,2026-06,11.2,11.2,11.22,2026-06-12,persistencia,11.2,,2026-05,,7b4bc08b19ada86fc17bcdd336fc488aa71badd090b90a8d98cb10055d49def8,cenario_proxima_competencia_sem_observacao
sinapi_es,sem_desoneracao,102197,PINTURA FUNDO NIVELADOR ALQUÍDICO BRANCO EM MADEIRA. AF_01/2021,Pintura em Madeira,M2,928df42a952625eb12d41baf2b5ab17e1207af6e7881cb9f1c7fcac4708400e3,66debc409493c9536287484e9494ccb0df8ad0be016787994b9f01f111dc3332,2026-05,2026-06,35.0,34.97,35.67,2026-06-12,persistencia,35.0,,2026-05,,7b4bc08b19ada86fc17bcdd336fc488aa71badd090b90a8d98cb10055d49def8,cenario_proxima_competencia_sem_observacao
sinapi_es,sem_desoneracao,102200,"APLICAÇÃO MASSA ALQUÍDICA PARA MADEIRA, PARA PINTURA COM TINTA DE ACABAMENTO (PIGMENTADA). AF_01/2021",Pintura em Madeira,M2,928df42a952625eb12d41baf2b5ab17e1207af6e7881cb9f1c7fcac4708400e3,3361fc73f1c484d1b55e155240002db888fd8dacd41afec38ed420c5beaed3c9,2026-05,2026-06,27.83,27.83,28.22,2026-06-12,persistencia,27.83,,2026-05,,7b4bc08b19ada86fc17bcdd336fc488aa71badd090b90a8d98cb10055d49def8,cenario_proxima_competencia_sem_observacao
sinapi_es,sem_desoneracao,102201,"APLICAÇÃO MASSA ACRÍLICA PARA MADEIRA, PARA PINTURA COM TINTA DE ACABAMENTO (PIGMENTADA). AF_01/2021",Pintura em Madeira,M2,928df42a952625eb12d41baf2b5ab17e1207af6e7881cb9f1c7fcac4708400e3,5115eb78d12a28a62d39316ccfac3d3333776b3f6018a9976cc14cb9bf65bfb7,2026-05,2026-06,25.84,25.84,26.07,2026-06-12,persistencia,25.84,,2026-05,,7b4bc08b19ada86fc17bcdd336fc488aa71badd090b90a8d98cb10055d49def8,cenario_proxima_competencia_sem_observacao
sinapi_es,sem_desoneracao,102202,"APLICAÇÃO MASSA EPÓXI PARA MADEIRA, PARA PINTURA COM TINTA PU DE ACABAMENTO (PIGMENTADA). AF_01/2021",Pintura em Madeira,M2,928df42a952625eb12d41baf2b5ab17e1207af6e7881cb9f1c7fcac4708400e3,e70e02f34b756835555a329fac753af082747319524bc0a9d6007a77d331e224,2026-05,2026-06,66.58,66.58,68.15,2026-06-12,persistencia,66.58,,2026-05,,7b4bc08b19ada86fc17bcdd336fc488aa71badd090b90a8d98cb10055d49def8,cenario_proxima_competencia_sem_observacao
sinapi_es,sem_desoneracao,102203,"PINTURA VERNIZ (INCOLOR) ALQUÍDICO EM MADEIRA, USO INTERNO E EXTERNO, 1 DEMÃO. AF_01/2021",Pintura em Madeira,M2,928df42a952625eb12d41baf2b5ab17e1207af6e7881cb9f1c7fcac4708400e3,48f9ffe0a9364e6fb0be1a5c452a930e7fe879bf35f06fcf6dac2d331a27ae02,2026-05,2026-06,13.08,13.05,13.07,2026-06-12,persistencia,13.08,,2026-05,,7b4bc08b19ada86fc17bcdd336fc488aa71badd090b90a8d98cb10055d49def8,cenario_proxima_competencia_sem_observacao
sinapi_es,sem_desoneracao,102204,"PINTURA VERNIZ (INCOLOR) ALQUÍDICO EM MADEIRA, USO INTERNO, 1 DEMÃO. AF_01/2021",Pintura em Madeira,M2,928df42a952625eb12d41baf2b5ab17e1207af6e7881cb9f1c7fcac4708400e3,426731ab7d0aede1116735d712f35d1384ab0164364ca0010e02ce2f6ee5f8e7,2026-05,2026-06,13.42,13.37,13.4,2026-06-12,persistencia,13.42,,2026-05,,7b4bc08b19ada86fc17bcdd336fc488aa71badd090b90a8d98cb10055d49def8,cenario_proxima_competencia_sem_observacao
sinapi_es,sem_desoneracao,102205,"PINTURA VERNIZ (INCOLOR) POLIURETÂNICO (RESINA ALQUÍDICA MODIFICADA) EM MADEIRA, 1 DEMÃO. AF_01/2021",Pintura em Madeira,M2,928df42a952625eb12d41baf2b5ab17e1207af6e7881cb9f1c7fcac4708400e3,e094a52f6422e6a27f95417a3d601461de30f9ae598c52e4afd0e05ca8480d6c,2026-05,2026-06,12.35,12.32,12.34,2026-06-12,persistencia,12.35,,2026-05,,7b4bc08b19ada86fc17bcdd336fc488aa71badd090b90a8d98cb10055d49def8,cenario_proxima_competencia_sem_observacao
sinapi_es,sem_desoneracao,102207,"PINTURA TINTA DE ACABAMENTO (PIGMENTADA) A ÓLEO EM MADEIRA, 1 DEMÃO. AF_01/2021",Pintura em Madeira,M2,928df42a952625eb12d41baf2b5ab17e1207af6e7881cb9f1c7fcac4708400e3,e7b7a500fca650a2f16ea4a481f8c2b63121aa6f74080ea1b417925c1a8cc4f3,2026-05,2026-06,11.26,11.21,11.21,2026-06-12,persistencia,11.26,,2026-05,,7b4bc08b19ada86fc17bcdd336fc488aa71badd090b90a8d98cb10055d49def8,cenario_proxima_competencia_sem_observacao
sinapi_es,sem_desoneracao,102208,"PINTURA TINTA DE ACABAMENTO (PIGMENTADA) ESMALTE SINTÉTICO FOSCO EM MADEIRA, 1 DEMÃO. AF_01/2021",Pintura em Madeira,M2,928df42a952625eb12d41baf2b5ab17e1207af6e7881cb9f1c7fcac4708400e3,7841d4e18731c73a5b540648bcbf95742e69233f7eeeb3ad673b056caf52786f,2026-05,2026-06,10.78,10.76,10.76,2026-06-12,persistencia,10.78,,2026-05,,7b4bc08b19ada86fc17bcdd336fc488aa71badd090b90a8d98cb10055d49def8,cenario_proxima_competencia_sem_observacao
sinapi_es,sem_desoneracao,102209,"PINTURA TINTA DE ACABAMENTO (PIGMENTADA) ESMALTE SINTÉTICO ACETINADO EM MADEIRA, 1 DEMÃO. AF_01/2021",Pintura em Madeira,M2,928df42a952625eb12d41baf2b5ab17e1207af6e7881cb9f1c7fcac4708400e3,958c672e89ac42604aa9ab63dbc715fea39b421aaa36da78e8901fabaaa06636,2026-05,2026-06,11.09,11.07,11.07,2026-06-12,persistencia,11.09,,2026-05,,7b4bc08b19ada86fc17bcdd336fc488aa71badd090b90a8d98cb10055d49def8,cenario_proxima_competencia_sem_observacao
sinapi_es,sem_desoneracao,102210,"PINTURA TINTA DE ACABAMENTO (PIGMENTADA) ESMALTE SINTÉTICO BRILHANTE EM MADEIRA, 1 DEMÃO. AF_01/2021",Pintura em Madeira,M2,928df42a952625eb12d41baf2b5ab17e1207af6e7881cb9f1c7fcac4708400e3,596b1bbae3f7a614b949f53e0fcb4a61cb25c29d56d610de8c88087532829a1e,2026-05,2026-06,10.63,10.59,10.59,2026-06-12,persistencia,10.63,,2026-05,,7b4bc08b19ada86fc17bcdd336fc488aa71badd090b90a8d98cb10055d49def8,cenario_proxima_competencia_sem_observacao
sinapi_es,sem_desoneracao,102213,"PINTURA VERNIZ (INCOLOR) ALQUÍDICO EM MADEIRA, USO INTERNO E EXTERNO, 2 DEMÃOS. AF_01/2021",Pintura em Madeira,M2,928df42a952625eb12d41baf2b5ab17e1207af6e7881cb9f1c7fcac4708400e3,6654834411515e212bb6b17d419e9ba87ca6b87f3cce210d442fc4f5d6369f10,2026-05,2026-06,26.19,26.11,26.16,2026-06-12,persistencia,26.19,,2026-05,,7b4bc08b19ada86fc17bcdd336fc488aa71badd090b90a8d98cb10055d49def8,cenario_proxima_competencia_sem_observacao
sinapi_es,sem_desoneracao,102214,"PINTURA VERNIZ (INCOLOR) ALQUÍDICO EM MADEIRA, USO INTERNO, 2 DEMÃOS. AF_01/2021",Pintura em Madeira,M2,928df42a952625eb12d41baf2b5ab17e1207af6e7881cb9f1c7fcac4708400e3,02e6b4218d471863237374a096705fecb92ffba37e7cef3995bf34857d3446c2,2026-05,2026-06,26.87,26.77,26.82,2026-06-12,persistencia,26.87,,2026-05,,7b4bc08b19ada86fc17bcdd336fc488aa71badd090b90a8d98cb10055d49def8,cenario_proxima_competencia_sem_observacao
sinapi_es,sem_desoneracao,102215,"PINTURA VERNIZ (INCOLOR) POLIURETÂNICO (RESINA ALQUÍDICA MODIFICADA) EM MADEIRA, 2 DEMÃOS. AF_01/2021",Pintura em Madeira,M2,928df42a952625eb12d41baf2b5ab17e1207af6e7881cb9f1c7fcac4708400e3,e4cc90272d3d0cc2b50ee196ca2ca872b41729cf18721f8e0049718ef7d80370,2026-05,2026-06,24.72,24.66,24.7,2026-06-12,persistencia,24.72,,2026-05,,7b4bc08b19ada86fc17bcdd336fc488aa71badd090b90a8d98cb10055d49def8,cenario_proxima_competencia_sem_observacao
sinapi_es,sem_desoneracao,102217,"PINTURA TINTA DE ACABAMENTO (PIGMENTADA) A ÓLEO EM MADEIRA, 2 DEMÃOS. AF_01/2021",Pintura em Madeira,M2,928df42a952625eb12d41baf2b5ab17e1207af6e7881cb9f1c7fcac4708400e3,f32db2f455913e516e7de760107eb0fcc5a42c37c0a2469db533a66636376219,2026-05,2026-06,22.52,22.45,22.45,2026-06-12,persistencia,22.52,,2026-05,,7b4bc08b19ada86fc17bcdd336fc488aa71badd090b90a8d98cb10055d49def8,cenario_proxima_competencia_sem_observacao
sinapi_es,sem_desoneracao,102218,"PINTURA TINTA DE ACABAMENTO (PIGMENTADA) ESMALTE SINTÉTICO FOSCO EM MADEIRA, 2 DEMÃOS. AF_01/2021",Pintura em Madeira,M2,928df42a952625eb12d41baf2b5ab17e1207af6e7881cb9f1c7fcac4708400e3,9ecdf76e102b4da514bacbfd565bd8e6b1c55b1ccdd875eef3b5520788d944e9,2026-05,2026-06,21.57,21.51,21.51,2026-06-12,persistencia,21.57,,2026-05,,7b4bc08b19ada86fc17bcdd336fc488aa71badd090b90a8d98cb10055d49def8,cenario_proxima_competencia_sem_observacao
sinapi_es,sem_desoneracao,102219,"PINTURA TINTA DE ACABAMENTO (PIGMENTADA) ESMALTE SINTÉTICO ACETINADO EM MADEIRA, 2 DEMÃOS. AF_01/2021",Pintura em Madeira,M2,928df42a952625eb12d41baf2b5ab17e1207af6e7881cb9f1c7fcac4708400e3,2f68a4905ea15e4a83d35e17c55357058e5fd23c92145643e5c499fedb3b052c,2026-05,2026-06,22.19,22.13,22.13,2026-06-12,persistencia,22.19,,2026-05,,7b4bc08b19ada86fc17bcdd336fc488aa71badd090b90a8d98cb10055d49def8,cenario_proxima_competencia_sem_observacao
sinapi_es,sem_desoneracao,102220,"PINTURA TINTA DE ACABAMENTO (PIGMENTADA) ESMALTE SINTÉTICO BRILHANTE EM MADEIRA, 2 DEMÃOS. AF_01/2021",Pintura em Madeira,M2,928df42a952625eb12d41baf2b5ab17e1207af6e7881cb9f1c7fcac4708400e3,e50b92dcc0760bd0affc6ba0d7280ef6283032e979626f1abc4cdfbb9fd28738,2026-05,2026-06,21.26,21.21,21.21,2026-06-12,persistencia,21.26,,2026-05,,7b4bc08b19ada86fc17bcdd336fc488aa71badd090b90a8d98cb10055d49def8,cenario_proxima_competencia_sem_observacao
sinapi_es,sem_desoneracao,102223,"PINTURA VERNIZ (INCOLOR) ALQUÍDICO EM MADEIRA, USO INTERNO E EXTERNO, 3 DEMÃOS. AF_01/2021",Pintura em Madeira,M2,928df42a952625eb12d41baf2b5ab17e1207af6e7881cb9f1c7fcac4708400e3,d3c0fd1f5e011e3ab2ed8d6f2b07c07f7b142aed1686adad9c6e14b0008a615d,2026-05,2026-06,39.29,39.17,39.24,2026-06-12,persistencia,39.29,,2026-05,,7b4bc08b19ada86fc17bcdd336fc488aa71badd090b90a8d98cb10055d49def8,cenario_proxima_competencia_sem_observacao
sinapi_es,sem_desoneracao,102224,"PINTURA VERNIZ (INCOLOR) ALQUÍDICO EM MADEIRA, USO INTERNO, 3 DEMÃOS. AF_01/2021",Pintura em Madeira,M2,928df42a952625eb12d41baf2b5ab17e1207af6e7881cb9f1c7fcac4708400e3,cb30f49a5da933031b726544d902616620bc6aae47f59800c79ec19f533277f1,2026-05,2026-06,40.29,40.17,40.24,2026-06-12,persistencia,40.29,,2026-05,,7b4bc08b19ada86fc17bcdd336fc488aa71badd090b90a8d98cb10055d49def8,cenario_proxima_competencia_sem_observacao
sinapi_es,sem_desoneracao,102225,"PINTURA VERNIZ (INCOLOR) POLIURETÂNICO (RESINA ALQUÍDICA MODIFICADA) EM MADEIRA, 3 DEMÃOS. AF_01/2021",Pintura em Madeira,M2,928df42a952625eb12d41baf2b5ab17e1207af6e7881cb9f1c7fcac4708400e3,51e75e024764bd8172be60195615368edfde785767534bb5bac9925200c60a7e,2026-05,2026-06,37.08,37.0,37.06,2026-06-12,persistencia,37.08,,2026-05,,7b4bc08b19ada86fc17bcdd336fc488aa71badd090b90a8d98cb10055d49def8,cenario_proxima_competencia_sem_observacao
sinapi_es,sem_desoneracao,102227,"PINTURA TINTA DE ACABAMENTO (PIGMENTADA) A ÓLEO EM MADEIRA, 3 DEMÃOS. AF_01/2021",Pintura em Madeira,M2,928df42a952625eb12d41baf2b5ab17e1207af6e7881cb9f1c7fcac4708400e3,df82542f79d2ee6c128318f1921d3aa355aee4bbd3f24805bd033a235c3f2337,2026-05,2026-06,33.78,33.67,33.67,2026-06-12,persistencia,33.78,,2026-05,,7b4bc08b19ada86fc17bcdd336fc488aa71badd090b90a8d98cb10055d49def8,cenario_proxima_competencia_sem_observacao
sinapi_es,sem_desoneracao,102228,"PINTURA TINTA DE ACABAMENTO (PIGMENTADA) ESMALTE SINTÉTICO FOSCO EM MADEIRA, 3 DEMÃOS. AF_01/2021",Pintura em Madeira,M2,928df42a952625eb12d41baf2b5ab17e1207af6e7881cb9f1c7fcac4708400e3,0a85499025bf89641b00452308be00a9468fbb7f98259c996c8f4f91278e27de,2026-05,2026-06,32.38,32.29,32.29,2026-06-12,persistencia,32.38,,2026-05,,7b4bc08b19ada86fc17bcdd336fc488aa71badd090b90a8d98cb10055d49def8,cenario_proxima_competencia_sem_observacao
sinapi_es,sem_desoneracao,102229,"PINTURA TINTA DE ACABAMENTO (PIGMENTADA) ESMALTE SINTÉTICO ACETINADO EM MADEIRA, 3 DEMÃOS. AF_01/2021",Pintura em Madeira,M2,928df42a952625eb12d41baf2b5ab17e1207af6e7881cb9f1c7fcac4708400e3,2cb2a59a9cbcae9c4ef4d2dbbc401d0579e8d7d189f336df73ee2fb1e15b55c0,2026-05,2026-06,33.3,33.2,33.2,2026-06-12,persistencia,33.3,,2026-05,,7b4bc08b19ada86fc17bcdd336fc488aa71badd090b90a8d98cb10055d49def8,cenario_proxima_competencia_sem_observacao
sinapi_es,sem_desoneracao,102230,"PINTURA TINTA DE ACABAMENTO (PIGMENTADA) ESMALTE SINTÉTICO BRILHANTE EM MADEIRA, 3 DEMÃOS. AF_01/2021",Pintura em Madeira,M2,928df42a952625eb12d41baf2b5ab17e1207af6e7881cb9f1c7fcac4708400e3,4abc67ced73c00209df25dfbea1af16c6f8daef450411285d5509fd1bc6c9731,2026-05,2026-06,31.89,31.81,31.8,2026-06-12,persistencia,31.89,,2026-05,,7b4bc08b19ada86fc17bcdd336fc488aa71badd090b90a8d98cb10055d49def8,cenario_proxima_competencia_sem_observacao
sinapi_es,sem_desoneracao,102233,"PINTURA IMUNIZANTE PARA MADEIRA, 1 DEMÃO. AF_01/2021",Pintura em Madeira,M2,928df42a952625eb12d41baf2b5ab17e1207af6e7881cb9f1c7fcac4708400e3,4d967eb72a26bab03b5bb93b8f6bd595395f15dd262596f8ff90e5533340232b,2026-05,2026-06,12.19,12.2,12.61,2026-06-12,persistencia,12.19,,2026-05,,7b4bc08b19ada86fc17bcdd336fc488aa71badd090b90a8d98cb10055d49def8,cenario_proxima_competencia_sem_observacao
sinapi_es,sem_desoneracao,102234,"PINTURA IMUNIZANTE PARA MADEIRA, 2 DEMÃOS. AF_01/2021",Pintura em Madeira,M2,928df42a952625eb12d41baf2b5ab17e1207af6e7881cb9f1c7fcac4708400e3,5c2427381a87243b4ebfd59b959bd9768d29fdff57d6bb7b1954defd24515b96,2026-05,2026-06,24.37,24.39,25.22,2026-06-12,persistencia,24.37,,2026-05,,7b4bc08b19ada86fc17bcdd336fc488aa71badd090b90a8d98cb10055d49def8,cenario_proxima_competencia_sem_observacao
sinapi_es,sem_desoneracao,100716,JATEAMENTO ABRASIVO COM GRANALHA DE AÇO EM PERFIL METÁLICO EM FÁBRICA. AF_01/2020,Pintura em Superfícies Metálicas,M2,928df42a952625eb12d41baf2b5ab17e1207af6e7881cb9f1c7fcac4708400e3,582d297149e8ecf6dd756ed07852b5666b7d28db1ada1c9cdbe9a858b52d337d,2026-05,2026-06,25.27,25.28,24.61,2026-06-12,linear_multipla,25.451807711758054,,2026-05,0f2fcc1ebd1da611.joblib,7b4bc08b19ada86fc17bcdd336fc488aa71badd090b90a8d98cb10055d49def8,cenario_proxima_competencia_sem_observacao
sinapi_es,sem_desoneracao,100717,LIXAMENTO MANUAL EM SUPERFÍCIES METÁLICAS EM OBRA. AF_01/2020,Pintura em Superfícies Metálicas,M2,928df42a952625eb12d41baf2b5ab17e1207af6e7881cb9f1c7fcac4708400e3,fe37f7329a6705014aa7996e626d2d5f771f37347625367fac0d4a7c1b0d9204,2026-05,2026-06,13.33,13.33,13.38,2026-06-12,linear_multipla,13.524992221147308,,2026-05,0f2fcc1ebd1da611.joblib,7b4bc08b19ada86fc17bcdd336fc488aa71badd090b90a8d98cb10055d49def8,cenario_proxima_competencia_sem_observacao
sinapi_es,sem_desoneracao,100719,PINTURA COM TINTA ALQUÍDICA DE FUNDO (TIPO ZARCÃO) PULVERIZADA SOBRE PERFIL METÁLICO EXECUTADO EM FÁBRICA (POR DEMÃO). AF_01/2020_PE,Pintura em Superfícies Metálicas,M2,928df42a952625eb12d41baf2b5ab17e1207af6e7881cb9f1c7fcac4708400e3,4da82cc71ab68a3b961f67de58bdfc7da019a3f93874c85bc78277beb0221e1f,2026-05,2026-06,13.31,13.17,13.17,2026-06-12,linear_multipla,13.434682386179144,,2026-05,0f2fcc1ebd1da611.joblib,7b4bc08b19ada86fc17bcdd336fc488aa71badd090b90a8d98cb10055d49def8,cenario_proxima_competencia_sem_observacao
sinapi_es,sem_desoneracao,100720,PINTURA COM TINTA ALQUÍDICA DE FUNDO (TIPO ZARCÃO) APLICADA A ROLO OU PINCEL SOBRE PERFIL METÁLICO EXECUTADO EM FÁBRICA (POR DEMÃO). AF_01/2020,Pintura em Superfícies Metálicas,M2,928df42a952625eb12d41baf2b5ab17e1207af6e7881cb9f1c7fcac4708400e3,a6bc2353f4d41488eb0e7ac19eaabf17438f08e7b16c1c7b178237ee57938325,2026-05,2026-06,14.1,14.04,14.04,2026-06-12,linear_multipla,14.268848321059941,,2026-05,0f2fcc1ebd1da611.joblib,7b4bc08b19ada86fc17bcdd336fc488aa71badd090b90a8d98cb10055d49def8,cenario_proxima_competencia_sem_observacao
sinapi_es,sem_desoneracao,100721,PINTURA COM TINTA ALQUÍDICA DE FUNDO (TIPO ZARCÃO) PULVERIZADA SOBRE SUPERFÍCIES METÁLICAS (EXCETO PERFIL) EXECUTADO EM OBRA (POR DEMÃO). AF_01/2020_PE,Pintura em Superfícies Metálicas,M2,928df42a952625eb12d41baf2b5ab17e1207af6e7881cb9f1c7fcac4708400e3,8e97aebd181313cc7d78fa3ef8c14517d8d4d444fba9ac605818727d4361cc9b,2026-05,2026-06,32.73,32.59,32.59,2026-06-12,linear_multipla,33.15233343882767,,2026-05,0f2fcc1ebd1da611.joblib,7b4bc08b19ada86fc17bcdd336fc488aa71badd090b90a8d98cb10055d49def8,cenario_proxima_competencia_sem_observacao
sinapi_es,sem_desoneracao,100722,PINTURA COM TINTA ALQUÍDICA DE FUNDO (TIPO ZARCÃO) APLICADA A ROLO OU PINCEL SOBRE SUPERFÍCIES METÁLICAS (EXCETO PERFIL) EXECUTADO EM OBRA (POR DEMÃO). AF_01/2020,Pintura em Superfícies Metálicas,M2,928df42a952625eb12d41baf2b5ab17e1207af6e7881cb9f1c7fcac4708400e3,d3b6a0360f419a962ac6f7d16a273363469e66bf36f88c72de3ccfe4311e8070,2026-05,2026-06,32.81,32.74,32.74,2026-06-12,linear_multipla,33.26160998066756,,2026-05,0f2fcc1ebd1da611.joblib,7b4bc08b19ada86fc17bcdd336fc488aa71badd090b90a8d98cb10055d49def8,cenario_proxima_competencia_sem_observacao
sinapi_es,sem_desoneracao,100723,PINTURA COM TINTA ALQUÍDICA DE FUNDO E ACABAMENTO (ESMALTE SINTÉTICO GRAFITE) PULVERIZADA SOBRE PERFIL METÁLICO EXECUTADO EM FÁBRICA (POR DEMÃO). AF_01/2020_PE,Pintura em Superfícies Metálicas,M2,928df42a952625eb12d41baf2b5ab17e1207af6e7881cb9f1c7fcac4708400e3,d5e48b79c3240e720756d5f670b80e2cb84a95362d6f080f269f3666221288f6,2026-05,2026-06,14.26,14.12,14.12,2026-06-12,linear_multipla,14.39924307104094,,2026-05,0f2fcc1ebd1da611.joblib,7b4bc08b19ada86fc17bcdd336fc488aa71badd090b90a8d98cb10055d49def8,cenario_proxima_competencia_sem_observacao
sinapi_es,sem_desoneracao,100724,PINTURA COM TINTA ALQUÍDICA DE FUNDO E ACABAMENTO (ESMALTE SINTÉTICO GRAFITE) APLICADA A ROLO OU PINCEL SOBRE PERFIL METÁLICO EXECUTADO EM FÁBRICA (POR DEMÃO). AF_01/2020,Pintura em Superfícies Metálicas,M2,928df42a952625eb12d41baf2b5ab17e1207af6e7881cb9f1c7fcac4708400e3,8a9d9f5062cf753d5988c266d1ca4d528cf5e3de05380bdc2c169fede8d9faa4,2026-05,2026-06,17.96,17.87,17.87,2026-06-12,linear_multipla,18.175989091750008,,2026-05,0f2fcc1ebd1da611.joblib,7b4bc08b19ada86fc17bcdd336fc488aa71badd090b90a8d98cb10055d49def8,cenario_proxima_competencia_sem_observacao
sinapi_es,sem_desoneracao,100725,PINTURA COM TINTA ALQUÍDICA DE FUNDO E ACABAMENTO (ESMALTE SINTÉTICO GRAFITE) PULVERIZADA SOBRE SUPERFÍCIES METÁLICAS (EXCETO PERFIL) EXECUTADO EM OBRA (POR DEMÃO). AF_01/2020_PE,Pintura em Superfícies Metálicas,M2,928df42a952625eb12d41baf2b5ab17e1207af6e7881cb9f1c7fcac4708400e3,86189036a7b7258b937dcdc6fdae76982816c9e0596686bb1384be2a1c2183bd,2026-05,2026-06,33.04,32.9,32.9,2026-06-12,linear_multipla,33.467084820203624,,2026-05,0f2fcc1ebd1da611.joblib,7b4bc08b19ada86fc17bcdd336fc488aa71badd090b90a8d98cb10055d49def8,cenario_proxima_competencia_sem_observacao
sinapi_es,sem_desoneracao,100726,PINTURA COM TINTA ALQUÍDICA DE FUNDO E ACABAMENTO (ESMALTE SINTÉTICO GRAFITE) APLICADA A ROLO OU PINCEL SOBRE SUPERFÍCIES METÁLICAS (EXCETO PERFIL) EXECUTADO EM OBRA (POR DEMÃO). AF_01/2020,Pintura em Superfícies Metálicas,M2,928df42a952625eb12d41baf2b5ab17e1207af6e7881cb9f1c7fcac4708400e3,e45a4f902f1995876411a247a7fffadcc6eb19f92a5187f31e2c624363956837,2026-05,2026-06,36.55,36.46,36.46,2026-06-12,linear_multipla,37.050918703940326,,2026-05,0f2fcc1ebd1da611.joblib,7b4bc08b19ada86fc17bcdd336fc488aa71badd090b90a8d98cb10055d49def8,cenario_proxima_competencia_sem_observacao
sinapi_es,sem_desoneracao,100727,PINTURA COM TINTA EPOXÍDICA DE FUNDO PULVERIZADA SOBRE PERFIL METÁLICO EXECUTADO EM FÁBRICA (POR DEMÃO). AF_01/2020_PE,Pintura em Superfícies Metálicas,M2,928df42a952625eb12d41baf2b5ab17e1207af6e7881cb9f1c7fcac4708400e3,746717620bb4f36fea6d3c01b7ed2c918792aac427591379aae5b781a6e20619,2026-05,2026-06,32.27,31.98,31.98,2026-06-12,linear_multipla,32.62517504715261,,2026-05,0f2fcc1ebd1da611.joblib,7b4bc08b19ada86fc17bcdd336fc488aa71badd090b90a8d98cb10055d49def8,cenario_proxima_competencia_sem_observacao
sinapi_es,sem_desoneracao,100728,PINTURA COM TINTA EPOXÍDICA DE FUNDO APLICADA A ROLO OU PINCEL SOBRE PERFIL METÁLICO EXECUTADO EM FÁBRICA (POR DEMÃO). AF_01/2020,Pintura em Superfícies Metálicas,M2,928df42a952625eb12d41baf2b5ab17e1207af6e7881cb9f1c7fcac4708400e3,d7cfbe2de2e91571c55036a31036283a7aa55d8573b40703221487dfe05ed74b,2026-05,2026-06,29.85,29.65,29.64,2026-06-12,linear_multipla,30.201367883938353,,2026-05,0f2fcc1ebd1da611.joblib,7b4bc08b19ada86fc17bcdd336fc488aa71badd090b90a8d98cb10055d49def8,cenario_proxima_competencia_sem_observacao
sinapi_es,sem_desoneracao,100729,PINTURA COM TINTA EPOXÍDICA DE ACABAMENTO PULVERIZADA SOBRE PERFIL METÁLICO EXECUTADO EM FÁBRICA (POR DEMÃO). AF_01/2020_PE,Pintura em Superfícies Metálicas,M2,928df42a952625eb12d41baf2b5ab17e1207af6e7881cb9f1c7fcac4708400e3,bc44b0d04bce6ca672e76c7bcfa250fb1cfbb234416b97a2f1c71aeb371f5554,2026-05,2026-06,24.39,24.14,24.13,2026-06-12,linear_multipla,24.63764627864322,,2026-05,0f2fcc1ebd1da611.joblib,7b4bc08b19ada86fc17bcdd336fc488aa71badd090b90a8d98cb10055d49def8,cenario_proxima_competencia_sem_observacao
sinapi_es,sem_desoneracao,100730,PINTURA COM TINTA EPOXÍDICA DE ACABAMENTO APLICADA A ROLO OU PINCEL SOBRE PERFIL METÁLICO EXECUTADO EM FÁBRICA (POR DEMÃO). AF_01/2020,Pintura em Superfícies Metálicas,M2,928df42a952625eb12d41baf2b5ab17e1207af6e7881cb9f1c7fcac4708400e3,88da3173a8cb5211e4d71e2930f8e4b9fff729d77bcd10d939263b4d2cf385ed,2026-05,2026-06,29.32,29.11,29.1,2026-06-12,linear_multipla,29.65923735750283,,2026-05,0f2fcc1ebd1da611.joblib,7b4bc08b19ada86fc17bcdd336fc488aa71badd090b90a8d98cb10055d49def8,cenario_proxima_competencia_sem_observacao
sinapi_es,sem_desoneracao,100733,PINTURA COM TINTA ACRÍLICA DE FUNDO PULVERIZADA SOBRE SUPERFÍCIES METÁLICAS (EXCETO PERFIL) EXECUTADO EM OBRA (POR DEMÃO). AF_01/2020_PE,Pintura em Superfícies Metálicas,M2,928df42a952625eb12d41baf2b5ab17e1207af6e7881cb9f1c7fcac4708400e3,932fdcf9c8521ae64c7fbd6a616df2488825cf6d376d2f958d7b2a3af50b1c62,2026-05,2026-06,16.62,16.66,16.62,2026-06-12,linear_multipla,16.856422394257784,,2026-05,0f2fcc1ebd1da611.joblib,7b4bc08b19ada86fc17bcdd336fc488aa71badd090b90a8d98cb10055d49def8,cenario_proxima_competencia_sem_observacao
sinapi_es,sem_desoneracao,100734,PINTURA COM TINTA ACRÍLICA DE FUNDO APLICADA A ROLO OU PINCEL SOBRE SUPERFÍCIES METÁLICAS (EXCETO PERFIL) EXECUTADO EM OBRA (POR DEMÃO). AF_01/2020,Pintura em Superfícies Metálicas,M2,928df42a952625eb12d41baf2b5ab17e1207af6e7881cb9f1c7fcac4708400e3,6bcc324322fe468321208e28cd6b84ead5e337dd957cd84a64a3ad91ab9d8444,2026-05,2026-06,21.54,21.57,21.54,2026-06-12,linear_multipla,21.850604725104073,,2026-05,0f2fcc1ebd1da611.joblib,7b4bc08b19ada86fc17bcdd336fc488aa71badd090b90a8d98cb10055d49def8,cenario_proxima_competencia_sem_observacao
sinapi_es,sem_desoneracao,100735,PINTURA COM TINTA ACRÍLICA DE ACABAMENTO PULVERIZADA SOBRE SUPERFÍCIES METÁLICAS (EXCETO PERFIL) EXECUTADO EM OBRA (POR DEMÃO). AF_01/2020_PE,Pintura em Superfícies Metálicas,M2,928df42a952625eb12d41baf2b5ab17e1207af6e7881cb9f1c7fcac4708400e3,4ef7f09081d11a0737f557387659bd71700872b76f27c6673368e32724aee8bd,2026-05,2026-06,14.95,14.93,14.93,2026-06-12,linear_multipla,15.147905090197307,,2026-05,0f2fcc1ebd1da611.joblib,7b4bc08b19ada86fc17bcdd336fc488aa71badd090b90a8d98cb10055d49def8,cenario_proxima_competencia_sem_observacao
sinapi_es,sem_desoneracao,100736,PINTURA COM TINTA ACRÍLICA DE ACABAMENTO APLICADA A ROLO OU PINCEL SOBRE SUPERFÍCIES METÁLICAS (EXCETO PERFIL) EXECUTADO EM OBRA (POR DEMÃO). AF_01/2020,Pintura em Superfícies Metálicas,M2,928df42a952625eb12d41baf2b5ab17e1207af6e7881cb9f1c7fcac4708400e3,531cb8f43a7e40f710d3ad89e7bd1f6f325860e0e47dfb390ea50458e96b70f2,2026-05,2026-06,20.13,20.11,20.11,2026-06-12,linear_multipla,20.407299140285843,,2026-05,0f2fcc1ebd1da611.joblib,7b4bc08b19ada86fc17bcdd336fc488aa71badd090b90a8d98cb10055d49def8,cenario_proxima_competencia_sem_observacao
sinapi_es,sem_desoneracao,100739,PINTURA COM TINTA ALQUÍDICA DE ACABAMENTO (ESMALTE SINTÉTICO ACETINADO) PULVERIZADA SOBRE PERFIL METÁLICO EXECUTADO EM FÁBRICA (POR DEMÃO). AF_01/2020_PE,Pintura em Superfícies Metálicas,M2,928df42a952625eb12d41baf2b5ab17e1207af6e7881cb9f1c7fcac4708400e3,9131b26ab39fdafea0dd570d66c22fe5344d359a9a3e9a2359e2cc8958324337,2026-05,2026-06,13.1,12.97,12.97,2026-06-12,linear_multipla,13.22547090545916,,2026-05,0f2fcc1ebd1da611.joblib,7b4bc08b19ada86fc17bcdd336fc488aa71badd090b90a8d98cb10055d49def8,cenario_proxima_competencia_sem_observacao
sinapi_es,sem_desoneracao,100740,PINTURA COM TINTA ALQUÍDICA DE ACABAMENTO (ESMALTE SINTÉTICO ACETINADO) APLICADA A ROLO OU PINCEL SOBRE PERFIL METÁLICO EXECUTADO EM FÁBRICA (POR DEMÃO). AF_01/2020,Pintura em Superfícies Metálicas,M2,928df42a952625eb12d41baf2b5ab17e1207af6e7881cb9f1c7fcac4708400e3,32f9714aa77647ab00a57b26fbaf62f8e70d8b3c728e45cc76e68817c999282f,2026-05,2026-06,14.77,14.7,14.7,2026-06-12,linear_multipla,14.945110238660375,,2026-05,0f2fcc1ebd1da611.joblib,7b4bc08b19ada86fc17bcdd336fc488aa71badd090b90a8d98cb10055d49def8,cenario_proxima_competencia_sem_observacao
sinapi_es,sem_desoneracao,100741,PINTURA COM TINTA ALQUÍDICA DE ACABAMENTO (ESMALTE SINTÉTICO ACETINADO) PULVERIZADA SOBRE SUPERFÍCIES METÁLICAS (EXCETO PERFIL) EXECUTADO EM OBRA (POR DEMÃO). AF_01/2020_PE,Pintura em Superfícies Metálicas,M2,928df42a952625eb12d41baf2b5ab17e1207af6e7881cb9f1c7fcac4708400e3,3fcfdc837a5042b13b81f9b4989ed4313500010f972b9fb8651d54bb81dc011a,2026-05,2026-06,32.28,32.15,32.14,2026-06-12,linear_multipla,32.69666296201531,,2026-05,0f2fcc1ebd1da611.joblib,7b4bc08b19ada86fc17bcdd336fc488aa71badd090b90a8d98cb10055d49def8,cenario_proxima_competencia_sem_observacao
sinapi_es,sem_desoneracao,100742,PINTURA COM TINTA ALQUÍDICA DE ACABAMENTO (ESMALTE SINTÉTICO ACETINADO) APLICADA A ROLO OU PINCEL SOBRE SUPERFÍCIES METÁLICAS (EXCETO PERFIL) EXECUTADO EM OBRA (POR DEMÃO). AF_01/2020,Pintura em Superfícies Metálicas,M2,928df42a952625eb12d41baf2b5ab17e1207af6e7881cb9f1c7fcac4708400e3,250cc6d1c54d9066bb70134f4f9be437f159939afc213a2113c328be19e9b908,2026-05,2026-06,33.44,33.38,33.38,2026-06-12,linear_multipla,33.90527321077275,,2026-05,0f2fcc1ebd1da611.joblib,7b4bc08b19ada86fc17bcdd336fc488aa71badd090b90a8d98cb10055d49def8,cenario_proxima_competencia_sem_observacao
sinapi_es,sem_desoneracao,100743,PINTURA COM TINTA ALQUÍDICA DE ACABAMENTO (ESMALTE SINTÉTICO BRILHANTE) PULVERIZADA SOBRE PERFIL METÁLICO EXECUTADO EM FÁBRICA (POR DEMÃO). AF_01/2020_PE,Pintura em Superfícies Metálicas,M2,928df42a952625eb12d41baf2b5ab17e1207af6e7881cb9f1c7fcac4708400e3,385db6b05ed5c560bb292febcd521e7ae04c4fa397bece2a2755e943c834b709,2026-05,2026-06,12.81,12.68,12.68,2026-06-12,linear_multipla,12.931026064817138,,2026-05,0f2fcc1ebd1da611.joblib,7b4bc08b19ada86fc17bcdd336fc488aa71badd090b90a8d98cb10055d49def8,cenario_proxima_competencia_sem_observacao
sinapi_es,sem_desoneracao,100744,PINTURA COM TINTA ALQUÍDICA DE ACABAMENTO (ESMALTE SINTÉTICO BRILHANTE) APLICADA A ROLO OU PINCEL SOBRE PERFIL METÁLICO EXECUTADO EM FÁBRICA (POR DEMÃO). AF_01/2020,Pintura em Superfícies Metálicas,M2,928df42a952625eb12d41baf2b5ab17e1207af6e7881cb9f1c7fcac4708400e3,e3a8a7a3eee967c5dab83649a50ce57b066189d277ecb9cad5b980f52ac38aef,2026-05,2026-06,14.58,14.52,14.52,2026-06-12,linear_multipla,14.756205298674326,,2026-05,0f2fcc1ebd1da611.joblib,7b4bc08b19ada86fc17bcdd336fc488aa71badd090b90a8d98cb10055d49def8,cenario_proxima_competencia_sem_observacao
sinapi_es,sem_desoneracao,100745,PINTURA COM TINTA ALQUÍDICA DE ACABAMENTO (ESMALTE SINTÉTICO BRILHANTE) PULVERIZADA SOBRE SUPERFÍCIES METÁLICAS (EXCETO PERFIL) EXECUTADO EM OBRA (POR DEMÃO). AF_01/2020_PE,Pintura em Superfícies Metálicas,M2,928df42a952625eb12d41baf2b5ab17e1207af6e7881cb9f1c7fcac4708400e3,d127ef81dc8560eb70836d22138b8c828ce8b32357c0032100f9f820b1f1129c,2026-05,2026-06,31.97,31.83,31.83,2026-06-12,linear_multipla,32.38068489093824,,2026-05,0f2fcc1ebd1da611.joblib,7b4bc08b19ada86fc17bcdd336fc488aa71badd090b90a8d98cb10055d49def8,cenario_proxima_competencia_sem_observacao
sinapi_es,sem_desoneracao,100746,PINTURA COM TINTA ALQUÍDICA DE ACABAMENTO (ESMALTE SINTÉTICO BRILHANTE) APLICADA A ROLO OU PINCEL SOBRE SUPERFÍCIES METÁLICAS (EXCETO PERFIL) EXECUTADO EM OBRA (POR DEMÃO). AF_01/2020,Pintura em Superfícies Metálicas,M2,928df42a952625eb12d41baf2b5ab17e1207af6e7881cb9f1c7fcac4708400e3,ba80df7644993275978d50f2a87f62e07c84799a0f8d5b2b627245989d5de56a,2026-05,2026-06,33.25,33.19,33.19,2026-06-12,linear_multipla,33.71236107380038,,2026-05,0f2fcc1ebd1da611.joblib,7b4bc08b19ada86fc17bcdd336fc488aa71badd090b90a8d98cb10055d49def8,cenario_proxima_competencia_sem_observacao
sinapi_es,sem_desoneracao,100747,PINTURA COM TINTA ALQUÍDICA DE ACABAMENTO (ESMALTE SINTÉTICO FOSCO) PULVERIZADA SOBRE PERFIL METÁLICO EXECUTADO EM FÁBRICA (POR DEMÃO). AF_01/2020_PE,Pintura em Superfícies Metálicas,M2,928df42a952625eb12d41baf2b5ab17e1207af6e7881cb9f1c7fcac4708400e3,2b5101f40cf5ec9a11c422039b89a8e17106a0eeb24b9db88059db8b508c3dec,2026-05,2026-06,12.93,12.8,12.8,2026-06-12,linear_multipla,13.052865309220733,,2026-05,0f2fcc1ebd1da611.joblib,7b4bc08b19ada86fc17bcdd336fc488aa71badd090b90a8d98cb10055d49def8,cenario_proxima_competencia_sem_observacao
sinapi_es,sem_desoneracao,100748,PINTURA COM TINTA ALQUÍDICA DE ACABAMENTO (ESMALTE SINTÉTICO FOSCO) APLICADA A ROLO OU PINCEL SOBRE PERFIL METÁLICO EXECUTADO EM FÁBRICA (POR DEMÃO). AF_01/2020,Pintura em Superfícies Metálicas,M2,928df42a952625eb12d41baf2b5ab17e1207af6e7881cb9f1c7fcac4708400e3,b637eb49fe0a7f75edc9a4de5aec65f828df19d9e6961d1de219068ef890abe1,2026-05,2026-06,14.66,14.6,14.59,2026-06-12,linear_multipla,14.83465095432487,,2026-05,0f2fcc1ebd1da611.joblib,7b4bc08b19ada86fc17bcdd336fc488aa71badd090b90a8d98cb10055d49def8,cenario_proxima_competencia_sem_observacao
sinapi_es,sem_desoneracao,100749,PINTURA COM TINTA ALQUÍDICA DE ACABAMENTO (ESMALTE SINTÉTICO FOSCO) PULVERIZADA SOBRE SUPERFÍCIES METÁLICAS (EXCETO PERFIL) EXECUTADO EM OBRA (POR DEMÃO). AF_01/2020_PE,Pintura em Superfícies Metálicas,M2,928df42a952625eb12d41baf2b5ab17e1207af6e7881cb9f1c7fcac4708400e3,c7d66f694a398fac5b35d97b4c96de319a097545f066831e4de82d07fc4d84b8,2026-05,2026-06,32.1,31.97,31.96,2026-06-12,linear_multipla,32.51390409540993,,2026-05,0f2fcc1ebd1da611.joblib,7b4bc08b19ada86fc17bcdd336fc488aa71badd090b90a8d98cb10055d49def8,cenario_proxima_competencia_sem_observacao
sinapi_es,sem_desoneracao,100750,PINTURA COM TINTA ALQUÍDICA DE ACABAMENTO (ESMALTE SINTÉTICO FOSCO) APLICADA A ROLO OU PINCEL SOBRE SUPERFÍCIES METÁLICAS (EXCETO PERFIL) EXECUTADO EM OBRA (POR DEMÃO). AF_01/2020,Pintura em Superfícies Metálicas,M2,928df42a952625eb12d41baf2b5ab17e1207af6e7881cb9f1c7fcac4708400e3,21ebecb0452a78836c3d6cfcb285b0ad38e07e02417679c732c6b568b6265a6a,2026-05,2026-06,33.33,33.27,33.27,2026-06-12,linear_multipla,33.793587236736116,,2026-05,0f2fcc1ebd1da611.joblib,7b4bc08b19ada86fc17bcdd336fc488aa71badd090b90a8d98cb10055d49def8,cenario_proxima_competencia_sem_observacao
sinapi_es,sem_desoneracao,100751,PINTURA COM TINTA EPOXÍDICA DE ACABAMENTO PULVERIZADA SOBRE PERFIL METÁLICO EXECUTADO EM FÁBRICA (02 DEMÃOS). AF_01/2020_PE,Pintura em Superfícies Metálicas,M2,928df42a952625eb12d41baf2b5ab17e1207af6e7881cb9f1c7fcac4708400e3,2ae51fda8d2557a7a8f78bf665cd64da0266b293c55bb9382aa51bce0324bc4e,2026-05,2026-06,48.77,48.27,48.26,2026-06-12,linear_multipla,49.29113950864934,,2026-05,0f2fcc1ebd1da611.joblib,7b4bc08b19ada86fc17bcdd336fc488aa71badd090b90a8d98cb10055d49def8,cenario_proxima_competencia_sem_observacao
sinapi_es,sem_desoneracao,100752,PINTURA COM TINTA EPOXÍDICA DE ACABAMENTO APLICADA A ROLO OU PINCEL SOBRE PERFIL METÁLICO EXECUTADO EM FÁBRICA (02 DEMÃOS). AF_01/2020,Pintura em Superfícies Metálicas,M2,928df42a952625eb12d41baf2b5ab17e1207af6e7881cb9f1c7fcac4708400e3,d5979573b931f25ea5d23b1415f5c1879f79917267dd70cd96cbaa0256a8b57e,2026-05,2026-06,58.66,58.23,58.22,2026-06-12,linear_multipla,59.36077428048314,,2026-05,0f2fcc1ebd1da611.joblib,7b4bc08b19ada86fc17bcdd336fc488aa71badd090b90a8d98cb10055d49def8,cenario_proxima_competencia_sem_observacao
sinapi_es,sem_desoneracao,100753,PINTURA COM TINTA ACRÍLICA DE ACABAMENTO PULVERIZADA SOBRE SUPERFÍCIES METÁLICAS (EXCETO PERFIL) EXECUTADO EM OBRA (02 DEMÃOS). AF_01/2020_PE,Pintura em Superfícies Metálicas,M2,928df42a952625eb12d41baf2b5ab17e1207af6e7881cb9f1c7fcac4708400e3,ab89fd99d447c0c8a992d7f80364ba2e4f8da4fc15f6e9b9a1887062e5231dbb,2026-05,2026-06,29.91,29.87,29.87,2026-06-12,linear_multipla,30.329183165206256,,2026-05,0f2fcc1ebd1da611.joblib,7b4bc08b19ada86fc17bcdd336fc488aa71badd090b90a8d98cb10055d49def8,cenario_proxima_competencia_sem_observacao
sinapi_es,sem_desoneracao,100754,PINTURA COM TINTA ACRÍLICA DE ACABAMENTO APLICADA A ROLO OU PINCEL SOBRE SUPERFÍCIES METÁLICAS (EXCETO PERFIL) EXECUTADO EM OBRA (02 DEMÃOS). AF_01/2020,Pintura em Superfícies Metálicas,M2,928df42a952625eb12d41baf2b5ab17e1207af6e7881cb9f1c7fcac4708400e3,2a3cbd9b66974bb4ca5af9acaace0ba54af33d31cec859aac3decbc704c602ea,2026-05,2026-06,40.26,40.23,40.23,2026-06-12,linear_multipla,40.84182519200267,,2026-05,0f2fcc1ebd1da611.joblib,7b4bc08b19ada86fc17bcdd336fc488aa71badd090b90a8d98cb10055d49def8,cenario_proxima_competencia_sem_observacao
sinapi_es,sem_desoneracao,100757,PINTURA COM TINTA ALQUÍDICA DE ACABAMENTO (ESMALTE SINTÉTICO ACETINADO) PULVERIZADA SOBRE SUPERFÍCIES METÁLICAS (EXCETO PERFIL) EXECUTADO EM OBRA (02 DEMÃOS). AF_01/2020_PE,Pintura em Superfícies Metálicas,M2,928df42a952625eb12d41baf2b5ab17e1207af6e7881cb9f1c7fcac4708400e3,4c9918a3fe3bde4485d4a67fd125f22ea49793ff3a8ed1dc25ec8c70d07af7b6,2026-05,2026-06,64.57,64.3,64.29,2026-06-12,linear_multipla,65.42547221914114,,2026-05,0f2fcc1ebd1da611.joblib,7b4bc08b19ada86fc17bcdd336fc488aa71badd090b90a8d98cb10055d49def8,cenario_proxima_competencia_sem_observacao
sinapi_es,sem_desoneracao,100758,PINTURA COM TINTA ALQUÍDICA DE ACABAMENTO (ESMALTE SINTÉTICO ACETINADO) APLICADA A ROLO OU PINCEL SOBRE SUPERFÍCIES METÁLICAS (EXCETO PERFIL) EXECUTADO EM OBRA (02 DEMÃOS). AF_01/2020,Pintura em Superfícies Metálicas,M2,928df42a952625eb12d41baf2b5ab17e1207af6e7881cb9f1c7fcac4708400e3,eeb542ceff59f72ce9cebe9462b8144f5cf35bb5dd7a1fc1446d56d5a1f9c1e2,2026-05,2026-06,66.91,66.8,66.8,2026-06-12,linear_multipla,67.86823314407735,,2026-05,0f2fcc1ebd1da611.joblib,7b4bc08b19ada86fc17bcdd336fc488aa71badd090b90a8d98cb10055d49def8,cenario_proxima_competencia_sem_observacao
sinapi_es,sem_desoneracao,100759,PINTURA COM TINTA ALQUÍDICA DE ACABAMENTO (ESMALTE SINTÉTICO BRILHANTE) PULVERIZADA SOBRE SUPERFÍCIES METÁLICAS (EXCETO PERFIL) EXECUTADO EM OBRA (02 DEMÃOS). AF_01/2020_PE,Pintura em Superfícies Metálicas,M2,928df42a952625eb12d41baf2b5ab17e1207af6e7881cb9f1c7fcac4708400e3,0dbfbf9d23482427aa95e4e88c1a6c8b5cc22d77cf38d1cb3f2a63b5c854fee2,2026-05,2026-06,63.95,63.67,63.67,2026-06-12,linear_multipla,64.7947427666881,,2026-05,0f2fcc1ebd1da611.joblib,7b4bc08b19ada86fc17bcdd336fc488aa71badd090b90a8d98cb10055d49def8,cenario_proxima_competencia_sem_observacao
sinapi_es,sem_desoneracao,100760,PINTURA COM TINTA ALQUÍDICA DE ACABAMENTO (ESMALTE SINTÉTICO BRILHANTE) APLICADA A ROLO OU PINCEL SOBRE SUPERFÍCIES METÁLICAS (EXCETO PERFIL) EXECUTADO EM OBRA (02 DEMÃOS). AF_01/2020,Pintura em Superfícies Metálicas,M2,928df42a952625eb12d41baf2b5ab17e1207af6e7881cb9f1c7fcac4708400e3,0b3893c3365e90bf99d348ac6b5ceaf98e70569aad05f1f18d8ead81a12fa321,2026-05,2026-06,66.53,66.42,66.41,2026-06-12,linear_multipla,67.47962836284745,,2026-05,0f2fcc1ebd1da611.joblib,7b4bc08b19ada86fc17bcdd336fc488aa71badd090b90a8d98cb10055d49def8,cenario_proxima_competencia_sem_observacao
sinapi_es,sem_desoneracao,100761,PINTURA COM TINTA ALQUÍDICA DE ACABAMENTO (ESMALTE SINTÉTICO FOSCO) PULVERIZADA SOBRE SUPERFÍCIES METÁLICAS (EXCETO PERFIL) EXECUTADO EM OBRA (02 DEMÃOS). AF_01/2020_PE,Pintura em Superfícies Metálicas,M2,928df42a952625eb12d41baf2b5ab17e1207af6e7881cb9f1c7fcac4708400e3,c2fd617a390e7771d9702dbb4742d1b770ca6cbd93a78c743b284fc2fdc1da26,2026-05,2026-06,64.21,63.94,63.93,2026-06-12,linear_multipla,65.05995448593035,,2026-05,0f2fcc1ebd1da611.joblib,7b4bc08b19ada86fc17bcdd336fc488aa71badd090b90a8d98cb10055d49def8,cenario_proxima_competencia_sem_observacao
sinapi_es,sem_desoneracao,100762,PINTURA COM TINTA ALQUÍDICA DE ACABAMENTO (ESMALTE SINTÉTICO FOSCO) APLICADA A ROLO OU PINCEL SOBRE SUPERFÍCIES METÁLICAS (EXCETO PERFIL) EXECUTADO EM OBRA (02 DEMÃOS). AF_01/2020,Pintura em Superfícies Metálicas,M2,928df42a952625eb12d41baf2b5ab17e1207af6e7881cb9f1c7fcac4708400e3,af0fa00ea38541cf997c2d2a8edee1051c0257a21bb11e79a45f66ff15fa3833,2026-05,2026-06,66.69,66.58,66.57,2026-06-12,linear_multipla,67.64208068871892,,2026-05,0f2fcc1ebd1da611.joblib,7b4bc08b19ada86fc17bcdd336fc488aa71badd090b90a8d98cb10055d49def8,cenario_proxima_competencia_sem_observacao
sinapi_es,sem_desoneracao,100716,JATEAMENTO ABRASIVO COM GRANALHA DE AÇO EM PERFIL METÁLICO EM FÁBRICA. AF_01/2020,Pintura em Superfícies Metálicas,M2,928df42a952625eb12d41baf2b5ab17e1207af6e7881cb9f1c7fcac4708400e3,582d297149e8ecf6dd756ed07852b5666b7d28db1ada1c9cdbe9a858b52d337d,2026-05,2026-06,25.27,25.28,24.61,2026-06-12,persistencia,25.27,,2026-05,,7b4bc08b19ada86fc17bcdd336fc488aa71badd090b90a8d98cb10055d49def8,cenario_proxima_competencia_sem_observacao
sinapi_es,sem_desoneracao,100717,LIXAMENTO MANUAL EM SUPERFÍCIES METÁLICAS EM OBRA. AF_01/2020,Pintura em Superfícies Metálicas,M2,928df42a952625eb12d41baf2b5ab17e1207af6e7881cb9f1c7fcac4708400e3,fe37f7329a6705014aa7996e626d2d5f771f37347625367fac0d4a7c1b0d9204,2026-05,2026-06,13.33,13.33,13.38,2026-06-12,persistencia,13.33,,2026-05,,7b4bc08b19ada86fc17bcdd336fc488aa71badd090b90a8d98cb10055d49def8,cenario_proxima_competencia_sem_observacao
sinapi_es,sem_desoneracao,100719,PINTURA COM TINTA ALQUÍDICA DE FUNDO (TIPO ZARCÃO) PULVERIZADA SOBRE PERFIL METÁLICO EXECUTADO EM FÁBRICA (POR DEMÃO). AF_01/2020_PE,Pintura em Superfícies Metálicas,M2,928df42a952625eb12d41baf2b5ab17e1207af6e7881cb9f1c7fcac4708400e3,4da82cc71ab68a3b961f67de58bdfc7da019a3f93874c85bc78277beb0221e1f,2026-05,2026-06,13.31,13.17,13.17,2026-06-12,persistencia,13.31,,2026-05,,7b4bc08b19ada86fc17bcdd336fc488aa71badd090b90a8d98cb10055d49def8,cenario_proxima_competencia_sem_observacao
sinapi_es,sem_desoneracao,100720,PINTURA COM TINTA ALQUÍDICA DE FUNDO (TIPO ZARCÃO) APLICADA A ROLO OU PINCEL SOBRE PERFIL METÁLICO EXECUTADO EM FÁBRICA (POR DEMÃO). AF_01/2020,Pintura em Superfícies Metálicas,M2,928df42a952625eb12d41baf2b5ab17e1207af6e7881cb9f1c7fcac4708400e3,a6bc2353f4d41488eb0e7ac19eaabf17438f08e7b16c1c7b178237ee57938325,2026-05,2026-06,14.1,14.04,14.04,2026-06-12,persistencia,14.1,,2026-05,,7b4bc08b19ada86fc17bcdd336fc488aa71badd090b90a8d98cb10055d49def8,cenario_proxima_competencia_sem_observacao
sinapi_es,sem_desoneracao,100721,PINTURA COM TINTA ALQUÍDICA DE FUNDO (TIPO ZARCÃO) PULVERIZADA SOBRE SUPERFÍCIES METÁLICAS (EXCETO PERFIL) EXECUTADO EM OBRA (POR DEMÃO). AF_01/2020_PE,Pintura em Superfícies Metálicas,M2,928df42a952625eb12d41baf2b5ab17e1207af6e7881cb9f1c7fcac4708400e3,8e97aebd181313cc7d78fa3ef8c14517d8d4d444fba9ac605818727d4361cc9b,2026-05,2026-06,32.73,32.59,32.59,2026-06-12,persistencia,32.73,,2026-05,,7b4bc08b19ada86fc17bcdd336fc488aa71badd090b90a8d98cb10055d49def8,cenario_proxima_competencia_sem_observacao
sinapi_es,sem_desoneracao,100722,PINTURA COM TINTA ALQUÍDICA DE FUNDO (TIPO ZARCÃO) APLICADA A ROLO OU PINCEL SOBRE SUPERFÍCIES METÁLICAS (EXCETO PERFIL) EXECUTADO EM OBRA (POR DEMÃO). AF_01/2020,Pintura em Superfícies Metálicas,M2,928df42a952625eb12d41baf2b5ab17e1207af6e7881cb9f1c7fcac4708400e3,d3b6a0360f419a962ac6f7d16a273363469e66bf36f88c72de3ccfe4311e8070,2026-05,2026-06,32.81,32.74,32.74,2026-06-12,persistencia,32.81,,2026-05,,7b4bc08b19ada86fc17bcdd336fc488aa71badd090b90a8d98cb10055d49def8,cenario_proxima_competencia_sem_observacao
sinapi_es,sem_desoneracao,100723,PINTURA COM TINTA ALQUÍDICA DE FUNDO E ACABAMENTO (ESMALTE SINTÉTICO GRAFITE) PULVERIZADA SOBRE PERFIL METÁLICO EXECUTADO EM FÁBRICA (POR DEMÃO). AF_01/2020_PE,Pintura em Superfícies Metálicas,M2,928df42a952625eb12d41baf2b5ab17e1207af6e7881cb9f1c7fcac4708400e3,d5e48b79c3240e720756d5f670b80e2cb84a95362d6f080f269f3666221288f6,2026-05,2026-06,14.26,14.12,14.12,2026-06-12,persistencia,14.26,,2026-05,,7b4bc08b19ada86fc17bcdd336fc488aa71badd090b90a8d98cb10055d49def8,cenario_proxima_competencia_sem_observacao
sinapi_es,sem_desoneracao,100724,PINTURA COM TINTA ALQUÍDICA DE FUNDO E ACABAMENTO (ESMALTE SINTÉTICO GRAFITE) APLICADA A ROLO OU PINCEL SOBRE PERFIL METÁLICO EXECUTADO EM FÁBRICA (POR DEMÃO). AF_01/2020,Pintura em Superfícies Metálicas,M2,928df42a952625eb12d41baf2b5ab17e1207af6e7881cb9f1c7fcac4708400e3,8a9d9f5062cf753d5988c266d1ca4d528cf5e3de05380bdc2c169fede8d9faa4,2026-05,2026-06,17.96,17.87,17.87,2026-06-12,persistencia,17.96,,2026-05,,7b4bc08b19ada86fc17bcdd336fc488aa71badd090b90a8d98cb10055d49def8,cenario_proxima_competencia_sem_observacao
sinapi_es,sem_desoneracao,100725,PINTURA COM TINTA ALQUÍDICA DE FUNDO E ACABAMENTO (ESMALTE SINTÉTICO GRAFITE) PULVERIZADA SOBRE SUPERFÍCIES METÁLICAS (EXCETO PERFIL) EXECUTADO EM OBRA (POR DEMÃO). AF_01/2020_PE,Pintura em Superfícies Metálicas,M2,928df42a952625eb12d41baf2b5ab17e1207af6e7881cb9f1c7fcac4708400e3,86189036a7b7258b937dcdc6fdae76982816c9e0596686bb1384be2a1c2183bd,2026-05,2026-06,33.04,32.9,32.9,2026-06-12,persistencia,33.04,,2026-05,,7b4bc08b19ada86fc17bcdd336fc488aa71badd090b90a8d98cb10055d49def8,cenario_proxima_competencia_sem_observacao
sinapi_es,sem_desoneracao,100726,PINTURA COM TINTA ALQUÍDICA DE FUNDO E ACABAMENTO (ESMALTE SINTÉTICO GRAFITE) APLICADA A ROLO OU PINCEL SOBRE SUPERFÍCIES METÁLICAS (EXCETO PERFIL) EXECUTADO EM OBRA (POR DEMÃO). AF_01/2020,Pintura em Superfícies Metálicas,M2,928df42a952625eb12d41baf2b5ab17e1207af6e7881cb9f1c7fcac4708400e3,e45a4f902f1995876411a247a7fffadcc6eb19f92a5187f31e2c624363956837,2026-05,2026-06,36.55,36.46,36.46,2026-06-12,persistencia,36.55,,2026-05,,7b4bc08b19ada86fc17bcdd336fc488aa71badd090b90a8d98cb10055d49def8,cenario_proxima_competencia_sem_observacao
sinapi_es,sem_desoneracao,100727,PINTURA COM TINTA EPOXÍDICA DE FUNDO PULVERIZADA SOBRE PERFIL METÁLICO EXECUTADO EM FÁBRICA (POR DEMÃO). AF_01/2020_PE,Pintura em Superfícies Metálicas,M2,928df42a952625eb12d41baf2b5ab17e1207af6e7881cb9f1c7fcac4708400e3,746717620bb4f36fea6d3c01b7ed2c918792aac427591379aae5b781a6e20619,2026-05,2026-06,32.27,31.98,31.98,2026-06-12,persistencia,32.27,,2026-05,,7b4bc08b19ada86fc17bcdd336fc488aa71badd090b90a8d98cb10055d49def8,cenario_proxima_competencia_sem_observacao
sinapi_es,sem_desoneracao,100728,PINTURA COM TINTA EPOXÍDICA DE FUNDO APLICADA A ROLO OU PINCEL SOBRE PERFIL METÁLICO EXECUTADO EM FÁBRICA (POR DEMÃO). AF_01/2020,Pintura em Superfícies Metálicas,M2,928df42a952625eb12d41baf2b5ab17e1207af6e7881cb9f1c7fcac4708400e3,d7cfbe2de2e91571c55036a31036283a7aa55d8573b40703221487dfe05ed74b,2026-05,2026-06,29.85,29.65,29.64,2026-06-12,persistencia,29.85,,2026-05,,7b4bc08b19ada86fc17bcdd336fc488aa71badd090b90a8d98cb10055d49def8,cenario_proxima_competencia_sem_observacao
sinapi_es,sem_desoneracao,100729,PINTURA COM TINTA EPOXÍDICA DE ACABAMENTO PULVERIZADA SOBRE PERFIL METÁLICO EXECUTADO EM FÁBRICA (POR DEMÃO). AF_01/2020_PE,Pintura em Superfícies Metálicas,M2,928df42a952625eb12d41baf2b5ab17e1207af6e7881cb9f1c7fcac4708400e3,bc44b0d04bce6ca672e76c7bcfa250fb1cfbb234416b97a2f1c71aeb371f5554,2026-05,2026-06,24.39,24.14,24.13,2026-06-12,persistencia,24.39,,2026-05,,7b4bc08b19ada86fc17bcdd336fc488aa71badd090b90a8d98cb10055d49def8,cenario_proxima_competencia_sem_observacao
sinapi_es,sem_desoneracao,100730,PINTURA COM TINTA EPOXÍDICA DE ACABAMENTO APLICADA A ROLO OU PINCEL SOBRE PERFIL METÁLICO EXECUTADO EM FÁBRICA (POR DEMÃO). AF_01/2020,Pintura em Superfícies Metálicas,M2,928df42a952625eb12d41baf2b5ab17e1207af6e7881cb9f1c7fcac4708400e3,88da3173a8cb5211e4d71e2930f8e4b9fff729d77bcd10d939263b4d2cf385ed,2026-05,2026-06,29.32,29.11,29.1,2026-06-12,persistencia,29.32,,2026-05,,7b4bc08b19ada86fc17bcdd336fc488aa71badd090b90a8d98cb10055d49def8,cenario_proxima_competencia_sem_observacao
sinapi_es,sem_desoneracao,100733,PINTURA COM TINTA ACRÍLICA DE FUNDO PULVERIZADA SOBRE SUPERFÍCIES METÁLICAS (EXCETO PERFIL) EXECUTADO EM OBRA (POR DEMÃO). AF_01/2020_PE,Pintura em Superfícies Metálicas,M2,928df42a952625eb12d41baf2b5ab17e1207af6e7881cb9f1c7fcac4708400e3,932fdcf9c8521ae64c7fbd6a616df2488825cf6d376d2f958d7b2a3af50b1c62,2026-05,2026-06,16.62,16.66,16.62,2026-06-12,persistencia,16.62,,2026-05,,7b4bc08b19ada86fc17bcdd336fc488aa71badd090b90a8d98cb10055d49def8,cenario_proxima_competencia_sem_observacao
sinapi_es,sem_desoneracao,100734,PINTURA COM TINTA ACRÍLICA DE FUNDO APLICADA A ROLO OU PINCEL SOBRE SUPERFÍCIES METÁLICAS (EXCETO PERFIL) EXECUTADO EM OBRA (POR DEMÃO). AF_01/2020,Pintura em Superfícies Metálicas,M2,928df42a952625eb12d41baf2b5ab17e1207af6e7881cb9f1c7fcac4708400e3,6bcc324322fe468321208e28cd6b84ead5e337dd957cd84a64a3ad91ab9d8444,2026-05,2026-06,21.54,21.57,21.54,2026-06-12,persistencia,21.54,,2026-05,,7b4bc08b19ada86fc17bcdd336fc488aa71badd090b90a8d98cb10055d49def8,cenario_proxima_competencia_sem_observacao
sinapi_es,sem_desoneracao,100735,PINTURA COM TINTA ACRÍLICA DE ACABAMENTO PULVERIZADA SOBRE SUPERFÍCIES METÁLICAS (EXCETO PERFIL) EXECUTADO EM OBRA (POR DEMÃO). AF_01/2020_PE,Pintura em Superfícies Metálicas,M2,928df42a952625eb12d41baf2b5ab17e1207af6e7881cb9f1c7fcac4708400e3,4ef7f09081d11a0737f557387659bd71700872b76f27c6673368e32724aee8bd,2026-05,2026-06,14.95,14.93,14.93,2026-06-12,persistencia,14.95,,2026-05,,7b4bc08b19ada86fc17bcdd336fc488aa71badd090b90a8d98cb10055d49def8,cenario_proxima_competencia_sem_observacao
sinapi_es,sem_desoneracao,100736,PINTURA COM TINTA ACRÍLICA DE ACABAMENTO APLICADA A ROLO OU PINCEL SOBRE SUPERFÍCIES METÁLICAS (EXCETO PERFIL) EXECUTADO EM OBRA (POR DEMÃO). AF_01/2020,Pintura em Superfícies Metálicas,M2,928df42a952625eb12d41baf2b5ab17e1207af6e7881cb9f1c7fcac4708400e3,531cb8f43a7e40f710d3ad89e7bd1f6f325860e0e47dfb390ea50458e96b70f2,2026-05,2026-06,20.13,20.11,20.11,2026-06-12,persistencia,20.13,,2026-05,,7b4bc08b19ada86fc17bcdd336fc488aa71badd090b90a8d98cb10055d49def8,cenario_proxima_competencia_sem_observacao
sinapi_es,sem_desoneracao,100739,PINTURA COM TINTA ALQUÍDICA DE ACABAMENTO (ESMALTE SINTÉTICO ACETINADO) PULVERIZADA SOBRE PERFIL METÁLICO EXECUTADO EM FÁBRICA (POR DEMÃO). AF_01/2020_PE,Pintura em Superfícies Metálicas,M2,928df42a952625eb12d41baf2b5ab17e1207af6e7881cb9f1c7fcac4708400e3,9131b26ab39fdafea0dd570d66c22fe5344d359a9a3e9a2359e2cc8958324337,2026-05,2026-06,13.1,12.97,12.97,2026-06-12,persistencia,13.1,,2026-05,,7b4bc08b19ada86fc17bcdd336fc488aa71badd090b90a8d98cb10055d49def8,cenario_proxima_competencia_sem_observacao
sinapi_es,sem_desoneracao,100740,PINTURA COM TINTA ALQUÍDICA DE ACABAMENTO (ESMALTE SINTÉTICO ACETINADO) APLICADA A ROLO OU PINCEL SOBRE PERFIL METÁLICO EXECUTADO EM FÁBRICA (POR DEMÃO). AF_01/2020,Pintura em Superfícies Metálicas,M2,928df42a952625eb12d41baf2b5ab17e1207af6e7881cb9f1c7fcac4708400e3,32f9714aa77647ab00a57b26fbaf62f8e70d8b3c728e45cc76e68817c999282f,2026-05,2026-06,14.77,14.7,14.7,2026-06-12,persistencia,14.77,,2026-05,,7b4bc08b19ada86fc17bcdd336fc488aa71badd090b90a8d98cb10055d49def8,cenario_proxima_competencia_sem_observacao
sinapi_es,sem_desoneracao,100741,PINTURA COM TINTA ALQUÍDICA DE ACABAMENTO (ESMALTE SINTÉTICO ACETINADO) PULVERIZADA SOBRE SUPERFÍCIES METÁLICAS (EXCETO PERFIL) EXECUTADO EM OBRA (POR DEMÃO). AF_01/2020_PE,Pintura em Superfícies Metálicas,M2,928df42a952625eb12d41baf2b5ab17e1207af6e7881cb9f1c7fcac4708400e3,3fcfdc837a5042b13b81f9b4989ed4313500010f972b9fb8651d54bb81dc011a,2026-05,2026-06,32.28,32.15,32.14,2026-06-12,persistencia,32.28,,2026-05,,7b4bc08b19ada86fc17bcdd336fc488aa71badd090b90a8d98cb10055d49def8,cenario_proxima_competencia_sem_observacao
sinapi_es,sem_desoneracao,100742,PINTURA COM TINTA ALQUÍDICA DE ACABAMENTO (ESMALTE SINTÉTICO ACETINADO) APLICADA A ROLO OU PINCEL SOBRE SUPERFÍCIES METÁLICAS (EXCETO PERFIL) EXECUTADO EM OBRA (POR DEMÃO). AF_01/2020,Pintura em Superfícies Metálicas,M2,928df42a952625eb12d41baf2b5ab17e1207af6e7881cb9f1c7fcac4708400e3,250cc6d1c54d9066bb70134f4f9be437f159939afc213a2113c328be19e9b908,2026-05,2026-06,33.44,33.38,33.38,2026-06-12,persistencia,33.44,,2026-05,,7b4bc08b19ada86fc17bcdd336fc488aa71badd090b90a8d98cb10055d49def8,cenario_proxima_competencia_sem_observacao
sinapi_es,sem_desoneracao,100743,PINTURA COM TINTA ALQUÍDICA DE ACABAMENTO (ESMALTE SINTÉTICO BRILHANTE) PULVERIZADA SOBRE PERFIL METÁLICO EXECUTADO EM FÁBRICA (POR DEMÃO). AF_01/2020_PE,Pintura em Superfícies Metálicas,M2,928df42a952625eb12d41baf2b5ab17e1207af6e7881cb9f1c7fcac4708400e3,385db6b05ed5c560bb292febcd521e7ae04c4fa397bece2a2755e943c834b709,2026-05,2026-06,12.81,12.68,12.68,2026-06-12,persistencia,12.81,,2026-05,,7b4bc08b19ada86fc17bcdd336fc488aa71badd090b90a8d98cb10055d49def8,cenario_proxima_competencia_sem_observacao
sinapi_es,sem_desoneracao,100744,PINTURA COM TINTA ALQUÍDICA DE ACABAMENTO (ESMALTE SINTÉTICO BRILHANTE) APLICADA A ROLO OU PINCEL SOBRE PERFIL METÁLICO EXECUTADO EM FÁBRICA (POR DEMÃO). AF_01/2020,Pintura em Superfícies Metálicas,M2,928df42a952625eb12d41baf2b5ab17e1207af6e7881cb9f1c7fcac4708400e3,e3a8a7a3eee967c5dab83649a50ce57b066189d277ecb9cad5b980f52ac38aef,2026-05,2026-06,14.58,14.52,14.52,2026-06-12,persistencia,14.58,,2026-05,,7b4bc08b19ada86fc17bcdd336fc488aa71badd090b90a8d98cb10055d49def8,cenario_proxima_competencia_sem_observacao
sinapi_es,sem_desoneracao,100745,PINTURA COM TINTA ALQUÍDICA DE ACABAMENTO (ESMALTE SINTÉTICO BRILHANTE) PULVERIZADA SOBRE SUPERFÍCIES METÁLICAS (EXCETO PERFIL) EXECUTADO EM OBRA (POR DEMÃO). AF_01/2020_PE,Pintura em Superfícies Metálicas,M2,928df42a952625eb12d41baf2b5ab17e1207af6e7881cb9f1c7fcac4708400e3,d127ef81dc8560eb70836d22138b8c828ce8b32357c0032100f9f820b1f1129c,2026-05,2026-06,31.97,31.83,31.83,2026-06-12,persistencia,31.97,,2026-05,,7b4bc08b19ada86fc17bcdd336fc488aa71badd090b90a8d98cb10055d49def8,cenario_proxima_competencia_sem_observacao
sinapi_es,sem_desoneracao,100746,PINTURA COM TINTA ALQUÍDICA DE ACABAMENTO (ESMALTE SINTÉTICO BRILHANTE) APLICADA A ROLO OU PINCEL SOBRE SUPERFÍCIES METÁLICAS (EXCETO PERFIL) EXECUTADO EM OBRA (POR DEMÃO). AF_01/2020,Pintura em Superfícies Metálicas,M2,928df42a952625eb12d41baf2b5ab17e1207af6e7881cb9f1c7fcac4708400e3,ba80df7644993275978d50f2a87f62e07c84799a0f8d5b2b627245989d5de56a,2026-05,2026-06,33.25,33.19,33.19,2026-06-12,persistencia,33.25,,2026-05,,7b4bc08b19ada86fc17bcdd336fc488aa71badd090b90a8d98cb10055d49def8,cenario_proxima_competencia_sem_observacao
sinapi_es,sem_desoneracao,100747,PINTURA COM TINTA ALQUÍDICA DE ACABAMENTO (ESMALTE SINTÉTICO FOSCO) PULVERIZADA SOBRE PERFIL METÁLICO EXECUTADO EM FÁBRICA (POR DEMÃO). AF_01/2020_PE,Pintura em Superfícies Metálicas,M2,928df42a952625eb12d41baf2b5ab17e1207af6e7881cb9f1c7fcac4708400e3,2b5101f40cf5ec9a11c422039b89a8e17106a0eeb24b9db88059db8b508c3dec,2026-05,2026-06,12.93,12.8,12.8,2026-06-12,persistencia,12.93,,2026-05,,7b4bc08b19ada86fc17bcdd336fc488aa71badd090b90a8d98cb10055d49def8,cenario_proxima_competencia_sem_observacao
sinapi_es,sem_desoneracao,100748,PINTURA COM TINTA ALQUÍDICA DE ACABAMENTO (ESMALTE SINTÉTICO FOSCO) APLICADA A ROLO OU PINCEL SOBRE PERFIL METÁLICO EXECUTADO EM FÁBRICA (POR DEMÃO). AF_01/2020,Pintura em Superfícies Metálicas,M2,928df42a952625eb12d41baf2b5ab17e1207af6e7881cb9f1c7fcac4708400e3,b637eb49fe0a7f75edc9a4de5aec65f828df19d9e6961d1de219068ef890abe1,2026-05,2026-06,14.66,14.6,14.59,2026-06-12,persistencia,14.66,,2026-05,,7b4bc08b19ada86fc17bcdd336fc488aa71badd090b90a8d98cb10055d49def8,cenario_proxima_competencia_sem_observacao
sinapi_es,sem_desoneracao,100749,PINTURA COM TINTA ALQUÍDICA DE ACABAMENTO (ESMALTE SINTÉTICO FOSCO) PULVERIZADA SOBRE SUPERFÍCIES METÁLICAS (EXCETO PERFIL) EXECUTADO EM OBRA (POR DEMÃO). AF_01/2020_PE,Pintura em Superfícies Metálicas,M2,928df42a952625eb12d41baf2b5ab17e1207af6e7881cb9f1c7fcac4708400e3,c7d66f694a398fac5b35d97b4c96de319a097545f066831e4de82d07fc4d84b8,2026-05,2026-06,32.1,31.97,31.96,2026-06-12,persistencia,32.1,,2026-05,,7b4bc08b19ada86fc17bcdd336fc488aa71badd090b90a8d98cb10055d49def8,cenario_proxima_competencia_sem_observacao
sinapi_es,sem_desoneracao,100750,PINTURA COM TINTA ALQUÍDICA DE ACABAMENTO (ESMALTE SINTÉTICO FOSCO) APLICADA A ROLO OU PINCEL SOBRE SUPERFÍCIES METÁLICAS (EXCETO PERFIL) EXECUTADO EM OBRA (POR DEMÃO). AF_01/2020,Pintura em Superfícies Metálicas,M2,928df42a952625eb12d41baf2b5ab17e1207af6e7881cb9f1c7fcac4708400e3,21ebecb0452a78836c3d6cfcb285b0ad38e07e02417679c732c6b568b6265a6a,2026-05,2026-06,33.33,33.27,33.27,2026-06-12,persistencia,33.33,,2026-05,,7b4bc08b19ada86fc17bcdd336fc488aa71badd090b90a8d98cb10055d49def8,cenario_proxima_competencia_sem_observacao
sinapi_es,sem_desoneracao,100751,PINTURA COM TINTA EPOXÍDICA DE ACABAMENTO PULVERIZADA SOBRE PERFIL METÁLICO EXECUTADO EM FÁBRICA (02 DEMÃOS). AF_01/2020_PE,Pintura em Superfícies Metálicas,M2,928df42a952625eb12d41baf2b5ab17e1207af6e7881cb9f1c7fcac4708400e3,2ae51fda8d2557a7a8f78bf665cd64da0266b293c55bb9382aa51bce0324bc4e,2026-05,2026-06,48.77,48.27,48.26,2026-06-12,persistencia,48.77,,2026-05,,7b4bc08b19ada86fc17bcdd336fc488aa71badd090b90a8d98cb10055d49def8,cenario_proxima_competencia_sem_observacao
sinapi_es,sem_desoneracao,100752,PINTURA COM TINTA EPOXÍDICA DE ACABAMENTO APLICADA A ROLO OU PINCEL SOBRE PERFIL METÁLICO EXECUTADO EM FÁBRICA (02 DEMÃOS). AF_01/2020,Pintura em Superfícies Metálicas,M2,928df42a952625eb12d41baf2b5ab17e1207af6e7881cb9f1c7fcac4708400e3,d5979573b931f25ea5d23b1415f5c1879f79917267dd70cd96cbaa0256a8b57e,2026-05,2026-06,58.66,58.23,58.22,2026-06-12,persistencia,58.66,,2026-05,,7b4bc08b19ada86fc17bcdd336fc488aa71badd090b90a8d98cb10055d49def8,cenario_proxima_competencia_sem_observacao
sinapi_es,sem_desoneracao,100753,PINTURA COM TINTA ACRÍLICA DE ACABAMENTO PULVERIZADA SOBRE SUPERFÍCIES METÁLICAS (EXCETO PERFIL) EXECUTADO EM OBRA (02 DEMÃOS). AF_01/2020_PE,Pintura em Superfícies Metálicas,M2,928df42a952625eb12d41baf2b5ab17e1207af6e7881cb9f1c7fcac4708400e3,ab89fd99d447c0c8a992d7f80364ba2e4f8da4fc15f6e9b9a1887062e5231dbb,2026-05,2026-06,29.91,29.87,29.87,2026-06-12,persistencia,29.91,,2026-05,,7b4bc08b19ada86fc17bcdd336fc488aa71badd090b90a8d98cb10055d49def8,cenario_proxima_competencia_sem_observacao
sinapi_es,sem_desoneracao,100754,PINTURA COM TINTA ACRÍLICA DE ACABAMENTO APLICADA A ROLO OU PINCEL SOBRE SUPERFÍCIES METÁLICAS (EXCETO PERFIL) EXECUTADO EM OBRA (02 DEMÃOS). AF_01/2020,Pintura em Superfícies Metálicas,M2,928df42a952625eb12d41baf2b5ab17e1207af6e7881cb9f1c7fcac4708400e3,2a3cbd9b66974bb4ca5af9acaace0ba54af33d31cec859aac3decbc704c602ea,2026-05,2026-06,40.26,40.23,40.23,2026-06-12,persistencia,40.26,,2026-05,,7b4bc08b19ada86fc17bcdd336fc488aa71badd090b90a8d98cb10055d49def8,cenario_proxima_competencia_sem_observacao
sinapi_es,sem_desoneracao,100757,PINTURA COM TINTA ALQUÍDICA DE ACABAMENTO (ESMALTE SINTÉTICO ACETINADO) PULVERIZADA SOBRE SUPERFÍCIES METÁLICAS (EXCETO PERFIL) EXECUTADO EM OBRA (02 DEMÃOS). AF_01/2020_PE,Pintura em Superfícies Metálicas,M2,928df42a952625eb12d41baf2b5ab17e1207af6e7881cb9f1c7fcac4708400e3,4c9918a3fe3bde4485d4a67fd125f22ea49793ff3a8ed1dc25ec8c70d07af7b6,2026-05,2026-06,64.57,64.3,64.29,2026-06-12,persistencia,64.57,,2026-05,,7b4bc08b19ada86fc17bcdd336fc488aa71badd090b90a8d98cb10055d49def8,cenario_proxima_competencia_sem_observacao
sinapi_es,sem_desoneracao,100758,PINTURA COM TINTA ALQUÍDICA DE ACABAMENTO (ESMALTE SINTÉTICO ACETINADO) APLICADA A ROLO OU PINCEL SOBRE SUPERFÍCIES METÁLICAS (EXCETO PERFIL) EXECUTADO EM OBRA (02 DEMÃOS). AF_01/2020,Pintura em Superfícies Metálicas,M2,928df42a952625eb12d41baf2b5ab17e1207af6e7881cb9f1c7fcac4708400e3,eeb542ceff59f72ce9cebe9462b8144f5cf35bb5dd7a1fc1446d56d5a1f9c1e2,2026-05,2026-06,66.91,66.8,66.8,2026-06-12,persistencia,66.91,,2026-05,,7b4bc08b19ada86fc17bcdd336fc488aa71badd090b90a8d98cb10055d49def8,cenario_proxima_competencia_sem_observacao
sinapi_es,sem_desoneracao,100759,PINTURA COM TINTA ALQUÍDICA DE ACABAMENTO (ESMALTE SINTÉTICO BRILHANTE) PULVERIZADA SOBRE SUPERFÍCIES METÁLICAS (EXCETO PERFIL) EXECUTADO EM OBRA (02 DEMÃOS). AF_01/2020_PE,Pintura em Superfícies Metálicas,M2,928df42a952625eb12d41baf2b5ab17e1207af6e7881cb9f1c7fcac4708400e3,0dbfbf9d23482427aa95e4e88c1a6c8b5cc22d77cf38d1cb3f2a63b5c854fee2,2026-05,2026-06,63.95,63.67,63.67,2026-06-12,persistencia,63.95,,2026-05,,7b4bc08b19ada86fc17bcdd336fc488aa71badd090b90a8d98cb10055d49def8,cenario_proxima_competencia_sem_observacao
sinapi_es,sem_desoneracao,100760,PINTURA COM TINTA ALQUÍDICA DE ACABAMENTO (ESMALTE SINTÉTICO BRILHANTE) APLICADA A ROLO OU PINCEL SOBRE SUPERFÍCIES METÁLICAS (EXCETO PERFIL) EXECUTADO EM OBRA (02 DEMÃOS). AF_01/2020,Pintura em Superfícies Metálicas,M2,928df42a952625eb12d41baf2b5ab17e1207af6e7881cb9f1c7fcac4708400e3,0b3893c3365e90bf99d348ac6b5ceaf98e70569aad05f1f18d8ead81a12fa321,2026-05,2026-06,66.53,66.42,66.41,2026-06-12,persistencia,66.53,,2026-05,,7b4bc08b19ada86fc17bcdd336fc488aa71badd090b90a8d98cb10055d49def8,cenario_proxima_competencia_sem_observacao
sinapi_es,sem_desoneracao,100761,PINTURA COM TINTA ALQUÍDICA DE ACABAMENTO (ESMALTE SINTÉTICO FOSCO) PULVERIZADA SOBRE SUPERFÍCIES METÁLICAS (EXCETO PERFIL) EXECUTADO EM OBRA (02 DEMÃOS). AF_01/2020_PE,Pintura em Superfícies Metálicas,M2,928df42a952625eb12d41baf2b5ab17e1207af6e7881cb9f1c7fcac4708400e3,c2fd617a390e7771d9702dbb4742d1b770ca6cbd93a78c743b284fc2fdc1da26,2026-05,2026-06,64.21,63.94,63.93,2026-06-12,persistencia,64.21,,2026-05,,7b4bc08b19ada86fc17bcdd336fc488aa71badd090b90a8d98cb10055d49def8,cenario_proxima_competencia_sem_observacao
sinapi_es,sem_desoneracao,100762,PINTURA COM TINTA ALQUÍDICA DE ACABAMENTO (ESMALTE SINTÉTICO FOSCO) APLICADA A ROLO OU PINCEL SOBRE SUPERFÍCIES METÁLICAS (EXCETO PERFIL) EXECUTADO EM OBRA (02 DEMÃOS). AF_01/2020,Pintura em Superfícies Metálicas,M2,928df42a952625eb12d41baf2b5ab17e1207af6e7881cb9f1c7fcac4708400e3,af0fa00ea38541cf997c2d2a8edee1051c0257a21bb11e79a45f66ff15fa3833,2026-05,2026-06,66.69,66.58,66.57,2026-06-12,persistencia,66.69,,2026-05,,7b4bc08b19ada86fc17bcdd336fc488aa71badd090b90a8d98cb10055d49def8,cenario_proxima_competencia_sem_observacao
sinapi_es,sem_desoneracao,101725,"PISO EM LADRILHO HIDRÁULICO APLICADO EM AMBIENTES INTERNOS DE ÁREA MENOR QUE 5 M², INCLUSO APLICAÇÃO DE RESINA. AF_02/2026",Pisos,M2,928df42a952625eb12d41baf2b5ab17e1207af6e7881cb9f1c7fcac4708400e3,14fc2cb3d08495efb6f4ef02813a2a3158b740123b68a4dd794377394ba4fe11,2026-05,2026-06,333.91,330.44,323.91,2026-06-12,linear_simples,335.36159593473997,,2026-05,32ac8215fd780553.joblib,7b4bc08b19ada86fc17bcdd336fc488aa71badd090b90a8d98cb10055d49def8,cenario_proxima_competencia_sem_observacao
sinapi_es,sem_desoneracao,101726,"PISO EM LADRILHO HIDRÁULICO APLICADO EM AMBIENTES INTERNOS DE ÁREA ENTRE 5 E 15 M², INCLUSO APLICAÇÃO DE RESINA. AF_02/2026",Pisos,M2,928df42a952625eb12d41baf2b5ab17e1207af6e7881cb9f1c7fcac4708400e3,d318b1c57c7d2a264c14ce939bd28b8d4d6352900a3deae0b329e137b3eb633c,2026-05,2026-06,241.17,237.7,234.37,2026-06-12,linear_simples,242.35074525363618,,2026-05,32ac8215fd780553.joblib,7b4bc08b19ada86fc17bcdd336fc488aa71badd090b90a8d98cb10055d49def8,cenario_proxima_competencia_sem_observacao
sinapi_es,sem_desoneracao,101727,"PISO VINÍLICO SEMI-FLEXÍVEL EM PLACAS, PADRÃO LISO, ESPESSURA 3,2 MM, FIXADO COM COLA. AF_02/2026",Pisos,M2,928df42a952625eb12d41baf2b5ab17e1207af6e7881cb9f1c7fcac4708400e3,d2c9123f55c5004378a19799cb2eed5806dc2149b493215db21146ae5c164614,2026-05,2026-06,176.93,170.52,178.47,2026-06-12,linear_simples,177.92312990153238,,2026-05,32ac8215fd780553.joblib,7b4bc08b19ada86fc17bcdd336fc488aa71badd090b90a8d98cb10055d49def8,cenario_proxima_competencia_sem_observacao
sinapi_es,sem_desoneracao,101729,"PISO EM TACO DE MADEIRA 7X42CM, FIXADO COM COLA PU. AF_02/2026_PS",Pisos,M2,928df42a952625eb12d41baf2b5ab17e1207af6e7881cb9f1c7fcac4708400e3,f7dd0ce741e8ce87121e7944b2583ba88d5e842683c72bfc5a1394e9b61a9146,2026-05,2026-06,284.36,285.11,284.36,2026-06-12,linear_simples,285.6668832837944,,2026-05,32ac8215fd780553.joblib,7b4bc08b19ada86fc17bcdd336fc488aa71badd090b90a8d98cb10055d49def8,cenario_proxima_competencia_sem_observacao
sinapi_es,sem_desoneracao,101731,PISO EM PEDRA SÃO TOMÉ ASSENTADO SOBRE ARGAMASSA 1:3 (CIMENTO E AREIA). AF_02/2026,Pisos,M2,928df42a952625eb12d41baf2b5ab17e1207af6e7881cb9f1c7fcac4708400e3,41242971224ef6d3a3340a672133b9690014697b6186ceefcb801d27cf6e68a5,2026-05,2026-06,392.85,392.45,390.14,2026-06-12,linear_simples,394.4737324361877,,2026-05,32ac8215fd780553.joblib,7b4bc08b19ada86fc17bcdd336fc488aa71badd090b90a8d98cb10055d49def8,cenario_proxima_competencia_sem_observacao
sinapi_es,sem_desoneracao,101732,PISO EM PEDRA ARDÓSIA ASSENTADO SOBRE ARGAMASSA 1:3 (CIMENTO E AREIA). AF_02/2026,Pisos,M2,928df42a952625eb12d41baf2b5ab17e1207af6e7881cb9f1c7fcac4708400e3,4fe7417a3f709d2df200b8ebdc5169797fcbd911b787a9b72cea10edebfb7497,2026-05,2026-06,128.4,128.0,126.72,2026-06-12,linear_simples,129.25139619920364,,2026-05,32ac8215fd780553.joblib,7b4bc08b19ada86fc17bcdd336fc488aa71badd090b90a8d98cb10055d49def8,cenario_proxima_competencia_sem_observacao
sinapi_es,sem_desoneracao,101733,"PISO DE BORRACHA PASTILHADO/FRISADO, ESPESSURA 7MM, ASSENTADO COM ARGAMASSA. AF_02/2026",Pisos,M2,928df42a952625eb12d41baf2b5ab17e1207af6e7881cb9f1c7fcac4708400e3,a15e308669bbf113338197cba5109669c88eefb77054fe32aa02f780f0da6b9a,2026-05,2026-06,261.13,252.87,262.05,2026-06-12,linear_simples,262.3690391893148,,2026-05,32ac8215fd780553.joblib,7b4bc08b19ada86fc17bcdd336fc488aa71badd090b90a8d98cb10055d49def8,cenario_proxima_competencia_sem_observacao
sinapi_es,sem_desoneracao,101734,"PISO DE BORRACHA PASTILHADO, ESPESSURA 15MM, ASSENTADO COM ARGAMASSA. AF_02/2026",Pisos,M2,928df42a952625eb12d41baf2b5ab17e1207af6e7881cb9f1c7fcac4708400e3,891724368e47ed2daee6afb4dcd1817c28699a91704cd638cc3c297a7d74ed12,2026-05,2026-06,384.42,371.35,386.65,2026-06-12,linear_simples,386.01911230203086,,2026-05,32ac8215fd780553.joblib,7b4bc08b19ada86fc17bcdd336fc488aa71badd090b90a8d98cb10055d49def8,cenario_proxima_competencia_sem_observacao
sinapi_es,sem_desoneracao,101735,"PISO DE BORRACHA ESPORTIVO, ESPESSURA 15MM, ASSENTADO COM ARGAMASSA. AF_02/2026",Pisos,M2,928df42a952625eb12d41baf2b5ab17e1207af6e7881cb9f1c7fcac4708400e3,0ef21bc685dc46f19db6ee7994a37bb52df6ae9a171d18ab9a0f3c0f79bee296,2026-05,2026-06,393.37,379.95,395.68,2026-06-12,linear_simples,394.9952511158747,,2026-05,32ac8215fd780553.joblib,7b4bc08b19ada86fc17bcdd336fc488aa71badd090b90a8d98cb10055d49def8,cenario_proxima_competencia_sem_observacao
sinapi_es,sem_desoneracao,101736,"PISO DE BORRACHA PASTILHADO, ESPESSURA 3,5MM, FIXADO COM ADESIVO ACRÍLICO. AF_02/2026",Pisos,M2,928df42a952625eb12d41baf2b5ab17e1207af6e7881cb9f1c7fcac4708400e3,8e10af9b348a93b86a4db2a90e8344fed1bedcc533e18d06868ea584dc8f22e3,2026-05,2026-06,115.0,113.12,114.72,2026-06-12,linear_simples,115.81226099188436,,2026-05,32ac8215fd780553.joblib,7b4bc08b19ada86fc17bcdd336fc488aa71badd090b90a8d98cb10055d49def8,cenario_proxima_competencia_sem_observacao
sinapi_es,sem_desoneracao,101737,"PISO DE BORRACHA CANELADO, ESPESSURA 3,5MM, FIXADO COM ADESIVO ACRÍLICO. AF_02/2026",Pisos,M2,928df42a952625eb12d41baf2b5ab17e1207af6e7881cb9f1c7fcac4708400e3,cbbb64b5f3d26d52c41a619e09c2d78fa381b0b69f505dc40d304211d035f78d,2026-05,2026-06,132.69,130.12,132.61,2026-06-12,linear_simples,133.55392530662152,,2026-05,32ac8215fd780553.joblib,7b4bc08b19ada86fc17bcdd336fc488aa71badd090b90a8d98cb10055d49def8,cenario_proxima_competencia_sem_observacao
sinapi_es,sem_desoneracao,101746,ASSOALHO DE MADEIRA. AF_02/2026_PS,Pisos,M2,928df42a952625eb12d41baf2b5ab17e1207af6e7881cb9f1c7fcac4708400e3,c7b95ca80ac1bb948dbb3dcc903ff265c980a0a54c15657467a803bf6351be63,2026-05,2026-06,387.3,388.05,387.3,2026-06-12,linear_simples,388.9075234510666,,2026-05,32ac8215fd780553.joblib,7b4bc08b19ada86fc17bcdd336fc488aa71badd090b90a8d98cb10055d49def8,cenario_proxima_competencia_sem_observacao
sinapi_es,sem_desoneracao,101748,PREPARO DE CONTRAPISO COM POLITRIZ. AF_02/2026_PE,Pisos,M2,928df42a952625eb12d41baf2b5ab17e1207af6e7881cb9f1c7fcac4708400e3,6d9c19c3eddaea4c3e80d9d195d33072ea364dd21bba238508ca4b01c1e17c96,2026-05,2026-06,4.55,4.56,4.41,2026-06-12,linear_simples,5.039687585286189,,2026-05,32ac8215fd780553.joblib,7b4bc08b19ada86fc17bcdd336fc488aa71badd090b90a8d98cb10055d49def8,cenario_proxima_competencia_sem_observacao
sinapi_es,sem_desoneracao,101749,"PISO CIMENTADO, TRAÇO 1:5 (CIMENTO E AREIA), ACABAMENTO LISO, ESPESSURA 4,0 CM, PREPARO MECÂNICO DA ARGAMASSA. AF_02/2026",Pisos,M2,928df42a952625eb12d41baf2b5ab17e1207af6e7881cb9f1c7fcac4708400e3,44f1e6c14a559080313ca3077a5128d515315a03c85b713e8a08e824915acf53,2026-05,2026-06,53.92,53.37,52.24,2026-06-12,linear_simples,54.55387453941703,,2026-05,32ac8215fd780553.joblib,7b4bc08b19ada86fc17bcdd336fc488aa71badd090b90a8d98cb10055d49def8,cenario_proxima_competencia_sem_observacao
sinapi_es,sem_desoneracao,101750,"PISO CIMENTADO, TRAÇO 1:5 (CIMENTO E AREIA), ACABAMENTO RUGOSO, ESPESSURA 4,0 CM, PREPARO MECÂNICO DA ARGAMASSA. AF_02/2026",Pisos,M2,928df42a952625eb12d41baf2b5ab17e1207af6e7881cb9f1c7fcac4708400e3,354345f38f72d893237f314ab5122f1d08edf9b39c2f9ae2a6d9f50211267c21,2026-05,2026-06,48.99,48.44,47.48,2026-06-12,linear_simples,49.60947628776896,,2026-05,32ac8215fd780553.joblib,7b4bc08b19ada86fc17bcdd336fc488aa71badd090b90a8d98cb10055d49def8,cenario_proxima_competencia_sem_observacao
sinapi_es,sem_desoneracao,101751,"PISO EM TACO DE MADEIRA 7X21CM, FIXADO COM COLA PU. AF_02/2026_PS",Pisos,M2,928df42a952625eb12d41baf2b5ab17e1207af6e7881cb9f1c7fcac4708400e3,689b3bc9492a83437d27a3514fc6ecedc33f47f6458f79a4538428f1e03ae656,2026-05,2026-06,287.92,288.67,287.92,2026-06-12,linear_simples,289.23728039857474,,2026-05,32ac8215fd780553.joblib,7b4bc08b19ada86fc17bcdd336fc488aa71badd090b90a8d98cb10055d49def8,cenario_proxima_competencia_sem_observacao
sinapi_es,sem_desoneracao,104162,"PISO EM GRANILITE, MARMORITE OU GRANITINA EM AMBIENTES INTERNOS, COM ESPESSURA DE 8 MM, INCLUSO MISTURA EM BETONEIRA, COLOCAÇÃO DAS JUNTAS, APLICAÇÃO DO PISO, 4 POLIMENTOS COM POLITRIZ, ESTUCAMENTO, SELADOR E CERA. AF_02/2026_PE",Pisos,M2,928df42a952625eb12d41baf2b5ab17e1207af6e7881cb9f1c7fcac4708400e3,db38ec3fee3789143761f187181c893e5db3316fbdd09b8e9c114dc5a7e6d823,2026-05,2026-06,105.6,105.33,102.11,2026-06-12,linear_simples,106.38480793600365,,2026-05,32ac8215fd780553.joblib,7b4bc08b19ada86fc17bcdd336fc488aa71badd090b90a8d98cb10055d49def8,cenario_proxima_competencia_sem_observacao
sinapi_es,sem_desoneracao,106788,"PISO CIMENTADO, TRAÇO 1:3 (CIMENTO E AREIA), ACABAMENTO LISO, ESPESSURA 1,5 CM, PREPARO MECÂNICO DA ARGAMASSA. AF_02/2026",Pisos,M2,928df42a952625eb12d41baf2b5ab17e1207af6e7881cb9f1c7fcac4708400e3,5d6b24ed1e4687fb576b61ec5e4053c006a47763a9fed4eeb795e90654acdcf1,2026-05,2026-06,34.17,33.86,33.01,2026-06-12,linear_simples,34.74619391668897,,2026-05,32ac8215fd780553.joblib,7b4bc08b19ada86fc17bcdd336fc488aa71badd090b90a8d98cb10055d49def8,cenario_proxima_competencia_sem_observacao
sinapi_es,sem_desoneracao,106789,"PISO CIMENTADO, TRAÇO 1:3 (CIMENTO E AREIA), ACABAMENTO RUGOSO, ESPESSURA 1,5 CM, PREPARO MECÂNICO DA ARGAMASSA. AF_02/2026",Pisos,M2,928df42a952625eb12d41baf2b5ab17e1207af6e7881cb9f1c7fcac4708400e3,84ed323d43455fe2692457eded5007886a7f2c769eac39491a753d26830e6691,2026-05,2026-06,31.88,31.57,30.79,2026-06-12,linear_simples,32.44950588499038,,2026-05,32ac8215fd780553.joblib,7b4bc08b19ada86fc17bcdd336fc488aa71badd090b90a8d98cb10055d49def8,cenario_proxima_competencia_sem_observacao
sinapi_es,sem_desoneracao,106791,REVESTIMENTO DE DEGRAUS DE ESCADA EM GRANITO. AF_02/2026,Pisos,M2,928df42a952625eb12d41baf2b5ab17e1207af6e7881cb9f1c7fcac4708400e3,f444de33814524852751230fd091a0f1a3fe943a4a55800e77b34732c67afe08,2026-05,2026-06,256.45,256.17,267.4,2026-06-12,linear_simples,257.6753710721316,,2026-05,32ac8215fd780553.joblib,7b4bc08b19ada86fc17bcdd336fc488aa71badd090b90a8d98cb10055d49def8,cenario_proxima_competencia_sem_observacao
sinapi_es,sem_desoneracao,106792,PREPARO DE CONTRAPISO COM MEMBRANA CIMENTÍCIA. AF_02/2026,Pisos,M2,928df42a952625eb12d41baf2b5ab17e1207af6e7881cb9f1c7fcac4708400e3,4d0314bb0f3469ae19273e6b0f69b53db6be9c0710f14c09ae8eab9a72405dfd,2026-05,2026-06,4.79,4.8,4.69,2026-06-12,linear_simples,5.280388514372505,,2026-05,32ac8215fd780553.joblib,7b4bc08b19ada86fc17bcdd336fc488aa71badd090b90a8d98cb10055d49def8,cenario_proxima_competencia_sem_observacao
sinapi_es,sem_desoneracao,98671,PISO EM GRANITO APLICADO EM AMBIENTES INTERNOS. AF_02/2026,Pisos,M2,928df42a952625eb12d41baf2b5ab17e1207af6e7881cb9f1c7fcac4708400e3,968d42690c57dc192c496777f4b0baca185bc885d39894fa104dbbb14d7a1e51,2026-05,2026-06,262.83,262.55,275.45,2026-06-12,linear_simples,264.0740041036762,,2026-05,32ac8215fd780553.joblib,7b4bc08b19ada86fc17bcdd336fc488aa71badd090b90a8d98cb10055d49def8,cenario_proxima_competencia_sem_observacao
sinapi_es,sem_desoneracao,98672,PISO EM MÁRMORE APLICADO EM AMBIENTES INTERNOS. AF_02/2026,Pisos,M2,928df42a952625eb12d41baf2b5ab17e1207af6e7881cb9f1c7fcac4708400e3,d856db4242ee07c27eb8fc0be7e52e4321b4c150b4f44721c887018514ded3e5,2026-05,2026-06,310.66,310.38,314.64,2026-06-12,linear_simples,312.04369342950315,,2026-05,32ac8215fd780553.joblib,7b4bc08b19ada86fc17bcdd336fc488aa71badd090b90a8d98cb10055d49def8,cenario_proxima_competencia_sem_observacao
sinapi_es,sem_desoneracao,98679,"PISO CIMENTADO, TRAÇO 1:5 (CIMENTO E AREIA), ACABAMENTO LISO, ESPESSURA 2,0 CM, PREPARO MECÂNICO DA ARGAMASSA. AF_02/2026",Pisos,M2,928df42a952625eb12d41baf2b5ab17e1207af6e7881cb9f1c7fcac4708400e3,a3519be328f5fe3c26d92d1bfc558878260a07b813875dbb35a30af2eaa14e4f,2026-05,2026-06,38.55,38.15,37.27,2026-06-12,linear_simples,39.13898587251423,,2026-05,32ac8215fd780553.joblib,7b4bc08b19ada86fc17bcdd336fc488aa71badd090b90a8d98cb10055d49def8,cenario_proxima_competencia_sem_observacao
sinapi_es,sem_desoneracao,98680,"PISO CIMENTADO, TRAÇO 1:5 (CIMENTO E AREIA), ACABAMENTO LISO, ESPESSURA 3,0 CM, PREPARO MECÂNICO DA ARGAMASSA. AF_02/2026",Pisos,M2,928df42a952625eb12d41baf2b5ab17e1207af6e7881cb9f1c7fcac4708400e3,035550c658c0ceaf3cfcb48aaa8cbafd49ee2d3d7a6fee1f9dce5f43624825d8,2026-05,2026-06,47.0,46.51,45.5,2026-06-12,linear_simples,47.61366441742826,,2026-05,32ac8215fd780553.joblib,7b4bc08b19ada86fc17bcdd336fc488aa71badd090b90a8d98cb10055d49def8,cenario_proxima_competencia_sem_observacao
sinapi_es,sem_desoneracao,98681,"PISO CIMENTADO, TRAÇO 1:5 (CIMENTO E AREIA), ACABAMENTO RUGOSO, ESPESSURA 2,0 CM, PREPARO MECÂNICO DA ARGAMASSA. AF_02/2026",Pisos,M2,928df42a952625eb12d41baf2b5ab17e1207af6e7881cb9f1c7fcac4708400e3,acbef16efe4dd766179e3612fcfbaf3b9c35859317e9bd8d50b1570e4505b1fb,2026-05,2026-06,33.63,33.23,32.52,2026-06-12,linear_simples,34.20461682624477,,2026-05,32ac8215fd780553.joblib,7b4bc08b19ada86fc17bcdd336fc488aa71badd090b90a8d98cb10055d49def8,cenario_proxima_competencia_sem_observacao
sinapi_es,sem_desoneracao,98682,"PISO CIMENTADO, TRAÇO 1:5 (CIMENTO E AREIA), ACABAMENTO RUGOSO, ESPESSURA 3,0 CM, PREPARO MECÂNICO DA ARGAMASSA. AF_02/2026",Pisos,M2,928df42a952625eb12d41baf2b5ab17e1207af6e7881cb9f1c7fcac4708400e3,1448c700c463e7c3baa683073dda3fd35c80d65beaa0765a535dd7bcf2e35dc4,2026-05,2026-06,42.09,41.6,40.75,2026-06-12,linear_simples,42.689324576537395,,2026-05,32ac8215fd780553.joblib,7b4bc08b19ada86fc17bcdd336fc488aa71badd090b90a8d98cb10055d49def8,cenario_proxima_competencia_sem_observacao
sinapi_es,sem_desoneracao,101725,"PISO EM LADRILHO HIDRÁULICO APLICADO EM AMBIENTES INTERNOS DE ÁREA MENOR QUE 5 M², INCLUSO APLICAÇÃO DE RESINA. AF_02/2026",Pisos,M2,928df42a952625eb12d41baf2b5ab17e1207af6e7881cb9f1c7fcac4708400e3,14fc2cb3d08495efb6f4ef02813a2a3158b740123b68a4dd794377394ba4fe11,2026-05,2026-06,333.91,330.44,323.91,2026-06-12,persistencia,333.91,,2026-05,,7b4bc08b19ada86fc17bcdd336fc488aa71badd090b90a8d98cb10055d49def8,cenario_proxima_competencia_sem_observacao
sinapi_es,sem_desoneracao,101726,"PISO EM LADRILHO HIDRÁULICO APLICADO EM AMBIENTES INTERNOS DE ÁREA ENTRE 5 E 15 M², INCLUSO APLICAÇÃO DE RESINA. AF_02/2026",Pisos,M2,928df42a952625eb12d41baf2b5ab17e1207af6e7881cb9f1c7fcac4708400e3,d318b1c57c7d2a264c14ce939bd28b8d4d6352900a3deae0b329e137b3eb633c,2026-05,2026-06,241.17,237.7,234.37,2026-06-12,persistencia,241.17,,2026-05,,7b4bc08b19ada86fc17bcdd336fc488aa71badd090b90a8d98cb10055d49def8,cenario_proxima_competencia_sem_observacao
sinapi_es,sem_desoneracao,101727,"PISO VINÍLICO SEMI-FLEXÍVEL EM PLACAS, PADRÃO LISO, ESPESSURA 3,2 MM, FIXADO COM COLA. AF_02/2026",Pisos,M2,928df42a952625eb12d41baf2b5ab17e1207af6e7881cb9f1c7fcac4708400e3,d2c9123f55c5004378a19799cb2eed5806dc2149b493215db21146ae5c164614,2026-05,2026-06,176.93,170.52,178.47,2026-06-12,persistencia,176.93,,2026-05,,7b4bc08b19ada86fc17bcdd336fc488aa71badd090b90a8d98cb10055d49def8,cenario_proxima_competencia_sem_observacao
sinapi_es,sem_desoneracao,101729,"PISO EM TACO DE MADEIRA 7X42CM, FIXADO COM COLA PU. AF_02/2026_PS",Pisos,M2,928df42a952625eb12d41baf2b5ab17e1207af6e7881cb9f1c7fcac4708400e3,f7dd0ce741e8ce87121e7944b2583ba88d5e842683c72bfc5a1394e9b61a9146,2026-05,2026-06,284.36,285.11,284.36,2026-06-12,persistencia,284.36,,2026-05,,7b4bc08b19ada86fc17bcdd336fc488aa71badd090b90a8d98cb10055d49def8,cenario_proxima_competencia_sem_observacao
sinapi_es,sem_desoneracao,101731,PISO EM PEDRA SÃO TOMÉ ASSENTADO SOBRE ARGAMASSA 1:3 (CIMENTO E AREIA). AF_02/2026,Pisos,M2,928df42a952625eb12d41baf2b5ab17e1207af6e7881cb9f1c7fcac4708400e3,41242971224ef6d3a3340a672133b9690014697b6186ceefcb801d27cf6e68a5,2026-05,2026-06,392.85,392.45,390.14,2026-06-12,persistencia,392.85,,2026-05,,7b4bc08b19ada86fc17bcdd336fc488aa71badd090b90a8d98cb10055d49def8,cenario_proxima_competencia_sem_observacao
sinapi_es,sem_desoneracao,101732,PISO EM PEDRA ARDÓSIA ASSENTADO SOBRE ARGAMASSA 1:3 (CIMENTO E AREIA). AF_02/2026,Pisos,M2,928df42a952625eb12d41baf2b5ab17e1207af6e7881cb9f1c7fcac4708400e3,4fe7417a3f709d2df200b8ebdc5169797fcbd911b787a9b72cea10edebfb7497,2026-05,2026-06,128.4,128.0,126.72,2026-06-12,persistencia,128.4,,2026-05,,7b4bc08b19ada86fc17bcdd336fc488aa71badd090b90a8d98cb10055d49def8,cenario_proxima_competencia_sem_observacao
sinapi_es,sem_desoneracao,101733,"PISO DE BORRACHA PASTILHADO/FRISADO, ESPESSURA 7MM, ASSENTADO COM ARGAMASSA. AF_02/2026",Pisos,M2,928df42a952625eb12d41baf2b5ab17e1207af6e7881cb9f1c7fcac4708400e3,a15e308669bbf113338197cba5109669c88eefb77054fe32aa02f780f0da6b9a,2026-05,2026-06,261.13,252.87,262.05,2026-06-12,persistencia,261.13,,2026-05,,7b4bc08b19ada86fc17bcdd336fc488aa71badd090b90a8d98cb10055d49def8,cenario_proxima_competencia_sem_observacao
sinapi_es,sem_desoneracao,101734,"PISO DE BORRACHA PASTILHADO, ESPESSURA 15MM, ASSENTADO COM ARGAMASSA. AF_02/2026",Pisos,M2,928df42a952625eb12d41baf2b5ab17e1207af6e7881cb9f1c7fcac4708400e3,891724368e47ed2daee6afb4dcd1817c28699a91704cd638cc3c297a7d74ed12,2026-05,2026-06,384.42,371.35,386.65,2026-06-12,persistencia,384.42,,2026-05,,7b4bc08b19ada86fc17bcdd336fc488aa71badd090b90a8d98cb10055d49def8,cenario_proxima_competencia_sem_observacao
sinapi_es,sem_desoneracao,101735,"PISO DE BORRACHA ESPORTIVO, ESPESSURA 15MM, ASSENTADO COM ARGAMASSA. AF_02/2026",Pisos,M2,928df42a952625eb12d41baf2b5ab17e1207af6e7881cb9f1c7fcac4708400e3,0ef21bc685dc46f19db6ee7994a37bb52df6ae9a171d18ab9a0f3c0f79bee296,2026-05,2026-06,393.37,379.95,395.68,2026-06-12,persistencia,393.37,,2026-05,,7b4bc08b19ada86fc17bcdd336fc488aa71badd090b90a8d98cb10055d49def8,cenario_proxima_competencia_sem_observacao
sinapi_es,sem_desoneracao,101736,"PISO DE BORRACHA PASTILHADO, ESPESSURA 3,5MM, FIXADO COM ADESIVO ACRÍLICO. AF_02/2026",Pisos,M2,928df42a952625eb12d41baf2b5ab17e1207af6e7881cb9f1c7fcac4708400e3,8e10af9b348a93b86a4db2a90e8344fed1bedcc533e18d06868ea584dc8f22e3,2026-05,2026-06,115.0,113.12,114.72,2026-06-12,persistencia,115.0,,2026-05,,7b4bc08b19ada86fc17bcdd336fc488aa71badd090b90a8d98cb10055d49def8,cenario_proxima_competencia_sem_observacao
sinapi_es,sem_desoneracao,101737,"PISO DE BORRACHA CANELADO, ESPESSURA 3,5MM, FIXADO COM ADESIVO ACRÍLICO. AF_02/2026",Pisos,M2,928df42a952625eb12d41baf2b5ab17e1207af6e7881cb9f1c7fcac4708400e3,cbbb64b5f3d26d52c41a619e09c2d78fa381b0b69f505dc40d304211d035f78d,2026-05,2026-06,132.69,130.12,132.61,2026-06-12,persistencia,132.69,,2026-05,,7b4bc08b19ada86fc17bcdd336fc488aa71badd090b90a8d98cb10055d49def8,cenario_proxima_competencia_sem_observacao
sinapi_es,sem_desoneracao,101746,ASSOALHO DE MADEIRA. AF_02/2026_PS,Pisos,M2,928df42a952625eb12d41baf2b5ab17e1207af6e7881cb9f1c7fcac4708400e3,c7b95ca80ac1bb948dbb3dcc903ff265c980a0a54c15657467a803bf6351be63,2026-05,2026-06,387.3,388.05,387.3,2026-06-12,persistencia,387.3,,2026-05,,7b4bc08b19ada86fc17bcdd336fc488aa71badd090b90a8d98cb10055d49def8,cenario_proxima_competencia_sem_observacao
sinapi_es,sem_desoneracao,101748,PREPARO DE CONTRAPISO COM POLITRIZ. AF_02/2026_PE,Pisos,M2,928df42a952625eb12d41baf2b5ab17e1207af6e7881cb9f1c7fcac4708400e3,6d9c19c3eddaea4c3e80d9d195d33072ea364dd21bba238508ca4b01c1e17c96,2026-05,2026-06,4.55,4.56,4.41,2026-06-12,persistencia,4.55,,2026-05,,7b4bc08b19ada86fc17bcdd336fc488aa71badd090b90a8d98cb10055d49def8,cenario_proxima_competencia_sem_observacao
sinapi_es,sem_desoneracao,101749,"PISO CIMENTADO, TRAÇO 1:5 (CIMENTO E AREIA), ACABAMENTO LISO, ESPESSURA 4,0 CM, PREPARO MECÂNICO DA ARGAMASSA. AF_02/2026",Pisos,M2,928df42a952625eb12d41baf2b5ab17e1207af6e7881cb9f1c7fcac4708400e3,44f1e6c14a559080313ca3077a5128d515315a03c85b713e8a08e824915acf53,2026-05,2026-06,53.92,53.37,52.24,2026-06-12,persistencia,53.92,,2026-05,,7b4bc08b19ada86fc17bcdd336fc488aa71badd090b90a8d98cb10055d49def8,cenario_proxima_competencia_sem_observacao
sinapi_es,sem_desoneracao,101750,"PISO CIMENTADO, TRAÇO 1:5 (CIMENTO E AREIA), ACABAMENTO RUGOSO, ESPESSURA 4,0 CM, PREPARO MECÂNICO DA ARGAMASSA. AF_02/2026",Pisos,M2,928df42a952625eb12d41baf2b5ab17e1207af6e7881cb9f1c7fcac4708400e3,354345f38f72d893237f314ab5122f1d08edf9b39c2f9ae2a6d9f50211267c21,2026-05,2026-06,48.99,48.44,47.48,2026-06-12,persistencia,48.99,,2026-05,,7b4bc08b19ada86fc17bcdd336fc488aa71badd090b90a8d98cb10055d49def8,cenario_proxima_competencia_sem_observacao
sinapi_es,sem_desoneracao,101751,"PISO EM TACO DE MADEIRA 7X21CM, FIXADO COM COLA PU. AF_02/2026_PS",Pisos,M2,928df42a952625eb12d41baf2b5ab17e1207af6e7881cb9f1c7fcac4708400e3,689b3bc9492a83437d27a3514fc6ecedc33f47f6458f79a4538428f1e03ae656,2026-05,2026-06,287.92,288.67,287.92,2026-06-12,persistencia,287.92,,2026-05,,7b4bc08b19ada86fc17bcdd336fc488aa71badd090b90a8d98cb10055d49def8,cenario_proxima_competencia_sem_observacao
sinapi_es,sem_desoneracao,104162,"PISO EM GRANILITE, MARMORITE OU GRANITINA EM AMBIENTES INTERNOS, COM ESPESSURA DE 8 MM, INCLUSO MISTURA EM BETONEIRA, COLOCAÇÃO DAS JUNTAS, APLICAÇÃO DO PISO, 4 POLIMENTOS COM POLITRIZ, ESTUCAMENTO, SELADOR E CERA. AF_02/2026_PE",Pisos,M2,928df42a952625eb12d41baf2b5ab17e1207af6e7881cb9f1c7fcac4708400e3,db38ec3fee3789143761f187181c893e5db3316fbdd09b8e9c114dc5a7e6d823,2026-05,2026-06,105.6,105.33,102.11,2026-06-12,persistencia,105.6,,2026-05,,7b4bc08b19ada86fc17bcdd336fc488aa71badd090b90a8d98cb10055d49def8,cenario_proxima_competencia_sem_observacao
sinapi_es,sem_desoneracao,106788,"PISO CIMENTADO, TRAÇO 1:3 (CIMENTO E AREIA), ACABAMENTO LISO, ESPESSURA 1,5 CM, PREPARO MECÂNICO DA ARGAMASSA. AF_02/2026",Pisos,M2,928df42a952625eb12d41baf2b5ab17e1207af6e7881cb9f1c7fcac4708400e3,5d6b24ed1e4687fb576b61ec5e4053c006a47763a9fed4eeb795e90654acdcf1,2026-05,2026-06,34.17,33.86,33.01,2026-06-12,persistencia,34.17,,2026-05,,7b4bc08b19ada86fc17bcdd336fc488aa71badd090b90a8d98cb10055d49def8,cenario_proxima_competencia_sem_observacao
sinapi_es,sem_desoneracao,106789,"PISO CIMENTADO, TRAÇO 1:3 (CIMENTO E AREIA), ACABAMENTO RUGOSO, ESPESSURA 1,5 CM, PREPARO MECÂNICO DA ARGAMASSA. AF_02/2026",Pisos,M2,928df42a952625eb12d41baf2b5ab17e1207af6e7881cb9f1c7fcac4708400e3,84ed323d43455fe2692457eded5007886a7f2c769eac39491a753d26830e6691,2026-05,2026-06,31.88,31.57,30.79,2026-06-12,persistencia,31.88,,2026-05,,7b4bc08b19ada86fc17bcdd336fc488aa71badd090b90a8d98cb10055d49def8,cenario_proxima_competencia_sem_observacao
sinapi_es,sem_desoneracao,106791,REVESTIMENTO DE DEGRAUS DE ESCADA EM GRANITO. AF_02/2026,Pisos,M2,928df42a952625eb12d41baf2b5ab17e1207af6e7881cb9f1c7fcac4708400e3,f444de33814524852751230fd091a0f1a3fe943a4a55800e77b34732c67afe08,2026-05,2026-06,256.45,256.17,267.4,2026-06-12,persistencia,256.45,,2026-05,,7b4bc08b19ada86fc17bcdd336fc488aa71badd090b90a8d98cb10055d49def8,cenario_proxima_competencia_sem_observacao
sinapi_es,sem_desoneracao,106792,PREPARO DE CONTRAPISO COM MEMBRANA CIMENTÍCIA. AF_02/2026,Pisos,M2,928df42a952625eb12d41baf2b5ab17e1207af6e7881cb9f1c7fcac4708400e3,4d0314bb0f3469ae19273e6b0f69b53db6be9c0710f14c09ae8eab9a72405dfd,2026-05,2026-06,4.79,4.8,4.69,2026-06-12,persistencia,4.79,,2026-05,,7b4bc08b19ada86fc17bcdd336fc488aa71badd090b90a8d98cb10055d49def8,cenario_proxima_competencia_sem_observacao
sinapi_es,sem_desoneracao,98671,PISO EM GRANITO APLICADO EM AMBIENTES INTERNOS. AF_02/2026,Pisos,M2,928df42a952625eb12d41baf2b5ab17e1207af6e7881cb9f1c7fcac4708400e3,968d42690c57dc192c496777f4b0baca185bc885d39894fa104dbbb14d7a1e51,2026-05,2026-06,262.83,262.55,275.45,2026-06-12,persistencia,262.83,,2026-05,,7b4bc08b19ada86fc17bcdd336fc488aa71badd090b90a8d98cb10055d49def8,cenario_proxima_competencia_sem_observacao
sinapi_es,sem_desoneracao,98672,PISO EM MÁRMORE APLICADO EM AMBIENTES INTERNOS. AF_02/2026,Pisos,M2,928df42a952625eb12d41baf2b5ab17e1207af6e7881cb9f1c7fcac4708400e3,d856db4242ee07c27eb8fc0be7e52e4321b4c150b4f44721c887018514ded3e5,2026-05,2026-06,310.66,310.38,314.64,2026-06-12,persistencia,310.66,,2026-05,,7b4bc08b19ada86fc17bcdd336fc488aa71badd090b90a8d98cb10055d49def8,cenario_proxima_competencia_sem_observacao
sinapi_es,sem_desoneracao,98679,"PISO CIMENTADO, TRAÇO 1:5 (CIMENTO E AREIA), ACABAMENTO LISO, ESPESSURA 2,0 CM, PREPARO MECÂNICO DA ARGAMASSA. AF_02/2026",Pisos,M2,928df42a952625eb12d41baf2b5ab17e1207af6e7881cb9f1c7fcac4708400e3,a3519be328f5fe3c26d92d1bfc558878260a07b813875dbb35a30af2eaa14e4f,2026-05,2026-06,38.55,38.15,37.27,2026-06-12,persistencia,38.55,,2026-05,,7b4bc08b19ada86fc17bcdd336fc488aa71badd090b90a8d98cb10055d49def8,cenario_proxima_competencia_sem_observacao
sinapi_es,sem_desoneracao,98680,"PISO CIMENTADO, TRAÇO 1:5 (CIMENTO E AREIA), ACABAMENTO LISO, ESPESSURA 3,0 CM, PREPARO MECÂNICO DA ARGAMASSA. AF_02/2026",Pisos,M2,928df42a952625eb12d41baf2b5ab17e1207af6e7881cb9f1c7fcac4708400e3,035550c658c0ceaf3cfcb48aaa8cbafd49ee2d3d7a6fee1f9dce5f43624825d8,2026-05,2026-06,47.0,46.51,45.5,2026-06-12,persistencia,47.0,,2026-05,,7b4bc08b19ada86fc17bcdd336fc488aa71badd090b90a8d98cb10055d49def8,cenario_proxima_competencia_sem_observacao
sinapi_es,sem_desoneracao,98681,"PISO CIMENTADO, TRAÇO 1:5 (CIMENTO E AREIA), ACABAMENTO RUGOSO, ESPESSURA 2,0 CM, PREPARO MECÂNICO DA ARGAMASSA. AF_02/2026",Pisos,M2,928df42a952625eb12d41baf2b5ab17e1207af6e7881cb9f1c7fcac4708400e3,acbef16efe4dd766179e3612fcfbaf3b9c35859317e9bd8d50b1570e4505b1fb,2026-05,2026-06,33.63,33.23,32.52,2026-06-12,persistencia,33.63,,2026-05,,7b4bc08b19ada86fc17bcdd336fc488aa71badd090b90a8d98cb10055d49def8,cenario_proxima_competencia_sem_observacao
sinapi_es,sem_desoneracao,98682,"PISO CIMENTADO, TRAÇO 1:5 (CIMENTO E AREIA), ACABAMENTO RUGOSO, ESPESSURA 3,0 CM, PREPARO MECÂNICO DA ARGAMASSA. AF_02/2026",Pisos,M2,928df42a952625eb12d41baf2b5ab17e1207af6e7881cb9f1c7fcac4708400e3,1448c700c463e7c3baa683073dda3fd35c80d65beaa0765a535dd7bcf2e35dc4,2026-05,2026-06,42.09,41.6,40.75,2026-06-12,persistencia,42.09,,2026-05,,7b4bc08b19ada86fc17bcdd336fc488aa71badd090b90a8d98cb10055d49def8,cenario_proxima_competencia_sem_observacao
sinapi_es,sem_desoneracao,104588,"REVESTIMENTO CERÂMICO PARA PAREDES EXTERNAS, COM PLACAS TIPO GRÊS OU SEMIGRÊS, FORMATO MENOR OU IGUAL A 200 CM2, ALINHADAS A PRUMO. AF_02/2023",Revestimentos Cerâmicos Externos,M2,928df42a952625eb12d41baf2b5ab17e1207af6e7881cb9f1c7fcac4708400e3,762a4ac8b9b69333252ba10c0c36114e3767a9dbaf4c556addba97bd933914ca,2026-05,2026-06,216.1,215.87,208.91,2026-06-12,linear_simples,216.16432029968794,,2026-05,e551e2e093e47f7f.joblib,7b4bc08b19ada86fc17bcdd336fc488aa71badd090b90a8d98cb10055d49def8,cenario_proxima_competencia_sem_observacao
sinapi_es,sem_desoneracao,104589,"REVESTIMENTO CERÂMICO PARA PAREDES EXTERNAS, COM PLACAS TIPO GRÊS OU SEMIGRÊS, FORMATO MENOR OU IGUAL A 200 CM2, ALINHADAS A PRUMO, APLICADO EM SUPERFÍCIES INTERNAS DE SACADA. AF_02/2023",Revestimentos Cerâmicos Externos,M2,928df42a952625eb12d41baf2b5ab17e1207af6e7881cb9f1c7fcac4708400e3,35d7fe54f1bacf42d7a8ae2fef6efd861b35c6d3447e5a59ca94fa33927a7b43,2026-05,2026-06,257.77,257.54,249.06,2026-06-12,linear_simples,257.2170009918897,,2026-05,e551e2e093e47f7f.joblib,7b4bc08b19ada86fc17bcdd336fc488aa71badd090b90a8d98cb10055d49def8,cenario_proxima_competencia_sem_observacao
sinapi_es,sem_desoneracao,104590,"REVESTIMENTO CERÂMICO PARA PAREDES EXTERNAS, COM PLACAS TIPO GRÊS OU SEMIGRÊS, FORMATO MENOR OU IGUAL A 200 CM2, DISPOSTAS EM AMARRAÇÃO. AF_02/2023",Revestimentos Cerâmicos Externos,M2,928df42a952625eb12d41baf2b5ab17e1207af6e7881cb9f1c7fcac4708400e3,e45021ddb90dd097566ba19857c123cb777aacd515d98e51caaac3f49dfbe611,2026-05,2026-06,241.07,240.84,232.99,2026-06-12,linear_simples,240.7644027783123,,2026-05,e551e2e093e47f7f.joblib,7b4bc08b19ada86fc17bcdd336fc488aa71badd090b90a8d98cb10055d49def8,cenario_proxima_competencia_sem_observacao
sinapi_es,sem_desoneracao,104591,"REVESTIMENTO CERÂMICO PARA PAREDES EXTERNAS, COM PLACAS TIPO GRÊS OU SEMIGRÊS, FORMATO MENOR OU IGUAL A 200 CM2, DISPOSTAS EM AMARRAÇÃO, APLICADO EM SUPERFÍCIES INTERNAS DE SACADA. AF_02/2023",Revestimentos Cerâmicos Externos,M2,928df42a952625eb12d41baf2b5ab17e1207af6e7881cb9f1c7fcac4708400e3,0457091c27305fa92d71a31df2598015837ff62d2a472c59a5d6cf12bf34cb58,2026-05,2026-06,285.35,285.12,275.65,2026-06-12,linear_simples,284.38841768233664,,2026-05,e551e2e093e47f7f.joblib,7b4bc08b19ada86fc17bcdd336fc488aa71badd090b90a8d98cb10055d49def8,cenario_proxima_competencia_sem_observacao
sinapi_es,sem_desoneracao,87244,"REVESTIMENTO CERÂMICO PARA PAREDES EXTERNAS EM PASTILHAS DE PORCELANA 5 X 5 CM (PLACAS DE 30 X 30 CM), ALINHADAS A PRUMO. AF_02/2023",Revestimentos Cerâmicos Externos,M2,928df42a952625eb12d41baf2b5ab17e1207af6e7881cb9f1c7fcac4708400e3,6e734163e279c315d263f4f4aa7a255b543fa87b8e64586a7608a7f53cbc1d85,2026-05,2026-06,257.38,257.15,248.74,2026-06-12,linear_simples,256.83277863839896,,2026-05,e551e2e093e47f7f.joblib,7b4bc08b19ada86fc17bcdd336fc488aa71badd090b90a8d98cb10055d49def8,cenario_proxima_competencia_sem_observacao
sinapi_es,sem_desoneracao,87245,"REVESTIMENTO CERÂMICO PARA PAREDES EXTERNAS EM PASTILHAS DE PORCELANA 5 X 5 CM (PLACAS DE 30 X 30 CM), ALINHADAS A PRUMO, APLICADO EM SUPERFÍCIES INTERNAS DE SACADA. AF_02/2023",Revestimentos Cerâmicos Externos,M2,928df42a952625eb12d41baf2b5ab17e1207af6e7881cb9f1c7fcac4708400e3,edb3e39fae696649a7c9a46221ab38d65fe9ee6689c6c51d7efaef4268d4e675,2026-05,2026-06,307.78,307.55,297.3,2026-06-12,linear_simples,306.48612893566235,,2026-05,e551e2e093e47f7f.joblib,7b4bc08b19ada86fc17bcdd336fc488aa71badd090b90a8d98cb10055d49def8,cenario_proxima_competencia_sem_observacao
sinapi_es,sem_desoneracao,88788,"REVESTIMENTO CERÂMICO PARA PAREDES EXTERNAS EM PASTILHAS DE PORCELANA 2,5 X 2,5 CM (PLACAS DE 30 X 30 CM), ALINHADAS A PRUMO. AF_02/2023",Revestimentos Cerâmicos Externos,M2,928df42a952625eb12d41baf2b5ab17e1207af6e7881cb9f1c7fcac4708400e3,da4854d78769de03a1360e110e033a8acdddd190470342d16ead5abb1eba511a,2026-05,2026-06,330.92,330.63,319.78,2026-06-12,linear_simples,329.28332190944565,,2026-05,e551e2e093e47f7f.joblib,7b4bc08b19ada86fc17bcdd336fc488aa71badd090b90a8d98cb10055d49def8,cenario_proxima_competencia_sem_observacao
sinapi_es,sem_desoneracao,88789,"REVESTIMENTO CERÂMICO PARA PAREDES EXTERNAS EM PASTILHAS DE PORCELANA 2,5 X 2,5 CM (PLACAS DE 30 X 30 CM), ALINHADAS A PRUMO, APLICADO EM SUPERFÍCIES INTERNAS DE SACADA. AF_02/2023",Revestimentos Cerâmicos Externos,M2,928df42a952625eb12d41baf2b5ab17e1207af6e7881cb9f1c7fcac4708400e3,4c38f57312bda80269ffffe23ccb8be7bb9dd3a1e398158bcc69e1122cb8b9c3,2026-05,2026-06,396.38,396.09,382.84,2026-06-12,linear_simples,393.7735661645818,,2026-05,e551e2e093e47f7f.joblib,7b4bc08b19ada86fc17bcdd336fc488aa71badd090b90a8d98cb10055d49def8,cenario_proxima_competencia_sem_observacao
sinapi_es,sem_desoneracao,104588,"REVESTIMENTO CERÂMICO PARA PAREDES EXTERNAS, COM PLACAS TIPO GRÊS OU SEMIGRÊS, FORMATO MENOR OU IGUAL A 200 CM2, ALINHADAS A PRUMO. AF_02/2023",Revestimentos Cerâmicos Externos,M2,928df42a952625eb12d41baf2b5ab17e1207af6e7881cb9f1c7fcac4708400e3,762a4ac8b9b69333252ba10c0c36114e3767a9dbaf4c556addba97bd933914ca,2026-05,2026-06,216.1,215.87,208.91,2026-06-12,persistencia,216.1,,2026-05,,7b4bc08b19ada86fc17bcdd336fc488aa71badd090b90a8d98cb10055d49def8,cenario_proxima_competencia_sem_observacao
sinapi_es,sem_desoneracao,104589,"REVESTIMENTO CERÂMICO PARA PAREDES EXTERNAS, COM PLACAS TIPO GRÊS OU SEMIGRÊS, FORMATO MENOR OU IGUAL A 200 CM2, ALINHADAS A PRUMO, APLICADO EM SUPERFÍCIES INTERNAS DE SACADA. AF_02/2023",Revestimentos Cerâmicos Externos,M2,928df42a952625eb12d41baf2b5ab17e1207af6e7881cb9f1c7fcac4708400e3,35d7fe54f1bacf42d7a8ae2fef6efd861b35c6d3447e5a59ca94fa33927a7b43,2026-05,2026-06,257.77,257.54,249.06,2026-06-12,persistencia,257.77,,2026-05,,7b4bc08b19ada86fc17bcdd336fc488aa71badd090b90a8d98cb10055d49def8,cenario_proxima_competencia_sem_observacao
sinapi_es,sem_desoneracao,104590,"REVESTIMENTO CERÂMICO PARA PAREDES EXTERNAS, COM PLACAS TIPO GRÊS OU SEMIGRÊS, FORMATO MENOR OU IGUAL A 200 CM2, DISPOSTAS EM AMARRAÇÃO. AF_02/2023",Revestimentos Cerâmicos Externos,M2,928df42a952625eb12d41baf2b5ab17e1207af6e7881cb9f1c7fcac4708400e3,e45021ddb90dd097566ba19857c123cb777aacd515d98e51caaac3f49dfbe611,2026-05,2026-06,241.07,240.84,232.99,2026-06-12,persistencia,241.07,,2026-05,,7b4bc08b19ada86fc17bcdd336fc488aa71badd090b90a8d98cb10055d49def8,cenario_proxima_competencia_sem_observacao
sinapi_es,sem_desoneracao,104591,"REVESTIMENTO CERÂMICO PARA PAREDES EXTERNAS, COM PLACAS TIPO GRÊS OU SEMIGRÊS, FORMATO MENOR OU IGUAL A 200 CM2, DISPOSTAS EM AMARRAÇÃO, APLICADO EM SUPERFÍCIES INTERNAS DE SACADA. AF_02/2023",Revestimentos Cerâmicos Externos,M2,928df42a952625eb12d41baf2b5ab17e1207af6e7881cb9f1c7fcac4708400e3,0457091c27305fa92d71a31df2598015837ff62d2a472c59a5d6cf12bf34cb58,2026-05,2026-06,285.35,285.12,275.65,2026-06-12,persistencia,285.35,,2026-05,,7b4bc08b19ada86fc17bcdd336fc488aa71badd090b90a8d98cb10055d49def8,cenario_proxima_competencia_sem_observacao
sinapi_es,sem_desoneracao,87244,"REVESTIMENTO CERÂMICO PARA PAREDES EXTERNAS EM PASTILHAS DE PORCELANA 5 X 5 CM (PLACAS DE 30 X 30 CM), ALINHADAS A PRUMO. AF_02/2023",Revestimentos Cerâmicos Externos,M2,928df42a952625eb12d41baf2b5ab17e1207af6e7881cb9f1c7fcac4708400e3,6e734163e279c315d263f4f4aa7a255b543fa87b8e64586a7608a7f53cbc1d85,2026-05,2026-06,257.38,257.15,248.74,2026-06-12,persistencia,257.38,,2026-05,,7b4bc08b19ada86fc17bcdd336fc488aa71badd090b90a8d98cb10055d49def8,cenario_proxima_competencia_sem_observacao
sinapi_es,sem_desoneracao,87245,"REVESTIMENTO CERÂMICO PARA PAREDES EXTERNAS EM PASTILHAS DE PORCELANA 5 X 5 CM (PLACAS DE 30 X 30 CM), ALINHADAS A PRUMO, APLICADO EM SUPERFÍCIES INTERNAS DE SACADA. AF_02/2023",Revestimentos Cerâmicos Externos,M2,928df42a952625eb12d41baf2b5ab17e1207af6e7881cb9f1c7fcac4708400e3,edb3e39fae696649a7c9a46221ab38d65fe9ee6689c6c51d7efaef4268d4e675,2026-05,2026-06,307.78,307.55,297.3,2026-06-12,persistencia,307.78,,2026-05,,7b4bc08b19ada86fc17bcdd336fc488aa71badd090b90a8d98cb10055d49def8,cenario_proxima_competencia_sem_observacao
sinapi_es,sem_desoneracao,88788,"REVESTIMENTO CERÂMICO PARA PAREDES EXTERNAS EM PASTILHAS DE PORCELANA 2,5 X 2,5 CM (PLACAS DE 30 X 30 CM), ALINHADAS A PRUMO. AF_02/2023",Revestimentos Cerâmicos Externos,M2,928df42a952625eb12d41baf2b5ab17e1207af6e7881cb9f1c7fcac4708400e3,da4854d78769de03a1360e110e033a8acdddd190470342d16ead5abb1eba511a,2026-05,2026-06,330.92,330.63,319.78,2026-06-12,persistencia,330.92,,2026-05,,7b4bc08b19ada86fc17bcdd336fc488aa71badd090b90a8d98cb10055d49def8,cenario_proxima_competencia_sem_observacao
sinapi_es,sem_desoneracao,88789,"REVESTIMENTO CERÂMICO PARA PAREDES EXTERNAS EM PASTILHAS DE PORCELANA 2,5 X 2,5 CM (PLACAS DE 30 X 30 CM), ALINHADAS A PRUMO, APLICADO EM SUPERFÍCIES INTERNAS DE SACADA. AF_02/2023",Revestimentos Cerâmicos Externos,M2,928df42a952625eb12d41baf2b5ab17e1207af6e7881cb9f1c7fcac4708400e3,4c38f57312bda80269ffffe23ccb8be7bb9dd3a1e398158bcc69e1122cb8b9c3,2026-05,2026-06,396.38,396.09,382.84,2026-06-12,persistencia,396.38,,2026-05,,7b4bc08b19ada86fc17bcdd336fc488aa71badd090b90a8d98cb10055d49def8,cenario_proxima_competencia_sem_observacao
sinapi_es,sem_desoneracao,104593,REVESTIMENTO CERÂMICO PARA PISO COM PLACAS TIPO ESMALTADA DE DIMENSÕES 80X80 CM APLICADA EM AMBIENTES DE ÁREA MENOR QUE 5 M². AF_02/2023_PE,Revestimentos Cerâmicos Internos,M2,928df42a952625eb12d41baf2b5ab17e1207af6e7881cb9f1c7fcac4708400e3,0e0f59748237485e65b83ca8e7ebe21e940195770abd91d4f634b19b54bea30c,2026-05,2026-06,88.55,88.45,85.38,2026-06-12,linear_multipla,87.96150381280947,,2026-05,500a02a980ff7f1c.joblib,7b4bc08b19ada86fc17bcdd336fc488aa71badd090b90a8d98cb10055d49def8,cenario_proxima_competencia_sem_observacao
sinapi_es,sem_desoneracao,104594,REVESTIMENTO CERÂMICO PARA PISO COM PLACAS TIPO ESMALTADA DE DIMENSÕES 80X80 CM APLICADA EM AMBIENTES DE ÁREA ENTRE 5 M² E 10 M². AF_02/2023_PE,Revestimentos Cerâmicos Internos,M2,928df42a952625eb12d41baf2b5ab17e1207af6e7881cb9f1c7fcac4708400e3,024316c6d451204b11fd0dcfd88a13e393d8eff59e112bc653bbdb88b30c8dc8,2026-05,2026-06,72.93,72.83,70.43,2026-06-12,linear_multipla,72.55454453268017,,2026-05,500a02a980ff7f1c.joblib,7b4bc08b19ada86fc17bcdd336fc488aa71badd090b90a8d98cb10055d49def8,cenario_proxima_competencia_sem_observacao
sinapi_es,sem_desoneracao,104595,REVESTIMENTO CERÂMICO PARA PISO COM PLACAS TIPO ESMALTADA DE DIMENSÕES 80X80 CM APLICADA EM AMBIENTES DE ÁREA MAIOR QUE 10 M². AF_02/2023_PE,Revestimentos Cerâmicos Internos,M2,928df42a952625eb12d41baf2b5ab17e1207af6e7881cb9f1c7fcac4708400e3,cdf45b3fe6831bed3da0a340c4299385879b6dc810703404fbadeaf3e6b55a7a,2026-05,2026-06,59.02,58.92,57.13,2026-06-12,linear_multipla,58.83740080318473,,2026-05,500a02a980ff7f1c.joblib,7b4bc08b19ada86fc17bcdd336fc488aa71badd090b90a8d98cb10055d49def8,cenario_proxima_competencia_sem_observacao
sinapi_es,sem_desoneracao,104596,REVESTIMENTO CERÂMICO PARA PISO COM PLACAS TIPO PORCELANATO DE DIMENSÕES 80X80 CM APLICADA EM AMBIENTES DE ÁREA MENOR QUE 5 M². AF_02/2023_PE,Revestimentos Cerâmicos Internos,M2,928df42a952625eb12d41baf2b5ab17e1207af6e7881cb9f1c7fcac4708400e3,8f8e641882fc788a724288687962c8776c04dbb016dfa20ce9ec73971d1368d6,2026-05,2026-06,137.52,137.23,133.0,2026-06-12,linear_multipla,136.4267727319363,,2026-05,500a02a980ff7f1c.joblib,7b4bc08b19ada86fc17bcdd336fc488aa71badd090b90a8d98cb10055d49def8,cenario_proxima_competencia_sem_observacao
sinapi_es,sem_desoneracao,104597,REVESTIMENTO CERÂMICO PARA PISO COM PLACAS TIPO PORCELANATO DE DIMENSÕES 80X80 CM APLICADA EM AMBIENTES DE ÁREA ENTRE 5 M² E 10 M². AF_02/2023_PE,Revestimentos Cerâmicos Internos,M2,928df42a952625eb12d41baf2b5ab17e1207af6e7881cb9f1c7fcac4708400e3,3ae4fed740d9ce3d16fa76b960d536d1748af594b64a314b8c4c14db40bcb977,2026-05,2026-06,120.69,120.4,116.88,2026-06-12,linear_multipla,119.8235185746545,,2026-05,500a02a980ff7f1c.joblib,7b4bc08b19ada86fc17bcdd336fc488aa71badd090b90a8d98cb10055d49def8,cenario_proxima_competencia_sem_observacao
sinapi_es,sem_desoneracao,104598,REVESTIMENTO CERÂMICO PARA PISO COM PLACAS TIPO PORCELANATO DE DIMENSÕES 80X80 CM APLICADA EM AMBIENTES DE ÁREA MAIOR QUE 10 M². AF_02/2023_PE,Revestimentos Cerâmicos Internos,M2,928df42a952625eb12d41baf2b5ab17e1207af6e7881cb9f1c7fcac4708400e3,5f4f17fe8a403b7ac9e8afec08c049fe4725c6a34903d643be8364dd06ba494c,2026-05,2026-06,106.16,105.87,102.97,2026-06-12,linear_multipla,105.4909297171317,,2026-05,500a02a980ff7f1c.joblib,7b4bc08b19ada86fc17bcdd336fc488aa71badd090b90a8d98cb10055d49def8,cenario_proxima_competencia_sem_observacao
sinapi_es,sem_desoneracao,104599,REVESTIMENTO CERÂMICO PARA PISO COM PLACAS TIPO ESMALTADA DE DIMENSÕES 35X35 CM APLICADA EM DIAGONAL EM AMBIENTES DE ÁREA MENOR QUE 5 M². AF_02/2023_PE,Revestimentos Cerâmicos Internos,M2,928df42a952625eb12d41baf2b5ab17e1207af6e7881cb9f1c7fcac4708400e3,497188bca008d861a307ce783a5e2de4f3738afb272a892e4566e26717dc8004,2026-05,2026-06,83.25,83.14,80.29,2026-06-12,linear_multipla,82.72901577465096,,2026-05,500a02a980ff7f1c.joblib,7b4bc08b19ada86fc17bcdd336fc488aa71badd090b90a8d98cb10055d49def8,cenario_proxima_competencia_sem_observacao
sinapi_es,sem_desoneracao,104601,REVESTIMENTO CERÂMICO PARA PISO COM PLACAS TIPO ESMALTADA DE DIMENSÕES 35X35 CM APLICADA EM DIAGONAL EM AMBIENTES DE ÁREA ENTRE 5 M² E 10 M². AF_02/2023_PE,Revestimentos Cerâmicos Internos,M2,928df42a952625eb12d41baf2b5ab17e1207af6e7881cb9f1c7fcac4708400e3,c4019d0f4a7379d048f33088815562f68bbc25963b964a2bc4e3ff1aba96e9bb,2026-05,2026-06,64.68,64.57,62.51,2026-06-12,linear_multipla,64.41075472272613,,2026-05,500a02a980ff7f1c.joblib,7b4bc08b19ada86fc17bcdd336fc488aa71badd090b90a8d98cb10055d49def8,cenario_proxima_competencia_sem_observacao
sinapi_es,sem_desoneracao,104603,REVESTIMENTO CERÂMICO PARA PISO COM PLACAS TIPO ESMALTADA DE DIMENSÕES 35X35 CM APLICADA EM DIAGONAL EM AMBIENTES DE ÁREA MAIOR QUE 10 M². AF_02/2023_PE,Revestimentos Cerâmicos Internos,M2,928df42a952625eb12d41baf2b5ab17e1207af6e7881cb9f1c7fcac4708400e3,5d8a1fcdd39a61f078481b6c4b15c4efdd5b347b1112619dead7b82362850137,2026-05,2026-06,52.23,52.12,50.61,2026-06-12,linear_multipla,52.13431519840061,,2026-05,500a02a980ff7f1c.joblib,7b4bc08b19ada86fc17bcdd336fc488aa71badd090b90a8d98cb10055d49def8,cenario_proxima_competencia_sem_observacao
sinapi_es,sem_desoneracao,104605,REVESTIMENTO CERÂMICO PARA PISO COM PLACAS TIPO ESMALTADA DE DIMENSÕES 45X45 CM APLICADA EM DIAGONAL EM AMBIENTES DE ÁREA MENOR QUE 5 M². AF_02/2023_PE,Revestimentos Cerâmicos Internos,M2,928df42a952625eb12d41baf2b5ab17e1207af6e7881cb9f1c7fcac4708400e3,fa4edcb4cef1ed7e266909c84e02d5d7958afdc2a76237f10529fe9f88b2f380,2026-05,2026-06,106.52,106.42,102.55,2026-06-12,linear_multipla,105.67954662689755,,2026-05,500a02a980ff7f1c.joblib,7b4bc08b19ada86fc17bcdd336fc488aa71badd090b90a8d98cb10055d49def8,cenario_proxima_competencia_sem_observacao
sinapi_es,sem_desoneracao,104606,REVESTIMENTO CERÂMICO PARA PISO COM PLACAS TIPO ESMALTADA DE DIMENSÕES 45X45 CM APLICADA EM DIAGONAL EM AMBIENTES DE ÁREA ENTRE 5 M² E 10 M². AF_02/2023_PE,Revestimentos Cerâmicos Internos,M2,928df42a952625eb12d41baf2b5ab17e1207af6e7881cb9f1c7fcac4708400e3,794adba807d58aa39fedb9dbd3c818ee3c5a82dcf6350fd307f19aa7c96f5ab9,2026-05,2026-06,69.81,69.71,67.42,2026-06-12,linear_multipla,69.47149603724588,,2026-05,500a02a980ff7f1c.joblib,7b4bc08b19ada86fc17bcdd336fc488aa71badd090b90a8d98cb10055d49def8,cenario_proxima_competencia_sem_observacao
sinapi_es,sem_desoneracao,104607,REVESTIMENTO CERÂMICO PARA PISO COM PLACAS TIPO ESMALTADA DE DIMENSÕES 45X45 CM APLICADA EM DIAGONAL EM AMBIENTES DE ÁREA MAIOR QUE 10 M². AF_02/2023_PE,Revestimentos Cerâmicos Internos,M2,928df42a952625eb12d41baf2b5ab17e1207af6e7881cb9f1c7fcac4708400e3,131d80de4a42cfb9e06da5d78aa91f8ee89a3b88208340f57b78b68deee0f0a6,2026-05,2026-06,53.84,53.74,52.14,2026-06-12,linear_multipla,53.72048289091356,,2026-05,500a02a980ff7f1c.joblib,7b4bc08b19ada86fc17bcdd336fc488aa71badd090b90a8d98cb10055d49def8,cenario_proxima_competencia_sem_observacao
sinapi_es,sem_desoneracao,104611,REVESTIMENTO CERÂMICO PARA PAREDES INTERNAS COM PLACAS TIPO ESMALTADA DE DIMENSÕES 60X60 CM APLICADAS NA ALTURA INTEIRA DAS PAREDES. AF_02/2023_PE,Revestimentos Cerâmicos Internos,M2,928df42a952625eb12d41baf2b5ab17e1207af6e7881cb9f1c7fcac4708400e3,bab73935b14938dd14e57721fd402aba3de4a97444e546e0d1d632645d9dc846,2026-05,2026-06,91.29,91.21,88.17,2026-06-12,linear_multipla,90.70491659773317,,2026-05,500a02a980ff7f1c.joblib,7b4bc08b19ada86fc17bcdd336fc488aa71badd090b90a8d98cb10055d49def8,cenario_proxima_competencia_sem_observacao
sinapi_es,sem_desoneracao,104612,REVESTIMENTO CERÂMICO PARA PAREDES INTERNAS COM PLACAS TIPO ESMALTADA DE DIMENSÕES 60X60 CM APLICADAS A MEIA ALTURA DAS PAREDES. AF_02/2023_PE,Revestimentos Cerâmicos Internos,M2,928df42a952625eb12d41baf2b5ab17e1207af6e7881cb9f1c7fcac4708400e3,3fbcf9194a0fcc54bb1d2d23bbfa0c803c9459e82e3752d17779425c0db80263,2026-05,2026-06,92.41,92.33,89.23,2026-06-12,linear_multipla,91.80682937307209,,2026-05,500a02a980ff7f1c.joblib,7b4bc08b19ada86fc17bcdd336fc488aa71badd090b90a8d98cb10055d49def8,cenario_proxima_competencia_sem_observacao
sinapi_es,sem_desoneracao,104613,"REVESTIMENTO CERÂMICO PARA PAREDES INTERNAS COM PLACAS TIPO ESMALTADA DE DIMENSÕES 20X20 CM APLICADAS EM DIAGONAL, NA ALTURA INTEIRA DAS PAREDES. AF_02/2023_PE",Revestimentos Cerâmicos Internos,M2,928df42a952625eb12d41baf2b5ab17e1207af6e7881cb9f1c7fcac4708400e3,e41ad66f447128a1fdeacaa5387e6849d5df6806f9dcebb9134922dcf4e9b958,2026-05,2026-06,63.81,63.74,61.7,2026-06-12,linear_multipla,63.56074808289588,,2026-05,500a02a980ff7f1c.joblib,7b4bc08b19ada86fc17bcdd336fc488aa71badd090b90a8d98cb10055d49def8,cenario_proxima_competencia_sem_observacao
sinapi_es,sem_desoneracao,104614,"REVESTIMENTO CERÂMICO PARA PAREDES INTERNAS COM PLACAS TIPO ESMALTADA DE DIMENSÕES 20X20 CM APLICADAS EM DIAGONAL, A MEIA ALTURA DAS PAREDES. AF_02/2023_PE",Revestimentos Cerâmicos Internos,M2,928df42a952625eb12d41baf2b5ab17e1207af6e7881cb9f1c7fcac4708400e3,379d6e62b1d50d1d947bf85f28a1047b11f797d3a6a42497f0ab59c51e2c2251,2026-05,2026-06,72.34,72.27,69.9,2026-06-12,linear_multipla,71.98284390225837,,2026-05,500a02a980ff7f1c.joblib,7b4bc08b19ada86fc17bcdd336fc488aa71badd090b90a8d98cb10055d49def8,cenario_proxima_competencia_sem_observacao
sinapi_es,sem_desoneracao,104615,REVESTIMENTO CERÂMICO PARA PAREDES INTERNAS COM PLACAS TIPO PASTILHA DE DIMENSÕES 5 X 5 CM (PLACAS DE 30 X 30 CM) CM APLICADAS NA ALTURA INTEIRA DAS PAREDES. AF_02/2023,Revestimentos Cerâmicos Internos,M2,928df42a952625eb12d41baf2b5ab17e1207af6e7881cb9f1c7fcac4708400e3,c4e86b5cd285755ea40ecff7e9b4b7a6914b210030a2eddee41f03ecafed156e,2026-05,2026-06,253.53,253.29,244.7,2026-06-12,linear_multipla,251.01461020885995,,2026-05,500a02a980ff7f1c.joblib,7b4bc08b19ada86fc17bcdd336fc488aa71badd090b90a8d98cb10055d49def8,cenario_proxima_competencia_sem_observacao
sinapi_es,sem_desoneracao,104616,"REVESTIMENTO CERÂMICO PARA PAREDES INTERNAS COM PLACAS TIPO PASTILHA DE DIMENSÕES 2,5 X 2,5 CM (PLACAS DE 30 X 30 CM) CM APLICADAS NA ALTURA INTEIRA DAS PAREDES. AF_02/2023",Revestimentos Cerâmicos Internos,M2,928df42a952625eb12d41baf2b5ab17e1207af6e7881cb9f1c7fcac4708400e3,9a6a13d2b2127e9e4299caab788a189cae540a1a00f16fbe554292b21a7263c4,2026-05,2026-06,329.47,329.13,318.12,2026-06-12,linear_multipla,326.08523133361723,,2026-05,500a02a980ff7f1c.joblib,7b4bc08b19ada86fc17bcdd336fc488aa71badd090b90a8d98cb10055d49def8,cenario_proxima_competencia_sem_observacao
sinapi_es,sem_desoneracao,104617,REVESTIMENTO CERÂMICO PARA PAREDES INTERNAS COM PLACAS TIPO PASTILHA DE DIMENSÕES 5 X 5 CM (PLACAS DE 30 X 30 CM) CM APLICADAS A MEIA ALTURA DAS PAREDES. AF_02/2023,Revestimentos Cerâmicos Internos,M2,928df42a952625eb12d41baf2b5ab17e1207af6e7881cb9f1c7fcac4708400e3,2e85cac71f9e3954cbea24d81498a9aa21fe0db0a21c44649bf557dfbbc866e7,2026-05,2026-06,266.99,266.75,257.63,2026-06-12,linear_multipla,264.3021615863064,,2026-05,500a02a980ff7f1c.joblib,7b4bc08b19ada86fc17bcdd336fc488aa71badd090b90a8d98cb10055d49def8,cenario_proxima_competencia_sem_observacao
sinapi_es,sem_desoneracao,104618,"REVESTIMENTO CERÂMICO PARA PAREDES INTERNAS COM PLACAS TIPO PASTILHA DE DIMENSÕES 2,5 X 2,5 CM (PLACAS DE 30 X 30 CM) CM APLICADAS A MEIA ALTURA DAS PAREDES. AF_02/2023",Revestimentos Cerâmicos Internos,M2,928df42a952625eb12d41baf2b5ab17e1207af6e7881cb9f1c7fcac4708400e3,8e7f97b5d2f51f997d62047ccf9e1995374040cb6270c5177980cccf661cc488,2026-05,2026-06,342.93,342.59,331.05,2026-06-12,linear_multipla,339.3727827110636,,2026-05,500a02a980ff7f1c.joblib,7b4bc08b19ada86fc17bcdd336fc488aa71badd090b90a8d98cb10055d49def8,cenario_proxima_competencia_sem_observacao
sinapi_es,sem_desoneracao,87246,REVESTIMENTO CERÂMICO PARA PISO COM PLACAS TIPO ESMALTADA DE DIMENSÕES 35X35 CM APLICADA EM AMBIENTES DE ÁREA MENOR QUE 5 M2. AF_02/2023_PE,Revestimentos Cerâmicos Internos,M2,928df42a952625eb12d41baf2b5ab17e1207af6e7881cb9f1c7fcac4708400e3,1569f7b49b709b53c21ee6b7e5a624fb401f0e62c122d585b97ea67e1f3d0e80,2026-05,2026-06,67.55,67.44,65.26,2026-06-12,linear_multipla,67.24234086397317,,2026-05,500a02a980ff7f1c.joblib,7b4bc08b19ada86fc17bcdd336fc488aa71badd090b90a8d98cb10055d49def8,cenario_proxima_competencia_sem_observacao
sinapi_es,sem_desoneracao,87247,REVESTIMENTO CERÂMICO PARA PISO COM PLACAS TIPO ESMALTADA DE DIMENSÕES 35X35 CM APLICADA EM AMBIENTES DE ÁREA ENTRE 5 M2 E 10 M2. AF_02/2023_PE,Revestimentos Cerâmicos Internos,M2,928df42a952625eb12d41baf2b5ab17e1207af6e7881cb9f1c7fcac4708400e3,aa660b4344bfc2748b7ffb48c2e823fd0681ae0ea156816f5ad20b4c480fec48,2026-05,2026-06,58.75,58.64,56.84,2026-06-12,linear_multipla,58.562959835125945,,2026-05,500a02a980ff7f1c.joblib,7b4bc08b19ada86fc17bcdd336fc488aa71badd090b90a8d98cb10055d49def8,cenario_proxima_competencia_sem_observacao
sinapi_es,sem_desoneracao,87248,REVESTIMENTO CERÂMICO PARA PISO COM PLACAS TIPO ESMALTADA DE DIMENSÕES 35X35 CM APLICADA EM AMBIENTES DE ÁREA MAIOR QUE 10 M2. AF_02/2023_PE,Revestimentos Cerâmicos Internos,M2,928df42a952625eb12d41baf2b5ab17e1207af6e7881cb9f1c7fcac4708400e3,bd8abf7bfa45fc07a2eb67f7cfc73c943af2509c706ab02b83fe59d35ce4662e,2026-05,2026-06,49.29,49.18,47.79,2026-06-12,linear_multipla,49.23297788042365,,2026-05,500a02a980ff7f1c.joblib,7b4bc08b19ada86fc17bcdd336fc488aa71badd090b90a8d98cb10055d49def8,cenario_proxima_competencia_sem_observacao
sinapi_es,sem_desoneracao,87249,REVESTIMENTO CERÂMICO PARA PISO COM PLACAS TIPO ESMALTADA DE DIMENSÕES 45X45 CM APLICADA EM AMBIENTES DE ÁREA MENOR QUE 5 M2. AF_02/2023_PE,Revestimentos Cerâmicos Internos,M2,928df42a952625eb12d41baf2b5ab17e1207af6e7881cb9f1c7fcac4708400e3,bae48916357cc84d6e5b0e3f70815d8c0649b274755421fbcc16539d0f306d5d,2026-05,2026-06,73.31,73.21,70.76,2026-06-12,linear_multipla,72.92143873416904,,2026-05,500a02a980ff7f1c.joblib,7b4bc08b19ada86fc17bcdd336fc488aa71badd090b90a8d98cb10055d49def8,cenario_proxima_competencia_sem_observacao
sinapi_es,sem_desoneracao,87250,REVESTIMENTO CERÂMICO PARA PISO COM PLACAS TIPO ESMALTADA DE DIMENSÕES 45X45 CM APLICADA EM AMBIENTES DE ÁREA ENTRE 5 M2 E 10 M2. AF_02/2023_PE,Revestimentos Cerâmicos Internos,M2,928df42a952625eb12d41baf2b5ab17e1207af6e7881cb9f1c7fcac4708400e3,f97c5f6f6bac6f284b6384a603d1fe62c47ab72237cd78784faf29e16771b1cb,2026-05,2026-06,60.4,60.3,58.41,2026-06-12,linear_multipla,60.18898534291312,,2026-05,500a02a980ff7f1c.joblib,7b4bc08b19ada86fc17bcdd336fc488aa71badd090b90a8d98cb10055d49def8,cenario_proxima_competencia_sem_observacao
sinapi_es,sem_desoneracao,87251,REVESTIMENTO CERÂMICO PARA PISO COM PLACAS TIPO ESMALTADA DE DIMENSÕES 45X45 CM APLICADA EM AMBIENTES DE ÁREA MAIOR QUE 10 M2. AF_02/2023_PE,Revestimentos Cerâmicos Internos,M2,928df42a952625eb12d41baf2b5ab17e1207af6e7881cb9f1c7fcac4708400e3,930e86c10e767cb0656594a41370ee84a443c28998ae9e2b4f9b5a82fc839f68,2026-05,2026-06,49.64,49.54,48.12,2026-06-12,linear_multipla,49.57773044413784,,2026-05,500a02a980ff7f1c.joblib,7b4bc08b19ada86fc17bcdd336fc488aa71badd090b90a8d98cb10055d49def8,cenario_proxima_competencia_sem_observacao
sinapi_es,sem_desoneracao,87255,REVESTIMENTO CERÂMICO PARA PISO COM PLACAS TIPO ESMALTADA DE DIMENSÕES 60X60 CM APLICADA EM AMBIENTES DE ÁREA MENOR QUE 5 M2. AF_02/2023_PE,Revestimentos Cerâmicos Internos,M2,928df42a952625eb12d41baf2b5ab17e1207af6e7881cb9f1c7fcac4708400e3,ea3f2833df20120905dafc5520f64f1ef0a9a65cad6a0d6f04e085fc73ccb1d6,2026-05,2026-06,84.47,84.37,81.48,2026-06-12,linear_multipla,83.93832481185646,,2026-05,500a02a980ff7f1c.joblib,7b4bc08b19ada86fc17bcdd336fc488aa71badd090b90a8d98cb10055d49def8,cenario_proxima_competencia_sem_observacao
sinapi_es,sem_desoneracao,87256,REVESTIMENTO CERÂMICO PARA PISO COM PLACAS TIPO ESMALTADA DE DIMENSÕES 60X60 CM APLICADA EM AMBIENTES DE ÁREA ENTRE 5 M2 E 10 M2. AF_02/2023_PE,Revestimentos Cerâmicos Internos,M2,928df42a952625eb12d41baf2b5ab17e1207af6e7881cb9f1c7fcac4708400e3,6f9fff345c88acc238a464de9d98675ad9cd8bc2c4b2d21dad34ba80fc16a7c9,2026-05,2026-06,70.43,70.33,68.05,2026-06-12,linear_multipla,70.09164318271976,,2026-05,500a02a980ff7f1c.joblib,7b4bc08b19ada86fc17bcdd336fc488aa71badd090b90a8d98cb10055d49def8,cenario_proxima_competencia_sem_observacao
sinapi_es,sem_desoneracao,87257,REVESTIMENTO CERÂMICO PARA PISO COM PLACAS TIPO ESMALTADA DE DIMENSÕES 60X60 CM APLICADA EM AMBIENTES DE ÁREA MAIOR QUE 10 M2. AF_02/2023_PE,Revestimentos Cerâmicos Internos,M2,928df42a952625eb12d41baf2b5ab17e1207af6e7881cb9f1c7fcac4708400e3,ccef67351f6a29b21d80cddac9a64e63d45c88d5600f7bbfdff7912c8c0380ad,2026-05,2026-06,58.47,58.37,56.6,2026-06-12,linear_multipla,58.29405786061055,,2026-05,500a02a980ff7f1c.joblib,7b4bc08b19ada86fc17bcdd336fc488aa71badd090b90a8d98cb10055d49def8,cenario_proxima_competencia_sem_observacao
sinapi_es,sem_desoneracao,87261,REVESTIMENTO CERÂMICO PARA PISO COM PLACAS TIPO PORCELANATO DE DIMENSÕES 60X60 CM APLICADA EM AMBIENTES DE ÁREA MENOR QUE 5 M². AF_02/2023_PE,Revestimentos Cerâmicos Internos,M2,928df42a952625eb12d41baf2b5ab17e1207af6e7881cb9f1c7fcac4708400e3,6a713995cc08e479bf6770caf76417c5b5ca3e8c0b38b6576829012f810366cb,2026-05,2026-06,132.94,132.65,128.61,2026-06-12,linear_multipla,131.90772204877862,,2026-05,500a02a980ff7f1c.joblib,7b4bc08b19ada86fc17bcdd336fc488aa71badd090b90a8d98cb10055d49def8,cenario_proxima_competencia_sem_observacao
sinapi_es,sem_desoneracao,87262,REVESTIMENTO CERÂMICO PARA PISO COM PLACAS TIPO PORCELANATO DE DIMENSÕES 60X60 CM APLICADA EM AMBIENTES DE ÁREA ENTRE 5 M² E 10 M². AF_02/2023_PE,Revestimentos Cerâmicos Internos,M2,928df42a952625eb12d41baf2b5ab17e1207af6e7881cb9f1c7fcac4708400e3,531346d3c6db3c97883c15760cd1fc19b1d438d30b0ac7095cb613f424f9281e,2026-05,2026-06,117.87,117.58,114.19,2026-06-12,linear_multipla,117.04410571122351,,2026-05,500a02a980ff7f1c.joblib,7b4bc08b19ada86fc17bcdd336fc488aa71badd090b90a8d98cb10055d49def8,cenario_proxima_competencia_sem_observacao
sinapi_es,sem_desoneracao,87263,REVESTIMENTO CERÂMICO PARA PISO COM PLACAS TIPO PORCELANATO DE DIMENSÕES 60X60 CM APLICADA EM AMBIENTES DE ÁREA MAIOR QUE 10 M². AF_02/2023_PE,Revestimentos Cerâmicos Internos,M2,928df42a952625eb12d41baf2b5ab17e1207af6e7881cb9f1c7fcac4708400e3,a4d3308be07f77ad85eeb39c6a4b43e6880acac1f37130d8aa072aed263f3d61,2026-05,2026-06,105.51,105.22,102.36,2026-06-12,linear_multipla,104.85264425381848,,2026-05,500a02a980ff7f1c.joblib,7b4bc08b19ada86fc17bcdd336fc488aa71badd090b90a8d98cb10055d49def8,cenario_proxima_competencia_sem_observacao
sinapi_es,sem_desoneracao,87265,REVESTIMENTO CERÂMICO PARA PAREDES INTERNAS COM PLACAS TIPO ESMALTADA DE DIMENSÕES 20X20 CM APLICADAS NA ALTURA INTEIRA DAS PAREDES. AF_02/2023_PE,Revestimentos Cerâmicos Internos,M2,928df42a952625eb12d41baf2b5ab17e1207af6e7881cb9f1c7fcac4708400e3,929d5bdbe6ae3190c8ed27954c2d3ca0395228971d407df0875b706175c35328,2026-05,2026-06,59.53,59.46,57.59,2026-06-12,linear_multipla,59.33592899684843,,2026-05,500a02a980ff7f1c.joblib,7b4bc08b19ada86fc17bcdd336fc488aa71badd090b90a8d98cb10055d49def8,cenario_proxima_competencia_sem_observacao
sinapi_es,sem_desoneracao,87267,REVESTIMENTO CERÂMICO PARA PAREDES INTERNAS COM PLACAS TIPO ESMALTADA DE DIMENSÕES 20X20 CM APLICADAS A MEIA ALTURA DAS PAREDES. AF_02/2023_PE,Revestimentos Cerâmicos Internos,M2,928df42a952625eb12d41baf2b5ab17e1207af6e7881cb9f1c7fcac4708400e3,199cf28c309a0cfb9f5e7f01a7bf41152c715af6451835097d46433c74ce99de,2026-05,2026-06,66.11,66.04,63.91,2026-06-12,linear_multipla,65.8314133826549,,2026-05,500a02a980ff7f1c.joblib,7b4bc08b19ada86fc17bcdd336fc488aa71badd090b90a8d98cb10055d49def8,cenario_proxima_competencia_sem_observacao
sinapi_es,sem_desoneracao,87269,REVESTIMENTO CERÂMICO PARA PAREDES INTERNAS COM PLACAS TIPO ESMALTADA DE DIMENSÕES 25X35 CM APLICADAS NA ALTURA INTEIRA DAS PAREDES. AF_02/2023_PE,Revestimentos Cerâmicos Internos,M2,928df42a952625eb12d41baf2b5ab17e1207af6e7881cb9f1c7fcac4708400e3,d69ebc2b94a81310a8245b1a6c52e04eb7d67acf214dab4efd8fed816525b022,2026-05,2026-06,64.48,64.41,62.33,2026-06-12,linear_multipla,64.21896245384622,,2026-05,500a02a980ff7f1c.joblib,7b4bc08b19ada86fc17bcdd336fc488aa71badd090b90a8d98cb10055d49def8,cenario_proxima_competencia_sem_observacao
sinapi_es,sem_desoneracao,87271,REVESTIMENTO CERÂMICO PARA PAREDES INTERNAS COM PLACAS TIPO ESMALTADA DE DIMENSÕES 25X35 CM APLICADAS A MEIA ALTURA DAS PAREDES. AF_02/2023_PE,Revestimentos Cerâmicos Internos,M2,928df42a952625eb12d41baf2b5ab17e1207af6e7881cb9f1c7fcac4708400e3,0f51b5d9a1549fab376a76945b855cb03e140bb466a9d88754499a85700e9587,2026-05,2026-06,71.14,71.07,68.73,2026-06-12,linear_multipla,70.79416247020116,,2026-05,500a02a980ff7f1c.joblib,7b4bc08b19ada86fc17bcdd336fc488aa71badd090b90a8d98cb10055d49def8,cenario_proxima_competencia_sem_observacao
sinapi_es,sem_desoneracao,87273,REVESTIMENTO CERÂMICO PARA PAREDES INTERNAS COM PLACAS TIPO ESMALTADA DE DIMENSÕES 33X45 CM APLICADAS NA ALTURA INTEIRA DAS PAREDES. AF_02/2023_PE,Revestimentos Cerâmicos Internos,M2,928df42a952625eb12d41baf2b5ab17e1207af6e7881cb9f1c7fcac4708400e3,07e1e08be6f7c523171825855e591f8db890831ff8ca142f3fb2936ee3492521,2026-05,2026-06,67.92,67.83,65.68,2026-06-12,linear_multipla,67.62417809389854,,2026-05,500a02a980ff7f1c.joblib,7b4bc08b19ada86fc17bcdd336fc488aa71badd090b90a8d98cb10055d49def8,cenario_proxima_competencia_sem_observacao
sinapi_es,sem_desoneracao,87275,REVESTIMENTO CERÂMICO PARA PAREDES INTERNAS COM PLACAS TIPO ESMALTADA DE DIMENSÕES 33X45 CM APLICADAS A MEIA ALTURA DAS PAREDES. AF_02/2023_PE,Revestimentos Cerâmicos Internos,M2,928df42a952625eb12d41baf2b5ab17e1207af6e7881cb9f1c7fcac4708400e3,2cbcfd6a9dddfd52bb676682413678e5df105e0a0fdda292703a5403cf72bda0,2026-05,2026-06,76.71,76.62,74.12,2026-06-12,linear_multipla,76.300647695097,,2026-05,500a02a980ff7f1c.joblib,7b4bc08b19ada86fc17bcdd336fc488aa71badd090b90a8d98cb10055d49def8,cenario_proxima_competencia_sem_observacao
sinapi_es,sem_desoneracao,104593,REVESTIMENTO CERÂMICO PARA PISO COM PLACAS TIPO ESMALTADA DE DIMENSÕES 80X80 CM APLICADA EM AMBIENTES DE ÁREA MENOR QUE 5 M². AF_02/2023_PE,Revestimentos Cerâmicos Internos,M2,928df42a952625eb12d41baf2b5ab17e1207af6e7881cb9f1c7fcac4708400e3,0e0f59748237485e65b83ca8e7ebe21e940195770abd91d4f634b19b54bea30c,2026-05,2026-06,88.55,88.45,85.38,2026-06-12,persistencia,88.55,,2026-05,,7b4bc08b19ada86fc17bcdd336fc488aa71badd090b90a8d98cb10055d49def8,cenario_proxima_competencia_sem_observacao
sinapi_es,sem_desoneracao,104594,REVESTIMENTO CERÂMICO PARA PISO COM PLACAS TIPO ESMALTADA DE DIMENSÕES 80X80 CM APLICADA EM AMBIENTES DE ÁREA ENTRE 5 M² E 10 M². AF_02/2023_PE,Revestimentos Cerâmicos Internos,M2,928df42a952625eb12d41baf2b5ab17e1207af6e7881cb9f1c7fcac4708400e3,024316c6d451204b11fd0dcfd88a13e393d8eff59e112bc653bbdb88b30c8dc8,2026-05,2026-06,72.93,72.83,70.43,2026-06-12,persistencia,72.93,,2026-05,,7b4bc08b19ada86fc17bcdd336fc488aa71badd090b90a8d98cb10055d49def8,cenario_proxima_competencia_sem_observacao
sinapi_es,sem_desoneracao,104595,REVESTIMENTO CERÂMICO PARA PISO COM PLACAS TIPO ESMALTADA DE DIMENSÕES 80X80 CM APLICADA EM AMBIENTES DE ÁREA MAIOR QUE 10 M². AF_02/2023_PE,Revestimentos Cerâmicos Internos,M2,928df42a952625eb12d41baf2b5ab17e1207af6e7881cb9f1c7fcac4708400e3,cdf45b3fe6831bed3da0a340c4299385879b6dc810703404fbadeaf3e6b55a7a,2026-05,2026-06,59.02,58.92,57.13,2026-06-12,persistencia,59.02,,2026-05,,7b4bc08b19ada86fc17bcdd336fc488aa71badd090b90a8d98cb10055d49def8,cenario_proxima_competencia_sem_observacao
sinapi_es,sem_desoneracao,104596,REVESTIMENTO CERÂMICO PARA PISO COM PLACAS TIPO PORCELANATO DE DIMENSÕES 80X80 CM APLICADA EM AMBIENTES DE ÁREA MENOR QUE 5 M². AF_02/2023_PE,Revestimentos Cerâmicos Internos,M2,928df42a952625eb12d41baf2b5ab17e1207af6e7881cb9f1c7fcac4708400e3,8f8e641882fc788a724288687962c8776c04dbb016dfa20ce9ec73971d1368d6,2026-05,2026-06,137.52,137.23,133.0,2026-06-12,persistencia,137.52,,2026-05,,7b4bc08b19ada86fc17bcdd336fc488aa71badd090b90a8d98cb10055d49def8,cenario_proxima_competencia_sem_observacao
sinapi_es,sem_desoneracao,104597,REVESTIMENTO CERÂMICO PARA PISO COM PLACAS TIPO PORCELANATO DE DIMENSÕES 80X80 CM APLICADA EM AMBIENTES DE ÁREA ENTRE 5 M² E 10 M². AF_02/2023_PE,Revestimentos Cerâmicos Internos,M2,928df42a952625eb12d41baf2b5ab17e1207af6e7881cb9f1c7fcac4708400e3,3ae4fed740d9ce3d16fa76b960d536d1748af594b64a314b8c4c14db40bcb977,2026-05,2026-06,120.69,120.4,116.88,2026-06-12,persistencia,120.69,,2026-05,,7b4bc08b19ada86fc17bcdd336fc488aa71badd090b90a8d98cb10055d49def8,cenario_proxima_competencia_sem_observacao
sinapi_es,sem_desoneracao,104598,REVESTIMENTO CERÂMICO PARA PISO COM PLACAS TIPO PORCELANATO DE DIMENSÕES 80X80 CM APLICADA EM AMBIENTES DE ÁREA MAIOR QUE 10 M². AF_02/2023_PE,Revestimentos Cerâmicos Internos,M2,928df42a952625eb12d41baf2b5ab17e1207af6e7881cb9f1c7fcac4708400e3,5f4f17fe8a403b7ac9e8afec08c049fe4725c6a34903d643be8364dd06ba494c,2026-05,2026-06,106.16,105.87,102.97,2026-06-12,persistencia,106.16,,2026-05,,7b4bc08b19ada86fc17bcdd336fc488aa71badd090b90a8d98cb10055d49def8,cenario_proxima_competencia_sem_observacao
sinapi_es,sem_desoneracao,104599,REVESTIMENTO CERÂMICO PARA PISO COM PLACAS TIPO ESMALTADA DE DIMENSÕES 35X35 CM APLICADA EM DIAGONAL EM AMBIENTES DE ÁREA MENOR QUE 5 M². AF_02/2023_PE,Revestimentos Cerâmicos Internos,M2,928df42a952625eb12d41baf2b5ab17e1207af6e7881cb9f1c7fcac4708400e3,497188bca008d861a307ce783a5e2de4f3738afb272a892e4566e26717dc8004,2026-05,2026-06,83.25,83.14,80.29,2026-06-12,persistencia,83.25,,2026-05,,7b4bc08b19ada86fc17bcdd336fc488aa71badd090b90a8d98cb10055d49def8,cenario_proxima_competencia_sem_observacao
sinapi_es,sem_desoneracao,104601,REVESTIMENTO CERÂMICO PARA PISO COM PLACAS TIPO ESMALTADA DE DIMENSÕES 35X35 CM APLICADA EM DIAGONAL EM AMBIENTES DE ÁREA ENTRE 5 M² E 10 M². AF_02/2023_PE,Revestimentos Cerâmicos Internos,M2,928df42a952625eb12d41baf2b5ab17e1207af6e7881cb9f1c7fcac4708400e3,c4019d0f4a7379d048f33088815562f68bbc25963b964a2bc4e3ff1aba96e9bb,2026-05,2026-06,64.68,64.57,62.51,2026-06-12,persistencia,64.68,,2026-05,,7b4bc08b19ada86fc17bcdd336fc488aa71badd090b90a8d98cb10055d49def8,cenario_proxima_competencia_sem_observacao
sinapi_es,sem_desoneracao,104603,REVESTIMENTO CERÂMICO PARA PISO COM PLACAS TIPO ESMALTADA DE DIMENSÕES 35X35 CM APLICADA EM DIAGONAL EM AMBIENTES DE ÁREA MAIOR QUE 10 M². AF_02/2023_PE,Revestimentos Cerâmicos Internos,M2,928df42a952625eb12d41baf2b5ab17e1207af6e7881cb9f1c7fcac4708400e3,5d8a1fcdd39a61f078481b6c4b15c4efdd5b347b1112619dead7b82362850137,2026-05,2026-06,52.23,52.12,50.61,2026-06-12,persistencia,52.23,,2026-05,,7b4bc08b19ada86fc17bcdd336fc488aa71badd090b90a8d98cb10055d49def8,cenario_proxima_competencia_sem_observacao
sinapi_es,sem_desoneracao,104605,REVESTIMENTO CERÂMICO PARA PISO COM PLACAS TIPO ESMALTADA DE DIMENSÕES 45X45 CM APLICADA EM DIAGONAL EM AMBIENTES DE ÁREA MENOR QUE 5 M². AF_02/2023_PE,Revestimentos Cerâmicos Internos,M2,928df42a952625eb12d41baf2b5ab17e1207af6e7881cb9f1c7fcac4708400e3,fa4edcb4cef1ed7e266909c84e02d5d7958afdc2a76237f10529fe9f88b2f380,2026-05,2026-06,106.52,106.42,102.55,2026-06-12,persistencia,106.52,,2026-05,,7b4bc08b19ada86fc17bcdd336fc488aa71badd090b90a8d98cb10055d49def8,cenario_proxima_competencia_sem_observacao
sinapi_es,sem_desoneracao,104606,REVESTIMENTO CERÂMICO PARA PISO COM PLACAS TIPO ESMALTADA DE DIMENSÕES 45X45 CM APLICADA EM DIAGONAL EM AMBIENTES DE ÁREA ENTRE 5 M² E 10 M². AF_02/2023_PE,Revestimentos Cerâmicos Internos,M2,928df42a952625eb12d41baf2b5ab17e1207af6e7881cb9f1c7fcac4708400e3,794adba807d58aa39fedb9dbd3c818ee3c5a82dcf6350fd307f19aa7c96f5ab9,2026-05,2026-06,69.81,69.71,67.42,2026-06-12,persistencia,69.81,,2026-05,,7b4bc08b19ada86fc17bcdd336fc488aa71badd090b90a8d98cb10055d49def8,cenario_proxima_competencia_sem_observacao
sinapi_es,sem_desoneracao,104607,REVESTIMENTO CERÂMICO PARA PISO COM PLACAS TIPO ESMALTADA DE DIMENSÕES 45X45 CM APLICADA EM DIAGONAL EM AMBIENTES DE ÁREA MAIOR QUE 10 M². AF_02/2023_PE,Revestimentos Cerâmicos Internos,M2,928df42a952625eb12d41baf2b5ab17e1207af6e7881cb9f1c7fcac4708400e3,131d80de4a42cfb9e06da5d78aa91f8ee89a3b88208340f57b78b68deee0f0a6,2026-05,2026-06,53.84,53.74,52.14,2026-06-12,persistencia,53.84,,2026-05,,7b4bc08b19ada86fc17bcdd336fc488aa71badd090b90a8d98cb10055d49def8,cenario_proxima_competencia_sem_observacao
sinapi_es,sem_desoneracao,104611,REVESTIMENTO CERÂMICO PARA PAREDES INTERNAS COM PLACAS TIPO ESMALTADA DE DIMENSÕES 60X60 CM APLICADAS NA ALTURA INTEIRA DAS PAREDES. AF_02/2023_PE,Revestimentos Cerâmicos Internos,M2,928df42a952625eb12d41baf2b5ab17e1207af6e7881cb9f1c7fcac4708400e3,bab73935b14938dd14e57721fd402aba3de4a97444e546e0d1d632645d9dc846,2026-05,2026-06,91.29,91.21,88.17,2026-06-12,persistencia,91.29,,2026-05,,7b4bc08b19ada86fc17bcdd336fc488aa71badd090b90a8d98cb10055d49def8,cenario_proxima_competencia_sem_observacao
sinapi_es,sem_desoneracao,104612,REVESTIMENTO CERÂMICO PARA PAREDES INTERNAS COM PLACAS TIPO ESMALTADA DE DIMENSÕES 60X60 CM APLICADAS A MEIA ALTURA DAS PAREDES. AF_02/2023_PE,Revestimentos Cerâmicos Internos,M2,928df42a952625eb12d41baf2b5ab17e1207af6e7881cb9f1c7fcac4708400e3,3fbcf9194a0fcc54bb1d2d23bbfa0c803c9459e82e3752d17779425c0db80263,2026-05,2026-06,92.41,92.33,89.23,2026-06-12,persistencia,92.41,,2026-05,,7b4bc08b19ada86fc17bcdd336fc488aa71badd090b90a8d98cb10055d49def8,cenario_proxima_competencia_sem_observacao
sinapi_es,sem_desoneracao,104613,"REVESTIMENTO CERÂMICO PARA PAREDES INTERNAS COM PLACAS TIPO ESMALTADA DE DIMENSÕES 20X20 CM APLICADAS EM DIAGONAL, NA ALTURA INTEIRA DAS PAREDES. AF_02/2023_PE",Revestimentos Cerâmicos Internos,M2,928df42a952625eb12d41baf2b5ab17e1207af6e7881cb9f1c7fcac4708400e3,e41ad66f447128a1fdeacaa5387e6849d5df6806f9dcebb9134922dcf4e9b958,2026-05,2026-06,63.81,63.74,61.7,2026-06-12,persistencia,63.81,,2026-05,,7b4bc08b19ada86fc17bcdd336fc488aa71badd090b90a8d98cb10055d49def8,cenario_proxima_competencia_sem_observacao
sinapi_es,sem_desoneracao,104614,"REVESTIMENTO CERÂMICO PARA PAREDES INTERNAS COM PLACAS TIPO ESMALTADA DE DIMENSÕES 20X20 CM APLICADAS EM DIAGONAL, A MEIA ALTURA DAS PAREDES. AF_02/2023_PE",Revestimentos Cerâmicos Internos,M2,928df42a952625eb12d41baf2b5ab17e1207af6e7881cb9f1c7fcac4708400e3,379d6e62b1d50d1d947bf85f28a1047b11f797d3a6a42497f0ab59c51e2c2251,2026-05,2026-06,72.34,72.27,69.9,2026-06-12,persistencia,72.34,,2026-05,,7b4bc08b19ada86fc17bcdd336fc488aa71badd090b90a8d98cb10055d49def8,cenario_proxima_competencia_sem_observacao
sinapi_es,sem_desoneracao,104615,REVESTIMENTO CERÂMICO PARA PAREDES INTERNAS COM PLACAS TIPO PASTILHA DE DIMENSÕES 5 X 5 CM (PLACAS DE 30 X 30 CM) CM APLICADAS NA ALTURA INTEIRA DAS PAREDES. AF_02/2023,Revestimentos Cerâmicos Internos,M2,928df42a952625eb12d41baf2b5ab17e1207af6e7881cb9f1c7fcac4708400e3,c4e86b5cd285755ea40ecff7e9b4b7a6914b210030a2eddee41f03ecafed156e,2026-05,2026-06,253.53,253.29,244.7,2026-06-12,persistencia,253.53,,2026-05,,7b4bc08b19ada86fc17bcdd336fc488aa71badd090b90a8d98cb10055d49def8,cenario_proxima_competencia_sem_observacao
sinapi_es,sem_desoneracao,104616,"REVESTIMENTO CERÂMICO PARA PAREDES INTERNAS COM PLACAS TIPO PASTILHA DE DIMENSÕES 2,5 X 2,5 CM (PLACAS DE 30 X 30 CM) CM APLICADAS NA ALTURA INTEIRA DAS PAREDES. AF_02/2023",Revestimentos Cerâmicos Internos,M2,928df42a952625eb12d41baf2b5ab17e1207af6e7881cb9f1c7fcac4708400e3,9a6a13d2b2127e9e4299caab788a189cae540a1a00f16fbe554292b21a7263c4,2026-05,2026-06,329.47,329.13,318.12,2026-06-12,persistencia,329.47,,2026-05,,7b4bc08b19ada86fc17bcdd336fc488aa71badd090b90a8d98cb10055d49def8,cenario_proxima_competencia_sem_observacao
sinapi_es,sem_desoneracao,104617,REVESTIMENTO CERÂMICO PARA PAREDES INTERNAS COM PLACAS TIPO PASTILHA DE DIMENSÕES 5 X 5 CM (PLACAS DE 30 X 30 CM) CM APLICADAS A MEIA ALTURA DAS PAREDES. AF_02/2023,Revestimentos Cerâmicos Internos,M2,928df42a952625eb12d41baf2b5ab17e1207af6e7881cb9f1c7fcac4708400e3,2e85cac71f9e3954cbea24d81498a9aa21fe0db0a21c44649bf557dfbbc866e7,2026-05,2026-06,266.99,266.75,257.63,2026-06-12,persistencia,266.99,,2026-05,,7b4bc08b19ada86fc17bcdd336fc488aa71badd090b90a8d98cb10055d49def8,cenario_proxima_competencia_sem_observacao
sinapi_es,sem_desoneracao,104618,"REVESTIMENTO CERÂMICO PARA PAREDES INTERNAS COM PLACAS TIPO PASTILHA DE DIMENSÕES 2,5 X 2,5 CM (PLACAS DE 30 X 30 CM) CM APLICADAS A MEIA ALTURA DAS PAREDES. AF_02/2023",Revestimentos Cerâmicos Internos,M2,928df42a952625eb12d41baf2b5ab17e1207af6e7881cb9f1c7fcac4708400e3,8e7f97b5d2f51f997d62047ccf9e1995374040cb6270c5177980cccf661cc488,2026-05,2026-06,342.93,342.59,331.05,2026-06-12,persistencia,342.93,,2026-05,,7b4bc08b19ada86fc17bcdd336fc488aa71badd090b90a8d98cb10055d49def8,cenario_proxima_competencia_sem_observacao
sinapi_es,sem_desoneracao,87246,REVESTIMENTO CERÂMICO PARA PISO COM PLACAS TIPO ESMALTADA DE DIMENSÕES 35X35 CM APLICADA EM AMBIENTES DE ÁREA MENOR QUE 5 M2. AF_02/2023_PE,Revestimentos Cerâmicos Internos,M2,928df42a952625eb12d41baf2b5ab17e1207af6e7881cb9f1c7fcac4708400e3,1569f7b49b709b53c21ee6b7e5a624fb401f0e62c122d585b97ea67e1f3d0e80,2026-05,2026-06,67.55,67.44,65.26,2026-06-12,persistencia,67.55,,2026-05,,7b4bc08b19ada86fc17bcdd336fc488aa71badd090b90a8d98cb10055d49def8,cenario_proxima_competencia_sem_observacao
sinapi_es,sem_desoneracao,87247,REVESTIMENTO CERÂMICO PARA PISO COM PLACAS TIPO ESMALTADA DE DIMENSÕES 35X35 CM APLICADA EM AMBIENTES DE ÁREA ENTRE 5 M2 E 10 M2. AF_02/2023_PE,Revestimentos Cerâmicos Internos,M2,928df42a952625eb12d41baf2b5ab17e1207af6e7881cb9f1c7fcac4708400e3,aa660b4344bfc2748b7ffb48c2e823fd0681ae0ea156816f5ad20b4c480fec48,2026-05,2026-06,58.75,58.64,56.84,2026-06-12,persistencia,58.75,,2026-05,,7b4bc08b19ada86fc17bcdd336fc488aa71badd090b90a8d98cb10055d49def8,cenario_proxima_competencia_sem_observacao
sinapi_es,sem_desoneracao,87248,REVESTIMENTO CERÂMICO PARA PISO COM PLACAS TIPO ESMALTADA DE DIMENSÕES 35X35 CM APLICADA EM AMBIENTES DE ÁREA MAIOR QUE 10 M2. AF_02/2023_PE,Revestimentos Cerâmicos Internos,M2,928df42a952625eb12d41baf2b5ab17e1207af6e7881cb9f1c7fcac4708400e3,bd8abf7bfa45fc07a2eb67f7cfc73c943af2509c706ab02b83fe59d35ce4662e,2026-05,2026-06,49.29,49.18,47.79,2026-06-12,persistencia,49.29,,2026-05,,7b4bc08b19ada86fc17bcdd336fc488aa71badd090b90a8d98cb10055d49def8,cenario_proxima_competencia_sem_observacao
sinapi_es,sem_desoneracao,87249,REVESTIMENTO CERÂMICO PARA PISO COM PLACAS TIPO ESMALTADA DE DIMENSÕES 45X45 CM APLICADA EM AMBIENTES DE ÁREA MENOR QUE 5 M2. AF_02/2023_PE,Revestimentos Cerâmicos Internos,M2,928df42a952625eb12d41baf2b5ab17e1207af6e7881cb9f1c7fcac4708400e3,bae48916357cc84d6e5b0e3f70815d8c0649b274755421fbcc16539d0f306d5d,2026-05,2026-06,73.31,73.21,70.76,2026-06-12,persistencia,73.31,,2026-05,,7b4bc08b19ada86fc17bcdd336fc488aa71badd090b90a8d98cb10055d49def8,cenario_proxima_competencia_sem_observacao
sinapi_es,sem_desoneracao,87250,REVESTIMENTO CERÂMICO PARA PISO COM PLACAS TIPO ESMALTADA DE DIMENSÕES 45X45 CM APLICADA EM AMBIENTES DE ÁREA ENTRE 5 M2 E 10 M2. AF_02/2023_PE,Revestimentos Cerâmicos Internos,M2,928df42a952625eb12d41baf2b5ab17e1207af6e7881cb9f1c7fcac4708400e3,f97c5f6f6bac6f284b6384a603d1fe62c47ab72237cd78784faf29e16771b1cb,2026-05,2026-06,60.4,60.3,58.41,2026-06-12,persistencia,60.4,,2026-05,,7b4bc08b19ada86fc17bcdd336fc488aa71badd090b90a8d98cb10055d49def8,cenario_proxima_competencia_sem_observacao
sinapi_es,sem_desoneracao,87251,REVESTIMENTO CERÂMICO PARA PISO COM PLACAS TIPO ESMALTADA DE DIMENSÕES 45X45 CM APLICADA EM AMBIENTES DE ÁREA MAIOR QUE 10 M2. AF_02/2023_PE,Revestimentos Cerâmicos Internos,M2,928df42a952625eb12d41baf2b5ab17e1207af6e7881cb9f1c7fcac4708400e3,930e86c10e767cb0656594a41370ee84a443c28998ae9e2b4f9b5a82fc839f68,2026-05,2026-06,49.64,49.54,48.12,2026-06-12,persistencia,49.64,,2026-05,,7b4bc08b19ada86fc17bcdd336fc488aa71badd090b90a8d98cb10055d49def8,cenario_proxima_competencia_sem_observacao
sinapi_es,sem_desoneracao,87255,REVESTIMENTO CERÂMICO PARA PISO COM PLACAS TIPO ESMALTADA DE DIMENSÕES 60X60 CM APLICADA EM AMBIENTES DE ÁREA MENOR QUE 5 M2. AF_02/2023_PE,Revestimentos Cerâmicos Internos,M2,928df42a952625eb12d41baf2b5ab17e1207af6e7881cb9f1c7fcac4708400e3,ea3f2833df20120905dafc5520f64f1ef0a9a65cad6a0d6f04e085fc73ccb1d6,2026-05,2026-06,84.47,84.37,81.48,2026-06-12,persistencia,84.47,,2026-05,,7b4bc08b19ada86fc17bcdd336fc488aa71badd090b90a8d98cb10055d49def8,cenario_proxima_competencia_sem_observacao
sinapi_es,sem_desoneracao,87256,REVESTIMENTO CERÂMICO PARA PISO COM PLACAS TIPO ESMALTADA DE DIMENSÕES 60X60 CM APLICADA EM AMBIENTES DE ÁREA ENTRE 5 M2 E 10 M2. AF_02/2023_PE,Revestimentos Cerâmicos Internos,M2,928df42a952625eb12d41baf2b5ab17e1207af6e7881cb9f1c7fcac4708400e3,6f9fff345c88acc238a464de9d98675ad9cd8bc2c4b2d21dad34ba80fc16a7c9,2026-05,2026-06,70.43,70.33,68.05,2026-06-12,persistencia,70.43,,2026-05,,7b4bc08b19ada86fc17bcdd336fc488aa71badd090b90a8d98cb10055d49def8,cenario_proxima_competencia_sem_observacao
sinapi_es,sem_desoneracao,87257,REVESTIMENTO CERÂMICO PARA PISO COM PLACAS TIPO ESMALTADA DE DIMENSÕES 60X60 CM APLICADA EM AMBIENTES DE ÁREA MAIOR QUE 10 M2. AF_02/2023_PE,Revestimentos Cerâmicos Internos,M2,928df42a952625eb12d41baf2b5ab17e1207af6e7881cb9f1c7fcac4708400e3,ccef67351f6a29b21d80cddac9a64e63d45c88d5600f7bbfdff7912c8c0380ad,2026-05,2026-06,58.47,58.37,56.6,2026-06-12,persistencia,58.47,,2026-05,,7b4bc08b19ada86fc17bcdd336fc488aa71badd090b90a8d98cb10055d49def8,cenario_proxima_competencia_sem_observacao
sinapi_es,sem_desoneracao,87261,REVESTIMENTO CERÂMICO PARA PISO COM PLACAS TIPO PORCELANATO DE DIMENSÕES 60X60 CM APLICADA EM AMBIENTES DE ÁREA MENOR QUE 5 M². AF_02/2023_PE,Revestimentos Cerâmicos Internos,M2,928df42a952625eb12d41baf2b5ab17e1207af6e7881cb9f1c7fcac4708400e3,6a713995cc08e479bf6770caf76417c5b5ca3e8c0b38b6576829012f810366cb,2026-05,2026-06,132.94,132.65,128.61,2026-06-12,persistencia,132.94,,2026-05,,7b4bc08b19ada86fc17bcdd336fc488aa71badd090b90a8d98cb10055d49def8,cenario_proxima_competencia_sem_observacao
sinapi_es,sem_desoneracao,87262,REVESTIMENTO CERÂMICO PARA PISO COM PLACAS TIPO PORCELANATO DE DIMENSÕES 60X60 CM APLICADA EM AMBIENTES DE ÁREA ENTRE 5 M² E 10 M². AF_02/2023_PE,Revestimentos Cerâmicos Internos,M2,928df42a952625eb12d41baf2b5ab17e1207af6e7881cb9f1c7fcac4708400e3,531346d3c6db3c97883c15760cd1fc19b1d438d30b0ac7095cb613f424f9281e,2026-05,2026-06,117.87,117.58,114.19,2026-06-12,persistencia,117.87,,2026-05,,7b4bc08b19ada86fc17bcdd336fc488aa71badd090b90a8d98cb10055d49def8,cenario_proxima_competencia_sem_observacao
sinapi_es,sem_desoneracao,87263,REVESTIMENTO CERÂMICO PARA PISO COM PLACAS TIPO PORCELANATO DE DIMENSÕES 60X60 CM APLICADA EM AMBIENTES DE ÁREA MAIOR QUE 10 M². AF_02/2023_PE,Revestimentos Cerâmicos Internos,M2,928df42a952625eb12d41baf2b5ab17e1207af6e7881cb9f1c7fcac4708400e3,a4d3308be07f77ad85eeb39c6a4b43e6880acac1f37130d8aa072aed263f3d61,2026-05,2026-06,105.51,105.22,102.36,2026-06-12,persistencia,105.51,,2026-05,,7b4bc08b19ada86fc17bcdd336fc488aa71badd090b90a8d98cb10055d49def8,cenario_proxima_competencia_sem_observacao
sinapi_es,sem_desoneracao,87265,REVESTIMENTO CERÂMICO PARA PAREDES INTERNAS COM PLACAS TIPO ESMALTADA DE DIMENSÕES 20X20 CM APLICADAS NA ALTURA INTEIRA DAS PAREDES. AF_02/2023_PE,Revestimentos Cerâmicos Internos,M2,928df42a952625eb12d41baf2b5ab17e1207af6e7881cb9f1c7fcac4708400e3,929d5bdbe6ae3190c8ed27954c2d3ca0395228971d407df0875b706175c35328,2026-05,2026-06,59.53,59.46,57.59,2026-06-12,persistencia,59.53,,2026-05,,7b4bc08b19ada86fc17bcdd336fc488aa71badd090b90a8d98cb10055d49def8,cenario_proxima_competencia_sem_observacao
sinapi_es,sem_desoneracao,87267,REVESTIMENTO CERÂMICO PARA PAREDES INTERNAS COM PLACAS TIPO ESMALTADA DE DIMENSÕES 20X20 CM APLICADAS A MEIA ALTURA DAS PAREDES. AF_02/2023_PE,Revestimentos Cerâmicos Internos,M2,928df42a952625eb12d41baf2b5ab17e1207af6e7881cb9f1c7fcac4708400e3,199cf28c309a0cfb9f5e7f01a7bf41152c715af6451835097d46433c74ce99de,2026-05,2026-06,66.11,66.04,63.91,2026-06-12,persistencia,66.11,,2026-05,,7b4bc08b19ada86fc17bcdd336fc488aa71badd090b90a8d98cb10055d49def8,cenario_proxima_competencia_sem_observacao
sinapi_es,sem_desoneracao,87269,REVESTIMENTO CERÂMICO PARA PAREDES INTERNAS COM PLACAS TIPO ESMALTADA DE DIMENSÕES 25X35 CM APLICADAS NA ALTURA INTEIRA DAS PAREDES. AF_02/2023_PE,Revestimentos Cerâmicos Internos,M2,928df42a952625eb12d41baf2b5ab17e1207af6e7881cb9f1c7fcac4708400e3,d69ebc2b94a81310a8245b1a6c52e04eb7d67acf214dab4efd8fed816525b022,2026-05,2026-06,64.48,64.41,62.33,2026-06-12,persistencia,64.48,,2026-05,,7b4bc08b19ada86fc17bcdd336fc488aa71badd090b90a8d98cb10055d49def8,cenario_proxima_competencia_sem_observacao
sinapi_es,sem_desoneracao,87271,REVESTIMENTO CERÂMICO PARA PAREDES INTERNAS COM PLACAS TIPO ESMALTADA DE DIMENSÕES 25X35 CM APLICADAS A MEIA ALTURA DAS PAREDES. AF_02/2023_PE,Revestimentos Cerâmicos Internos,M2,928df42a952625eb12d41baf2b5ab17e1207af6e7881cb9f1c7fcac4708400e3,0f51b5d9a1549fab376a76945b855cb03e140bb466a9d88754499a85700e9587,2026-05,2026-06,71.14,71.07,68.73,2026-06-12,persistencia,71.14,,2026-05,,7b4bc08b19ada86fc17bcdd336fc488aa71badd090b90a8d98cb10055d49def8,cenario_proxima_competencia_sem_observacao
sinapi_es,sem_desoneracao,87273,REVESTIMENTO CERÂMICO PARA PAREDES INTERNAS COM PLACAS TIPO ESMALTADA DE DIMENSÕES 33X45 CM APLICADAS NA ALTURA INTEIRA DAS PAREDES. AF_02/2023_PE,Revestimentos Cerâmicos Internos,M2,928df42a952625eb12d41baf2b5ab17e1207af6e7881cb9f1c7fcac4708400e3,07e1e08be6f7c523171825855e591f8db890831ff8ca142f3fb2936ee3492521,2026-05,2026-06,67.92,67.83,65.68,2026-06-12,persistencia,67.92,,2026-05,,7b4bc08b19ada86fc17bcdd336fc488aa71badd090b90a8d98cb10055d49def8,cenario_proxima_competencia_sem_observacao
sinapi_es,sem_desoneracao,87275,REVESTIMENTO CERÂMICO PARA PAREDES INTERNAS COM PLACAS TIPO ESMALTADA DE DIMENSÕES 33X45 CM APLICADAS A MEIA ALTURA DAS PAREDES. AF_02/2023_PE,Revestimentos Cerâmicos Internos,M2,928df42a952625eb12d41baf2b5ab17e1207af6e7881cb9f1c7fcac4708400e3,2cbcfd6a9dddfd52bb676682413678e5df105e0a0fdda292703a5403cf72bda0,2026-05,2026-06,76.71,76.62,74.12,2026-06-12,persistencia,76.71,,2026-05,,7b4bc08b19ada86fc17bcdd336fc488aa71badd090b90a8d98cb10055d49def8,cenario_proxima_competencia_sem_observacao
