fonte,grupo,unidade,fase,modelo,modelo_selecionado,n,n_servicos,n_alteracoes_tecnicas_alvo,mse,mae,rmse,r2,r2_status,ganho_mse_percentual
sinapi_es,Acessibilidade,M2,validacao,persistencia,False,3,3,0,63.62596666666676,6.416666666666676,7.9765886609920384,0.9631237801570448,calculado,0.0
sinapi_es,Acessibilidade,M2,validacao,linear_simples,False,3,3,0,53.89002605091569,5.649191021872866,7.340982635241394,0.9687665185755477,calculado,15.301835281744605
sinapi_es,Acessibilidade,M2,validacao,linear_multipla,True,3,3,0,52.43652514088988,5.714117504980417,7.241306866919111,0.969608935939214,calculado,17.58628137533502
sinapi_es,Acessibilidade,M2,teste,persistencia,False,9,3,0,4.139811111111116,1.785555555555558,2.034652577496,0.9976017358405842,calculado,0.0
sinapi_es,Acessibilidade,M2,teste,linear_simples,False,9,3,0,1.1530644026955408,0.9047142356787359,1.0738083640461835,0.9993320098535267,calculado,72.1469320278707
sinapi_es,Acessibilidade,M2,teste,linear_multipla,True,9,3,0,5.1225807797073895,1.8375466602288257,2.2633119050867445,0.9970324003781934,calculado,-23.739480913961327
sinapi_es,Alvenaria Estrutural - Blocos Cerâmicos,M2,validacao,persistencia,False,8,8,0,11.867037500000022,3.3712500000000034,3.4448566733610297,0.901366050071797,calculado,0.0
sinapi_es,Alvenaria Estrutural - Blocos Cerâmicos,M2,validacao,linear_simples,True,8,8,0,5.631273273915206,2.2576354923437485,2.373030398860328,0.9531951655051752,calculado,52.54693284726541
sinapi_es,Alvenaria Estrutural - Blocos Cerâmicos,M2,validacao,linear_multipla,False,8,8,0,6.291416842469859,2.4370252878935883,2.508269690936335,0.9477083228381452,calculado,46.98409908564081
sinapi_es,Alvenaria Estrutural - Blocos Cerâmicos,M2,teste,persistencia,False,24,8,0,1.0060041666666695,0.6462500000000002,1.0029975905587558,0.9920622074245119,calculado,0.0
sinapi_es,Alvenaria Estrutural - Blocos Cerâmicos,M2,teste,linear_simples,True,24,8,0,1.6568857722158892,1.0695337550467798,1.2872007505497691,0.9869264800118019,calculado,-64.69969281597255
sinapi_es,Alvenaria Estrutural - Blocos Cerâmicos,M2,teste,linear_multipla,False,24,8,0,1.979796425113773,1.2834192852233979,1.4070523889016262,0.9843785802435417,calculado,-96.798034313685
sinapi_es,Alvenaria Estrutural - Blocos de Concreto,M2,validacao,persistencia,False,8,8,0,36.70228750000004,5.926250000000003,6.058241287700585,0.9355605178167697,calculado,0.0
sinapi_es,Alvenaria Estrutural - Blocos de Concreto,M2,validacao,linear_simples,False,8,8,0,35.13624591684941,5.799099239681194,5.927583480377937,0.9383100714704932,calculado,4.266877325154806
sinapi_es,Alvenaria Estrutural - Blocos de Concreto,M2,validacao,linear_multipla,True,8,8,0,19.327434159285758,4.290440495036243,4.396297778732209,0.9660661518943513,calculado,47.33997394771174
sinapi_es,Alvenaria Estrutural - Blocos de Concreto,M2,teste,persistencia,False,24,8,0,3.8174625000000013,1.593749999999999,1.9538327717591395,0.9936650687987711,calculado,0.0
sinapi_es,Alvenaria Estrutural - Blocos de Concreto,M2,teste,linear_simples,False,24,8,0,1.5454387858055878,1.2075936554411164,1.2431567824717797,0.9974354041765207,calculado,59.516595492278256
sinapi_es,Alvenaria Estrutural - Blocos de Concreto,M2,teste,linear_multipla,True,24,8,0,39.419218547859245,6.1782124084300145,6.278472628582468,0.9345853331874525,calculado,-932.6026397864872
sinapi_es,Alvenaria de Vedação,M2,validacao,persistencia,False,56,56,0,25.82469464285714,4.690892857142858,5.08180033480824,0.9759107489450864,calculado,0.0
sinapi_es,Alvenaria de Vedação,M2,validacao,linear_simples,True,56,56,0,19.717038287690904,3.9736759338329293,4.440387177678418,0.9816079650915485,calculado,23.650449461773416
sinapi_es,Alvenaria de Vedação,M2,validacao,linear_multipla,False,56,56,0,21.269401361321503,4.178476639411006,4.611876121636563,0.9801599222656323,calculado,17.63929194336316
sinapi_es,Alvenaria de Vedação,M2,teste,persistencia,False,168,56,0,2.628952976190478,1.0070833333333333,1.6214046306183039,0.9976809727571068,calculado,0.0
sinapi_es,Alvenaria de Vedação,M2,teste,linear_simples,True,168,56,0,1.5635946084042327,1.1252693315076048,1.2504377667058175,0.9986207366481752,calculado,40.52405567672108
sinapi_es,Alvenaria de Vedação,M2,teste,linear_multipla,False,168,56,0,1.2362725485974053,0.8957775882701247,1.1118779378139514,0.9989094709012282,calculado,52.97471808001512
sinapi_es,Alvenarias Diversas,M2,validacao,persistencia,False,10,10,0,69.98473000000011,6.977000000000006,8.365687658525156,0.9991416998575022,calculado,0.0
sinapi_es,Alvenarias Diversas,M2,validacao,linear_simples,True,10,10,0,18.613609481662515,3.3555913090646188,4.314349253556382,0.9997717207214987,calculado,73.40332743776753
sinapi_es,Alvenarias Diversas,M2,validacao,linear_multipla,False,10,10,0,25.79170168687936,3.8631972174470177,5.078553109585383,0.9996836878382883,calculado,63.146672585749315
sinapi_es,Alvenarias Diversas,M2,teste,persistencia,False,30,10,0,45.14480666666672,4.3580000000000005,6.718988515146213,0.9994690945487718,calculado,0.0
sinapi_es,Alvenarias Diversas,M2,teste,linear_simples,True,30,10,0,14.9688954735641,2.8737355268093507,3.8689656852399326,0.9998239649520606,calculado,66.84248625962864
sinapi_es,Alvenarias Diversas,M2,teste,linear_multipla,False,30,10,0,20.839027060643932,3.309168846401841,4.564978319843801,0.9997549318762958,calculado,53.83959175080328
sinapi_es,Argamassas,M3,validacao,persistencia,False,144,144,0,2986.7503222222226,33.50680555555555,54.651169449721955,0.9978302002565874,calculado,0.0
sinapi_es,Argamassas,M3,validacao,linear_simples,True,144,144,0,3986.6087519257653,39.09353929784907,63.13959733737431,0.9971038280024093,calculado,-33.47646511542421
sinapi_es,Argamassas,M3,validacao,linear_multipla,False,144,144,0,4914.619439710571,40.225145068369656,70.10434679611936,0.9964296513438323,calculado,-64.54738125060155
sinapi_es,Argamassas,M3,teste,persistencia,False,432,144,0,5276.610656018519,31.686712962962957,72.6402825986967,0.9960811099447777,calculado,0.0
sinapi_es,Argamassas,M3,teste,linear_simples,True,432,144,0,5176.384607118492,27.37773841397552,71.94709589078973,0.9961555469066674,calculado,1.8994399138717797
sinapi_es,Argamassas,M3,teste,linear_multipla,False,432,144,0,6678.4122261286775,31.796992579531647,81.72155300854651,0.9950400048508793,calculado,-26.566325649046313
sinapi_es,Armação de Estacas,KG,validacao,persistencia,False,11,11,0,0.08093636363636357,0.19727272727272693,0.2844931697534469,0.9921426617211802,calculado,0.0
sinapi_es,Armação de Estacas,KG,validacao,linear_simples,False,11,11,0,0.09571132794658878,0.21184825215706998,0.3093724744488248,0.990708301596422,calculado,-18.255038460347908
sinapi_es,Armação de Estacas,KG,validacao,linear_multipla,True,11,11,0,0.0862406852943752,0.20041719877916106,0.2936676442755913,0.9916277158089333,calculado,-6.553694062465238
sinapi_es,Armação de Estacas,KG,teste,persistencia,False,33,11,0,0.9101878787878784,0.6024242424242423,0.9540376715769029,0.9209717371961079,calculado,0.0
sinapi_es,Armação de Estacas,KG,teste,linear_simples,False,33,11,0,0.8936762554425863,0.5873539448651873,0.9453445167993446,0.9224053806662763,calculado,1.8140895665718022
sinapi_es,Armação de Estacas,KG,teste,linear_multipla,True,33,11,0,0.9012979436653122,0.5857754160657804,0.9493671279675278,0.9217436175359245,calculado,0.9767142948997695
sinapi_es,Armação para Estruturas de Concreto Armado,KG,validacao,persistencia,False,56,56,0,0.060394642857142924,0.15767857142857153,0.24575321535463768,0.9935742675399146,calculado,0.0
sinapi_es,Armação para Estruturas de Concreto Armado,KG,validacao,linear_simples,False,56,56,0,0.07217433137591546,0.16994140549520848,0.2686528082412605,0.9923209589134556,calculado,-19.504525503422762
sinapi_es,Armação para Estruturas de Concreto Armado,KG,validacao,linear_multipla,True,56,56,0,0.06517409377911333,0.161453647890192,0.2552921733604721,0.9930657543427535,calculado,-7.913700116210121
sinapi_es,Armação para Estruturas de Concreto Armado,KG,teste,persistencia,False,168,56,0,0.926450595238095,0.6060119047619047,0.9625230362116509,0.9119519092094706,calculado,0.0
sinapi_es,Armação para Estruturas de Concreto Armado,KG,teste,linear_simples,False,168,56,0,0.9012044655839304,0.5909177677975073,0.9493178949034566,0.9143512530356009,calculado,2.7250378793999737
sinapi_es,Armação para Estruturas de Concreto Armado,KG,teste,linear_multipla,True,168,56,0,0.8934651791070921,0.5871438002783055,0.9452328703060914,0.9150867800047335,calculado,3.5604074626910642
sinapi_es,Arrasamento de Estacas,UN,validacao,persistencia,False,11,11,0,90.54881818181808,7.210909090909085,9.515714275965735,0.9873009017603221,calculado,0.0
sinapi_es,Arrasamento de Estacas,UN,validacao,linear_simples,False,11,11,0,76.8713150548459,6.63019720445126,8.767628815982455,0.9892191151547163,calculado,15.105115010455854
sinapi_es,Arrasamento de Estacas,UN,validacao,linear_multipla,True,11,11,0,70.1475439322985,6.427810120956659,8.375413060398783,0.9901620963193615,calculado,22.53069080212036
sinapi_es,Arrasamento de Estacas,UN,teste,persistencia,False,33,11,0,0.10443939393939511,0.14757575757575803,0.3231708432693072,0.9999852567328095,calculado,0.0
sinapi_es,Arrasamento de Estacas,UN,teste,linear_simples,False,33,11,0,4.457753574111843,1.5878432832653395,2.111339284461842,0.9993707177959029,calculado,-4168.268328614223
sinapi_es,Arrasamento de Estacas,UN,teste,linear_multipla,True,33,11,0,10.809207857392565,2.508620075189087,3.2877359774459634,0.9984741098780008,calculado,-10249.742036673455
sinapi_es,Assentamento de Tubos de Esgoto em PVC e PEAD,M,validacao,persistencia,False,42,42,0,287.6291666666665,8.5,16.959633447296746,0.999181943837688,calculado,0.0
sinapi_es,Assentamento de Tubos de Esgoto em PVC e PEAD,M,validacao,linear_simples,True,42,42,0,292.50682693463614,8.524063702791542,17.102830962581493,0.9991680711137007,calculado,-1.6958155963447084
sinapi_es,Assentamento de Tubos de Esgoto em PVC e PEAD,M,validacao,linear_multipla,False,42,42,0,346.90359275869963,9.41748782060183,18.625348124496885,0.999013359371467,calculado,-20.60793304759885
sinapi_es,Assentamento de Tubos de Esgoto em PVC e PEAD,M,teste,persistencia,False,126,42,0,28.250239682539664,2.4823809523809506,5.315095453756185,0.9999220015841108,calculado,0.0
sinapi_es,Assentamento de Tubos de Esgoto em PVC e PEAD,M,teste,linear_simples,True,126,42,0,30.273772940198192,3.2721992224519,5.50216075194084,0.9999164146443054,calculado,-7.162888812264458
sinapi_es,Assentamento de Tubos de Esgoto em PVC e PEAD,M,teste,linear_multipla,False,126,42,0,27.634591418165517,3.1914787227392005,5.256861365697741,0.9999237013781623,calculado,2.179267401949354
sinapi_es,Assentamento de Tubos de Esgoto em PVC e PEAD,UN,validacao,persistencia,False,14,14,0,76.13715000000003,7.519285714285716,8.725660433457174,0.9800855109839335,calculado,0.0
sinapi_es,Assentamento de Tubos de Esgoto em PVC e PEAD,UN,validacao,linear_simples,False,14,14,0,64.82544401325354,6.932775725738966,8.051424967870814,0.9830442091309752,calculado,14.857012623596342
sinapi_es,Assentamento de Tubos de Esgoto em PVC e PEAD,UN,validacao,linear_multipla,True,14,14,0,58.625693978197695,6.5969192743807925,7.656741733805425,0.9846658203152063,calculado,22.999883791030175
sinapi_es,Assentamento de Tubos de Esgoto em PVC e PEAD,UN,teste,persistencia,False,42,14,0,0.06307142857142825,0.17476190476190484,0.25114025677184504,0.9999834513992213,calculado,0.0
sinapi_es,Assentamento de Tubos de Esgoto em PVC e PEAD,UN,teste,linear_simples,False,42,14,0,3.3061023678549386,1.5441231237491302,1.8182690581580434,0.9991325490882593,calculado,-5141.838408830054
sinapi_es,Assentamento de Tubos de Esgoto em PVC e PEAD,UN,teste,linear_multipla,True,42,14,0,12.30162850369663,2.9391127584315915,3.507367745717097,0.9967723144433817,calculado,-19404.28075331299
sinapi_es,Assentamento de Tubos de PVC e Metálicos em Redes de Água,M,validacao,persistencia,False,94,94,0,6.860025531914898,1.704255319148937,2.619165044802427,0.999104797659399,calculado,0.0
sinapi_es,Assentamento de Tubos de PVC e Metálicos em Redes de Água,M,validacao,linear_simples,True,94,94,0,5.537695392291356,1.7521481560721088,2.3532308412672474,0.999277355768772,calculado,19.275877815201493
sinapi_es,Assentamento de Tubos de PVC e Metálicos em Redes de Água,M,validacao,linear_multipla,False,94,94,0,61.79625528657109,3.6234881362378983,7.861059425202884,0.9919358678600314,calculado,-800.8166952014443
sinapi_es,Assentamento de Tubos de PVC e Metálicos em Redes de Água,M,teste,persistencia,False,282,94,0,6.945146099290774,0.5153191489361697,2.6353645097577627,0.9991213381167248,calculado,0.0
sinapi_es,Assentamento de Tubos de PVC e Metálicos em Redes de Água,M,teste,linear_simples,True,282,94,0,5.13699690514278,0.8407508189466684,2.266494408804659,0.9993500952592613,calculado,26.034717892149725
sinapi_es,Assentamento de Tubos de PVC e Metálicos em Redes de Água,M,teste,linear_multipla,False,282,94,0,5.152134786244797,0.8624234312614444,2.2698314444567895,0.999348180097373,calculado,25.816754426938214
sinapi_es,Assentamento de Tubos de PVC e Metálicos em Redes de Água,UN,validacao,persistencia,False,132,132,0,19.074859090909076,3.4303030303030293,4.367477428780723,0.9940913976936127,calculado,0.0
sinapi_es,Assentamento de Tubos de PVC e Metálicos em Redes de Água,UN,validacao,linear_simples,False,132,132,0,16.598389596185662,3.1768313169721067,4.07411212366396,0.9948585055028228,calculado,12.982897975396734
sinapi_es,Assentamento de Tubos de PVC e Metálicos em Redes de Água,UN,validacao,linear_multipla,True,132,132,0,16.33743712991962,3.0850709941170376,4.041959565596819,0.994939337782458,calculado,14.350941980452625
sinapi_es,Assentamento de Tubos de PVC e Metálicos em Redes de Água,UN,teste,persistencia,False,396,132,0,0.977955555555557,0.4580808080808085,0.9889163541753959,0.9996990513727013,calculado,0.0
sinapi_es,Assentamento de Tubos de PVC e Metálicos em Redes de Água,UN,teste,linear_simples,False,396,132,0,1.3879594258850727,0.7660281515069026,1.1781168982257544,0.9995728798905089,calculado,-41.92459135799895
sinapi_es,Assentamento de Tubos de PVC e Metálicos em Redes de Água,UN,teste,linear_multipla,True,396,132,0,1.3696810417088097,0.7399786726925848,1.17033373091132,0.999578504741859,calculado,-40.05555098367647
sinapi_es,Assentamento de tubos de esgoto ou drenagem pluvial em concreto,M,validacao,persistencia,False,78,78,0,9.451392307692357,2.420000000000007,3.0743116803103026,0.999914201844062,calculado,0.0
sinapi_es,Assentamento de tubos de esgoto ou drenagem pluvial em concreto,M,validacao,linear_simples,False,78,78,0,49.944872272651196,5.023489618042079,7.067168617816558,0.9995466088169819,calculado,-428.439309751239
sinapi_es,Assentamento de tubos de esgoto ou drenagem pluvial em concreto,M,validacao,linear_multipla,True,78,78,0,13.48229075091755,3.2239482201612892,3.671823899769371,0.9998776100233077,calculado,-42.64872636748451
sinapi_es,Assentamento de tubos de esgoto ou drenagem pluvial em concreto,M,teste,persistencia,False,234,78,0,36.44607051282051,2.0285897435897438,6.037058100831937,0.999672932876005,calculado,0.0
sinapi_es,Assentamento de tubos de esgoto ou drenagem pluvial em concreto,M,teste,linear_simples,False,234,78,0,47.21424577894823,3.390451550857917,6.87126231335613,0.9995762992453994,calculado,-29.54550412324927
sinapi_es,Assentamento de tubos de esgoto ou drenagem pluvial em concreto,M,teste,linear_multipla,True,234,78,0,61.73872354071201,4.574494077570132,7.857399286068643,0.9994459565472092,calculado,-69.3974759747951
sinapi_es,Aterro e Reaterro de Valas,M3,validacao,persistencia,False,36,36,0,0.9675749999999991,0.8208333333333329,0.9836539025490617,0.998942733723042,calculado,0.0
sinapi_es,Aterro e Reaterro de Valas,M3,validacao,linear_simples,False,36,36,0,0.8873201045236827,0.7852528267607659,0.9419767006267632,0.9990304280046718,calculado,8.294436656209228
sinapi_es,Aterro e Reaterro de Valas,M3,validacao,linear_multipla,True,36,36,0,0.8144744029512376,0.7368988859248025,0.9024823560332011,0.999110026282525,calculado,15.823124517351273
sinapi_es,Aterro e Reaterro de Valas,M3,teste,persistencia,False,108,36,0,2.3201620370370386,0.8669444444444451,1.523207811507359,0.9976789378562376,calculado,0.0
sinapi_es,Aterro e Reaterro de Valas,M3,teste,linear_simples,False,108,36,0,2.0687503022608533,0.8399695927611577,1.438315091438887,0.9979304471261815,calculado,10.835955884238606
sinapi_es,Aterro e Reaterro de Valas,M3,teste,linear_multipla,True,108,36,0,2.2529580450890934,0.8610009073996066,1.5009856911673387,0.9977461679199703,calculado,2.8965214875150727
sinapi_es,"Aterros, Bases, Sub bases e Imprimações",M2,validacao,persistencia,False,5,5,0,0.009160000000000007,0.08000000000000007,0.09570788891204322,0.9946024428071069,calculado,0.0
sinapi_es,"Aterros, Bases, Sub bases e Imprimações",M2,validacao,linear_simples,False,5,5,0,0.010265111758506707,0.07569429651834174,0.10131688782481778,0.9939512524227097,calculado,-12.06453884832642
sinapi_es,"Aterros, Bases, Sub bases e Imprimações",M2,validacao,linear_multipla,True,5,5,0,0.007535428706025642,0.06661827211324356,0.08680684711487707,0.9955597262648753,calculado,17.73549447570266
sinapi_es,"Aterros, Bases, Sub bases e Imprimações",M2,teste,persistencia,False,15,5,0,0.0010866666666666707,0.024666666666666705,0.0329646275068697,0.9993618503989413,calculado,0.0
sinapi_es,"Aterros, Bases, Sub bases e Imprimações",M2,teste,linear_simples,False,15,5,0,0.0012582930913339792,0.029271842562095755,0.03547242719823355,0.9992610620543715,calculado,-15.793842760795203
sinapi_es,"Aterros, Bases, Sub bases e Imprimações",M2,teste,linear_multipla,True,15,5,0,0.004972149917846235,0.06038219419020774,0.0705134733072073,0.9970800839081497,calculado,-357.55980839075613
sinapi_es,"Aterros, Bases, Sub bases e Imprimações",M3,validacao,persistencia,False,223,223,0,8.267913901345294,2.4638565022421526,2.8753980422448113,0.9989746311496054,calculado,0.0
sinapi_es,"Aterros, Bases, Sub bases e Imprimações",M3,validacao,linear_simples,False,223,223,0,5.450810128319458,1.9202269186407923,2.3346970099607054,0.9993240022838065,calculado,34.0727274937812
sinapi_es,"Aterros, Bases, Sub bases e Imprimações",M3,validacao,linear_multipla,True,223,223,0,4.997428402848676,1.841923309347859,2.2354928769398206,0.9993802297075778,calculado,39.55635650686285
sinapi_es,"Aterros, Bases, Sub bases e Imprimações",M3,teste,persistencia,False,669,223,0,7.337903587443946,1.8239013452914798,2.7088565092016124,0.9991745069513077,calculado,0.0
sinapi_es,"Aterros, Bases, Sub bases e Imprimações",M3,teste,linear_simples,False,669,223,0,4.219696702935533,1.6200794094532007,2.0541900357404943,0.9995252962573911,calculado,42.494519686031964
sinapi_es,"Aterros, Bases, Sub bases e Imprimações",M3,teste,linear_multipla,True,669,223,0,12.143306237204095,2.490225593859955,3.4847247003463697,0.9986339129742579,calculado,-65.48740512184956
sinapi_es,Bocas para Bueiros,KG,validacao,persistencia,False,8,8,0,0.04182499999999976,0.1699999999999997,0.204511613362175,0.9906452172065378,calculado,0.0
sinapi_es,Bocas para Bueiros,KG,validacao,linear_simples,False,8,8,0,0.05842944672669669,0.21026369776963993,0.2417218375047995,0.9869313859445207,calculado,-39.69981285522302
sinapi_es,Bocas para Bueiros,KG,validacao,linear_multipla,True,8,8,0,0.05024995520314174,0.19315176047919502,0.22416501779524328,0.988760850775694,calculado,-20.143347766029958
sinapi_es,Bocas para Bueiros,KG,teste,persistencia,False,24,8,0,0.9080333333333336,0.5825000000000001,0.9529078304502139,0.8227145131808972,calculado,0.0
sinapi_es,Bocas para Bueiros,KG,teste,linear_simples,False,24,8,0,0.8886302583375324,0.5672967389709185,0.942671872041132,0.826502792168179,calculado,2.136824088227434
sinapi_es,Bocas para Bueiros,KG,teste,linear_multipla,True,24,8,0,0.896971016697255,0.566354469392624,0.9470855382156645,0.8248743327802227,calculado,1.2182720864959353
sinapi_es,Bocas para Bueiros,UN,validacao,persistencia,False,66,66,0,3352728.260677273,1144.942272727273,1831.0456741100897,0.9951741157637571,calculado,0.0
sinapi_es,Bocas para Bueiros,UN,validacao,linear_simples,True,66,66,0,4920268.593164622,1392.252857493445,2218.167846030733,0.9929178135549115,calculado,-46.754171844833486
sinapi_es,Bocas para Bueiros,UN,validacao,linear_multipla,False,66,66,0,5606760.83030005,1464.156877908597,2367.859968473653,0.9919296833493261,calculado,-67.2298019514247
sinapi_es,Bocas para Bueiros,UN,teste,persistencia,False,198,66,0,896479.088488384,540.4327777777778,946.8257962732025,0.9987031861096621,calculado,0.0
sinapi_es,Bocas para Bueiros,UN,teste,linear_simples,True,198,66,0,916027.0451201848,588.8553608555469,957.0930180082732,0.9986749087499185,calculado,-2.1805256678950444
sinapi_es,Bocas para Bueiros,UN,teste,linear_multipla,False,198,66,0,951208.3445388678,580.0449445658057,975.2991051666498,0.9986240167677717,calculado,-6.104911620723536
sinapi_es,"Bombas Hidráulicas - Centrífugas, Horizontais e Submersíveis",UN,validacao,persistencia,False,18,18,1,11477.387261111136,60.290555555555635,107.1325686292975,0.9981635562923259,calculado,0.0
sinapi_es,"Bombas Hidráulicas - Centrífugas, Horizontais e Submersíveis",UN,validacao,linear_simples,True,18,18,1,18387.350073939044,68.23145053788026,135.5999633994753,0.9970579250681468,calculado,-60.205015789969494
sinapi_es,"Bombas Hidráulicas - Centrífugas, Horizontais e Submersíveis",UN,validacao,linear_multipla,False,18,18,1,21294.368430976207,72.70140506386723,145.925900480265,0.996592786491882,calculado,-85.53323980909815
sinapi_es,"Bombas Hidráulicas - Centrífugas, Horizontais e Submersíveis",UN,teste,persistencia,False,53,18,0,293.09492641509456,7.078301886792413,17.12001537426572,0.9999538487719725,calculado,0.0
sinapi_es,"Bombas Hidráulicas - Centrífugas, Horizontais e Submersíveis",UN,teste,linear_simples,True,53,18,0,381.77178545207295,16.48199169648468,19.53898117743279,0.9999398855621952,calculado,-30.25533745043069
sinapi_es,"Bombas Hidráulicas - Centrífugas, Horizontais e Submersíveis",UN,teste,linear_multipla,False,53,18,0,317.75806389506266,15.119435034527996,17.82576965785945,0.9999499652721943,calculado,-8.414726853728961
sinapi_es,Caixas Enterradas,UN,validacao,persistencia,False,56,56,54,1675.444166071429,29.54232142857143,40.932189851893206,0.992985465491855,calculado,0.0
sinapi_es,Caixas Enterradas,UN,validacao,linear_simples,False,56,56,54,1286.023828235379,25.44394063385902,35.86117438449805,0.9946158405608908,calculado,23.242812009018508
sinapi_es,Caixas Enterradas,UN,validacao,linear_multipla,True,56,56,54,1237.9223559581235,25.726750029800048,35.18412079274006,0.9948172256288114,calculado,26.113780391691826
sinapi_es,Caixas Enterradas,UN,teste,persistencia,False,114,56,0,186.70480789473683,7.8481578947368495,13.663996776007261,0.9992485061890991,calculado,0.0
sinapi_es,Caixas Enterradas,UN,teste,linear_simples,False,114,56,0,180.003868193519,8.880163992750699,13.416552023285229,0.9992754777211633,calculado,3.5890557810357984
sinapi_es,Caixas Enterradas,UN,teste,linear_multipla,True,114,56,0,175.16219680112278,8.158718584246438,13.234885598339064,0.9992949656289833,calculado,6.1822784446567205
sinapi_es,Caixas de Água para Edificações,UN,validacao,persistencia,False,37,37,0,495.7081972972982,10.44189189189189,22.264505323435735,0.9999235346537452,calculado,0.0
sinapi_es,Caixas de Água para Edificações,UN,validacao,linear_simples,True,37,37,0,70.27755572554899,4.711200391771146,8.383170982721811,0.9999891593528979,calculado,85.82279734151734
sinapi_es,Caixas de Água para Edificações,UN,validacao,linear_multipla,False,37,37,0,300.2045702121142,8.29721695738165,17.326412502653692,0.999953692017736,calculado,39.43925643172929
sinapi_es,Caixas de Água para Edificações,UN,teste,persistencia,False,111,37,0,11853.620136036028,38.7963063063063,108.87433185115778,0.9983266749483672,calculado,0.0
sinapi_es,Caixas de Água para Edificações,UN,teste,linear_simples,True,111,37,0,15121.938778430278,46.53740442815062,122.97129249719333,0.9978653003304638,calculado,-27.572324782521747
sinapi_es,Caixas de Água para Edificações,UN,teste,linear_multipla,False,111,37,0,24291.506361789296,57.044066220821456,155.8573269429105,0.9965708715421456,calculado,-104.92900972877493
sinapi_es,"Canaletas, Grelhas e Caixas com Grelha para Drenagem",M,validacao,persistencia,False,37,37,0,317.61919189189155,11.458648648648646,17.821873972506133,0.9985329659293979,calculado,0.0
sinapi_es,"Canaletas, Grelhas e Caixas com Grelha para Drenagem",M,validacao,linear_simples,False,37,37,0,305.9704102689445,10.786705955066168,17.49200989792038,0.998586769855477,calculado,3.667530779094728
sinapi_es,"Canaletas, Grelhas e Caixas com Grelha para Drenagem",M,validacao,linear_multipla,True,37,37,0,256.06062787952595,9.71962474943287,16.001894509073793,0.9988172954442662,calculado,19.381248231787694
sinapi_es,"Canaletas, Grelhas e Caixas com Grelha para Drenagem",M,teste,persistencia,False,80,37,31,99.03349374999996,4.550374999999998,9.951557352997568,0.9995174311717627,calculado,0.0
sinapi_es,"Canaletas, Grelhas e Caixas com Grelha para Drenagem",M,teste,linear_simples,False,80,37,31,90.37789282105696,4.049879923966186,9.506728818108622,0.9995596080458666,calculado,8.74007429324183
sinapi_es,"Canaletas, Grelhas e Caixas com Grelha para Drenagem",M,teste,linear_multipla,True,80,37,31,2173.2371289161906,23.658823468969874,46.617991472351,0.9894102847928363,calculado,-2094.4465923844996
sinapi_es,"Canaletas, Grelhas e Caixas com Grelha para Drenagem",UN,validacao,persistencia,False,6,6,3,359.6207166666689,13.80833333333336,18.96366833359698,0.9965473263952664,calculado,0.0
sinapi_es,"Canaletas, Grelhas e Caixas com Grelha para Drenagem",UN,validacao,linear_simples,True,6,6,3,95.76004218231132,9.483702701834085,9.785706013482692,0.9990806197899397,calculado,73.3719338891505
sinapi_es,"Canaletas, Grelhas e Caixas com Grelha para Drenagem",UN,validacao,linear_multipla,False,6,6,3,1920.7780637988226,41.02120035200853,43.82668209890891,0.9815588496043834,calculado,-434.1121839705316
sinapi_es,"Canaletas, Grelhas e Caixas com Grelha para Drenagem",UN,teste,persistencia,False,15,6,0,45.639433333333336,4.452666666666664,6.755696361836678,0.9995531544989051,calculado,0.0
sinapi_es,"Canaletas, Grelhas e Caixas com Grelha para Drenagem",UN,teste,linear_simples,True,15,6,0,202.58846811851313,12.986587253739659,14.233357584158178,0.9980165015439326,calculado,-343.88909616577143
sinapi_es,"Canaletas, Grelhas e Caixas com Grelha para Drenagem",UN,teste,linear_multipla,False,15,6,0,189.6103042531651,13.204879851065296,13.769905745979713,0.9981435678484888,calculado,-315.4528012394949
sinapi_es,Chapisco,M2,validacao,persistencia,False,28,28,0,0.21691071428571446,0.425357142857143,0.4657367435426525,0.9912537146691383,calculado,0.0
sinapi_es,Chapisco,M2,validacao,linear_simples,False,28,28,0,0.23290297485208517,0.4418291660581056,0.4826002225984621,0.9906088738900205,calculado,-7.372738879696707
sinapi_es,Chapisco,M2,validacao,linear_multipla,True,28,28,0,0.23129474467276134,0.4399228566834066,0.48093112258696813,0.9906737210326451,calculado,-6.631313918454145
sinapi_es,Chapisco,M2,teste,persistencia,False,84,28,0,0.02969642857142857,0.1274999999999999,0.17232651731938578,0.9988219935130026,calculado,0.0
sinapi_es,Chapisco,M2,teste,linear_simples,False,84,28,0,0.026523786647629416,0.11644188779555159,0.16286124968091525,0.9989478467871822,calculado,10.683580741596675
sinapi_es,Chapisco,M2,teste,linear_multipla,True,84,28,0,0.030716638869959116,0.12178747685762384,0.17526162977092025,0.9987815235168588,calculado,-3.4354646252381538
sinapi_es,Concretagem para Estruturas de Concreto Armado,M3,validacao,persistencia,False,20,20,0,473.88891500000045,16.66750000000001,21.768989756072752,0.9951911190235114,calculado,0.0
sinapi_es,Concretagem para Estruturas de Concreto Armado,M3,validacao,linear_simples,True,20,20,0,426.22176029211033,15.497423904125645,20.6451389022237,0.9956748308517953,calculado,10.058719079320536
sinapi_es,Concretagem para Estruturas de Concreto Armado,M3,validacao,linear_multipla,False,20,20,0,433.6385975111846,15.810689784565799,20.82399091219511,0.9955995670372608,calculado,8.493618697288117
sinapi_es,Concretagem para Estruturas de Concreto Armado,M3,teste,persistencia,False,60,20,0,7.596871666666659,1.278166666666665,2.7562423091351493,0.9999236121095058,calculado,0.0
sinapi_es,Concretagem para Estruturas de Concreto Armado,M3,teste,linear_simples,True,60,20,0,9.327280894851771,2.6346489931587476,3.054059739895697,0.9999062125381516,calculado,-22.777918386824325
sinapi_es,Concretagem para Estruturas de Concreto Armado,M3,teste,linear_multipla,False,60,20,0,19.573336138170095,3.339163549527911,4.424176323132939,0.9998031866374563,calculado,-157.64995115099063
sinapi_es,Concreto Projetado,M2,validacao,persistencia,False,32,32,0,116.61870312500001,9.775937500000001,10.799013988554696,0.9755699169221537,calculado,0.0
sinapi_es,Concreto Projetado,M2,validacao,linear_simples,True,32,32,0,104.5127912564816,9.264079433975184,10.22314977179155,0.9781059460903394,calculado,10.380763586045413
sinapi_es,Concreto Projetado,M2,validacao,linear_multipla,False,32,32,0,106.78022561746951,9.375164712541682,10.333451776510573,0.9776309484413506,calculado,8.436449080543227
sinapi_es,Concreto Projetado,M2,teste,persistencia,False,96,32,0,3.613411458333329,1.6628125000000002,1.9008975401986634,0.9992517709428608,calculado,0.0
sinapi_es,Concreto Projetado,M2,teste,linear_simples,True,96,32,0,1.0700380661177835,0.7619767646243494,1.0344264430677435,0.9997784272335031,calculado,70.38704065516707
sinapi_es,Concreto Projetado,M2,teste,linear_multipla,False,96,32,0,14.473343753608921,2.420420456506959,3.804384806195204,0.9970030049233835,calculado,-300.54513360857857
sinapi_es,Contrapiso,M2,validacao,persistencia,False,59,59,0,6.194920338983052,2.292372881355932,2.488959690108109,0.9971436861922383,calculado,0.0
sinapi_es,Contrapiso,M2,validacao,linear_simples,True,59,59,0,7.022175978941804,2.416317798464757,2.649938863246057,0.9967622605115731,calculado,-13.353773651503527
sinapi_es,Contrapiso,M2,validacao,linear_multipla,False,59,59,0,7.64675598533256,2.509023061902622,2.7652768370151586,0.9964742832013437,calculado,-23.435905014201346
sinapi_es,Contrapiso,M2,teste,persistencia,False,177,59,0,0.9543079096045191,0.8014124293785309,0.9768868458549941,0.9995612279907778,calculado,0.0
sinapi_es,Contrapiso,M2,teste,linear_simples,True,177,59,0,0.8474718474234163,0.7156085181130668,0.9205823414683861,0.9996103491111089,calculado,11.19513535472816
sinapi_es,Contrapiso,M2,teste,linear_multipla,False,177,59,0,0.9602253620117382,0.7815136629716543,0.979910894934707,0.9995585072625348,calculado,-0.6200778959981043
sinapi_es,Custos Horários Produtivo e Improdutivo dos Equipamentos,CHI,validacao,persistencia,False,158,158,0,67.82260696202535,3.4591772151898748,8.235448194362306,0.9956154381922421,calculado,0.0
sinapi_es,Custos Horários Produtivo e Improdutivo dos Equipamentos,CHI,validacao,linear_simples,True,158,158,0,72.86841612645115,3.8120371694483786,8.536299908417648,0.9952892392573653,calculado,-7.439715738516231
sinapi_es,Custos Horários Produtivo e Improdutivo dos Equipamentos,CHI,validacao,linear_multipla,False,158,158,0,76.09609087591191,4.02314872198189,8.723307335862465,0.9950805781623668,calculado,-12.198711144381376
sinapi_es,Custos Horários Produtivo e Improdutivo dos Equipamentos,CHI,teste,persistencia,False,480,160,0,5.753212499999995,0.5999166666666671,2.3985855206767166,0.9996312180044183,calculado,0.0
sinapi_es,Custos Horários Produtivo e Improdutivo dos Equipamentos,CHI,teste,linear_simples,True,480,160,0,6.159052261148198,0.8828482446413887,2.4817437944212126,0.9996052035999439,calculado,-7.054141684288627
sinapi_es,Custos Horários Produtivo e Improdutivo dos Equipamentos,CHI,teste,linear_multipla,False,480,160,0,6.486158661185182,0.953415810093037,2.5467938002879587,0.999584236018619,calculado,-12.739772104457948
sinapi_es,Custos Horários Produtivo e Improdutivo dos Equipamentos,CHP,validacao,persistencia,False,158,158,0,387.50932594936666,7.238544303797463,19.685256562955097,0.9992281609307326,calculado,0.0
sinapi_es,Custos Horários Produtivo e Improdutivo dos Equipamentos,CHP,validacao,linear_simples,True,158,158,0,533.8190070390298,9.092234134179382,23.104523518978482,0.9989367420653921,calculado,-37.75642837271495
sinapi_es,Custos Horários Produtivo e Improdutivo dos Equipamentos,CHP,validacao,linear_multipla,False,158,158,0,544.6379109865954,9.233851680430313,23.33747867672503,0.9989151930285194,calculado,-40.548336392234276
sinapi_es,Custos Horários Produtivo e Improdutivo dos Equipamentos,CHP,teste,persistencia,False,480,160,0,1551.0914418750015,7.567229166666667,39.38389825645757,0.9974571045687016,calculado,0.0
sinapi_es,Custos Horários Produtivo e Improdutivo dos Equipamentos,CHP,teste,linear_simples,True,480,160,0,1774.6325061957527,8.482574132480782,42.12638729105254,0.9970906261420773,calculado,-14.411855954187251
sinapi_es,Custos Horários Produtivo e Improdutivo dos Equipamentos,CHP,teste,linear_multipla,False,480,160,0,1788.5142378243124,8.732354759014534,42.290829240206584,0.9970678681079707,calculado,-15.306821347831553
sinapi_es,Demolições e Remoções,M,validacao,persistencia,False,11,11,0,0.29238181818181846,0.3690909090909092,0.5407234211515333,0.9940615881900364,calculado,0.0
sinapi_es,Demolições e Remoções,M,validacao,linear_simples,False,11,11,0,0.28843532611868733,0.35800963136487307,0.5370617526120133,0.9941417432941443,calculado,1.3497734187688093
sinapi_es,Demolições e Remoções,M,validacao,linear_multipla,True,11,11,0,0.2869518524412691,0.35425570457878924,0.5356788706317145,0.9941718733400566,calculado,1.8571489069723006
sinapi_es,Demolições e Remoções,M,teste,persistencia,False,33,11,0,0.012930303030302969,0.043939393939393785,0.1137114903178345,0.9997486446408724,calculado,0.0
sinapi_es,Demolições e Remoções,M,teste,linear_simples,False,33,11,0,0.0076431460024167786,0.058771466110256326,0.08742508794629136,0.9998514229942022,calculado,40.88966063282051
sinapi_es,Demolições e Remoções,M,teste,linear_multipla,True,33,11,0,0.01603775679483462,0.07696873463043363,0.12664026529834269,0.9996882380784643,calculado,-24.03233518386335
sinapi_es,Demolições e Remoções,M2,validacao,persistencia,False,23,23,0,1.501539130434782,1.0043478260869565,1.2253730576582718,0.988758800023086,calculado,0.0
sinapi_es,Demolições e Remoções,M2,validacao,linear_simples,True,23,23,0,1.3206378565468524,0.9381565538918591,1.1491900872122298,0.990113108648572,calculado,12.0477229145236
sinapi_es,Demolições e Remoções,M2,validacao,linear_multipla,False,23,23,0,1.3211272822414268,0.9382807097051663,1.1494030112373235,0.9901094445868137,calculado,12.015127980122342
sinapi_es,Demolições e Remoções,M2,teste,persistencia,False,69,23,0,0.029788405797101437,0.0669565217391305,0.17259318004226423,0.9997804614533731,calculado,0.0
sinapi_es,Demolições e Remoções,M2,teste,linear_simples,True,69,23,0,0.049562467420090135,0.17722040350066104,0.22262629543719703,0.9996347279495665,calculado,-66.38173844440112
sinapi_es,Demolições e Remoções,M2,teste,linear_multipla,False,69,23,0,0.04083203032878686,0.15033873430764538,0.2020693700905381,0.9996990706835651,calculado,-37.073566833039514
sinapi_es,Demolições e Remoções,M3,validacao,persistencia,False,11,11,0,479.7555363636359,16.30636363636363,21.90332249599672,0.9865088292895823,calculado,0.0
sinapi_es,Demolições e Remoções,M3,validacao,linear_simples,False,11,11,0,414.58976302085597,15.165196513679149,20.36147742726092,0.9883413512846541,calculado,13.583120652804059
sinapi_es,Demolições e Remoções,M3,validacao,linear_multipla,True,11,11,0,395.81638087220193,14.849886811949586,19.895134603017944,0.9888692762051232,calculado,17.496234879885026
sinapi_es,Demolições e Remoções,M3,teste,persistencia,False,33,11,0,2.017245454545487,0.6645454545454575,1.4202976640639409,0.9999438239311187,calculado,0.0
sinapi_es,Demolições e Remoções,M3,teste,linear_simples,False,33,11,0,13.569344610460575,2.6307137136459335,3.6836591333157545,0.999622122119153,calculado,-572.6670063816272
sinapi_es,Demolições e Remoções,M3,teste,linear_multipla,True,33,11,0,12.394138143642957,2.5689051708127506,3.5205309462697465,0.9996548491624987,calculado,-514.4090257194568
sinapi_es,Demolições e Remoções,UN,validacao,persistencia,False,14,14,0,159.24332142857156,8.339285714285717,12.619164846715156,0.9967394216906575,calculado,0.0
sinapi_es,Demolições e Remoções,UN,validacao,linear_simples,True,14,14,0,124.87920637737201,7.37502442968959,11.174936526771507,0.9974430423332724,calculado,21.579627166099733
sinapi_es,Demolições e Remoções,UN,validacao,linear_multipla,False,14,14,0,164.67016269826723,8.133925943888347,12.832387256401953,0.9966283046857278,calculado,-3.4078925389218764
sinapi_es,Demolições e Remoções,UN,teste,persistencia,False,42,14,0,0.15383333333333304,0.1438095238095227,0.3922159269246126,0.9999968523265236,calculado,0.0
sinapi_es,Demolições e Remoções,UN,teste,linear_simples,True,42,14,0,10.495251528842866,2.0967498725193208,3.2396375613396735,0.9997852505425863,calculado,-6722.482033917368
sinapi_es,Demolições e Remoções,UN,teste,linear_multipla,False,42,14,0,18.07250315460348,2.636220153816894,4.251176678827108,0.9996302079815912,calculado,-11648.106059330565
sinapi_es,"Depreciação, Juros, Impostos e Seguros, Manutenção e Materiais na Operação dos Equipamentos",H,validacao,persistencia,False,698,698,0,39.42230530085969,1.3245128939828092,6.278718444146041,0.9995189000581373,calculado,0.0
sinapi_es,"Depreciação, Juros, Impostos e Seguros, Manutenção e Materiais na Operação dos Equipamentos",H,validacao,linear_simples,False,698,698,0,64.68507231604411,1.8431249399805445,8.042703047859227,0.9992105995757189,calculado,-64.08241938766963
sinapi_es,"Depreciação, Juros, Impostos e Seguros, Manutenção e Materiais na Operação dos Equipamentos",H,validacao,linear_multipla,True,698,698,0,61.44458537834406,1.761507294319811,7.838659667209954,0.9992501456668325,calculado,-55.862486755700004
sinapi_es,"Depreciação, Juros, Impostos e Seguros, Manutenção e Materiais na Operação dos Equipamentos",H,teste,persistencia,False,2139,713,0,365.62697166900455,2.2610378681626933,19.12137473271743,0.9964437957353673,calculado,0.0
sinapi_es,"Depreciação, Juros, Impostos e Seguros, Manutenção e Materiais na Operação dos Equipamentos",H,teste,linear_simples,False,2139,713,0,417.2371819794792,2.473858301688722,20.42638445686067,0.9959418184081289,calculado,-14.115536956938845
sinapi_es,"Depreciação, Juros, Impostos e Seguros, Manutenção e Materiais na Operação dos Equipamentos",H,teste,linear_multipla,True,2139,713,0,360.0390294446635,1.934980989237296,18.974694449309677,0.9964981458394584,calculado,1.5283178368470265
sinapi_es,Dissipadores de Energia,M3,validacao,persistencia,False,12,12,0,833.4921916666686,27.029166666666693,28.870264835409262,0.9968966772740637,calculado,0.0
sinapi_es,Dissipadores de Energia,M3,validacao,linear_simples,False,12,12,0,726.1282464596749,24.866898888469944,26.946766901795005,0.9972964230358576,calculado,12.881217878275088
sinapi_es,Dissipadores de Energia,M3,validacao,linear_multipla,True,12,12,0,715.6749465390911,24.622201301035272,26.752101721903855,0.9973353435722813,calculado,14.135374788813277
sinapi_es,Dissipadores de Energia,M3,teste,persistencia,False,36,12,0,143.37435555555552,8.267777777777777,11.97390310448333,0.9994504865507842,calculado,0.0
sinapi_es,Dissipadores de Energia,M3,teste,linear_simples,False,36,12,0,147.0697629608688,6.695942703999549,12.12723228774269,0.9994363230969247,calculado,-2.577453541809535
sinapi_es,Dissipadores de Energia,M3,teste,linear_multipla,True,36,12,0,169.67327510242598,8.13426395952679,13.025869456678352,0.9993496902128697,calculado,-18.342833657362103
sinapi_es,Dragagem,M3,validacao,persistencia,False,3,3,0,0.07483333333333315,0.25666666666666654,0.27355681920459074,0.9926820681876954,calculado,0.0
sinapi_es,Dragagem,M3,validacao,linear_simples,True,3,3,0,0.0923357712450578,0.28600597642083425,0.30386801616007203,0.990970509427957,calculado,-23.388558456647697
sinapi_es,Dragagem,M3,validacao,linear_multipla,False,3,3,0,0.13445194064493585,0.33739649197432886,0.36667688861576186,0.9868519803963698,calculado,-79.66851756561626
sinapi_es,Dragagem,M3,teste,persistencia,False,9,3,0,0.016277777777777773,0.08333333333333343,0.12758439472669755,0.9985393498162473,calculado,0.0
sinapi_es,Dragagem,M3,teste,linear_simples,True,9,3,0,0.015880081954740603,0.082542670860606,0.12601619719203005,0.9985750361663699,calculado,2.4431825306037736
sinapi_es,Dragagem,M3,teste,linear_multipla,False,9,3,0,0.023787548406036182,0.10718723209054362,0.15423212507787146,0.9978654772521997,calculado,-46.135109661655775
sinapi_es,Drenagem de ar condicionado,M,validacao,persistencia,False,3,3,0,1.5079999999999998,1.2266666666666666,1.2280065146407,0.9189065166369507,calculado,0.0
sinapi_es,Drenagem de ar condicionado,M,validacao,linear_simples,True,3,3,0,1.1074374931494184,1.0519627988658726,1.0523485606724696,0.9404469735236543,calculado,26.56250045428259
sinapi_es,Drenagem de ar condicionado,M,validacao,linear_multipla,False,3,3,0,1.2724397664488223,1.1266736835998685,1.1280247188997332,0.9315738905629973,calculado,15.620705142651031
sinapi_es,Drenagem de ar condicionado,M,teste,persistencia,False,9,3,0,0.04649999999999966,0.11444444444444418,0.21563858652847745,0.9973885373812518,calculado,0.0
sinapi_es,Drenagem de ar condicionado,M,teste,linear_simples,True,9,3,0,0.21854319430331517,0.42117163013783254,0.467486036479503,0.9877265079031196,calculado,-369.9853640931544
sinapi_es,Drenagem de ar condicionado,M,teste,linear_multipla,False,9,3,0,0.26158056502645227,0.4667409605815449,0.5114494745587801,0.9853095082288684,calculado,-462.5388495192563
sinapi_es,Drenagem de ar condicionado,UN,validacao,persistencia,False,12,12,0,0.2978166666666665,0.5299999999999999,0.5457258163827936,0.9703916961209419,calculado,0.0
sinapi_es,Drenagem de ar condicionado,UN,validacao,linear_simples,True,12,12,0,0.23537461304273036,0.471229012822022,0.4851542157322044,0.9765995531869107,calculado,20.966608189804525
sinapi_es,Drenagem de ar condicionado,UN,validacao,linear_multipla,False,12,12,0,0.25378561190511,0.4894636098210678,0.5037713885336383,0.9747691705722115,calculado,14.784617413920149
sinapi_es,Drenagem de ar condicionado,UN,teste,persistencia,False,36,12,0,0.01014444444444443,0.052777777777777764,0.10071963286492078,0.9989653821276263,calculado,0.0
sinapi_es,Drenagem de ar condicionado,UN,teste,linear_simples,True,36,12,0,0.03847291938588428,0.16938200861598848,0.19614514876969116,0.9960762001096247,calculado,-279.25112209524536
sinapi_es,Drenagem de ar condicionado,UN,teste,linear_multipla,False,36,12,0,0.045954227506426866,0.19287411060097753,0.2143693716612214,0.995313191831287,calculado,-352.99895679938925
sinapi_es,Drenos,M,validacao,persistencia,False,35,35,0,16.28351142857145,2.90657142857143,4.035283314535852,0.9966289701784748,calculado,0.0
sinapi_es,Drenos,M,validacao,linear_simples,True,35,35,0,17.65323623754778,2.9765045148093408,4.201575447085031,0.9963454082945042,calculado,-8.41172872930206
sinapi_es,Drenos,M,validacao,linear_multipla,False,35,35,0,28.714711745065827,3.479650234321218,5.358610990272183,0.9940554498927503,calculado,-76.34225806285421
sinapi_es,Drenos,M,teste,persistencia,False,105,35,0,26.563033333333344,3.259523809523811,5.1539337726957015,0.9952276384344506,calculado,0.0
sinapi_es,Drenos,M,teste,linear_simples,True,105,35,0,26.260246095575948,3.214412574812992,5.124475201967119,0.9952820377252951,calculado,1.1398820080439969
sinapi_es,Drenos,M,teste,linear_multipla,False,105,35,0,36.22532729247178,4.243539497754537,6.018747983797941,0.9934916936066523,calculado,-36.3749645527623
sinapi_es,Drenos,M2,validacao,persistencia,False,4,4,0,1.1170499999999992,0.9549999999999996,1.0569058614654379,0.9805070981437638,calculado,0.0
sinapi_es,Drenos,M2,validacao,linear_simples,False,4,4,0,0.4161411301335486,0.6159325466429255,0.645090017077887,0.9927381959553856,calculado,62.74641868013528
sinapi_es,Drenos,M2,validacao,linear_multipla,True,4,4,0,0.17392850739323934,0.3694499847752324,0.41704736828475414,0.9969648884789238,calculado,84.42965781359479
sinapi_es,Drenos,M2,teste,persistencia,False,12,4,0,2.6301416666666664,1.0908333333333333,1.6217711511389843,0.966127566326701,calculado,0.0
sinapi_es,Drenos,M2,teste,linear_simples,False,12,4,0,4.0125242424686425,1.518955232922728,2.0031286135614566,0.9483244712678253,calculado,-52.559243987566305
sinapi_es,Drenos,M2,teste,linear_multipla,True,12,4,0,7.823614215331339,2.404771123173783,2.797072436554216,0.8992431255879285,calculado,-197.4598028115598
sinapi_es,Drenos,M3,validacao,persistencia,False,4,4,0,5.915449999999989,2.134999999999998,2.432169813150387,0.9939546507082268,calculado,0.0
sinapi_es,Drenos,M3,validacao,linear_simples,False,4,4,0,4.393580871619404,1.7370071749640275,2.0960870381783776,0.9955099390561001,calculado,25.72702209266561
sinapi_es,Drenos,M3,validacao,linear_multipla,True,4,4,0,3.7159348645529766,1.5099031100009732,1.9276760268657638,0.9962024657123801,calculado,37.18254968678658
sinapi_es,Drenos,M3,teste,persistencia,False,12,4,0,10.659650000000005,2.3333333333333344,3.2649119436824026,0.99023748342959,calculado,0.0
sinapi_es,Drenos,M3,teste,linear_simples,False,12,4,0,8.246144599339505,2.1718502010372,2.87161010573154,0.9924478643020128,calculado,22.64150699751397
sinapi_es,Drenos,M3,teste,linear_multipla,True,12,4,0,12.17477000741872,2.6552000797396893,3.4892363071908328,0.9888498783789001,calculado,-14.213599953269716
sinapi_es,Drenos,UN,validacao,persistencia,False,6,6,0,17.432500000000033,3.3633333333333355,4.175224544859837,0.979942236568946,calculado,0.0
sinapi_es,Drenos,UN,validacao,linear_simples,True,6,6,0,15.740340416008328,3.225872209994592,3.96740978675109,0.981889228487678,calculado,9.706924330943362
sinapi_es,Drenos,UN,validacao,linear_multipla,False,6,6,0,16.667384432739752,3.3099833177913993,4.082570811723876,0.9808225754214067,calculado,4.389018025299181
sinapi_es,Drenos,UN,teste,persistencia,False,18,6,0,0.4359499999999996,0.5261111111111114,0.6602650982749274,0.9995059636561324,calculado,0.0
sinapi_es,Drenos,UN,teste,linear_simples,True,18,6,0,0.8143140070968135,0.6427638313070614,0.9023934879512449,0.9990771861111911,calculado,-86.79068863328689
sinapi_es,Drenos,UN,teste,linear_multipla,False,18,6,0,6.394790849624773,1.5051952980914096,2.528792369813064,0.9927531618507941,calculado,-1366.863367272572
sinapi_es,Energia Solar para Edificações,UN,validacao,persistencia,False,6,6,6,475.75099999999856,18.753333333333362,21.811717034658198,0.9999615896171962,calculado,0.0
sinapi_es,Energia Solar para Edificações,UN,validacao,linear_simples,True,6,6,6,13321.296635705075,96.82578671692278,115.41792164003421,0.9989244875928345,calculado,-2700.056465610186
sinapi_es,Energia Solar para Edificações,UN,validacao,linear_multipla,False,6,6,6,166283.6811463104,348.91637168673407,407.7789611374162,0.9865748682675025,calculado,-34851.83008471048
sinapi_es,Energia Solar para Edificações,UN,teste,persistencia,False,12,6,0,0.3419750000000344,0.26750000000001206,0.5847862857489344,0.9999999723633507,calculado,0.0
sinapi_es,Energia Solar para Edificações,UN,teste,linear_simples,True,12,6,0,14193.75395517493,102.8979865095273,119.13754217363615,0.9988529342769806,calculado,-4150423.8555957316
sinapi_es,Energia Solar para Edificações,UN,teste,linear_multipla,False,12,6,0,12418.678659563506,96.26450818838153,111.43912535354674,0.998996386673986,calculado,-3631358.0479749274
sinapi_es,Equipamentos de Proteção Coletiva,M,validacao,persistencia,False,13,13,0,16.571869230769416,2.319230769230776,4.0708560808224865,0.999514380991466,calculado,0.0
sinapi_es,Equipamentos de Proteção Coletiva,M,validacao,linear_simples,False,13,13,0,13.36102505854047,1.8084730035566894,3.6552735955794704,0.9996084709786461,calculado,19.375268580247354
sinapi_es,Equipamentos de Proteção Coletiva,M,validacao,linear_multipla,True,13,13,0,11.927376687395833,1.7440527938094401,3.4536034351667872,0.9996504823468803,calculado,28.026364912112832
sinapi_es,Equipamentos de Proteção Coletiva,M,teste,persistencia,False,39,15,2,47.43621794871802,3.2792307692307707,6.887395585322366,0.9981864692294213,calculado,0.0
sinapi_es,Equipamentos de Proteção Coletiva,M,teste,linear_simples,False,39,15,2,36.82164741503357,2.694105647007117,6.068084328273097,0.9985922741420332,calculado,22.37651101350358
sinapi_es,Equipamentos de Proteção Coletiva,M,teste,linear_multipla,True,39,15,2,43.259607924655626,3.177424225429403,6.577203655403688,0.9983461449186497,calculado,8.80468596501013
sinapi_es,Equipamentos de Proteção Coletiva,M2,validacao,persistencia,False,9,9,0,13.150544444444462,1.9744444444444456,3.626367941128487,0.9992266961541514,calculado,0.0
sinapi_es,Equipamentos de Proteção Coletiva,M2,validacao,linear_simples,False,9,9,0,10.936325627495126,1.814571875938193,3.3070115856306166,0.9993569009478716,calculado,16.837468793048696
sinapi_es,Equipamentos de Proteção Coletiva,M2,validacao,linear_multipla,True,9,9,0,9.948341268791346,1.761776551098767,3.1540991215862806,0.999414998322277,calculado,24.350346779793657
sinapi_es,Equipamentos de Proteção Coletiva,M2,teste,persistencia,False,26,9,1,1.3247307692307642,0.33076923076923,1.1509694910078043,0.9999258194056632,calculado,0.0
sinapi_es,Equipamentos de Proteção Coletiva,M2,teste,linear_simples,False,26,9,1,0.8865216473355848,0.47931483925984647,0.9415527852094033,0.9999503576845807,calculado,33.079108002423446
sinapi_es,Equipamentos de Proteção Coletiva,M2,teste,linear_multipla,True,26,9,1,1.3452759583778224,0.6395440494175048,1.1598603184771097,0.9999246689422052,calculado,-1.5508954441352878
sinapi_es,Escadas,KG,validacao,persistencia,False,6,6,0,0.3484333333333331,0.4433333333333331,0.5902824182824126,0.9910465198945763,calculado,0.0
sinapi_es,Escadas,KG,validacao,linear_simples,False,6,6,0,0.3859129797620957,0.4764160640557904,0.6212189467185428,0.9900834281448635,calculado,-10.756619084118235
sinapi_es,Escadas,KG,validacao,linear_multipla,True,6,6,0,0.36420299524775274,0.4595624087931611,0.6034923323852199,0.9906412964537841,calculado,-4.5258763745584005
sinapi_es,Escadas,KG,teste,persistencia,False,18,6,0,0.8723888888888898,0.6144444444444449,0.9340176063056251,0.9788656108748722,calculado,0.0
sinapi_es,Escadas,KG,teste,linear_simples,False,18,6,0,0.8849612985657841,0.6118735072106328,0.9407238163062441,0.9785610331782323,calculado,-1.44114738702221
sinapi_es,Escadas,KG,teste,linear_multipla,True,18,6,0,1.000316143625135,0.6370776482432972,1.000158059321193,0.9757664604664475,calculado,-14.664016972886795
sinapi_es,Escadas,M2,validacao,persistencia,False,80,80,0,105.05688999999998,8.902249999999999,10.249726337810195,0.9939616932227362,calculado,0.0
sinapi_es,Escadas,M2,validacao,linear_simples,False,80,80,0,66.9196311218524,7.2103798295704085,8.180441988172301,0.9961536909941359,calculado,36.30153041666052
sinapi_es,Escadas,M2,validacao,linear_multipla,True,80,80,0,61.302637058947525,6.950426010937427,7.829600057406989,0.9964765363907385,calculado,41.64815172146488
sinapi_es,Escadas,M2,teste,persistencia,False,240,80,0,51.55188458333332,5.0309583333333325,7.179964107384752,0.9972911456447299,calculado,0.0
sinapi_es,Escadas,M2,teste,linear_simples,False,240,80,0,21.78787395976298,3.4725312259727232,4.667748275106851,0.9988551305593383,calculado,57.73602820563619
sinapi_es,Escadas,M2,teste,linear_multipla,True,240,80,0,41.78943652705058,4.2276547285988455,6.464474961437362,0.9978041249499309,calculado,18.937131271121224
sinapi_es,Escadas,M3,validacao,persistencia,False,8,8,0,16976.857387499975,128.9387499999999,130.29527001199995,0.9476343416955819,calculado,0.0
sinapi_es,Escadas,M3,validacao,linear_simples,True,8,8,0,14714.817326735289,119.82683025739766,121.30464676480983,0.9546116764395332,calculado,13.324256716853979
sinapi_es,Escadas,M3,validacao,linear_multipla,False,8,8,0,15218.754228324477,121.96585704633014,123.36431505230544,0.9530572669871079,calculado,10.355881062357195
sinapi_es,Escadas,M3,teste,persistencia,False,24,8,0,12074.08327499998,77.6766666666665,109.88213355682525,0.9627227081988542,calculado,0.0
sinapi_es,Escadas,M3,teste,linear_simples,True,24,8,0,15009.966425553417,85.98192239974696,122.5151681448196,0.9536585191913249,calculado,-24.315578116247842
sinapi_es,Escadas,M3,teste,linear_multipla,False,24,8,0,15171.90253079977,80.78364332443016,123.17427706627619,0.9531585607836413,calculado,-25.65676569594303
sinapi_es,Escavação Horizontal,M3,validacao,persistencia,False,40,40,0,0.14443750000000008,0.3512500000000001,0.38004933890220105,0.9956764190563272,calculado,0.0
sinapi_es,Escavação Horizontal,M3,validacao,linear_simples,False,40,40,0,0.14702481960252525,0.3494325531142163,0.38343815616410065,0.9955989704316373,calculado,-1.791307383833957
sinapi_es,Escavação Horizontal,M3,validacao,linear_multipla,True,40,40,0,0.12061929760502728,0.3107112272809321,0.34730289029178446,0.996389391282982,calculado,16.490317538708982
sinapi_es,Escavação Horizontal,M3,teste,persistencia,False,60,40,0,0.0031049999999999936,0.04249999999999987,0.05572252686302007,0.9999231136101717,calculado,0.0
sinapi_es,Escavação Horizontal,M3,teste,linear_simples,False,60,40,0,0.0049970120013537,0.06339721028607868,0.07068954662008874,0.9998762633775483,calculado,-60.93436397274428
sinapi_es,Escavação Horizontal,M3,teste,linear_multipla,True,60,40,0,0.004950976762827056,0.054338932663179684,0.07036317760609632,0.9998774033077561,calculado,-59.45174759507459
sinapi_es,Escavação Vertical a Céu Aberto,M3,validacao,persistencia,False,72,72,0,0.25219444444444444,0.46861111111111103,0.5021896498778569,0.9933495088482955,calculado,0.0
sinapi_es,Escavação Vertical a Céu Aberto,M3,validacao,linear_simples,True,72,72,0,0.3690276122852163,0.5700833154271556,0.607476429407114,0.9902685609286762,calculado,-46.32662234021133
sinapi_es,Escavação Vertical a Céu Aberto,M3,validacao,linear_multipla,False,72,72,0,0.3834657110006182,0.581250178788472,0.6192460827495142,0.9898878211865073,calculado,-52.05160916424998
sinapi_es,Escavação Vertical a Céu Aberto,M3,teste,persistencia,False,216,72,0,0.40739999999999993,0.4705555555555555,0.6382789358893178,0.9905089476269413,calculado,0.0
sinapi_es,Escavação Vertical a Céu Aberto,M3,teste,linear_simples,True,216,72,0,0.4455989277036361,0.48360323218601675,0.667531967551844,0.9896190408438537,calculado,-9.37627091400005
sinapi_es,Escavação Vertical a Céu Aberto,M3,teste,linear_multipla,False,216,72,0,0.36567327699927477,0.4328487685651741,0.6047092499699958,0.991481040197771,calculado,10.242200049269801
sinapi_es,Escavação de Valas,M3,validacao,persistencia,False,73,73,0,1.1464821917808221,0.39972602739726026,1.070739086697045,0.9927830939383235,calculado,0.0
sinapi_es,Escavação de Valas,M3,validacao,linear_simples,False,73,73,0,1.012809734987189,0.425907852319674,1.0063844866586473,0.9936245388125912,calculado,11.659357445927768
sinapi_es,Escavação de Valas,M3,validacao,linear_multipla,True,73,73,0,0.9744607354792306,0.45148062108091847,0.9871477779335932,0.9938659390968628,calculado,15.004285067384417
sinapi_es,Escavação de Valas,M3,teste,persistencia,False,219,73,0,0.027393150684931502,0.11182648401826481,0.1655087631665813,0.9998277369715052,calculado,0.0
sinapi_es,Escavação de Valas,M3,teste,linear_simples,False,219,73,0,0.0653636777591276,0.14939304142725454,0.2556632115872904,0.9995889576480687,calculado,-138.61321580318625
sinapi_es,Escavação de Valas,M3,teste,linear_multipla,True,219,73,0,0.09617343959042561,0.22017004515368632,0.31011842833089687,0.9993952091106585,calculado,-251.08571736265793
sinapi_es,Escavação em Material de 3ª Categoria,M3,validacao,persistencia,False,4,4,0,27.899449999999895,4.034999999999993,5.281992995072967,0.9954530087729009,calculado,0.0
sinapi_es,Escavação em Material de 3ª Categoria,M3,validacao,linear_simples,True,4,4,0,33.66763705537222,4.443381733396129,5.802382015635667,0.9945129222859972,calculado,-20.67491314478366
sinapi_es,Escavação em Material de 3ª Categoria,M3,validacao,linear_multipla,False,4,4,0,44.103821446252965,5.273435364514104,6.6410708056948895,0.992812055821973,calculado,-58.08132936761524
sinapi_es,Escavação em Material de 3ª Categoria,M3,teste,persistencia,False,12,4,0,8.828466666666682,1.6066666666666694,2.9712735765436817,0.9986862305828845,calculado,0.0
sinapi_es,Escavação em Material de 3ª Categoria,M3,teste,linear_simples,True,12,4,0,8.407229775341312,1.5805714125486217,2.8995223357203703,0.9987489150972038,calculado,4.771348267257078
sinapi_es,Escavação em Material de 3ª Categoria,M3,teste,linear_multipla,False,12,4,0,22.384483091699725,3.215271902783162,4.731224269858672,0.9966689516521766,calculado,-153.54893365816284
sinapi_es,Escoramento e Preparo de Fundo de Valas,M2,validacao,persistencia,False,32,32,32,42.94575624999999,3.978125,6.553301171928541,0.974385210777985,calculado,0.0
sinapi_es,Escoramento e Preparo de Fundo de Valas,M2,validacao,linear_simples,False,32,32,32,40.71126007214358,3.8137614196618714,6.380537600558716,0.9757179652480659,calculado,5.203066316608193
sinapi_es,Escoramento e Preparo de Fundo de Valas,M2,validacao,linear_multipla,True,32,32,32,40.245417586316606,3.776739811267198,6.343927615154243,0.9759958147523489,calculado,6.287789293926762
sinapi_es,Escoramento e Preparo de Fundo de Valas,M2,teste,persistencia,False,68,34,0,0.7960352941176468,0.6423529411764703,0.8922081002309085,0.9995589070758377,calculado,0.0
sinapi_es,Escoramento e Preparo de Fundo de Valas,M2,teste,linear_simples,False,68,34,0,0.4151953761521211,0.44547418063148797,0.6443565597959884,0.9997699351474503,calculado,47.84208951283522
sinapi_es,Escoramento e Preparo de Fundo de Valas,M2,teste,linear_multipla,True,68,34,0,0.6965433120868337,0.5240986952716057,0.8345917038209963,0.9996140368038899,calculado,12.49843854487551
sinapi_es,Escoramento e Preparo de Fundo de Valas,M3,validacao,persistencia,False,8,8,8,873.3206500000001,23.660000000000004,29.55199908635624,0.744800848309276,calculado,0.0
sinapi_es,Escoramento e Preparo de Fundo de Valas,M3,validacao,linear_simples,False,8,8,8,851.5307924975565,23.40444723925023,29.181000539692885,0.7511682153812504,calculado,2.495058086905837
sinapi_es,Escoramento e Preparo de Fundo de Valas,M3,validacao,linear_multipla,True,8,8,8,845.9253298047346,23.281152269760668,29.084795509075434,0.7528062269455507,calculado,3.136914281743541
sinapi_es,Escoramento e Preparo de Fundo de Valas,M3,teste,persistencia,False,16,8,0,16.52095000000001,3.2787500000000005,4.064597151010172,0.9956238541748337,calculado,0.0
sinapi_es,Escoramento e Preparo de Fundo de Valas,M3,teste,linear_simples,False,16,8,0,7.469389523263035,2.2680776744246582,2.7330183905826604,0.9980214734758734,calculado,54.78837764618238
sinapi_es,Escoramento e Preparo de Fundo de Valas,M3,teste,linear_multipla,True,16,8,0,63.95216770042371,6.311630044438587,7.997009922491262,0.9830600533448411,calculado,-287.0973987598999
sinapi_es,Esgotamento de Vala e Rebaixamento do Lençol Freático,M,validacao,persistencia,False,3,3,0,12.466033333333732,3.3433333333333812,3.5307270261709176,0.9999607991134224,calculado,0.0
sinapi_es,Esgotamento de Vala e Rebaixamento do Lençol Freático,M,validacao,linear_simples,True,3,3,0,99.30400873547262,8.075470500559751,9.965139674659488,0.9996877270356137,calculado,-696.5966886189628
sinapi_es,Esgotamento de Vala e Rebaixamento do Lençol Freático,M,validacao,linear_multipla,False,3,3,0,7181.101926649685,53.60813394608844,84.74138260997212,0.9774181927320954,calculado,-57505.3483464357
sinapi_es,Esgotamento de Vala e Rebaixamento do Lençol Freático,M,teste,persistencia,False,9,3,0,1499.6593111111101,15.21333333333331,38.72543493766223,0.9956025634692675,calculado,0.0
sinapi_es,Esgotamento de Vala e Rebaixamento do Lençol Freático,M,teste,linear_simples,True,9,3,0,1829.1484963480373,18.887127425255116,42.768545642189395,0.9946364055099849,calculado,-21.97093585161058
sinapi_es,Esgotamento de Vala e Rebaixamento do Lençol Freático,M,teste,linear_multipla,False,9,3,0,1668.8924448291943,20.066045873180265,40.85208005511095,0.9951063227838608,calculado,-11.284771978823509
sinapi_es,Esgotamento de Vala e Rebaixamento do Lençol Freático,UN,validacao,persistencia,False,3,3,0,1156.2177,21.463333333333335,34.00320131987575,0.9939243695562673,calculado,0.0
sinapi_es,Esgotamento de Vala e Rebaixamento do Lençol Freático,UN,validacao,linear_simples,False,3,3,0,883.9694889586052,18.83162617576232,29.731624391522995,0.9953549647800343,calculado,23.546448998436432
sinapi_es,Esgotamento de Vala e Rebaixamento do Lençol Freático,UN,validacao,linear_multipla,True,3,3,0,852.7902920340716,18.395084570066903,29.202573380338787,0.9955188035433102,calculado,26.24310352331817
sinapi_es,Esgotamento de Vala e Rebaixamento do Lençol Freático,UN,teste,persistencia,False,9,3,0,0.09809999999999888,0.15888888888888808,0.3132091952673147,0.9999994841284776,calculado,0.0
sinapi_es,Esgotamento de Vala e Rebaixamento do Lençol Freático,UN,teste,linear_simples,False,9,3,0,68.24973924806534,5.107131442053168,8.261340039489074,0.9996410999297539,calculado,-69471.59964124986
sinapi_es,Esgotamento de Vala e Rebaixamento do Lençol Freático,UN,teste,linear_multipla,True,9,3,0,93.40437327906005,5.732355222920619,9.664593797933778,0.9995088210372599,calculado,-95113.42841902253
sinapi_es,Esquadrias - Janelas,M,validacao,persistencia,False,5,5,0,3.406320000000003,1.5680000000000007,1.8456218464246685,0.9947849963835219,calculado,0.0
sinapi_es,Esquadrias - Janelas,M,validacao,linear_simples,False,5,5,0,2.86664394664038,1.3374722531076144,1.6931166370455344,0.9956112289658974,calculado,15.843375060464739
sinapi_es,Esquadrias - Janelas,M,validacao,linear_multipla,True,5,5,0,2.764431109213434,1.3208178790802223,1.6626578449017808,0.9957677146503991,calculado,18.84405724613567
sinapi_es,Esquadrias - Janelas,M,teste,persistencia,False,15,5,0,0.6025600000000014,0.5080000000000008,0.7762473832484084,0.999091276331201,calculado,0.0
sinapi_es,Esquadrias - Janelas,M,teste,linear_simples,False,15,5,0,0.3569677496309635,0.4719002746167545,0.5974677812493018,0.9994616551993368,calculado,40.75814032943397
sinapi_es,Esquadrias - Janelas,M,teste,linear_multipla,True,15,5,0,0.3113059672997271,0.4134573876630012,0.557947996949292,0.9995305179555171,calculado,48.336104736503195
sinapi_es,Esquadrias - Janelas,M2,validacao,persistencia,False,16,16,0,85.89744375000032,7.345625000000023,9.268087383597562,0.998740295050555,calculado,0.0
sinapi_es,Esquadrias - Janelas,M2,validacao,linear_simples,True,16,16,0,295.08625373116945,13.89850397716966,17.178074796995425,0.9956724950346575,calculado,-243.53321920731588
sinapi_es,Esquadrias - Janelas,M2,validacao,linear_multipla,False,16,16,0,364.6656352913166,15.58808231703421,19.09622044519063,0.9946520980646877,calculado,-324.53607391700206
sinapi_es,Esquadrias - Janelas,M2,teste,persistencia,False,48,16,0,1167.2211833333333,17.803749999999997,34.16461888172226,0.9860539777765426,calculado,0.0
sinapi_es,Esquadrias - Janelas,M2,teste,linear_simples,True,48,16,0,1387.764822380561,23.16513646537366,37.252715637662725,0.9834189103743118,calculado,-18.894759810424485
sinapi_es,Esquadrias - Janelas,M2,teste,linear_multipla,False,48,16,0,1409.3076662924548,23.923322751897462,37.54074674660128,0.9831615153028022,calculado,-20.740412050077293
sinapi_es,Esquadrias - Portas,M2,validacao,persistencia,False,3,3,0,2131.5971666666665,38.94333333333331,46.1692231542471,0.8665706454495655,calculado,0.0
sinapi_es,Esquadrias - Portas,M2,validacao,linear_simples,True,3,3,0,3251.779358918326,47.89342306234759,57.02437512957355,0.7964517743850299,calculado,-52.551307994247814
sinapi_es,Esquadrias - Portas,M2,validacao,linear_multipla,False,3,3,0,3804.382242982238,53.65568838899143,61.679674472083896,0.7618610706177422,calculado,-78.47566615653872
sinapi_es,Esquadrias - Portas,M2,teste,persistencia,False,9,3,0,924.3163888888877,16.27,30.402572076863624,0.9149219240498764,calculado,0.0
sinapi_es,Esquadrias - Portas,M2,teste,linear_simples,True,9,3,0,974.1015240345732,19.876529090447498,31.210599546221044,0.9103394850062461,calculado,-5.386157353060874
sinapi_es,Esquadrias - Portas,M2,teste,linear_multipla,False,9,3,0,1341.9684632549286,29.936450148609676,36.63288772749056,0.8764794217522003,calculado,-45.18496906325513
sinapi_es,Esquadrias - Portas,UN,validacao,persistencia,False,121,121,0,799.9970586776868,21.416446280991746,28.284219251690274,0.996414080195073,calculado,0.0
sinapi_es,Esquadrias - Portas,UN,validacao,linear_simples,True,121,121,0,515.5462251750366,14.827037202285316,22.705643024918643,0.9976891072296363,calculado,35.556484916684354
sinapi_es,Esquadrias - Portas,UN,validacao,linear_multipla,False,121,121,0,573.0869303781421,11.436154189032443,23.939234122631035,0.9974311858383772,calculado,28.363870321548916
sinapi_es,Esquadrias - Portas,UN,teste,persistencia,False,223,121,0,452.3714820627803,9.610179372197312,21.269026354367522,0.9981764512249226,calculado,0.0
sinapi_es,Esquadrias - Portas,UN,teste,linear_simples,True,223,121,0,683.571239924671,15.807487041602947,26.145195350669518,0.9972444648996027,calculado,-51.10838481852061
sinapi_es,Esquadrias - Portas,UN,teste,linear_multipla,False,223,121,0,592.2901224524269,15.543759191836417,24.33701137059411,0.9976124270204578,calculado,-30.930031166338786
sinapi_es,"Estacas Broca, Strauss e Escavada com Fluido Estabilizante",M,validacao,persistencia,False,4,4,0,30.804050000000082,5.325000000000006,5.550139637883004,0.9774452011842513,calculado,0.0
sinapi_es,"Estacas Broca, Strauss e Escavada com Fluido Estabilizante",M,validacao,linear_simples,False,4,4,0,25.87316790467404,4.885269391012152,5.086567399010264,0.9810556048046926,calculado,16.007252602583193
sinapi_es,"Estacas Broca, Strauss e Escavada com Fluido Estabilizante",M,validacao,linear_multipla,True,4,4,0,25.061082572176584,4.8071383462520565,5.006104530688166,0.9816502156203386,calculado,18.64354663696326
sinapi_es,"Estacas Broca, Strauss e Escavada com Fluido Estabilizante",M,teste,persistencia,False,12,4,0,5.833933333333317,1.8916666666666646,2.4153536663050645,0.9957202158610532,calculado,0.0
sinapi_es,"Estacas Broca, Strauss e Escavada com Fluido Estabilizante",M,teste,linear_simples,False,12,4,0,8.616851602084708,1.8896940420019182,2.935447427920437,0.9936786619408985,calculado,-47.70226380288996
sinapi_es,"Estacas Broca, Strauss e Escavada com Fluido Estabilizante",M,teste,linear_multipla,True,12,4,0,8.580526024816274,2.1435177231632196,2.9292534927548135,0.9937053104506686,calculado,-47.07960366618801
sinapi_es,Estacas Escavadas Sem Fluido Estabilizante,M,validacao,persistencia,False,5,5,0,3.791700000000033,1.7020000000000066,1.947228800115701,0.9995803970949524,calculado,0.0
sinapi_es,Estacas Escavadas Sem Fluido Estabilizante,M,validacao,linear_simples,True,5,5,0,3.802770667386381,1.7091943493652735,1.9500694006589563,0.9995791719758248,calculado,-0.2919710785755203
sinapi_es,Estacas Escavadas Sem Fluido Estabilizante,M,validacao,linear_multipla,False,5,5,0,6.14039959065686,2.289050817733468,2.4779829681934578,0.9993204817083648,calculado,-61.943180912435224
sinapi_es,Estacas Escavadas Sem Fluido Estabilizante,M,teste,persistencia,False,5,5,5,455.51141999999993,14.290000000000001,21.3427135107043,0.9328159644706948,calculado,0.0
sinapi_es,Estacas Escavadas Sem Fluido Estabilizante,M,teste,linear_simples,True,5,5,5,460.57442279431353,14.525508172890188,21.460997711996374,0.9320692148949803,calculado,-1.111498542520318
sinapi_es,Estacas Escavadas Sem Fluido Estabilizante,M,teste,linear_multipla,False,5,5,5,464.0010978396779,14.621601561810678,21.540684711486726,0.9315638096561937,calculado,-1.86376838580205
sinapi_es,Estacas Metálicas,KG,validacao,persistencia,False,5,5,0,0.004359999999999949,0.0639999999999997,0.06603029607687633,0.9440164355418599,calculado,0.0
sinapi_es,Estacas Metálicas,KG,validacao,linear_simples,False,5,5,0,0.0035851931176593592,0.057883686695207714,0.05987648217505233,0.953965162844641,calculado,17.77080005368346
sinapi_es,Estacas Metálicas,KG,validacao,linear_multipla,True,5,5,0,0.0033294550619789457,0.05569727008075844,0.05770143032870975,0.9572489077814721,calculado,23.63635178947283
sinapi_es,Estacas Metálicas,KG,teste,persistencia,False,15,5,0,8.000000000000606e-05,0.00666666666666688,0.008944271909999498,0.9989427685367915,calculado,0.0
sinapi_es,Estacas Metálicas,KG,teste,linear_simples,False,15,5,0,0.00023213521402198493,0.012966291611341062,0.015235984182913323,0.9969322418502169,calculado,-190.16901752745918
sinapi_es,Estacas Metálicas,KG,teste,linear_multipla,True,15,5,0,0.0005453968479519903,0.02036889818651299,0.023353733062446147,0.9927923661551312,calculado,-581.7460599399361
sinapi_es,Estacas Pré-Moldadas,M,validacao,persistencia,False,3,3,0,3.167633333333384,1.7566666666666795,1.7797846311656318,0.999735477894419,calculado,0.0
sinapi_es,Estacas Pré-Moldadas,M,validacao,linear_simples,True,3,3,0,0.5023156643223102,0.5179627951586004,0.7087423116495235,0.9999580527216346,calculado,84.14224086366364
sinapi_es,Estacas Pré-Moldadas,M,validacao,linear_multipla,False,3,3,0,6.858331795147007,2.0276545787551847,2.6188416895923674,0.9994272757682731,calculado,-116.51280541140801
sinapi_es,Estacas Pré-Moldadas,M,teste,persistencia,False,9,3,0,0.09103333333333878,0.20555555555555807,0.301717306983439,0.9999924065263616,calculado,0.0
sinapi_es,Estacas Pré-Moldadas,M,teste,linear_simples,True,9,3,0,4.143670627093913,1.8395870435020387,2.0356008024890127,0.9996543589856464,calculado,-4451.8168734093715
sinapi_es,Estacas Pré-Moldadas,M,teste,linear_multipla,False,9,3,0,10.591108037940835,2.835709715818164,3.2543982604992947,0.9991165510836149,calculado,-11534.318606305604
sinapi_es,Estrutura e Trama para Cobertura,KG,validacao,persistencia,False,3,3,0,0.05233333333333384,0.22666666666666777,0.22876479915698097,0.9465986394557818,calculado,0.0
sinapi_es,Estrutura e Trama para Cobertura,KG,validacao,linear_simples,False,3,3,0,0.38696925320290143,0.5560560237832384,0.6220685277386258,0.6051334150990804,calculado,-639.4316940182757
sinapi_es,Estrutura e Trama para Cobertura,KG,validacao,linear_multipla,True,3,3,0,0.04658042335936033,0.17868757782196157,0.21582498316775175,0.9524689557557547,calculado,10.992821606318708
sinapi_es,Estrutura e Trama para Cobertura,KG,teste,persistencia,False,9,3,0,0.00026666666666667503,0.01111111111111127,0.016329931618554776,0.9997237618520233,calculado,0.0
sinapi_es,Estrutura e Trama para Cobertura,KG,teste,linear_simples,False,9,3,0,0.14225728952192812,0.3734152147995895,0.3771701068774249,0.852636661773549,calculado,-53246.48357072138
sinapi_es,Estrutura e Trama para Cobertura,KG,teste,linear_multipla,True,9,3,0,0.4175387204474983,0.46599266722329546,0.6461723612531708,0.5674745393313585,calculado,-156477.02016780694
sinapi_es,Estrutura e Trama para Cobertura,M2,validacao,persistencia,False,35,35,0,1.703994285714285,1.1234285714285708,1.3053713210095759,0.9988514299183453,calculado,0.0
sinapi_es,Estrutura e Trama para Cobertura,M2,validacao,linear_simples,True,35,35,0,0.3887094553635677,0.5339517093698292,0.6234656809829774,0.9997379920492516,calculado,77.18833574605402
sinapi_es,Estrutura e Trama para Cobertura,M2,validacao,linear_multipla,False,35,35,0,0.6565702772569644,0.6337472095433873,0.8102902426025901,0.9995574416045386,calculado,61.468751229893854
sinapi_es,Estrutura e Trama para Cobertura,M2,teste,persistencia,False,105,35,12,1.2379819047619045,0.7101904761904761,1.1126463520642598,0.9991726427984741,calculado,0.0
sinapi_es,Estrutura e Trama para Cobertura,M2,teste,linear_simples,True,105,35,12,1.1074052565737627,0.7951726266384986,1.0523332440694642,0.9992599086379941,calculado,10.547540936251009
sinapi_es,Estrutura e Trama para Cobertura,M2,teste,linear_multipla,False,105,35,12,1.7312444564986291,0.969538821849697,1.3157676301302708,0.9988429898989828,calculado,-39.84408413720648
sinapi_es,Estrutura e Trama para Cobertura,UN,validacao,persistencia,False,71,71,0,3814.3708971830997,54.03281690140845,61.76059340050984,0.9969240206237283,calculado,0.0
sinapi_es,Estrutura e Trama para Cobertura,UN,validacao,linear_simples,True,71,71,0,337.2375881734649,15.651566674323659,18.364029736783397,0.9997280453594873,calculado,91.15876255184011
sinapi_es,Estrutura e Trama para Cobertura,UN,validacao,linear_multipla,False,71,71,0,763.8042585019972,25.704731808199295,27.63700885591632,0.9993840540917519,calculado,79.975616449201
sinapi_es,Estrutura e Trama para Cobertura,UN,teste,persistencia,False,213,71,0,2668.899432394367,38.370000000000005,51.66139208726732,0.9980344812941402,calculado,0.0
sinapi_es,Estrutura e Trama para Cobertura,UN,teste,linear_simples,True,213,71,0,439.954170991301,15.659270680759443,20.97508452882374,0.9996759944783574,calculado,83.51552083037457
sinapi_es,Estrutura e Trama para Cobertura,UN,teste,linear_multipla,False,213,71,0,1307.10475916898,29.89261949127205,36.15390378878856,0.9990373789197594,calculado,51.02457802254734
sinapi_es,Estruturas Pré-Fabricadas e Pré-Moldadas,M3,validacao,persistencia,False,8,8,0,26861.39196250004,155.67125000000013,163.89445372708633,0.9691056826664525,calculado,0.0
sinapi_es,Estruturas Pré-Fabricadas e Pré-Moldadas,M3,validacao,linear_simples,True,8,8,0,21755.372950441368,140.5875314343753,147.4970269206853,0.9749783110056648,calculado,19.00876551441174
sinapi_es,Estruturas Pré-Fabricadas e Pré-Moldadas,M3,validacao,linear_multipla,False,8,8,0,21846.863062608696,141.02625236730722,147.80684376106777,0.974873084717983,calculado,18.668164728365156
sinapi_es,Estruturas Pré-Fabricadas e Pré-Moldadas,M3,teste,persistencia,False,24,8,0,2757.5182374999936,41.98624999999999,52.512077063281296,0.9969807555732781,calculado,0.0
sinapi_es,Estruturas Pré-Fabricadas e Pré-Moldadas,M3,teste,linear_simples,True,24,8,0,3512.661923610063,47.97856720102288,59.26771400695376,0.9961539384249248,calculado,-27.38490269405049
sinapi_es,Estruturas Pré-Fabricadas e Pré-Moldadas,M3,teste,linear_multipla,False,24,8,0,27395.48096293023,114.94884376121259,165.51580275892158,0.970004313266236,calculado,-893.4832194534233
sinapi_es,"Estruturas de Contenção - Estacas, Paredes Diafragma e Mureta Guia",M2,validacao,persistencia,False,4,4,0,6.658874999999951,2.5424999999999898,2.580479606584782,0.9993984550922929,calculado,0.0
sinapi_es,"Estruturas de Contenção - Estacas, Paredes Diafragma e Mureta Guia",M2,validacao,linear_simples,False,4,4,0,6.52451994877237,2.517434221017737,2.554313987898193,0.9994105923672666,calculado,2.0176839365145387
sinapi_es,"Estruturas de Contenção - Estacas, Paredes Diafragma e Mureta Guia",M2,validacao,linear_multipla,True,4,4,0,2.6340322771750357,1.5002312085896108,1.6229702021833412,0.9997620485888276,calculado,60.44328393046791
sinapi_es,"Estruturas de Contenção - Estacas, Paredes Diafragma e Mureta Guia",M2,teste,persistencia,False,4,4,0,1005.8341500000006,30.045,31.714888459523245,0.8861812998026543,calculado,0.0
sinapi_es,"Estruturas de Contenção - Estacas, Paredes Diafragma e Mureta Guia",M2,teste,linear_simples,False,4,4,0,1028.2121364519874,30.429316230520584,32.06574709018936,0.8836490400548629,calculado,-2.2248187190688204
sinapi_es,"Estruturas de Contenção - Estacas, Paredes Diafragma e Mureta Guia",M2,teste,linear_multipla,True,4,4,0,1173.92841010317,32.504946822076064,34.26263869148391,0.8671600027075246,calculado,-16.711926126505986
sinapi_es,"Estruturas de Contenção - Perfis Pranchados, Cortinas e Muros de Arrimo",KG,validacao,persistencia,False,7,7,0,0.06682857142857164,0.17428571428571438,0.2585122268454079,0.993851216180844,calculado,0.0
sinapi_es,"Estruturas de Contenção - Perfis Pranchados, Cortinas e Muros de Arrimo",KG,validacao,linear_simples,False,7,7,0,0.08616541533131458,0.21274808416280422,0.2935394612847046,0.9920720658808887,calculado,-28.934995151603285
sinapi_es,"Estruturas de Contenção - Perfis Pranchados, Cortinas e Muros de Arrimo",KG,validacao,linear_multipla,True,7,7,0,0.07730190700405103,0.19650723418372198,0.2780322049764218,0.9928875822897929,calculado,-15.671942930388086
sinapi_es,"Estruturas de Contenção - Perfis Pranchados, Cortinas e Muros de Arrimo",KG,teste,persistencia,False,21,7,0,0.8990047619047624,0.595714285714286,0.9481586164269997,0.9243579506315939,calculado,0.0
sinapi_es,"Estruturas de Contenção - Perfis Pranchados, Cortinas e Muros de Arrimo",KG,teste,linear_simples,False,21,7,0,0.8758032869388866,0.5756586640989365,0.9358436231224139,0.9263101172820465,calculado,2.5807955584926763
sinapi_es,"Estruturas de Contenção - Perfis Pranchados, Cortinas e Muros de Arrimo",KG,teste,linear_multipla,True,21,7,0,0.8995812169068141,0.5790791644337231,0.9484625542986999,0.9243094478432088,calculado,-0.06412146258606705
sinapi_es,Estruturas de Madeira,M,validacao,persistencia,False,33,33,0,2.8042878787878798,1.5796969696969694,1.674600811772131,0.9995307628312446,calculado,0.0
sinapi_es,Estruturas de Madeira,M,validacao,linear_simples,True,33,33,0,0.3992765483038084,0.5084329469777051,0.631883334408978,0.9999331896705421,calculado,85.76192724990877
sinapi_es,Estruturas de Madeira,M,validacao,linear_multipla,False,33,33,0,6.376291003245729,1.437598387136039,2.5251318783868952,0.9989330650536433,calculado,-127.37647769607041
sinapi_es,Estruturas de Madeira,M,teste,persistencia,False,99,33,0,55.28685555555558,4.925151515151515,7.435513133305299,0.9920281532708487,calculado,0.0
sinapi_es,Estruturas de Madeira,M,teste,linear_simples,True,99,33,0,42.05386404744385,4.170154901810295,6.484895068344888,0.9939362267000714,calculado,23.93514945847195
sinapi_es,Estruturas de Madeira,M,teste,linear_multipla,False,99,33,0,39.2036621519597,4.5196387172321035,6.261282788052277,0.9943471991171065,calculado,29.0904469823474
sinapi_es,Execução de Grampo para Solo Grampeado,M,validacao,persistencia,False,6,6,0,163.83764999999963,12.554999999999987,12.799908202795816,0.9208180958667432,calculado,0.0
sinapi_es,Execução de Grampo para Solo Grampeado,M,validacao,linear_simples,False,6,6,0,350.1233628463687,18.243655283128778,18.71158365415308,0.8307871569708507,calculado,-113.70140675624286
sinapi_es,Execução de Grampo para Solo Grampeado,M,validacao,linear_multipla,True,6,6,0,225.96590931805744,14.656669504725665,15.0321624963961,0.8907918236802916,calculado,-37.920624055617225
sinapi_es,Execução de Grampo para Solo Grampeado,M,teste,persistencia,False,6,6,0,23.491483333333367,4.845000000000003,4.84680135071919,0.9887908335495602,calculado,0.0
sinapi_es,Execução de Grampo para Solo Grampeado,M,teste,linear_simples,False,6,6,0,10.501155444120341,2.781669983864205,3.240548633197833,0.9949892819612602,calculado,55.298031652093805
sinapi_es,Execução de Grampo para Solo Grampeado,M,teste,linear_multipla,True,6,6,0,16.482435417171057,3.637767767191434,4.059856575936034,0.9921352619807734,calculado,29.83654891735501
sinapi_es,Execução de Tirantes,M,validacao,persistencia,False,25,25,0,10.376423999999997,2.7279999999999998,3.2212457217666577,0.9893802252202533,calculado,0.0
sinapi_es,Execução de Tirantes,M,validacao,linear_simples,True,25,25,0,7.879427281455172,2.224877786955937,2.8070317564030463,0.9919357821998749,calculado,24.064135375971773
sinapi_es,Execução de Tirantes,M,validacao,linear_multipla,False,25,25,0,8.350513571840272,2.3361879914245374,2.8897255184256294,0.9914536478628705,calculado,19.524167749503345
sinapi_es,Execução de Tirantes,M,teste,persistencia,False,27,25,0,0.5265518518518565,0.262592592592593,0.7256389266376608,0.9996237297911436,calculado,0.0
sinapi_es,Execução de Tirantes,M,teste,linear_simples,True,27,25,0,1.1883992043205567,1.0280514755864414,1.090137241048372,0.9991507783796754,calculado,-125.69462060403286
sinapi_es,Execução de Tirantes,M,teste,linear_multipla,False,27,25,0,2.3754043127343616,1.407001194424364,1.541234671532652,0.9983025529703718,calculado,-351.12448173530936
sinapi_es,Execução de Tirantes,UN,validacao,persistencia,False,4,4,0,36.441174999999824,5.262499999999989,6.036652632046987,0.9999589678958369,calculado,0.0
sinapi_es,Execução de Tirantes,UN,validacao,linear_simples,False,4,4,0,32.76840281891402,4.977431721693912,5.724369207075485,0.9999631033709061,calculado,10.07863270348945
sinapi_es,Execução de Tirantes,UN,validacao,linear_multipla,True,4,4,0,25.52480438261321,4.346048793091461,5.0522078720707055,0.999971259531775,calculado,29.956143338919965
sinapi_es,Execução de Tirantes,UN,teste,persistencia,False,12,4,0,0.15510000000001617,0.24833333333336416,0.39382737335032486,0.999999825303228,calculado,0.0
sinapi_es,Execução de Tirantes,UN,teste,linear_simples,False,12,4,0,1.2947237037632726,0.953303945909641,1.1378592636012912,0.9999985416888989,calculado,-734.7670559401274
sinapi_es,Execução de Tirantes,UN,teste,linear_multipla,True,12,4,0,3.68550267498223,1.485766198049796,1.9197663073880191,0.9999958488367452,calculado,-2276.2106221675344
sinapi_es,Forros,M,validacao,persistencia,False,4,4,0,0.8184249999999997,0.7675000000000001,0.90466844755413,0.997737419427921,calculado,0.0
sinapi_es,Forros,M,validacao,linear_simples,False,4,4,0,0.5296987418308151,0.639055583913061,0.7278040545578288,0.9985356189237607,calculado,35.278279398745724
sinapi_es,Forros,M,validacao,linear_multipla,True,4,4,0,0.4749107381924103,0.6072799431941092,0.6891376772404846,0.9986870833494751,calculado,41.97260125333287
sinapi_es,Forros,M,teste,persistencia,False,12,4,1,0.7226833333333317,0.5566666666666665,0.8501078362968616,0.9982111998265641,calculado,0.0
sinapi_es,Forros,M,teste,linear_simples,False,12,4,1,0.37077166906657427,0.4288298861895344,0.6089102307126841,0.9990822585836147,calculado,48.695140462640374
sinapi_es,Forros,M,teste,linear_multipla,True,12,4,1,0.6687137524757402,0.5647749945017184,0.8177491990064804,0.9983447864074986,calculado,7.4679432011611775
sinapi_es,Forros,M2,validacao,persistencia,False,12,12,0,10.911524999999974,3.0358333333333314,3.303259753637303,0.9958974435253006,calculado,0.0
sinapi_es,Forros,M2,validacao,linear_simples,False,12,12,0,8.708335955513483,2.7932339469293095,2.9509889792260293,0.9967258068823424,calculado,20.191394369590835
sinapi_es,Forros,M2,validacao,linear_multipla,True,12,12,0,7.986584764922377,2.66891332237723,2.826054628793006,0.9969971736271449,calculado,26.805971072582473
sinapi_es,Forros,M2,teste,persistencia,False,36,12,10,3.8273444444444475,1.28388888888889,1.956359998682361,0.998693281919946,calculado,0.0
sinapi_es,Forros,M2,teste,linear_simples,False,36,12,10,1.7749211719628417,0.9944631123955694,1.3322616754837773,0.9993940128410859,calculado,53.62525642187196
sinapi_es,Forros,M2,teste,linear_multipla,True,36,12,10,3.2693387944453307,1.2805933880785945,1.808131299006057,0.9988837941882328,calculado,14.579446874949697
sinapi_es,Fossas e Sumidouros,UN,validacao,persistencia,False,49,49,49,145497.0095163265,293.6704081632653,381.4407024903432,0.9931622821904578,calculado,0.0
sinapi_es,Fossas e Sumidouros,UN,validacao,linear_simples,True,49,49,49,108831.13380135287,247.44293015206898,329.895640773492,0.9948854166535795,calculado,25.200432529068088
sinapi_es,Fossas e Sumidouros,UN,validacao,linear_multipla,False,49,49,49,110798.37772265046,250.8744369440747,332.86390270296727,0.994792964864769,calculado,23.848347061581663
sinapi_es,Fossas e Sumidouros,UN,teste,persistencia,False,98,49,0,15569.847786734756,89.37724489795934,124.77919612954219,0.9993008123791076,calculado,0.0
sinapi_es,Fossas e Sumidouros,UN,teste,linear_simples,True,98,49,0,18587.629426934072,103.46487941066724,136.33645670521906,0.9991652943191828,calculado,-19.382216714863553
sinapi_es,Fossas e Sumidouros,UN,teste,linear_multipla,False,98,49,0,12035.352929128638,89.70834032270862,109.70575613489311,0.9994595342294684,calculado,22.70089538458717
sinapi_es,"Fundações Rasas (Blocos, Sapatas, Vigas Baldrame)",KG,validacao,persistencia,False,12,12,0,0.19645000000000026,0.35833333333333367,0.4432268042436065,0.9868002629420769,calculado,0.0
sinapi_es,"Fundações Rasas (Blocos, Sapatas, Vigas Baldrame)",KG,validacao,linear_simples,False,12,12,0,0.22252364008179604,0.38909458155431675,0.4717241143738531,0.9850483403499536,calculado,-13.27240523379778
sinapi_es,"Fundações Rasas (Blocos, Sapatas, Vigas Baldrame)",KG,validacao,linear_multipla,True,12,12,0,0.207683422310302,0.3736137218936107,0.45572296662588996,0.9860454743406181,calculado,-5.718209371494902
sinapi_es,"Fundações Rasas (Blocos, Sapatas, Vigas Baldrame)",KG,teste,persistencia,False,36,12,0,0.9000888888888893,0.5961111111111114,0.948730145451745,0.9443274458421682,calculado,0.0
sinapi_es,"Fundações Rasas (Blocos, Sapatas, Vigas Baldrame)",KG,teste,linear_simples,False,36,12,0,0.9087500240302853,0.593997923549761,0.9532838108508322,0.9437917348460877,calculado,-0.9622533116798823
sinapi_es,"Fundações Rasas (Blocos, Sapatas, Vigas Baldrame)",KG,teste,linear_multipla,True,36,12,0,0.9622390983536291,0.5992711208612829,0.98093786671411,0.9404833133958521,calculado,-6.904896864293132
sinapi_es,"Fundações Rasas (Blocos, Sapatas, Vigas Baldrame)",M2,validacao,persistencia,False,20,20,0,48.10792,6.3469999999999995,6.935987312560484,0.9883093742351077,calculado,0.0
sinapi_es,"Fundações Rasas (Blocos, Sapatas, Vigas Baldrame)",M2,validacao,linear_simples,False,20,20,0,38.684200978978375,5.659387199240005,6.219662448958012,0.9905994165480628,calculado,19.58870601976062
sinapi_es,"Fundações Rasas (Blocos, Sapatas, Vigas Baldrame)",M2,validacao,linear_multipla,True,20,20,0,35.656251990330674,5.423958659898973,5.971285622906567,0.9913352334044446,calculado,25.882781898841866
sinapi_es,"Fundações Rasas (Blocos, Sapatas, Vigas Baldrame)",M2,teste,persistencia,False,60,20,0,0.2742616666666656,0.2238333333333313,0.5236999777226132,0.9999335508745408,calculado,0.0
sinapi_es,"Fundações Rasas (Blocos, Sapatas, Vigas Baldrame)",M2,teste,linear_simples,False,60,20,0,1.9027582792810456,1.2216812177632221,1.3794050454022,0.9995389927248854,calculado,-593.7747817282957
sinapi_es,"Fundações Rasas (Blocos, Sapatas, Vigas Baldrame)",M2,teste,linear_multipla,True,60,20,0,2.0420275747557692,1.1727548183020138,1.4289953025660265,0.9995052500476821,calculado,-644.5544977445301
sinapi_es,"Fundações Rasas (Blocos, Sapatas, Vigas Baldrame)",M3,validacao,persistencia,False,14,14,0,327.17719999999963,12.779999999999989,18.08804024763323,0.9975482534305113,calculado,0.0
sinapi_es,"Fundações Rasas (Blocos, Sapatas, Vigas Baldrame)",M3,validacao,linear_simples,True,14,14,0,299.0406690389833,11.918960411020254,17.292792401430816,0.9977590983282029,calculado,8.599783530458831
sinapi_es,"Fundações Rasas (Blocos, Sapatas, Vigas Baldrame)",M3,validacao,linear_multipla,False,14,14,0,317.7249597035162,12.252205614023742,17.824841084944243,0.9976190850707384,calculado,2.889027810154076
sinapi_es,"Fundações Rasas (Blocos, Sapatas, Vigas Baldrame)",M3,teste,persistencia,False,42,14,0,35.86435952380958,2.9759523809523873,5.98868595969179,0.9997376218966554,calculado,0.0
sinapi_es,"Fundações Rasas (Blocos, Sapatas, Vigas Baldrame)",M3,teste,linear_simples,True,42,14,0,22.971191582803776,3.028558574479542,4.7928270971112426,0.9998319463177626,calculado,35.949806750198086
sinapi_es,"Fundações Rasas (Blocos, Sapatas, Vigas Baldrame)",M3,teste,linear_multipla,False,42,14,0,90.35118005207373,5.7280220371946236,9.505323774184324,0.9993390047509066,calculado,-151.92469976242432
sinapi_es,Fôrmas para Estruturas de Concreto Armado,M,validacao,persistencia,False,3,3,0,0.13379999999999892,0.3399999999999987,0.3657868231634362,0.998608387992799,calculado,0.0
sinapi_es,Fôrmas para Estruturas de Concreto Armado,M,validacao,linear_simples,True,3,3,0,0.1219322019160789,0.3188814617924412,0.3491879177693279,0.9987318212537304,calculado,8.869804248071837
sinapi_es,Fôrmas para Estruturas de Concreto Armado,M,validacao,linear_multipla,False,3,3,0,0.14797434885770563,0.33308563572740724,0.38467434130405115,0.998460965017727,calculado,-10.59368375015458
sinapi_es,Fôrmas para Estruturas de Concreto Armado,M,teste,persistencia,False,9,3,0,0.05204444444444441,0.09777777777777806,0.22813251509691557,0.9994787136201314,calculado,0.0
sinapi_es,Fôrmas para Estruturas de Concreto Armado,M,teste,linear_simples,True,9,3,0,0.04627518600200156,0.11529569447495389,0.21511667997159487,0.9995364995352293,calculado,11.085253198545185
sinapi_es,Fôrmas para Estruturas de Concreto Armado,M,teste,linear_multipla,False,9,3,0,0.04563208044219877,0.1256665349800888,0.21361666705151724,0.9995429409944998,calculado,12.320938518405377
sinapi_es,Fôrmas para Estruturas de Concreto Armado,M2,validacao,persistencia,False,96,96,0,17.526243750000006,3.625208333333333,4.186435685639994,0.997395956930832,calculado,0.0
sinapi_es,Fôrmas para Estruturas de Concreto Armado,M2,validacao,linear_simples,False,96,96,0,12.985932410473914,3.127126731711615,3.6035999237531784,0.9980705547764518,calculado,25.905786797733484
sinapi_es,Fôrmas para Estruturas de Concreto Armado,M2,validacao,linear_multipla,True,96,96,0,12.330231678126852,3.0474914757396334,3.5114429623912238,0.9981679785582885,calculado,29.647037585410462
sinapi_es,Fôrmas para Estruturas de Concreto Armado,M2,teste,persistencia,False,288,96,0,10.685138541666674,1.9901041666666661,3.2688130172383176,0.9985066754146897,calculado,0.0
sinapi_es,Fôrmas para Estruturas de Concreto Armado,M2,teste,linear_simples,False,288,96,0,6.55334132309384,1.6902224177412632,2.55994947666821,0.9990841236474807,calculado,38.66863496866138
sinapi_es,Fôrmas para Estruturas de Concreto Armado,M2,teste,linear_multipla,True,288,96,0,8.398589064497324,1.7119762370926068,2.898031929516534,0.998826237069082,calculado,21.3993432864998
sinapi_es,Fôrmas para Pilares Circulares,M2,validacao,persistencia,False,4,4,0,21.870949999999922,4.1599999999999895,4.6766387502136535,0.9698973437512515,calculado,0.0
sinapi_es,Fôrmas para Pilares Circulares,M2,validacao,linear_simples,True,4,4,0,19.30788881177577,3.851318021788501,4.394074283825407,0.9734250803101856,calculado,11.719020839168682
sinapi_es,Fôrmas para Pilares Circulares,M2,validacao,linear_multipla,False,4,4,0,19.849992402740394,3.9652350444228475,4.455333029386288,0.972678941799969,calculado,9.240374091018156
sinapi_es,Fôrmas para Pilares Circulares,M2,teste,persistencia,False,12,4,0,4.249333333333323,1.284999999999999,2.0613911160508387,0.994312806505335,calculado,0.0
sinapi_es,Fôrmas para Pilares Circulares,M2,teste,linear_simples,True,12,4,0,2.827109879502753,1.2281684356805844,1.681401165546983,0.9962162721410234,calculado,33.469331357795106
sinapi_es,Fôrmas para Pilares Circulares,M2,teste,linear_multipla,False,12,4,0,2.4596293283195148,0.9958014046783225,1.5683205438683492,0.9967080982314153,calculado,42.117289104498255
sinapi_es,Gabiões - Execução de Muro e Proteção Superficial,M2,validacao,persistencia,False,3,3,0,323.3831,17.896666666666665,17.982855724272493,0.7858069139100886,calculado,0.0
sinapi_es,Gabiões - Execução de Muro e Proteção Superficial,M2,validacao,linear_simples,True,3,3,0,501.6188468312175,22.308388965217564,22.396849038005715,0.6677523072676308,calculado,-55.11597446843002
sinapi_es,Gabiões - Execução de Muro e Proteção Superficial,M2,validacao,linear_multipla,False,3,3,0,562.9209206179767,23.594405392476215,23.725954577592375,0.6271488237581418,calculado,-74.07246099687232
sinapi_es,Gabiões - Execução de Muro e Proteção Superficial,M2,teste,persistencia,False,9,3,0,50.17589999999976,5.869999999999992,7.083494900118144,0.967940145561446,calculado,0.0
sinapi_es,Gabiões - Execução de Muro e Proteção Superficial,M2,teste,linear_simples,True,9,3,0,54.57767672113212,6.312410102714675,7.387670588293181,0.965127633559658,calculado,-8.772691114922473
sinapi_es,Gabiões - Execução de Muro e Proteção Superficial,M2,teste,linear_multipla,False,9,3,0,63.73232923659589,6.558217410299859,7.9832530485132365,0.9592782750612292,calculado,-27.017809818251784
sinapi_es,Gabiões - Execução de Muro e Proteção Superficial,M3,validacao,persistencia,False,13,13,0,6749.304484615371,70.59307692307688,82.15415074489768,0.9819450881742102,calculado,0.0
sinapi_es,Gabiões - Execução de Muro e Proteção Superficial,M3,validacao,linear_simples,True,13,13,0,10400.820075414631,86.96710003777228,101.98441094311734,0.9721770013776143,calculado,-54.10210191468867
sinapi_es,Gabiões - Execução de Muro e Proteção Superficial,M3,validacao,linear_multipla,False,13,13,0,11867.769701563435,92.43524523489214,108.93929365276533,0.9682527976002674,calculado,-75.83692851041606
sinapi_es,Gabiões - Execução de Muro e Proteção Superficial,M3,teste,persistencia,False,39,13,0,1458.8518205128223,26.289230769230787,38.194918778717444,0.9958414364310102,calculado,0.0
sinapi_es,Gabiões - Execução de Muro e Proteção Superficial,M3,teste,linear_simples,True,39,13,0,1534.1299139810476,28.783241935151672,39.16797051138912,0.995626850732423,calculado,-5.160091820824077
sinapi_es,Gabiões - Execução de Muro e Proteção Superficial,M3,teste,linear_multipla,False,39,13,0,1499.529475770948,27.755916673703723,38.72375854396042,0.9957254818063871,calculado,-2.788333584409313
sinapi_es,Galerias com Aduelas de Concreto,M,validacao,persistencia,False,4,4,0,1748.278649999966,40.40999999999963,41.81242219723663,0.9993940913054602,calculado,0.0
sinapi_es,Galerias com Aduelas de Concreto,M,validacao,linear_simples,False,4,4,0,17790.44194473345,129.27228843895796,133.38081550482983,0.9938342875410511,calculado,-917.5976206501061
sinapi_es,Galerias com Aduelas de Concreto,M,validacao,linear_multipla,True,4,4,0,1948.489860574452,42.71066246174178,44.1417020579684,0.9993247032172219,calculado,-11.451905025236668
sinapi_es,Galerias com Aduelas de Concreto,M,teste,persistencia,False,12,4,0,944.7912833333252,18.424999999999955,30.7374573335747,0.9996774615907396,calculado,0.0
sinapi_es,Galerias com Aduelas de Concreto,M,teste,linear_simples,False,12,4,0,3591.9178308013147,53.93932723640842,59.932610745747716,0.9987737699492173,calculado,-280.1810933446213
sinapi_es,Galerias com Aduelas de Concreto,M,teste,linear_multipla,True,12,4,0,8782.981732926348,90.34408247582844,93.71756363097766,0.9970016140001768,calculado,-829.621376473653
sinapi_es,Gesso,M2,validacao,persistencia,False,24,24,0,3.842637500000001,1.8187500000000003,1.960264650500029,0.971635235626362,calculado,0.0
sinapi_es,Gesso,M2,validacao,linear_simples,True,24,24,0,3.733988543306639,1.7905697906810747,1.9323531104088194,0.972437237391048,calculado,2.8274578773918155
sinapi_es,Gesso,M2,validacao,linear_multipla,False,24,24,0,3.7348719062679456,1.790919288328715,1.932581668718801,0.9724307167701844,calculado,2.804469423203598
sinapi_es,Gesso,M2,teste,persistencia,False,72,24,0,0.24245138888888812,0.34652777777777716,0.492393530510798,0.9982606342116692,calculado,0.0
sinapi_es,Gesso,M2,teste,linear_simples,True,72,24,0,0.21796859417883196,0.42833745972396814,0.46687106804644896,0.9984362757525016,calculado,10.098022049804076
sinapi_es,Gesso,M2,teste,linear_multipla,False,72,24,0,0.12150521990876456,0.27765471526019225,0.348575988715179,0.9991283117676436,calculado,49.884708656196395
sinapi_es,Graute e Armação,KG,validacao,persistencia,False,10,10,0,0.05154999999999983,0.1509999999999998,0.22704625079485422,0.994741403546426,calculado,0.0
sinapi_es,Graute e Armação,KG,validacao,linear_simples,False,10,10,0,0.05537131076112188,0.1627237800872141,0.23531109357852614,0.994351593047562,calculado,-7.412823978898276
sinapi_es,Graute e Armação,KG,validacao,linear_multipla,True,10,10,0,0.049773221283726174,0.14876310898479908,0.22309912882780644,0.9949226520867981,calculado,3.4467094399101144
sinapi_es,Graute e Armação,KG,teste,persistencia,False,30,10,0,0.6502499999999999,0.49233333333333335,0.8063808033429366,0.9371414202525666,calculado,0.0
sinapi_es,Graute e Armação,KG,teste,linear_simples,False,30,10,0,0.6562560865999667,0.4960395416243456,0.8100963440233307,0.9365608219080622,calculado,-0.9236580699679848
sinapi_es,Graute e Armação,KG,teste,linear_multipla,True,30,10,0,0.6513606525844956,0.49400186605490864,0.807069174596884,0.9370340553251476,calculado,-0.1708039345629711
sinapi_es,Graute e Armação,M3,validacao,persistencia,False,11,11,0,863.6738727272709,26.365454545454522,29.38832885223777,0.9819363826131652,calculado,0.0
sinapi_es,Graute e Armação,M3,validacao,linear_simples,True,11,11,0,695.9771517733554,23.555521803608727,26.38137888309395,0.9854437359093496,calculado,19.416671761109342
sinapi_es,Graute e Armação,M3,validacao,linear_multipla,False,11,11,0,741.3735757698779,24.414016469934655,27.228176137411,0.984494276096221,calculado,14.160472004461427
sinapi_es,Graute e Armação,M3,teste,persistencia,False,33,11,0,142.4905424242421,10.22030303030302,11.936940245483434,0.9971509212292697,calculado,0.0
sinapi_es,Graute e Armação,M3,teste,linear_simples,True,33,11,0,46.01523820641868,5.833767463300722,6.783453265588161,0.9990799316496833,calculado,67.7064614790953
sinapi_es,Graute e Armação,M3,teste,linear_multipla,False,33,11,0,306.38841898947646,14.71286586472168,17.50395438149553,0.9938738057607954,calculado,-115.02368773167797
sinapi_es,"Guarda-Corpo, Corrimão e Grade para Esquadrias",M,validacao,persistencia,False,3,3,0,67.5822999999998,6.0766666666666636,8.220845455304449,0.999069733668032,calculado,0.0
sinapi_es,"Guarda-Corpo, Corrimão e Grade para Esquadrias",M,validacao,linear_simples,True,3,3,0,125.76008943346183,10.262259334864098,11.214280602582665,0.9982689198635554,calculado,-86.0843585279906
sinapi_es,"Guarda-Corpo, Corrimão e Grade para Esquadrias",M,validacao,linear_multipla,False,3,3,0,136.97376475992357,10.626506040320413,11.703579143147774,0.9981145642909598,calculado,-102.67698015593427
sinapi_es,"Guarda-Corpo, Corrimão e Grade para Esquadrias",M,teste,persistencia,False,9,3,0,7.330133333333318,1.791111111111113,2.707421897919369,0.9999004575873477,calculado,0.0
sinapi_es,"Guarda-Corpo, Corrimão e Grade para Esquadrias",M,teste,linear_simples,True,9,3,0,27.20897504287018,4.8835033439976945,5.216222296151706,0.9996305050810949,calculado,-271.19345318234645
sinapi_es,"Guarda-Corpo, Corrimão e Grade para Esquadrias",M,teste,linear_multipla,False,9,3,0,25.190600989598206,4.608186541370866,5.0190239080520636,0.9996579143810027,calculado,-243.65815523498785
sinapi_es,Guias e sarjetas,M,validacao,persistencia,False,32,32,0,3.2070843749999973,1.6446874999999999,1.7908334302776452,0.9972922950418802,calculado,0.0
sinapi_es,Guias e sarjetas,M,validacao,linear_simples,True,32,32,0,2.7660268942820383,1.5092034920363049,1.6631376654630963,0.9976646748696968,calculado,13.752599842901214
sinapi_es,Guias e sarjetas,M,validacao,linear_multipla,False,32,32,0,2.796268126979073,1.509625320558265,1.672204570912026,0.9976391425399733,calculado,12.809648889294492
sinapi_es,Guias e sarjetas,M,teste,persistencia,False,96,32,0,0.1313843749999999,0.2532291666666665,0.3624698263304132,0.9998901902657135,calculado,0.0
sinapi_es,Guias e sarjetas,M,teste,linear_simples,True,96,32,0,0.06227946323461455,0.22717492512278803,0.2495585366895201,0.9999479474533459,calculado,52.59751151184103
sinapi_es,Guias e sarjetas,M,teste,linear_multipla,False,96,32,0,0.07232206077655648,0.23095687214947502,0.2689276125215789,0.9999395539517014,calculado,44.95383429227673
sinapi_es,Iluminação Predial e Monitoramento,UN,validacao,persistencia,False,13,13,0,9.199369230769221,2.389230769230769,3.0330461966098077,0.9912802908163851,calculado,0.0
sinapi_es,Iluminação Predial e Monitoramento,UN,validacao,linear_simples,True,13,13,0,8.953325326722215,2.336083681124069,2.992210775784723,0.9915135058592726,calculado,2.6745736351581684
sinapi_es,Iluminação Predial e Monitoramento,UN,validacao,linear_multipla,False,13,13,0,9.139625648831288,2.3477761027573574,3.0231813787517425,0.9913369193359084,calculado,0.6494312864202532
sinapi_es,Iluminação Predial e Monitoramento,UN,teste,persistencia,False,39,13,0,2.5688871794871764,0.8266666666666662,1.6027748374263855,0.9969013350557246,calculado,0.0
sinapi_es,Iluminação Predial e Monitoramento,UN,teste,linear_simples,True,39,13,0,1.9383206178360888,0.8035500074176056,1.392235834130155,0.99766194241724,calculado,24.54629252254538
sinapi_es,Iluminação Predial e Monitoramento,UN,teste,linear_multipla,False,39,13,0,2.256858987699711,1.0358354069373112,1.5022845894502517,0.9972777123552955,calculado,12.146434233431576
sinapi_es,"Impermeabilização, Proteção Mecânica e Tratamento de Junta",M,validacao,persistencia,False,4,4,0,5.78027500000002,1.897500000000003,2.4042202478142514,0.9925719915706074,calculado,0.0
sinapi_es,"Impermeabilização, Proteção Mecânica e Tratamento de Junta",M,validacao,linear_simples,False,4,4,0,5.31045360825944,1.862185004433709,2.3044421468675322,0.9931757409178544,calculado,8.128011067649522
sinapi_es,"Impermeabilização, Proteção Mecânica e Tratamento de Junta",M,validacao,linear_multipla,True,4,4,0,3.528062955683472,1.5772550844236297,1.8783138597378959,0.9954662223900689,calculado,38.96375249130085
sinapi_es,"Impermeabilização, Proteção Mecânica e Tratamento de Junta",M,teste,persistencia,False,10,4,1,1.9303299999999992,1.0530000000000004,1.389363163467349,0.9970439955716149,calculado,0.0
sinapi_es,"Impermeabilização, Proteção Mecânica e Tratamento de Junta",M,teste,linear_simples,False,10,4,1,1.4560052738384515,0.9833963389466627,1.2066504356434185,0.9977703511641955,calculado,24.57220921612097
sinapi_es,"Impermeabilização, Proteção Mecânica e Tratamento de Junta",M,teste,linear_multipla,True,10,4,1,3.0455413208182764,1.6272076471608141,1.7451479366570264,0.9953362204228455,calculado,-57.773091689932684
sinapi_es,"Impermeabilização, Proteção Mecânica e Tratamento de Junta",M2,validacao,persistencia,False,19,19,0,9.255952631578934,2.792105263157893,3.0423597143630032,0.9948551330952963,calculado,0.0
sinapi_es,"Impermeabilização, Proteção Mecânica e Tratamento de Junta",M2,validacao,linear_simples,False,19,19,0,9.340792213913263,2.746790122655975,3.056270965394473,0.9948079755117677,calculado,-0.9165948196934154
sinapi_es,"Impermeabilização, Proteção Mecânica e Tratamento de Junta",M2,validacao,linear_multipla,True,19,19,0,7.933820217237249,2.466308047046231,2.816703785852756,0.9955900326321603,calculado,14.28413116366767
sinapi_es,"Impermeabilização, Proteção Mecânica e Tratamento de Junta",M2,teste,persistencia,False,55,19,1,11.465836363636367,1.7338181818181815,3.3861240915885475,0.9948926479613984,calculado,0.0
sinapi_es,"Impermeabilização, Proteção Mecânica e Tratamento de Junta",M2,teste,linear_simples,False,55,19,1,13.915208551817543,1.839114716172621,3.7303094445122835,0.9938015975014184,calculado,-21.36235081768045
sinapi_es,"Impermeabilização, Proteção Mecânica e Tratamento de Junta",M2,teste,linear_multipla,True,55,19,1,26.439982176691355,3.0062258022149555,5.141982319756784,0.9882225515358841,calculado,-130.59793754379004
sinapi_es,"Instalações Elétricas - Eletrodutos Embutidos, Cabos, Caixas, Tomadas e Interruptores",M,validacao,persistencia,False,48,48,0,0.5426708333333333,0.6616666666666667,0.7366619532277565,0.9875889511527276,calculado,0.0
sinapi_es,"Instalações Elétricas - Eletrodutos Embutidos, Cabos, Caixas, Tomadas e Interruptores",M,validacao,linear_simples,False,48,48,0,0.4696601773637359,0.6036248606622406,0.6853175740952043,0.9892587273079047,calculado,13.45394878164586
sinapi_es,"Instalações Elétricas - Eletrodutos Embutidos, Cabos, Caixas, Tomadas e Interruptores",M,validacao,linear_multipla,True,48,48,0,0.4396567902766891,0.5827773106040781,0.6630662035398042,0.9899449139976032,calculado,18.982786014845264
sinapi_es,"Instalações Elétricas - Eletrodutos Embutidos, Cabos, Caixas, Tomadas e Interruptores",M,teste,persistencia,False,126,48,0,0.07951349206349208,0.10261904761904762,0.2819813682914034,0.9981704640366152,calculado,0.0
sinapi_es,"Instalações Elétricas - Eletrodutos Embutidos, Cabos, Caixas, Tomadas e Interruptores",M,teste,linear_simples,False,126,48,0,0.06575135694619647,0.15351738246586882,0.25642027405452256,0.9984871187385613,calculado,17.307924429110034
sinapi_es,"Instalações Elétricas - Eletrodutos Embutidos, Cabos, Caixas, Tomadas e Interruptores",M,teste,linear_multipla,True,126,48,0,0.06055904925602304,0.15773360468577485,0.24608748293243815,0.9986065892008138,calculado,23.838020838443096
sinapi_es,"Instalações Elétricas - Eletrodutos Embutidos, Cabos, Caixas, Tomadas e Interruptores",UN,validacao,persistencia,False,145,145,0,6.149642068965517,2.126689655172414,2.4798471866156424,0.9954032495334297,calculado,0.0
sinapi_es,"Instalações Elétricas - Eletrodutos Embutidos, Cabos, Caixas, Tomadas e Interruptores",UN,validacao,linear_simples,True,145,145,0,4.648803869639551,1.8321712157741386,2.156108501360623,0.9965250999786474,calculado,24.405293551961716
sinapi_es,"Instalações Elétricas - Eletrodutos Embutidos, Cabos, Caixas, Tomadas e Interruptores",UN,validacao,linear_multipla,False,145,145,0,5.116111967910801,1.91664353387429,2.2618823948010207,0.9961757953045427,calculado,16.80634562896722
sinapi_es,"Instalações Elétricas - Eletrodutos Embutidos, Cabos, Caixas, Tomadas e Interruptores",UN,teste,persistencia,False,435,145,0,1.8659855172413804,0.5437011494252876,1.366010804218393,0.9986453380962279,calculado,0.0
sinapi_es,"Instalações Elétricas - Eletrodutos Embutidos, Cabos, Caixas, Tomadas e Interruptores",UN,teste,linear_simples,True,435,145,0,1.353043029376226,0.767111261803824,1.1632037780957496,0.9990177223621917,calculado,27.48909266045505
sinapi_es,"Instalações Elétricas - Eletrodutos Embutidos, Cabos, Caixas, Tomadas e Interruptores",UN,teste,linear_multipla,False,435,145,0,1.235959656681455,0.71933766707598,1.1117372246540345,0.9991027221561822,calculado,33.76370581328721
sinapi_es,"Instalações Elétricas - Eletrodutos, Conexões e Conduletes Aparentes",M,validacao,persistencia,False,3,3,3,18.763566666666666,3.543333333333333,4.3316932793847105,-8.482189180994313,calculado,0.0
sinapi_es,"Instalações Elétricas - Eletrodutos, Conexões e Conduletes Aparentes",M,validacao,linear_simples,False,3,3,3,19.073079671384537,3.5711323550216356,4.367273711525823,-8.63860192047239,calculado,-1.6495424895295565
sinapi_es,"Instalações Elétricas - Eletrodutos, Conexões e Conduletes Aparentes",M,validacao,linear_multipla,True,3,3,3,18.936202814763806,3.5591964848553013,4.351574751140535,-8.569431049494893,calculado,-0.9200604083648306
sinapi_es,"Instalações Elétricas - Eletrodutos, Conexões e Conduletes Aparentes",M,teste,persistencia,False,9,6,0,0.0005333333333333738,0.013333333333333839,0.023094010767585906,0.9999678789154078,calculado,0.0
sinapi_es,"Instalações Elétricas - Eletrodutos, Conexões e Conduletes Aparentes",M,teste,linear_simples,False,9,6,0,0.2094232766155203,0.33742419024873943,0.45762788006798744,0.9873870572804765,calculado,-39166.86436540707
sinapi_es,"Instalações Elétricas - Eletrodutos, Conexões e Conduletes Aparentes",M,teste,linear_multipla,True,9,6,0,0.22839398949637657,0.34801097521437896,0.4779058374788663,0.9862445075181878,calculado,-42723.87303056736
sinapi_es,"Instalações Elétricas - Eletrodutos, Conexões e Conduletes Aparentes",UN,validacao,persistencia,False,42,42,42,63.229392857142884,6.147857142857144,7.951691194780069,0.6453867566487659,calculado,0.0
sinapi_es,"Instalações Elétricas - Eletrodutos, Conexões e Conduletes Aparentes",UN,validacao,linear_simples,True,42,42,42,68.77218978152294,6.4539543395648495,8.292899962107523,0.6143007520902133,calculado,-8.766171354678601
sinapi_es,"Instalações Elétricas - Eletrodutos, Conexões e Conduletes Aparentes",UN,validacao,linear_multipla,False,42,42,42,70.12876855460252,6.516664380700875,8.374292122597737,0.6066925689835043,calculado,-10.9116589385062
sinapi_es,"Instalações Elétricas - Eletrodutos, Conexões e Conduletes Aparentes",UN,teste,persistencia,False,114,57,0,0.6859798245614042,0.46131578947368435,0.8282389900031296,0.9959577499880844,calculado,0.0
sinapi_es,"Instalações Elétricas - Eletrodutos, Conexões e Conduletes Aparentes",UN,teste,linear_simples,True,114,57,0,0.7926839636101257,0.5551052388106499,0.8903280090001244,0.9953289781322693,calculado,-15.554996696432745
sinapi_es,"Instalações Elétricas - Eletrodutos, Conexões e Conduletes Aparentes",UN,teste,linear_multipla,False,114,57,0,0.8611429744171847,0.5981748539106255,0.9279778954356536,0.994925572044594,calculado,-25.53473784273099
sinapi_es,"Instalações Elétricas - Quadros, Cabos, Disjuntores, Contatores e Barramentos Blindados",M,validacao,persistencia,False,3,3,0,0.860300000000001,0.8766666666666669,0.9275235846058045,0.9811637703696063,calculado,0.0
sinapi_es,"Instalações Elétricas - Quadros, Cabos, Disjuntores, Contatores e Barramentos Blindados",M,validacao,linear_simples,True,3,3,0,0.8902001990132417,0.8923123851595154,0.9435042125042377,0.9805091068631459,calculado,-3.475554924240459
sinapi_es,"Instalações Elétricas - Quadros, Cabos, Disjuntores, Contatores e Barramentos Blindados",M,validacao,linear_multipla,False,3,3,0,2.52366090910853,1.5016032989136743,1.5886034461464982,0.9447445584177422,calculado,-193.34661270586156
sinapi_es,"Instalações Elétricas - Quadros, Cabos, Disjuntores, Contatores e Barramentos Blindados",M,teste,persistencia,False,9,3,0,0.7816111111111109,0.5122222222222221,0.884087728175836,0.9857157251859897,calculado,0.0
sinapi_es,"Instalações Elétricas - Quadros, Cabos, Disjuntores, Contatores e Barramentos Blindados",M,teste,linear_simples,True,9,3,0,0.7059949681239118,0.49018551890313944,0.8402350671829353,0.9870976422947028,calculado,9.674394582199048
sinapi_es,"Instalações Elétricas - Quadros, Cabos, Disjuntores, Contatores e Barramentos Blindados",M,teste,linear_multipla,False,9,3,0,1.4067922474553356,1.0171181502840614,1.186082732129313,0.9742902745582712,calculado,-79.98621404645708
sinapi_es,"Instalações Elétricas - Quadros, Cabos, Disjuntores, Contatores e Barramentos Blindados",UN,validacao,persistencia,False,58,58,0,43.61894827586351,3.7800000000000247,6.604464268649162,0.9999852115697789,calculado,0.0
sinapi_es,"Instalações Elétricas - Quadros, Cabos, Disjuntores, Contatores e Barramentos Blindados",UN,validacao,linear_simples,True,58,58,0,181.304715514089,4.50252244865413,13.464943947677206,0.999938531022867,calculado,-315.6558621437779
sinapi_es,"Instalações Elétricas - Quadros, Cabos, Disjuntores, Contatores e Barramentos Blindados",UN,validacao,linear_multipla,False,58,58,0,2299.816488774083,16.566414845018024,47.956401958175334,0.9992202774938436,calculado,-5172.517058937627
sinapi_es,"Instalações Elétricas - Quadros, Cabos, Disjuntores, Contatores e Barramentos Blindados",UN,teste,persistencia,False,174,58,0,11939.927737931039,25.95103448275863,109.26997637929203,0.9957313030076874,calculado,0.0
sinapi_es,"Instalações Elétricas - Quadros, Cabos, Disjuntores, Contatores e Barramentos Blindados",UN,teste,linear_simples,True,174,58,0,11759.476625269413,26.10226612743186,108.4411205459876,0.9957958168924266,calculado,1.5113249981267811
sinapi_es,"Instalações Elétricas - Quadros, Cabos, Disjuntores, Contatores e Barramentos Blindados",UN,teste,linear_multipla,False,174,58,0,9772.560125161046,22.620245240054963,98.85625991894011,0.9965061683010908,calculado,18.152267420217704
sinapi_es,Instalações Hidráulicas - Reservação e Bombas de Recalque,M,validacao,persistencia,False,41,41,0,46.41006585365861,2.910975609756098,6.812493365402906,0.9987615633426635,calculado,0.0
sinapi_es,Instalações Hidráulicas - Reservação e Bombas de Recalque,M,validacao,linear_simples,True,41,41,0,35.25340402663923,2.1162400176956417,5.937457707355837,0.9990592750292544,calculado,24.039314794766387
sinapi_es,Instalações Hidráulicas - Reservação e Bombas de Recalque,M,validacao,linear_multipla,False,41,41,0,109.02498753325143,3.3820464981124005,10.441503126142875,0.997090705676812,calculado,-134.91668354238448
sinapi_es,Instalações Hidráulicas - Reservação e Bombas de Recalque,M,teste,persistencia,False,123,41,0,128.1930357723577,2.7601626016260155,11.322236341481204,0.996962269829437,calculado,0.0
sinapi_es,Instalações Hidráulicas - Reservação e Bombas de Recalque,M,teste,linear_simples,True,123,41,0,118.71962533798578,3.958797544070553,10.89585358464337,0.997186756787884,calculado,7.38995716677978
sinapi_es,Instalações Hidráulicas - Reservação e Bombas de Recalque,M,teste,linear_multipla,False,123,41,0,115.40949578899333,3.7902120752306336,10.742881167963896,0.9972651953734036,calculado,9.972101765391598
sinapi_es,Instalações Hidráulicas - Reservação e Bombas de Recalque,UN,validacao,persistencia,False,245,245,0,79.29876489795893,3.1408163265306093,8.904985395718453,0.9993563514819035,calculado,0.0
sinapi_es,Instalações Hidráulicas - Reservação e Bombas de Recalque,UN,validacao,linear_simples,True,245,245,0,58.24658256315676,2.3260712924956666,7.631944874221561,0.9995272268540474,calculado,26.54793219275479
sinapi_es,Instalações Hidráulicas - Reservação e Bombas de Recalque,UN,validacao,linear_multipla,False,245,245,0,75.90514395190735,2.5492042021301504,8.712355821011178,0.9993838966661912,calculado,4.279538212755861
sinapi_es,Instalações Hidráulicas - Reservação e Bombas de Recalque,UN,teste,persistencia,False,735,245,0,149.37339156462585,2.3012517006802717,12.221840760074803,0.9988290279621711,calculado,0.0
sinapi_es,Instalações Hidráulicas - Reservação e Bombas de Recalque,UN,teste,linear_simples,True,735,245,0,145.35549461612405,3.1953780710630193,12.056346652951053,0.9988605251714685,calculado,2.689834452050633
sinapi_es,Instalações Hidráulicas - Reservação e Bombas de Recalque,UN,teste,linear_multipla,False,735,245,0,137.64982433099323,3.1052280102945478,11.73242619115898,0.9989209316758807,calculado,7.848497721604227
sinapi_es,Instalações Hidráulicas em PEX,M,validacao,persistencia,False,4,4,0,0.17985000000000076,0.41000000000000103,0.4240872551728014,0.9939672690382914,calculado,0.0
sinapi_es,Instalações Hidráulicas em PEX,M,validacao,linear_simples,False,4,4,0,0.087400585138944,0.28822763212562164,0.29563589961123465,0.9970683112814058,calculado,51.40362238590846
sinapi_es,Instalações Hidráulicas em PEX,M,validacao,linear_multipla,True,4,4,0,0.05725067741909192,0.23557391877565648,0.23927113787310814,0.9980796333931334,calculado,68.16754105138077
sinapi_es,Instalações Hidráulicas em PEX,M,teste,persistencia,False,12,4,0,0.0,0.0,0.0,1.0,calculado,
sinapi_es,Instalações Hidráulicas em PEX,M,teste,linear_simples,False,12,4,0,0.02964499624273631,0.16248488878416678,0.17217722335644836,0.999056325358725,calculado,
sinapi_es,Instalações Hidráulicas em PEX,M,teste,linear_multipla,True,12,4,0,0.022998224800798925,0.1275904150062154,0.15165165610964795,0.9992679087775505,calculado,
sinapi_es,Instalações Hidráulicas em PEX,UN,validacao,persistencia,False,79,79,0,2.027260759493671,1.263544303797468,1.4238190754072904,0.9995219903580203,calculado,0.0
sinapi_es,Instalações Hidráulicas em PEX,UN,validacao,linear_simples,False,79,79,0,1.7252691948659662,1.1700419263527677,1.3134950303925654,0.9995931972212777,calculado,14.896532831974234
sinapi_es,Instalações Hidráulicas em PEX,UN,validacao,linear_multipla,True,79,79,0,1.5267748490948212,1.10331764288128,1.2356273099502217,0.9996400003820023,calculado,24.687791546058996
sinapi_es,Instalações Hidráulicas em PEX,UN,teste,persistencia,False,237,79,0,1.7721518987332326e-05,0.0017721518987337047,0.004209693455268723,0.9999999958206439,calculado,0.0
sinapi_es,Instalações Hidráulicas em PEX,UN,teste,linear_simples,False,237,79,0,0.07447934794880935,0.23037700929385607,0.27290904702631125,0.9999824351562492,calculado,-420176.3205685054
sinapi_es,Instalações Hidráulicas em PEX,UN,teste,linear_multipla,True,237,79,0,0.16839342851131625,0.3252208969084558,0.4103576836265117,0.9999602869205768,calculado,-950120.0608857911
sinapi_es,Instalações Hidráulicas em PPR,M,validacao,persistencia,False,26,26,0,1.7396000000000014,1.1815384615384616,1.3189389675038043,0.9997067677231299,calculado,0.0
sinapi_es,Instalações Hidráulicas em PPR,M,validacao,linear_simples,True,26,26,0,2.1561025927151642,0.8633914857478223,1.4683673221354268,0.9996365607769445,calculado,-23.94243462377343
sinapi_es,Instalações Hidráulicas em PPR,M,validacao,linear_multipla,False,26,26,0,12.49817494379992,1.8863320673550061,3.535275794588015,0.9978932695473146,calculado,-618.451077477576
sinapi_es,Instalações Hidráulicas em PPR,M,teste,persistencia,False,78,26,0,2.5641025640979e-06,0.0002564102564100232,0.001601281538049415,0.9999999995677818,calculado,0.0
sinapi_es,Instalações Hidráulicas em PPR,M,teste,linear_simples,True,78,26,0,4.599767425105594,1.4965575595515839,2.1447068389655484,0.9992246398592738,calculado,-179390829.57944447
sinapi_es,Instalações Hidráulicas em PPR,M,teste,linear_multipla,False,78,26,0,11.536344454022233,2.2224462757188816,3.396519461746426,0.9980553752325574,calculado,-449917333.7076854
sinapi_es,Instalações Hidráulicas em PPR,UN,validacao,persistencia,False,69,69,0,1.9177376811594162,1.1424637681159417,1.3848240614458633,0.9995820916676148,calculado,0.0
sinapi_es,Instalações Hidráulicas em PPR,UN,validacao,linear_simples,True,69,69,0,0.8248648154721225,0.6070648613009858,0.9082206865471203,0.9998202476371697,calculado,56.98760974580059
sinapi_es,Instalações Hidráulicas em PPR,UN,validacao,linear_multipla,False,69,69,0,4.860822013535513,0.9776314660901735,2.2047271970780224,0.9989407425000536,calculado,-153.4664704818639
sinapi_es,Instalações Hidráulicas em PPR,UN,teste,persistencia,False,207,69,0,9.661835748788425e-07,9.661835748790349e-05,0.0009829463743657853,0.9999999997894384,calculado,0.0
sinapi_es,Instalações Hidráulicas em PPR,UN,teste,linear_simples,True,207,69,0,2.6410415645107768,0.9132100063372517,1.6251281686411003,0.9994244344621964,calculado,-273347701.9269742
sinapi_es,Instalações Hidráulicas em PPR,UN,teste,linear_multipla,False,207,69,0,6.3201966247417,1.2903996679129237,2.5140001242525227,0.9986226315336247,calculado,-654140250.6610264
sinapi_es,Instalações Prediais de Esgoto - Caixas e Ralos,UN,validacao,persistencia,False,8,8,0,2.425349999999998,1.417499999999999,1.557353524412488,0.9981550398105338,calculado,0.0
sinapi_es,Instalações Prediais de Esgoto - Caixas e Ralos,UN,validacao,linear_simples,True,8,8,0,1.4563256459104195,1.0842733458292049,1.2067831809858884,0.9988921752161117,calculado,39.954000622160905
sinapi_es,Instalações Prediais de Esgoto - Caixas e Ralos,UN,validacao,linear_multipla,False,8,8,0,126.74316544415977,9.24843683701834,11.258026711824758,0.9035866598505753,calculado,-5125.768051792931
sinapi_es,Instalações Prediais de Esgoto - Caixas e Ralos,UN,teste,persistencia,False,24,8,0,4.306174999999997,1.0183333333333329,2.075132525888406,0.9972883142653806,calculado,0.0
sinapi_es,Instalações Prediais de Esgoto - Caixas e Ralos,UN,teste,linear_simples,True,24,8,0,3.451385781665781,1.1796956214667513,1.857790564532445,0.9978265923728573,calculado,19.85031305820633
sinapi_es,Instalações Prediais de Esgoto - Caixas e Ralos,UN,teste,linear_multipla,False,24,8,0,7.32673628177609,1.8526882493878,2.706794466112285,0.9953862055637287,calculado,-70.14487989401488
sinapi_es,Instalações Prediais de Esgoto - Tubos e Conexões,M,validacao,persistencia,False,9,9,0,10.192477777777777,2.9744444444444444,3.192566017763419,0.9628296866320891,calculado,0.0
sinapi_es,Instalações Prediais de Esgoto - Tubos e Conexões,M,validacao,linear_simples,False,9,9,0,9.239924084340918,2.8298602754179045,3.0397243434793424,0.966303495460204,calculado,9.345653865575947
sinapi_es,Instalações Prediais de Esgoto - Tubos e Conexões,M,validacao,linear_multipla,True,9,9,0,8.456034265482256,2.711130430188983,2.9079261107329146,0.9691622144928241,calculado,17.036519972419413
sinapi_es,Instalações Prediais de Esgoto - Tubos e Conexões,M,teste,persistencia,False,27,9,0,0.34163703703703796,0.46222222222222226,0.5844972515222274,0.9987980110218351,calculado,0.0
sinapi_es,Instalações Prediais de Esgoto - Tubos e Conexões,M,teste,linear_simples,False,27,9,0,0.7323287637234493,0.6519624605236289,0.8557620952831747,0.997423431867859,calculado,-114.3587153415264
sinapi_es,Instalações Prediais de Esgoto - Tubos e Conexões,M,teste,linear_multipla,True,27,9,0,12.581631586158593,2.693484785972575,3.547059569017497,0.9557337734074343,calculado,-3582.7481280358306
sinapi_es,Instalações Prediais de Esgoto - Tubos e Conexões,UN,validacao,persistencia,False,81,81,0,8.901351851851851,2.4704938271604933,2.9835133403173937,0.988619936538175,calculado,0.0
sinapi_es,Instalações Prediais de Esgoto - Tubos e Conexões,UN,validacao,linear_simples,True,81,81,0,7.818436339316274,2.3116161675669225,2.796146694884994,0.9900044057133696,calculado,12.165742131744697
sinapi_es,Instalações Prediais de Esgoto - Tubos e Conexões,UN,validacao,linear_multipla,False,81,81,0,7.975630285360819,2.3295840176509532,2.8241158413494336,0.989803438814007,calculado,10.399786256044283
sinapi_es,Instalações Prediais de Esgoto - Tubos e Conexões,UN,teste,persistencia,False,243,81,0,0.7064539094650187,0.5628395061728391,0.8405081257578767,0.9991175640723834,calculado,0.0
sinapi_es,Instalações Prediais de Esgoto - Tubos e Conexões,UN,teste,linear_simples,True,243,81,0,1.3417933770241885,0.7607213954582747,1.1583580521687535,0.9983239576319695,calculado,-89.93360487456255
sinapi_es,Instalações Prediais de Esgoto - Tubos e Conexões,UN,teste,linear_multipla,False,243,81,0,9.431761103763181,2.0968806613316135,3.0711172403155143,0.9882187291383805,calculado,-1235.085131159602
sinapi_es,Instalações Prediais de Água Fria em PVC,M,validacao,persistencia,False,15,15,0,1.0146266666666668,0.7586666666666673,1.0072867847175733,0.9976285659658518,calculado,0.0
sinapi_es,Instalações Prediais de Água Fria em PVC,M,validacao,linear_simples,True,15,15,0,0.6797247622399694,0.654186629639036,0.8244542208273116,0.9984113147347834,calculado,33.00740217354469
sinapi_es,Instalações Prediais de Água Fria em PVC,M,validacao,linear_multipla,False,15,15,0,0.7364213217368315,0.6461813221604173,0.8581499412904667,0.9982788008208217,calculado,27.419478914724163
sinapi_es,Instalações Prediais de Água Fria em PVC,M,teste,persistencia,False,45,15,0,0.5753755555555554,0.3131111111111112,0.7585351379834394,0.9985804569974707,calculado,0.0
sinapi_es,Instalações Prediais de Água Fria em PVC,M,teste,linear_simples,True,45,15,0,1.21675501012182,0.7298940094433861,1.1030661857394688,0.9969980718789084,calculado,-111.47144649671101
sinapi_es,Instalações Prediais de Água Fria em PVC,M,teste,linear_multipla,False,45,15,0,1.5490191940457771,0.90528261171164,1.244595996315984,0.996178323294308,calculado,-169.21880484653497
sinapi_es,Instalações Prediais de Água Fria em PVC,UN,validacao,persistencia,False,220,220,0,0.42866272727272703,0.6051818181818182,0.6547233975296186,0.9996127557354852,calculado,0.0
sinapi_es,Instalações Prediais de Água Fria em PVC,UN,validacao,linear_simples,True,220,220,0,0.2679163326774331,0.4200789093571891,0.517606349147142,0.9997579704121717,calculado,37.499503541632315
sinapi_es,Instalações Prediais de Água Fria em PVC,UN,validacao,linear_multipla,False,220,220,0,0.3069773611397699,0.5191558373601891,0.5540553773223124,0.9997226835577855,calculado,28.38720476285719
sinapi_es,Instalações Prediais de Água Fria em PVC,UN,teste,persistencia,False,660,220,0,0.825802121212121,0.28803030303030297,0.908736552149258,0.999213657285447,calculado,0.0
sinapi_es,Instalações Prediais de Água Fria em PVC,UN,teste,linear_simples,True,660,220,0,1.6426163305008892,0.6270883160187095,1.2816459458449863,0.998435873012291,calculado,-98.91161433320609
sinapi_es,Instalações Prediais de Água Fria em PVC,UN,teste,linear_multipla,False,660,220,0,1.9430530886385056,0.7561163327690007,1.3939343917984468,0.998149792061568,calculado,-135.29281879131915
sinapi_es,Instalações Prediais de Água Quente em CPVC,M,validacao,persistencia,False,13,13,0,1.3206923076923083,0.9061538461538456,1.1492137780640763,0.9997316706020034,calculado,0.0
sinapi_es,Instalações Prediais de Água Quente em CPVC,M,validacao,linear_simples,True,13,13,0,1.1535206957689164,0.9250636865285523,1.0740208078845197,0.999765635407983,calculado,12.657877307962572
sinapi_es,Instalações Prediais de Água Quente em CPVC,M,validacao,linear_multipla,False,13,13,0,1.5439817556024937,0.9916896015424513,1.2425706239898373,0.9996863041507962,calculado,-16.906999958252722
sinapi_es,Instalações Prediais de Água Quente em CPVC,M,teste,persistencia,False,39,13,0,13.688589743589736,2.054871794871794,3.6998094199012113,0.9965324967520073,calculado,0.0
sinapi_es,Instalações Prediais de Água Quente em CPVC,M,teste,linear_simples,True,39,13,0,18.623123807441388,2.7279630831264217,4.315451750100027,0.9952825131368764,calculado,-36.04852038291569
sinapi_es,Instalações Prediais de Água Quente em CPVC,M,teste,linear_multipla,False,39,13,0,30.19252253303258,3.7538887829216825,5.494772291281285,0.9923518293769152,calculado,-120.56707884880187
sinapi_es,Instalações Prediais de Água Quente em CPVC,UN,validacao,persistencia,False,124,124,0,0.4474233870967741,0.6254032258064518,0.6688971423894514,0.9999059375605313,calculado,0.0
sinapi_es,Instalações Prediais de Água Quente em CPVC,UN,validacao,linear_simples,True,124,124,0,0.2870285849472566,0.44692104126789794,0.5357504875847119,0.9999396575823347,calculado,35.84855123248741
sinapi_es,Instalações Prediais de Água Quente em CPVC,UN,validacao,linear_multipla,False,124,124,0,0.4635037016205495,0.48227137513228574,0.6808110616173547,0.9999025569736975,calculado,-3.593981670944115
sinapi_es,Instalações Prediais de Água Quente em CPVC,UN,teste,persistencia,False,372,124,0,7.805219892473116,1.2476881720430106,2.7937823631187015,0.9979957163026207,calculado,0.0
sinapi_es,Instalações Prediais de Água Quente em CPVC,UN,teste,linear_simples,True,372,124,0,10.620177405988297,1.6589239176087316,3.2588613664880404,0.9972728701136756,calculado,-36.065063538181114
sinapi_es,Instalações Prediais de Água Quente em CPVC,UN,teste,linear_multipla,False,372,124,0,16.945256896565848,2.250992199232488,4.116461696234504,0.9956486681203637,calculado,-117.10159521459266
sinapi_es,"Instalações Prediais de Águas Pluviais - Tubos, Conexões, Caixas e Ralos",M,validacao,persistencia,False,8,8,0,21.03015,4.1325,4.585864149754111,0.9748500047111993,calculado,0.0
sinapi_es,"Instalações Prediais de Águas Pluviais - Tubos, Conexões, Caixas e Ralos",M,validacao,linear_simples,False,8,8,0,19.00578346957028,3.9260460256056713,4.359562302521926,0.977270948389828,calculado,9.626020406082317
sinapi_es,"Instalações Prediais de Águas Pluviais - Tubos, Conexões, Caixas e Ralos",M,validacao,linear_multipla,True,8,8,0,18.469552637866542,3.872206458785584,4.29762174206462,0.9779122278334391,calculado,12.175839745001614
sinapi_es,"Instalações Prediais de Águas Pluviais - Tubos, Conexões, Caixas e Ralos",M,teste,persistencia,False,24,8,0,1.2986041666666686,0.8887499999999999,1.139563147292272,0.9985143047700576,calculado,0.0
sinapi_es,"Instalações Prediais de Águas Pluviais - Tubos, Conexões, Caixas e Ralos",M,teste,linear_simples,False,24,8,0,2.2000589815511975,1.1414459764564178,1.4832595799627244,0.9974829765540699,calculado,-69.41721257513248
sinapi_es,"Instalações Prediais de Águas Pluviais - Tubos, Conexões, Caixas e Ralos",M,teste,linear_multipla,True,24,8,0,25.72512898107328,3.938228904897064,5.071994576207005,0.9705686286877263,calculado,-1880.9830925697715
sinapi_es,"Instalações Prediais de Águas Pluviais - Tubos, Conexões, Caixas e Ralos",UN,validacao,persistencia,False,78,78,0,65.96069743589739,5.981538461538461,8.12161913881077,0.9918196609458562,calculado,0.0
sinapi_es,"Instalações Prediais de Águas Pluviais - Tubos, Conexões, Caixas e Ralos",UN,validacao,linear_simples,True,78,78,0,57.937727859598375,5.585880733975206,7.611683641586687,0.9928146566615851,calculado,12.163257649141714
sinapi_es,"Instalações Prediais de Águas Pluviais - Tubos, Conexões, Caixas e Ralos",UN,validacao,linear_multipla,False,78,78,0,87.50230986975689,6.797055598916443,9.354266933852,0.9891481049991777,calculado,-32.65825449282779
sinapi_es,"Instalações Prediais de Águas Pluviais - Tubos, Conexões, Caixas e Ralos",UN,teste,persistencia,False,234,78,0,6.453375641025644,1.6112393162393162,2.54034951158805,0.9992216782555693,calculado,0.0
sinapi_es,"Instalações Prediais de Águas Pluviais - Tubos, Conexões, Caixas e Ralos",UN,teste,linear_simples,True,234,78,0,10.961903714543542,2.0052974746879335,3.310876577968974,0.9986779185815334,calculado,-69.8630968396774
sinapi_es,"Instalações Prediais de Águas Pluviais - Tubos, Conexões, Caixas e Ralos",UN,teste,linear_multipla,False,234,78,0,59.83525664478573,4.819176800176803,7.7353252449257575,0.9927834541299339,calculado,-827.1931462411511
sinapi_es,Instalações de Divisórias Diversas,M2,validacao,persistencia,False,4,4,0,116.10009999999974,8.34999999999998,10.774975638023491,0.9748566751861354,calculado,0.0
sinapi_es,Instalações de Divisórias Diversas,M2,validacao,linear_simples,True,4,4,0,131.54057523193126,10.00386450614441,11.469113968913696,0.9715127944828725,calculado,-13.29927815043359
sinapi_es,Instalações de Divisórias Diversas,M2,validacao,linear_multipla,False,4,4,0,133.70132008098713,9.342868280900774,11.56292869825751,0.9710448507896311,calculado,-15.160383221881315
sinapi_es,Instalações de Divisórias Diversas,M2,teste,persistencia,False,12,4,0,411.6498666666666,12.371666666666647,20.289156381344853,0.8872963627389483,calculado,0.0
sinapi_es,Instalações de Divisórias Diversas,M2,teste,linear_simples,True,12,4,0,376.4851638119042,12.43529884035712,19.403225603283186,0.8969239376171518,calculado,8.542381694304538
sinapi_es,Instalações de Divisórias Diversas,M2,teste,linear_multipla,False,12,4,0,339.5642654808413,11.938775787500356,18.42726961545962,0.9070323328088008,calculado,17.511386987572276
sinapi_es,Instalações de Gás e Incêndio em Aço e Ferro Galvanizado,M,validacao,persistencia,False,38,38,38,2.2932052631579,0.9884210526315809,1.5143332734764496,0.9993368078406175,calculado,0.0
sinapi_es,Instalações de Gás e Incêndio em Aço e Ferro Galvanizado,M,validacao,linear_simples,True,38,38,38,2.9536247701917686,1.2339367024529297,1.7186112911859297,0.9991458153263387,calculado,-28.798970490954922
sinapi_es,Instalações de Gás e Incêndio em Aço e Ferro Galvanizado,M,validacao,linear_multipla,False,38,38,38,13.55697297338897,2.852124787108275,3.6819794911689785,0.9960793399852352,calculado,-491.1800915161033
sinapi_es,Instalações de Gás e Incêndio em Aço e Ferro Galvanizado,M,teste,persistencia,False,82,41,0,29.928148780487803,2.420487804878049,5.470662554068547,0.9932836592122168,calculado,0.0
sinapi_es,Instalações de Gás e Incêndio em Aço e Ferro Galvanizado,M,teste,linear_simples,True,82,41,0,31.256971922437476,2.525755644868157,5.590793496672675,0.9929854506884125,calculado,-4.440044560377297
sinapi_es,Instalações de Gás e Incêndio em Aço e Ferro Galvanizado,M,teste,linear_multipla,False,82,41,0,29.452873074743497,2.518908471636985,5.42705012642628,0.9933903184523638,calculado,1.588055810702766
sinapi_es,Instalações de Gás e Incêndio em Aço e Ferro Galvanizado,UN,validacao,persistencia,False,278,278,278,1223.6551723021573,5.470755395683451,34.98078290007468,0.963109152485953,calculado,0.0
sinapi_es,Instalações de Gás e Incêndio em Aço e Ferro Galvanizado,UN,validacao,linear_simples,False,278,278,278,1282.2456666931037,5.669994676326411,35.80845803288803,0.9613427618856644,calculado,-4.7881540255099395
sinapi_es,Instalações de Gás e Incêndio em Aço e Ferro Galvanizado,UN,validacao,linear_multipla,True,278,278,278,1271.6763457031352,5.698480752608779,35.66057130365602,0.9616614065641602,calculado,-3.9244040713391444
sinapi_es,Instalações de Gás e Incêndio em Aço e Ferro Galvanizado,UN,teste,persistencia,False,558,279,0,2.139865053763435,0.28725806451612956,1.462827759431518,0.999939017299744,calculado,0.0
sinapi_es,Instalações de Gás e Incêndio em Aço e Ferro Galvanizado,UN,teste,linear_simples,False,558,279,0,3.726839565034256,0.934866581366052,1.9305024125947774,0.9998937910875748,calculado,-74.16236404626397
sinapi_es,Instalações de Gás e Incêndio em Aço e Ferro Galvanizado,UN,teste,linear_multipla,True,558,279,0,6.996992033764975,1.199750859945182,2.6451827977977205,0.999800597020294,calculado,-226.98286377728297
sinapi_es,Instalações de Gás em PEX Multicamadas,M,validacao,persistencia,False,16,16,0,1.4126187500000014,1.1143750000000006,1.1885363898509802,0.9901576856334628,calculado,0.0
sinapi_es,Instalações de Gás em PEX Multicamadas,M,validacao,linear_simples,False,16,16,0,0.8737711737284638,0.8648773391494446,0.9347572806501503,0.993912065391845,calculado,38.145294069722425
sinapi_es,Instalações de Gás em PEX Multicamadas,M,validacao,linear_multipla,True,16,16,0,0.6464404310159819,0.7399788998273369,0.8040151932743448,0.9954959751586909,calculado,54.238153003704554
sinapi_es,Instalações de Gás em PEX Multicamadas,M,teste,persistencia,False,48,16,0,0.0,0.0,0.0,1.0,calculado,
sinapi_es,Instalações de Gás em PEX Multicamadas,M,teste,linear_simples,False,48,16,0,0.14966683649327617,0.36744007629826525,0.38686798328793787,0.9990007056367219,calculado,
sinapi_es,Instalações de Gás em PEX Multicamadas,M,teste,linear_multipla,True,48,16,0,0.14669526354849843,0.3095167763973193,0.38300817686897815,0.9990205462117174,calculado,
sinapi_es,Instalações de ar condicionado,M,validacao,persistencia,False,4,4,0,7.828100000000002,2.6799999999999997,2.7978741930258413,0.9842178113800792,calculado,0.0
sinapi_es,Instalações de ar condicionado,M,validacao,linear_simples,True,4,4,0,6.813042126558139,2.4913036908600823,2.6101804777750788,0.9862642638805321,calculado,12.966848576817647
sinapi_es,Instalações de ar condicionado,M,validacao,linear_multipla,False,4,4,0,74.34499864109583,8.21050622508403,8.622354587993689,0.8501134641226445,calculado,-849.7195825436032
sinapi_es,Instalações de ar condicionado,M,teste,persistencia,False,12,4,0,11.075691666666666,2.1425000000000005,3.3280161758420985,0.9802791124170455,calculado,0.0
sinapi_es,Instalações de ar condicionado,M,teste,linear_simples,True,12,4,0,9.297172498218265,2.5187641501193205,3.0491265139738406,0.9834458651256515,calculado,16.05786096231824
sinapi_es,Instalações de ar condicionado,M,teste,linear_multipla,False,12,4,0,9.892357869811132,2.3172448358231663,3.14521189585235,0.9823861043307994,calculado,10.684062291268797
sinapi_es,Instalações de ar condicionado,UN,validacao,persistencia,False,36,36,0,168840.01132499968,324.7252777777777,410.9014618190104,0.9968025295003713,calculado,0.0
sinapi_es,Instalações de ar condicionado,UN,validacao,linear_simples,False,36,36,0,215108.7155233202,363.9580642190344,463.79814092266497,0.9959262987090489,calculado,-27.403874138137795
sinapi_es,Instalações de ar condicionado,UN,validacao,linear_multipla,True,36,36,0,182129.4155625918,335.71256281295086,426.7662305789808,0.9965508564657992,calculado,-7.871004114073049
sinapi_es,Instalações de ar condicionado,UN,teste,persistencia,False,23,16,1,131756.1707608697,166.6552173913045,362.9823284415781,0.998983929965248,calculado,0.0
sinapi_es,Instalações de ar condicionado,UN,teste,linear_simples,False,23,16,1,128277.01708542288,169.27605178332945,358.157810309119,0.9990107603123619,calculado,2.6406001748193533
sinapi_es,Instalações de ar condicionado,UN,teste,linear_multipla,True,23,16,1,517537.7626776348,403.4766468345086,719.400974893442,0.9960088805748328,calculado,-292.7996386726644
sinapi_es,Instalações de ar condicionado em cobre,M,validacao,persistencia,False,5,5,0,13.983600000000019,3.316000000000001,3.7394652024052877,0.9920852131055975,calculado,0.0
sinapi_es,Instalações de ar condicionado em cobre,M,validacao,linear_simples,False,5,5,0,11.567716494259582,2.964601246477744,3.4011345892598226,0.9934526151415279,calculado,17.27654899840123
sinapi_es,Instalações de ar condicionado em cobre,M,validacao,linear_multipla,True,5,5,0,6.154529857620087,2.0836655576218006,2.48083249285801,0.9965165056023985,calculado,55.987514963099066
sinapi_es,Instalações de ar condicionado em cobre,M,teste,persistencia,False,15,5,0,16.850720000000035,2.6973333333333342,4.104962850014606,0.990646134576814,calculado,0.0
sinapi_es,Instalações de ar condicionado em cobre,M,teste,linear_simples,False,15,5,0,15.759061527535865,3.1779565423352887,3.9697684475968953,0.9912521161870663,calculado,6.4784084743213795
sinapi_es,Instalações de ar condicionado em cobre,M,teste,linear_multipla,True,15,5,0,16.022920835272178,2.9108455791619834,4.002864079040428,0.9911056474038202,calculado,4.91254477391978
sinapi_es,Instalações de ar condicionado em cobre,UN,validacao,persistencia,False,10,10,0,33.28316999999997,5.458999999999998,5.7691567841409865,0.9859673424502362,calculado,0.0
sinapi_es,Instalações de ar condicionado em cobre,UN,validacao,linear_simples,False,10,10,0,33.241759303167,5.455407077925969,5.76556669401777,0.9859848017886211,calculado,0.1244193291473411
sinapi_es,Instalações de ar condicionado em cobre,UN,validacao,linear_multipla,True,10,10,0,32.21154624432196,5.37875226414955,5.6755216715577745,0.9864191542573935,calculado,3.2197166185733286
sinapi_es,Instalações de ar condicionado em cobre,UN,teste,persistencia,False,30,10,0,15.673126666666679,1.802,3.9589299901193855,0.994358456530047,calculado,0.0
sinapi_es,Instalações de ar condicionado em cobre,UN,teste,linear_simples,False,30,10,0,11.223559456537124,2.6168366930903906,3.350158124109536,0.9959600786806425,calculado,28.3897865739375
sinapi_es,Instalações de ar condicionado em cobre,UN,teste,linear_multipla,True,30,10,0,11.55146323628255,2.0904909516811694,3.398744361713977,0.9958420496831911,calculado,26.297646398468846
sinapi_es,Instalações em Cobre,M,validacao,persistencia,False,42,42,0,59.35432857142862,6.77809523809524,7.704176047536078,0.9946752514843047,calculado,0.0
sinapi_es,Instalações em Cobre,M,validacao,linear_simples,True,42,42,0,47.81699182399414,6.1133031811549685,6.914983139819947,0.9957102799009272,calculado,19.43807136753326
sinapi_es,Instalações em Cobre,M,validacao,linear_multipla,False,42,42,0,77.57475315890132,7.75818179228275,8.80765310164412,0.993040675184436,calculado,-30.697718306333368
sinapi_es,Instalações em Cobre,M,teste,persistencia,False,122,42,2,800.3466409836067,8.236721311475412,28.290398388562977,0.9421714119595079,calculado,0.0
sinapi_es,Instalações em Cobre,M,teste,linear_simples,True,122,42,2,767.8235011031929,8.801177811172758,27.70962831044821,0.9445213527996623,calculado,4.063631708436183
sinapi_es,Instalações em Cobre,M,teste,linear_multipla,False,122,42,2,772.862862816242,8.618114077765005,27.800411198689886,0.944157236606043,calculado,3.433984321292056
sinapi_es,Instalações em Cobre,UN,validacao,persistencia,False,200,200,0,122.58497250000008,5.362650000000001,11.071809811408434,0.9986771564775626,calculado,0.0
sinapi_es,Instalações em Cobre,UN,validacao,linear_simples,True,200,200,0,122.20948232014808,5.323122489469011,11.054839769085216,0.9986812084811812,calculado,0.3063101228431516
sinapi_es,Instalações em Cobre,UN,validacao,linear_multipla,False,200,200,0,124.73858957086878,5.370792079718282,11.168643139203114,0.9986539162847893,calculado,-1.756836116978942
sinapi_es,Instalações em Cobre,UN,teste,persistencia,False,600,200,0,371.1683991666666,4.624283333333333,19.26573121287294,0.9966801032842274,calculado,0.0
sinapi_es,Instalações em Cobre,UN,teste,linear_simples,True,600,200,0,330.8251213595003,4.956298755056511,18.188598663984543,0.9970409516640901,calculado,10.869265243954894
sinapi_es,Instalações em Cobre,UN,teste,linear_multipla,False,600,200,0,352.94943619291064,5.024401311091364,18.786948559915487,0.9968430618644222,calculado,4.908543673076822
sinapi_es,Instalações para Canteiros de Obras,M,validacao,persistencia,False,4,4,0,19.693899999999996,3.635,4.4377809770199335,0.9804627831067493,calculado,0.0
sinapi_es,Instalações para Canteiros de Obras,M,validacao,linear_simples,True,4,4,0,29.022326341809432,4.365540804130877,5.38723735710702,0.9712085729852068,calculado,-47.3670849441169
sinapi_es,Instalações para Canteiros de Obras,M,validacao,linear_multipla,False,4,4,0,34.29407582137689,4.728417219898419,5.856114396199659,0.9659787651264692,calculado,-74.13552329085097
sinapi_es,Instalações para Canteiros de Obras,M,teste,persistencia,False,12,4,0,4.402075000000003,1.3008333333333335,2.0981122467589772,0.995349167317236,calculado,0.0
sinapi_es,Instalações para Canteiros de Obras,M,teste,linear_simples,True,12,4,0,4.498292794323716,1.4067156226842537,2.120917913150746,0.9952475123335058,calculado,-2.185737278981245
sinapi_es,Instalações para Canteiros de Obras,M,teste,linear_multipla,False,12,4,0,4.899869234751438,1.405774209173184,2.2135648250619266,0.9948232431346009,calculado,-11.308172503908605
sinapi_es,Instalações para Canteiros de Obras,M2,validacao,persistencia,False,15,15,0,13.652073333333341,3.420666666666667,3.6948712201284284,0.9915592259201318,calculado,0.0
sinapi_es,Instalações para Canteiros de Obras,M2,validacao,linear_simples,True,15,15,0,12.051632459642342,3.213487945030777,3.471546119475059,0.9925487430076227,calculado,11.72306091986271
sinapi_es,Instalações para Canteiros de Obras,M2,validacao,linear_multipla,False,15,15,0,12.202690437822602,3.2476205133213947,3.4932349531376503,0.9924553472108343,calculado,10.61657713170848
sinapi_es,Instalações para Canteiros de Obras,M2,teste,persistencia,False,45,15,0,2.951237777777788,0.9815555555555553,1.717916696984399,0.9982212519645396,calculado,0.0
sinapi_es,Instalações para Canteiros de Obras,M2,teste,linear_simples,True,45,15,0,2.1555309373289013,1.1392422144891323,1.4681726524250822,0.9987008344603684,calculado,26.961800449980515
sinapi_es,Instalações para Canteiros de Obras,M2,teste,linear_multipla,False,45,15,0,2.3823383853384095,1.207618183848439,1.5434825510314036,0.9985641347658835,calculado,19.276636966464498
sinapi_es,Instalações para Canteiros de Obras,UN,validacao,persistencia,False,5,5,0,18257.58405999991,103.66599999999976,135.12062781085615,0.9990814793647813,calculado,0.0
sinapi_es,Instalações para Canteiros de Obras,UN,validacao,linear_simples,False,5,5,0,11328.225457676386,81.44172542222577,106.43413671222399,0.9994300884055037,calculado,37.953316164677474
sinapi_es,Instalações para Canteiros de Obras,UN,validacao,linear_multipla,True,5,5,0,643.8095204153024,19.972068631687723,25.37340182977644,0.9999676105925237,calculado,96.47374198963263
sinapi_es,Instalações para Canteiros de Obras,UN,teste,persistencia,False,15,5,0,16191.253480000005,67.16399999999996,127.24485639899164,0.9992244971660036,calculado,0.0
sinapi_es,Instalações para Canteiros de Obras,UN,teste,linear_simples,False,15,5,0,10611.65572253024,54.29012107701929,103.01289105024789,0.9994917398398844,calculado,34.460567023806256
sinapi_es,Instalações para Canteiros de Obras,UN,teste,linear_multipla,True,15,5,0,7012.86982991605,63.070154150829325,83.74287927887391,0.9996641087464744,calculado,56.68729515859542
sinapi_es,Lajes Pré-Moldadas,M2,validacao,persistencia,False,4,4,0,232.21320000000006,13.79,15.23854323746204,-3.169026740420919,calculado,0.0
sinapi_es,Lajes Pré-Moldadas,M2,validacao,linear_simples,False,4,4,0,379.34924681160055,18.34377647194836,19.47689007032695,-5.8106255540860605,calculado,-63.36248189663657
sinapi_es,Lajes Pré-Moldadas,M2,validacao,linear_multipla,True,4,4,0,132.08037689112723,10.264454830279249,11.49262271594814,-1.371297683094598,calculado,43.121072836889894
sinapi_es,Lajes Pré-Moldadas,M2,teste,persistencia,False,89,43,0,495.7379955056178,16.29370786516854,22.265174499779196,0.9245591263051065,calculado,0.0
sinapi_es,Lajes Pré-Moldadas,M2,teste,linear_simples,False,89,43,0,835.0504380565347,21.713557121174503,28.89723928088174,0.8729229246145717,calculado,-68.4459221659704
sinapi_es,Lajes Pré-Moldadas,M2,teste,linear_multipla,True,89,43,0,1119.266548776808,24.711098523589733,33.455441243194024,0.8296712233019999,calculado,-125.77784211097939
sinapi_es,Lastro,M2,validacao,persistencia,False,4,4,0,1.9228749999999935,1.322499999999998,1.3866776842511,0.9818660968686158,calculado,0.0
sinapi_es,Lastro,M2,validacao,linear_simples,True,4,4,0,1.5674564075199795,1.194383194240345,1.2519809932742507,0.9852179144995723,calculado,18.483707598258604
sinapi_es,Lastro,M2,validacao,linear_multipla,False,4,4,0,1.6102062245729076,1.2104336623616652,1.268939015308816,0.9848147572265711,calculado,16.260483672994184
sinapi_es,Lastro,M2,teste,persistencia,False,12,4,0,0.2514333333333338,0.4316666666666669,0.5014312847572774,0.9977632955417072,calculado,0.0
sinapi_es,Lastro,M2,teste,linear_simples,True,12,4,0,0.06108429792656225,0.19624891341838038,0.24715237795045034,0.999456605376492,calculado,75.70556890100936
sinapi_es,Lastro,M2,teste,linear_multipla,False,12,4,0,1.1314860118332315,0.8106756285033926,1.0637133128024823,0.9899345095830703,calculado,-350.01432261695453
sinapi_es,Lastro,M3,validacao,persistencia,False,9,9,0,292.2919999999996,12.039999999999996,17.096549359446765,0.9952113069536606,calculado,0.0
sinapi_es,Lastro,M3,validacao,linear_simples,True,9,9,0,240.00368309309164,10.98039029069473,15.492052255692002,0.9960679595461943,calculado,17.889068776055456
sinapi_es,Lastro,M3,validacao,linear_multipla,False,9,9,0,253.50789077171126,11.275581931492935,15.921931125705552,0.9958467167293984,calculado,13.268960227542449
sinapi_es,Lastro,M3,teste,persistencia,False,27,9,0,46.37039259259259,4.453333333333338,6.8095809410412755,0.9992708077765057,calculado,0.0
sinapi_es,Lastro,M3,teste,linear_simples,True,27,9,0,16.852698089513165,3.316250093117143,4.105203781727914,0.9997349848533796,calculado,63.656339428523
sinapi_es,Lastro,M3,teste,linear_multipla,False,27,9,0,170.04073079229366,9.41616015749927,13.03996667144106,0.9973260442355877,calculado,-266.7010807656106
sinapi_es,Ligações Prediais de Água e Esgoto,M,validacao,persistencia,False,4,4,0,30.142825000000055,3.9425000000000026,5.49024817289711,0.9890220242046915,calculado,0.0
sinapi_es,Ligações Prediais de Água e Esgoto,M,validacao,linear_simples,True,4,4,0,27.01295674692148,3.725392951792748,5.19739903672226,0.9901619179580077,calculado,10.383460253239605
sinapi_es,Ligações Prediais de Água e Esgoto,M,validacao,linear_multipla,False,4,4,0,33.04747616838969,4.081369672616564,5.748693431414628,0.9879641542067601,calculado,-9.63629377269593
sinapi_es,Ligações Prediais de Água e Esgoto,M,teste,persistencia,False,12,4,0,2.2828583333333516,1.020833333333335,1.510913079344193,0.9992071295641194,calculado,0.0
sinapi_es,Ligações Prediais de Água e Esgoto,M,teste,linear_simples,True,12,4,0,3.743634535752762,1.2709036695128895,1.9348474192433784,0.998699780401263,calculado,-63.98891166787537
sinapi_es,Ligações Prediais de Água e Esgoto,M,teste,linear_multipla,False,12,4,0,33.26367459797136,3.6274241904195166,5.767466913470017,0.9884470342323103,calculado,-1357.1063877363288
sinapi_es,Ligações Prediais de Água e Esgoto,UN,validacao,persistencia,False,32,32,0,37.57486562499996,3.545937499999999,6.129834061783399,0.9943083201836812,calculado,0.0
sinapi_es,Ligações Prediais de Água e Esgoto,UN,validacao,linear_simples,True,32,32,0,32.85140178790299,3.2695043794928456,5.7316142392787555,0.9950238102682772,calculado,12.570806996989699
sinapi_es,Ligações Prediais de Água e Esgoto,UN,validacao,linear_multipla,False,32,32,0,38.3257043023153,3.3953749224517713,6.1907757431775305,0.9941945863545936,calculado,-1.9982471389486016
sinapi_es,Ligações Prediais de Água e Esgoto,UN,teste,persistencia,False,96,32,0,3.6667635416666564,0.8409375000000002,1.914879511004976,0.9994617167732048,calculado,0.0
sinapi_es,Ligações Prediais de Água e Esgoto,UN,teste,linear_simples,True,96,32,0,6.078697080770456,1.1160433577079456,2.4655013852704393,0.9991076433911907,calculado,-65.77826772018962
sinapi_es,Ligações Prediais de Água e Esgoto,UN,teste,linear_multipla,False,96,32,0,28.296507960525503,2.518484770016276,5.319446208067669,0.9958460545822101,calculado,-671.7025556456763
sinapi_es,Limpeza de Obra,M2,validacao,persistencia,False,22,22,0,0.2505954545454544,0.33499999999999996,0.5005951004009672,0.9898688493098148,calculado,0.0
sinapi_es,Limpeza de Obra,M2,validacao,linear_simples,False,22,22,0,0.24030122285382846,0.2917848801590624,0.49020528644010813,0.9902850276985917,calculado,4.107908385767912
sinapi_es,Limpeza de Obra,M2,validacao,linear_multipla,True,22,22,0,0.23435942578939092,0.2877785616903444,0.4841068330331549,0.9905252445115403,calculado,6.47897975065565
sinapi_es,Limpeza de Obra,M2,teste,persistencia,False,64,22,0,0.00030156249999999964,0.009843749999999991,0.017365554986812245,0.9999878810558281,calculado,0.0
sinapi_es,Limpeza de Obra,M2,teste,linear_simples,False,64,22,0,0.007579539103625233,0.08401104707394919,0.08706054849141047,0.9996953997554566,calculado,-2413.422293430132
sinapi_es,Limpeza de Obra,M2,teste,linear_multipla,True,64,22,0,0.009629808449369802,0.08460584958642502,0.09813158741898452,0.999613005227827,calculado,-3093.3043562677103
sinapi_es,Limpeza de Obra,UN,validacao,persistencia,False,5,5,0,0.2411200000000003,0.4680000000000003,0.4910397132615653,0.9565516356564897,calculado,0.0
sinapi_es,Limpeza de Obra,UN,validacao,linear_simples,False,5,5,0,0.2218497912993284,0.41693300233828123,0.47100933249706256,0.9600240106092198,calculado,7.9919578221100975
sinapi_es,Limpeza de Obra,UN,validacao,linear_multipla,True,5,5,0,0.21296460446818263,0.40894629643246194,0.46148088201807735,0.9616250674883662,calculado,11.676922499924368
sinapi_es,Limpeza de Obra,UN,teste,persistencia,False,15,5,0,0.0038733333333333306,0.045999999999999965,0.06223610956135779,0.9993244896117897,calculado,0.0
sinapi_es,Limpeza de Obra,UN,teste,linear_simples,False,15,5,0,0.010182910041950353,0.0815888169931067,0.10091040601419832,0.9982240977154349,calculado,-162.89784962006092
sinapi_es,Limpeza de Obra,UN,teste,linear_multipla,True,15,5,0,0.011721899747319391,0.08798638770465442,0.10826772255533683,0.9979556974916847,calculado,-202.6308024264905
sinapi_es,Livro SINAPI: Cálculos e Parâmetros,H,validacao,persistencia,False,188,188,0,7.845682978723402,1.533085106382979,2.8010146337931547,0.9919459001368679,calculado,0.0
sinapi_es,Livro SINAPI: Cálculos e Parâmetros,H,validacao,linear_simples,True,188,188,0,6.447241721840651,1.3832419397069848,2.539141926289401,0.9933814903291052,calculado,17.824340604574054
sinapi_es,Livro SINAPI: Cálculos e Parâmetros,H,validacao,linear_multipla,False,188,188,0,6.503849748538789,1.375963371683368,2.5502646428437163,0.9933233785367579,calculado,17.102822454380476
sinapi_es,Livro SINAPI: Cálculos e Parâmetros,H,teste,persistencia,False,564,188,0,0.07083049645390073,0.06124113475177306,0.2661399940893904,0.9999273131047647,calculado,0.0
sinapi_es,Livro SINAPI: Cálculos e Parâmetros,H,teste,linear_simples,True,564,188,0,0.4266278912062078,0.4025027476340906,0.6531675827888336,0.9995621906045408,calculado,-502.32232239664455
sinapi_es,Livro SINAPI: Cálculos e Parâmetros,H,teste,linear_multipla,False,564,188,0,0.5731837735290928,0.4502441509261557,0.7570890129496616,0.9994117936343395,calculado,-709.23303128638
sinapi_es,Livro SINAPI: Cálculos e Parâmetros,MES,validacao,persistencia,False,184,184,92,108230.2589565218,117.46554347826083,328.983675820734,0.996305800041364,calculado,0.0
sinapi_es,Livro SINAPI: Cálculos e Parâmetros,MES,validacao,linear_simples,True,184,184,92,82650.77199194842,92.7776294260801,287.4904728716213,0.9971788991228734,calculado,23.634321132733454
sinapi_es,Livro SINAPI: Cálculos e Parâmetros,MES,validacao,linear_multipla,False,184,184,92,84050.72493095262,91.09718464766708,289.91503053645323,0.9971311148327938,calculado,22.34082617808626
sinapi_es,Livro SINAPI: Cálculos e Parâmetros,MES,teste,persistencia,False,460,184,0,2426.262378260872,12.136304347826092,49.25710485057838,0.9999063427906482,calculado,0.0
sinapi_es,Livro SINAPI: Cálculos e Parâmetros,MES,teste,linear_simples,True,460,184,0,7762.575882344438,48.8037488603337,88.10548156808655,0.9997003534320787,calculado,-219.93967148386477
sinapi_es,Livro SINAPI: Cálculos e Parâmetros,MES,teste,linear_multipla,False,460,184,0,7401.890496158558,48.37443580256687,86.03424025443915,0.9997142764055489,calculado,-205.07378602079226
sinapi_es,Locação de Obras,M,validacao,persistencia,False,4,4,0,6.295100000000025,1.9050000000000034,2.509003786366219,0.9963931706286412,calculado,0.0
sinapi_es,Locação de Obras,M,validacao,linear_simples,False,4,4,0,4.175591817536318,1.5505861205560962,2.043426489388918,0.9976075602912908,calculado,33.66917415869007
sinapi_es,Locação de Obras,M,validacao,linear_multipla,True,4,4,0,3.669123546685351,1.4572776759537938,1.91549563995467,0.9978977454567316,calculado,41.714610622780626
sinapi_es,Locação de Obras,M,teste,persistencia,False,12,4,0,0.6820916666666669,0.5991666666666667,0.8258884105414405,0.9996267224150144,calculado,0.0
sinapi_es,Locação de Obras,M,teste,linear_simples,False,12,4,0,0.015631159919854712,0.07825609510003263,0.12502463725144222,0.9999914457808085,calculado,97.70834908506606
sinapi_es,Locação de Obras,M,teste,linear_multipla,True,12,4,0,0.3227414712992392,0.33127034065937105,0.56810339842254,0.9998233783480012,calculado,52.683563357920264
sinapi_es,Locação de Obras,UN,validacao,persistencia,False,4,4,0,35.83587500000012,4.772500000000008,5.986307292480075,0.9956121114915318,calculado,0.0
sinapi_es,Locação de Obras,UN,validacao,linear_simples,False,4,4,0,24.103527073532906,3.9400857153257887,4.909534303122131,0.9970486673072861,calculado,32.73911388090057
sinapi_es,Locação de Obras,UN,validacao,linear_multipla,True,4,4,0,21.128906174306884,3.6957485738936837,4.596618993815659,0.9974128918409626,calculado,41.03979273756588
sinapi_es,Locação de Obras,UN,teste,persistencia,False,12,4,0,3.7141416666666562,1.3041666666666643,1.9272108516368043,0.999568047481591,calculado,0.0
sinapi_es,Locação de Obras,UN,teste,linear_simples,False,12,4,0,0.1888909019179642,0.32796893362644447,0.43461580955823986,0.9999780320978275,calculado,94.91427848288058
sinapi_es,Locação de Obras,UN,teste,linear_multipla,True,12,4,0,1.8912146231311973,0.8918315494314245,1.3752143916972355,0.999780052837875,calculado,49.080708468815295
sinapi_es,Louças e Metais,UN,validacao,persistencia,False,102,102,0,15.85739901960791,2.615980392156871,3.982134982595129,0.9998470903518739,calculado,0.0
sinapi_es,Louças e Metais,UN,validacao,linear_simples,True,102,102,0,25.63249083061129,3.565464056302113,5.06285402027466,0.9997528311453437,calculado,-61.643727315660854
sinapi_es,Louças e Metais,UN,validacao,linear_multipla,False,102,102,0,53.845713614900916,4.923282490096749,7.337963860288555,0.9994807768214844,calculado,-239.56207791908298
sinapi_es,Louças e Metais,UN,teste,persistencia,False,108,108,0,35.99507777777777,2.950370370370371,5.999589800792865,0.9996623302281623,calculado,0.0
sinapi_es,Louças e Metais,UN,teste,linear_simples,True,108,108,0,33.90298884398932,3.208868525024464,5.8226273145367395,0.9996819561113817,calculado,5.812152835741455
sinapi_es,Louças e Metais,UN,teste,linear_multipla,False,108,108,0,40.20217262422676,3.6675296552223022,6.340518324571483,0.9996228634775786,calculado,-11.687972651211542
sinapi_es,Luminárias Externas,UN,validacao,persistencia,False,18,18,0,5.202061111111122,1.7050000000000065,2.2808027339318766,0.999900678435304,calculado,0.0
sinapi_es,Luminárias Externas,UN,validacao,linear_simples,True,18,18,0,8.363283922827252,2.445764329998652,2.8919342874324188,0.9998403220516886,calculado,-60.7686596561515
sinapi_es,Luminárias Externas,UN,validacao,linear_multipla,False,18,18,0,20.513751818972523,3.6757334193523885,4.529210948826796,0.9996083364103325,calculado,-294.3389241459899
sinapi_es,Luminárias Externas,UN,teste,persistencia,False,54,18,0,6.724498148148176,1.6746296296296361,2.5931637333859534,0.9998749302726117,calculado,0.0
sinapi_es,Luminárias Externas,UN,teste,linear_simples,True,54,18,0,15.55335547415065,2.6492903671520276,3.943774267646495,0.9997107213228006,calculado,-131.2939215907704
sinapi_es,Luminárias Externas,UN,teste,linear_multipla,False,54,18,0,20.19221592202939,3.1216012832261475,4.493574960099074,0.9996244426148841,calculado,-200.27840705986392
sinapi_es,Massa Única Externa,M2,validacao,persistencia,False,103,103,0,24.155876699029136,4.570582524271845,4.914862836237562,0.9751418394009719,calculado,0.0
sinapi_es,Massa Única Externa,M2,validacao,linear_simples,False,103,103,0,21.59544795507649,4.264464542873493,4.647090267584275,0.9777767075000503,calculado,10.599610090142383
sinapi_es,Massa Única Externa,M2,validacao,linear_multipla,True,103,103,0,20.813857037128763,4.177672242978182,4.562220625652464,0.9785810216138853,calculado,13.835224047300647
sinapi_es,Massa Única Externa,M2,teste,persistencia,False,309,103,0,1.306886731391586,0.8530097087378642,1.1431914675117139,0.9986704875256947,calculado,0.0
sinapi_es,Massa Única Externa,M2,teste,linear_simples,False,309,103,0,0.8147092418962939,0.7251027169168478,0.9026124538783485,0.999171185938295,calculado,37.660301973623724
sinapi_es,Massa Única Externa,M2,teste,linear_multipla,True,309,103,0,0.8865794934025207,0.737573145974148,0.9415835031490944,0.9990980714184107,calculado,32.160953806724926
sinapi_es,Massa Única Interna,M2,validacao,persistencia,False,50,50,0,4.904325999999998,2.1029999999999998,2.2145712903404124,0.9543895618970557,calculado,0.0
sinapi_es,Massa Única Interna,M2,validacao,linear_simples,False,50,50,0,4.17204763638566,1.9205821999970525,2.042559090059737,0.9611997814823274,calculado,14.931274218197135
sinapi_es,Massa Única Interna,M2,validacao,linear_multipla,True,50,50,0,3.9903033803605594,1.8809882633767139,1.9975743741749792,0.9628900107085245,calculado,18.637068980313284
sinapi_es,Massa Única Interna,M2,teste,persistencia,False,150,50,0,0.4021733333333335,0.45693333333333347,0.6341713753657867,0.996375087283512,calculado,0.0
sinapi_es,Massa Única Interna,M2,teste,linear_simples,False,150,50,0,0.21735314456631064,0.3945482075683071,0.46621148051749073,0.9980409288423555,calculado,45.95535642186357
sinapi_es,Massa Única Interna,M2,teste,linear_multipla,True,150,50,0,0.35710740249059514,0.49005953165759003,0.5975846404406618,0.9967812804650396,calculado,11.205598956355056
sinapi_es,Mobiliário Urbano,UN,validacao,persistencia,False,3,3,0,30.499000000000308,5.106666666666645,5.522589972105507,0.9833064039670587,calculado,0.0
sinapi_es,Mobiliário Urbano,UN,validacao,linear_simples,False,3,3,0,27.329554425770596,4.851210759442893,5.227767633107902,0.9850411967164794,calculado,10.391965553722025
sinapi_es,Mobiliário Urbano,UN,validacao,linear_multipla,True,3,3,0,25.612739506825218,4.701798359144429,5.060903032742795,0.9859808935826128,calculado,16.021051487507922
sinapi_es,Mobiliário Urbano,UN,teste,persistencia,False,9,3,0,1.9964888888889396,0.8377777777777737,1.4129716518348625,0.9989413451052187,calculado,0.0
sinapi_es,Mobiliário Urbano,UN,teste,linear_simples,False,9,3,0,1.273749848487961,1.018077530489816,1.128605266905999,0.9993245835129194,calculado,36.20050401598719
sinapi_es,Mobiliário Urbano,UN,teste,linear_multipla,True,9,3,0,2.6982656244591467,1.295159912445393,1.6426398340656259,0.9985692221345928,calculado,-35.150545513967316
sinapi_es,Monocapa,M2,validacao,persistencia,False,12,12,0,4.003941666666676,1.9691666666666687,2.0009851740247044,0.9943268122998126,calculado,0.0
sinapi_es,Monocapa,M2,validacao,linear_simples,True,12,12,0,6.179226376385215,2.416455820421651,2.48580497553312,0.9912446498991163,calculado,-54.3285814533229
sinapi_es,Monocapa,M2,validacao,linear_multipla,False,12,12,0,11.558380078493265,3.3493793797052205,3.399761767902755,0.9836229233204615,calculado,-188.67503676984737
sinapi_es,Monocapa,M2,teste,persistencia,False,36,12,0,2.6087222222222213,1.4583333333333333,1.6151539314326115,0.9962958174714491,calculado,0.0
sinapi_es,Monocapa,M2,teste,linear_simples,True,36,12,0,2.4734040061274953,1.3819427923483967,1.5727059503058718,0.9964879588069976,calculado,5.187145451594156
sinapi_es,Monocapa,M2,teste,linear_multipla,False,36,12,0,1.3178702351571372,0.9121769213285802,1.1479852939637933,0.9981287268309433,calculado,49.48215551924425
sinapi_es,Montagem de gruas e cremalheiras,M,validacao,persistencia,False,4,4,0,138.9001499999997,10.85499999999999,11.785590778573628,0.9745228884963585,calculado,0.0
sinapi_es,Montagem de gruas e cremalheiras,M,validacao,linear_simples,False,4,4,0,113.1189605482925,9.782364018893606,10.635739774378298,0.9792516828018912,calculado,18.560951483282963
sinapi_es,Montagem de gruas e cremalheiras,M,validacao,linear_multipla,True,4,4,0,98.41573692510157,9.134262996737224,9.920470599981716,0.9819485529471792,calculado,29.14641422266155
sinapi_es,Montagem de gruas e cremalheiras,M,teste,persistencia,False,12,4,0,0.3654083333333334,0.3291666666666669,0.6044901432888161,0.999932557448417,calculado,0.0
sinapi_es,Montagem de gruas e cremalheiras,M,teste,linear_simples,False,12,4,0,8.692232299840269,2.6695968353614226,2.948259198211763,0.9983956952489138,calculado,-2278.7723231563596
sinapi_es,Montagem de gruas e cremalheiras,M,teste,linear_multipla,True,12,4,0,24.050517070003536,4.518481281847387,4.904132652162208,0.995561052964243,calculado,-6481.81953613634
sinapi_es,Montagem de gruas e cremalheiras,UN,validacao,persistencia,False,4,4,0,153350.9825749999,338.0724999999999,391.60053954891316,0.997181979409697,calculado,0.0
sinapi_es,Montagem de gruas e cremalheiras,UN,validacao,linear_simples,False,4,4,0,127403.23522241457,309.302145732044,356.93589791783984,0.9976588024797794,calculado,16.920496313021655
sinapi_es,Montagem de gruas e cremalheiras,UN,validacao,linear_multipla,True,4,4,0,113964.10102441051,294.5941169589196,337.58569434205964,0.9979057637724291,calculado,25.68414032256123
sinapi_es,Montagem de gruas e cremalheiras,UN,teste,persistencia,False,12,4,0,1412.7552416666542,20.22916666666659,37.58663647716638,0.9999735955340845,calculado,0.0
sinapi_es,Montagem de gruas e cremalheiras,UN,teste,linear_simples,False,12,4,0,8374.26522971632,74.84526046735282,91.51101152165415,0.9998434845652638,calculado,-492.76122167043184
sinapi_es,Montagem de gruas e cremalheiras,UN,teste,linear_multipla,True,12,4,0,33281.367244193076,146.33687489323077,182.43181532888684,0.9993779695865908,calculado,-2255.7772969173634
sinapi_es,Paisagismo - Plantio,M2,validacao,persistencia,False,8,8,0,0.21936250000000102,0.3837500000000008,0.46836150567697277,0.9996852386871947,calculado,0.0
sinapi_es,Paisagismo - Plantio,M2,validacao,linear_simples,True,8,8,0,0.29043172374274867,0.42089901008954045,0.5389171770715317,0.9995832620860651,calculado,-32.398073391189165
sinapi_es,Paisagismo - Plantio,M2,validacao,linear_multipla,False,8,8,0,0.3530039365122698,0.46201586660565863,0.5941413438839868,0.9994934777708951,calculado,-60.92264471469288
sinapi_es,Paisagismo - Plantio,M2,teste,persistencia,False,24,8,0,0.1668541666666665,0.19374999999999978,0.40847786557739757,0.9997609566085537,calculado,0.0
sinapi_es,Paisagismo - Plantio,M2,teste,linear_simples,True,24,8,0,0.16440359698586474,0.3161423580057134,0.40546713428570846,0.9997644674138226,calculado,1.4686895327567073
sinapi_es,Paisagismo - Plantio,M2,teste,linear_multipla,False,24,8,0,0.20324262568865167,0.34474657101063566,0.4508243845319945,0.999708824732989,calculado,-21.808540804785743
sinapi_es,Paisagismo - Plantio,UN,validacao,persistencia,False,4,4,0,45.481849999999774,4.744999999999994,6.744023279912353,0.9967348527153802,calculado,0.0
sinapi_es,Paisagismo - Plantio,UN,validacao,linear_simples,False,4,4,0,41.43025500037505,4.469448486252343,6.436633825251755,0.9970257171901411,calculado,8.908157868742688
sinapi_es,Paisagismo - Plantio,UN,validacao,linear_multipla,True,4,4,0,37.55911610706221,4.195428303814355,6.128549266103864,0.997303626700108,calculado,17.419550640393044
sinapi_es,Paisagismo - Plantio,UN,teste,persistencia,False,12,4,0,1.2824833333333245,0.4833333333333301,1.132467806753607,0.9999107226410685,calculado,0.0
sinapi_es,Paisagismo - Plantio,UN,teste,linear_simples,False,12,4,0,0.7559934707576274,0.6347432446328666,0.8694788500921844,0.9999473731169174,calculado,41.05237463065413
sinapi_es,Paisagismo - Plantio,UN,teste,linear_multipla,True,12,4,0,1.6619749661727672,0.9415488093738524,1.2891760803601529,0.9998843051354089,calculado,-29.590375404965258
sinapi_es,Paredes de Concreto - Armação,KG,validacao,persistencia,False,16,16,0,0.07253749999999981,0.23374999999999974,0.2693278671062462,0.9792698081974995,calculado,0.0
sinapi_es,Paredes de Concreto - Armação,KG,validacao,linear_simples,True,16,16,0,0.05254188973532786,0.19922434840071057,0.22922017741753858,0.9849842708684586,calculado,27.56589386823643
sinapi_es,Paredes de Concreto - Armação,KG,validacao,linear_multipla,False,16,16,0,0.0605199755681978,0.18348364775947085,0.24600808029046078,0.9827042467494553,calculado,16.567326461212538
sinapi_es,Paredes de Concreto - Armação,KG,teste,persistencia,False,48,16,0,0.3480583333333332,0.31666666666666665,0.5899646882088225,0.8741844063585318,calculado,0.0
sinapi_es,Paredes de Concreto - Armação,KG,teste,linear_simples,True,48,16,0,0.3422803684363583,0.41737339793551453,0.5850473215359235,0.8762730162665046,calculado,1.6600564743385668
sinapi_es,Paredes de Concreto - Armação,KG,teste,linear_multipla,False,48,16,0,0.42765762704630306,0.5484998396608717,0.6539553708368049,0.8454109754912762,calculado,-22.86952676887588
sinapi_es,Paredes de Concreto - Concretagem,M3,validacao,persistencia,False,12,12,0,10.771616666666645,2.6766666666666574,3.2820141173777184,0.9959033450750966,calculado,0.0
sinapi_es,Paredes de Concreto - Concretagem,M3,validacao,linear_simples,True,12,12,0,9.428108404728267,2.452875851594873,3.0705224970236364,0.9964143073482854,calculado,12.472670570388363
sinapi_es,Paredes de Concreto - Concretagem,M3,validacao,linear_multipla,False,12,12,0,12.434951410919716,2.997798957569046,3.526322647024761,0.9952707465819758,calculado,-15.441830095944193
sinapi_es,Paredes de Concreto - Concretagem,M3,teste,persistencia,False,36,12,0,0.838877777777816,0.4683333333333432,0.9159027119611646,0.9996855702329176,calculado,0.0
sinapi_es,Paredes de Concreto - Concretagem,M3,teste,linear_simples,True,36,12,0,0.599295665897822,0.645767091010738,0.7741418900290967,0.9997753708565974,calculado,28.559835321260515
sinapi_es,Paredes de Concreto - Concretagem,M3,teste,linear_multipla,False,36,12,0,1.2363276085394528,0.8427298483041107,1.1119026974243083,0.9995365973300421,calculado,-47.37875305440559
sinapi_es,Paredes de Concreto - Estucamento,M2,validacao,persistencia,False,31,31,0,0.2828225806451616,0.47322580645161305,0.5318106624026653,0.9889895430505109,calculado,0.0
sinapi_es,Paredes de Concreto - Estucamento,M2,validacao,linear_simples,False,31,31,0,0.2525923315698027,0.4485707949817639,0.5025856460045419,0.9901664252331758,calculado,10.688767850996568
sinapi_es,Paredes de Concreto - Estucamento,M2,validacao,linear_multipla,True,31,31,0,0.21907740899735453,0.41353192357731844,0.46805705741645914,0.9914711817745652,calculado,22.538925817873015
sinapi_es,Paredes de Concreto - Estucamento,M2,teste,persistencia,False,93,31,0,0.0517344086021505,0.13903225806451608,0.22745199186234993,0.9980852640290426,calculado,0.0
sinapi_es,Paredes de Concreto - Estucamento,M2,teste,linear_simples,False,93,31,0,0.03180476441428508,0.13812893829716105,0.17833890325524904,0.9988228776917085,calculado,38.5229960607629
sinapi_es,Paredes de Concreto - Estucamento,M2,teste,linear_multipla,True,93,31,0,0.044581326311843764,0.16860757431821677,0.21114290495264992,0.9983500058968737,calculado,13.826546941544423
sinapi_es,Paredes em Drywall,M2,validacao,persistencia,False,21,21,0,13.470785714285713,3.4919047619047605,3.670256900311709,0.9928468092894092,calculado,0.0
sinapi_es,Paredes em Drywall,M2,validacao,linear_simples,False,21,21,0,17.24555739069252,3.951693397270988,4.152777069707995,0.9908423485056823,calculado,-28.021911687034553
sinapi_es,Paredes em Drywall,M2,validacao,linear_multipla,True,21,21,0,5.923206004995114,2.342185671385081,2.4337637529133995,0.9968546881324886,calculado,56.02924632144079
sinapi_es,Paredes em Drywall,M2,teste,persistencia,False,63,21,0,5.158736507936503,1.8755555555555559,2.271285210610174,0.9973350925900576,calculado,0.0
sinapi_es,Paredes em Drywall,M2,teste,linear_simples,False,63,21,0,5.052473883182684,1.8447982282454616,2.2477708698136216,0.9973899858872188,calculado,2.0598575754031607
sinapi_es,Paredes em Drywall,M2,teste,linear_multipla,True,63,21,0,5.910296568444632,2.061886691153047,2.431110151442059,0.9969468506298056,calculado,-14.568684780699396
sinapi_es,Parquinhos e Equipamentos de Ginástica ao Ar Livre,UN,validacao,persistencia,False,17,17,0,73.79465294117713,8.166470588235343,8.590381420005583,0.9999643283995368,calculado,0.0
sinapi_es,Parquinhos e Equipamentos de Ginástica ao Ar Livre,UN,validacao,linear_simples,False,17,17,0,68.58542826501032,7.844180705492015,8.28163198077591,0.9999668464868773,calculado,7.05908147615948
sinapi_es,Parquinhos e Equipamentos de Ginástica ao Ar Livre,UN,validacao,linear_multipla,True,17,17,0,65.7253909042983,7.663380493189781,8.107119766248571,0.9999682290004602,calculado,10.934751659189962
sinapi_es,Parquinhos e Equipamentos de Ginástica ao Ar Livre,UN,teste,persistencia,False,51,17,0,5.508294117646901,1.4874509803921192,2.3469755255747557,0.9999973359790939,calculado,0.0
sinapi_es,Parquinhos e Equipamentos de Ginástica ao Ar Livre,UN,teste,linear_simples,False,51,17,0,3.3411220751613357,1.5400022460146507,1.8278736485767653,0.9999983841060648,calculado,39.343796758103466
sinapi_es,Parquinhos e Equipamentos de Ginástica ao Ar Livre,UN,teste,linear_multipla,True,51,17,0,10.13082055649719,2.432018328468383,3.182894996146934,0.9999951003491858,calculado,-83.91938302715386
sinapi_es,Passeios de Concreto,M2,validacao,persistencia,False,4,4,0,0.9946249999999952,0.8974999999999973,0.9973088789337009,0.987305517521122,calculado,0.0
sinapi_es,Passeios de Concreto,M2,validacao,linear_simples,True,4,4,0,1.7491031304021163,0.999882309201304,1.3225366272440686,0.9776760497246294,calculado,-75.85553654916423
sinapi_es,Passeios de Concreto,M2,validacao,linear_multipla,False,4,4,0,3.075058954729085,1.5200632811481256,1.7535846015316983,0.9607527640846293,calculado,-209.1676717083423
sinapi_es,Passeios de Concreto,M2,teste,persistencia,False,12,4,0,1.614591666666666,0.8958333333333334,1.2706658359563563,0.9799388534231219,calculado,0.0
sinapi_es,Passeios de Concreto,M2,teste,linear_simples,True,12,4,0,2.594506376575001,1.2940446456140944,1.6107471485540494,0.9677635071518913,calculado,-60.691178465659654
sinapi_es,Passeios de Concreto,M2,teste,linear_multipla,False,12,4,0,5.788586327909658,2.2093616489328185,2.4059481141349783,0.9280773701521386,calculado,-258.5170447373997
sinapi_es,Passeios de Concreto,M3,validacao,persistencia,False,3,3,0,388.7405666666661,15.589999999999995,19.716504930303092,-0.0008510193494810636,calculado,0.0
sinapi_es,Passeios de Concreto,M3,validacao,linear_simples,True,3,3,0,319.3019631366255,14.23107602096195,17.86902244490799,0.17792553006281098,calculado,17.862453647545927
sinapi_es,Passeios de Concreto,M3,validacao,linear_multipla,False,3,3,0,326.84612277169754,14.23129744290994,18.078886104284674,0.15850234527496898,calculado,15.921786713873182
sinapi_es,Passeios de Concreto,M3,teste,persistencia,False,9,3,0,33.21274444444445,3.2233333333333323,5.76304992555543,0.8043960880617986,calculado,0.0
sinapi_es,Passeios de Concreto,M3,teste,linear_simples,True,9,3,0,17.20336015660171,2.7068140252451434,4.147693353733097,0.8986821293632674,calculado,48.20253356244596
sinapi_es,Passeios de Concreto,M3,teste,linear_multipla,False,9,3,0,75.79792813898499,5.580193499043478,8.706200557015958,0.5535939137581218,calculado,-128.21940615528933
sinapi_es,Pavimentações Diversas - Paralelepípedos e Pedras Poliédricas,M2,validacao,persistencia,False,4,4,0,4.270874999999992,2.0074999999999985,2.0666095422212662,0.9992876009759468,calculado,0.0
sinapi_es,Pavimentações Diversas - Paralelepípedos e Pedras Poliédricas,M2,validacao,linear_simples,True,4,4,0,3.0068513508683195,1.6685475562903136,1.7340274942653935,0.9994984451739207,calculado,29.596362551741155
sinapi_es,Pavimentações Diversas - Paralelepípedos e Pedras Poliédricas,M2,validacao,linear_multipla,False,4,4,0,3.658099468174503,1.8438545447928014,1.9126158705224903,0.999389814384402,calculado,14.347774913231836
sinapi_es,Pavimentações Diversas - Paralelepípedos e Pedras Poliédricas,M2,teste,persistencia,False,12,4,0,3.328241666666665,1.3458333333333314,1.8243469151087095,0.9995090471446247,calculado,0.0
sinapi_es,Pavimentações Diversas - Paralelepípedos e Pedras Poliédricas,M2,teste,linear_simples,True,12,4,0,2.0083873397114287,0.8485496861716063,1.4171758323198391,0.9997037404137428,calculado,39.656204661277215
sinapi_es,Pavimentações Diversas - Paralelepípedos e Pedras Poliédricas,M2,teste,linear_multipla,False,12,4,0,6.95332730430301,2.093379383788158,2.6369162490119042,0.9989743064848337,calculado,-108.91894281423914
sinapi_es,Pavimento Intertravado,M2,validacao,persistencia,False,18,18,0,3.58896666666666,1.7588888888888863,1.8944568262873294,0.9908778933356952,calculado,0.0
sinapi_es,Pavimento Intertravado,M2,validacao,linear_simples,False,18,18,0,11.89603303185777,3.1522746279967047,3.4490626308981067,0.9697637531140719,calculado,-231.46122928209027
sinapi_es,Pavimento Intertravado,M2,validacao,linear_multipla,True,18,18,0,10.578804950865228,2.9323059510659197,3.2525074866732018,0.9731117627703421,calculado,-194.75907505963406
sinapi_es,Pavimento Intertravado,M2,teste,persistencia,False,54,18,0,6.254807407407418,2.1188888888888893,2.5009612966632284,0.9853930298327134,calculado,0.0
sinapi_es,Pavimento Intertravado,M2,teste,linear_simples,False,54,18,0,7.380493947197636,1.9511461639305812,2.7167064521581343,0.9827641927425482,calculado,-17.997141502024434
sinapi_es,Pavimento Intertravado,M2,teste,linear_multipla,True,54,18,0,8.195455971159609,2.056779854661611,2.862770680854408,0.980860996497467,calculado,-31.02651188674375
sinapi_es,Pavimento Rígido de Concreto,KG,validacao,persistencia,False,6,6,0,0.6827166666666682,0.46500000000000014,0.8262667043192944,0.9976814601867118,calculado,0.0
sinapi_es,Pavimento Rígido de Concreto,KG,validacao,linear_simples,False,6,6,0,0.9267585746088146,0.5933578574791752,0.9626830083723378,0.9968526817090495,calculado,-35.74570826484572
sinapi_es,Pavimento Rígido de Concreto,KG,validacao,linear_multipla,True,6,6,0,0.908979834808211,0.5831988190083056,0.9534043396210293,0.9969130591951582,calculado,-33.14159140808177
sinapi_es,Pavimento Rígido de Concreto,KG,teste,persistencia,False,18,6,0,2.495049999999998,0.963888888888889,1.5795727270372828,0.9935007679987374,calculado,0.0
sinapi_es,Pavimento Rígido de Concreto,KG,teste,linear_simples,False,18,6,0,2.4731294444296523,0.9654736591039702,1.5726186582988428,0.9935578677667775,calculado,0.8785617751285908
sinapi_es,Pavimento Rígido de Concreto,KG,teste,linear_multipla,True,18,6,0,2.574411352697078,0.9578743792797275,1.6044972273884048,0.9932940435470783,calculado,-3.1807519968369395
sinapi_es,Pavimento Rígido de Concreto,M2,validacao,persistencia,False,23,23,0,1.7425956521738981,1.218695652173908,1.3200741085915966,0.9994595061065344,calculado,0.0
sinapi_es,Pavimento Rígido de Concreto,M2,validacao,linear_simples,True,23,23,0,3.3342183646239945,1.5369238904808689,1.825984218065423,0.9989658388833279,calculado,-91.33631835156582
sinapi_es,Pavimento Rígido de Concreto,M2,validacao,linear_multipla,False,23,23,0,4.599381916710845,1.9952912804941885,2.1446169627023948,0.9985734281865118,calculado,-163.93856262484587
sinapi_es,Pavimento Rígido de Concreto,M2,teste,persistencia,False,69,23,0,3.7279927536231923,1.3639130434782611,1.9308010652636363,0.9988452947668929,calculado,0.0
sinapi_es,Pavimento Rígido de Concreto,M2,teste,linear_simples,True,69,23,0,4.279142323709311,1.6523199499043086,2.0686087894305465,0.9986745821784135,calculado,-14.784083728447785
sinapi_es,Pavimento Rígido de Concreto,M2,teste,linear_multipla,False,69,23,0,4.303595386451028,1.6585656225620498,2.0745108788461506,0.9986670081080278,calculado,-15.440014798001268
sinapi_es,Peitoris e Chapins,M,validacao,persistencia,False,3,3,0,7.711400000000026,2.466666666666671,2.776940762781955,0.9891785309598427,calculado,0.0
sinapi_es,Peitoris e Chapins,M,validacao,linear_simples,False,3,3,0,17.122779629757872,3.5260906904730405,4.137968055671512,0.9759714669651606,calculado,-122.0450194485802
sinapi_es,Peitoris e Chapins,M,validacao,linear_multipla,True,3,3,0,3.8816014149691953,1.6215219428028718,1.9701780160607811,0.9945529178179942,calculado,49.66411527129727
sinapi_es,Peitoris e Chapins,M,teste,persistencia,False,9,3,0,0.4559000000000039,0.41444444444444567,0.6752036729757946,0.9993137199050598,calculado,0.0
sinapi_es,Peitoris e Chapins,M,teste,linear_simples,False,9,3,0,0.4886341062014683,0.6048087839712982,0.6990236807158026,0.9992644442623493,calculado,-7.180106646515487
sinapi_es,Peitoris e Chapins,M,teste,linear_multipla,True,9,3,0,1.2294598865314568,0.9162437818858069,1.1088101219467004,0.9981492567500462,calculado,-169.67753597969863
sinapi_es,Pintura Externa,M2,validacao,persistencia,False,31,31,0,1.2366709677419359,0.8148387096774196,1.112057088346608,0.9944876361738574,calculado,0.0
sinapi_es,Pintura Externa,M2,validacao,linear_simples,False,31,31,0,0.7532324987884211,0.6021099456191302,0.8678896812316765,0.9966425252251392,calculado,39.0919235240264
sinapi_es,Pintura Externa,M2,validacao,linear_multipla,True,31,31,0,0.37250914479371416,0.42236895905704713,0.610335272447623,0.9983395697091381,calculado,69.87807149108654
sinapi_es,Pintura Externa,M2,teste,persistencia,False,93,31,0,0.02129139784946245,0.10161290322580649,0.14591572173505654,0.9999069858142304,calculado,0.0
sinapi_es,Pintura Externa,M2,teste,linear_simples,False,93,31,0,0.17048211848069553,0.3282440875173314,0.41289480316503807,0.9992552271320619,calculado,-700.7089045353579
sinapi_es,Pintura Externa,M2,teste,linear_multipla,True,93,31,0,0.20632584074207774,0.3384391527989535,0.4542310433491724,0.9990986392619434,calculado,-869.0572793804936
sinapi_es,Pintura Interna,M2,validacao,persistencia,False,14,14,0,0.6957214285714272,0.6678571428571421,0.834099171904293,0.9916029182749234,calculado,0.0
sinapi_es,Pintura Interna,M2,validacao,linear_simples,False,14,14,0,0.4415334491793325,0.5058289515733697,0.6644798335384848,0.9946708663771836,calculado,36.53588475980054
sinapi_es,Pintura Interna,M2,validacao,linear_multipla,True,14,14,0,0.26378322809069293,0.395674782974847,0.5135983139484522,0.9968162410513497,calculado,62.08493554204055
sinapi_es,Pintura Interna,M2,teste,persistencia,False,42,14,0,0.00495714285714288,0.04809523809523825,0.07040698017343792,0.9999410233086825,calculado,0.0
sinapi_es,Pintura Interna,M2,teste,linear_simples,False,42,14,0,0.07803886004551089,0.23565561253426082,0.2793543628539044,0.9990715470801812,calculado,-1474.2709519267253
sinapi_es,Pintura Interna,M2,teste,linear_multipla,True,42,14,0,0.09996632013944176,0.23866705184169423,0.31617450899691735,0.9988106691747819,calculado,-1916.6116454642336
sinapi_es,Pintura em Madeira,M2,validacao,persistencia,False,29,29,0,0.6677586206896557,0.7517241379310347,0.8171649898824935,0.9957690117288358,calculado,0.0
sinapi_es,Pintura em Madeira,M2,validacao,linear_simples,False,29,29,0,0.4062339994775569,0.5631357510938205,0.6373648872330173,0.9974260590071267,calculado,39.16454435915755
sinapi_es,Pintura em Madeira,M2,validacao,linear_multipla,True,29,29,0,0.2843810402335375,0.452760602787375,0.5332738885727835,0.9981981320667536,calculado,57.41259919043336
sinapi_es,Pintura em Madeira,M2,teste,persistencia,False,87,29,0,0.0863597701149431,0.128850574712644,0.29387032874202035,0.9994797588375649,calculado,0.0
sinapi_es,Pintura em Madeira,M2,teste,linear_simples,False,87,29,0,0.14424106284348667,0.2830178632399988,0.3797908145854592,0.9991310752899794,calculado,-67.02344465658575
sinapi_es,Pintura em Madeira,M2,teste,linear_multipla,True,87,29,0,0.17891673210430512,0.3370577482711866,0.42298549869269175,0.9989221850803314,calculado,-107.17601710399481
sinapi_es,Pintura em Superfícies Metálicas,M2,validacao,persistencia,False,40,40,0,1.388630000000002,0.9000000000000001,1.1784014596053427,0.9954187654882034,calculado,0.0
sinapi_es,Pintura em Superfícies Metálicas,M2,validacao,linear_simples,False,40,40,0,0.7715553476514077,0.6781984405133817,0.8783822332284549,0.9974545588195403,calculado,44.437658148577626
sinapi_es,Pintura em Superfícies Metálicas,M2,validacao,linear_multipla,True,40,40,0,0.46731824399221644,0.5579019061529679,0.683606790481353,0.9984582686047621,calculado,66.34681347859288
sinapi_es,Pintura em Superfícies Metálicas,M2,teste,persistencia,False,120,40,0,0.03520333333333329,0.11566666666666663,0.1876255135458216,0.9998844651896038,calculado,0.0
sinapi_es,Pintura em Superfícies Metálicas,M2,teste,linear_simples,False,120,40,0,0.13957095913823328,0.29525308726617533,0.3735919687817623,0.9995419381412504,calculado,-296.4708620534991
sinapi_es,Pintura em Superfícies Metálicas,M2,teste,linear_multipla,True,120,40,0,0.26244823119664024,0.3877108136385206,0.5122970146278819,0.9991386637639394,calculado,-645.5209673230961
sinapi_es,Pintura para Pisos e para Sinalização Horizontal e Vertical,M,validacao,persistencia,False,9,9,0,0.19608888888888887,0.36444444444444457,0.44281925081108303,0.990887065292153,calculado,0.0
sinapi_es,Pintura para Pisos e para Sinalização Horizontal e Vertical,M,validacao,linear_simples,False,9,9,0,0.11935066411580565,0.2691697845691877,0.34547165457647266,0.9944533582928209,calculado,39.13440746587426
sinapi_es,Pintura para Pisos e para Sinalização Horizontal e Vertical,M,validacao,linear_multipla,True,9,9,0,0.08220004708887046,0.21892883939037194,0.28670550585726545,0.9961798770631656,calculado,58.080211706718366
sinapi_es,Pintura para Pisos e para Sinalização Horizontal e Vertical,M,teste,persistencia,False,27,9,9,0.0012518518518518564,0.01777777777777776,0.035381518506868194,0.9999420589638611,calculado,0.0
sinapi_es,Pintura para Pisos e para Sinalização Horizontal e Vertical,M,teste,linear_simples,False,27,9,9,0.019674381301975984,0.12880700288594163,0.14026539595344242,0.9990893858276111,calculado,-1471.62217500991
sinapi_es,Pintura para Pisos e para Sinalização Horizontal e Vertical,M,teste,linear_multipla,True,27,9,9,0.033740355139461636,0.1533021185346581,0.1836854788475715,0.9984383526424618,calculado,-2595.2354697202986
sinapi_es,Pintura para Pisos e para Sinalização Horizontal e Vertical,M2,validacao,persistencia,False,11,11,0,3.5490363636363664,1.3236363636363637,1.88388862824647,0.9958822823309527,calculado,0.0
sinapi_es,Pintura para Pisos e para Sinalização Horizontal e Vertical,M2,validacao,linear_simples,False,11,11,0,2.2205667671747524,1.0251214089415426,1.4901566250481029,0.9974236198010871,calculado,37.43183952898288
sinapi_es,Pintura para Pisos e para Sinalização Horizontal e Vertical,M2,validacao,linear_multipla,True,11,11,0,1.6484816564861384,0.8642951417097944,1.283932107428636,0.9980873732054246,calculado,53.55128864340254
sinapi_es,Pintura para Pisos e para Sinalização Horizontal e Vertical,M2,teste,persistencia,False,33,11,11,0.08194848484848473,0.16212121212121164,0.2862664577775132,0.9999053035370687,calculado,0.0
sinapi_es,Pintura para Pisos e para Sinalização Horizontal e Vertical,M2,teste,linear_simples,False,33,11,11,0.354594455360895,0.4686382275530155,0.5954783416387996,0.9995902445205693,calculado,-332.70410187144745
sinapi_es,Pintura para Pisos e para Sinalização Horizontal e Vertical,M2,teste,linear_multipla,True,33,11,11,0.4872470329440059,0.5078611746907279,0.6980308252104672,0.9994369563918252,calculado,-494.5772320804725
sinapi_es,Pisos,M,validacao,persistencia,False,11,11,0,10.460309090909067,2.316363636363635,3.2342401102746017,0.9903813555868778,calculado,0.0
sinapi_es,Pisos,M,validacao,linear_simples,False,11,11,0,11.193931955641377,2.4485154557296878,3.345733395780569,0.9897067619962038,calculado,-7.0133956688707455
sinapi_es,Pisos,M,validacao,linear_multipla,True,11,11,0,10.82081724449598,2.431844530124417,3.289501063154712,0.9900498548915114,calculado,-3.446438823688553
sinapi_es,Pisos,M,teste,persistencia,False,12,12,0,2.374433333333347,0.6216666666666685,1.5409196388304442,0.9985053557099137,calculado,0.0
sinapi_es,Pisos,M,teste,linear_simples,False,12,12,0,1.735744121960681,0.5777492314940202,1.3174764217854835,0.9989073940276532,calculado,26.898595231395376
sinapi_es,Pisos,M,teste,linear_multipla,True,12,12,0,2.6938343069434993,0.720146604361427,1.641290439545512,0.9983043010688957,calculado,-13.45167156838055
sinapi_es,Pisos,M2,validacao,persistencia,False,28,28,0,65.16069999999995,5.608571428571428,8.072217786952972,0.995393354383132,calculado,0.0
sinapi_es,Pisos,M2,validacao,linear_simples,True,28,28,0,62.8418563411683,5.374201697544151,7.927285559456547,0.9955572889476342,calculado,3.55865369591126
sinapi_es,Pisos,M2,validacao,linear_multipla,False,28,28,0,64.90739860484867,5.356973605741138,8.05651280672033,0.9954112619525983,calculado,0.38873338553957065
sinapi_es,Pisos,M2,teste,persistencia,False,28,28,1,19.39263214285715,2.389642857142859,4.403706636784193,0.9988974986001771,calculado,0.0
sinapi_es,Pisos,M2,teste,linear_simples,True,28,28,1,15.586659465014515,2.236672172795598,3.947994359800241,0.9991138740861915,calculado,19.62586950448849
sinapi_es,Pisos,M2,teste,linear_multipla,False,28,28,1,15.9723613927691,2.2414975904083425,3.9965436808283603,0.9990919463297048,calculado,17.636959876784083
sinapi_es,Postes de Concreto e Metálicos,UN,validacao,persistencia,False,49,49,0,7029.269393877549,70.80387755102042,83.8407382713055,0.9794511816675475,calculado,0.0
sinapi_es,Postes de Concreto e Metálicos,UN,validacao,linear_simples,True,49,49,0,5367.068206544504,56.771942654956696,73.26027713941917,0.9843103310779034,calculado,23.646855657300772
sinapi_es,Postes de Concreto e Metálicos,UN,validacao,linear_multipla,False,49,49,0,6487.747928959161,57.80343085857498,80.54655752395108,0.9810342233155775,calculado,7.703808668793516
sinapi_es,Postes de Concreto e Metálicos,UN,teste,persistencia,False,147,49,0,591.0013789115646,16.422517006802718,24.310519922691178,0.9983965992584383,calculado,0.0
sinapi_es,Postes de Concreto e Metálicos,UN,teste,linear_simples,True,147,49,0,414.9084182641551,19.365650850863414,20.369300878139022,0.998874343632243,calculado,29.795693704085156
sinapi_es,Postes de Concreto e Metálicos,UN,teste,linear_multipla,False,147,49,0,341.26699471830227,16.402206375832485,18.473413185394364,0.9990741345588574,calculado,42.25614238890494
sinapi_es,Poços de Visita e Caixas para Bocas de Lobo,M,validacao,persistencia,False,76,76,0,23031.333306578945,133.3890789473684,151.76077657477555,0.9855691787476476,calculado,0.0
sinapi_es,Poços de Visita e Caixas para Bocas de Lobo,M,validacao,linear_simples,False,76,76,0,20393.9303685012,125.79309046902142,142.80731902987745,0.9872217053236473,calculado,11.45136889371649
sinapi_es,Poços de Visita e Caixas para Bocas de Lobo,M,validacao,linear_multipla,True,76,76,0,18512.57493039267,119.19460460814393,136.06092359819064,0.98840051263272,calculado,19.620046812033593
sinapi_es,Poços de Visita e Caixas para Bocas de Lobo,M,teste,persistencia,False,228,76,0,1837.0029978070177,30.25548245614035,42.86027295534896,0.9989071328465386,calculado,0.0
sinapi_es,Poços de Visita e Caixas para Bocas de Lobo,M,teste,linear_simples,False,228,76,0,742.2649794923449,21.204345858032678,27.244540361186953,0.9995584127972462,calculado,59.593697975536905
sinapi_es,Poços de Visita e Caixas para Bocas de Lobo,M,teste,linear_multipla,True,228,76,0,3574.2981389459173,50.81251984096805,59.785434170422455,0.9978735837462457,calculado,-94.57225400355104
sinapi_es,Poços de Visita e Caixas para Bocas de Lobo,UN,validacao,persistencia,False,99,99,97,134510.70044949488,285.8728282828282,366.75700463589635,0.9944288615386538,calculado,0.0
sinapi_es,Poços de Visita e Caixas para Bocas de Lobo,UN,validacao,linear_simples,False,99,99,97,119313.24148193751,264.0083055185703,345.41748867412247,0.9950583069871272,calculado,11.298327134400433
sinapi_es,Poços de Visita e Caixas para Bocas de Lobo,UN,validacao,linear_multipla,True,99,99,97,117957.76483512862,263.96852824654286,343.44979958522123,0.9951144478596025,calculado,12.306036292318199
sinapi_es,Poços de Visita e Caixas para Bocas de Lobo,UN,teste,persistencia,False,200,99,0,14459.71203300002,89.05420000000004,120.24854274792698,0.9994274149007901,calculado,0.0
sinapi_es,Poços de Visita e Caixas para Bocas de Lobo,UN,teste,linear_simples,False,200,99,0,19341.600232913213,91.77199370302002,139.07408181581934,0.9992340987107513,calculado,-33.7620015445102
sinapi_es,Poços de Visita e Caixas para Bocas de Lobo,UN,teste,linear_multipla,True,200,99,0,7869.346439827366,59.67506642898983,88.70933682441418,0.9996883844919123,calculado,45.577433202902604
sinapi_es,Produção de Concreto,M3,validacao,persistencia,False,29,29,0,271.9848586206896,16.156206896551723,16.49196345559526,0.9790344215545612,calculado,0.0
sinapi_es,Produção de Concreto,M3,validacao,linear_simples,True,29,29,0,207.28346718935111,14.030656840095647,14.397342365497568,0.9840218392529653,calculado,23.78860049763693
sinapi_es,Produção de Concreto,M3,validacao,linear_multipla,False,29,29,0,226.7287656562631,14.705037518745463,15.057515255056629,0.9825229251866806,calculado,16.63919572359014
sinapi_es,Produção de Concreto,M3,teste,persistencia,False,87,29,0,70.51929999999989,7.706321839080455,8.3975770315014,0.9950869405060915,calculado,0.0
sinapi_es,Produção de Concreto,M3,teste,linear_simples,True,87,29,0,22.906411298594584,3.9325724992763034,4.786064280658439,0.9984041168658518,calculado,67.51752882034475
sinapi_es,Produção de Concreto,M3,teste,linear_multipla,False,87,29,0,178.68307289203506,11.812074803511512,13.367238790866088,0.9875512013353371,calculado,-153.38180170823497
sinapi_es,"Radier, Piso de Concreto e Laje sobre Solo",KG,validacao,persistencia,False,6,6,0,0.2419499999999999,0.49166666666666653,0.4918841326979352,0.7947701761495903,calculado,0.0
sinapi_es,"Radier, Piso de Concreto e Laje sobre Solo",KG,validacao,linear_simples,True,6,6,0,0.054663874911779764,0.2271777842879604,0.2338030686534712,0.9536323313943981,calculado,77.40695395256054
sinapi_es,"Radier, Piso de Concreto e Laje sobre Solo",KG,validacao,linear_multipla,False,6,6,0,0.05501134900973453,0.23310976423047483,0.23454498291316003,0.9533375926140061,calculado,77.26333994224652
sinapi_es,"Radier, Piso de Concreto e Laje sobre Solo",KG,teste,persistencia,False,18,6,0,0.19478333333333356,0.2805555555555556,0.4413426484414729,0.8585577008415293,calculado,0.0
sinapi_es,"Radier, Piso de Concreto e Laje sobre Solo",KG,teste,linear_simples,True,18,6,0,0.45174613792580726,0.5582590770584043,0.67212062751102,0.6719636567937757,calculado,-131.92237764651668
sinapi_es,"Radier, Piso de Concreto e Laje sobre Solo",KG,teste,linear_multipla,False,18,6,0,1.2846359663841806,1.0742656791419056,1.1334178251572455,0.06715907589436698,calculado,-559.5204755972512
sinapi_es,"Radier, Piso de Concreto e Laje sobre Solo",M2,validacao,persistencia,False,17,17,0,4.009335294117661,0.8994117647058815,2.0023324634329986,0.9997561451702106,calculado,0.0
sinapi_es,"Radier, Piso de Concreto e Laje sobre Solo",M2,validacao,linear_simples,True,17,17,0,5.600887581542105,1.4712343342212695,2.366619441638665,0.9996593441586514,calculado,-39.69616334556771
sinapi_es,"Radier, Piso de Concreto e Laje sobre Solo",M2,validacao,linear_multipla,False,17,17,0,8.505160098411986,2.177578328154901,2.9163607627335795,0.9994827011920973,calculado,-112.13391932798493
sinapi_es,"Radier, Piso de Concreto e Laje sobre Solo",M2,teste,persistencia,False,51,17,0,6.18102745098038,1.413333333333333,2.4861672210413324,0.9996335706503422,calculado,0.0
sinapi_es,"Radier, Piso de Concreto e Laje sobre Solo",M2,teste,linear_simples,True,51,17,0,12.49729635843899,2.603040654090538,3.535151532599273,0.9992591237923757,calculado,-102.18800931642485
sinapi_es,"Radier, Piso de Concreto e Laje sobre Solo",M2,teste,linear_multipla,False,51,17,0,24.663880183715765,4.088115078685297,4.966274275925139,0.9985378531890642,calculado,-299.0255726789208
sinapi_es,Rasgos e Fixações,M,validacao,persistencia,False,43,43,0,1.4134720930232552,1.0169767441860464,1.1888953246704501,0.9915687473206437,calculado,0.0
sinapi_es,Rasgos e Fixações,M,validacao,linear_simples,True,43,43,0,1.3110230409542982,0.9919044756182009,1.144999144521208,0.9921798480625809,calculado,7.248042078413458
sinapi_es,Rasgos e Fixações,M,validacao,linear_multipla,False,43,43,0,1.3647658729542356,1.0025876639585063,1.1682319431321142,0.9918592761895794,calculado,3.445856505369169
sinapi_es,Rasgos e Fixações,M,teste,persistencia,False,115,43,0,0.040950434782609034,0.08947826086956534,0.20236213772000194,0.9997695780574726,calculado,0.0
sinapi_es,Rasgos e Fixações,M,teste,linear_simples,True,115,43,0,0.049877499001107634,0.14256951199599285,0.2233327092055878,0.9997193468086663,calculado,-21.79968116550932
sinapi_es,Rasgos e Fixações,M,teste,linear_multipla,False,115,43,0,0.05145194216200154,0.1674985508931861,0.22683020557677397,0.9997104876536058,calculado,-25.644434387915993
sinapi_es,Rasgos e Fixações,UN,validacao,persistencia,False,42,42,0,4.274852380952379,1.4776190476190474,2.0675716144676533,0.992691598247626,calculado,0.0
sinapi_es,Rasgos e Fixações,UN,validacao,linear_simples,True,42,42,0,3.7581792968096943,1.3747747647161077,1.9386024081305826,0.9935749163454339,calculado,12.086337447460046
sinapi_es,Rasgos e Fixações,UN,validacao,linear_multipla,False,42,42,0,3.7951211450628906,1.38144957727912,1.9481070671456666,0.9935117595754569,calculado,11.22217080587496
sinapi_es,Rasgos e Fixações,UN,teste,persistencia,False,126,42,0,0.100583333333333,0.0703968253968254,0.3171487558438989,0.9998299484731328,calculado,0.0
sinapi_es,Rasgos e Fixações,UN,teste,linear_simples,True,126,42,0,0.17412806854061447,0.2727625703707097,0.4172865544690057,0.9997056098366949,calculado,-73.11821230218564
sinapi_es,Rasgos e Fixações,UN,teste,linear_multipla,False,126,42,0,0.22784710713660158,0.323785021610404,0.4773333291700901,0.999614789576197,calculado,-126.52570717806364
sinapi_es,Recomposição de Pavimentos,M2,validacao,persistencia,False,25,25,0,9.942139999999998,3.0395999999999996,3.153115919213881,0.9655315752257404,calculado,0.0
sinapi_es,Recomposição de Pavimentos,M2,validacao,linear_simples,False,25,25,0,8.760414628752605,2.86491798257593,2.959799761597498,0.9696285012459609,calculado,11.886026260416712
sinapi_es,Recomposição de Pavimentos,M2,validacao,linear_multipla,True,25,25,0,8.174678575186363,2.768235901488986,2.859139481589935,0.9716591907252802,calculado,17.77747471684804
sinapi_es,Recomposição de Pavimentos,M2,teste,persistencia,False,75,25,0,0.5328933333333327,0.5959999999999999,0.7299954337756728,0.9981724968173201,calculado,0.0
sinapi_es,Recomposição de Pavimentos,M2,teste,linear_simples,False,75,25,0,0.16875343755668448,0.3241000929935436,0.41079610216831963,0.9994212773458923,calculado,68.33260485712876
sinapi_es,Recomposição de Pavimentos,M2,teste,linear_multipla,True,75,25,0,1.5051352388964259,0.8711507869055519,1.2268395326596,0.9948382926424673,calculado,-182.44587514007077
sinapi_es,Recomposição de Pavimentos,M3,validacao,persistencia,False,29,29,0,119.53161034482758,8.832758620689654,10.933051282456677,0.9992318159965393,calculado,0.0
sinapi_es,Recomposição de Pavimentos,M3,validacao,linear_simples,True,29,29,0,173.02614305448088,9.125765627168757,13.15394021023666,0.9988880270675554,calculado,-44.75346107638894
sinapi_es,Recomposição de Pavimentos,M3,validacao,linear_multipla,False,29,29,0,185.06960496254231,9.265969304716808,13.604028997416254,0.9988106283379862,calculado,-54.8290066775217
sinapi_es,Recomposição de Pavimentos,M3,teste,persistencia,False,87,29,0,1373.7870298850578,6.027126436781609,37.06463314110984,0.9928423542364524,calculado,0.0
sinapi_es,Recomposição de Pavimentos,M3,teste,linear_simples,True,87,29,0,1531.816467014707,6.7030741503212,39.13842698697416,0.9920189960982689,calculado,-11.503197634852567
sinapi_es,Recomposição de Pavimentos,M3,teste,linear_multipla,False,87,29,0,1633.0665829676925,7.284086017166916,40.411218528617674,0.9914914671234392,calculado,-18.873344080437867
sinapi_es,Redes Enterradas de Distribuição Elétrica,M,validacao,persistencia,False,19,19,0,39.94545263157895,3.983157894736844,6.320241501048749,0.9961630380627483,calculado,0.0
sinapi_es,Redes Enterradas de Distribuição Elétrica,M,validacao,linear_simples,True,19,19,0,40.06553207944195,3.9173550641223414,6.329733965929528,0.9961515038269206,calculado,-0.3006085547972229
sinapi_es,Redes Enterradas de Distribuição Elétrica,M,validacao,linear_multipla,False,19,19,0,72.48765027543492,5.192498225347291,8.513967951280701,0.9930371960585126,calculado,-81.4665888104862
sinapi_es,Redes Enterradas de Distribuição Elétrica,M,teste,persistencia,False,57,19,0,33.50495964912281,2.1819298245614034,5.788346883966337,0.9973302847045311,calculado,0.0
sinapi_es,Redes Enterradas de Distribuição Elétrica,M,teste,linear_simples,True,57,19,0,28.643750157923733,2.151920556733113,5.351985627589421,0.9977176316964107,calculado,14.50892507290737
sinapi_es,Redes Enterradas de Distribuição Elétrica,M,teste,linear_multipla,False,57,19,0,22.840030551119785,2.2064660592524152,4.779124454449767,0.9981800790226322,calculado,31.83089670810047
sinapi_es,Redes Enterradas de Distribuição Elétrica,UN,validacao,persistencia,False,10,10,0,3.967559999999998,1.892,1.9918734899586363,0.9922338738408195,calculado,0.0
sinapi_es,Redes Enterradas de Distribuição Elétrica,UN,validacao,linear_simples,False,10,10,0,2.5157104527665544,1.514401057888545,1.5860991308132524,0.9950757330056371,calculado,36.59300797551756
sinapi_es,Redes Enterradas de Distribuição Elétrica,UN,validacao,linear_multipla,True,10,10,0,2.4439247418245156,1.4972072318138476,1.5633057096500722,0.9952162467943643,calculado,38.402324304496545
sinapi_es,Redes Enterradas de Distribuição Elétrica,UN,teste,persistencia,False,30,10,0,0.051993333333333426,0.10533333333333322,0.22802046691762876,0.9998996270415295,calculado,0.0
sinapi_es,Redes Enterradas de Distribuição Elétrica,UN,teste,linear_simples,False,30,10,0,0.27025124855254073,0.46294379727332413,0.5198569500858297,0.9994782808562459,calculado,-419.7805780597646
sinapi_es,Redes Enterradas de Distribuição Elétrica,UN,teste,linear_multipla,True,30,10,0,0.4169449276221963,0.5746377798803006,0.6457127284034258,0.9991950891927539,calculado,-701.9199787579091
sinapi_es,"Redes de Lógica, Telefonia e Imagem",M,validacao,persistencia,False,45,45,0,0.08243333333333328,0.23622222222222208,0.2871120571019846,0.9997662149533274,calculado,0.0
sinapi_es,"Redes de Lógica, Telefonia e Imagem",M,validacao,linear_simples,True,45,45,0,0.19270569102144317,0.2570742521898251,0.43898256345946496,0.9994534770444459,calculado,-133.7715620963728
sinapi_es,"Redes de Lógica, Telefonia e Imagem",M,validacao,linear_multipla,False,45,45,0,0.22588776289670526,0.2716862986926145,0.47527651203978644,0.9993593710328561,calculado,-174.02478313389253
sinapi_es,"Redes de Lógica, Telefonia e Imagem",M,teste,persistencia,False,135,45,4,0.6821318518518517,0.32399999999999984,0.8259127386424377,0.9982547377229363,calculado,0.0
sinapi_es,"Redes de Lógica, Telefonia e Imagem",M,teste,linear_simples,True,135,45,4,0.3356302954133749,0.2576927226393313,0.579336081573878,0.9991412761447299,calculado,50.796859213918
sinapi_es,"Redes de Lógica, Telefonia e Imagem",M,teste,linear_multipla,False,135,45,4,0.288630687724273,0.24890736718190098,0.5372436018458229,0.9992615265656917,calculado,57.68696521930498
sinapi_es,"Redes de Lógica, Telefonia e Imagem",UN,validacao,persistencia,False,16,16,0,327.81883124999854,10.578124999999972,18.10576790003668,0.9997547098041376,calculado,0.0
sinapi_es,"Redes de Lógica, Telefonia e Imagem",UN,validacao,linear_simples,False,16,16,0,222.49690627333985,11.149710592241203,14.916330187862558,0.9998335168559095,calculado,32.128088729698064
sinapi_es,"Redes de Lógica, Telefonia e Imagem",UN,validacao,linear_multipla,True,16,16,0,221.29634219164325,11.474332600461626,14.876032474811396,0.9998344151770878,calculado,32.494316648063446
sinapi_es,"Redes de Lógica, Telefonia e Imagem",UN,teste,persistencia,False,48,16,4,7.085024999999997,1.2258333333333329,2.6617710269668198,0.9999946875445224,calculado,0.0
sinapi_es,"Redes de Lógica, Telefonia e Imagem",UN,teste,linear_simples,False,48,16,4,58.261703218120545,5.840313560096486,7.63293542604158,0.9999563145219108,calculado,-722.3217732911397
sinapi_es,"Redes de Lógica, Telefonia e Imagem",UN,teste,linear_multipla,True,48,16,4,67.04717890500476,6.249167420427246,8.1882341750224,0.9999497270436116,calculado,-846.3224040141677
sinapi_es,Redes de Água e Esgoto em PEAD Liso (Tubos e Conexões),M,validacao,persistencia,False,12,12,0,1.2724416666662133,0.7958333333332006,1.128025561175904,0.9999996781835528,calculado,0.0
sinapi_es,Redes de Água e Esgoto em PEAD Liso (Tubos e Conexões),M,validacao,linear_simples,False,12,12,0,1.3145014698944069,0.805418055080652,1.1465171040566324,0.9999996675461014,calculado,-3.305440581680253
sinapi_es,Redes de Água e Esgoto em PEAD Liso (Tubos e Conexões),M,validacao,linear_multipla,True,12,12,0,1.1590018135490088,0.7532840814406377,1.0765694652687343,0.9999997068739136,calculado,8.91513191440956
sinapi_es,Redes de Água e Esgoto em PEAD Liso (Tubos e Conexões),M,teste,persistencia,False,36,12,0,16297.751255555564,62.47333333333334,127.66264628134404,0.9957592536827281,calculado,0.0
sinapi_es,Redes de Água e Esgoto em PEAD Liso (Tubos e Conexões),M,teste,linear_simples,False,36,12,0,16310.1876839705,62.45117856729814,127.71134516545702,0.9957560176695399,calculado,-0.07630763422467071
sinapi_es,Redes de Água e Esgoto em PEAD Liso (Tubos e Conexões),M,teste,linear_multipla,True,36,12,0,16311.443274736559,62.41332113797047,127.71626080784138,0.9957556909593188,calculado,-0.0840117079117136
sinapi_es,Redes de Água e Esgoto em PEAD Liso (Tubos e Conexões),UN,validacao,persistencia,False,46,46,0,35.36185869565201,4.612826086956506,5.946583783623335,0.9998918025532267,calculado,0.0
sinapi_es,Redes de Água e Esgoto em PEAD Liso (Tubos e Conexões),UN,validacao,linear_simples,False,46,46,0,32.09179013991849,4.249512252342627,5.6649616185741705,0.9999018080529815,calculado,9.247445344652094
sinapi_es,Redes de Água e Esgoto em PEAD Liso (Tubos e Conexões),UN,validacao,linear_multipla,True,46,46,0,31.833677079206293,4.226066697664477,5.642134089084227,0.9999025978071171,calculado,9.977364727379369
sinapi_es,Redes de Água e Esgoto em PEAD Liso (Tubos e Conexões),UN,teste,persistencia,False,138,46,0,717.2439847826085,5.888623188405798,26.781411179820388,0.9977384395089289,calculado,0.0
sinapi_es,Redes de Água e Esgoto em PEAD Liso (Tubos e Conexões),UN,teste,linear_simples,False,138,46,0,727.2288773818992,6.534377354278438,26.967181487539612,0.9977069558867735,calculado,-1.3921193918854575
sinapi_es,Redes de Água e Esgoto em PEAD Liso (Tubos e Conexões),UN,teste,linear_multipla,True,138,46,0,727.0589965591837,6.525077929513377,26.964031533863473,0.9977074915423733,calculado,-1.36843417091187
sinapi_es,Revestimentos Cerâmicos Externos,M2,validacao,persistencia,False,8,8,0,1.5134750000000077,1.0475000000000065,1.2302337176325513,0.9993856732022391,calculado,0.0
sinapi_es,Revestimentos Cerâmicos Externos,M2,validacao,linear_simples,True,8,8,0,3.3472135832466368,1.6883825333976539,1.8295391723728238,0.998641349872302,calculado,-121.16081093157268
sinapi_es,Revestimentos Cerâmicos Externos,M2,validacao,linear_multipla,False,8,8,0,3.5487716553200035,1.4661757843831964,1.8838183711069396,0.9985595364792961,calculado,-134.47837957812223
sinapi_es,Revestimentos Cerâmicos Externos,M2,teste,persistencia,False,24,8,0,51.582825000000106,5.776666666666671,7.182118420076357,0.9819156922199553,calculado,0.0
sinapi_es,Revestimentos Cerâmicos Externos,M2,teste,linear_simples,True,24,8,0,56.52068693787796,6.293594680151311,7.518024137888755,0.9801845381961121,calculado,-9.572686137057916
sinapi_es,Revestimentos Cerâmicos Externos,M2,teste,linear_multipla,False,24,8,0,149.5598778457746,8.506505725766871,12.229467602711681,0.9475661353850071,calculado,-189.94123110894816
sinapi_es,Revestimentos Cerâmicos Internos,M,validacao,persistencia,False,4,4,0,0.016424999999999877,0.1274999999999995,0.12816005617976248,0.9962041716557929,calculado,0.0
sinapi_es,Revestimentos Cerâmicos Internos,M,validacao,linear_simples,False,4,4,0,0.027619218912436072,0.16568068703874284,0.1661903093216812,0.9936171802744179,calculado,-68.15353980174295
sinapi_es,Revestimentos Cerâmicos Internos,M,validacao,linear_multipla,True,4,4,0,0.008004129174884243,0.08603178108011855,0.08946579891156309,0.9981502404631525,calculado,51.2686199398216
sinapi_es,Revestimentos Cerâmicos Internos,M,teste,persistencia,False,12,4,0,0.05858333333333345,0.18833333333333369,0.242039941607441,0.9882239213811347,calculado,0.0
sinapi_es,Revestimentos Cerâmicos Internos,M,teste,linear_simples,False,12,4,0,0.06129945281989386,0.19529490538645988,0.2475872630405164,0.987677942946791,calculado,-4.636334827699119
sinapi_es,Revestimentos Cerâmicos Internos,M,teste,linear_multipla,True,12,4,0,0.14651066180049027,0.24026964768013545,0.38276711170173733,0.9705492846907898,calculado,-150.0893231302816
sinapi_es,Revestimentos Cerâmicos Internos,M2,validacao,persistencia,False,38,38,0,1.9702026315789511,1.1997368421052637,1.403639067416888,0.9995595053719074,calculado,0.0
sinapi_es,Revestimentos Cerâmicos Internos,M2,validacao,linear_simples,False,38,38,0,2.5806949652120763,1.3962162123870936,1.6064541590758437,0.9994230125111494,calculado,-30.98627135341237
sinapi_es,Revestimentos Cerâmicos Internos,M2,validacao,linear_multipla,True,38,38,0,2.0970765148365262,1.1507256313343297,1.4481286251008667,0.9995311391200689,calculado,-6.439636270097578
sinapi_es,Revestimentos Cerâmicos Internos,M2,teste,persistencia,False,114,38,0,8.933814912280694,1.8895614035087722,2.9889487971995594,0.9982397824592499,calculado,0.0
sinapi_es,Revestimentos Cerâmicos Internos,M2,teste,linear_simples,False,114,38,0,9.745669874479553,1.9898217425499962,3.12180554719213,0.998079823767578,calculado,-9.087438794851895
sinapi_es,Revestimentos Cerâmicos Internos,M2,teste,linear_multipla,True,114,38,0,23.84210753844274,2.4693631733116312,4.882838061869627,0.9953024216071539,calculado,-166.8748767748552
sinapi_es,Sinalização Vertical Viária,UN,validacao,persistencia,False,4,4,0,25.308350000000008,4.855,5.0307405021527405,0.9358192546293633,calculado,0.0
sinapi_es,Sinalização Vertical Viária,UN,validacao,linear_simples,False,4,4,0,19.468323081881984,4.194638224230307,4.412292270677678,0.9506292790122013,calculado,23.075494523025096
sinapi_es,Sinalização Vertical Viária,UN,validacao,linear_multipla,True,4,4,0,16.754828028690596,3.8896455741864813,4.093266181021043,0.9575105705651219,calculado,33.79723281568893
sinapi_es,Sinalização Vertical Viária,UN,teste,persistencia,False,12,4,0,0.28070000000000256,0.45666666666667055,0.5298112871579866,0.9992904632878998,calculado,0.0
sinapi_es,Sinalização Vertical Viária,UN,teste,linear_simples,False,12,4,0,1.0983771633907737,0.9272172612620212,1.0480349056165896,0.9972235877407972,calculado,-291.2993100786475
sinapi_es,Sinalização Vertical Viária,UN,teste,linear_multipla,True,12,4,0,1.4426849358912648,1.1796156033036667,1.201118202297869,0.9963532670965132,calculado,-413.95972065951247
sinapi_es,Sistema de Proteção contra Descargas Atmosféricas - SPDA,M,validacao,persistencia,False,7,7,0,30.64497142857144,5.271428571428571,5.535790045564539,0.9745179608524254,calculado,0.0
sinapi_es,Sistema de Proteção contra Descargas Atmosféricas - SPDA,M,validacao,linear_simples,True,7,7,0,28.847300045537576,5.116572847253314,5.3709682595913355,0.9760127683337675,calculado,5.866121909181582
sinapi_es,Sistema de Proteção contra Descargas Atmosféricas - SPDA,M,validacao,linear_multipla,False,7,7,0,45.39050032655913,6.463059450820067,6.737247236561764,0.9622566949052204,calculado,-48.117287145648575
sinapi_es,Sistema de Proteção contra Descargas Atmosféricas - SPDA,M,teste,persistencia,False,21,7,0,15.143309523809487,2.278571428571427,3.8914405460972272,0.9888496365671322,calculado,0.0
sinapi_es,Sistema de Proteção contra Descargas Atmosféricas - SPDA,M,teste,linear_simples,True,21,7,0,11.865737805513376,2.2713012812047206,3.4446680254435806,0.9912629872140849,calculado,21.64369494754669
sinapi_es,Sistema de Proteção contra Descargas Atmosféricas - SPDA,M,teste,linear_multipla,False,21,7,0,8.487132683554714,2.352711540467006,2.9132683850882524,0.9937507310554662,calculado,43.954571685861765
sinapi_es,Sistema de Proteção contra Descargas Atmosféricas - SPDA,UN,validacao,persistencia,False,15,15,0,5.808553333333337,1.8566666666666665,2.4100940507236097,0.9977893985639317,calculado,0.0
sinapi_es,Sistema de Proteção contra Descargas Atmosféricas - SPDA,UN,validacao,linear_simples,False,15,15,0,4.799156036709282,1.6387257054502204,2.1906976141652414,0.9981735518953087,calculado,17.37777444224301
sinapi_es,Sistema de Proteção contra Descargas Atmosféricas - SPDA,UN,validacao,linear_multipla,True,15,15,0,3.629822682926298,1.4324555023957852,1.9052093540937431,0.9986185732014368,calculado,37.509006552527204
sinapi_es,Sistema de Proteção contra Descargas Atmosféricas - SPDA,UN,teste,persistencia,False,45,15,0,0.35990444444444586,0.2988888888888887,0.5999203650856052,0.9998681646575986,calculado,0.0
sinapi_es,Sistema de Proteção contra Descargas Atmosféricas - SPDA,UN,teste,linear_simples,False,45,15,0,0.5253743145431081,0.4624374001976251,0.7248270928594682,0.9998075519663182,calculado,-45.97605632630743
sinapi_es,Sistema de Proteção contra Descargas Atmosféricas - SPDA,UN,teste,linear_multipla,True,45,15,0,1.0157398849100732,0.615996395953844,1.0078392158028349,0.9996279278636735,calculado,-182.22487957268353
sinapi_es,Sistemas de Medição,UN,validacao,persistencia,False,46,46,0,348.3041282608694,15.739347826086954,18.66290781901013,0.9992317102782186,calculado,0.0
sinapi_es,Sistemas de Medição,UN,validacao,linear_simples,True,46,46,0,251.76301600053202,10.055901831931683,15.86704181631006,0.9994446607954843,calculado,27.71747574235783
sinapi_es,Sistemas de Medição,UN,validacao,linear_multipla,False,46,46,0,337.7228900711556,10.357624954778885,18.37723836900299,0.9992550503878678,calculado,3.0379307424656146
sinapi_es,Sistemas de Medição,UN,teste,persistencia,False,138,46,0,783.1563536231896,13.098405797101455,27.984930831131056,0.9980820240972906,calculado,0.0
sinapi_es,Sistemas de Medição,UN,teste,linear_simples,True,138,46,0,1271.587106919189,22.09941430384384,35.65932005688259,0.9968858409716225,calculado,-62.36695278488471
sinapi_es,Sistemas de Medição,UN,teste,linear_multipla,False,138,46,0,1894.1910211247698,24.679174409132607,43.5223048691676,0.9953610633217264,calculado,-141.8662649369435
sinapi_es,Solda de Topo em Elementos de Aço,M,validacao,persistencia,False,6,6,0,6.367250000000006,2.3083333333333322,2.5233410391780193,0.997354726462553,calculado,0.0
sinapi_es,Solda de Topo em Elementos de Aço,M,validacao,linear_simples,True,6,6,0,5.472366271726009,2.1372218952949047,2.339308930373671,0.9977265058406981,calculado,14.054477651639184
sinapi_es,Solda de Topo em Elementos de Aço,M,validacao,linear_multipla,False,6,6,0,15.532187066961496,3.2107187715923167,3.941089578652266,0.9935471540418688,calculado,-143.93870300304656
sinapi_es,Solda de Topo em Elementos de Aço,M,teste,persistencia,False,18,6,0,0.11086111111111065,0.15722222222222212,0.3329581221581937,0.9999543565739901,calculado,0.0
sinapi_es,Solda de Topo em Elementos de Aço,M,teste,linear_simples,True,18,6,0,0.27176222034361214,0.4799222882297545,0.5213081817347701,0.9998881108201766,calculado,-145.13755781433423
sinapi_es,Solda de Topo em Elementos de Aço,M,teste,linear_multipla,False,18,6,0,0.8274570849099461,0.8053334886045849,0.9096466813603764,0.9996593216877143,calculado,-646.3907556190976
sinapi_es,Supressão Vegetal,UN,validacao,persistencia,False,10,10,0,376.53960000000063,15.264000000000014,19.40462831388431,0.9920113814154458,calculado,0.0
sinapi_es,Supressão Vegetal,UN,validacao,linear_simples,False,10,10,0,339.09343051876823,14.428503943061008,18.41448968933889,0.9928058348154019,calculado,9.944815759413443
sinapi_es,Supressão Vegetal,UN,validacao,linear_multipla,True,10,10,0,327.9301018254908,14.311675946596669,18.108840432934706,0.9930426746459659,calculado,12.909531474115804
sinapi_es,Supressão Vegetal,UN,teste,persistencia,False,30,10,0,12.907019999999937,1.5686666666666658,3.5926341311076944,0.9997373543000283,calculado,0.0
sinapi_es,Supressão Vegetal,UN,teste,linear_simples,False,30,10,0,10.808776204764103,2.433916851342612,3.287670330912773,0.9997800515849408,calculado,16.256609157155136
sinapi_es,Supressão Vegetal,UN,teste,linear_multipla,True,30,10,0,21.40222248662035,2.9366503332523255,4.62625361244067,0.9995644849309951,calculado,-65.81846535157189
sinapi_es,Telhamento para Cobertura,M,validacao,persistencia,False,15,15,0,19.404206666666678,2.086000000000001,4.405020620458737,0.9927975786613136,calculado,0.0
sinapi_es,Telhamento para Cobertura,M,validacao,linear_simples,True,15,15,0,16.829716290049394,1.7680620645643472,4.102403720996922,0.993753173741459,calculado,13.26769200536215
sinapi_es,Telhamento para Cobertura,M,validacao,linear_multipla,False,15,15,0,24.541882599226767,2.5534119252048484,4.95397644314411,0.9908905846056641,calculado,-26.47712437213831
sinapi_es,Telhamento para Cobertura,M,teste,persistencia,False,45,15,0,2.717542222222211,1.0697777777777762,1.6484969585116653,0.9990457268898104,calculado,0.0
sinapi_es,Telhamento para Cobertura,M,teste,linear_simples,True,45,15,0,3.2661158634622813,1.0581587941798167,1.8072398466894983,0.9988530936087106,calculado,-20.186388890454328
sinapi_es,Telhamento para Cobertura,M,teste,linear_multipla,False,45,15,0,2.625843188864634,0.9688081924672133,1.620445367442122,0.9990779272806812,calculado,3.3743370243790527
sinapi_es,Telhamento para Cobertura,M2,validacao,persistencia,False,26,26,0,1.7007884615384639,1.2073076923076937,1.3041428071873356,0.9999304763516358,calculado,0.0
sinapi_es,Telhamento para Cobertura,M2,validacao,linear_simples,False,26,26,0,2.405113817659508,1.1977911390965281,1.5508429377791642,0.9999016854293663,calculado,-41.411696518915726
sinapi_es,Telhamento para Cobertura,M2,validacao,linear_multipla,True,26,26,0,1.9810358930954264,1.26168435401983,1.4074927683989806,0.999919020591953,calculado,-16.477500753001472
sinapi_es,Telhamento para Cobertura,M2,teste,persistencia,False,78,26,0,19.23387435897438,1.4105128205128223,4.385644121332051,0.9992468266147684,calculado,0.0
sinapi_es,Telhamento para Cobertura,M2,teste,linear_simples,False,78,26,0,14.271137655037156,1.457659479567928,3.777715930961082,0.9994411608988318,calculado,25.80206468709539
sinapi_es,Telhamento para Cobertura,M2,teste,linear_multipla,True,78,26,0,31.40963930402043,2.1606277220981713,5.60443032823323,0.998770039570708,calculado,-63.303756267727366
sinapi_es,Transformadores,UN,validacao,persistencia,False,12,12,0,1021438.3202333329,723.8499999999996,1010.6623176082766,0.9992548914778749,calculado,0.0
sinapi_es,Transformadores,UN,validacao,linear_simples,False,12,12,0,1122525.93122227,756.058000372535,1059.4932426505939,0.999181151107128,calculado,-9.896594731813574
sinapi_es,Transformadores,UN,validacao,linear_multipla,True,12,12,0,895471.1917827328,677.1074521018376,946.2933962480837,0.9993467807080486,calculado,12.33232843876708
sinapi_es,Transformadores,UN,teste,persistencia,False,36,12,0,289371.5040249984,342.6152777777771,537.9326203392005,0.9997840632318393,calculado,0.0
sinapi_es,Transformadores,UN,teste,linear_simples,False,36,12,0,330652.23003237724,362.25135457220205,575.0236778015121,0.9997532584482398,calculado,-14.265650015010687
sinapi_es,Transformadores,UN,teste,linear_multipla,True,36,12,0,84001.80475943047,166.74824804397915,289.83064841288,0.9999373156029978,calculado,70.97094786770238
sinapi_es,Transporte de Materiais dentro do Canteiro de Obras,KG,validacao,persistencia,False,3,3,0,6.666666666666668e-05,0.006666666666666668,0.008164965809277261,0.5714285714285714,calculado,0.0
sinapi_es,Transporte de Materiais dentro do Canteiro de Obras,KG,validacao,linear_simples,True,3,3,0,6.666666666666671e-05,0.006666666666666669,0.008164965809277263,0.5714285714285712,calculado,-4.0657581468206404e-14
sinapi_es,Transporte de Materiais dentro do Canteiro de Obras,KG,validacao,linear_multipla,False,3,3,0,6.666666666666664e-05,0.006666666666666667,0.00816496580927726,0.5714285714285716,calculado,6.098637220230961e-14
sinapi_es,Transporte de Materiais dentro do Canteiro de Obras,KG,teste,persistencia,False,6,3,3,0.0,0.0,0.0,1.0,calculado,
sinapi_es,Transporte de Materiais dentro do Canteiro de Obras,KG,teste,linear_simples,True,6,3,3,4.829092130679389e-07,0.000687830687830684,0.0006949166950562771,0.9968955836302775,calculado,
sinapi_es,Transporte de Materiais dentro do Canteiro de Obras,KG,teste,linear_multipla,False,6,3,3,2.640836856004405e-06,0.0013403880070546731,0.001625065185155477,0.9830231916399716,calculado,
sinapi_es,Transporte de Materiais dentro do Canteiro de Obras,KGXKM,validacao,persistencia,False,15,15,0,0.10067333333333334,0.214,0.31729061337098097,0.9892049662445206,calculado,0.0
sinapi_es,Transporte de Materiais dentro do Canteiro de Obras,KGXKM,validacao,linear_simples,False,15,15,0,0.08397595708227358,0.19468848442253683,0.2897860539816807,0.9909953980727916,calculado,16.585699209714345
sinapi_es,Transporte de Materiais dentro do Canteiro de Obras,KGXKM,validacao,linear_multipla,True,15,15,0,0.07843527403719358,0.18825423618529294,0.2800629822686204,0.9915895162818511,calculado,22.08932451109836
sinapi_es,Transporte de Materiais dentro do Canteiro de Obras,KGXKM,teste,persistencia,False,30,15,15,0.05205666666666669,0.11100000000000002,0.22815930107419835,0.9948324367057875,calculado,0.0
sinapi_es,Transporte de Materiais dentro do Canteiro de Obras,KGXKM,teste,linear_simples,False,30,15,15,0.03522429474036757,0.11100000000000002,0.18768136492568346,0.9965033532836362,calculado,32.334709469742805
sinapi_es,Transporte de Materiais dentro do Canteiro de Obras,KGXKM,teste,linear_multipla,True,30,15,15,0.028531474563558274,0.09089067316805487,0.16891262405030086,0.9971677364279106,calculado,45.191506889495564
sinapi_es,Transporte de Materiais dentro do Canteiro de Obras,LXKM,validacao,persistencia,False,4,4,0,0.017475000000000004,0.10250000000000004,0.13219304066402288,0.9810808799150128,calculado,0.0
sinapi_es,Transporte de Materiais dentro do Canteiro de Obras,LXKM,validacao,linear_simples,False,4,4,0,0.014667817083543817,0.09460562794657877,0.12111076369812808,0.9841200461923781,calculado,16.063993799463155
sinapi_es,Transporte de Materiais dentro do Canteiro de Obras,LXKM,validacao,linear_multipla,True,4,4,0,0.013719191843792888,0.09169469602838731,0.11712895390889858,0.9851470650665697,calculado,21.492464413202374
sinapi_es,Transporte de Materiais dentro do Canteiro de Obras,LXKM,teste,persistencia,False,8,4,4,0.032449999999999986,0.10499999999999997,0.18013883534651817,0.9642231436707455,calculado,0.0
sinapi_es,Transporte de Materiais dentro do Canteiro de Obras,LXKM,teste,linear_simples,False,8,4,4,0.029208084251883152,0.1039326361485791,0.17090372802219134,0.9677974288464596,calculado,9.99049537170057
sinapi_es,Transporte de Materiais dentro do Canteiro de Obras,LXKM,teste,linear_multipla,True,8,4,4,0.028434380467045998,0.09548601939276063,0.16862496988004474,0.9686504547062907,calculado,12.37479054839442
sinapi_es,Transporte de Materiais dentro do Canteiro de Obras,M2,validacao,persistencia,False,3,3,0,0.009533333333333326,0.09333333333333331,0.09763879010584536,0.9347726927170443,calculado,0.0
sinapi_es,Transporte de Materiais dentro do Canteiro de Obras,M2,validacao,linear_simples,False,3,3,0,0.008011513372013281,0.08530999440544569,0.08950705766593649,0.9451850233023267,calculado,15.963146447413072
sinapi_es,Transporte de Materiais dentro do Canteiro de Obras,M2,validacao,linear_multipla,True,3,3,0,0.007503625029162755,0.08262120028517435,0.08662346696572908,0.9486600081629429,calculado,21.290646547243764
sinapi_es,Transporte de Materiais dentro do Canteiro de Obras,M2,teste,persistencia,False,6,3,3,0.0038833333333333346,0.041666666666666664,0.06231639698613307,0.9756161373031238,calculado,0.0
sinapi_es,Transporte de Materiais dentro do Canteiro de Obras,M2,teste,linear_simples,False,6,3,3,0.0025249675575259984,0.041666666666666664,0.05024905528988578,0.9841454603682109,calculado,34.97937620104727
sinapi_es,Transporte de Materiais dentro do Canteiro de Obras,M2,teste,linear_multipla,True,6,3,3,0.0019689130854013363,0.03367695987977293,0.04437243609946761,0.9876369854927445,calculado,49.29837548322741
sinapi_es,Transporte de Materiais dentro do Canteiro de Obras,M2XKM,validacao,persistencia,False,14,14,0,26.58964285714284,3.285714285714285,5.156514603600269,0.9898498900348858,calculado,0.0
sinapi_es,Transporte de Materiais dentro do Canteiro de Obras,M2XKM,validacao,linear_simples,False,14,14,0,22.206247094967495,2.9919719206594064,4.712350485157858,0.9915231712160485,calculado,16.485350276142672
sinapi_es,Transporte de Materiais dentro do Canteiro de Obras,M2XKM,validacao,linear_multipla,True,14,14,0,20.753415289125403,2.8943848218522183,4.55559165083147,0.9920777631926817,calculado,21.949251441147652
sinapi_es,Transporte de Materiais dentro do Canteiro de Obras,M2XKM,teste,persistencia,False,28,14,14,45.87839999999999,3.007857142857142,6.77335958000164,0.9807399658944221,calculado,0.0
sinapi_es,Transporte de Materiais dentro do Canteiro de Obras,M2XKM,teste,linear_simples,False,28,14,14,49.28645824316519,3.268143332629639,7.020431485540272,0.9793092421116146,calculado,-7.4284592382585295
sinapi_es,Transporte de Materiais dentro do Canteiro de Obras,M2XKM,teste,linear_multipla,True,28,14,14,50.10533663539669,3.0684111121095303,7.078512317951893,0.9789654719329968,calculado,-9.21334797071541
sinapi_es,Transporte de Materiais dentro do Canteiro de Obras,M3XKM,validacao,persistencia,False,3,3,0,11773.756866666648,92.97333333333324,108.50694386382213,0.9652810802455203,calculado,0.0
sinapi_es,Transporte de Materiais dentro do Canteiro de Obras,M3XKM,validacao,linear_simples,False,3,3,0,9864.139588067175,85.1486807936263,99.31837487628951,0.9709122351783326,calculado,16.21926883852935
sinapi_es,Transporte de Materiais dentro do Canteiro de Obras,M3XKM,validacao,linear_multipla,True,3,3,0,9199.294621838397,82.51579571977179,95.91295335791926,0.9728727563011204,calculado,21.86610674895927
sinapi_es,Transporte de Materiais dentro do Canteiro de Obras,M3XKM,teste,persistencia,False,6,3,3,31232.40934999999,107.93833333333332,176.7269344214401,0.8918831993717274,calculado,0.0
sinapi_es,Transporte de Materiais dentro do Canteiro de Obras,M3XKM,teste,linear_simples,False,6,3,3,28978.754533402298,106.77366101901417,170.23147339256127,0.8996846451635181,calculado,7.215757168595427
sinapi_es,Transporte de Materiais dentro do Canteiro de Obras,M3XKM,teste,linear_multipla,True,6,3,3,28682.512303835236,99.91275884627476,169.35912229294067,0.9007101428032567,calculado,8.164266219713708
sinapi_es,Transporte de Materiais dentro do Canteiro de Obras,MXKM,validacao,persistencia,False,27,27,0,2.7457888888888884,1.2418518518518513,1.65704221095568,0.9865906966691163,calculado,0.0
sinapi_es,Transporte de Materiais dentro do Canteiro de Obras,MXKM,validacao,linear_simples,False,27,27,0,2.2925220155815316,1.1305507913542727,1.5141076631407462,0.9888042656068503,calculado,16.507710230074384
sinapi_es,Transporte de Materiais dentro do Canteiro de Obras,MXKM,validacao,linear_multipla,True,27,27,0,2.1419952060637604,1.0934396397443196,1.4635556723485992,0.9895393766186334,calculado,21.989807201436353
sinapi_es,Transporte de Materiais dentro do Canteiro de Obras,MXKM,teste,persistencia,False,54,27,27,9.737451851851851,1.0022222222222226,3.120489040495392,0.95792110329751,calculado,0.0
sinapi_es,Transporte de Materiais dentro do Canteiro de Obras,MXKM,teste,linear_simples,False,54,27,27,9.053088288480453,1.0022222222222226,3.0088350384294005,0.9608784749105543,calculado,7.02815863722343
sinapi_es,Transporte de Materiais dentro do Canteiro de Obras,MXKM,teste,linear_multipla,True,54,27,27,8.804050829936596,0.8871744977880776,2.967162083529748,0.9619546518870931,calculado,9.585680485164533
sinapi_es,Transporte de Materiais dentro do Canteiro de Obras,UN,validacao,persistencia,False,5,5,0,0.013039999999999993,0.09199999999999997,0.11419281938896154,0.9816983483601496,calculado,0.0
sinapi_es,Transporte de Materiais dentro do Canteiro de Obras,UN,validacao,linear_simples,False,5,5,0,0.010859698273706853,0.08308929268434899,0.10420987608526772,0.9847584037791972,calculado,16.720105262984205
sinapi_es,Transporte de Materiais dentro do Canteiro de Obras,UN,validacao,linear_multipla,True,5,5,0,0.010132723322320313,0.08011648388952,0.10066142916887437,0.9857787137723854,calculado,22.295066546623325
sinapi_es,Transporte de Materiais dentro do Canteiro de Obras,UN,teste,persistencia,False,10,5,5,0.00596000000000001,0.04600000000000004,0.0772010362624752,0.9922188741912068,calculado,0.0
sinapi_es,Transporte de Materiais dentro do Canteiro de Obras,UN,teste,linear_simples,False,10,5,5,0.003923285329895751,0.04600000000000004,0.06263613437861368,0.9948779233664914,calculado,34.17306493463517
sinapi_es,Transporte de Materiais dentro do Canteiro de Obras,UN,teste,linear_multipla,True,10,5,5,0.0030944121734380325,0.03662261915694216,0.05562744083128427,0.9959600653648016,calculado,48.080332660435786
sinapi_es,Transporte de Materiais dentro do Canteiro de Obras,UNXKM,validacao,persistencia,False,18,18,0,12.33735555555552,2.0911111111111085,3.512457196259553,0.9907616860180801,calculado,0.0
sinapi_es,Transporte de Materiais dentro do Canteiro de Obras,UNXKM,validacao,linear_simples,False,18,18,0,10.298098060760541,1.903544346971643,3.2090649823212587,0.992288698913353,calculado,16.52912964704742
sinapi_es,Transporte de Materiais dentro do Canteiro de Obras,UNXKM,validacao,linear_multipla,True,18,18,0,9.621435897468034,1.8412741556950958,3.1018439511793683,0.9927953891433647,calculado,22.0137909283526
sinapi_es,Transporte de Materiais dentro do Canteiro de Obras,UNXKM,teste,persistencia,False,36,18,18,11.10590833333334,1.6019444444444448,3.3325528252877463,0.99217788311805,calculado,0.0
sinapi_es,Transporte de Materiais dentro do Canteiro de Obras,UNXKM,teste,linear_simples,False,36,18,18,9.023521386562898,1.5930548988597317,3.0039176730667734,0.9936445505532742,calculado,18.75026233127059
sinapi_es,Transporte de Materiais dentro do Canteiro de Obras,UNXKM,teste,linear_multipla,True,36,18,18,8.23124008293323,1.4081219972997037,2.869013782283597,0.9942025703724883,calculado,25.88413449958041
sinapi_es,"Transporte, Carga e Descarga de Materiais",M3,validacao,persistencia,False,20,20,0,0.07451500000000005,0.24449999999999994,0.27297435777010276,0.995190428672287,calculado,0.0
sinapi_es,"Transporte, Carga e Descarga de Materiais",M3,validacao,linear_simples,True,20,20,0,0.10141524211091535,0.2862774447125009,0.3184575986075938,0.9934541523096058,calculado,-36.100438986667484
sinapi_es,"Transporte, Carga e Descarga de Materiais",M3,validacao,linear_multipla,False,20,20,0,0.1110226791351421,0.30000018156494673,0.33320065896564804,0.9928340402027209,calculado,-48.99373164482591
sinapi_es,"Transporte, Carga e Descarga de Materiais",M3,teste,persistencia,False,22,22,0,0.003259090909090904,0.04681818181818183,0.05708844812298636,0.9998974282944186,calculado,0.0
sinapi_es,"Transporte, Carga e Descarga de Materiais",M3,teste,linear_simples,True,22,22,0,0.0018179697278789299,0.0341426406112038,0.0426376562193436,0.9999427839661779,calculado,44.21850207344976
sinapi_es,"Transporte, Carga e Descarga de Materiais",M3,teste,linear_multipla,False,22,22,0,0.0031098086619189337,0.04462274640540906,0.05576565844602692,0.9999021265784287,calculado,4.580487360925184
sinapi_es,"Transporte, Carga e Descarga de Materiais",M3XKM,validacao,persistencia,False,30,30,0,0.017659999999999995,0.10266666666666667,0.1328909327230417,0.9976846456491033,calculado,0.0
sinapi_es,"Transporte, Carga e Descarga de Materiais",M3XKM,validacao,linear_simples,True,30,30,0,0.023492262159309163,0.11943592245500723,0.15327185703614726,0.9969199936917915,calculado,-33.02526704025577
sinapi_es,"Transporte, Carga e Descarga de Materiais",M3XKM,validacao,linear_multipla,False,30,30,0,0.025472380571604482,0.12474113182459669,0.1596006910123026,0.9966603857766614,calculado,-44.23771558099937
sinapi_es,"Transporte, Carga e Descarga de Materiais",M3XKM,teste,persistencia,False,35,35,0,0.0005571428571428564,0.018571428571428582,0.023603873774083278,0.9999294977754146,calculado,0.0
sinapi_es,"Transporte, Carga e Descarga de Materiais",M3XKM,teste,linear_simples,True,35,35,0,0.0003825598303411663,0.015102312365739454,0.01955913674836306,0.9999515899401199,calculado,31.335415066970064
sinapi_es,"Transporte, Carga e Descarga de Materiais",M3XKM,teste,linear_multipla,False,35,35,0,0.00093993936118106,0.02390466444581034,0.03065843050746499,0.999881057766264,calculado,-68.70706482736996
sinapi_es,"Transporte, Carga e Descarga de Materiais",T,validacao,persistencia,False,52,52,0,26.70882500000006,2.235192307692309,5.1680581459577315,0.9975033166692416,calculado,0.0
sinapi_es,"Transporte, Carga e Descarga de Materiais",T,validacao,linear_simples,True,52,52,0,27.6746658905852,2.315223050779548,5.260671619725489,0.9974130319468066,calculado,-3.6161863750469587
sinapi_es,"Transporte, Carga e Descarga de Materiais",T,validacao,linear_multipla,False,52,52,0,28.66811288841623,2.3785157643991552,5.354261189782978,0.9973201666650326,calculado,-7.335732247360799
sinapi_es,"Transporte, Carga e Descarga de Materiais",T,teste,persistencia,False,104,104,0,0.3699317307692403,0.3345192307692329,0.6082201334790228,0.9999848889778197,calculado,0.0
sinapi_es,"Transporte, Carga e Descarga de Materiais",T,teste,linear_simples,True,104,104,0,2.0725738877104685,0.7311163093665619,1.4396436669226411,0.9999153392169892,calculado,-460.2584788822344
sinapi_es,"Transporte, Carga e Descarga de Materiais",T,teste,linear_multipla,False,104,104,0,0.10200337374150514,0.2448420048257996,0.31937967020695784,0.9999958333521705,calculado,72.4264329719978
sinapi_es,"Transporte, Carga e Descarga de Materiais",TXKM,validacao,persistencia,False,38,38,0,0.007194736842105233,0.06473684210526308,0.08482179461733425,0.9978744109808323,calculado,0.0
sinapi_es,"Transporte, Carga e Descarga de Materiais",TXKM,validacao,linear_simples,True,38,38,0,0.009559679703443194,0.07538338335366011,0.09777361455650084,0.997175720161788,calculado,-32.87045674134708
sinapi_es,"Transporte, Carga e Descarga de Materiais",TXKM,validacao,linear_multipla,False,38,38,0,0.010443723050951644,0.07905855340909668,0.1021945353282241,0.9969145413482787,calculado,-45.15781855748506
sinapi_es,"Transporte, Carga e Descarga de Materiais",TXKM,teste,persistencia,False,48,48,0,0.00023541666666666814,0.01229166666666671,0.015343293866268355,0.9999362278183122,calculado,0.0
sinapi_es,"Transporte, Carga e Descarga de Materiais",TXKM,teste,linear_simples,True,48,48,0,0.00016311382934436314,0.010293646795160776,0.012771602457967565,0.9999558139833172,calculado,30.71270965903202
sinapi_es,"Transporte, Carga e Descarga de Materiais",TXKM,teste,linear_multipla,False,48,48,0,0.0003233459838156651,0.014281755283340143,0.01798182370661177,0.9999124085855097,calculado,-37.3505063995737
sinapi_es,Tubulação Flangeada para Redes de Água,M,validacao,persistencia,False,16,16,0,24.06690000000003,4.1575000000000015,4.90580268661511,0.9908739898736836,calculado,0.0
sinapi_es,Tubulação Flangeada para Redes de Água,M,validacao,linear_simples,True,16,16,0,24.84671249530249,4.222462780589682,4.984647680157796,0.9905782901064198,calculado,-3.240186709972871
sinapi_es,Tubulação Flangeada para Redes de Água,M,validacao,linear_multipla,False,16,16,0,25.47417066579258,4.277439436994236,5.0471943360437965,0.9903403620966749,calculado,-5.84732834637012
sinapi_es,Tubulação Flangeada para Redes de Água,M,teste,persistencia,False,48,16,0,1.6623083333333302,0.8483333333333313,1.2893053685350613,0.9994011304421335,calculado,0.0
sinapi_es,Tubulação Flangeada para Redes de Água,M,teste,linear_simples,True,48,16,0,1.0522704215783107,0.70767152285371,1.0258023306555268,0.9996209050333864,calculado,36.69824060448196
sinapi_es,Tubulação Flangeada para Redes de Água,M,teste,linear_multipla,False,48,16,0,0.8608645902215115,0.7593642202597594,0.927827888253803,0.9996898616302458,calculado,48.21270079929938
sinapi_es,Tubulação Flangeada para Redes de Água,UN,validacao,persistencia,False,48,48,0,650.1490687500004,19.494791666666668,25.498020879080016,0.9941487007104908,calculado,0.0
sinapi_es,Tubulação Flangeada para Redes de Água,UN,validacao,linear_simples,True,48,48,0,676.1821844952502,19.88384554784425,26.003503311962607,0.993914404363721,calculado,-4.004176426077483
sinapi_es,Tubulação Flangeada para Redes de Água,UN,validacao,linear_multipla,False,48,48,0,699.0292008910538,20.235465565829358,26.43916036660495,0.9937087827036589,calculado,-7.518296109387973
sinapi_es,Tubulação Flangeada para Redes de Água,UN,teste,persistencia,False,144,48,0,54.91357500000008,4.45444444444445,7.410369423989608,0.9995319798990964,calculado,0.0
sinapi_es,Tubulação Flangeada para Redes de Água,UN,teste,linear_simples,True,144,48,0,36.41146449414741,3.821451440669554,6.034191287500539,0.9996896705908038,calculado,33.69314510274125
sinapi_es,Tubulação Flangeada para Redes de Água,UN,teste,linear_multipla,False,144,48,0,30.229393619427793,4.102124117861753,5.498126373541062,0.9997423594466027,calculado,44.950964093254264
sinapi_es,Tubulões,M3,validacao,persistencia,False,18,18,0,1541.8321666666675,33.76000000000001,39.26617076653474,0.9676044120209033,calculado,0.0
sinapi_es,Tubulões,M3,validacao,linear_simples,True,18,18,0,1253.8796715544245,30.046926444235567,35.4101633935008,0.9736546103439648,calculado,18.67599478967779
sinapi_es,Tubulões,M3,validacao,linear_multipla,False,18,18,0,1372.7510014282782,30.608218963573343,37.0506545344111,0.9711569930880958,calculado,10.96624969265824
sinapi_es,Tubulões,M3,teste,persistencia,False,8,8,0,468.1876874999994,21.49624999999999,21.63764514682685,0.8594169525093655,calculado,0.0
sinapi_es,Tubulões,M3,teste,linear_simples,True,8,8,0,744.8417283090948,27.089751562354976,27.291788660860885,0.776345848343387,calculado,-59.090413566054266
sinapi_es,Tubulões,M3,teste,linear_multipla,False,8,8,0,630.323587753071,24.811522928401402,25.106245990849988,0.8107322912639447,calculado,-34.63053484358702
sinapi_es,Usinagens,M3,validacao,persistencia,False,16,16,0,6.6269687499999765,2.244374999999994,2.574289950646581,0.9992060159587067,calculado,0.0
sinapi_es,Usinagens,M3,validacao,linear_simples,False,16,16,0,3.0235176873512097,1.5320200320841688,1.738826525951111,0.9996377491907857,calculado,54.37555537965649
sinapi_es,Usinagens,M3,validacao,linear_multipla,True,16,16,0,0.8826454949330329,0.7647513587996579,0.9394921473503826,0.9998942493221963,calculado,86.6810071356827
sinapi_es,Usinagens,M3,teste,persistencia,False,48,16,0,8.572252083333344,2.0718750000000004,2.9278408569000716,0.9990792328538471,calculado,0.0
sinapi_es,Usinagens,M3,teste,linear_simples,False,48,16,0,4.244303088707208,1.6943251707984726,2.0601706455309006,0.9995441087354401,calculado,50.48788757671719
sinapi_es,Usinagens,M3,teste,linear_multipla,True,48,16,0,33.466420764073575,4.615623065958324,5.785016919947044,0.9964052876141148,calculado,-290.4040669678961
sinapi_es,"Vergas, contravergas e fixação de alvenaria",M,validacao,persistencia,False,30,30,0,4.599196666666669,1.8943333333333334,2.144573772726569,0.9887817251140739,calculado,0.0
sinapi_es,"Vergas, contravergas e fixação de alvenaria",M,validacao,linear_simples,False,30,30,0,4.113654650115196,1.7894616523566493,2.028214645967038,0.9899660501614934,calculado,10.557104897698931
sinapi_es,"Vergas, contravergas e fixação de alvenaria",M,validacao,linear_multipla,True,30,30,0,4.09886977486578,1.7847313874351651,2.0245665646912627,0.9900021131539511,calculado,10.87857136936715
sinapi_es,"Vergas, contravergas e fixação de alvenaria",M,teste,persistencia,False,90,30,0,0.7988711111111105,0.7582222222222221,0.8937959001422587,0.998127303921566,calculado,0.0
sinapi_es,"Vergas, contravergas e fixação de alvenaria",M,teste,linear_simples,False,90,30,0,0.7445728828451141,0.673232984129643,0.8628863672843106,0.9982545886333617,calculado,6.796869671563873
sinapi_es,"Vergas, contravergas e fixação de alvenaria",M,teste,linear_multipla,True,90,30,0,0.8338620203868358,0.7778499573203527,0.9131604570867246,0.9980452790020639,calculado,-4.380044388769811
sinapi_es,Vidros e Espelhos,M2,validacao,persistencia,False,28,28,0,152.42557499999995,11.100357142857144,12.346075287312967,0.9922757170523444,calculado,0.0
sinapi_es,Vidros e Espelhos,M2,validacao,linear_simples,True,28,28,0,160.73179986591165,11.472716477553499,12.678004569565024,0.9918547927350757,calculado,-5.44936429855141
sinapi_es,Vidros e Espelhos,M2,validacao,linear_multipla,False,28,28,0,163.76406525995245,11.713300900573406,12.797033455451793,0.9917011303600054,calculado,-7.438705912674101
sinapi_es,Vidros e Espelhos,M2,teste,persistencia,False,84,28,0,197.3134988095238,10.436071428571427,14.046832340763657,0.9894404695918374,calculado,0.0
sinapi_es,Vidros e Espelhos,M2,teste,linear_simples,True,84,28,0,208.62431473772813,10.898122184748749,14.443833104052683,0.9888351541650895,calculado,-5.732408576426495
sinapi_es,Vidros e Espelhos,M2,teste,linear_multipla,False,84,28,0,218.00832292750096,11.731967503754463,14.765104907432963,0.9883329547695682,calculado,-10.488296159582509
sinapi_es,Vidros e Espelhos,UN,validacao,persistencia,False,9,9,0,208.9215555555536,13.217777777777712,14.454118982336958,0.9998005267952339,calculado,0.0
sinapi_es,Vidros e Espelhos,UN,validacao,linear_simples,True,9,9,0,44.06009515206637,6.2100886600979255,6.637777877578186,0.9999579324959604,calculado,78.9106992646575
sinapi_es,Vidros e Espelhos,UN,validacao,linear_multipla,False,9,9,0,810.9662184876513,24.488467876784267,28.477468610950154,0.9992257092374761,calculado,-288.1678060127262
sinapi_es,Vidros e Espelhos,UN,teste,persistencia,False,27,9,0,9106.988862962975,77.87296296296299,95.4305447064145,0.9922282021928696,calculado,0.0
sinapi_es,Vidros e Espelhos,UN,teste,linear_simples,True,27,9,0,8950.723326334271,75.34498927326659,94.6082624633508,0.992361557374607,calculado,1.715885886983091
sinapi_es,Vidros e Espelhos,UN,teste,linear_multipla,False,27,9,0,9695.805604720379,79.1475259885225,98.46728189972738,0.9917257128705204,calculado,-6.465548060040468
sinapi_es,Válvulas e Registros para Sistemas Prediais,UN,validacao,persistencia,False,84,84,0,58.639140476190526,5.434285714285715,7.657619765709873,0.99838502955179,calculado,0.0
sinapi_es,Válvulas e Registros para Sistemas Prediais,UN,validacao,linear_simples,True,84,84,0,55.04285895768255,5.208610376274288,7.419087474729123,0.9984840741204632,calculado,6.132902851753413
sinapi_es,Válvulas e Registros para Sistemas Prediais,UN,validacao,linear_multipla,False,84,84,0,59.47873619654187,5.489621298492581,7.712245859445993,0.998361906390949,calculado,-1.431800864632804
sinapi_es,Válvulas e Registros para Sistemas Prediais,UN,teste,persistencia,False,252,84,0,12.744076587301585,1.6388492063492057,3.5698846742299093,0.9996620198284021,calculado,0.0
sinapi_es,Válvulas e Registros para Sistemas Prediais,UN,teste,linear_simples,True,252,84,0,10.715963117898697,1.9497389281259208,3.2735245711463197,0.999715806553059,calculado,15.914165734249702
sinapi_es,Válvulas e Registros para Sistemas Prediais,UN,teste,linear_multipla,False,252,84,0,10.518281656373599,1.9888135321035214,3.2431900432095557,0.9997210491780409,calculado,17.46532921142208
